192	1.20
	0.000000	0.000000	0.000000
zein_blocked.pdb	-3.799501	-6.831500	-12.378501
beta_casein_frag.pdb	2.286500	-12.654000	-8.795500
-0.785398	1.301460	-0.509251	169	15	40	1045.88
-2.617994	1.413430	2.550734	169	20	30	981.35
-1.047198	1.998705	2.370472	182	32	43	978.87
-0.785398	2.164094	-2.991358	182	37	33	959.56
-0.523599	1.413347	-1.339188	174	8	42	951.81
2.356194	0.929350	-2.910676	172	26	38	945.61
-1.047198	1.869911	2.701025	184	36	38	943.85
-2.094395	1.301460	-0.509251	172	29	39	932.56
-0.523599	1.433411	-1.035986	172	9	41	931.08
-2.879793	2.343981	-1.040456	177	9	34	930.36
-2.879793	0.080730	-2.622036	174	11	42	928.17
0.785398	2.174483	2.653697	190	27	28	925.01
-2.094395	2.984978	1.954446	177	27	38	904.44
-1.047198	1.699788	2.452890	185	35	40	902.16
-1.047198	0.080730	-2.622036	179	15	43	901.41
-0.785398	0.458961	-0.107937	172	15	44	900.54
-3.141593	0.080730	-2.622036	172	13	42	892.26
-2.617994	1.218453	2.777284	169	19	34	890.18
-0.523599	1.721184	-0.153948	170	14	33	885.99
-1.047198	2.033014	2.977192	184	36	36	881.29
1.832596	1.218453	2.777284	185	15	33	871.31
-1.308997	1.247695	1.809890	169	15	36	870.81
-2.094395	0.866955	-0.931351	174	23	43	870.72
-2.617994	1.574060	2.783565	169	20	32	869.74
-3.141593	1.606104	-0.451151	167	6	31	864.48
-2.879793	2.979456	-1.009304	186	29	31	854.39
0.261799	1.872854	1.543456	174	20	45	852.02
-3.141593	2.356369	3.005869	168	17	31	851.87
-0.261799	0.906588	1.252948	179	7	40	850.18
-0.785398	2.033014	2.977192	178	30	34	845.33
-0.261799	0.290380	-0.796960	176	16	45	844.46
-0.523599	1.756530	-2.105156	178	7	40	842.36
2.356194	1.554776	0.100351	162	18	36	841.80
-0.523599	1.310100	1.488307	175	6	35	840.66
-0.785398	1.909857	-0.381669	167	13	30	840.41
-2.094395	0.914445	2.687814	166	17	38	840.36
-3.141593	1.247695	1.809890	184	24	37	839.80
2.617994	2.760637	2.781135	169	21	30	838.92
-1.570796	0.618092	2.539118	170	9	37	838.20
-0.785398	2.041297	-2.664597	185	37	29	835.15
-0.785398	2.349581	-2.702517	185	36	33	834.50
0.000000	1.128190	-2.288622	187	15	45	833.26
-1.570796	0.850607	-1.335383	172	17	42	830.60
-1.047198	2.349581	-2.702517	179	5	35	829.50
-0.523599	0.458961	-0.107937	172	14	45	829.16
-1.832596	1.413347	-1.339188	167	21	36	828.10
-2.356194	2.984978	1.954446	180	28	39	827.01
-0.261799	1.545873	-1.877082	180	10	43	826.96
-1.308997	1.998705	2.370472	185	32	43	824.87
1.308997	1.256302	0.062705	182	5	32	821.96
-0.785398	0.700570	1.559208	176	12	42	820.42
-1.832596	0.850607	-1.335383	172	19	42	819.98
0.261799	1.904882	-1.478089	180	4	35	819.53
-2.094395	0.419640	2.974122	171	12	41	819.35
2.617994	1.050534	3.042579	173	27	35	819.06
0.261799	1.998705	2.370472	166	19	39	816.70
1.570796	2.379497	0.561089	184	21	42	814.29
1.047198	2.356369	3.005869	189	26	30	812.44
-0.785398	2.033014	2.977192	180	37	36	812.40
0.261799	0.080730	-2.622036	184	17	46	811.88
1.832596	1.128190	-2.288622	176	24	44	810.84
2.094395	2.104282	-0.813972	1	11	40	810.53
2.617994	2.174483	2.653697	169	21	27	808.46
1.308997	2.979456	-1.009304	174	28	36	808.17
0.000000	1.977582	0.969896	183	20	47	806.87
-1.047198	2.174483	2.653697	181	34	41	806.87
-0.261799	2.588535	-2.976617	173	25	30	806.70
0.000000	2.456751	-1.503343	187	24	32	806.55
-0.785398	2.356369	3.005869	177	29	35	805.83
-1.832596	0.618092	2.539118	168	12	38	804.22
0.000000	1.504028	0.636812	183	14	37	802.77
-2.617994	2.356369	3.005869	170	9	30	802.18
1.308997	0.961715	0.014085	181	5	34	801.71
0.261799	1.448123	-2.163292	187	12	44	800.64
-2.617994	1.998705	2.370472	0	18	38	800.40
-1.047198	1.569311	-3.003978	174	6	36	800.28
-0.523599	2.115563	0.685730	186	15	45	798.48
0.523599	2.089241	-0.114193	191	29	41	796.15
-1.047198	1.766067	2.153843	185	32	44	794.91
-2.094395	1.699788	2.452890	171	24	31	794.81
1.570796	0.762244	-0.273349	182	7	37	794.26
2.094395	2.174483	2.653697	173	26	26	794.15
2.879793	0.700570	1.559208	183	19	39	794.11
-1.832596	0.615174	-0.666022	176	21	45	792.86
0.523599	1.555207	1.708892	169	21	41	792.70
0.261799	2.299159	2.264663	168	15	41	792.13
-0.523599	1.440580	2.260026	176	11	35	791.78
0.785398	1.194549	-0.801900	173	11	42	791.69
-1.308997	1.450119	-2.739050	168	6	35	790.92
2.617994	0.418037	1.360082	190	28	46	790.88
2.094395	0.929350	-2.910676	173	28	38	790.61
0.000000	2.138223	1.678323	173	18	45	790.53
-1.047198	0.906588	1.252948	166	9	34	789.83
1.832596	2.180315	-1.357379	0	16	43	788.63
1.047198	0.290380	-0.796960	175	12	44	787.42
-1.047198	1.014500	0.906702	165	11	34	787.37
-1.570796	0.866955	-0.931351	172	18	42	786.97
-2.094395	0.379747	-1.713059	175	18	41	786.81
1.047198	2.115563	0.685730	183	20	43	785.91
2.879793	1.836682	-0.676006	165	10	31	785.52
0.000000	1.617114	-1.572037	178	9	42	783.31
-2.356194	0.733948	3.021411	169	18	42	783.17
-0.523599	2.180315	-1.357379	170	9	35	782.75
-0.523599	0.910508	1.903534	181	28	36	782.67
-1.047198	0.709924	0.218797	168	15	41	782.25
-1.047198	2.073035	2.027405	181	28	47	781.68
0.000000	1.374601	-2.456031	188	12	43	781.66
-2.356194	0.762244	-0.273349	177	26	43	781.52
-1.047198	0.591903	2.010408	176	16	44	781.11
1.832596	2.180315	-1.357379	0	17	43	781.04
2.879793	2.760637	2.781135	168	17	29	780.96
0.000000	1.599406	1.426070	179	16	38	780.61
0.000000	1.545873	-1.877082	182	10	43	780.05
-0.261799	2.108018	1.311430	179	18	47	779.72
-2.094395	1.194549	-0.801900	172	27	41	779.56
-3.141593	2.588535	-2.976617	170	22	35	779.28
-1.308997	0.571433	-1.188419	176	16	45	778.89
2.356194	0.379747	-1.713059	177	14	45	778.75
-0.523599	2.247462	0.191623	186	13	38	778.63
-2.094395	0.618092	2.539118	168	16	40	778.59
0.000000	1.448123	-2.163292	185	11	43	778.20
-0.523599	1.982574	-1.115518	171	5	32	778.19
-1.047198	0.674054	1.013609	167	11	38	777.78
1.570796	1.134497	-1.109631	178	10	44	777.31
0.261799	1.504028	0.636812	183	14	36	776.78
-0.261799	2.295480	1.008277	182	14	47	776.16
-2.356194	2.637879	2.121598	184	26	40	775.89
1.047198	1.433411	-1.035986	176	10	42	775.72
0.523599	1.506530	1.988858	166	20	38	775.07
-3.141593	0.906588	1.252948	183	26	41	774.43
-1.570796	1.134497	-1.109631	169	18	40	774.04
1.308997	1.256302	0.062705	182	6	33	773.30
-1.570796	1.301460	-0.509251	168	26	40	773.19
-0.523599	1.732874	-0.951685	171	7	36	772.90
-2.356194	0.419640	2.974122	170	15	42	772.75
0.261799	2.180315	-1.357379	186	25	31	772.64
-1.832596	0.864993	2.278281	165	15	36	772.31
-0.523599	2.588535	-2.976617	175	28	33	771.84
-0.523599	1.433411	-1.035986	173	9	41	770.89
1.570796	1.135834	-1.431087	177	14	44	770.67
-1.832596	1.194549	-0.801900	170	24	41	770.65
-1.308997	2.760637	2.781135	179	28	36	770.10
1.047198	1.194549	-0.801900	175	9	42	769.98
1.832596	0.866395	-2.492918	174	25	41	769.46
-2.094395	0.618092	2.539118	167	16	39	769.41
2.617994	0.203748	0.590255	179	17	40	768.87
-0.785398	1.606104	-0.451151	167	13	35	768.28
2.617994	1.218453	2.777284	173	28	32	768.08
-1.308997	0.571433	-1.188419	176	15	44	767.81
-3.141593	0.370812	-2.547742	173	16	44	767.01
2.879793	1.247695	1.809890	184	23	37	766.46
0.785398	2.174483	2.653697	189	27	28	766.04
0.785398	0.290380	-0.796960	174	13	43	764.45
-1.308997	2.033014	2.977192	188	35	36	763.37
-1.570796	1.391910	3.030322	185	28	30	762.62
0.261799	1.766067	2.153843	167	22	42	762.40
-2.356194	1.413430	2.550734	169	15	30	761.65
1.570796	1.214854	-1.966664	178	22	46	761.34
-1.832596	0.864993	2.278281	165	15	37	761.24
-0.785398	1.510910	-0.740472	169	13	39	761.12
-0.785398	1.606104	-0.451151	167	14	35	760.75
2.094395	1.998705	2.370472	173	25	23	760.08
-0.523599	1.510910	-0.740472	170	9	38	759.65
-0.523599	1.168678	2.108595	178	26	36	759.52
-2.879793	1.413430	2.550734	169	23	30	759.15
-3.141593	0.080730	-2.622036	173	13	43	759.13
-0.785398	1.184361	0.625864	166	8	32	758.91
0.785398	2.455966	-0.641220	180	37	37	758.64
1.832596	1.904882	-1.478089	189	17	45	757.94
2.356194	1.721184	-0.153948	162	19	35	757.89
0.523599	1.699788	2.452890	163	19	38	757.85
2.356194	1.606104	-0.451151	162	19	29	757.16
2.356194	1.504028	0.636812	164	14	42	756.58
2.879793	0.910508	1.903534	186	6	37	756.48
-0.523599	1.836682	-0.676006	169	8	33	756.27
-2.356194	1.256302	0.062705	177	35	38	754.57
-2.879793	0.929350	-2.910676	171	15	39	754.54
1.570796	2.180315	-1.357379	191	14	43	754.48
-1.832596	0.899350	-2.069907	172	16	46	754.36
0.261799	1.756530	-2.105156	187	8	41	754.09
2.094395	1.732874	-0.951685	190	11	43	754.04
-1.047198	2.588535	-2.976617	185	34	38	754.03
2.094395	1.510910	-0.740472	164	23	24	753.99
1.570796	1.904882	-1.478089	188	16	45	753.45
-1.047198	1.606104	-0.451151	167	17	36	753.43
-0.785398	1.869911	2.701025	177	29	36	753.32
-1.832596	1.433411	-1.035986	168	23	38	753.30
-0.523599	1.413430	2.550734	175	11	35	753.20
-1.308997	2.174483	2.653697	185	33	41	752.86
2.094395	1.433411	-1.035986	186	10	44	752.74
2.094395	2.343981	-1.040456	3	16	41	751.59
1.832596	1.982574	-1.115518	190	12	43	751.49
1.047198	2.115563	0.685730	182	20	42	751.35
2.879793	2.356369	3.005869	169	21	33	750.22
0.785398	2.033014	2.977192	162	14	35	749.85
1.047198	1.367556	0.358405	177	23	35	749.79
-3.141593	0.619654	-2.216909	174	11	42	749.64
2.879793	0.910508	1.903534	185	21	39	749.42
-2.356194	2.299159	2.264663	188	24	41	749.25
-3.141593	1.909857	-0.381669	167	7	36	749.18
-2.617994	1.554776	0.100351	177	1	39	749.13
1.047198	1.977582	0.969896	179	17	39	748.95
-3.141593	0.700570	1.559208	185	5	36	748.68
0.523599	1.417623	-0.202254	189	33	35	748.24
-0.785398	1.433411	-1.035986	170	12	41	747.26
2.356194	2.041297	-2.664597	184	17	28	747.17
0.000000	1.488617	1.159546	181	18	39	747.15
1.308997	1.756530	-2.105156	187	25	46	746.01
-0.523599	1.247695	1.809890	180	25	38	745.19
0.000000	1.846342	-1.796954	181	6	40	744.89
-2.356194	0.419640	2.974122	172	15	44	744.63
1.570796	1.683268	0.374177	184	7	28	744.18
2.617994	0.910508	1.903534	188	24	41	743.83
-0.785398	1.134796	2.434290	174	14	38	743.31
0.523599	2.478122	2.609777	190	25	28	743.10
-1.308997	1.025536	1.576859	165	11	33	742.90
-0.523599	0.379747	-1.713059	181	13	46	741.65
-0.523599	1.812176	0.656819	188	19	44	741.58
1.308997	0.961715	0.014085	182	5	35	741.26
1.047198	2.724429	-0.348782	185	19	31	740.79
2.094395	1.606104	-0.451151	163	24	30	740.28
0.000000	1.982574	-1.115518	173	6	36	739.97
-0.523599	1.135834	-1.431087	177	11	46	739.78
-1.047198	0.685216	-1.712745	176	12	44	739.48
-0.785398	1.135834	-1.431087	174	13	46	739.13
-2.356194	1.301460	-0.509251	175	31	39	739.10
-2.356194	0.709924	0.218797	177	26	44	738.87
0.785398	1.736875	3.023612	190	26	33	738.80
-0.523599	2.724429	-0.348782	170	24	33	738.75
0.000000	2.073035	2.027405	170	20	44	738.01
-1.832596	1.413430	2.550734	164	14	30	737.53
0.261799	1.683268	0.374177	185	13	36	737.45
0.785398	2.478122	2.609777	188	27	28	737.43
-1.570796	0.290380	-0.796960	179	18	46	736.77
-2.617994	0.290380	-0.796960	178	18	42	736.76
-1.308997	1.025536	1.576859	167	13	37	735.76
0.523599	2.001437	0.381215	187	25	45	735.72
0.000000	0.290380	-0.796960	176	16	47	735.46
2.879793	1.606104	-0.451151	164	10	31	735.08
-1.047198	1.417623	-0.202254	167	19	37	734.97
-0.261799	1.977582	0.969896	184	19	47	734.72
-2.094395	1.301460	-0.509251	172	30	39	733.80
-1.047198	1.433411	-1.035986	168	15	41	733.59
-2.879793	1.574060	2.783565	169	23	32	733.53
-0.261799	1.506530	1.988858	178	8	35	733.41
1.570796	1.325504	-1.671296	180	19	47	733.35
-1.832596	1.310100	1.488307	170	21	37	733.24
-2.094395	0.850607	-1.335383	174	21	43	732.84
-1.570796	1.247695	1.809890	164	14	30	732.57
2.617994	0.864993	2.278281	187	5	34	732.54
-1.308997	1.433411	-1.035986	167	19	41	732.53
0.523599	1.977582	0.969896	181	19	44	732.29
-1.308997	1.869911	2.701025	187	35	38	732.25
-0.785398	2.247462	0.191623	185	12	39	731.50
1.832596	2.180315	-1.357379	1	17	43	731.35
-0.785398	1.836682	-0.676006	167	11	33	729.78
-1.047198	1.766067	2.153843	184	32	44	729.52
-1.308997	2.138223	1.678323	182	22	48	729.44
-2.356194	0.960688	-0.577532	175	27	42	728.98
-2.356194	2.579248	-2.364801	171	20	39	728.84
2.879793	2.104282	-0.813972	166	9	33	728.78
0.000000	1.195355	1.200319	181	20	39	728.69
0.785398	2.180315	-1.357379	171	35	27	728.35
-1.570796	1.135813	-2.658866	168	10	40	728.21
1.047198	2.063651	-2.044600	191	21	45	727.99
-0.523599	1.184361	0.625864	169	4	32	727.42
-1.570796	1.374601	-2.456031	166	11	38	727.38
-1.570796	0.864993	2.278281	166	11	37	727.19
-0.785398	1.766067	2.153843	181	32	44	726.96
2.094395	2.356369	3.005869	175	28	31	726.85
-1.832596	0.899350	-2.069907	171	16	45	726.81
-1.832596	1.134497	-1.109631	171	23	42	726.44
2.879793	0.866955	-0.931351	187	18	45	726.37
-0.785398	0.379747	-1.713059	180	14	45	726.04
-2.094395	0.419640	2.974122	172	13	44	725.76
-2.356194	2.299159	2.264663	188	23	40	725.74
1.308997	2.478122	2.609777	182	30	29	725.63
-0.523599	1.977582	0.969896	185	18	48	725.60
1.832596	2.299159	2.264663	173	24	23	725.47
-2.879793	0.290380	-0.796960	178	19	42	725.27
2.617994	1.683268	0.374177	165	13	42	725.23
-1.308997	1.836682	-0.676006	175	26	40	724.89
-1.308997	1.310100	1.488307	166	13	33	724.47
-2.879793	1.554776	0.100351	172	3	39	724.44
0.000000	1.904882	-1.478089	177	6	39	723.79
1.308997	2.115563	0.685730	182	20	43	723.48
-2.356194	0.370812	-2.547742	175	9	40	723.21
-2.094395	1.135834	-1.431087	170	22	38	723.18
0.261799	1.977582	0.969896	182	19	45	723.01
0.000000	2.637879	2.121598	189	26	27	722.77
1.832596	0.618092	2.539118	188	17	41	722.40
-0.785398	1.736875	3.023612	178	31	32	722.28
-0.785398	0.709924	0.218797	168	12	41	722.11
0.785398	1.809167	1.213774	177	18	41	721.95
-0.261799	0.290380	-0.796960	175	16	44	721.78
1.832596	1.218453	2.777284	184	15	32	721.31
-2.879793	0.290380	-0.796960	179	19	43	721.06
-3.141593	0.618092	2.539118	174	25	40	720.99
-0.261799	2.063651	-2.044600	182	9	41	720.69
-2.879793	0.496451	0.593859	178	17	38	720.67
-0.785398	2.579248	-2.364801	179	4	36	720.56
-1.047198	1.301460	-0.509251	168	19	40	720.30
-0.523599	1.247695	1.809890	177	11	38	719.59
-2.617994	2.588535	-2.976617	169	13	33	719.59
2.094395	0.866395	-2.492918	172	24	41	719.29
-0.785398	2.033014	2.977192	177	30	34	719.28
-1.308997	0.591903	2.010408	169	9	40	718.97
-2.356194	0.458961	-0.107937	179	23	46	718.13
-2.879793	1.606104	-0.451151	175	10	34	718.00
0.523599	1.875281	0.107086	189	29	42	717.50
2.617994	1.134796	2.434290	173	28	28	717.39
-0.523599	2.251330	-2.330739	182	7	38	717.39
-0.785398	1.812176	0.656819	188	16	44	717.32
-2.356194	0.762244	-0.273349	177	27	43	717.20
-0.261799	0.615174	-0.666022	174	11	43	717.03
-0.785398	1.168678	2.108595	180	27	36	716.92
-1.570796	1.766067	2.153843	184	25	38	716.92
2.094395	2.174483	2.653697	173	27	28	716.88
-1.047198	1.510910	-0.740472	167	16	38	716.86
1.570796	1.413347	-1.339188	181	13	45	716.29
-1.570796	1.128190	-2.288622	169	12	43	715.98
-2.617994	0.615174	-0.666022	176	21	40	715.78
1.047198	1.977582	0.969896	180	18	43	715.74
0.523599	1.440580	2.260026	164	19	34	715.31
-3.141593	0.906588	1.252948	181	21	39	715.29
-1.047198	0.831641	0.616218	166	13	38	715.17
2.356194	1.982574	-1.115518	164	15	28	715.11
-2.879793	1.025536	1.576859	180	18	34	714.63
1.832596	2.664082	-1.071402	4	14	38	714.63
1.308997	1.554776	0.100351	182	5	32	714.54
-0.785398	1.014500	0.906702	167	7	34	714.53
1.570796	1.214854	-1.966664	178	21	46	714.06
-2.094395	0.850607	-1.335383	173	22	44	714.02
-3.141593	2.343981	-1.040456	174	11	34	713.96
-2.356194	0.419640	2.974122	171	15	43	713.70
-1.308997	0.866955	-0.931351	172	16	43	713.61
1.308997	1.256302	0.062705	183	6	33	713.39
2.094395	2.478122	2.609777	171	25	25	713.01
-1.832596	0.379747	-1.713059	175	17	42	712.90
2.356194	0.379747	-1.713059	176	15	45	712.69
1.308997	0.458961	-0.107937	179	7	39	712.68
-2.094395	0.762244	-0.273349	175	24	43	712.51
-2.094395	0.992645	-1.723759	39	175	164	712.38
-3.141593	0.379747	-1.713059	179	11	44	712.07
-2.094395	1.134796	2.434290	164	19	34	711.97
1.570796	2.115563	0.685730	174	27	49	711.68
-1.570796	0.571433	-1.188419	176	17	45	711.54
-0.261799	1.732874	-0.951685	173	15	43	711.45
2.094395	1.218453	2.777284	185	16	33	711.07
-2.356194	0.080730	-2.622036	180	10	47	711.00
1.570796	0.370812	-2.547742	183	21	48	710.83
2.617994	1.836682	-0.676006	163	14	30	710.53
2.617994	0.700570	1.559208	178	5	36	710.32
-3.141593	0.866955	-0.931351	187	19	45	710.24
1.047198	2.187132	-0.479875	175	37	35	710.24
1.308997	1.812176	0.656819	178	19	38	709.69
-1.047198	2.724429	-0.348782	169	26	31	709.52
-1.570796	1.569311	-3.003978	165	9	31	709.16
-0.261799	2.393226	1.857173	173	17	49	708.88
2.356194	1.510910	-0.740472	191	9	41	708.79
0.261799	1.683268	0.374177	184	13	36	708.72
-0.261799	0.906588	1.252948	177	3	38	708.61
0.000000	1.696674	-1.253233	174	8	40	708.54
-2.094395	0.866955	-0.931351	176	25	45	708.40
2.617994	1.195355	1.200319	170	2	40	708.32
-0.261799	1.658653	-2.409879	183	6	39	708.28
0.000000	1.325504	-1.671296	179	13	45	708.04
-0.785398	1.846342	-1.796954	174	10	41	707.91
-2.617994	1.998705	2.370472	191	19	39	707.87
-2.356194	0.866955	-0.931351	175	25	43	707.84
-1.047198	0.591903	2.010408	174	12	44	707.83
-2.617994	0.615174	-0.666022	175	21	39	707.73
-2.617994	0.619654	-2.216909	175	13	43	707.42
-2.094395	2.174483	2.653697	190	25	37	706.86
-0.261799	2.115563	0.685730	185	17	45	706.76
-1.308997	0.864993	2.278281	172	17	41	706.73
2.094395	2.174483	2.653697	172	27	27	706.50
-0.785398	1.836682	-0.676006	169	15	36	706.04
-1.570796	2.979456	-1.009304	168	24	30	705.68
0.261799	1.809167	1.213774	178	22	46	705.56
-1.570796	0.866955	-0.931351	172	19	43	705.53
-0.523599	1.440580	2.260026	175	10	35	705.41
2.356194	1.367556	0.358405	162	15	37	705.41
0.523599	1.301460	-0.509251	170	10	38	705.11
2.094395	0.418037	1.360082	181	17	39	704.64
2.617994	1.256302	0.062705	162	11	29	704.54
1.308997	0.290380	-0.796960	175	11	43	704.46
0.000000	1.756530	-2.105156	184	7	41	704.44
0.523599	2.719179	-1.780644	174	29	31	704.33
-0.523599	1.555207	1.708892	180	22	41	704.33
-0.785398	1.836682	-0.676006	167	12	33	704.22
-1.570796	2.073035	2.027405	185	26	46	703.62
-2.094395	1.113094	-0.272241	173	29	40	703.35
1.570796	0.762244	-0.273349	183	7	39	703.34
-0.785398	2.164094	-2.991358	181	37	34	703.33
-0.785398	1.510910	-0.740472	169	14	38	703.32
-0.523599	2.404280	-0.174044	188	14	38	703.22
2.094395	2.478122	2.609777	172	25	27	703.04
2.356194	2.089241	-0.114193	164	22	41	702.87
-0.523599	2.115563	0.685730	187	15	47	702.81
-1.832596	0.419640	2.974122	172	9	39	702.72
-0.785398	1.433411	-1.035986	169	12	41	702.49
1.308997	2.704512	1.488683	170	20	25	702.41
2.094395	2.299159	2.264663	171	22	23	702.36
-2.356194	0.866955	-0.931351	176	25	44	702.32
-0.785398	0.674054	1.013609	169	8	39	702.11
2.094395	1.836682	-0.676006	163	23	30	702.01
2.094395	2.478122	2.609777	170	25	23	702.00
-1.832596	0.866955	-0.931351	172	20	42	701.63
0.523599	2.349581	-2.702517	163	24	34	701.60
-2.617994	2.180315	-1.357379	179	26	41	701.57
-0.785398	1.658653	-2.409879	177	7	40	701.52
-0.785398	2.356369	3.005869	178	34	38	701.48
-1.570796	0.615174	-0.666022	175	18	44	701.36
-1.832596	1.134497	-1.109631	170	21	40	700.93
1.832596	0.866395	-2.492918	173	25	41	700.64
-2.356194	0.458961	-0.107937	180	24	46	700.50
-0.523599	1.736875	3.023612	175	30	32	700.50
-0.785398	2.579248	-2.364801	189	36	37	700.40
-1.047198	1.721184	-0.153948	166	18	32	700.04
-1.570796	1.391910	3.030322	165	9	32	699.96
2.094395	1.982574	-1.115518	191	15	43	699.94
0.000000	1.904882	-1.478089	176	5	36	699.80
-1.832596	2.579248	-2.364801	171	11	37	699.73
1.832596	2.343981	-1.040456	1	12	40	699.67
1.047198	0.418037	1.360082	182	14	41	699.59
-0.785398	1.310100	1.488307	172	8	36	699.55
-2.617994	0.419640	2.974122	170	18	43	699.31
1.832596	0.297065	2.160177	188	20	46	699.30
2.879793	2.164094	-2.991358	169	22	35	699.18
2.094395	0.640596	-2.797608	172	25	38	699.11
1.570796	1.846342	-1.796954	188	21	46	699.09
-2.094395	0.960688	-0.577532	175	28	44	698.96
0.261799	2.343981	-1.040456	187	24	33	698.84
-0.785398	2.478122	2.609777	174	25	38	698.68
0.000000	1.824694	1.850876	172	23	45	698.44
-0.261799	1.904882	-1.478089	176	11	43	698.22
-2.356194	2.637879	2.121598	183	26	40	697.96
2.356194	1.732874	-0.951685	191	14	43	697.89
2.617994	2.041297	-2.664597	183	13	29	697.37
-0.261799	1.904882	-1.478089	174	7	38	697.28
0.785398	1.869911	2.701025	191	27	30	697.25
0.523599	1.998705	2.370472	191	26	26	697.10
-2.094395	0.080730	-2.622036	181	10	47	696.84
-0.523599	1.732874	-0.951685	171	8	36	696.83
2.879793	0.910508	1.903534	184	21	38	696.74
-1.832596	1.506530	1.988858	169	22	33	696.72
-2.879793	1.721184	-0.153948	171	4	37	696.47
-1.832596	0.733948	3.021411	170	10	38	696.46
2.094395	2.664082	-1.071402	5	17	38	696.27
-0.523599	1.184361	0.625864	179	10	40	696.27
-1.308997	0.496451	0.593859	169	18	43	696.05
-0.523599	2.724429	-0.348782	188	13	38	696.05
-0.523599	2.295480	1.008277	181	14	47	695.93
-0.523599	1.606104	-0.451151	169	10	36	695.92
0.000000	1.872854	1.543456	175	22	46	695.61
1.308997	2.984978	1.954446	169	25	26	695.25
-2.879793	1.909857	-0.381669	181	26	33	694.95
-2.094395	1.134497	-1.109631	171	24	40	694.75
-0.261799	1.812176	0.656819	188	21	44	694.71
0.523599	2.456751	-1.503343	174	36	32	694.58
-0.785398	1.721184	-0.153948	167	14	32	694.31
1.047198	2.478122	2.609777	185	30	29	694.23
-0.785398	2.174483	2.653697	175	27	37	693.53
2.617994	0.864993	2.278281	183	17	35	693.42
1.308997	1.113094	-0.272241	180	8	38	693.18
2.617994	1.606104	-0.451151	164	15	32	693.12
-2.879793	0.370812	-2.547742	176	16	47	693.06
-1.308997	1.301460	-0.509251	167	22	40	693.02
1.570796	1.433411	-1.035986	182	9	44	692.95
-1.047198	1.606104	-0.451151	166	17	35	692.76
-2.879793	0.864993	2.278281	173	26	37	692.72
0.000000	1.335669	0.897240	183	19	39	692.44
2.356194	1.025536	1.576859	175	6	40	692.28
1.308997	1.554776	0.100351	177	23	35	692.12
1.047198	1.869911	2.701025	188	29	30	692.12
0.523599	2.251330	-2.330739	165	29	30	691.92
-0.523599	1.554776	0.100351	169	14	33	691.55
1.308997	1.113094	-0.272241	180	7	38	691.42
1.047198	2.455966	-0.641220	175	36	37	691.36
1.832596	0.203748	0.590255	182	17	43	691.29
-1.832596	2.478122	2.609777	185	28	38	691.07
-2.617994	0.370812	-2.547742	174	12	43	690.94
-0.785398	1.014500	0.906702	167	7	33	690.81
-2.094395	0.379747	-1.713059	176	17	40	690.79
-2.617994	0.914445	2.687814	169	18	35	690.57
1.832596	2.174483	2.653697	175	28	26	690.36
2.879793	0.370812	-2.547742	174	19	46	690.36
-1.832596	0.297065	2.160177	170	14	42	690.07
-1.047198	2.356369	3.005869	180	30	35	690.00
0.261799	1.184361	0.625864	184	20	39	689.78
1.047198	2.033014	2.977192	189	27	31	689.54
-2.617994	2.881233	-2.582574	169	19	34	689.31
-1.570796	0.618092	2.539118	169	9	36	689.30
-0.523599	2.033014	2.977192	175	35	37	689.21
-1.047198	0.910508	1.903534	173	13	41	689.19
-0.523599	1.218453	2.777284	175	30	32	689.16
0.261799	2.138223	1.678323	173	16	45	689.14
0.261799	1.766067	2.153843	167	21	41	688.86
-2.617994	2.984978	1.954446	183	28	40	688.82
2.617994	2.407836	1.410646	45	180	186	688.79
-1.832596	2.396274	-1.959260	174	20	43	688.78
0.523599	2.180315	-1.357379	176	37	28	688.76
2.879793	0.080730	-2.622036	172	15	44	688.63
-2.879793	2.588535	-2.976617	169	18	35	688.50
-1.308997	2.478122	2.609777	178	27	34	688.49
1.832596	1.128190	-2.288622	176	23	44	688.47
-0.785398	1.510910	-0.740472	168	13	39	688.14
-2.356194	2.349581	-2.702517	172	15	40	687.93
2.617994	1.025536	1.576859	185	21	39	687.25
-1.570796	1.510910	-0.740472	167	24	39	687.18
2.094395	1.554776	0.100351	162	23	36	687.16
-2.356194	0.961715	0.014085	175	28	42	687.07
2.094395	2.343981	-1.040456	3	15	41	686.93
-2.094395	0.615174	-0.666022	176	22	45	686.91
1.832596	1.433411	-1.035986	184	9	44	686.82
-0.261799	0.906588	1.252948	184	26	38	686.60
2.356194	2.760637	2.781135	170	24	30	686.40
-2.879793	1.766067	2.153843	172	22	25	686.17
1.308997	2.247462	0.191623	184	19	32	686.15
-2.356194	0.571433	-1.188419	174	20	39	685.97
2.356194	2.001437	0.381215	167	21	46	685.92
0.785398	0.290380	-0.796960	173	14	44	685.77
-2.356194	0.762244	-0.273349	178	28	44	685.74
1.047198	1.998705	2.370472	186	30	27	685.63
1.047198	2.247462	0.191623	185	24	42	685.58
0.785398	2.001437	0.381215	185	26	45	685.56
2.617994	1.606104	-0.451151	163	15	31	685.54
1.570796	1.448123	-2.163292	181	24	46	685.52
-0.261799	2.349581	-2.702517	174	36	35	685.51
-1.047198	2.164094	-2.991358	187	37	34	685.41
-1.308997	2.073035	2.027405	183	27	46	685.33
-1.832596	2.881233	-2.582574	6	23	41	685.26
-2.356194	0.733948	3.021411	169	19	43	685.16
-0.523599	1.135834	-1.431087	178	23	46	685.15
0.000000	0.906588	1.252948	182	27	39	685.04
0.261799	1.998705	2.370472	165	20	41	684.84
-0.261799	2.719179	-1.780644	187	23	32	684.75
-1.047198	1.909857	-0.381669	166	17	31	684.57
-0.261799	0.674054	1.013609	180	10	43	684.55
-0.785398	1.417623	-0.202254	167	15	37	684.55
0.261799	2.164094	-2.991358	164	27	35	684.54
2.879793	1.025536	1.576859	186	26	40	684.13
2.356194	0.685216	-1.712745	180	18	47	683.77
-3.141593	0.850607	-1.335383	183	18	46	683.64
0.000000	2.180315	-1.357379	188	24	30	683.43
1.832596	2.863997	0.549740	184	28	44	683.40
2.617994	2.881233	-2.582574	185	191	43	683.32
0.000000	2.407836	1.410646	177	13	48	683.21
-1.308997	2.863997	0.549740	185	30	28	682.97
2.879793	0.700570	1.559208	182	5	36	682.96
-1.308997	1.134497	-1.109631	169	14	40	682.88
-0.785398	0.458961	-0.107937	171	16	45	682.85
1.308997	1.545873	-1.877082	183	21	47	682.56
-0.523599	0.906588	1.252948	176	8	40	682.56
0.523599	1.809167	1.213774	177	19	42	682.44
-0.261799	2.138223	1.678323	174	20	47	682.39
2.879793	0.418037	1.360082	181	16	38	682.39
-0.523599	0.290380	-0.796960	176	16	45	682.31
-0.261799	2.115563	0.685730	186	16	45	682.18
0.523599	2.164094	-2.991358	162	22	34	682.03
1.308997	0.866955	-0.931351	173	10	41	682.00
2.617994	0.685216	-1.712745	180	18	47	681.80
-1.832596	0.591903	2.010408	166	16	38	681.75
-2.879793	2.664082	-1.071402	185	29	35	681.66
1.832596	0.960688	-0.577532	184	9	41	681.60
1.308997	2.153910	-1.714959	191	18	45	681.01
-0.261799	2.396274	-1.959260	186	24	31	680.91
0.000000	1.812176	0.656819	187	23	45	680.61
1.308997	0.290380	-0.796960	174	12	42	680.36
-0.523599	1.909857	-0.381669	168	5	27	680.31
-1.570796	0.496451	0.593859	170	20	43	680.01
-1.570796	0.297065	2.160177	172	12	44	679.88
-2.094395	0.960688	-0.577532	174	27	43	679.60
-1.047198	0.297065	2.160177	178	14	47	679.51
-1.832596	2.664082	-1.071402	170	26	34	679.36
2.356194	2.187132	-0.479875	163	21	38	679.06
0.000000	0.290380	-0.796960	176	15	45	678.95
2.617994	2.356369	3.005869	170	24	31	678.74
0.523599	2.299159	2.264663	189	27	26	678.71
0.261799	2.299159	2.264663	168	16	45	678.69
-1.047198	1.909857	-0.381669	167	18	31	678.56
-1.570796	1.168678	2.108595	164	12	31	678.52
-3.141593	2.588535	-2.976617	168	20	33	678.38
2.617994	2.760637	2.781135	168	21	29	678.34
2.356194	0.906588	1.252948	172	10	39	678.33
-0.785398	1.413347	-1.339188	171	10	42	678.06
-0.261799	2.579248	-2.364801	178	37	37	678.04
-0.261799	1.168678	2.108595	175	25	37	677.73
-2.094395	1.510910	-0.740472	170	29	37	677.73
-3.141593	0.418037	1.360082	183	19	43	677.64
-0.261799	1.699788	2.452890	177	8	32	677.63
0.000000	1.870545	-2.976234	1	16	37	677.42
-0.523599	1.025536	1.576859	176	7	39	677.14
0.523599	1.998705	2.370472	166	15	38	677.05
-1.832596	2.174483	2.653697	187	27	37	677.04
2.617994	1.391910	3.030322	175	29	35	676.97
-1.047198	2.881233	-2.582574	188	32	40	676.82
-2.094395	0.866955	-0.931351	174	24	43	676.30
-1.570796	0.203748	0.590255	174	19	44	676.24
-1.570796	1.417623	-0.202254	167	26	37	676.17
-2.617994	0.709924	0.218797	180	28	44	676.05
-1.047198	0.418037	1.360082	170	10	42	675.98
0.523599	2.343981	-1.040456	180	38	33	675.87
-1.308997	0.906588	1.252948	164	13	34	675.74
1.832596	0.910508	1.903534	184	17	38	675.53
-0.785398	2.588535	-2.976617	178	30	34	675.51
-2.094395	0.458961	-0.107937	178	22	46	675.51
2.356194	1.391910	3.030322	186	1	29	675.18
-1.047198	2.760637	2.781135	176	26	34	675.09
1.570796	1.836682	-0.676006	184	5	39	675.05
-0.523599	0.700570	1.559208	177	8	42	674.90
0.000000	2.073035	2.027405	169	21	44	674.89
1.047198	2.164094	-2.991358	162	10	32	674.84
1.570796	1.325504	-1.671296	180	18	46	674.80
0.523599	2.033014	2.977192	161	19	34	674.68
-1.308997	1.417623	-0.202254	166	23	37	674.64
1.832596	0.960688	-0.577532	185	10	41	674.59
2.094395	0.203748	0.590255	181	17	43	674.46
2.879793	0.418037	1.360082	183	19	42	674.41
0.000000	0.571433	-1.188419	177	12	45	674.16
-1.832596	1.554776	0.100351	182	4	34	674.12
-1.832596	1.134796	2.434290	164	15	34	674.04
0.261799	1.683268	0.374177	188	28	43	673.92
-0.523599	1.413430	2.550734	176	29	36	673.75
-0.523599	0.906588	1.252948	185	26	38	673.49
0.523599	2.299159	2.264663	188	27	26	673.11
-0.523599	1.448123	-2.163292	180	10	43	673.05
2.356194	0.929350	-2.910676	173	26	39	673.05
-0.261799	1.025536	1.576859	181	26	39	672.88
1.308997	2.456751	-1.503343	1	14	42	672.80
-2.617994	2.164094	-2.991358	170	12	36	672.78
-2.879793	1.440580	2.260026	171	23	28	672.66
2.356194	1.732874	-0.951685	191	13	43	672.62
-2.094395	2.349581	-2.702517	173	12	40	672.62
2.356194	2.299159	2.264663	170	19	23	672.54
-0.523599	2.164094	-2.991358	176	29	32	672.20
-0.261799	2.881233	-2.582574	175	28	33	672.16
2.094395	0.203748	0.590255	180	17	41	671.85
-1.047198	1.736875	3.023612	185	37	33	671.69
-1.047198	1.869911	2.701025	183	34	38	671.65
2.879793	1.025536	1.576859	184	22	39	671.63
-0.523599	2.349581	-2.702517	187	6	36	671.00
0.785398	1.736875	3.023612	161	14	29	671.00
0.261799	1.506530	1.988858	168	25	42	670.96
0.000000	0.615174	-0.666022	175	10	46	670.89
-0.261799	0.910508	1.903534	178	27	37	670.83
-1.308997	1.569311	-3.003978	170	8	36	670.72
-1.570796	1.606104	-0.451151	167	25	35	670.70
0.261799	0.685216	-1.712745	180	11	43	670.64
-1.047198	2.356369	3.005869	182	35	39	670.60
-1.832596	0.571433	-1.188419	175	19	45	670.52
-1.047198	1.247695	1.809890	170	11	36	670.29
2.094395	0.080730	-2.622036	177	20	48	670.20
1.570796	1.134796	2.434290	183	14	34	670.14
-2.356194	1.194549	-0.801900	174	29	40	670.07
-0.523599	1.218453	2.777284	175	29	32	669.93
-1.832596	0.674054	1.013609	168	22	41	669.54
-1.832596	1.135834	-1.431087	169	19	38	669.30
-2.094395	2.984978	1.954446	177	26	36	669.20
2.879793	2.396274	-1.959260	183	18	30	669.01
2.356194	2.174483	2.653697	170	24	27	668.79
-2.617994	2.299159	2.264663	189	21	39	668.72
-1.047198	2.760637	2.781135	176	27	37	668.38
-1.047198	0.591903	2.010408	176	15	44	668.36
-2.356194	0.961715	0.014085	177	31	42	668.34
2.094395	1.836682	-0.676006	163	24	30	668.31
1.047198	1.683268	0.374177	178	22	36	668.19
2.356194	1.417623	-0.202254	162	19	32	668.10
-1.308997	0.910508	1.903534	166	9	35	667.64
2.094395	2.863997	0.549740	182	28	43	667.53
-2.879793	1.417623	-0.202254	171	2	33	667.43
-0.785398	0.910508	1.903534	174	11	41	667.40
-0.785398	1.325504	-1.671296	173	9	43	666.95
-0.261799	0.960688	-0.577532	173	6	42	666.76
-1.047198	1.135834	-1.431087	171	11	43	666.56
-0.523599	1.025536	1.576859	183	26	38	666.52
-3.141593	1.606104	-0.451151	167	5	31	666.41
1.570796	2.041297	-2.664597	187	24	32	666.39
-0.523599	1.574060	2.783565	175	30	34	666.39
0.261799	2.108018	1.311430	178	17	47	666.25
-2.094395	0.960688	-0.577532	173	24	41	666.16
-1.308997	0.203748	0.590255	173	19	46	666.09
-0.523599	1.732874	-0.951685	170	7	36	666.08
0.261799	2.073035	2.027405	169	18	45	665.95
1.570796	2.299159	2.264663	177	29	27	665.93
-0.261799	2.153910	-1.714959	178	7	40	665.81
1.570796	2.153910	-1.714959	191	19	45	665.71
-0.523599	1.310100	1.488307	175	5	35	665.43
0.000000	2.579248	-2.364801	174	28	29	665.37
-1.308997	0.850607	-1.335383	172	14	42	665.29
-3.141593	1.504028	0.636812	172	3	43	665.19
-0.785398	2.174483	2.653697	176	28	38	665.09
2.094395	1.699788	2.452890	174	26	23	665.01
-2.879793	1.510910	-0.740472	177	21	34	664.95
-0.261799	1.195355	1.200319	183	24	40	664.94
-1.308997	2.863997	0.549740	185	29	29	664.93
-1.047198	1.506530	1.988858	188	32	44	664.89
-2.879793	1.836682	-0.676006	180	25	33	664.62
0.000000	2.041297	-2.664597	170	34	30	664.42
-1.832596	2.251330	-2.330739	175	14	43	664.38
0.523599	2.164094	-2.991358	162	21	32	664.20
-2.617994	2.881233	-2.582574	168	19	33	664.19
2.356194	2.588535	-2.976617	172	29	30	664.11
2.879793	0.379747	-1.713059	178	13	45	663.78
1.047198	1.256302	0.062705	177	6	33	663.69
-0.261799	2.180315	-1.357379	172	6	34	663.49
0.523599	1.247695	1.809890	167	22	37	663.49
1.832596	1.696674	-1.253233	187	13	45	663.32
-2.356194	1.736875	3.023612	169	17	34	663.22
-3.141593	1.721184	-0.153948	167	7	38	663.18
2.879793	0.080730	-2.622036	176	15	48	663.10
0.000000	2.579248	-2.364801	173	35	37	663.10
-0.261799	1.488617	1.159546	183	21	41	662.99
-0.523599	2.724429	-0.348782	8	17	44	662.97
-0.261799	0.762244	-0.273349	172	8	43	662.86
1.308997	2.724429	-0.348782	178	32	39	662.86
2.879793	1.045978	0.343692	165	5	32	662.85
-2.617994	1.256302	0.062705	178	33	38	662.84
-1.832596	0.615174	-0.666022	175	20	44	662.69
-0.785398	2.251330	-2.330739	190	37	30	662.65
-2.617994	0.640596	-2.797608	172	18	45	662.53
-3.141593	0.571433	-1.188419	184	14	45	662.52
0.261799	1.824694	1.850876	170	20	43	662.47
0.785398	2.174483	2.653697	190	26	28	662.42
0.000000	0.203748	0.590255	172	9	40	662.41
-1.832596	1.301460	-0.509251	170	28	40	662.40
1.832596	1.732874	-0.951685	187	9	42	662.28
0.000000	1.014500	0.906702	182	6	40	661.98
-0.523599	1.545873	-1.877082	181	15	46	661.93
2.356194	1.909857	-0.381669	162	19	34	661.84
-0.261799	2.108018	1.311430	178	19	47	661.74
2.356194	1.683268	0.374177	164	18	42	661.58
-0.785398	2.251330	-2.330739	178	7	38	661.57
1.570796	2.295480	1.008277	179	22	51	661.31
-1.047198	0.910508	1.903534	172	13	41	661.21
2.356194	0.418037	1.360082	181	17	39	661.20
-2.094395	2.637879	2.121598	181	26	40	661.15
1.570796	2.478122	2.609777	178	30	29	661.07
-3.141593	1.506530	1.988858	184	25	36	660.87
1.832596	1.391910	3.030322	184	15	31	660.71
-2.094395	0.733948	3.021411	169	13	40	660.65
-2.356194	2.579248	-2.364801	172	21	40	660.22
-1.308997	2.356369	3.005869	186	34	38	660.15
-0.261799	1.545873	-1.877082	179	10	43	660.11
-0.261799	2.108018	1.311430	178	18	47	659.94
-0.523599	1.413430	2.550734	175	10	35	659.87
2.879793	2.174483	2.653697	168	17	27	659.82
2.617994	1.025536	1.576859	179	7	40	659.63
0.523599	1.872854	1.543456	173	18	44	659.56
-2.617994	1.256302	0.062705	177	32	38	659.53
2.356194	0.914445	2.687814	184	16	33	659.33
-3.141593	0.906588	1.252948	182	6	39	659.31
-1.570796	2.299159	2.264663	183	28	44	659.30
0.785398	2.251330	-2.330739	162	24	29	659.19
-0.785398	2.247462	0.191623	184	12	38	659.11
0.000000	1.809167	1.213774	180	23	47	659.10
1.832596	0.762244	-0.273349	185	8	39	659.03
2.356194	1.662363	0.915448	168	13	47	658.93
0.000000	0.866955	-0.931351	177	7	45	658.85
-0.523599	0.762244	-0.273349	170	11	43	658.84
0.785398	1.812176	0.656819	179	21	38	658.81
0.785398	2.164094	-2.991358	161	16	33	658.72
0.523599	1.766067	2.153843	166	19	43	658.63
-2.617994	0.591903	2.010408	172	23	38	658.62
-2.094395	1.433411	-1.035986	170	26	38	658.60
-2.356194	2.343981	-1.040456	179	29	38	658.37
1.832596	2.637879	2.121598	188	5	46	658.35
0.785398	1.875281	0.107086	184	26	40	658.34
-2.356194	0.960688	-0.577532	175	26	42	658.30
-1.570796	1.448123	-2.163292	166	13	40	658.21
2.879793	2.174483	2.653697	168	17	26	658.18
-0.523599	2.138223	1.678323	177	22	50	658.15
-1.832596	0.906588	1.252948	166	22	38	658.15
-1.308997	1.510910	-0.740472	166	20	38	658.11
2.617994	1.195355	1.200319	176	11	43	658.03
-1.047198	1.998705	2.370472	181	33	43	658.03
-2.094395	2.343981	-1.040456	176	28	39	657.89
2.879793	1.909857	-0.381669	165	11	36	657.70
1.570796	0.762244	-0.273349	183	8	40	657.61
1.832596	2.637879	2.121598	170	22	25	657.55
0.785398	1.310100	1.488307	170	30	45	657.53
-0.523599	1.766067	2.153843	177	25	42	657.49
1.832596	1.413430	2.550734	169	191	33	657.14
1.570796	1.617114	-1.572037	184	17	46	657.12
1.047198	2.719179	-1.780644	3	15	39	657.11
-0.261799	1.872854	1.543456	176	23	46	656.79
1.308997	2.063651	-2.044600	191	23	45	656.69
2.094395	1.135813	-2.658866	175	27	42	656.59
-3.141593	2.881233	-2.582574	2	3	43	656.57
1.308997	2.724429	-0.348782	184	20	31	656.54
-3.141593	0.674054	1.013609	180	19	39	656.51
-3.141593	0.960688	-0.577532	183	29	43	656.44
2.094395	1.982574	-1.115518	165	21	28	656.44
2.356194	1.195355	1.200319	166	5	39	656.23
-2.617994	1.256302	0.062705	179	34	38	656.09
1.570796	1.128190	-2.288622	177	25	44	655.88
0.000000	2.719179	-1.780644	181	37	38	655.79
0.523599	1.310100	1.488307	170	25	41	655.76
-1.047198	0.458961	-0.107937	172	17	44	655.75
-2.617994	2.187132	-0.479875	178	10	38	655.70
-0.523599	2.295480	1.008277	181	13	46	655.69
2.617994	0.733948	3.021411	171	25	35	655.68
1.308997	2.379497	0.561089	181	29	49	655.66
-2.617994	1.391910	3.030322	170	20	36	655.49
-0.523599	1.554776	0.100351	167	5	29	655.28
-2.356194	1.256302	0.062705	175	32	38	655.23
-1.832596	1.417623	-0.202254	169	31	37	655.08
-2.617994	1.569311	-3.003978	170	21	38	655.05
-2.356194	1.301460	-0.509251	174	31	39	654.99
-1.308997	2.478122	2.609777	179	28	38	654.88
-1.047198	1.870545	-2.976234	187	37	31	654.86
-0.785398	2.349581	-2.702517	184	5	36	654.84
-2.879793	1.872854	1.543456	188	11	52	654.84
-2.617994	0.080730	-2.622036	178	11	47	654.82
-3.141593	1.014500	0.906702	179	12	40	654.80
-0.261799	1.050534	3.042579	173	28	29	654.77
-2.617994	2.724429	-0.348782	189	27	32	654.51
-0.523599	1.450119	-2.739050	181	6	40	654.47
-1.832596	0.914445	2.687814	166	13	37	654.46
-0.523599	1.545873	-1.877082	181	16	46	654.04
1.570796	1.545873	-1.877082	183	22	47	653.70
-1.047198	1.870545	-2.976234	186	37	31	653.67
-1.047198	2.579248	-2.364801	1	33	36	653.55
-1.832596	1.699788	2.452890	188	26	37	653.49
-2.879793	2.588535	-2.976617	169	19	36	653.29
-1.308997	1.135813	-2.658866	173	11	44	653.19
2.356194	2.343981	-1.040456	3	19	41	652.92
-2.879793	0.370812	-2.547742	173	14	44	652.92
1.308997	0.961715	0.014085	180	6	35	652.45
0.000000	2.393226	1.857173	173	15	49	652.40
-0.261799	1.948085	-2.363031	185	12	42	652.27
-0.261799	1.214854	-1.966664	182	14	46	652.19
1.047198	0.960688	-0.577532	174	13	41	652.18
0.000000	1.184361	0.625864	187	24	40	652.10
-1.570796	1.135834	-1.431087	171	20	46	652.10
0.000000	1.872854	1.543456	174	22	45	652.02
-0.523599	2.108018	1.311430	178	19	47	652.02
-3.141593	1.440580	2.260026	172	26	27	651.93
0.785398	1.242974	-2.977882	186	28	36	651.92
-1.570796	0.866395	-2.492918	175	16	47	651.83
-0.785398	0.831641	0.616218	167	9	37	651.68
-1.570796	1.836682	-0.676006	166	24	33	651.64
1.308997	0.419640	2.974122	185	13	41	651.57
-3.141593	0.700570	1.559208	182	18	38	651.54
-1.047198	1.417623	-0.202254	166	19	37	651.28
0.523599	1.869911	2.701025	162	18	36	651.01
-1.832596	1.433411	-1.035986	168	24	39	650.99
0.523599	1.824694	1.850876	169	18	43	650.93
-2.617994	0.458961	-0.107937	177	19	41	650.89
-1.047198	2.247462	0.191623	182	11	38	650.78
-0.261799	2.396274	-1.959260	179	7	39	650.77
-2.094395	2.664082	-1.071402	172	29	34	650.75
2.617994	0.910508	1.903534	183	5	37	650.68
-1.570796	1.870545	-2.976234	189	29	30	650.64
2.617994	0.700570	1.559208	182	18	38	650.63
-1.308997	0.618092	2.539118	174	15	45	650.61
-0.785398	2.295480	1.008277	179	14	46	650.55
-2.617994	1.606104	-0.451151	174	189	28	650.39
-2.094395	2.478122	2.609777	187	27	38	650.13
-1.047198	1.325504	-1.671296	171	12	44	649.76
0.261799	2.456751	-1.503343	179	38	32	649.59
-0.261799	1.135834	-1.431087	179	22	46	649.46
-1.047198	1.440580	2.260026	171	15	35	649.45
0.785398	1.977582	0.969896	179	17	39	649.44
-0.523599	2.001437	0.381215	186	14	40	649.44
2.879793	2.356369	3.005869	168	20	31	649.38
0.261799	1.809167	1.213774	178	21	45	649.37
-0.785398	2.579248	-2.364801	178	5	36	649.30
-1.047198	2.164094	-2.991358	186	36	34	649.17
-0.261799	2.404280	-0.174044	170	23	33	648.99
0.261799	2.979456	-1.009304	188	21	36	648.91
0.261799	2.396274	-1.959260	173	36	31	648.87
-2.617994	1.134796	2.434290	169	20	32	648.87
-2.879793	1.875281	0.107086	172	6	43	648.80
-1.047198	1.721184	-0.153948	168	21	34	648.73
-0.785398	2.115563	0.685730	184	14	45	648.58
-1.047198	1.699788	2.452890	184	33	40	648.42
-1.832596	2.579248	-2.364801	171	10	37	648.41
-0.785398	1.545873	-1.877082	173	6	41	648.36
0.785398	2.033014	2.977192	0	25	32	648.13
0.785398	2.478122	2.609777	188	26	27	648.10
2.094395	0.929350	-2.910676	174	28	39	648.04
1.308997	1.977582	0.969896	179	16	39	647.90
2.094395	1.732874	-0.951685	189	11	43	647.48
-0.785398	1.506530	1.988858	179	25	39	647.14
-1.570796	1.195355	1.200319	164	18	32	647.14
1.570796	1.113094	-0.272241	184	6	37	647.08
2.094395	2.089241	-0.114193	166	27	42	646.97
1.308997	1.846342	-1.796954	187	20	46	646.84
0.785398	2.073035	2.027405	170	11	43	646.73
-0.785398	2.164094	-2.991358	179	30	32	646.73
1.308997	0.960688	-0.577532	178	11	41	646.68
1.832596	0.203748	0.590255	181	17	43	646.66
2.356194	1.875281	0.107086	164	20	42	646.45
1.832596	1.135813	-2.658866	177	29	42	646.44
2.356194	1.982574	-1.115518	0	18	44	646.31
-0.523599	2.251330	-2.330739	183	7	39	646.29
-1.308997	1.998705	2.370472	185	31	43	646.15
0.261799	2.404280	-0.174044	187	19	37	646.00
-0.523599	1.168678	2.108595	178	27	37	645.91
-1.308997	0.290380	-0.796960	181	22	49	645.84
2.356194	2.115563	0.685730	171	21	50	645.83
2.094395	0.290380	-0.796960	178	9	41	645.75
0.261799	1.977582	0.969896	181	19	44	645.56
-2.617994	1.836682	-0.676006	177	4	33	645.35
-0.261799	1.812176	0.656819	189	21	46	645.29
1.047198	0.961715	0.014085	177	6	34	645.16
-1.308997	1.374601	-2.456031	172	12	42	645.13
-0.523599	2.174483	2.653697	173	25	37	645.06
-2.356194	1.699788	2.452890	172	27	31	645.03
0.785398	2.979456	-1.009304	184	20	31	645.01
-1.308997	1.998705	2.370472	180	27	37	644.88
-1.047198	1.247695	1.809890	172	15	38	644.83
-3.141593	0.685216	-1.712745	179	16	46	644.57
1.308997	1.545873	-1.877082	184	22	47	644.47
0.785398	1.488617	1.159546	175	19	38	644.40
2.094395	1.699788	2.452890	184	6	40	644.39
1.047198	2.379497	0.561089	187	21	46	644.33
-2.094395	2.478122	2.609777	188	26	38	644.26
-2.356194	0.850607	-1.335383	173	24	42	644.23
-0.523599	1.335669	0.897240	178	9	38	644.13
-2.617994	0.709924	0.218797	179	28	44	644.07
-0.785398	2.356369	3.005869	178	35	40	643.97
0.785398	2.115563	0.685730	184	20	44	643.89
0.000000	0.850607	-1.335383	177	9	44	643.86
1.047198	1.998705	2.370472	186	29	27	643.77
-0.523599	1.977582	0.969896	184	18	47	643.70
-1.308997	0.080730	-2.622036	177	16	41	643.69
2.617994	0.906588	1.252948	175	8	39	643.68
0.000000	1.904882	-1.478089	177	5	38	643.67
-3.141593	2.180315	-1.357379	185	24	40	643.60
-1.832596	1.195355	1.200319	165	22	33	643.57
0.523599	1.766067	2.153843	166	18	42	643.47
-0.785398	0.080730	-2.622036	26	179	160	643.47
0.261799	1.128190	-2.288622	187	17	45	643.03
-0.523599	2.356369	3.005869	173	26	32	642.97
0.523599	1.448123	-2.163292	188	5	36	642.87
0.000000	1.809167	1.213774	179	23	47	642.82
-1.308997	1.325504	-1.671296	168	12	40	642.82
-0.523599	1.506530	1.988858	177	23	37	642.75
-1.832596	0.297065	2.160177	169	14	41	642.67
2.879793	0.591903	2.010408	187	5	33	642.63
-2.879793	1.134796	2.434290	169	23	31	642.58
2.356194	2.404280	-0.174044	167	25	44	642.54
-0.785398	2.187132	-0.479875	168	22	36	642.52
-3.141593	0.960688	-0.577532	182	29	42	642.52
-0.261799	2.164094	-2.991358	173	25	29	642.43
-2.879793	1.014500	0.906702	182	12	40	642.34
-2.879793	2.343981	-1.040456	176	7	34	642.32
-1.832596	0.297065	2.160177	171	14	44	642.28
-2.879793	1.256302	0.062705	172	1	34	642.23
2.879793	0.080730	-2.622036	170	16	42	642.20
-0.523599	1.184361	0.625864	179	11	40	642.15
2.617994	2.104282	-0.813972	164	13	33	642.12
0.523599	2.063651	-2.044600	168	31	25	642.12
-2.617994	0.496451	0.593859	178	16	37	642.06
-2.356194	2.984978	1.954446	179	28	39	642.03
2.356194	1.256302	0.062705	161	17	32	641.99
-0.261799	2.407836	1.410646	176	14	48	641.96
-0.523599	0.418037	1.360082	180	14	45	641.67
2.617994	0.733948	3.021411	172	25	36	641.57
0.523599	1.128190	-2.288622	186	9	41	641.57
-1.570796	1.025536	1.576859	167	17	38	641.42
0.785398	1.809167	1.213774	176	18	41	641.33
-1.570796	1.214854	-1.966664	168	14	42	641.31
-0.523599	1.836682	-0.676006	169	7	33	640.99
0.000000	2.108018	1.311430	178	18	47	640.98
-3.141593	1.872854	1.543456	186	10	52	640.93
-1.047198	1.134497	-1.109631	171	17	46	640.90
1.832596	1.617114	-1.572037	184	18	47	640.89
-1.570796	1.440580	2.260026	187	27	38	640.81
0.000000	1.756530	-2.105156	185	7	42	640.80
-0.785398	2.478122	2.609777	174	30	44	640.79
-2.356194	0.458961	-0.107937	177	18	42	640.73
1.047198	2.979456	-1.009304	177	29	37	640.65
-3.141593	1.247695	1.809890	183	23	37	640.45
1.308997	1.417623	-0.202254	177	24	33	640.31
1.047198	1.875281	0.107086	182	26	40	640.30
1.832596	1.433411	-1.035986	168	26	21	640.24
0.523599	1.721184	-0.153948	189	31	38	640.23
-1.308997	2.456751	-1.503343	173	22	42	640.22
-1.832596	0.866955	-0.931351	174	23	45	640.14
0.261799	0.571433	-1.188419	179	12	48	640.07
0.000000	0.370812	-2.547742	183	12	45	640.06
0.523599	2.089241	-0.114193	190	28	41	639.96
-0.523599	1.824694	1.850876	179	29	48	639.94
-0.523599	1.440580	2.260026	176	10	35	639.93
-0.785398	1.440580	2.260026	173	13	35	639.92
-1.570796	1.450119	-2.739050	169	13	40	639.91
-1.047198	2.001437	0.381215	187	11	43	639.85
-0.523599	2.404280	-0.174044	187	14	37	639.83
1.832596	1.696674	-1.253233	166	23	22	639.83
-1.570796	1.450119	-2.739050	165	10	35	639.82
-2.094395	0.418037	1.360082	171	23	44	639.57
-0.523599	1.195355	1.200319	189	27	43	639.48
1.832596	2.104282	-0.813972	190	9	39	639.48
0.000000	1.335669	0.897240	183	18	39	639.47
-0.785398	1.135834	-1.431087	179	24	46	639.43
-2.879793	0.496451	0.593859	180	20	42	639.39
-1.308997	1.756530	-2.105156	171	12	40	639.37
1.570796	2.379497	0.561089	178	28	48	639.19
2.879793	2.478122	2.609777	168	16	27	639.19
2.356194	1.948085	-2.363031	183	18	29	639.18
1.832596	2.456751	-1.503343	54	178	174	639.08
0.261799	0.379747	-1.713059	179	15	45	639.02
2.356194	1.510910	-0.740472	165	19	27	638.98
2.879793	0.850607	-1.335383	183	18	46	638.92
-2.617994	1.606104	-0.451151	178	20	35	638.85
-1.308997	1.195355	1.200319	164	13	31	638.77
-0.523599	1.367556	0.358405	168	5	31	638.70
-2.879793	0.458961	-0.107937	177	20	40	638.69
2.617994	0.700570	1.559208	177	5	36	638.54
0.261799	0.379747	-1.713059	180	14	45	638.47
-1.832596	0.992645	-1.723759	172	18	46	638.45
0.785398	2.041297	-2.664597	161	19	27	638.42
2.617994	1.194549	-0.801900	190	9	42	638.41
0.261799	1.870545	-2.976234	1	19	38	638.30
0.000000	1.824694	1.850876	171	23	44	638.28
-3.141593	0.080730	-2.622036	173	14	45	638.27
-2.356194	1.998705	2.370472	191	22	40	638.20
-1.832596	0.419640	2.974122	173	11	45	638.00
-0.261799	2.041297	-2.664597	188	11	39	637.84
1.308997	1.195355	1.200319	167	25	44	637.75
-1.047198	1.310100	1.488307	183	23	40	637.67
-1.047198	1.569311	-3.003978	173	5	36	637.61
2.879793	1.168678	2.108595	190	9	39	637.59
-1.832596	1.836682	-0.676006	168	27	33	637.46
-1.308997	0.685216	-1.712745	174	14	44	637.21
-1.570796	1.134796	2.434290	165	10	33	637.15
-1.047198	1.374601	-2.456031	175	10	42	637.14
-1.047198	1.736875	3.023612	181	31	32	636.97
2.617994	1.301460	-0.509251	163	15	27	636.84
-1.570796	0.866955	-0.931351	173	20	45	636.83
-1.570796	1.450119	-2.739050	166	10	36	636.79
-0.785398	2.073035	2.027405	178	28	47	636.70
0.523599	1.374601	-2.456031	189	7	38	636.59
-1.047198	1.135813	-2.658866	176	10	44	636.53
-2.617994	0.080730	-2.622036	175	9	42	636.37
-0.523599	1.948085	-2.363031	179	5	37	636.33
0.000000	1.128190	-2.288622	186	15	45	636.23
-0.523599	0.709924	0.218797	169	9	41	636.23
-1.308997	1.168678	2.108595	170	15	38	636.17
-3.141593	0.831641	0.616218	181	24	41	636.16
2.617994	2.760637	2.781135	169	22	30	636.12
-2.617994	1.699788	2.452890	170	19	28	636.05
0.261799	2.089241	-0.114193	170	14	34	636.04
-3.141593	0.203748	0.590255	184	21	46	635.86
-1.832596	0.591903	2.010408	167	16	40	635.82
2.879793	0.203748	0.590255	179	17	42	635.80
-1.570796	2.478122	2.609777	182	28	38	635.79
0.523599	2.180315	-1.357379	175	37	27	635.71
-1.832596	2.979456	-1.009304	170	27	30	635.62
-1.308997	2.349581	-2.702517	176	5	36	635.36
-1.047198	1.310100	1.488307	170	11	36	635.23
-1.832596	1.998705	2.370472	185	26	38	635.22
-0.261799	1.195355	1.200319	184	24	41	635.21
-1.047198	0.685216	-1.712745	177	13	47	635.19
-0.785398	2.724429	-0.348782	167	22	31	635.18
-1.047198	1.683268	0.374177	175	15	35	635.17
-2.617994	0.929350	-2.910676	171	12	39	635.05
2.356194	0.674054	1.013609	173	14	37	634.98
-1.570796	1.606104	-0.451151	166	26	36	634.91
0.785398	2.979456	-1.009304	180	32	40	634.78
2.879793	2.089241	-0.114193	166	14	42	634.77
-0.261799	2.407836	1.410646	176	13	45	634.74
-0.523599	1.050534	3.042579	175	29	29	634.73
-0.261799	1.433411	-1.035986	174	2	38	634.56
1.832596	0.379747	-1.713059	177	17	46	634.48
-0.523599	0.700570	1.559208	184	28	36	634.34
-1.832596	1.440580	2.260026	169	22	34	634.26
0.261799	2.588535	-2.976617	164	24	39	634.20
1.832596	0.864993	2.278281	183	16	36	634.12
1.308997	1.721184	-0.153948	178	24	35	633.97
-0.523599	0.458961	-0.107937	172	13	44	633.93
2.356194	2.404280	-0.174044	166	24	44	633.89
-3.141593	1.367556	0.358405	169	2	38	633.81
1.832596	0.700570	1.559208	168	12	36	633.75
2.617994	2.104282	-0.813972	164	14	33	633.68
-0.523599	2.251330	-2.330739	185	39	31	633.61
-1.570796	0.618092	2.539118	173	17	45	633.53
-0.261799	1.809167	1.213774	181	23	47	633.47
-0.261799	1.247695	1.809890	178	23	38	633.44
2.094395	1.606104	-0.451151	162	24	29	633.40
-0.261799	1.617114	-1.572037	175	10	42	633.39
2.879793	1.256302	0.062705	163	7	32	633.16
1.570796	1.982574	-1.115518	187	10	42	633.04
1.308997	0.290380	-0.796960	177	11	45	633.04
-0.523599	0.458961	-0.107937	171	14	45	633.01
-2.094395	1.135834	-1.431087	170	21	37	632.99
2.617994	1.184361	0.625864	174	18	40	632.97
2.356194	0.619654	-2.216909	178	22	47	632.96
-1.570796	2.760637	2.781135	182	29	38	632.91
-0.785398	1.413347	-1.339188	171	11	42	632.90
-2.879793	0.379747	-1.713059	180	11	44	632.79
-1.570796	1.736875	3.023612	165	9	27	632.70
-1.047198	1.135834	-1.431087	172	15	46	632.69
-1.570796	0.910508	1.903534	165	13	36	632.61
-3.141593	2.588535	-2.976617	169	21	34	632.46
-1.570796	1.025536	1.576859	164	15	33	632.28
-1.047198	1.506530	1.988858	187	32	43	632.26
-2.094395	1.506530	1.988858	170	25	33	632.21
-3.141593	1.506530	1.988858	185	26	36	632.14
-1.570796	1.506530	1.988858	186	24	40	632.14
-2.879793	2.588535	-2.976617	168	17	33	631.75
-3.141593	2.343981	-1.040456	187	25	37	631.68
-0.261799	2.295480	1.008277	181	14	46	631.62
1.832596	1.135813	-2.658866	176	28	42	631.61
-1.047198	1.450119	-2.739050	174	7	39	631.55
-2.094395	1.218453	2.777284	170	26	38	631.40
2.356194	2.104282	-0.813972	3	15	41	631.37
0.000000	2.251330	-2.330739	174	37	32	631.32
2.356194	2.349581	-2.702517	175	29	34	631.27
-1.570796	1.417623	-0.202254	167	27	37	631.24
-2.617994	0.080730	-2.622036	174	9	40	631.23
1.832596	1.836682	-0.676006	188	7	40	631.17
-0.523599	1.391910	3.030322	175	29	31	631.10
2.879793	1.506530	1.988858	185	24	36	631.02
1.308997	1.617114	-1.572037	183	17	47	631.00
-1.832596	1.301460	-0.509251	169	26	39	630.99
-1.570796	2.760637	2.781135	181	29	37	630.97
0.523599	2.343981	-1.040456	185	25	33	630.94
1.308997	1.683268	0.374177	177	21	37	630.94
0.261799	2.251330	-2.330739	169	33	30	630.80
-0.785398	2.349581	-2.702517	182	5	35	630.78
-2.879793	2.153910	-1.714959	176	25	41	630.70
-0.261799	1.014500	0.906702	178	6	39	630.57
0.000000	2.299159	2.264663	167	20	45	630.54
1.832596	1.413347	-1.339188	182	13	46	630.52
-1.832596	0.290380	-0.796960	179	19	46	630.49
2.356194	0.831641	0.616218	162	10	31	630.47
2.356194	1.875281	0.107086	165	21	42	630.44
0.000000	2.299159	2.264663	168	20	45	630.38
1.832596	0.203748	0.590255	180	17	41	630.35
1.308997	0.080730	-2.622036	179	19	45	630.32
-1.570796	0.379747	-1.713059	175	15	41	630.30
2.879793	1.683268	0.374177	166	9	43	630.27
2.094395	1.413347	-1.339188	183	14	46	630.09
-1.832596	0.571433	-1.188419	176	19	46	630.04
-0.261799	2.356369	3.005869	171	23	31	630.03
-0.523599	1.506530	1.988858	178	23	37	629.93
-1.832596	0.419640	2.974122	173	9	40	629.92
-0.785398	1.417623	-0.202254	168	15	37	629.90
-1.047198	2.089241	-0.114193	167	17	27	629.85
-2.617994	0.419640	2.974122	171	18	44	629.81
1.308997	1.617114	-1.572037	182	15	46	629.80
-1.047198	1.756530	-2.105156	173	10	40	629.78
0.000000	1.510910	-0.740472	171	15	41	629.76
-1.047198	2.478122	2.609777	177	27	38	629.64
0.785398	2.760637	2.781135	188	27	29	629.49
-0.261799	2.138223	1.678323	173	20	46	629.32
-0.523599	1.756530	-2.105156	177	7	40	629.23
-0.523599	2.033014	2.977192	174	28	34	629.22
2.094395	1.909857	-0.381669	163	25	35	629.21
-2.879793	1.606104	-0.451151	179	22	34	629.18
2.094395	1.247695	1.809890	168	2	39	629.17
0.261799	1.824694	1.850876	171	21	46	629.16
2.094395	1.510910	-0.740472	164	24	25	629.13
0.523599	1.606104	-0.451151	190	33	34	628.91
1.832596	0.615174	-0.666022	181	8	40	628.81
1.047198	2.404280	-0.174044	180	35	42	628.72
2.094395	0.910508	1.903534	168	0	32	628.71
-1.832596	0.992645	-1.723759	172	19	47	628.64
-0.261799	1.448123	-2.163292	184	10	44	628.59
-0.523599	1.904882	-1.478089	171	10	39	628.40
-1.047198	2.356369	3.005869	183	34	39	628.35
0.000000	2.349581	-2.702517	172	25	27	628.34
-0.785398	1.450119	-2.739050	178	7	40	628.33
-1.308997	1.113094	-0.272241	168	23	42	628.27
0.261799	1.606104	-0.451151	169	11	37	628.24
-0.523599	0.906588	1.252948	177	9	41	628.17
-0.523599	2.295480	1.008277	180	14	46	628.17
-2.094395	0.618092	2.539118	166	16	38	628.16
2.094395	1.574060	2.783565	184	5	35	628.12
0.785398	1.872854	1.543456	173	16	45	628.10
-0.261799	1.310100	1.488307	181	23	41	628.08
-1.047198	2.033014	2.977192	185	37	36	628.04
0.785398	1.168678	2.108595	163	20	38	627.96
2.879793	1.025536	1.576859	183	22	38	627.93
2.094395	2.187132	-0.479875	164	26	38	627.91
1.570796	1.448123	-2.163292	182	25	46	627.86
2.879793	0.899350	-2.069907	174	15	45	627.77
-1.047198	2.979456	-1.009304	8	15	44	627.75
-1.047198	0.910508	1.903534	173	14	41	627.61
0.785398	1.662363	0.915448	177	20	38	627.41
1.832596	1.998705	2.370472	175	27	25	627.24
0.523599	1.128190	-2.288622	187	8	41	627.22
0.261799	2.073035	2.027405	170	18	46	627.14
2.356194	1.875281	0.107086	163	19	40	627.13
-2.879793	0.640596	-2.797608	173	20	45	626.94
2.879793	1.948085	-2.363031	182	12	28	626.86
-2.356194	1.574060	2.783565	169	15	32	626.81
0.000000	1.574060	2.783565	180	2	29	626.80
-2.094395	1.256302	0.062705	173	33	38	626.77
-2.094395	1.135834	-1.431087	169	23	39	626.71
-2.094395	1.417623	-0.202254	172	32	37	626.64
-0.523599	1.545873	-1.877082	178	11	43	626.60
-2.879793	0.290380	-0.796960	179	18	42	626.60
-1.570796	2.396274	-1.959260	174	18	43	626.55
-3.141593	1.417623	-0.202254	167	5	32	626.53
-2.879793	1.440580	2.260026	173	27	31	626.34
-1.570796	2.164094	-2.991358	190	29	33	626.23
-1.047198	2.164094	-2.991358	183	31	32	626.11
-1.570796	2.456751	-1.503343	174	24	42	626.06
2.094395	0.866395	-2.492918	172	23	41	626.05
2.879793	1.909857	-0.381669	164	11	36	625.97
0.261799	2.343981	-1.040456	187	23	33	625.94
0.000000	2.041297	-2.664597	190	13	39	625.74
1.308997	1.545873	-1.877082	183	22	47	625.70
2.879793	2.356369	3.005869	167	20	30	625.67
-1.570796	1.413430	2.550734	165	10	30	625.64
-2.617994	0.419640	2.974122	169	18	42	625.59
2.617994	2.407836	1.410646	45	181	187	625.55
0.785398	2.089241	-0.114193	185	26	40	625.55
-1.570796	1.025536	1.576859	166	17	37	625.50
1.047198	1.391910	3.030322	186	29	34	625.44
2.356194	2.478122	2.609777	169	23	27	625.40
1.832596	2.299159	2.264663	174	27	26	625.30
-1.047198	0.571433	-1.188419	176	14	45	625.17
-0.785398	0.418037	1.360082	172	8	42	625.07
-0.785398	1.504028	0.636812	178	15	37	625.06
2.356194	0.290380	-0.796960	181	9	41	624.92
-0.523599	1.869911	2.701025	174	27	36	624.83
1.832596	1.448123	-2.163292	181	26	46	624.78
1.047198	1.504028	0.636812	176	21	36	624.76
0.523599	2.664082	-1.071402	186	23	33	624.69
-1.570796	0.850607	-1.335383	173	18	46	624.58
2.094395	1.732874	-0.951685	165	22	25	624.54
-1.832596	1.134497	-1.109631	169	21	40	624.39
-0.523599	1.045978	0.343692	168	6	36	624.37
-1.570796	2.588535	-2.976617	2	31	41	624.36
1.832596	1.194549	-0.801900	187	13	43	624.30
-0.261799	2.404280	-0.174044	188	16	37	624.20
-0.261799	2.164094	-2.991358	172	25	28	624.08
-1.047198	2.760637	2.781135	180	20	30	624.05
2.094395	1.510910	-0.740472	188	7	41	624.00
-3.141593	0.674054	1.013609	178	5	36	623.99
-2.094395	0.419640	2.974122	170	12	40	623.93
2.617994	1.836682	-0.676006	164	14	31	623.75
-3.141593	0.418037	1.360082	181	16	38	623.65
1.308997	2.299159	2.264663	180	30	27	623.62
-2.356194	1.113094	-0.272241	174	27	40	623.53
-0.523599	1.846342	-1.796954	174	8	39	623.51
-1.047198	2.033014	2.977192	181	31	34	623.46
0.261799	1.617114	-1.572037	180	7	40	623.43
2.879793	0.496451	0.593859	179	20	39	623.41
0.000000	2.033014	2.977192	167	30	38	623.38
0.261799	1.812176	0.656819	185	24	45	623.28
2.356194	1.433411	-1.035986	187	11	44	623.18
-2.617994	0.290380	-0.796960	177	18	40	623.17
-0.261799	1.617114	-1.572037	176	10	43	622.93
-2.879793	1.510910	-0.740472	178	21	34	622.80
2.356194	0.571433	-1.188419	180	13	45	622.74
2.356194	2.356369	3.005869	171	27	31	622.71
-2.356194	0.618092	2.539118	167	20	40	622.62
-3.141593	0.700570	1.559208	180	17	35	622.57
2.617994	1.367556	0.358405	163	10	37	622.56
-0.261799	2.063651	-2.044600	180	11	42	622.49
-0.785398	1.870545	-2.976234	179	31	30	622.39
-0.523599	2.180315	-1.357379	172	4	30	622.37
-0.261799	2.251330	-2.330739	179	37	30	622.35
0.261799	1.617114	-1.572037	180	8	41	622.22
1.308997	1.433411	-1.035986	178	8	41	622.15
0.261799	0.203748	0.590255	175	7	41	622.00
-1.047198	2.349581	-2.702517	179	5	36	621.79
0.785398	0.290380	-0.796960	175	13	46	621.75
-1.570796	2.396274	-1.959260	173	14	41	621.74
-0.261799	1.335669	0.897240	185	22	41	621.53
1.570796	1.134497	-1.109631	177	6	38	621.43
-2.879793	1.977582	0.969896	179	10	52	621.41
-1.832596	1.256302	0.062705	170	30	38	621.25
-1.570796	1.214854	-1.966664	169	15	44	621.25
-0.261799	1.846342	-1.796954	178	7	40	621.19
-1.570796	0.850607	-1.335383	174	19	46	621.15
-1.570796	1.440580	2.260026	186	27	37	621.04
1.570796	1.696674	-1.253233	185	12	45	621.02
-2.094395	0.914445	2.687814	165	17	38	620.91
-0.523599	1.658653	-2.409879	181	7	40	620.78
-0.785398	1.741644	-2.695914	184	37	26	620.74
2.356194	0.929350	-2.910676	171	24	38	620.72
-1.308997	1.506530	1.988858	183	25	39	620.50
0.523599	1.574060	2.783565	161	19	32	620.49
1.308997	1.732874	-0.951685	181	7	42	620.48
-2.356194	0.961715	0.014085	176	28	42	620.43
-1.570796	1.569311	-3.003978	167	11	36	620.42
0.523599	2.174483	2.653697	190	25	28	620.41
-1.308997	2.760637	2.781135	180	30	40	620.27
-1.832596	1.135834	-1.431087	171	22	46	620.10
1.570796	2.456751	-1.503343	1	14	42	620.07
-0.785398	0.910508	1.903534	182	28	36	620.06
-0.523599	0.709924	0.218797	170	9	42	620.05
-1.047198	1.440580	2.260026	180	27	36	620.01
2.094395	2.637879	2.121598	190	7	45	620.00
-1.308997	1.870545	-2.976234	169	7	31	619.99
2.617994	0.914445	2.687814	173	28	32	619.94
1.832596	0.762244	-0.273349	184	7	38	619.91
-1.047198	1.766067	2.153843	184	31	44	619.87
-1.308997	1.247695	1.809890	170	15	37	619.79
2.617994	0.080730	-2.622036	172	17	44	619.79
0.523599	2.041297	-2.664597	163	25	30	619.74
-2.356194	2.073035	2.027405	187	21	42	619.72
0.261799	0.685216	-1.712745	181	12	47	619.68
2.356194	2.089241	-0.114193	165	22	42	619.61
-2.094395	1.506530	1.988858	171	24	34	619.58
1.832596	1.869911	2.701025	177	28	28	619.52
-1.308997	1.195355	1.200319	164	14	32	619.48
0.000000	0.914445	2.687814	180	5	39	619.44
0.523599	1.683268	0.374177	189	35	45	619.27
-3.141593	0.571433	-1.188419	183	12	42	619.23
-0.261799	1.134497	-1.109631	175	5	43	619.18
-1.047198	2.455966	-0.641220	168	22	35	619.13
1.832596	2.592629	0.909713	187	19	43	619.12
1.047198	1.875281	0.107086	180	23	37	618.84
1.047198	2.104282	-0.813972	172	36	30	618.78
1.832596	1.909857	-0.381669	187	4	35	618.77
0.785398	2.407836	1.410646	183	12	51	618.75
-1.832596	1.168678	2.108595	164	16	32	618.72
-1.570796	0.571433	-1.188419	175	17	45	618.70
-0.523599	0.992645	-1.723759	179	12	48	618.62
-1.047198	1.756530	-2.105156	172	10	40	618.54
0.785398	2.579248	-2.364801	163	22	34	618.34
0.000000	2.356369	3.005869	166	27	40	618.29
-2.879793	0.618092	2.539118	172	23	40	618.26
2.617994	0.709924	0.218797	185	24	43	618.17
-1.570796	1.721184	-0.153948	166	27	32	618.16
2.356194	0.640596	-2.797608	173	22	40	618.14
-0.261799	2.063651	-2.044600	183	7	41	618.14
1.570796	0.960688	-0.577532	180	9	41	618.06
2.356194	1.683268	0.374177	165	18	43	618.05
-2.617994	1.045978	0.343692	180	34	40	617.92
-1.308997	1.168678	2.108595	170	16	38	617.91
-1.308997	1.506530	1.988858	184	25	40	617.90
0.261799	1.504028	0.636812	183	13	37	617.90
1.832596	0.615174	-0.666022	180	8	40	617.88
-1.047198	2.349581	-2.702517	190	36	35	617.76
0.523599	1.662363	0.915448	182	29	49	617.67
1.308997	1.113094	-0.272241	179	7	38	617.64
-1.308997	2.033014	2.977192	170	7	26	617.61
2.617994	0.914445	2.687814	172	29	32	617.53
-0.785398	1.025536	1.576859	171	6	36	617.45
1.832596	2.588535	-2.976617	174	191	40	617.41
-1.047198	1.662363	0.915448	191	18	47	617.40
-0.785398	0.992645	-1.723759	177	12	48	617.38
2.879793	1.218453	2.777284	171	27	33	617.37
2.617994	1.554776	0.100351	162	13	37	617.21
0.261799	2.174483	2.653697	164	20	39	617.21
-1.047198	0.831641	0.616218	165	13	37	617.16
-3.141593	2.637879	2.121598	190	18	39	617.13
1.570796	1.374601	-2.456031	181	29	44	617.07
2.356194	0.866955	-0.931351	185	15	45	617.03
2.879793	2.396274	-1.959260	178	28	38	617.01
-0.785398	0.700570	1.559208	173	8	42	617.00
2.094395	1.909857	-0.381669	191	6	36	616.85
-2.356194	0.700570	1.559208	171	23	35	616.75
-1.570796	0.615174	-0.666022	176	22	47	616.71
-1.047198	1.433411	-1.035986	167	16	41	616.57
0.000000	2.164094	-2.991358	167	31	35	616.31
-0.261799	1.413430	2.550734	177	9	35	616.29
-0.523599	2.041297	-2.664597	180	36	29	616.26
-0.523599	1.812176	0.656819	188	18	44	616.22
1.308997	2.247462	0.191623	176	33	44	616.15
2.617994	1.045978	0.343692	162	9	32	616.11
0.261799	1.766067	2.153843	166	23	43	615.95
-1.308997	1.014500	0.906702	163	16	34	615.82
-1.308997	1.545873	-1.877082	167	12	40	615.81
2.356194	1.413430	2.550734	185	18	34	615.79
2.617994	2.104282	-0.813972	3	18	41	615.77
-0.261799	1.448123	-2.163292	183	10	44	615.63
-0.261799	2.579248	-2.364801	186	4	34	615.62
2.879793	2.588535	-2.976617	169	24	33	615.58
2.094395	1.391910	3.030322	176	188	26	615.57
0.261799	2.863997	0.549740	172	27	31	615.55
-1.047198	1.545873	-1.877082	169	9	40	615.45
-2.356194	0.619654	-2.216909	176	12	43	615.36
2.617994	1.025536	1.576859	187	25	40	615.26
-0.785398	2.115563	0.685730	185	13	45	615.25
-1.047198	1.846342	-1.796954	172	12	41	615.18
2.617994	1.134796	2.434290	176	29	30	615.05
-2.879793	2.343981	-1.040456	185	27	38	615.00
-1.832596	2.637879	2.121598	179	26	40	614.92
0.261799	1.440580	2.260026	165	25	38	614.81
0.261799	1.555207	1.708892	170	24	42	614.77
0.785398	1.310100	1.488307	168	21	39	614.76
2.879793	0.418037	1.360082	184	20	44	614.75
0.000000	1.836682	-0.676006	170	12	40	614.73
-1.308997	2.456751	-1.503343	173	21	42	614.72
-2.879793	0.709924	0.218797	181	28	44	614.66
1.308997	1.134497	-1.109631	176	11	44	614.64
2.356194	2.343981	-1.040456	4	20	41	614.60
2.356194	2.356369	3.005869	172	26	31	614.57
-2.617994	0.831641	0.616218	181	35	42	614.52
2.356194	2.356369	3.005869	172	27	33	614.48
2.879793	1.504028	0.636812	169	6	43	614.41
-1.832596	0.418037	1.360082	170	18	39	614.29
2.094395	1.875281	0.107086	164	25	42	614.24
-2.879793	1.417623	-0.202254	179	21	37	614.13
0.785398	2.724429	-0.348782	185	33	41	614.11
0.785398	2.343981	-1.040456	183	25	33	614.10
2.617994	1.310100	1.488307	174	1	43	614.08
2.094395	1.998705	2.370472	172	25	23	614.04
1.832596	1.510910	-0.740472	186	6	41	614.00
1.570796	0.297065	2.160177	181	14	39	613.93
0.523599	1.128190	-2.288622	184	9	37	613.93
1.570796	0.961715	0.014085	184	6	35	613.81
0.000000	1.662363	0.915448	184	25	46	613.81
1.832596	1.448123	-2.163292	180	26	46	613.78
0.261799	0.685216	-1.712745	179	12	43	613.78
-1.832596	2.478122	2.609777	184	28	38	613.74
-0.523599	2.247462	0.191623	186	14	39	613.62
-1.047198	0.080730	-2.622036	178	15	42	613.60
2.094395	1.836682	-0.676006	189	5	35	613.57
2.879793	0.458961	-0.107937	182	22	44	613.54
-0.523599	1.134497	-1.109631	174	12	46	613.48
0.523599	2.115563	0.685730	185	20	45	613.42
-0.785398	0.685216	-1.712745	177	10	44	613.41
-0.785398	0.685216	-1.712745	181	17	50	613.41
-0.523599	2.881233	-2.582574	178	30	35	613.28
-1.570796	0.992645	-1.723759	172	16	45	613.26
-1.832596	1.440580	2.260026	170	24	35	613.25
-2.617994	2.456751	-1.503343	175	28	38	613.23
0.523599	1.809167	1.213774	179	24	50	613.17
-1.047198	1.606104	-0.451151	165	18	36	613.10
-3.141593	2.664082	-1.071402	187	27	35	613.00
0.523599	2.063651	-2.044600	168	32	25	612.95
-1.047198	2.041297	-2.664597	179	8	38	612.94
-2.356194	2.724429	-0.348782	186	29	32	612.87
1.308997	1.413347	-1.339188	179	14	46	612.82
-2.617994	2.104282	-0.813972	179	8	35	612.78
-2.617994	1.417623	-0.202254	175	191	32	612.71
-0.261799	2.719179	-1.780644	186	23	33	612.68
-0.261799	1.488617	1.159546	182	21	41	612.67
-1.308997	1.606104	-0.451151	166	21	36	612.67
-0.523599	1.555207	1.708892	183	32	47	612.67
0.523599	2.108018	1.311430	180	18	51	612.58
1.832596	1.433411	-1.035986	183	5	39	612.55
0.261799	0.831641	0.616218	185	8	43	612.52
-1.308997	1.194549	-0.801900	169	21	43	612.49
0.785398	2.153910	-1.714959	167	31	26	612.45
0.523599	1.699788	2.452890	163	18	37	612.41
1.308997	2.587733	0.232235	182	31	46	612.31
-1.047198	1.870545	-2.976234	185	37	31	612.28
-1.047198	1.545873	-1.877082	170	9	40	612.25
2.094395	2.164094	-2.991358	183	17	31	612.25
-1.570796	1.134796	2.434290	170	20	38	612.25
2.879793	1.606104	-0.451151	165	10	32	612.24
1.047198	0.961715	0.014085	178	6	36	612.24
-0.785398	2.115563	0.685730	187	13	48	612.14
2.094395	1.606104	-0.451151	189	4	34	612.13
1.570796	1.113094	-0.272241	184	8	38	612.06
-2.094395	2.579248	-2.364801	170	14	38	612.02
0.261799	1.335669	0.897240	182	19	39	612.02
-2.879793	2.704512	1.488683	43	185	181	612.02
1.308997	2.664082	-1.071402	172	27	30	612.00
2.617994	0.831641	0.616218	170	12	36	611.89
1.570796	2.456751	-1.503343	2	16	42	611.83
1.570796	0.370812	-2.547742	183	22	48	611.80
1.308997	2.379497	0.561089	185	21	43	611.69
1.832596	1.374601	-2.456031	180	29	44	611.62
-0.261799	2.251330	-2.330739	184	8	39	611.47
-2.617994	1.721184	-0.153948	175	1	38	611.45
-0.785398	1.741644	-2.695914	177	6	37	611.43
2.356194	1.574060	2.783565	188	6	35	611.43
-0.785398	1.440580	2.260026	174	13	35	611.41
0.000000	1.413430	2.550734	180	2	32	611.23
1.047198	0.418037	1.360082	184	14	44	611.22
-2.617994	0.960688	-0.577532	178	29	43	611.16
1.047198	2.979456	-1.009304	182	20	30	611.13
2.094395	0.762244	-0.273349	187	9	39	611.06
2.094395	2.760637	2.781135	170	26	26	611.03
2.094395	1.904882	-1.478089	189	20	46	610.98
-1.570796	1.574060	2.783565	165	9	28	610.90
0.785398	2.343981	-1.040456	174	37	32	610.75
2.094395	0.496451	0.593859	182	19	41	610.70
2.094395	0.370812	-2.547742	181	23	49	610.69
-1.832596	1.135834	-1.431087	170	20	42	610.66
-2.356194	2.881233	-2.582574	169	15	34	610.64
-0.785398	1.741644	-2.695914	176	5	36	610.60
-1.570796	1.325504	-1.671296	167	16	40	610.57
-0.523599	1.998705	2.370472	174	24	39	610.48
-0.785398	2.063651	-2.044600	1	35	26	610.48
-0.523599	0.992645	-1.723759	180	12	48	610.44
1.570796	0.961715	0.014085	185	6	35	610.44
0.261799	1.014500	0.906702	182	22	39	610.28
-0.523599	1.812176	0.656819	185	16	41	610.17
2.617994	1.134796	2.434290	189	6	35	610.13
2.879793	1.721184	-0.153948	165	11	37	610.01
1.570796	0.899350	-2.069907	174	21	43	609.99
-0.261799	1.301460	-0.509251	172	3	38	609.99
-0.785398	2.588535	-2.976617	180	34	38	609.92
-0.785398	1.134497	-1.109631	172	14	46	609.91
-1.047198	2.089241	-0.114193	166	19	27	609.91
0.261799	0.418037	1.360082	184	3	42	609.89
0.000000	1.391910	3.030322	175	161	0	609.78
-0.523599	2.356369	3.005869	173	33	39	609.76
-0.785398	1.025536	1.576859	183	26	39	609.72
-1.832596	1.168678	2.108595	169	22	38	609.70
-0.261799	1.433411	-1.035986	175	19	45	609.60
-0.261799	2.407836	1.410646	175	14	46	609.57
2.879793	1.367556	0.358405	165	6	37	609.50
-1.308997	0.571433	-1.188419	177	18	48	609.49
2.617994	1.184361	0.625864	173	17	40	609.47
-1.832596	1.310100	1.488307	165	21	31	609.44
-2.879793	0.619654	-2.216909	177	18	47	609.28
-1.570796	2.588535	-2.976617	177	4	34	609.26
1.832596	1.301460	-0.509251	189	11	41	609.24
0.523599	1.545873	-1.877082	178	18	44	609.23
2.094395	0.418037	1.360082	182	17	40	609.21
0.261799	1.128190	-2.288622	188	17	46	609.15
-0.261799	2.404280	-0.174044	169	21	34	609.01
-0.785398	1.134796	2.434290	175	14	38	608.97
-1.308997	1.214854	-1.966664	170	11	42	608.93
-3.141593	0.379747	-1.713059	178	11	43	608.91
-1.832596	0.866395	-2.492918	170	14	45	608.87
-2.094395	0.850607	-1.335383	172	22	42	608.81
0.785398	1.488617	1.159546	174	20	38	608.69
-0.523599	1.014500	0.906702	170	3	33	608.68
2.094395	1.909857	-0.381669	190	6	35	608.65
-1.047198	1.448123	-2.163292	175	12	43	608.53
1.832596	1.869911	2.701025	172	191	38	608.52
-1.047198	0.685216	-1.712745	175	12	43	608.50
2.356194	1.135813	-2.658866	173	22	42	608.47
0.785398	2.979456	-1.009304	180	31	39	608.43
-1.832596	1.025536	1.576859	165	21	37	608.42
0.523599	2.299159	2.264663	188	25	26	608.42
-1.047198	1.184361	0.625864	164	12	32	608.40
-2.879793	0.203748	0.590255	183	21	47	608.38
-2.879793	0.906588	1.252948	180	21	39	608.34
0.261799	0.640596	-2.797608	185	9	43	608.33
0.523599	0.899350	-2.069907	183	11	41	608.17
-1.047198	2.579248	-2.364801	2	34	37	608.10
-0.261799	1.417623	-0.202254	171	2	34	607.96
0.261799	0.297065	2.160177	180	12	41	607.96
-1.308997	1.310100	1.488307	165	13	32	607.82
-2.356194	0.709924	0.218797	181	8	34	607.72
1.832596	1.135834	-1.431087	178	14	46	607.72
0.523599	1.870545	-2.976234	0	22	38	607.64
-0.523599	1.736875	3.023612	176	14	32	607.59
-1.308997	1.135834	-1.431087	169	13	40	607.56
1.308997	1.134497	-1.109631	174	8	38	607.52
-1.570796	2.588535	-2.976617	175	4	32	607.44
1.570796	2.153910	-1.714959	0	19	44	607.33
-1.570796	0.866395	-2.492918	171	11	44	607.31
-2.879793	1.836682	-0.676006	179	23	33	607.31
-1.308997	1.450119	-2.739050	171	10	40	607.28
1.047198	0.864993	2.278281	161	12	29	607.25
-1.047198	1.741644	-2.695914	187	36	26	607.18
-0.261799	2.587733	0.232235	167	22	28	607.14
-2.879793	0.080730	-2.622036	173	11	42	607.04
0.785398	2.033014	2.977192	162	13	34	607.03
-0.523599	1.256302	0.062705	168	6	35	606.90
-1.570796	0.685216	-1.712745	173	16	44	606.86
-1.047198	1.025536	1.576859	167	8	35	606.82
-1.832596	2.343981	-1.040456	173	26	39	606.78
-3.141593	2.343981	-1.040456	173	10	34	606.77
-1.570796	1.391910	3.030322	170	14	38	606.74
-1.308997	1.194549	-0.801900	169	22	44	606.69
0.523599	2.664082	-1.071402	180	36	37	606.64
1.047198	2.001437	0.381215	182	24	42	606.64
-0.523599	0.961715	0.014085	169	8	40	606.61
1.832596	0.080730	-2.622036	178	21	48	606.54
2.879793	0.929350	-2.910676	170	21	39	606.51
1.570796	1.433411	-1.035986	180	6	39	606.45
-0.261799	2.588535	-2.976617	172	26	34	606.43
-0.261799	0.992645	-1.723759	182	11	48	606.33
-1.308997	2.001437	0.381215	188	8	45	606.32
-2.879793	1.014500	0.906702	180	188	36	606.31
-0.523599	1.658653	-2.409879	180	6	40	606.16
-0.785398	2.153910	-1.714959	171	9	37	605.96
1.047198	2.724429	-0.348782	181	34	43	605.91
-1.308997	1.014500	0.906702	164	15	34	605.90
0.000000	2.456751	-1.503343	187	23	32	605.89
-2.617994	2.356369	3.005869	169	9	30	605.73
-2.356194	2.180315	-1.357379	176	25	40	605.66
2.356194	2.174483	2.653697	171	24	28	605.56
2.879793	0.370812	-2.547742	172	18	44	605.44
-1.308997	1.135834	-1.431087	171	17	46	605.38
-1.570796	2.251330	-2.330739	176	12	43	605.38
0.000000	1.696674	-1.253233	174	7	39	605.34
-1.308997	2.174483	2.653697	180	29	37	605.29
1.832596	1.699788	2.452890	176	28	25	605.21
0.000000	1.870545	-2.976234	171	21	25	605.20
-3.141593	0.709924	0.218797	180	23	41	605.19
-1.570796	0.910508	1.903534	164	13	34	605.11
0.000000	2.349581	-2.702517	169	33	34	605.10
0.261799	0.831641	0.616218	185	7	43	605.09
-1.308997	1.413430	2.550734	183	28	34	605.05
-1.047198	0.496451	0.593859	169	15	43	605.03
1.308997	0.992645	-1.723759	174	18	43	605.02
1.308997	1.904882	-1.478089	187	15	46	605.01
-2.879793	0.961715	0.014085	178	15	37	604.98
-0.523599	1.554776	0.100351	189	19	38	604.88
0.261799	1.256302	0.062705	167	11	31	604.81
1.570796	0.379747	-1.713059	176	18	47	604.76
1.832596	1.218453	2.777284	170	190	28	604.75
0.523599	1.870545	-2.976234	161	22	29	604.75
-0.523599	2.033014	2.977192	174	35	37	604.72
1.308997	1.982574	-1.115518	185	9	44	604.61
-1.570796	1.998705	2.370472	187	30	43	604.59
0.000000	2.637879	2.121598	170	13	47	604.55
2.879793	1.168678	2.108595	189	8	39	604.43
2.356194	1.050534	3.042579	174	29	36	604.32
-1.308997	1.134497	-1.109631	170	20	45	604.24
1.570796	2.587733	0.232235	184	19	32	604.21
2.617994	2.356369	3.005869	171	24	33	604.21
-0.261799	2.033014	2.977192	171	23	30	604.21
1.570796	1.982574	-1.115518	188	11	43	604.13
-1.570796	1.699788	2.452890	185	27	35	604.13
0.000000	2.089241	-0.114193	169	18	34	604.04
1.047198	1.134497	-1.109631	175	13	45	603.92
1.832596	1.391910	3.030322	185	15	32	603.91
2.094395	1.766067	2.153843	173	24	20	603.91
0.261799	2.033014	2.977192	164	25	38	603.88
1.570796	1.135834	-1.431087	176	10	42	603.85
2.617994	1.301460	-0.509251	164	15	28	603.78
0.523599	1.998705	2.370472	165	16	42	603.73
-2.356194	1.218453	2.777284	168	12	32	603.65
-0.523599	1.168678	2.108595	176	12	39	603.65
0.785398	1.977582	0.969896	180	20	47	603.64
2.094395	1.875281	0.107086	165	25	41	603.49
-3.141593	2.115563	0.685730	173	13	51	603.47
-1.570796	2.396274	-1.959260	174	19	43	603.44
1.570796	1.433411	-1.035986	181	9	44	603.41
2.617994	0.899350	-2.069907	168	179	10	603.33
2.356194	2.180315	-1.357379	0	23	44	603.32
-1.570796	1.510910	-0.740472	166	25	39	603.31
1.308997	1.869911	2.701025	184	30	30	603.29
2.356194	2.379497	0.561089	173	25	51	603.28
-0.523599	1.135834	-1.431087	176	10	46	603.27
-2.356194	1.134497	-1.109631	171	23	36	603.27
-2.879793	0.674054	1.013609	179	18	38	603.09
-1.308997	2.073035	2.027405	178	24	40	603.07
0.000000	1.214854	-1.966664	183	14	46	603.02
0.261799	0.379747	-1.713059	179	16	46	602.99
-0.523599	1.391910	3.030322	167	159	191	602.97
0.523599	1.606104	-0.451151	189	33	34	602.95
-1.047198	1.721184	-0.153948	166	19	32	602.91
-3.141593	2.108018	1.311430	182	15	54	602.90
-0.261799	1.756530	-2.105156	181	7	41	602.82
0.785398	1.128190	-2.288622	186	11	37	602.80
1.570796	0.418037	1.360082	182	16	41	602.78
1.570796	1.846342	-1.796954	187	20	47	602.64
-2.094395	0.379747	-1.713059	174	18	39	602.63
-2.094395	1.413347	-1.339188	168	25	36	602.62
0.523599	1.367556	0.358405	179	9	34	602.54
-0.523599	1.504028	0.636812	0	23	44	602.53
2.879793	0.591903	2.010408	181	16	34	602.46
0.523599	1.310100	1.488307	173	33	45	602.44
2.094395	2.588535	-2.976617	178	30	34	602.41
-2.094395	2.456751	-1.503343	171	22	34	602.33
-1.570796	1.242974	-2.977882	169	12	41	602.26
2.879793	2.579248	-2.364801	172	29	35	602.25
-0.523599	1.506530	1.988858	177	24	39	602.23
-1.570796	1.998705	2.370472	182	27	37	602.21
-0.523599	2.349581	-2.702517	179	37	34	602.18
0.523599	2.349581	-2.702517	162	24	33	602.10
2.356194	1.569311	-3.003978	184	1	28	602.07
-1.570796	1.134497	-1.109631	171	23	46	602.07
-2.617994	2.881233	-2.582574	170	22	36	602.04
-3.141593	0.685216	-1.712745	179	15	45	601.95
-1.047198	1.569311	-3.003978	173	6	36	601.95
1.308997	1.413347	-1.339188	180	14	46	601.93
0.000000	1.756530	-2.105156	182	6	39	601.93
-0.785398	2.404280	-0.174044	168	24	32	601.91
-3.141593	2.089241	-0.114193	167	10	42	601.85
-0.261799	2.579248	-2.364801	182	21	29	601.75
2.356194	1.488617	1.159546	168	8	45	601.71
0.261799	0.899350	-2.069907	184	20	47	601.71
-0.523599	1.721184	-0.153948	167	5	28	601.60
1.047198	1.335669	0.897240	173	33	45	601.48
0.261799	2.299159	2.264663	189	25	26	601.43
-1.308997	1.699788	2.452890	170	18	32	601.40
1.570796	0.080730	-2.622036	178	21	47	601.39
-2.617994	1.736875	3.023612	169	21	34	601.32
2.356194	0.866955	-0.931351	185	16	45	601.29
0.261799	1.824694	1.850876	169	21	42	601.26
2.356194	2.089241	-0.114193	164	21	41	601.25
-2.879793	2.356369	3.005869	169	14	34	601.18
-2.356194	1.113094	-0.272241	176	31	40	601.13
0.000000	1.413347	-1.339188	176	18	46	601.12
1.832596	0.080730	-2.622036	177	19	45	601.12
1.570796	0.960688	-0.577532	181	9	41	600.92
0.000000	1.658653	-2.409879	185	7	39	600.90
-1.570796	1.998705	2.370472	188	30	44	600.84
-2.356194	2.174483	2.653697	0	22	38	600.62
1.308997	0.379747	-1.713059	175	19	46	600.59
-0.261799	0.910508	1.903534	178	26	37	600.54
-2.356194	0.960688	-0.577532	176	28	43	600.47
2.617994	2.456751	-1.503343	171	13	33	600.47
0.523599	2.478122	2.609777	191	25	29	600.42
0.785398	1.599406	1.426070	173	18	38	600.40
2.094395	2.881233	-2.582574	176	0	43	600.28
1.308997	2.719179	-1.780644	5	18	39	600.25
-2.094395	1.256302	0.062705	179	4	33	600.16
-2.356194	0.850607	-1.335383	173	23	41	600.07
1.832596	0.700570	1.559208	158	167	191	600.00
-2.879793	2.881233	-2.582574	5	6	43	599.96
0.785398	0.960688	-0.577532	170	10	39	599.96
2.094395	1.135813	-2.658866	175	26	42	599.95
0.261799	2.456751	-1.503343	185	25	33	599.92
-2.879793	0.203748	0.590255	184	23	47	599.88
2.094395	1.194549	-0.801900	185	6	41	599.86
-1.308997	1.134497	-1.109631	169	16	42	599.85
1.832596	2.760637	2.781135	172	29	27	599.80
-0.261799	2.187132	-0.479875	170	19	38	599.80
-2.356194	1.134497	-1.109631	172	27	40	599.77
-3.141593	0.831641	0.616218	180	24	41	599.66
1.047198	1.732874	-0.951685	178	8	43	599.57
2.879793	0.458961	-0.107937	181	21	43	599.50
-0.523599	1.977582	0.969896	185	19	49	599.50
2.879793	1.367556	0.358405	165	6	38	599.45
-2.879793	2.984978	1.954446	188	20	37	599.43
1.832596	1.696674	-1.253233	185	8	42	599.38
0.785398	0.762244	-0.273349	171	11	38	599.32
0.523599	1.113094	-0.272241	170	12	38	599.28
2.356194	1.417623	-0.202254	161	19	31	599.25
1.832596	0.700570	1.559208	183	17	38	599.25
1.832596	2.343981	-1.040456	164	26	35	599.23
-1.047198	2.001437	0.381215	188	11	44	599.06
-2.094395	1.417623	-0.202254	172	31	37	599.00
2.356194	1.256302	0.062705	160	17	31	598.98
1.308997	2.174483	2.653697	184	30	30	598.94
1.047198	1.045978	0.343692	177	37	37	598.93
1.570796	1.696674	-1.253233	184	12	44	598.91
0.523599	1.909857	-0.381669	190	31	37	598.90
-0.785398	2.404280	-0.174044	186	12	37	598.68
2.879793	2.174483	2.653697	168	17	28	598.64
-1.832596	1.247695	1.809890	168	21	36	598.61
0.785398	2.108018	1.311430	180	17	50	598.56
-1.308997	1.448123	-2.163292	168	9	39	598.52
0.523599	1.812176	0.656819	186	29	49	598.48
-0.261799	1.194549	-0.801900	173	4	40	598.46
1.832596	2.478122	2.609777	173	27	26	598.45
1.832596	1.909857	-0.381669	186	3	34	598.42
-3.141593	1.025536	1.576859	183	21	39	598.37
-1.047198	1.242974	-2.977882	174	7	41	598.36
-2.879793	0.619654	-2.216909	177	19	47	598.25
0.261799	1.696674	-1.253233	177	5	37	598.24
2.879793	1.014500	0.906702	176	10	40	598.23
-1.832596	0.960688	-0.577532	171	22	42	598.21
2.094395	0.591903	2.010408	181	16	37	598.11
-2.879793	1.113094	-0.272241	177	16	35	598.09
1.047198	0.674054	1.013609	187	5	33	598.09
1.570796	1.545873	-1.877082	183	21	47	598.03
-0.523599	2.579248	-2.364801	183	37	37	597.96
-1.308997	2.588535	-2.976617	180	3	35	597.91
0.523599	1.662363	0.915448	182	30	49	597.82
2.356194	1.554776	0.100351	161	18	37	597.82
1.832596	1.440580	2.260026	168	1	38	597.77
-0.261799	1.696674	-1.253233	174	14	43	597.77
1.047198	2.041297	-2.664597	191	21	36	597.76
-1.047198	2.299159	2.264663	178	29	46	597.73
-0.785398	0.700570	1.559208	175	12	43	597.62
-2.617994	0.615174	-0.666022	174	21	38	597.61
2.356194	0.591903	2.010408	187	20	42	597.60
-0.523599	1.569311	-3.003978	175	29	29	597.56
1.570796	1.545873	-1.877082	184	23	47	597.46
-1.047198	1.413347	-1.339188	176	22	46	597.44
0.000000	2.115563	0.685730	186	18	45	597.42
-1.570796	1.050534	3.042579	167	9	38	597.40
-2.879793	1.417623	-0.202254	167	0	28	597.40
2.094395	2.863997	0.549740	181	28	42	597.40
2.617994	2.881233	-2.582574	173	30	31	597.31
-2.617994	0.591903	2.010408	171	23	38	597.26
0.261799	1.113094	-0.272241	167	13	36	597.22
1.570796	0.866955	-0.931351	175	8	41	597.19
2.617994	1.554776	0.100351	189	32	35	597.16
-0.261799	1.721184	-0.153948	189	19	37	596.71
-1.832596	0.850607	-1.335383	173	20	45	596.70
1.570796	1.732874	-0.951685	184	8	42	596.67
-0.523599	2.115563	0.685730	185	16	45	596.63
1.308997	1.417623	-0.202254	182	6	36	596.59
-1.308997	1.736875	3.023612	188	36	33	596.45
-2.617994	0.674054	1.013609	185	5	36	596.44
-2.879793	0.685216	-1.712745	179	14	45	596.42
2.356194	1.335669	0.897240	165	10	42	596.41
0.000000	2.089241	-0.114193	169	19	34	596.30
-3.141593	0.866395	-2.492918	171	15	42	596.27
-0.523599	2.349581	-2.702517	178	29	31	596.20
-2.617994	2.637879	2.121598	185	25	40	596.18
-2.356194	0.850607	-1.335383	172	22	38	596.17
1.832596	1.545873	-1.877082	182	21	47	596.15
-2.617994	0.290380	-0.796960	175	19	39	596.14
-3.141593	2.396274	-1.959260	174	28	38	596.12
-0.523599	1.504028	0.636812	179	14	37	596.12
2.094395	2.760637	2.781135	187	2	46	595.99
2.617994	1.014500	0.906702	172	11	40	595.98
2.617994	1.050534	3.042579	174	27	37	595.97
-0.785398	1.658653	-2.409879	178	7	41	595.95
-2.617994	1.606104	-0.451151	174	0	32	595.90
-2.356194	1.113094	-0.272241	175	29	40	595.79
1.308997	1.325504	-1.671296	179	19	47	595.77
-1.832596	1.310100	1.488307	166	21	33	595.76
0.261799	1.699788	2.452890	164	22	36	595.70
-2.617994	1.998705	2.370472	182	24	34	595.63
-2.879793	1.909857	-0.381669	170	3	36	595.46
1.832596	2.637879	2.121598	170	21	24	595.45
1.570796	2.153910	-1.714959	191	18	45	595.39
0.523599	2.396274	-1.959260	168	33	31	595.38
1.308997	0.418037	1.360082	166	20	32	595.37
1.832596	2.881233	-2.582574	186	28	32	595.32
-2.617994	1.135813	-2.658866	170	8	37	595.23
0.523599	2.073035	2.027405	169	14	43	595.23
-2.094395	2.478122	2.609777	186	27	38	595.22
0.523599	1.812176	0.656819	183	23	43	595.22
1.832596	1.766067	2.153843	171	3	43	595.19
-2.356194	0.080730	-2.622036	177	8	41	595.19
-0.523599	2.247462	0.191623	187	14	41	595.18
-0.785398	0.496451	0.593859	169	12	43	595.13
0.523599	2.073035	2.027405	169	14	42	595.12
-1.308997	1.617114	-1.572037	166	14	39	595.06
1.047198	0.290380	-0.796960	174	13	44	595.06
0.261799	2.863997	0.549740	167	20	26	595.04
2.617994	1.510910	-0.740472	163	15	26	595.01
-2.879793	1.766067	2.153843	183	24	35	594.98
1.047198	1.488617	1.159546	174	18	36	594.98
2.617994	1.812176	0.656819	168	13	46	594.97
0.261799	0.831641	0.616218	186	28	38	594.96
-2.356194	2.404280	-0.174044	176	7	44	594.92
2.356194	2.760637	2.781135	191	3	45	594.83
2.879793	2.115563	0.685730	172	16	51	594.82
1.308997	2.247462	0.191623	184	18	32	594.77
-0.261799	1.599406	1.426070	180	20	41	594.74
2.356194	1.218453	2.777284	188	5	32	594.73
-0.785398	1.812176	0.656819	190	17	47	594.59
1.570796	0.960688	-0.577532	183	10	42	594.54
-1.047198	2.478122	2.609777	178	31	44	594.53
-2.094395	0.961715	0.014085	174	29	42	594.53
-1.570796	2.180315	-1.357379	178	27	43	594.52
0.523599	1.599406	1.426070	172	22	44	594.46
1.047198	2.396274	-1.959260	2	18	43	594.39
-1.047198	0.203748	0.590255	172	17	46	594.37
-3.141593	1.214854	-1.966664	177	17	47	594.36
-1.832596	0.618092	2.539118	171	19	45	594.28
-2.879793	1.025536	1.576859	181	19	37	594.28
-2.879793	1.367556	0.358405	173	191	38	594.12
1.832596	1.569311	-3.003978	183	16	31	594.05
0.523599	1.872854	1.543456	175	16	39	594.02
-0.523599	2.108018	1.311430	179	18	47	594.02
-1.308997	1.606104	-0.451151	165	22	36	594.01
-1.308997	2.174483	2.653697	181	29	37	594.01
-0.523599	1.998705	2.370472	174	31	44	593.98
0.785398	2.404280	-0.174044	188	26	40	593.91
-1.308997	2.724429	-0.348782	171	29	31	593.88
2.617994	2.356369	3.005869	168	23	27	593.87
1.047198	2.704512	1.488683	170	22	25	593.73
-1.832596	1.982574	-1.115518	177	24	43	593.72
-2.356194	0.370812	-2.547742	178	18	50	593.69
-1.832596	1.194549	-0.801900	171	27	44	593.68
-2.617994	1.417623	-0.202254	175	0	33	593.65
-2.617994	1.683268	0.374177	178	4	44	593.61
-3.141593	2.881233	-2.582574	170	26	34	593.50
1.047198	1.599406	1.426070	171	17	44	593.46
-3.141593	1.025536	1.576859	182	21	38	593.43
0.523599	1.812176	0.656819	183	25	46	593.32
1.047198	2.251330	-2.330739	161	18	28	593.20
0.000000	1.977582	0.969896	182	20	47	593.19
0.785398	1.875281	0.107086	185	27	41	593.18
2.617994	2.588535	-2.976617	170	27	32	593.17
1.047198	0.496451	0.593859	187	6	42	593.13
-2.617994	0.297065	2.160177	172	19	40	592.77
-3.141593	1.510910	-0.740472	178	22	34	592.72
-2.617994	1.045978	0.343692	180	11	37	592.64
2.356194	2.104282	-0.813972	164	19	33	592.57
-0.523599	1.766067	2.153843	175	23	39	592.47
1.570796	1.218453	2.777284	166	1	27	592.34
2.356194	2.579248	-2.364801	175	189	37	592.32
-1.047198	1.413347	-1.339188	169	13	42	592.30
-3.141593	0.866955	-0.931351	187	18	45	592.29
1.047198	1.662363	0.915448	176	19	37	592.29
2.356194	0.615174	-0.666022	184	10	41	592.28
-2.356194	1.256302	0.062705	175	31	38	592.23
-0.523599	2.299159	2.264663	172	26	46	592.22
2.879793	1.247695	1.809890	186	9	42	592.20
0.000000	1.948085	-2.363031	185	5	36	592.16
2.617994	1.256302	0.062705	161	12	32	592.16
-1.570796	1.218453	2.777284	165	9	33	592.15
-2.617994	2.104282	-0.813972	177	3	34	591.96
0.523599	2.073035	2.027405	170	15	47	591.92
0.785398	2.349581	-2.702517	161	19	33	591.88
-1.570796	0.290380	-0.796960	182	22	49	591.81
2.356194	0.674054	1.013609	182	19	39	591.80
-1.570796	2.001437	0.381215	182	7	41	591.78
-0.523599	2.588535	-2.976617	175	33	38	591.77
-1.308997	1.721184	-0.153948	169	25	34	591.64
-2.879793	0.370812	-2.547742	175	16	46	591.57
2.617994	1.367556	0.358405	173	20	40	591.51
-0.261799	2.592629	0.909713	182	9	46	591.45
-0.785398	1.184361	0.625864	178	15	39	591.44
-2.879793	2.089241	-0.114193	170	7	42	591.37
0.000000	1.948085	-2.363031	186	13	42	591.36
0.785398	0.379747	-1.713059	181	17	49	591.33
2.356194	1.510910	-0.740472	190	9	41	591.31
1.047198	0.290380	-0.796960	173	13	43	591.24
-0.523599	1.846342	-1.796954	176	8	41	591.24
1.308997	1.504028	0.636812	176	20	36	591.23
-0.785398	1.683268	0.374177	0	17	43	591.14
-1.047198	1.014500	0.906702	164	11	33	591.12
-0.261799	1.135813	-2.658866	186	10	44	591.11
-1.047198	2.041297	-2.664597	189	36	29	591.07
-2.356194	0.914445	2.687814	165	21	38	591.03
-2.094395	0.864993	2.278281	165	19	37	591.00
-3.141593	0.914445	2.687814	174	27	39	591.00
0.785398	1.417623	-0.202254	174	9	37	590.98
1.570796	2.478122	2.609777	179	30	29	590.81
0.261799	2.138223	1.678323	175	17	50	590.78
-0.261799	1.310100	1.488307	180	23	40	590.78
-2.356194	1.998705	2.370472	191	21	39	590.76
-1.047198	1.504028	0.636812	177	16	37	590.68
1.570796	2.592629	0.909713	185	24	51	590.66
0.000000	2.587733	0.232235	172	27	30	590.66
2.617994	0.379747	-1.713059	177	13	45	590.65
-0.785398	0.370812	-2.547742	176	12	42	590.65
-1.308997	1.699788	2.452890	188	34	41	590.60
-1.570796	0.591903	2.010408	167	12	39	590.51
1.832596	1.606104	-0.451151	164	29	29	590.44
-0.523599	1.869911	2.701025	173	25	33	590.40
-0.261799	1.195355	1.200319	178	4	36	590.38
2.094395	1.195355	1.200319	163	9	39	590.36
-1.047198	1.025536	1.576859	169	10	37	590.32
2.356194	1.194549	-0.801900	189	19	44	590.31
2.617994	0.290380	-0.796960	183	8	39	590.29
0.000000	1.617114	-1.572037	177	9	42	590.29
-1.047198	2.719179	-1.780644	7	28	39	590.28
-0.261799	0.992645	-1.723759	181	12	48	590.24
-1.047198	1.168678	2.108595	172	16	39	590.18
-0.523599	1.846342	-1.796954	175	8	40	590.16
1.308997	1.135834	-1.431087	175	14	43	590.12
2.617994	2.379497	0.561089	172	22	51	590.11
-0.785398	1.721184	-0.153948	166	14	32	590.11
-1.832596	0.591903	2.010408	167	15	39	590.09
2.879793	1.247695	1.809890	185	23	38	590.05
-2.094395	0.762244	-0.273349	175	23	43	590.01
0.523599	1.683268	0.374177	185	26	42	589.94
2.094395	1.869911	2.701025	177	189	38	589.87
2.356194	1.134796	2.434290	184	17	34	589.85
-1.570796	0.615174	-0.666022	176	21	47	589.81
0.785398	2.299159	2.264663	186	29	26	589.77
-2.356194	0.929350	-2.910676	171	5	33	589.70
1.308997	0.709924	0.218797	184	6	38	589.63
2.356194	1.014500	0.906702	184	21	39	589.62
1.832596	2.073035	2.027405	174	22	20	589.57
1.308997	2.404280	-0.174044	175	34	41	589.53
1.832596	0.762244	-0.273349	184	8	38	589.46
-1.570796	1.440580	2.260026	169	19	34	589.46
0.261799	1.982574	-1.115518	177	3	31	589.19
1.570796	2.393226	1.857173	173	25	25	589.10
-1.308997	1.242974	-2.977882	171	9	41	589.02
0.523599	1.809167	1.213774	176	21	46	588.99
-0.261799	2.164094	-2.991358	172	35	35	588.95
1.570796	1.325504	-1.671296	178	14	45	588.91
-2.094395	0.864993	2.278281	164	19	36	588.86
-2.617994	0.458961	-0.107937	180	24	46	588.77
2.356194	1.998705	2.370472	170	22	22	588.69
2.094395	0.290380	-0.796960	179	9	42	588.67
2.617994	1.504028	0.636812	166	10	43	588.62
2.617994	1.982574	-1.115518	165	10	28	588.58
-1.832596	1.128190	-2.288622	171	19	46	588.57
-0.261799	1.310100	1.488307	178	4	36	588.52
0.785398	2.187132	-0.479875	186	28	38	588.38
2.356194	1.732874	-0.951685	165	18	27	588.32
-2.356194	0.290380	-0.796960	176	17	39	588.26
0.000000	0.496451	0.593859	182	12	46	588.25
2.617994	2.719179	-1.780644	175	12	36	588.23
0.523599	1.909857	-0.381669	190	32	37	588.22
1.308997	1.184361	0.625864	42	175	0	588.17
-1.308997	0.700570	1.559208	166	11	37	588.14
2.094395	1.617114	-1.572037	184	19	47	588.12
2.617994	0.618092	2.539118	183	16	34	588.10
2.094395	0.615174	-0.666022	182	10	41	588.10
1.570796	2.984978	1.954446	170	24	30	587.98
-3.141593	1.417623	-0.202254	179	22	36	587.98
-2.879793	1.506530	1.988858	182	21	36	587.92
-2.356194	1.506530	1.988858	172	26	33	587.89
0.261799	1.440580	2.260026	168	31	41	587.87
0.261799	1.599406	1.426070	174	25	45	587.82
0.261799	1.433411	-1.035986	174	8	40	587.78
2.356194	1.599406	1.426070	172	7	48	587.69
-0.785398	1.506530	1.988858	173	11	35	587.67
0.523599	0.379747	-1.713059	180	17	48	587.60
-1.832596	0.960688	-0.577532	172	24	43	587.59
-0.261799	2.251330	-2.330739	179	38	31	587.56
0.000000	1.555207	1.708892	173	27	44	587.53
0.523599	1.977582	0.969896	180	19	43	587.47
0.261799	1.014500	0.906702	184	1	37	587.39
-1.047198	2.724429	-0.348782	168	26	31	587.37
-2.094395	1.134497	-1.109631	173	25	44	587.32
0.000000	2.164094	-2.991358	168	31	35	587.25
-1.047198	1.574060	2.783565	185	36	35	587.19
2.356194	1.504028	0.636812	165	14	43	587.18
-3.141593	0.831641	0.616218	173	0	34	587.16
2.879793	0.899350	-2.069907	174	16	45	587.16
-0.785398	0.961715	0.014085	167	11	40	587.10
-2.094395	1.168678	2.108595	170	25	38	587.10
-0.785398	2.247462	0.191623	186	12	41	587.04
-2.879793	1.050534	3.042579	168	18	36	587.03
-0.261799	1.658653	-2.409879	182	6	39	586.96
-2.617994	2.299159	2.264663	187	22	39	586.94
2.356194	0.906588	1.252948	184	20	39	586.86
-1.047198	2.979456	-1.009304	169	20	34	586.84
-2.617994	2.719179	-1.780644	170	27	34	586.80
-0.261799	0.960688	-0.577532	173	6	41	586.78
2.356194	2.174483	2.653697	169	24	26	586.73
1.832596	1.736875	3.023612	170	190	31	586.66
0.523599	1.504028	0.636812	185	35	45	586.58
-0.261799	2.033014	2.977192	171	34	38	586.58
2.617994	1.875281	0.107086	164	15	41	586.58
-0.261799	2.456751	-1.503343	187	23	32	586.56
-1.570796	1.242974	-2.977882	166	9	36	586.56
0.000000	2.180315	-1.357379	176	4	35	586.55
-0.523599	1.025536	1.576859	174	2	36	586.53
0.523599	2.478122	2.609777	189	26	28	586.52
0.000000	2.180315	-1.357379	187	24	31	586.52
-1.570796	1.870545	-2.976234	165	9	27	586.51
1.047198	0.418037	1.360082	183	14	43	586.46
-0.261799	1.417623	-0.202254	191	23	36	586.44
-1.832596	1.440580	2.260026	164	15	29	586.27
-1.047198	1.417623	-0.202254	166	18	37	586.24
0.785398	1.812176	0.656819	181	25	46	586.21
1.047198	1.812176	0.656819	179	19	37	586.19
0.523599	1.662363	0.915448	179	25	45	586.17
-1.047198	2.187132	-0.479875	170	25	36	586.13
1.308997	1.836682	-0.676006	178	25	33	586.07
-3.141593	0.899350	-2.069907	176	15	45	586.03
2.879793	0.914445	2.687814	171	26	33	586.01
-0.785398	1.050534	3.042579	177	31	29	585.94
0.785398	2.001437	0.381215	184	23	42	585.93
0.000000	1.367556	0.358405	191	29	41	585.90
-1.832596	0.992645	-1.723759	171	18	45	585.76
-2.094395	1.134497	-1.109631	171	22	39	585.74
-0.261799	1.872854	1.543456	180	25	51	585.69
2.094395	1.982574	-1.115518	164	20	27	585.69
2.617994	1.413430	2.550734	174	29	30	585.68
1.047198	1.812176	0.656819	178	20	38	585.68
0.523599	2.592629	0.909713	174	28	27	585.56
1.047198	2.343981	-1.040456	170	34	32	585.53
-0.261799	1.256302	0.062705	171	2	34	585.48
-1.308997	0.496451	0.593859	168	19	44	585.48
2.356194	2.664082	-1.071402	6	23	38	585.47
1.832596	2.587733	0.232235	177	28	41	585.46
1.047198	1.413347	-1.339188	178	14	46	585.40
-0.261799	1.391910	3.030322	172	161	0	585.37
0.785398	1.662363	0.915448	177	24	45	585.36
-3.141593	1.836682	-0.676006	177	15	35	585.34
0.523599	2.033014	2.977192	162	19	35	585.31
-3.141593	0.458961	-0.107937	178	20	40	585.28
0.261799	1.809167	1.213774	177	21	44	585.28
-0.261799	1.325504	-1.671296	180	18	47	585.28
-0.261799	0.418037	1.360082	181	14	46	585.17
1.570796	0.618092	2.539118	187	15	42	585.16
-2.617994	2.295480	1.008277	40	180	180	585.11
0.261799	0.290380	-0.796960	176	15	48	585.11
1.832596	1.545873	-1.877082	182	23	47	585.02
1.570796	0.615174	-0.666022	179	10	43	585.01
-1.570796	2.138223	1.678323	183	21	48	584.99
2.094395	1.809167	1.213774	171	14	50	584.93
-2.879793	1.998705	2.370472	183	24	34	584.86
-1.570796	0.914445	2.687814	167	9	37	584.86
1.308997	2.588535	-2.976617	166	5	39	584.80
1.308997	1.998705	2.370472	182	30	27	584.71
-2.356194	1.135834	-1.431087	170	26	38	584.69
2.356194	1.184361	0.625864	162	12	37	584.62
-1.047198	0.496451	0.593859	169	16	44	584.60
-0.785398	1.812176	0.656819	189	17	46	584.56
-2.356194	0.831641	0.616218	183	4	36	584.51
1.570796	2.984978	1.954446	170	23	30	584.48
1.308997	2.760637	2.781135	175	2	44	584.47
1.570796	2.247462	0.191623	183	19	31	584.44
1.570796	1.413430	2.550734	183	15	34	584.41
-1.570796	0.762244	-0.273349	173	14	40	584.38
-2.094395	0.762244	-0.273349	176	27	44	584.29
-3.141593	2.984978	1.954446	190	26	44	584.16
-0.785398	1.696674	-1.253233	173	18	44	584.13
1.308997	1.904882	-1.478089	186	14	46	584.13
2.094395	0.496451	0.593859	186	20	45	584.02
-1.570796	1.325504	-1.671296	168	17	43	583.97
-0.523599	1.325504	-1.671296	180	20	47	583.95
1.570796	1.683268	0.374177	185	7	29	583.95
2.879793	1.875281	0.107086	165	11	42	583.92
2.879793	0.674054	1.013609	189	31	44	583.86
-1.047198	1.732874	-0.951685	171	23	42	583.86
-2.356194	2.356369	3.005869	172	7	32	583.85
-0.785398	0.379747	-1.713059	180	13	46	583.81
-2.356194	2.456751	-1.503343	172	26	38	583.79
-2.094395	0.640596	-2.797608	172	10	40	583.76
2.879793	0.379747	-1.713059	177	12	44	583.75
-1.832596	1.256302	0.062705	170	29	38	583.72
-0.523599	2.089241	-0.114193	189	15	38	583.65
-0.785398	1.247695	1.809890	171	5	33	583.59
0.261799	2.704512	1.488683	178	7	46	583.56
-2.356194	2.174483	2.653697	1	22	39	583.55
1.308997	0.762244	-0.273349	178	8	38	583.50
1.570796	1.391910	3.030322	166	1	26	583.48
-1.832596	0.910508	1.903534	164	17	35	583.46
-1.047198	1.025536	1.576859	171	12	39	583.39
2.617994	1.683268	0.374177	164	13	43	583.39
-0.523599	1.195355	1.200319	175	6	37	583.39
-0.785398	1.732874	-0.951685	171	13	40	583.38
0.785398	0.379747	-1.713059	180	17	48	583.38
-2.094395	0.458961	-0.107937	180	26	47	583.36
-2.879793	1.606104	-0.451151	170	2	31	583.34
0.000000	0.674054	1.013609	180	5	42	583.33
1.570796	0.297065	2.160177	182	15	42	583.31
-2.617994	0.960688	-0.577532	177	28	42	583.30
-1.832596	1.195355	1.200319	166	21	34	583.30
-1.047198	1.194549	-0.801900	169	18	44	583.24
-1.047198	1.824694	1.850876	184	28	47	583.18
0.785398	1.736875	3.023612	190	27	35	583.17
-0.785398	1.194549	-0.801900	170	15	44	583.12
-0.261799	1.014500	0.906702	186	25	40	583.11
0.000000	2.063651	-2.044600	182	11	42	583.11
0.261799	1.510910	-0.740472	171	12	41	582.87
-1.047198	2.138223	1.678323	180	23	50	582.85
-1.570796	0.297065	2.160177	170	11	41	582.81
2.356194	1.194549	-0.801900	188	5	37	582.77
0.000000	2.478122	2.609777	166	21	44	582.76
-2.879793	0.906588	1.252948	185	7	40	582.76
2.617994	0.370812	-2.547742	175	20	46	582.75
-1.308997	1.869911	2.701025	187	34	39	582.72
2.879793	2.588535	-2.976617	171	25	35	582.65
0.261799	2.984978	1.954446	184	29	29	582.60
-3.141593	2.349581	-2.702517	172	23	40	582.56
2.879793	0.591903	2.010408	182	16	35	582.54
-2.617994	1.374601	-2.456031	171	10	40	582.52
-0.261799	1.504028	0.636812	190	25	44	582.52
-0.261799	2.033014	2.977192	170	33	37	582.52
-0.785398	1.617114	-1.572037	176	16	45	582.47
0.000000	1.982574	-1.115518	173	5	34	582.44
0.000000	1.869911	2.701025	179	7	29	582.37
2.617994	0.571433	-1.188419	182	13	45	582.30
-0.523599	0.674054	1.013609	176	11	44	582.27
-1.047198	2.664082	-1.071402	11	18	40	582.27
1.832596	1.982574	-1.115518	191	13	43	582.23
-1.570796	2.153910	-1.714959	177	22	45	582.23
2.617994	1.335669	0.897240	167	6	42	582.12
-1.047198	1.506530	1.988858	181	25	38	582.10
-1.570796	1.836682	-0.676006	166	23	33	582.08
0.785398	0.866395	-2.492918	185	13	40	581.99
-1.047198	0.297065	2.160177	178	15	47	581.95
0.785398	2.247462	0.191623	188	26	44	581.93
-1.047198	1.450119	-2.739050	174	8	40	581.92
-0.523599	1.310100	1.488307	181	23	40	581.85
2.617994	2.588535	-2.976617	171	27	33	581.81
-1.047198	2.664082	-1.071402	170	21	38	581.81
-2.356194	0.914445	2.687814	166	20	38	581.80
-2.879793	1.045978	0.343692	184	35	40	581.72
2.617994	1.982574	-1.115518	165	11	28	581.69
0.000000	1.766067	2.153843	169	24	42	581.68
1.832596	1.574060	2.783565	170	190	32	581.54
-1.047198	1.134497	-1.109631	170	11	40	581.49
-0.785398	0.080730	-2.622036	179	15	44	581.48
-0.261799	1.872854	1.543456	176	24	47	581.44
-1.308997	0.297065	2.160177	173	9	44	581.39
-2.879793	2.396274	-1.959260	172	26	38	581.32
-1.832596	2.164094	-2.991358	177	6	39	581.32
-1.308997	2.979456	-1.009304	7	11	45	581.29
1.308997	1.391910	3.030322	179	14	30	581.29
-0.785398	1.310100	1.488307	182	23	40	581.29
-1.308997	2.588535	-2.976617	190	33	40	581.23
1.308997	1.732874	-0.951685	181	8	42	581.15
2.094395	1.721184	-0.153948	163	25	37	581.13
0.523599	0.290380	-0.796960	175	13	45	581.06
0.523599	1.683268	0.374177	185	29	43	581.06
-0.523599	2.063651	-2.044600	180	8	42	581.00
0.261799	2.033014	2.977192	162	24	35	580.98
1.308997	1.214854	-1.966664	178	22	46	580.98
-3.141593	1.721184	-0.153948	168	7	38	580.93
-2.879793	0.866395	-2.492918	174	22	46	580.91
-0.523599	1.433411	-1.035986	172	21	43	580.89
-0.785398	2.108018	1.311430	178	19	47	580.87
0.523599	1.869911	2.701025	191	25	29	580.81
-0.261799	0.458961	-0.107937	173	11	46	580.78
0.261799	0.496451	0.593859	184	11	46	580.69
-3.141593	2.881233	-2.582574	1	3	43	580.68
2.617994	1.809167	1.213774	175	10	50	580.59
-0.785398	1.909857	-0.381669	166	13	31	580.59
-3.141593	0.914445	2.687814	174	26	39	580.51
0.261799	0.992645	-1.723759	182	7	44	580.43
0.785398	2.356369	3.005869	191	23	30	580.38
-1.308997	2.356369	3.005869	185	35	39	580.37
2.617994	2.174483	2.653697	168	22	31	580.36
2.356194	1.836682	-0.676006	162	19	30	580.36
1.308997	2.063651	-2.044600	190	21	46	580.35
2.617994	0.910508	1.903534	184	19	38	580.26
-0.785398	1.606104	-0.451151	168	14	36	580.26
-1.570796	2.104282	-0.813972	172	27	38	580.23
0.523599	1.433411	-1.035986	172	14	43	580.16
0.523599	1.448123	-2.163292	187	6	37	580.10
2.617994	0.080730	-2.622036	173	16	44	580.03
-0.523599	0.418037	1.360082	178	11	46	579.93
0.261799	2.349581	-2.702517	165	29	34	579.93
1.570796	0.496451	0.593859	186	15	43	579.88
-2.094395	1.256302	0.062705	172	31	38	579.76
1.047198	1.194549	-0.801900	176	12	44	579.71
-1.047198	1.510910	-0.740472	166	17	39	579.70
0.261799	1.214854	-1.966664	184	14	46	579.69
-2.879793	1.413430	2.550734	170	23	31	579.65
0.261799	1.417623	-0.202254	168	12	36	579.55
1.570796	0.864993	2.278281	183	14	36	579.47
1.832596	2.073035	2.027405	176	6	48	579.46
0.000000	1.617114	-1.572037	177	7	40	579.43
-0.785398	1.736875	3.023612	177	30	32	579.28
-1.570796	2.153910	-1.714959	177	21	45	579.27
2.879793	1.184361	0.625864	175	16	40	579.21
-0.523599	1.391910	3.030322	175	30	30	579.19
1.832596	1.413347	-1.339188	182	14	46	579.19
-2.356194	2.174483	2.653697	182	24	33	579.18
-0.785398	1.440580	2.260026	178	26	36	579.18
1.047198	2.001437	0.381215	182	23	41	579.12
-1.570796	0.419640	2.974122	176	13	48	579.09
-3.141593	1.875281	0.107086	169	9	42	579.08
-0.261799	1.433411	-1.035986	174	7	42	579.02
1.570796	1.195355	1.200319	166	21	44	578.99
-2.094395	0.864993	2.278281	165	18	36	578.87
-2.879793	1.218453	2.777284	169	22	35	578.87
-2.617994	2.089241	-0.114193	174	5	42	578.80
-2.617994	2.349581	-2.702517	170	17	38	578.79
-0.785398	0.762244	-0.273349	168	14	43	578.76
-0.261799	1.506530	1.988858	178	7	35	578.76
-1.832596	1.721184	-0.153948	168	31	32	578.75
2.617994	1.488617	1.159546	171	5	45	578.73
2.094395	1.301460	-0.509251	163	25	26	578.64
0.000000	2.356369	3.005869	167	28	41	578.63
0.523599	2.979456	-1.009304	187	22	36	578.61
2.617994	0.370812	-2.547742	174	21	46	578.56
-0.523599	0.960688	-0.577532	170	9	42	578.50
-2.356194	0.674054	1.013609	188	2	31	578.42
2.356194	2.478122	2.609777	170	24	30	578.40
2.094395	0.864993	2.278281	183	16	36	578.37
-0.261799	1.450119	-2.739050	185	8	40	578.34
-1.047198	1.658653	-2.409879	174	8	40	578.34
0.000000	2.295480	1.008277	182	14	46	578.34
-2.356194	0.709924	0.218797	175	17	36	578.33
-1.570796	2.719179	-1.780644	171	20	39	578.24
2.879793	0.831641	0.616218	174	13	38	578.14
0.000000	1.504028	0.636812	184	17	38	578.13
0.261799	1.433411	-1.035986	171	16	43	578.11
-1.047198	1.699788	2.452890	179	27	35	578.10
2.094395	0.866395	-2.492918	173	23	42	578.06
-2.356194	1.440580	2.260026	173	28	35	578.05
0.785398	1.998705	2.370472	189	28	27	577.99
0.261799	0.297065	2.160177	181	12	45	577.94
1.832596	1.732874	-0.951685	188	9	43	577.89
-2.617994	2.104282	-0.813972	179	25	32	577.85
-0.785398	1.413430	2.550734	172	13	35	577.77
1.832596	0.864993	2.278281	183	15	36	577.76
-0.523599	2.174483	2.653697	172	24	35	577.72
-0.523599	1.606104	-0.451151	170	14	38	577.71
2.879793	0.864993	2.278281	190	6	34	577.65
0.000000	0.850607	-1.335383	178	8	44	577.62
-1.832596	2.979456	-1.009304	170	26	29	577.61
-0.261799	1.662363	0.915448	186	24	46	577.61
-2.094395	0.961715	0.014085	180	4	32	577.61
2.617994	1.824694	1.850876	45	169	186	577.56
-3.141593	0.379747	-1.713059	178	10	41	577.54
-0.261799	0.080730	-2.622036	182	16	47	577.51
2.879793	0.700570	1.559208	182	19	39	577.49
2.094395	1.413347	-1.339188	183	13	46	577.44
2.094395	2.104282	-0.813972	162	23	33	577.35
-2.356194	1.242974	-2.977882	170	6	32	577.29
2.356194	0.700570	1.559208	183	18	39	577.28
2.617994	2.349581	-2.702517	171	28	34	577.25
-2.094395	2.174483	2.653697	189	25	37	577.25
-2.617994	1.325504	-1.671296	177	25	46	577.24
0.261799	1.413347	-1.339188	177	9	43	577.23
1.832596	1.699788	2.452890	170	0	39	577.18
2.617994	1.413430	2.550734	175	30	31	577.18
-1.832596	2.104282	-0.813972	174	29	38	577.17
-2.617994	0.203748	0.590255	182	22	47	576.99
1.308997	1.413347	-1.339188	179	13	45	576.97
2.356194	2.760637	2.781135	169	24	29	576.94
-2.617994	0.906588	1.252948	179	17	34	576.93
-1.308997	1.824694	1.850876	181	23	41	576.91
1.047198	1.836682	-0.676006	182	30	35	576.91
1.047198	2.404280	-0.174044	185	19	32	576.88
0.000000	1.696674	-1.253233	173	8	39	576.85
-0.261799	2.396274	-1.959260	181	4	37	576.79
-1.832596	0.762244	-0.273349	173	22	44	576.78
2.356194	1.812176	0.656819	167	17	47	576.77
2.879793	0.674054	1.013609	176	6	36	576.74
0.261799	2.174483	2.653697	163	20	39	576.73
-2.879793	0.864993	2.278281	172	26	37	576.73
-0.261799	1.846342	-1.796954	177	7	40	576.71
0.000000	0.674054	1.013609	182	9	44	576.70
-0.523599	0.615174	-0.666022	173	12	43	576.62
2.356194	1.025536	1.576859	176	8	40	576.60
1.832596	0.910508	1.903534	183	17	38	576.58
2.617994	0.418037	1.360082	187	24	46	576.54
-0.785398	1.014500	0.906702	167	7	35	576.51
-1.570796	1.555207	1.708892	186	21	42	576.48
-1.832596	0.618092	2.539118	172	20	45	576.48
0.261799	0.290380	-0.796960	177	15	49	576.38
-3.141593	0.685216	-1.712745	178	15	45	576.38
2.617994	1.554776	0.100351	163	13	37	576.37
2.356194	1.417623	-0.202254	161	18	29	576.36
1.570796	1.391910	3.030322	182	15	32	576.26
0.261799	1.417623	-0.202254	167	11	33	576.26
-0.785398	2.251330	-2.330739	179	6	39	576.20
-1.047198	1.214854	-1.966664	177	15	46	576.20
2.094395	0.910508	1.903534	175	7	37	576.16
2.617994	1.413430	2.550734	190	7	37	576.11
-1.047198	2.396274	-1.959260	7	31	33	576.11
1.570796	1.836682	-0.676006	183	4	38	576.07
1.047198	1.904882	-1.478089	180	29	30	576.01
-0.261799	2.115563	0.685730	187	17	47	576.00
2.617994	1.875281	0.107086	164	16	41	575.94
-1.308997	2.881233	-2.582574	0	30	40	575.94
-1.308997	1.025536	1.576859	164	11	32	575.85
-1.308997	1.374601	-2.456031	168	7	38	575.83
1.570796	2.724429	-0.348782	175	30	37	575.83
1.570796	0.297065	2.160177	187	18	46	575.68
-0.261799	0.914445	2.687814	173	28	32	575.67
-0.523599	0.961715	0.014085	168	8	39	575.56
-1.570796	0.297065	2.160177	171	11	43	575.55
2.094395	2.180315	-1.357379	163	16	30	575.47
2.617994	1.909857	-0.381669	163	16	36	575.44
-1.308997	1.977582	0.969896	186	14	49	575.44
0.523599	1.736875	3.023612	191	24	33	575.43
-0.785398	2.001437	0.381215	187	14	43	575.42
-0.523599	2.164094	-2.991358	176	36	34	575.40
2.879793	0.458961	-0.107937	179	21	41	575.37
-0.261799	1.756530	-2.105156	180	7	40	575.34
-2.617994	1.662363	0.915448	183	4	49	575.29
-2.356194	1.721184	-0.153948	179	188	35	575.14
-3.141593	0.458961	-0.107937	180	21	43	575.14
0.523599	1.736875	3.023612	1	24	34	575.12
2.617994	2.164094	-2.991358	170	25	33	575.07
-2.356194	1.417623	-0.202254	175	33	37	575.07
1.570796	1.113094	-0.272241	185	8	38	575.04
-0.785398	2.704512	1.488683	173	12	49	574.94
0.523599	1.658653	-2.409879	167	30	22	574.94
-2.879793	2.456751	-1.503343	179	8	34	574.93
2.879793	1.510910	-0.740472	178	23	34	574.92
2.094395	2.299159	2.264663	171	21	21	574.88
-0.523599	1.134497	-1.109631	175	12	46	574.82
1.832596	0.370812	-2.547742	182	22	49	574.75
2.617994	0.418037	1.360082	183	19	43	574.70
1.570796	2.637879	2.121598	171	24	24	574.66
0.523599	2.407836	1.410646	181	12	51	574.65
0.785398	1.599406	1.426070	171	20	44	574.56
1.047198	1.417623	-0.202254	178	8	37	574.51
0.000000	0.906588	1.252948	182	26	39	574.50
2.094395	2.180315	-1.357379	164	17	30	574.50
2.617994	2.041297	-2.664597	182	12	29	574.36
-2.617994	0.866395	-2.492918	174	8	41	574.27
0.000000	2.108018	1.311430	179	18	48	574.21
-1.570796	2.637879	2.121598	177	25	41	574.21
2.356194	1.195355	1.200319	173	13	43	574.20
-0.785398	0.418037	1.360082	172	7	42	574.18
-0.261799	1.909857	-0.381669	170	6	31	574.18
1.570796	2.760637	2.781135	179	1	45	574.17
-1.308997	1.909857	-0.381669	175	29	37	574.16
0.523599	2.579248	-2.364801	165	27	34	574.14
-2.879793	0.297065	2.160177	173	22	41	574.09
-2.617994	2.984978	1.954446	182	28	40	574.07
-2.356194	0.571433	-1.188419	177	22	46	574.02
1.570796	1.732874	-0.951685	183	6	40	573.99
2.356194	2.588535	-2.976617	175	29	35	573.99
2.356194	1.836682	-0.676006	0	8	37	573.96
-1.308997	0.418037	1.360082	169	14	42	573.95
2.094395	0.379747	-1.713059	177	16	46	573.89
2.094395	0.910508	1.903534	184	18	38	573.86
-1.047198	1.977582	0.969896	186	16	49	573.81
-1.047198	2.478122	2.609777	176	27	38	573.73
-1.047198	1.195355	1.200319	167	10	34	573.71
-0.261799	0.615174	-0.666022	173	12	45	573.67
2.879793	2.138223	1.678323	46	178	186	573.62
-2.094395	2.579248	-2.364801	171	18	40	573.57
-1.308997	2.455966	-0.641220	170	25	34	573.56
-2.356194	2.588535	-2.976617	170	10	33	573.53
-1.570796	0.864993	2.278281	171	19	42	573.51
-1.308997	1.218453	2.777284	168	5	33	573.49
-2.094395	0.733948	3.021411	173	23	45	573.49
0.523599	2.704512	1.488683	165	185	182	573.48
2.094395	1.417623	-0.202254	163	23	31	573.37
2.356194	2.041297	-2.664597	183	16	28	573.31
0.261799	1.325504	-1.671296	180	12	45	573.24
2.356194	0.379747	-1.713059	177	13	45	573.16
2.879793	1.554776	0.100351	164	8	37	573.08
0.000000	1.998705	2.370472	167	22	40	573.04
2.094395	0.700570	1.559208	183	18	39	572.95
-0.261799	2.637879	2.121598	169	16	47	572.90
0.261799	2.174483	2.653697	165	18	37	572.85
-1.570796	0.419640	2.974122	176	14	48	572.81
1.570796	1.696674	-1.253233	183	9	43	572.80
1.047198	2.174483	2.653697	186	29	29	572.77
0.785398	2.104282	-0.813972	177	38	31	572.74
0.261799	1.504028	0.636812	185	29	44	572.69
2.094395	0.762244	-0.273349	176	21	34	572.69
-2.356194	1.301460	-0.509251	175	32	40	572.67
2.617994	1.195355	1.200319	177	11	43	572.64
-0.261799	2.719179	-1.780644	186	36	38	572.62
0.000000	2.455966	-0.641220	189	20	35	572.57
-1.832596	1.555207	1.708892	168	22	33	572.49
-2.356194	0.203748	0.590255	181	15	41	572.45
-0.523599	2.001437	0.381215	185	15	40	572.44
1.832596	2.407836	1.410646	182	17	52	572.42
1.832596	1.413347	-1.339188	182	13	45	572.37
-2.356194	0.674054	1.013609	188	3	31	572.36
0.000000	1.699788	2.452890	180	2	28	572.33
-2.094395	0.709924	0.218797	182	4	32	572.26
-0.261799	2.587733	0.232235	5	17	48	572.22
2.879793	1.134796	2.434290	172	27	29	572.13
0.785398	1.977582	0.969896	180	19	46	572.11
0.523599	2.153910	-1.714959	171	35	26	572.08
2.094395	0.906588	1.252948	185	20	39	572.06
-0.523599	0.685216	-1.712745	179	8	42	572.06
-1.308997	2.478122	2.609777	180	28	39	571.91
0.000000	0.831641	0.616218	187	26	38	571.80
-2.356194	0.571433	-1.188419	176	22	45	571.65
-1.832596	0.685216	-1.712745	172	18	43	571.57
-0.261799	0.700570	1.559208	179	4	41	571.37
-1.570796	1.869911	2.701025	185	29	35	571.36
-1.047198	1.135834	-1.431087	171	10	41	571.30
-0.261799	1.948085	-2.363031	179	38	26	571.23
-1.832596	0.864993	2.278281	165	14	35	571.18
2.879793	0.831641	0.616218	174	14	37	571.11
-0.523599	1.870545	-2.976234	176	29	30	571.06
-1.308997	1.168678	2.108595	169	15	38	571.06
2.094395	2.343981	-1.040456	2	13	40	571.00
1.832596	0.591903	2.010408	186	17	42	570.93
1.047198	2.295480	1.008277	181	15	40	570.92
0.261799	1.998705	2.370472	164	21	41	570.91
1.308997	2.379497	0.561089	180	29	49	570.87
2.879793	0.906588	1.252948	178	7	39	570.77
1.832596	1.904882	-1.478089	188	14	45	570.73
-2.617994	1.836682	-0.676006	179	26	34	570.71
2.094395	0.700570	1.559208	182	18	39	570.69
-3.141593	2.407836	1.410646	44	181	184	570.58
2.617994	2.863997	0.549740	176	26	38	570.48
0.523599	1.606104	-0.451151	173	11	40	570.30
0.523599	0.080730	-2.622036	183	13	44	570.28
2.617994	1.247695	1.809890	186	22	38	570.28
1.047198	1.194549	-0.801900	172	7	35	570.27
-2.617994	1.909857	-0.381669	174	1	37	570.24
2.356194	2.592629	0.909713	181	23	43	570.23
-1.308997	1.721184	-0.153948	165	23	32	570.22
-0.261799	1.374601	-2.456031	185	10	43	570.20
1.570796	1.413347	-1.339188	181	14	46	570.19
0.261799	1.450119	-2.739050	183	7	35	570.18
2.356194	0.080730	-2.622036	176	19	48	570.14
2.356194	1.809167	1.213774	173	12	51	570.12
2.617994	1.977582	0.969896	174	15	52	570.05
0.261799	0.992645	-1.723759	180	17	47	569.87
-1.308997	0.418037	1.360082	169	13	42	569.83
0.000000	1.128190	-2.288622	187	16	45	569.83
-2.094395	1.721184	-0.153948	171	34	32	569.82
-0.785398	2.393226	1.857173	174	21	49	569.78
-1.308997	1.766067	2.153843	187	31	45	569.76
0.000000	1.545873	-1.877082	181	9	43	569.72
-1.308997	2.719179	-1.780644	9	23	39	569.72
-0.785398	0.458961	-0.107937	171	15	42	569.71
2.879793	2.881233	-2.582574	170	27	29	569.69
1.570796	1.134796	2.434290	184	15	36	569.68
-0.785398	2.295480	1.008277	181	12	45	569.67
-2.617994	2.001437	0.381215	176	8	47	569.65
0.000000	0.203748	0.590255	182	17	48	569.62
2.879793	1.510910	-0.740472	177	21	33	569.61
0.261799	2.664082	-1.071402	187	23	35	569.58
1.047198	1.683268	0.374177	180	25	40	569.53
0.523599	1.135813	-2.658866	191	17	44	569.52
2.617994	2.001437	0.381215	167	17	47	569.49
-0.785398	1.214854	-1.966664	179	14	46	569.48
2.356194	0.619654	-2.216909	178	21	46	569.40
1.570796	1.413347	-1.339188	180	11	44	569.40
2.094395	1.574060	2.783565	186	16	33	569.39
2.094395	1.014500	0.906702	162	12	37	569.37
2.617994	1.168678	2.108595	186	21	38	569.36
-0.523599	2.579248	-2.364801	181	5	38	569.32
1.308997	2.984978	1.954446	172	27	30	569.27
2.617994	1.721184	-0.153948	162	14	35	569.26
1.832596	2.174483	2.653697	176	28	27	569.26
2.879793	2.001437	0.381215	168	13	47	569.20
1.570796	1.417623	-0.202254	186	7	37	569.10
-0.523599	2.719179	-1.780644	187	22	33	569.07
-2.879793	2.164094	-2.991358	169	15	36	568.98
2.617994	1.367556	0.358405	163	11	37	568.91
-3.141593	2.349581	-2.702517	167	22	33	568.88
-2.879793	1.510910	-0.740472	178	22	34	568.75
2.879793	1.194549	-0.801900	189	22	44	568.71
-2.094395	0.370812	-2.547742	177	7	37	568.69
-1.047198	1.824694	1.850876	185	28	48	568.69
1.832596	0.850607	-1.335383	174	11	43	568.63
-1.832596	0.762244	-0.273349	174	24	44	568.63
-2.094395	0.458961	-0.107937	178	21	46	568.63
-0.785398	2.455966	-0.641220	172	26	37	568.45
-0.785398	1.721184	-0.153948	168	17	33	568.36
2.094395	1.766067	2.153843	172	25	23	568.35
-2.094395	2.984978	1.954446	176	27	38	568.35
2.094395	0.619654	-2.216909	178	23	47	568.30
1.570796	0.496451	0.593859	185	16	43	568.26
2.617994	1.417623	-0.202254	161	14	31	568.25
-2.356194	1.809167	1.213774	189	12	52	568.23
2.094395	1.683268	0.374177	165	22	44	568.12
2.356194	1.904882	-1.478089	181	23	31	568.11
1.308997	2.115563	0.685730	181	20	43	568.09
-1.832596	1.574060	2.783565	164	13	27	568.06
1.832596	1.128190	-2.288622	177	24	45	568.05
-2.094395	1.113094	-0.272241	174	32	41	568.00
0.000000	1.014500	0.906702	181	6	40	567.97
-1.832596	0.850607	-1.335383	174	20	46	567.96
2.094395	2.455966	-0.641220	2	11	37	567.95
-0.261799	0.709924	0.218797	172	6	42	567.88
-2.356194	0.080730	-2.622036	179	10	47	567.76
1.047198	0.370812	-2.547742	183	17	45	567.52
-0.523599	2.455966	-0.641220	190	16	37	567.49
-2.617994	1.812176	0.656819	181	9	49	567.49
0.785398	1.699788	2.452890	163	14	38	567.48
-3.141593	1.113094	-0.272241	179	21	37	567.46
-2.879793	0.458961	-0.107937	176	20	38	567.43
-1.047198	2.719179	-1.780644	7	26	38	567.42
-1.047198	0.850607	-1.335383	174	13	46	567.41
2.094395	1.812176	0.656819	167	21	47	567.41
0.523599	1.506530	1.988858	166	23	43	567.40
2.617994	1.732874	-0.951685	178	22	32	567.37
-2.094395	0.733948	3.021411	173	5	33	567.35
2.356194	0.910508	1.903534	184	19	38	567.23
1.570796	2.108018	1.311430	175	18	51	567.20
-0.523599	1.413347	-1.339188	175	20	45	567.15
0.261799	0.080730	-2.622036	182	13	44	567.13
-1.570796	1.113094	-0.272241	169	27	42	567.13
-1.308997	1.247695	1.809890	165	10	31	567.13
1.570796	0.591903	2.010408	182	15	38	567.11
-2.617994	0.571433	-1.188419	174	22	40	567.03
-2.879793	2.104282	-0.813972	173	5	34	567.02
-2.617994	2.164094	-2.991358	171	13	39	566.97
-1.308997	1.766067	2.153843	188	31	45	566.93
-0.523599	1.904882	-1.478089	174	12	42	566.88
-1.047198	2.455966	-0.641220	188	12	37	566.84
-1.570796	2.343981	-1.040456	171	21	35	566.84
1.308997	1.846342	-1.796954	188	20	46	566.83
-0.785398	2.455966	-0.641220	172	27	37	566.81
1.570796	1.448123	-2.163292	181	23	46	566.79
0.523599	2.033014	2.977192	2	22	32	566.79
-0.785398	1.135813	-2.658866	179	9	44	566.78
0.000000	1.846342	-1.796954	178	15	44	566.77
-2.879793	0.203748	0.590255	183	22	47	566.67
-0.261799	1.904882	-1.478089	173	7	38	566.62
-0.261799	2.041297	-2.664597	189	11	39	566.51
2.879793	0.850607	-1.335383	186	24	48	566.49
2.356194	1.025536	1.576859	185	20	39	566.48
-1.308997	1.699788	2.452890	169	18	32	566.46
-1.308997	1.310100	1.488307	168	14	35	566.40
-1.570796	2.456751	-1.503343	175	25	42	566.35
0.785398	2.455966	-0.641220	179	37	37	566.32
-2.879793	1.662363	0.915448	179	4	48	566.28
0.000000	1.824694	1.850876	170	24	43	566.26
-2.879793	0.929350	-2.910676	170	15	39	566.23
2.094395	2.356369	3.005869	173	28	27	566.09
0.785398	1.433411	-1.035986	174	11	43	566.03
-0.785398	2.001437	0.381215	188	13	43	565.96
-2.094395	1.113094	-0.272241	173	30	41	565.95
-2.879793	2.349581	-2.702517	171	20	39	565.90
0.261799	2.456751	-1.503343	176	7	40	565.85
-0.523599	1.134497	-1.109631	35	189	181	565.84
-1.570796	1.135834	-1.431087	169	16	40	565.84
-2.879793	1.741644	-2.695914	167	15	36	565.78
-0.785398	0.992645	-1.723759	175	8	44	565.74
2.094395	1.218453	2.777284	185	15	32	565.71
1.570796	2.115563	0.685730	173	27	48	565.69
-2.094395	0.961715	0.014085	175	33	42	565.66
-2.356194	0.733948	3.021411	168	17	41	565.54
-0.523599	1.417623	-0.202254	169	11	37	565.52
2.356194	2.247462	0.191623	168	24	47	565.52
-1.308997	2.455966	-0.641220	169	25	34	565.51
-2.356194	1.606104	-0.451151	179	188	28	565.39
-3.141593	0.290380	-0.796960	179	20	44	565.39
0.523599	1.184361	0.625864	183	38	41	565.39
2.356194	1.310100	1.488307	170	3	42	565.36
0.523599	1.574060	2.783565	160	19	30	565.35
2.617994	0.419640	2.974122	175	24	43	565.35
-2.617994	0.960688	-0.577532	174	23	38	565.35
0.785398	2.247462	0.191623	186	23	42	565.33
0.785398	1.909857	-0.381669	185	29	37	565.32
2.094395	1.696674	-1.253233	187	15	46	565.29
-1.570796	0.685216	-1.712745	174	16	45	565.24
-2.356194	0.496451	0.593859	178	19	43	565.23
2.094395	1.488617	1.159546	166	12	45	565.23
0.785398	0.418037	1.360082	181	13	41	565.21
-2.879793	0.866395	-2.492918	170	9	39	565.20
-3.141593	0.458961	-0.107937	177	21	40	565.16
2.094395	2.104282	-0.813972	163	23	33	565.01
-3.141593	1.025536	1.576859	183	23	38	564.98
1.047198	0.674054	1.013609	169	28	36	564.95
-1.047198	1.869911	2.701025	183	36	39	564.89
1.832596	1.998705	2.370472	174	2	44	564.89
0.000000	1.025536	1.576859	178	25	39	564.86
-0.261799	1.812176	0.656819	189	22	46	564.85
-1.570796	1.948085	-2.363031	168	11	36	564.80
0.523599	0.619654	-2.216909	183	14	46	564.79
-0.785398	0.379747	-1.713059	179	13	45	564.70
-0.785398	1.134497	-1.109631	173	14	45	564.69
-1.308997	1.135834	-1.431087	170	14	43	564.68
-2.356194	2.478122	2.609777	190	23	38	564.65
-3.141593	1.836682	-0.676006	167	5	31	564.65
-1.570796	2.724429	-0.348782	173	31	31	564.55
-1.570796	2.138223	1.678323	182	21	47	564.55
0.785398	1.391910	3.030322	189	28	35	564.54
-1.308997	2.187132	-0.479875	173	28	37	564.50
2.879793	1.014500	0.906702	177	13	40	564.45
0.523599	1.696674	-1.253233	172	13	40	564.40
-0.785398	2.299159	2.264663	175	24	41	564.39
-1.570796	1.195355	1.200319	162	19	32	564.36
2.356194	2.247462	0.191623	167	23	46	564.34
-0.785398	1.413430	2.550734	181	34	37	564.29
-1.047198	2.073035	2.027405	180	28	47	564.28
-2.356194	1.450119	-2.739050	172	8	38	564.25
0.000000	1.134796	2.434290	180	4	36	564.23
-0.261799	1.977582	0.969896	183	19	47	564.22
0.523599	0.458961	-0.107937	174	8	41	564.21
0.785398	1.721184	-0.153948	184	28	38	564.15
-0.261799	0.960688	-0.577532	173	6	43	564.14
-0.785398	2.979456	-1.009304	7	18	43	564.13
-3.141593	1.606104	-0.451151	177	20	35	563.94
-2.879793	1.504028	0.636812	176	1	44	563.94
0.523599	1.335669	0.897240	179	32	45	563.87
-1.832596	1.574060	2.783565	163	14	28	563.87
-1.570796	1.506530	1.988858	168	19	34	563.78
-0.523599	2.404280	-0.174044	169	25	34	563.72
-2.617994	1.134796	2.434290	168	20	32	563.70
1.570796	2.108018	1.311430	176	17	51	563.67
-2.879793	2.637879	2.121598	186	24	40	563.65
0.785398	2.115563	0.685730	183	20	43	563.52
1.047198	2.724429	-0.348782	186	21	34	563.52
0.261799	1.301460	-0.509251	169	14	39	563.50
2.617994	2.478122	2.609777	168	19	26	563.46
1.832596	2.664082	-1.071402	3	14	38	563.45
0.523599	1.555207	1.708892	171	27	48	563.44
0.000000	1.869911	2.701025	167	29	40	563.43
-0.523599	0.850607	-1.335383	178	15	49	563.39
-1.832596	0.960688	-0.577532	172	23	43	563.36
1.832596	1.617114	-1.572037	185	18	47	563.35
0.523599	2.174483	2.653697	191	24	28	563.32
0.785398	2.724429	-0.348782	189	25	40	563.29
1.308997	2.089241	-0.114193	180	23	37	563.28
-2.617994	1.413430	2.550734	168	20	31	563.23
0.000000	1.846342	-1.796954	180	5	38	563.21
1.832596	0.899350	-2.069907	173	21	43	563.16
-2.617994	2.588535	-2.976617	168	13	33	563.16
2.617994	2.863997	0.549740	177	26	40	563.12
0.261799	0.297065	2.160177	179	13	42	563.12
0.261799	2.637879	2.121598	171	10	47	563.10
1.832596	1.606104	-0.451151	185	3	34	563.09
-0.261799	1.367556	0.358405	189	21	40	563.09
-1.832596	0.640596	-2.797608	175	7	36	563.04
-0.523599	2.153910	-1.714959	174	6	37	563.01
-1.308997	0.290380	-0.796960	179	18	46	563.00
1.832596	1.732874	-0.951685	186	6	40	562.98
-3.141593	0.370812	-2.547742	172	16	44	562.98
1.570796	0.458961	-0.107937	182	7	40	562.93
-0.523599	1.756530	-2.105156	177	8	40	562.92
-1.570796	1.014500	0.906702	165	19	37	562.79
-0.785398	1.448123	-2.163292	178	11	43	562.79
-1.047198	1.168678	2.108595	170	12	38	562.76
-1.570796	1.699788	2.452890	169	22	32	562.74
2.356194	0.418037	1.360082	179	17	38	562.74
-1.308997	0.418037	1.360082	168	13	40	562.69
0.000000	2.863997	0.549740	168	23	27	562.63
-0.261799	1.128190	-2.288622	185	15	45	562.62
-3.141593	1.335669	0.897240	175	1	42	562.61
0.785398	2.063651	-2.044600	164	27	24	562.57
-2.617994	0.961715	0.014085	179	31	41	562.53
-2.879793	1.904882	-1.478089	180	23	44	562.53
0.523599	0.899350	-2.069907	42	178	166	562.47
-1.047198	1.168678	2.108595	169	6	34	562.47
2.094395	1.683268	0.374177	164	22	42	562.42
-3.141593	0.910508	1.903534	189	7	38	562.40
0.523599	1.247695	1.809890	166	23	37	562.40
-3.141593	1.766067	2.153843	185	26	35	562.39
-2.356194	0.297065	2.160177	168	21	43	562.39
-0.785398	0.910508	1.903534	174	8	40	562.38
1.832596	1.574060	2.783565	184	16	33	562.28
0.000000	0.906588	1.252948	181	2	38	562.27
1.308997	1.448123	-2.163292	183	27	46	562.26
-1.047198	1.450119	-2.739050	173	5	39	562.25
-2.879793	0.419640	2.974122	170	21	44	562.22
-0.523599	1.606104	-0.451151	171	14	38	562.16
2.879793	1.413430	2.550734	173	28	31	562.12
-2.094395	0.914445	2.687814	171	25	42	562.06
2.617994	1.574060	2.783565	174	29	32	561.98
1.308997	0.960688	-0.577532	177	10	41	561.91
2.879793	1.014500	0.906702	173	2	40	561.88
-0.261799	2.174483	2.653697	171	21	35	561.82
-1.308997	2.299159	2.264663	182	29	47	561.81
-1.047198	2.588535	-2.976617	183	32	37	561.76
1.047198	0.203748	0.590255	185	7	45	561.75
-1.308997	1.440580	2.260026	170	18	35	561.71
1.047198	2.404280	-0.174044	183	22	37	561.71
-2.617994	2.637879	2.121598	186	24	40	561.70
2.094395	0.615174	-0.666022	183	11	43	561.70
0.000000	2.587733	0.232235	169	22	30	561.65
-0.523599	2.187132	-0.479875	167	18	36	561.64
0.000000	1.555207	1.708892	177	16	37	561.56
-0.261799	0.571433	-1.188419	175	14	47	561.51
1.308997	0.418037	1.360082	167	19	32	561.48
2.356194	0.458961	-0.107937	184	20	44	561.40
-1.047198	0.899350	-2.069907	177	11	48	561.31
-3.141593	1.214854	-1.966664	174	13	44	561.24
0.261799	2.664082	-1.071402	185	19	31	561.09
2.617994	2.299159	2.264663	169	16	24	561.02
-1.047198	1.413430	2.550734	171	16	35	560.99
0.785398	2.089241	-0.114193	186	27	40	560.91
-0.261799	1.662363	0.915448	186	23	46	560.89
2.879793	1.135834	-1.431087	187	28	47	560.88
-1.570796	1.194549	-0.801900	170	24	43	560.88
0.785398	1.869911	2.701025	190	28	31	560.84
2.879793	0.618092	2.539118	32	187	5	560.84
1.832596	1.113094	-0.272241	189	10	40	560.82
1.570796	0.080730	-2.622036	179	21	48	560.78
1.570796	1.218453	2.777284	182	15	33	560.76
1.832596	1.836682	-0.676006	187	5	38	560.73
0.000000	1.014500	0.906702	180	2	37	560.72
0.523599	1.977582	0.969896	183	23	51	560.70
-1.308997	0.674054	1.013609	167	16	41	560.69
-1.570796	2.356369	3.005869	181	3	36	560.67
-2.879793	1.998705	2.370472	174	25	27	560.66
2.617994	2.174483	2.653697	168	21	26	560.61
0.785398	1.875281	0.107086	181	23	37	560.56
-0.523599	2.588535	-2.976617	175	159	184	560.46
0.261799	1.982574	-1.115518	176	4	36	560.46
2.356194	0.419640	2.974122	182	25	47	560.45
-2.617994	2.455966	-0.641220	178	11	38	560.39
1.570796	0.496451	0.593859	186	16	44	560.37
0.523599	1.869911	2.701025	162	19	38	560.32
-1.570796	1.242974	-2.977882	167	9	37	560.32
1.832596	1.836682	-0.676006	187	6	38	560.28
-0.785398	2.404280	-0.174044	187	12	39	560.24
-2.879793	1.128190	-2.288622	176	16	45	560.23
-1.047198	0.297065	2.160177	177	12	47	560.19
-1.308997	0.203748	0.590255	173	17	42	560.16
0.785398	2.404280	-0.174044	187	25	40	560.15
2.356194	1.683268	0.374177	163	17	41	560.08
1.308997	1.846342	-1.796954	186	18	47	560.05
-2.879793	2.180315	-1.357379	181	26	41	560.01
-2.879793	0.961715	0.014085	180	31	42	559.99
1.308997	1.909857	-0.381669	170	35	31	559.97
1.832596	1.113094	-0.272241	187	6	38	559.97
0.523599	1.904882	-1.478089	175	35	23	559.80
1.047198	1.870545	-2.976234	189	25	35	559.79
0.000000	1.982574	-1.115518	188	23	32	559.75
-1.832596	2.478122	2.609777	186	28	40	559.73
-1.832596	1.699788	2.452890	165	14	27	559.73
-2.879793	2.073035	2.027405	2	16	51	559.72
2.094395	1.310100	1.488307	166	6	42	559.64
2.879793	2.164094	-2.991358	170	22	37	559.63
-2.879793	0.297065	2.160177	175	25	46	559.61
1.308997	1.662363	0.915448	175	19	41	559.60
-0.523599	1.413347	-1.339188	175	8	43	559.57
1.570796	1.168678	2.108595	185	16	37	559.53
1.308997	1.510910	-0.740472	178	5	39	559.51
1.570796	1.870545	-2.976234	166	167	186	559.50
-1.832596	1.168678	2.108595	163	16	31	559.50
-0.785398	1.417623	-0.202254	165	9	34	559.47
0.523599	0.496451	0.593859	186	9	46	559.41
-0.523599	0.685216	-1.712745	182	16	50	559.35
-0.261799	1.875281	0.107086	188	18	39	559.27
1.570796	1.135834	-1.431087	176	11	42	559.09
1.832596	1.325504	-1.671296	180	19	47	559.07
-3.141593	1.413430	2.550734	170	26	30	559.03
1.047198	2.073035	2.027405	183	29	25	559.02
-1.308997	1.869911	2.701025	188	35	39	559.01
1.047198	1.875281	0.107086	182	27	40	558.92
2.879793	0.496451	0.593859	178	20	39	558.89
0.523599	2.063651	-2.044600	184	13	44	558.87
-1.832596	1.574060	2.783565	189	28	34	558.84
0.000000	1.184361	0.625864	185	20	39	558.81
-2.094395	0.571433	-1.188419	175	21	45	558.81
-1.047198	1.812176	0.656819	188	14	45	558.73
1.047198	1.134497	-1.109631	177	17	46	558.66
-0.785398	1.184361	0.625864	165	8	32	558.65
-2.617994	1.417623	-0.202254	173	189	29	558.65
-3.141593	2.984978	1.954446	189	26	43	558.50
0.785398	1.488617	1.159546	173	23	44	558.45
1.047198	2.478122	2.609777	185	29	29	558.44
-0.261799	1.184361	0.625864	0	29	41	558.41
1.047198	1.045978	0.343692	182	4	34	558.38
-0.523599	2.063651	-2.044600	179	8	41	558.37
-0.785398	1.699788	2.452890	175	15	34	558.36
0.785398	1.662363	0.915448	178	21	42	558.32
-0.261799	0.700570	1.559208	182	29	37	558.30
0.261799	1.367556	0.358405	188	31	40	558.20
2.356194	0.203748	0.590255	179	17	40	558.18
2.617994	2.478122	2.609777	169	20	30	558.17
-0.785398	2.041297	-2.664597	184	37	29	558.12
-1.832596	2.719179	-1.780644	172	23	39	558.11
-1.308997	1.506530	1.988858	182	25	38	558.06
0.000000	1.367556	0.358405	186	18	39	558.03
2.617994	0.831641	0.616218	171	12	37	558.03
0.261799	1.872854	1.543456	175	22	49	558.00
-0.523599	0.379747	-1.713059	180	13	46	557.97
2.617994	1.510910	-0.740472	162	15	26	557.75
-2.094395	1.413347	-1.339188	169	23	36	557.73
2.617994	1.812176	0.656819	168	14	47	557.71
2.617994	0.906588	1.252948	185	24	42	557.69
1.832596	2.588535	-2.976617	182	18	32	557.69
-0.785398	1.025536	1.576859	173	10	39	557.66
1.832596	2.404280	-0.174044	169	31	44	557.63
-1.308997	1.870545	-2.976234	189	35	31	557.62
-3.141593	2.396274	-1.959260	175	27	38	557.61
-3.141593	0.674054	1.013609	179	19	38	557.60
1.308997	0.591903	2.010408	183	14	40	557.56
-1.047198	2.187132	-0.479875	169	25	36	557.56
-0.523599	1.242974	-2.977882	181	5	41	557.55
-3.141593	2.089241	-0.114193	168	11	42	557.52
-2.879793	1.025536	1.576859	188	9	41	557.47
-2.094395	1.417623	-0.202254	173	33	37	557.39
-2.879793	2.247462	0.191623	172	13	47	557.33
-0.523599	0.619654	-2.216909	177	8	40	557.33
-2.094395	0.370812	-2.547742	177	8	40	557.29
0.785398	2.108018	1.311430	178	14	37	557.28
-0.261799	0.910508	1.903534	177	27	37	557.22
2.617994	0.615174	-0.666022	186	11	41	557.18
0.523599	0.619654	-2.216909	182	14	44	557.14
-3.141593	1.247695	1.809890	183	24	37	557.12
-2.356194	0.866955	-0.931351	174	25	43	557.03
-0.261799	1.506530	1.988858	179	9	35	557.01
-1.832596	0.866395	-2.492918	171	14	45	556.99
-0.261799	1.870545	-2.976234	172	24	27	556.92
-0.261799	1.134796	2.434290	173	25	35	556.89
-2.094395	0.615174	-0.666022	177	23	46	556.89
-1.308997	2.356369	3.005869	186	35	39	556.87
-1.308997	2.073035	2.027405	184	27	48	556.87
-1.047198	2.979456	-1.009304	188	12	37	556.87
0.261799	2.478122	2.609777	164	17	42	556.87
-0.523599	1.247695	1.809890	179	25	38	556.86
1.047198	0.297065	2.160177	180	14	41	556.79
-1.308997	1.741644	-2.695914	169	9	36	556.77
-0.785398	2.724429	-0.348782	184	12	36	556.77
0.785398	1.504028	0.636812	177	22	37	556.75
-2.094395	0.709924	0.218797	174	19	42	556.73
-0.523599	1.617114	-1.572037	176	16	45	556.72
1.832596	1.982574	-1.115518	189	11	42	556.62
-1.570796	1.310100	1.488307	169	18	37	556.55
-3.141593	0.370812	-2.547742	174	17	46	556.55
-0.523599	1.870545	-2.976234	177	34	31	556.54
-0.785398	1.135834	-1.431087	172	8	43	556.51
-1.308997	2.033014	2.977192	187	36	36	556.51
-0.785398	1.391910	3.030322	178	31	31	556.39
-1.570796	0.496451	0.593859	171	18	39	556.34
-2.094395	2.455966	-0.641220	183	4	40	556.32
0.523599	1.699788	2.452890	164	17	34	556.20
-2.356194	2.979456	-1.009304	175	32	31	556.11
-0.261799	2.863997	0.549740	170	27	28	556.05
-1.832596	2.760637	2.781135	185	28	38	555.98
2.356194	1.982574	-1.115518	163	15	28	555.95
2.617994	0.379747	-1.713059	177	14	45	555.93
-2.617994	1.113094	-0.272241	178	14	35	555.93
0.523599	1.872854	1.543456	173	19	46	555.86
1.832596	2.456751	-1.503343	3	20	42	555.85
-2.879793	2.760637	2.781135	1	18	41	555.75
-1.308997	0.618092	2.539118	172	6	37	555.75
-2.617994	1.569311	-3.003978	167	10	31	555.74
2.879793	0.370812	-2.547742	173	19	46	555.74
-1.832596	2.455966	-0.641220	174	31	35	555.73
0.000000	2.343981	-1.040456	188	22	33	555.73
0.261799	1.554776	0.100351	190	30	40	555.69
-0.523599	0.899350	-2.069907	178	6	43	555.67
1.308997	1.417623	-0.202254	183	7	37	555.65
-0.523599	0.297065	2.160177	180	5	44	555.64
0.261799	1.741644	-2.695914	190	19	41	555.56
-2.617994	1.045978	0.343692	181	36	39	555.55
2.094395	2.187132	-0.479875	0	8	36	555.54
-2.617994	0.496451	0.593859	179	19	42	555.54
-0.261799	0.864993	2.278281	176	30	35	555.52
0.000000	1.977582	0.969896	181	20	46	555.52
-2.879793	1.824694	1.850876	1	12	50	555.51
1.047198	1.574060	2.783565	187	29	31	555.50
0.261799	0.370812	-2.547742	185	12	46	555.48
0.523599	0.992645	-1.723759	32	178	10	555.48
0.523599	0.709924	0.218797	187	10	45	555.47
2.879793	0.906588	1.252948	181	21	39	555.45
-1.570796	1.948085	-2.363031	169	10	36	555.42
1.047198	1.909857	-0.381669	182	28	37	555.41
0.523599	0.960688	-0.577532	169	14	40	555.34
-1.047198	2.587733	0.232235	185	5	45	555.30
-0.523599	1.569311	-3.003978	176	30	29	555.30
0.261799	1.335669	0.897240	183	34	45	555.26
1.832596	1.617114	-1.572037	185	19	47	555.26
0.523599	1.846342	-1.796954	179	14	44	555.23
0.523599	2.664082	-1.071402	185	24	34	555.23
0.261799	2.180315	-1.357379	179	3	35	555.23
2.879793	0.619654	-2.216909	178	21	48	555.14
2.094395	1.870545	-2.976234	183	17	30	555.10
0.261799	2.719179	-1.780644	176	35	38	555.02
-1.047198	2.404280	-0.174044	183	11	36	555.01
-2.356194	2.478122	2.609777	189	25	39	554.93
-1.047198	1.977582	0.969896	184	14	45	554.89
-2.879793	1.982574	-1.115518	179	24	32	554.82
-1.570796	2.164094	-2.991358	180	5	39	554.77
2.356194	1.440580	2.260026	185	7	40	554.74
0.000000	2.104282	-0.813972	170	7	33	554.73
2.879793	1.310100	1.488307	186	28	38	554.68
-1.570796	1.756530	-2.105156	169	14	40	554.67
2.879793	1.195355	1.200319	184	27	40	554.58
1.832596	0.418037	1.360082	181	17	39	554.55
-0.261799	0.203748	0.590255	175	11	47	554.49
2.356194	2.180315	-1.357379	165	10	30	554.48
-2.356194	0.370812	-2.547742	174	9	39	554.43
-2.356194	2.455966	-0.641220	179	4	40	554.42
-1.047198	1.448123	-2.163292	176	11	44	554.31
-3.141593	1.128190	-2.288622	170	13	41	554.28
0.785398	1.135813	-2.658866	190	10	39	554.25
-0.523599	1.113094	-0.272241	168	7	39	554.25
0.785398	1.812176	0.656819	181	22	42	554.24
-0.261799	2.724429	-0.348782	168	17	34	554.23
2.356194	0.960688	-0.577532	1	21	45	554.21
-2.879793	0.640596	-2.797608	172	20	45	554.17
-0.261799	1.391910	3.030322	171	161	0	554.16
-3.141593	1.440580	2.260026	171	26	27	554.12
-0.785398	1.870545	-2.976234	182	37	31	554.10
2.094395	2.404280	-0.174044	167	28	44	554.05
2.356194	1.050534	3.042579	173	29	36	554.02
1.308997	0.899350	-2.069907	42	179	160	554.00
-0.785398	1.113094	-0.272241	169	15	42	553.98
-2.617994	0.685216	-1.712745	180	14	45	553.95
-0.785398	0.762244	-0.273349	169	13	43	553.89
2.879793	1.699788	2.452890	173	28	28	553.86
-0.261799	2.637879	2.121598	189	24	27	553.85
0.523599	1.736875	3.023612	161	20	32	553.84
0.261799	1.869911	2.701025	3	22	31	553.81
-1.308997	2.104282	-0.813972	172	24	39	553.81
0.523599	1.214854	-1.966664	185	7	38	553.78
2.879793	1.417623	-0.202254	186	32	37	553.78
2.094395	0.297065	2.160177	184	16	43	553.77
-2.617994	0.370812	-2.547742	176	15	47	553.75
-2.617994	2.396274	-1.959260	170	23	38	553.75
-0.261799	0.418037	1.360082	181	13	46	553.72
-0.261799	1.606104	-0.451151	171	7	36	553.68
1.047198	2.089241	-0.114193	181	23	37	553.67
-1.047198	2.295480	1.008277	180	11	44	553.60
2.879793	1.766067	2.153843	189	28	34	553.59
-2.617994	2.637879	2.121598	184	25	39	553.55
-3.141593	1.696674	-1.253233	183	21	43	553.51
-1.308997	1.510910	-0.740472	165	21	39	553.33
-2.879793	0.960688	-0.577532	181	30	43	553.33
1.832596	1.510910	-0.740472	166	27	25	553.31
2.094395	2.299159	2.264663	185	3	44	553.29
-2.617994	1.721184	-0.153948	179	22	36	553.29
-2.879793	1.766067	2.153843	181	20	33	553.22
-2.356194	2.164094	-2.991358	172	10	39	553.20
-1.570796	2.664082	-1.071402	168	23	35	553.19
0.000000	0.700570	1.559208	179	28	37	553.16
-1.308997	0.685216	-1.712745	175	14	45	553.16
-0.785398	2.299159	2.264663	175	23	41	553.14
1.832596	2.187132	-0.479875	189	6	37	553.12
2.617994	0.906588	1.252948	1	33	40	553.10
-1.832596	1.599406	1.426070	167	21	31	553.08
-0.523599	2.089241	-0.114193	189	16	39	552.99
-2.356194	2.349581	-2.702517	171	14	39	552.94
-3.141593	1.135834	-1.431087	183	11	45	552.88
2.879793	2.588535	-2.976617	168	24	33	552.88
-2.879793	0.899350	-2.069907	177	24	47	552.82
0.000000	0.203748	0.590255	177	9	47	552.80
-1.308997	2.153910	-1.714959	176	20	45	552.72
0.261799	1.413430	2.550734	163	24	34	552.70
-2.617994	0.866955	-0.931351	176	27	43	552.66
-3.141593	1.683268	0.374177	169	5	43	552.54
2.617994	0.864993	2.278281	186	5	34	552.53
-1.308997	0.591903	2.010408	171	13	44	552.52
0.261799	2.164094	-2.991358	164	26	35	552.49
-1.832596	1.982574	-1.115518	174	24	41	552.49
-3.141593	2.760637	2.781135	168	14	30	552.36
0.261799	2.579248	-2.364801	171	26	30	552.35
-0.523599	2.180315	-1.357379	169	9	35	552.34
-2.094395	0.640596	-2.797608	172	11	41	552.32
0.785398	2.247462	0.191623	185	23	42	552.23
-2.879793	2.108018	1.311430	184	16	54	552.19
1.047198	2.001437	0.381215	183	23	42	552.17
2.356194	0.960688	-0.577532	188	13	42	552.15
0.785398	1.982574	-1.115518	174	36	26	552.11
-0.261799	1.413347	-1.339188	176	18	46	552.11
1.832596	1.510910	-0.740472	185	6	41	552.07
-2.617994	2.247462	0.191623	174	10	47	552.05
-2.879793	0.674054	1.013609	182	5	36	552.04
-2.094395	1.247695	1.809890	169	24	36	552.03
-1.047198	0.866395	-2.492918	37	182	159	552.00
0.785398	0.899350	-2.069907	183	21	47	551.99
-0.261799	1.448123	-2.163292	181	9	43	551.93
-0.261799	1.948085	-2.363031	182	5	36	551.92
-0.261799	1.256302	0.062705	190	21	38	551.92
-2.617994	0.961715	0.014085	178	30	42	551.91
0.000000	2.115563	0.685730	1	25	51	551.89
-1.308997	2.089241	-0.114193	172	14	29	551.89
0.785398	0.866395	-2.492918	186	13	41	551.79
-0.261799	1.555207	1.708892	178	20	39	551.69
0.000000	1.599406	1.426070	183	35	49	551.69
-0.523599	2.299159	2.264663	172	26	47	551.67
2.617994	1.977582	0.969896	173	15	52	551.65
2.617994	1.510910	-0.740472	179	24	34	551.63
-1.570796	0.571433	-1.188419	177	19	47	551.53
1.832596	1.301460	-0.509251	185	3	38	551.47
-2.094395	2.343981	-1.040456	175	28	39	551.37
0.000000	1.488617	1.159546	180	16	38	551.36
-3.141593	2.664082	-1.071402	187	26	34	551.34
-2.879793	1.904882	-1.478089	180	23	43	551.33
-0.523599	1.488617	1.159546	183	20	41	551.32
0.261799	1.948085	-2.363031	169	33	26	551.29
-2.094395	0.685216	-1.712745	172	19	39	551.27
-1.047198	2.343981	-1.040456	173	24	41	551.26
-1.047198	1.134796	2.434290	170	9	38	551.18
2.094395	0.906588	1.252948	184	19	39	551.15
-2.094395	0.615174	-0.666022	178	24	47	551.08
-0.261799	1.836682	-0.676006	169	15	40	551.08
2.879793	0.850607	-1.335383	184	18	47	551.03
2.094395	0.866955	-0.931351	180	5	40	550.96
1.308997	1.135834	-1.431087	175	13	43	550.91
2.356194	0.203748	0.590255	182	18	45	550.88
0.523599	1.301460	-0.509251	172	14	41	550.84
-0.523599	2.073035	2.027405	175	26	48	550.83
-2.879793	1.374601	-2.456031	169	13	40	550.80
0.785398	2.863997	0.549740	3	18	46	550.76
1.047198	2.719179	-1.780644	4	15	39	550.72
-0.785398	1.242974	-2.977882	177	30	27	550.68
-2.094395	1.301460	-0.509251	172	30	40	550.64
2.879793	1.195355	1.200319	178	10	43	550.64
-0.785398	2.295480	1.008277	180	13	46	550.60
0.000000	1.214854	-1.966664	182	14	46	550.53
-2.617994	1.909857	-0.381669	180	26	34	550.50
2.617994	0.733948	3.021411	182	30	45	550.31
-2.094395	0.640596	-2.797608	173	11	42	550.15
-2.617994	0.571433	-1.188419	175	22	42	550.12
-3.141593	1.367556	0.358405	170	4	40	550.11
1.570796	0.992645	-1.723759	175	17	44	550.06
-3.141593	0.619654	-2.216909	177	20	47	550.03
2.617994	0.458961	-0.107937	183	21	44	550.02
-0.523599	1.982574	-1.115518	173	13	43	549.96
-1.047198	2.115563	0.685730	184	11	44	549.91
-2.617994	2.299159	2.264663	190	20	38	549.91
-0.785398	1.506530	1.988858	178	25	39	549.88
-0.261799	0.850607	-1.335383	180	14	49	549.83
-2.094395	1.134796	2.434290	163	19	33	549.79
-1.047198	1.599406	1.426070	189	25	47	549.72
-0.523599	2.041297	-2.664597	180	38	30	549.58
-1.308997	0.080730	-2.622036	178	15	40	549.55
2.094395	1.741644	-2.695914	183	17	30	549.51
2.356194	0.709924	0.218797	187	23	44	549.47
0.261799	1.448123	-2.163292	186	11	43	549.46
-1.047198	1.413430	2.550734	186	36	37	549.44
-0.785398	0.685216	-1.712745	178	12	47	549.43
-1.832596	1.247695	1.809890	170	22	38	549.41
1.308997	1.194549	-0.801900	177	7	42	549.37
2.879793	1.977582	0.969896	175	13	52	549.27
2.617994	0.571433	-1.188419	183	13	46	549.09
1.832596	0.419640	2.974122	184	19	43	549.04
1.047198	0.458961	-0.107937	177	7	40	548.94
-1.047198	0.418037	1.360082	170	11	42	548.92
-0.785398	1.113094	-0.272241	169	16	42	548.91
0.261799	2.001437	0.381215	189	23	45	548.88
-0.785398	1.433411	-1.035986	173	23	44	548.76
-1.308997	1.134796	2.434290	171	19	39	548.71
1.308997	2.719179	-1.780644	4	16	40	548.68
1.308997	0.762244	-0.273349	179	8	39	548.66
2.094395	0.591903	2.010408	182	16	37	548.54
2.094395	2.187132	-0.479875	163	26	38	548.53
-0.261799	0.866955	-0.931351	174	8	43	548.53
-2.094395	2.164094	-2.991358	174	7	38	548.51
-1.308997	1.256302	0.062705	167	22	38	548.47
-1.832596	1.413430	2.550734	163	14	29	548.46
2.094395	2.356369	3.005869	174	28	30	548.46
-1.047198	2.115563	0.685730	185	12	47	548.42
-0.523599	2.455966	-0.641220	169	20	38	548.36
-2.879793	0.709924	0.218797	178	22	41	548.32
-1.832596	0.674054	1.013609	168	21	40	548.31
-1.832596	0.571433	-1.188419	180	21	50	548.31
-1.570796	1.909857	-0.381669	168	25	32	548.19
-1.308997	1.846342	-1.796954	169	15	40	548.13
-1.308997	1.450119	-2.739050	170	9	39	548.12
2.356194	0.866395	-2.492918	179	26	46	548.12
-1.832596	1.194549	-0.801900	169	22	40	548.11
1.832596	0.864993	2.278281	180	17	35	548.09
0.261799	1.869911	2.701025	165	25	40	548.08
-0.523599	0.910508	1.903534	176	9	41	548.07
2.879793	0.203748	0.590255	178	18	43	548.06
1.570796	2.299159	2.264663	177	30	28	548.01
2.617994	0.831641	0.616218	172	16	38	547.97
0.261799	1.025536	1.576859	181	6	38	547.91
0.785398	2.592629	0.909713	171	23	27	547.84
2.356194	0.700570	1.559208	184	18	40	547.84
-2.094395	0.297065	2.160177	167	18	41	547.83
-1.570796	0.203748	0.590255	173	21	46	547.70
0.261799	2.863997	0.549740	169	22	30	547.66
-2.879793	0.640596	-2.797608	174	20	46	547.64
0.523599	2.637879	2.121598	186	29	28	547.64
2.356194	2.863997	0.549740	179	27	41	547.62
-2.617994	1.721184	-0.153948	173	189	34	547.60
2.617994	1.417623	-0.202254	162	14	31	547.59
-0.523599	2.719179	-1.780644	191	35	39	547.52
0.000000	2.579248	-2.364801	173	34	36	547.40
-2.879793	1.045978	0.343692	178	25	40	547.35
0.000000	2.881233	-2.582574	172	26	34	547.35
-2.094395	0.866395	-2.492918	173	11	41	547.30
2.617994	1.335669	0.897240	167	5	41	547.29
-1.308997	1.195355	1.200319	165	14	34	547.28
1.047198	1.433411	-1.035986	178	10	44	547.28
0.523599	0.960688	-0.577532	169	13	40	547.26
-0.785398	2.001437	0.381215	184	14	40	547.25
0.785398	1.301460	-0.509251	174	11	41	547.20
1.570796	1.134497	-1.109631	177	10	44	547.14
0.785398	1.335669	0.897240	183	8	30	547.13
-2.617994	1.766067	2.153843	181	21	34	547.12
-3.141593	1.367556	0.358405	171	4	40	547.11
2.356194	2.455966	-0.641220	164	20	40	547.10
2.617994	1.242974	-2.977882	174	27	39	547.10
1.308997	1.569311	-3.003978	162	6	24	547.09
-2.617994	0.831641	0.616218	180	5	37	547.07
-1.832596	1.721184	-0.153948	171	20	34	547.07
-2.356194	0.418037	1.360082	173	23	43	547.06
1.832596	0.290380	-0.796960	176	10	41	547.05
-1.832596	0.685216	-1.712745	171	18	41	547.01
2.094395	0.914445	2.687814	184	15	34	547.00
-0.785398	1.448123	-2.163292	178	10	44	546.95
1.570796	1.554776	0.100351	186	7	33	546.93
1.047198	2.587733	0.232235	185	31	47	546.86
0.000000	2.664082	-1.071402	188	21	34	546.86
-1.832596	1.699788	2.452890	164	15	27	546.83
2.094395	0.906588	1.252948	167	11	39	546.82
-0.261799	2.295480	1.008277	179	15	45	546.81
2.094395	0.960688	-0.577532	185	3	38	546.80
2.617994	2.588535	-2.976617	173	27	35	546.69
1.832596	1.998705	2.370472	175	26	24	546.68
-2.617994	2.456751	-1.503343	174	28	38	546.68
-1.570796	1.699788	2.452890	170	21	32	546.66
-1.047198	2.393226	1.857173	176	19	44	546.63
-3.141593	1.488617	1.159546	179	2	46	546.60
2.094395	1.721184	-0.153948	162	24	35	546.60
1.047198	2.587733	0.232235	187	22	41	546.59
-2.356194	0.866395	-2.492918	173	23	48	546.58
-1.308997	1.113094	-0.272241	168	24	42	546.54
0.000000	2.251330	-2.330739	186	9	39	546.51
-0.523599	0.203748	0.590255	170	13	43	546.47
0.785398	0.961715	0.014085	173	8	35	546.38
0.000000	2.456751	-1.503343	186	24	32	546.38
-0.523599	1.195355	1.200319	184	23	41	546.36
0.523599	0.619654	-2.216909	182	13	43	546.35
-1.832596	1.721184	-0.153948	168	18	30	546.34
-2.094395	2.356369	3.005869	1	25	37	546.32
1.832596	1.134796	2.434290	168	191	31	546.27
-0.523599	2.153910	-1.714959	173	6	36	546.25
2.094395	1.766067	2.153843	171	25	21	546.21
1.308997	2.719179	-1.780644	3	14	40	546.21
-1.308997	1.836682	-0.676006	174	26	40	546.09
2.617994	0.496451	0.593859	178	20	39	546.03
2.617994	2.033014	2.977192	170	23	35	545.88
-0.523599	2.579248	-2.364801	182	4	36	545.81
1.308997	2.295480	1.008277	180	22	51	545.81
0.000000	1.448123	-2.163292	184	10	43	545.79
-0.261799	2.587733	0.232235	166	22	27	545.72
1.308997	2.153910	-1.714959	190	16	45	545.67
1.308997	2.724429	-0.348782	177	32	39	545.59
2.356194	0.419640	2.974122	181	26	47	545.48
0.785398	0.866395	-2.492918	187	12	42	545.47
1.308997	1.696674	-1.253233	182	12	44	545.35
-0.523599	1.194549	-0.801900	172	12	44	545.33
0.261799	2.115563	0.685730	186	20	47	545.33
-1.047198	2.115563	0.685730	184	10	43	545.30
0.261799	1.869911	2.701025	163	23	37	545.28
-1.570796	1.433411	-1.035986	166	20	39	545.26
-0.523599	0.418037	1.360082	179	14	46	545.20
-0.523599	1.870545	-2.976234	176	30	30	545.20
-2.617994	1.113094	-0.272241	177	14	35	545.18
0.785398	1.335669	0.897240	177	35	45	545.09
0.261799	1.948085	-2.363031	187	6	35	545.08
2.879793	2.579248	-2.364801	173	29	35	545.04
-0.261799	1.982574	-1.115518	170	9	37	545.03
-0.523599	1.325504	-1.671296	176	7	44	545.01
1.832596	2.455966	-0.641220	166	30	40	545.01
2.617994	0.571433	-1.188419	186	18	49	545.01
0.785398	1.870545	-2.976234	191	23	35	544.99
1.570796	1.218453	2.777284	183	14	33	544.99
0.785398	1.194549	-0.801900	172	11	42	544.92
-1.308997	1.658653	-2.409879	171	10	40	544.91
-1.308997	1.766067	2.153843	181	26	39	544.86
-1.308997	1.555207	1.708892	184	22	42	544.81
-2.094395	1.025536	1.576859	167	24	37	544.80
-0.523599	1.574060	2.783565	176	14	34	544.80
2.879793	1.732874	-0.951685	179	23	32	544.79
1.570796	2.349581	-2.702517	162	171	188	544.67
0.785398	2.478122	2.609777	187	28	29	544.67
-1.047198	1.413430	2.550734	170	16	35	544.65
1.570796	1.440580	2.260026	164	5	38	544.65
0.523599	1.440580	2.260026	163	20	37	544.61
0.523599	1.367556	0.358405	185	15	38	544.61
0.261799	1.367556	0.358405	184	16	37	544.59
-1.570796	0.290380	-0.796960	180	18	47	544.49
-1.570796	1.168678	2.108595	169	18	38	544.49
1.047198	2.343981	-1.040456	170	35	33	544.47
-3.141593	1.555207	1.708892	188	4	47	544.46
1.832596	0.290380	-0.796960	175	10	41	544.45
-2.356194	2.299159	2.264663	187	24	40	544.45
-1.047198	1.448123	-2.163292	171	7	41	544.35
1.047198	0.866395	-2.492918	186	14	38	544.34
2.879793	0.619654	-2.216909	177	20	47	544.32
-1.832596	1.134796	2.434290	169	22	38	544.28
-0.261799	1.846342	-1.796954	176	7	39	544.23
-2.356194	0.866395	-2.492918	171	13	40	544.23
1.570796	1.732874	-0.951685	182	5	39	544.21
0.785398	1.732874	-0.951685	184	31	32	544.18
-1.047198	1.617114	-1.572037	168	11	40	544.14
2.094395	0.591903	2.010408	186	19	42	544.12
1.308997	0.910508	1.903534	163	15	36	544.10
-1.047198	2.174483	2.653697	178	28	37	544.03
0.000000	0.496451	0.593859	181	12	46	543.96
0.261799	1.506530	1.988858	167	24	40	543.93
-2.617994	0.762244	-0.273349	175	21	39	543.92
-3.141593	1.325504	-1.671296	179	14	45	543.91
2.617994	2.349581	-2.702517	174	27	38	543.91
-0.785398	0.496451	0.593859	168	12	41	543.91
-2.617994	2.180315	-1.357379	178	26	40	543.87
1.308997	1.732874	-0.951685	178	26	32	543.84
-1.047198	2.588535	-2.976617	182	31	35	543.83
-1.832596	0.914445	2.687814	170	21	42	543.83
2.879793	0.906588	1.252948	184	25	41	543.82
-1.047198	2.664082	-1.071402	169	20	38	543.81
-2.879793	1.256302	0.062705	170	191	32	543.74
-1.047198	2.579248	-2.364801	0	33	36	543.68
2.617994	1.135834	-1.431087	182	8	41	543.59
-3.141593	0.899350	-2.069907	179	24	48	543.53
-1.047198	1.214854	-1.966664	173	10	45	543.46
-0.261799	2.104282	-0.813972	171	4	30	543.43
-2.617994	1.809167	1.213774	186	9	52	543.40
0.000000	0.674054	1.013609	185	28	37	543.38
-2.356194	1.417623	-0.202254	176	34	37	543.33
-2.879793	1.391910	3.030322	170	23	36	543.33
-1.570796	1.506530	1.988858	184	25	38	543.32
0.523599	2.153910	-1.714959	171	34	26	543.31
1.570796	2.456751	-1.503343	3	17	41	543.23
-0.785398	1.413347	-1.339188	176	21	46	543.23
-2.879793	1.301460	-0.509251	180	32	39	543.16
-0.261799	1.325504	-1.671296	181	19	47	543.15
-2.356194	2.881233	-2.582574	8	15	43	543.09
0.000000	2.404280	-0.174044	169	18	34	543.09
0.261799	1.256302	0.062705	167	10	30	543.08
0.523599	1.741644	-2.695914	189	21	41	543.05
1.308997	0.762244	-0.273349	177	8	37	543.01
2.879793	0.674054	1.013609	177	10	37	543.00
1.832596	2.719179	-1.780644	163	10	38	543.00
-2.879793	2.138223	1.678323	45	181	181	542.94
-1.308997	1.982574	-1.115518	179	29	43	542.87
1.570796	1.510910	-0.740472	181	4	37	542.87
2.094395	0.762244	-0.273349	0	16	45	542.86
0.000000	2.404280	-0.174044	188	18	38	542.80
1.047198	0.685216	-1.712745	46	178	161	542.75
-0.261799	0.418037	1.360082	180	10	46	542.71
2.094395	0.203748	0.590255	179	18	41	542.67
-2.356194	0.615174	-0.666022	176	23	44	542.55
-1.047198	1.310100	1.488307	172	14	38	542.55
0.785398	2.089241	-0.114193	183	23	37	542.51
1.047198	2.984978	1.954446	187	4	48	542.49
-0.785398	1.488617	1.159546	188	22	45	542.47
0.261799	1.699788	2.452890	3	23	28	542.47
-2.094395	2.299159	2.264663	185	25	41	542.47
-0.785398	1.869911	2.701025	178	29	37	542.44
-1.047198	2.299159	2.264663	175	24	39	542.43
-0.261799	2.393226	1.857173	172	17	49	542.37
1.308997	1.554776	0.100351	181	4	32	542.36
0.000000	0.866955	-0.931351	176	7	44	542.30
-1.570796	2.664082	-1.071402	169	22	32	542.23
0.785398	0.709924	0.218797	189	9	45	542.17
0.785398	1.721184	-0.153948	185	29	37	542.13
-1.308997	2.041297	-2.664597	176	8	38	542.09
-1.832596	1.014500	0.906702	166	22	34	542.01
-1.832596	2.299159	2.264663	183	26	41	541.97
-0.785398	1.168678	2.108595	174	13	39	541.97
-1.570796	1.310100	1.488307	168	18	36	541.96
0.261799	1.904882	-1.478089	179	4	35	541.90
1.570796	0.419640	2.974122	187	14	41	541.85
-0.523599	1.135813	-2.658866	183	10	44	541.83
1.047198	1.732874	-0.951685	177	8	41	541.81
-0.785398	1.824694	1.850876	182	29	48	541.80
0.000000	2.174483	2.653697	164	25	40	541.76
0.523599	1.374601	-2.456031	187	8	38	541.75
0.261799	1.555207	1.708892	171	25	44	541.75
-0.523599	1.417623	-0.202254	169	12	37	541.75
-1.570796	1.134497	-1.109631	169	19	42	541.74
1.047198	1.554776	0.100351	178	6	33	541.72
-1.308997	1.606104	-0.451151	166	22	35	541.72
-1.308997	2.115563	0.685730	185	9	47	541.70
-3.141593	2.356369	3.005869	169	18	35	541.68
-2.879793	2.089241	-0.114193	171	7	42	541.68
1.832596	1.134497	-1.109631	179	9	44	541.66
0.261799	2.033014	2.977192	3	19	33	541.61
0.000000	1.367556	0.358405	171	162	0	541.59
0.261799	1.433411	-1.035986	173	15	44	541.56
-1.570796	0.914445	2.687814	171	18	42	541.55
-0.785398	2.041297	-2.664597	185	38	29	541.55
2.879793	0.866955	-0.931351	187	19	45	541.52
-0.785398	0.418037	1.360082	177	15	46	541.50
-0.261799	1.869911	2.701025	176	9	30	541.46
-1.832596	1.417623	-0.202254	169	29	37	541.42
-1.832596	1.135813	-2.658866	166	14	41	541.38
2.094395	1.413430	2.550734	174	188	33	541.36
-1.047198	1.545873	-1.877082	174	13	43	541.33
-2.617994	0.850607	-1.335383	173	25	40	541.31
-2.617994	2.251330	-2.330739	168	18	37	541.29
1.570796	1.904882	-1.478089	187	15	45	541.27
-2.879793	0.960688	-0.577532	180	29	43	541.27
-2.356194	2.478122	2.609777	191	23	39	541.20
-1.570796	2.719179	-1.780644	169	16	38	541.18
-2.094395	1.128190	-2.288622	171	22	46	541.15
0.785398	2.455966	-0.641220	184	24	35	541.11
-0.261799	1.504028	0.636812	191	26	44	541.01
1.570796	1.982574	-1.115518	186	8	42	541.00
-0.785398	1.504028	0.636812	177	15	37	540.96
-1.570796	1.836682	-0.676006	174	29	40	540.88
-1.308997	2.760637	2.781135	181	21	31	540.86
0.000000	0.290380	-0.796960	175	16	48	540.83
-2.617994	0.458961	-0.107937	176	19	41	540.78
1.832596	1.904882	-1.478089	188	18	46	540.78
2.617994	1.836682	-0.676006	162	12	30	540.75
0.000000	1.741644	-2.695914	187	6	37	540.75
-1.832596	1.113094	-0.272241	172	31	42	540.72
1.308997	1.696674	-1.253233	183	12	45	540.71
1.832596	0.379747	-1.713059	176	16	46	540.70
-0.523599	0.203748	0.590255	173	12	46	540.68
-1.047198	0.458961	-0.107937	171	17	44	540.66
-1.047198	0.929350	-2.910676	176	9	45	540.65
-0.261799	1.756530	-2.105156	179	6	39	540.60
1.308997	2.592629	0.909713	185	22	49	540.54
-2.094395	1.050534	3.042579	166	17	40	540.51
2.094395	1.168678	2.108595	170	191	34	540.49
-0.785398	0.906588	1.252948	168	5	34	540.48
1.570796	0.290380	-0.796960	178	10	45	540.46
-1.832596	1.417623	-0.202254	170	30	37	540.43
-0.261799	0.674054	1.013609	179	9	44	540.41
2.094395	0.379747	-1.713059	174	17	45	540.40
-0.261799	1.214854	-1.966664	181	14	46	540.39
2.617994	1.606104	-0.451151	162	15	31	540.37
0.261799	2.719179	-1.780644	182	21	29	540.36
-1.832596	1.506530	1.988858	170	22	34	540.32
1.570796	2.180315	-1.357379	190	12	44	540.31
2.094395	1.335669	0.897240	163	14	41	540.27
0.523599	0.992645	-1.723759	180	17	47	540.25
-0.261799	1.367556	0.358405	167	164	0	540.23
-1.047198	0.203748	0.590255	170	16	40	540.17
2.356194	1.301460	-0.509251	164	20	28	540.16
0.261799	2.041297	-2.664597	166	31	30	540.16
-1.308997	1.184361	0.625864	163	16	33	540.14
0.523599	0.914445	2.687814	162	19	28	540.12
-2.094395	1.050534	3.042579	172	5	30	540.12
-0.785398	1.574060	2.783565	177	30	34	540.10
-0.523599	1.909857	-0.381669	168	9	31	539.96
-2.356194	0.290380	-0.796960	177	17	42	539.96
-0.523599	2.393226	1.857173	173	20	49	539.96
-0.261799	2.664082	-1.071402	189	20	35	539.90
0.000000	1.872854	1.543456	175	21	46	539.90
2.617994	0.929350	-2.910676	173	24	40	539.86
0.000000	1.504028	0.636812	183	13	37	539.85
2.356194	0.370812	-2.547742	174	22	46	539.84
2.094395	1.617114	-1.572037	184	18	47	539.84
1.832596	0.591903	2.010408	182	16	38	539.82
-0.785398	1.325504	-1.671296	172	5	41	539.82
0.523599	1.391910	3.030322	162	18	27	539.80
1.047198	0.762244	-0.273349	175	9	39	539.75
2.879793	2.164094	-2.991358	168	22	34	539.74
-0.785398	1.870545	-2.976234	182	38	31	539.73
0.785398	0.418037	1.360082	180	14	41	539.67
1.570796	0.418037	1.360082	180	17	40	539.66
-2.617994	1.218453	2.777284	169	18	34	539.65
2.879793	1.134497	-1.109631	187	10	44	539.64
-3.141593	2.984978	1.954446	188	26	43	539.64
0.523599	1.014500	0.906702	179	38	40	539.58
-0.523599	2.881233	-2.582574	177	30	34	539.56
-1.308997	2.001437	0.381215	187	8	45	539.54
1.570796	0.418037	1.360082	181	16	40	539.49
-2.094395	0.571433	-1.188419	174	21	45	539.46
2.356194	1.218453	2.777284	185	1	31	539.41
0.261799	1.599406	1.426070	174	23	43	539.40
-0.261799	2.299159	2.264663	172	17	38	539.40
-1.047198	1.504028	0.636812	172	11	36	539.39
-0.523599	2.455966	-0.641220	170	20	38	539.37
2.356194	0.866395	-2.492918	179	27	46	539.34
-0.261799	1.617114	-1.572037	178	15	46	539.28
-3.141593	1.184361	0.625864	176	14	40	539.15
1.047198	1.367556	0.358405	176	23	35	539.10
-1.832596	0.615174	-0.666022	179	27	49	539.03
0.523599	2.343981	-1.040456	180	37	33	538.98
0.261799	1.812176	0.656819	185	23	45	538.85
-0.261799	1.218453	2.777284	178	15	37	538.85
1.308997	1.135834	-1.431087	177	17	47	538.81
-1.832596	2.174483	2.653697	186	27	37	538.77
2.879793	1.721184	-0.153948	164	11	38	538.71
1.832596	1.555207	1.708892	167	8	45	538.68
0.000000	1.310100	1.488307	181	3	36	538.68
0.523599	0.831641	0.616218	186	4	42	538.67
-2.879793	0.674054	1.013609	180	23	43	538.66
-0.261799	2.984978	1.954446	169	8	45	538.65
-2.879793	1.554776	0.100351	180	21	38	538.62
0.523599	2.174483	2.653697	1	25	30	538.60
-2.879793	0.379747	-1.713059	179	10	41	538.56
-1.308997	0.674054	1.013609	166	15	39	538.54
1.832596	2.299159	2.264663	172	24	22	538.49
-1.832596	1.214854	-1.966664	168	18	44	538.48
0.523599	2.356369	3.005869	162	17	38	538.44
-0.523599	0.910508	1.903534	180	28	37	538.44
0.785398	1.247695	1.809890	165	23	42	538.43
2.356194	2.187132	-0.479875	164	21	38	538.40
2.617994	1.574060	2.783565	175	30	32	538.40
1.832596	2.760637	2.781135	173	29	28	538.38
1.570796	1.846342	-1.796954	186	18	47	538.37
0.000000	1.658653	-2.409879	187	17	44	538.36
-0.785398	1.555207	1.708892	186	31	47	538.35
2.094395	1.194549	-0.801900	185	4	38	538.24
-3.141593	0.297065	2.160177	177	25	46	538.22
-0.785398	2.180315	-1.357379	167	13	35	538.21
0.000000	2.637879	2.121598	169	13	46	538.21
-2.356194	0.618092	2.539118	166	20	40	538.17
2.356194	1.014500	0.906702	184	22	39	538.17
-1.570796	1.824694	1.850876	188	25	48	538.09
-1.832596	1.128190	-2.288622	168	16	44	538.08
-0.785398	1.824694	1.850876	181	29	48	538.07
1.570796	2.033014	2.977192	167	1	36	538.05
0.523599	1.875281	0.107086	185	25	40	537.98
-0.261799	1.413347	-1.339188	177	18	46	537.97
1.570796	0.379747	-1.713059	175	19	46	537.96
-3.141593	1.433411	-1.035986	179	22	34	537.96
0.000000	1.683268	0.374177	191	26	44	537.94
0.523599	0.290380	-0.796960	173	14	44	537.91
2.356194	0.733948	3.021411	171	29	35	537.89
-0.261799	1.184361	0.625864	181	9	40	537.88
-1.047198	1.374601	-2.456031	172	6	40	537.84
-2.094395	0.619654	-2.216909	178	20	50	537.81
0.785398	2.592629	0.909713	190	16	50	537.81
1.570796	1.617114	-1.572037	185	17	46	537.81
1.570796	0.866955	-0.931351	175	7	40	537.80
0.000000	0.929350	-2.910676	181	5	40	537.74
-1.047198	1.872854	1.543456	185	24	50	537.73
2.356194	0.458961	-0.107937	185	20	45	537.73
2.879793	2.033014	2.977192	169	20	36	537.72
0.785398	0.203748	0.590255	182	7	45	537.68
-1.047198	1.904882	-1.478089	171	11	39	537.60
-2.879793	1.756530	-2.105156	172	18	42	537.58
2.094395	1.301460	-0.509251	165	24	28	537.55
-2.094395	0.685216	-1.712745	171	20	38	537.53
0.785398	2.164094	-2.991358	0	21	33	537.53
0.261799	1.545873	-1.877082	183	8	42	537.52
2.617994	1.184361	0.625864	164	7	37	537.50
-1.308997	0.674054	1.013609	165	15	38	537.49
0.000000	1.662363	0.915448	182	21	42	537.45
-1.308997	1.909857	-0.381669	167	21	32	537.44
-2.617994	1.218453	2.777284	170	19	36	537.42
-0.785398	2.588535	-2.976617	172	157	184	537.41
1.570796	1.574060	2.783565	165	2	33	537.37
0.000000	2.187132	-0.479875	171	15	38	537.35
0.523599	0.290380	-0.796960	172	15	44	537.34
1.832596	1.135834	-1.431087	177	14	46	537.29
-3.141593	0.290380	-0.796960	178	20	42	537.28
-1.047198	1.194549	-0.801900	168	19	44	537.27
-3.141593	1.846342	-1.796954	177	22	45	537.14
-1.570796	2.455966	-0.641220	171	23	30	537.10
1.570796	0.615174	-0.666022	176	10	40	536.99
2.356194	0.960688	-0.577532	2	20	45	536.97
-2.094395	0.571433	-1.188419	174	17	37	536.94
-0.523599	1.325504	-1.671296	176	8	44	536.89
-0.523599	1.301460	-0.509251	170	11	41	536.89
-0.523599	1.417623	-0.202254	168	5	34	536.86
2.356194	2.343981	-1.040456	3	18	40	536.78
2.617994	0.591903	2.010408	185	17	40	536.77
-0.785398	1.242974	-2.977882	179	9	41	536.77
-0.261799	1.869911	2.701025	171	22	33	536.72
-1.308997	1.846342	-1.796954	172	13	41	536.69
-1.832596	0.866395	-2.492918	29	170	4	536.66
-2.617994	1.113094	-0.272241	177	31	40	536.61
2.617994	2.247462	0.191623	168	21	47	536.50
-1.570796	2.356369	3.005869	187	30	37	536.46
-1.047198	0.370812	-2.547742	175	13	41	536.45
-1.047198	2.404280	-0.174044	184	10	37	536.41
-2.356194	2.104282	-0.813972	181	7	35	536.40
0.523599	1.367556	0.358405	185	16	38	536.37
0.261799	0.080730	-2.622036	189	24	50	536.33
2.879793	0.571433	-1.188419	183	13	45	536.30
2.879793	0.685216	-1.712745	177	13	44	536.28
-0.523599	2.187132	-0.479875	12	24	38	536.27
0.000000	2.174483	2.653697	4	19	32	536.27
2.094395	1.569311	-3.003978	169	160	183	536.27
2.879793	0.571433	-1.188419	184	14	45	536.26
0.000000	0.914445	2.687814	171	23	33	536.21
-1.570796	1.014500	0.906702	164	19	35	536.21
-0.261799	2.089241	-0.114193	166	18	33	536.20
-1.570796	1.448123	-2.163292	165	13	38	536.20
1.570796	1.413430	2.550734	165	2	33	536.18
-1.570796	0.899350	-2.069907	175	17	49	536.18
2.356194	1.696674	-1.253233	188	16	46	536.18
1.832596	2.664082	-1.071402	3	13	38	536.14
-0.261799	2.089241	-0.114193	169	23	34	536.11
-2.879793	2.108018	1.311430	184	15	54	536.09
1.047198	1.977582	0.969896	178	17	39	536.07
-0.523599	1.555207	1.708892	179	22	40	536.07
-2.094395	1.194549	-0.801900	171	23	39	535.97
-2.617994	2.187132	-0.479875	174	3	39	535.97
-0.785398	1.699788	2.452890	172	11	32	535.95
-2.356194	1.450119	-2.739050	171	8	38	535.92
1.308997	2.295480	1.008277	184	16	47	535.90
-2.879793	0.379747	-1.713059	181	16	49	535.90
2.879793	1.184361	0.625864	167	3	37	535.89
1.832596	2.187132	-0.479875	189	5	37	535.88
-0.261799	1.301460	-0.509251	171	3	37	535.88
-1.308997	0.419640	2.974122	178	14	48	535.86
1.308997	2.704512	1.488683	189	10	48	535.85
-0.785398	1.050534	3.042579	178	31	29	535.82
2.617994	0.379747	-1.713059	178	14	46	535.80
-1.570796	1.721184	-0.153948	166	26	32	535.78
-0.261799	1.836682	-0.676006	171	5	34	535.75
0.000000	2.664082	-1.071402	187	21	34	535.75
2.094395	1.218453	2.777284	184	16	33	535.72
-1.047198	1.555207	1.708892	188	29	46	535.67
-2.094395	0.674054	1.013609	35	188	170	535.65
0.785398	2.356369	3.005869	163	12	38	535.64
-1.832596	1.977582	0.969896	187	12	53	535.56
2.617994	2.089241	-0.114193	164	17	41	535.53
-3.141593	0.496451	0.593859	179	18	39	535.53
-0.523599	2.356369	3.005869	173	27	35	535.53
-0.261799	0.496451	0.593859	174	7	44	535.50
-0.261799	1.134497	-1.109631	176	10	46	535.48
0.000000	1.325504	-1.671296	178	13	45	535.43
-0.785398	0.203748	0.590255	169	16	44	535.43
-2.356194	2.247462	0.191623	177	8	47	535.42
-0.785398	1.809167	1.213774	185	18	46	535.29
-1.047198	2.180315	-1.357379	175	23	44	535.26
-1.570796	0.906588	1.252948	163	18	35	535.25
1.047198	1.433411	-1.035986	175	9	41	535.25
-2.879793	1.045978	0.343692	186	38	39	534.95
2.094395	1.998705	2.370472	171	25	22	534.89
-0.523599	1.721184	-0.153948	169	14	34	534.86
-0.523599	1.134796	2.434290	175	27	35	534.85
-2.356194	1.683268	0.374177	182	3	44	534.83
-1.047198	0.866955	-0.931351	173	20	48	534.82
-2.094395	1.218453	2.777284	164	18	36	534.82
2.879793	1.195355	1.200319	178	3	44	534.76
2.356194	2.041297	-2.664597	179	13	30	534.76
1.308997	1.301460	-0.509251	180	8	41	534.74
-0.523599	0.762244	-0.273349	169	11	42	534.73
1.047198	2.115563	0.685730	181	18	39	534.73
2.617994	0.619654	-2.216909	177	21	47	534.69
0.523599	2.704512	1.488683	185	9	52	534.68
-0.261799	2.349581	-2.702517	174	29	31	534.66
1.308997	0.866395	-2.492918	47	180	176	534.59
2.356194	2.664082	-1.071402	5	19	39	534.54
-1.832596	0.866955	-0.931351	175	25	47	534.48
-2.094395	1.247695	1.809890	171	25	38	534.47
1.570796	1.413430	2.550734	164	3	34	534.47
-2.094395	2.579248	-2.364801	172	19	41	534.47
-2.094395	1.766067	2.153843	171	25	31	534.46
-0.523599	1.050534	3.042579	176	31	29	534.46
0.261799	1.448123	-2.163292	185	3	37	534.28
1.832596	2.478122	2.609777	176	29	31	534.20
-2.879793	0.080730	-2.622036	172	11	41	534.13
2.356194	1.218453	2.777284	184	1	31	534.12
-3.141593	0.290380	-0.796960	180	19	44	534.10
0.000000	1.256302	0.062705	188	19	38	534.06
-1.570796	1.766067	2.153843	183	25	37	534.05
-1.047198	0.864993	2.278281	172	10	41	534.04
-0.261799	1.134497	-1.109631	177	9	46	534.02
-3.141593	2.349581	-2.702517	173	23	41	534.01
-0.261799	2.379497	0.561089	184	13	42	533.98
2.617994	1.218453	2.777284	174	29	34	533.93
-2.879793	2.247462	0.191623	171	12	47	533.91
2.879793	1.194549	-0.801900	190	23	44	533.86
-1.308997	1.440580	2.260026	183	27	36	533.83
0.523599	2.863997	0.549740	168	18	29	533.83
0.785398	1.554776	0.100351	183	28	39	533.83
-1.308997	2.164094	-2.991358	189	35	34	533.82
-0.785398	2.881233	-2.582574	182	2	30	533.77
2.879793	2.041297	-2.664597	171	23	40	533.76
-0.785398	2.724429	-0.348782	187	10	37	533.76
-2.879793	1.050534	3.042579	42	177	181	533.74
2.879793	1.599406	1.426070	186	30	36	533.74
1.832596	1.736875	3.023612	184	16	32	533.69
-0.523599	2.407836	1.410646	178	11	40	533.62
-2.879793	1.809167	1.213774	185	12	51	533.60
0.000000	1.310100	1.488307	178	23	41	533.56
-1.308997	2.164094	-2.991358	179	5	36	533.50
2.617994	0.866955	-0.931351	186	6	41	533.40
-1.570796	2.724429	-0.348782	184	1	41	533.38
-0.785398	1.247695	1.809890	174	12	38	533.34
2.356194	0.640596	-2.797608	183	27	48	533.31
2.094395	0.379747	-1.713059	175	16	45	533.30
-3.141593	2.456751	-1.503343	182	27	37	533.29
0.261799	0.674054	1.013609	184	5	43	533.28
0.523599	1.569311	-3.003978	190	24	37	533.19
1.832596	0.418037	1.360082	182	17	40	533.16
-2.356194	2.881233	-2.582574	169	18	36	533.12
-1.570796	1.812176	0.656819	183	9	42	533.11
1.047198	2.104282	-0.813972	175	5	35	533.04
-3.141593	1.699788	2.452890	175	29	30	533.01
0.785398	2.760637	2.781135	168	7	42	532.99
0.261799	2.073035	2.027405	170	19	47	532.98
0.523599	1.374601	-2.456031	188	7	38	532.97
-0.523599	2.407836	1.410646	176	15	49	532.97
0.785398	0.960688	-0.577532	172	15	41	532.95
-0.523599	2.637879	2.121598	169	19	47	532.90
-0.785398	2.407836	1.410646	178	15	52	532.89
-2.356194	0.379747	-1.713059	175	19	41	532.81
-0.523599	0.615174	-0.666022	171	14	45	532.80
0.523599	1.218453	2.777284	160	19	26	532.78
2.094395	0.960688	-0.577532	187	11	42	532.75
0.523599	1.599406	1.426070	180	11	33	532.75
1.047198	1.113094	-0.272241	175	8	38	532.73
-2.879793	1.301460	-0.509251	178	21	35	532.73
-3.141593	1.824694	1.850876	190	8	50	532.71
-0.261799	1.599406	1.426070	181	19	42	532.70
0.261799	1.909857	-0.381669	169	9	36	532.62
2.356194	0.418037	1.360082	180	17	39	532.62
2.356194	0.864993	2.278281	182	17	35	532.56
0.000000	1.045978	0.343692	186	20	39	532.52
1.570796	2.299159	2.264663	176	29	26	532.51
-2.356194	2.579248	-2.364801	169	17	37	532.50
2.617994	1.417623	-0.202254	161	13	30	532.43
-2.617994	1.554776	0.100351	179	19	38	532.39
-2.879793	2.104282	-0.813972	175	9	35	532.39
2.356194	1.836682	-0.676006	163	19	31	532.38
2.094395	1.869911	2.701025	185	6	38	532.38
-2.356194	2.984978	1.954446	178	28	37	532.30
-2.879793	2.664082	-1.071402	184	29	35	532.29
2.356194	0.419640	2.974122	176	25	43	532.23
2.879793	1.904882	-1.478089	185	19	43	532.19
0.523599	1.413347	-1.339188	171	16	40	532.15
-2.356194	0.418037	1.360082	173	24	44	532.14
-0.785398	1.247695	1.809890	182	26	39	532.12
-2.617994	2.343981	-1.040456	179	8	35	532.08
1.570796	1.699788	2.452890	179	30	27	532.08
1.832596	1.194549	-0.801900	182	6	41	532.06
0.523599	1.256302	0.062705	186	17	38	532.06
2.879793	0.419640	2.974122	174	23	43	532.04
-0.785398	1.977582	0.969896	184	18	49	532.00
0.261799	1.732874	-0.951685	174	5	35	532.00
-1.570796	2.478122	2.609777	181	27	35	531.99
-2.094395	2.104282	-0.813972	184	190	31	531.98
2.356194	2.247462	0.191623	168	24	46	531.97
1.047198	1.195355	1.200319	169	29	44	531.97
0.000000	2.138223	1.678323	175	19	50	531.95
-1.832596	1.413430	2.550734	170	24	35	531.95
-3.141593	1.741644	-2.695914	39	171	181	531.92
2.617994	0.899350	-2.069907	182	25	48	531.92
-0.785398	0.674054	1.013609	169	7	38	531.87
-0.261799	1.736875	3.023612	176	8	31	531.85
0.523599	1.450119	-2.739050	187	24	40	531.84
1.047198	2.174483	2.653697	188	30	31	531.81
0.261799	2.404280	-0.174044	170	15	34	531.76
-2.617994	2.343981	-1.040456	179	5	35	531.60
-0.785398	1.256302	0.062705	164	10	35	531.58
-1.570796	2.153910	-1.714959	178	23	45	531.57
-1.570796	1.909857	-0.381669	179	32	37	531.54
2.356194	2.455966	-0.641220	2	10	36	531.52
0.785398	1.545873	-1.877082	178	17	44	531.50
2.356194	2.187132	-0.479875	1	8	35	531.47
-0.261799	1.025536	1.576859	181	27	39	531.46
-0.785398	1.909857	-0.381669	168	16	34	531.46
2.617994	2.001437	0.381215	166	17	47	531.43
0.000000	1.658653	-2.409879	186	7	39	531.41
1.570796	1.904882	-1.478089	186	12	45	531.39
-1.832596	1.195355	1.200319	167	21	36	531.21
2.617994	1.335669	0.897240	168	6	42	531.17
2.094395	2.588535	-2.976617	179	30	35	531.15
-1.832596	1.113094	-0.272241	171	31	42	531.10
0.000000	1.606104	-0.451151	168	15	38	531.10
-1.308997	2.343981	-1.040456	176	29	40	531.07
-3.141593	1.050534	3.042579	169	21	36	531.00
-0.261799	1.135813	-2.658866	186	11	44	530.98
2.617994	1.998705	2.370472	167	20	27	530.94
-0.261799	1.982574	-1.115518	169	9	36	530.91
-0.785398	1.335669	0.897240	175	11	38	530.91
-3.141593	0.203748	0.590255	190	28	49	530.90
0.523599	2.089241	-0.114193	187	25	40	530.90
-1.308997	2.001437	0.381215	185	9	43	530.87
-2.094395	1.168678	2.108595	164	20	32	530.83
2.356194	1.606104	-0.451151	161	18	29	530.82
0.000000	2.863997	0.549740	2	12	49	530.81
0.000000	2.588535	-2.976617	167	28	40	530.75
2.356194	1.247695	1.809890	185	22	37	530.66
-1.308997	1.756530	-2.105156	172	11	41	530.63
-1.832596	1.247695	1.809890	168	22	36	530.62
-1.832596	1.242974	-2.977882	164	14	37	530.60
2.617994	1.301460	-0.509251	0	8	33	530.58
2.617994	1.214854	-1.966664	176	21	47	530.55
-1.308997	2.456751	-1.503343	172	18	41	530.55
2.879793	2.041297	-2.664597	169	24	36	530.54
1.308997	0.850607	-1.335383	172	12	40	530.54
2.356194	0.496451	0.593859	179	20	39	530.48
2.617994	2.349581	-2.702517	182	12	32	530.48
0.000000	2.356369	3.005869	165	27	40	530.38
-0.523599	2.063651	-2.044600	175	5	36	530.31
-0.785398	2.138223	1.678323	179	18	46	530.29
0.523599	1.766067	2.153843	165	19	43	530.27
2.356194	1.168678	2.108595	182	6	39	530.25
-2.094395	2.033014	2.977192	1	25	35	530.24
-2.617994	1.391910	3.030322	169	19	36	530.24
0.261799	0.910508	1.903534	182	6	40	530.20
-1.308997	2.724429	-0.348782	170	29	31	530.18
-0.261799	1.450119	-2.739050	184	7	40	530.13
-1.308997	2.180315	-1.357379	176	24	44	530.12
-1.047198	0.850607	-1.335383	173	11	42	530.11
0.261799	1.736875	3.023612	191	22	33	530.06
-2.617994	0.571433	-1.188419	180	22	48	530.02
0.785398	1.683268	0.374177	182	26	41	530.01
1.308997	2.393226	1.857173	180	7	48	530.00
-0.523599	2.174483	2.653697	173	32	42	529.99
0.523599	2.379497	0.561089	188	18	46	529.93
-0.523599	1.617114	-1.572037	172	12	42	529.91
-2.094395	2.299159	2.264663	186	25	42	529.89
0.000000	1.732874	-0.951685	189	23	32	529.81
2.617994	1.168678	2.108595	185	22	37	529.80
1.832596	2.704512	1.488683	189	16	50	529.78
-3.141593	0.866395	-2.492918	175	24	46	529.76
1.832596	1.413430	2.550734	185	15	34	529.75
0.261799	0.203748	0.590255	174	7	40	529.73
0.261799	1.658653	-2.409879	170	34	22	529.71
-0.261799	1.662363	0.915448	184	19	42	529.71
-1.832596	1.982574	-1.115518	173	25	41	529.71
-1.570796	1.870545	-2.976234	0	34	31	529.71
-1.832596	0.961715	0.014085	172	31	42	529.68
0.785398	2.396274	-1.959260	165	29	32	529.62
2.094395	0.709924	0.218797	188	22	44	529.61
-1.047198	1.617114	-1.572037	175	17	45	529.60
0.261799	2.579248	-2.364801	173	25	26	529.59
2.094395	2.760637	2.781135	171	27	30	529.56
-1.308997	1.846342	-1.796954	171	14	41	529.53
1.047198	1.113094	-0.272241	176	8	38	529.50
2.879793	1.214854	-1.966664	177	20	46	529.48
-1.832596	0.733948	3.021411	169	12	43	529.45
-1.047198	1.948085	-2.363031	178	10	42	529.45
-0.261799	1.184361	0.625864	191	28	41	529.38
-0.523599	1.335669	0.897240	181	17	38	529.34
-2.617994	1.450119	-2.739050	168	10	35	529.33
-1.832596	2.356369	3.005869	190	27	36	529.32
-0.785398	1.325504	-1.671296	174	10	43	529.32
-0.261799	2.343981	-1.040456	188	20	33	529.32
0.523599	1.574060	2.783565	162	19	33	529.31
-2.879793	0.496451	0.593859	185	30	46	529.29
2.094395	1.662363	0.915448	166	17	48	529.26
2.617994	0.992645	-1.723759	178	17	47	529.25
1.832596	0.496451	0.593859	184	18	43	529.23
1.832596	0.297065	2.160177	189	21	47	529.15
0.000000	2.719179	-1.780644	180	37	38	529.15
-1.570796	0.914445	2.687814	172	21	41	529.11
2.094395	2.984978	1.954446	168	17	30	529.07
1.047198	0.496451	0.593859	186	7	43	529.05
-1.047198	2.295480	1.008277	178	14	46	529.04
-0.523599	0.290380	-0.796960	175	17	46	528.99
0.261799	1.413347	-1.339188	175	18	46	528.98
2.617994	2.108018	1.311430	179	15	54	528.97
0.000000	2.153910	-1.714959	177	11	42	528.95
0.523599	1.195355	1.200319	176	37	43	528.93
0.523599	2.164094	-2.991358	161	21	32	528.92
1.570796	0.615174	-0.666022	177	10	41	528.85
0.261799	1.488617	1.159546	180	30	47	528.74
-1.047198	1.247695	1.809890	183	25	39	528.71
1.832596	2.153910	-1.714959	191	23	45	528.62
-1.308997	0.866395	-2.492918	176	12	48	528.62
-1.047198	2.299159	2.264663	177	29	46	528.61
-1.832596	0.640596	-2.797608	174	16	48	528.60
-1.570796	2.104282	-0.813972	171	28	39	528.60
-2.879793	0.615174	-0.666022	175	22	39	528.57
-1.047198	2.073035	2.027405	179	29	48	528.56
-1.570796	1.488617	1.159546	167	17	33	528.55
-2.617994	1.554776	0.100351	174	189	35	528.53
-0.523599	0.961715	0.014085	169	7	39	528.49
2.879793	0.379747	-1.713059	175	12	42	528.49
-1.047198	2.407836	1.410646	177	16	50	528.48
-2.356194	0.379747	-1.713059	178	17	47	528.46
-1.308997	1.870545	-2.976234	169	8	32	528.45
1.570796	1.134796	2.434290	182	15	34	528.44
1.832596	2.478122	2.609777	174	27	27	528.41
1.308997	1.617114	-1.572037	182	16	46	528.38
-3.141593	0.762244	-0.273349	180	24	41	528.35
2.879793	1.433411	-1.035986	189	14	44	528.26
-0.261799	1.732874	-0.951685	172	15	43	528.26
0.523599	1.417623	-0.202254	171	10	37	528.22
-1.047198	1.045978	0.343692	165	13	37	528.21
-1.308997	0.864993	2.278281	169	10	40	528.20
-2.094395	1.433411	-1.035986	169	27	38	528.17
-1.570796	1.218453	2.777284	170	22	37	528.17
0.523599	2.704512	1.488683	177	29	27	528.15
1.570796	1.214854	-1.966664	179	21	47	528.14
-2.617994	1.134796	2.434290	170	20	32	528.13
-0.785398	2.407836	1.410646	177	13	44	528.08
-0.261799	1.555207	1.708892	177	18	37	528.08
-1.570796	1.909857	-0.381669	166	26	31	528.02
-0.261799	2.299159	2.264663	170	23	47	528.00
-0.785398	1.450119	-2.739050	177	6	40	528.00
1.832596	1.374601	-2.456031	178	25	45	527.96
-0.785398	1.617114	-1.572037	170	8	40	527.96
2.356194	0.866955	-0.931351	183	5	41	527.95
-1.308997	0.914445	2.687814	172	19	41	527.92
0.261799	1.599406	1.426070	180	34	49	527.86
-2.879793	1.168678	2.108595	173	27	32	527.85
0.000000	1.869911	2.701025	168	31	40	527.83
-1.570796	1.128190	-2.288622	168	12	42	527.80
-1.570796	2.579248	-2.364801	6	25	36	527.80
-1.832596	2.174483	2.653697	190	29	41	527.79
-0.523599	1.904882	-1.478089	175	12	43	527.79
-2.094395	2.251330	-2.330739	174	16	43	527.66
0.000000	2.393226	1.857173	172	15	49	527.63
0.261799	1.606104	-0.451151	171	14	40	527.52
2.356194	0.906588	1.252948	165	3	34	527.52
-0.261799	0.571433	-1.188419	175	13	45	527.50
-1.047198	1.977582	0.969896	184	13	45	527.46
1.047198	0.370812	-2.547742	182	18	45	527.45
1.832596	0.297065	2.160177	191	24	48	527.44
2.879793	0.733948	3.021411	170	23	37	527.42
0.523599	0.591903	2.010408	165	23	30	527.42
-1.308997	1.721184	-0.153948	166	20	32	527.39
1.570796	2.984978	1.954446	173	28	33	527.37
0.000000	2.251330	-2.330739	173	36	31	527.33
-0.523599	0.850607	-1.335383	178	16	49	527.31
1.832596	0.419640	2.974122	46	182	184	527.30
-3.141593	0.961715	0.014085	171	7	33	527.28
-1.570796	1.135813	-2.658866	171	14	44	527.27
-3.141593	0.929350	-2.910676	169	18	39	527.27
-0.523599	1.448123	-2.163292	179	9	43	527.26
-1.570796	0.899350	-2.069907	173	14	47	527.22
-2.356194	0.379747	-1.713059	179	17	48	527.22
-1.047198	1.809167	1.213774	187	20	49	527.20
-0.523599	2.881233	-2.582574	178	29	35	527.20
2.617994	0.850607	-1.335383	180	6	40	527.19
2.879793	1.218453	2.777284	172	28	35	527.18
-2.879793	1.367556	0.358405	175	2	41	527.18
-0.785398	1.504028	0.636812	0	20	44	527.14
2.356194	0.297065	2.160177	185	16	42	527.12
-1.308997	2.153910	-1.714959	166	16	36	527.09
-1.047198	2.587733	0.232235	184	5	44	527.08
-0.261799	2.881233	-2.582574	175	31	38	527.08
-2.617994	0.203748	0.590255	181	16	44	527.00
0.261799	1.696674	-1.253233	176	6	39	526.99
2.094395	2.164094	-2.991358	184	17	30	526.97
-1.047198	2.881233	-2.582574	188	22	35	526.96
2.617994	0.640596	-2.797608	175	26	45	526.96
1.832596	2.001437	0.381215	169	28	46	526.95
-3.141593	2.104282	-0.813972	188	24	39	526.94
-1.308997	1.325504	-1.671296	179	19	47	526.91
-0.261799	2.724429	-0.348782	188	15	38	526.87
-2.617994	1.050534	3.042579	168	14	36	526.78
-0.785398	0.370812	-2.547742	29	181	159	526.72
-2.094395	1.247695	1.809890	170	25	37	526.69
-0.785398	2.881233	-2.582574	184	32	39	526.66
0.261799	2.356369	3.005869	161	23	37	526.63
2.356194	0.961715	0.014085	189	26	42	526.63
1.832596	2.295480	1.008277	178	21	51	526.58
2.356194	2.349581	-2.702517	183	16	31	526.55
0.000000	1.450119	-2.739050	180	5	35	526.53
2.094395	0.733948	3.021411	173	30	35	526.52
-3.141593	1.335669	0.897240	181	29	38	526.51
-2.094395	1.998705	2.370472	188	24	39	526.51
-1.832596	2.104282	-0.813972	173	29	38	526.51
-0.785398	1.569311	-3.003978	179	31	29	526.50
-2.617994	0.418037	1.360082	188	3	28	526.47
0.261799	2.251330	-2.330739	168	33	30	526.47
-1.047198	1.736875	3.023612	173	5	32	526.45
-2.879793	0.762244	-0.273349	176	22	39	526.44
2.617994	0.866955	-0.931351	190	22	47	526.42
1.832596	2.393226	1.857173	182	9	49	526.41
-2.356194	2.343981	-1.040456	182	7	35	526.41
-1.047198	2.404280	-0.174044	183	10	36	526.35
2.356194	2.299159	2.264663	189	3	43	526.32
-1.047198	1.982574	-1.115518	169	14	37	526.32
-2.356194	1.574060	2.783565	169	16	33	526.30
0.523599	0.914445	2.687814	162	19	27	526.30
-2.879793	0.831641	0.616218	179	24	41	526.30
0.261799	1.045978	0.343692	188	24	39	526.28
-0.261799	1.736875	3.023612	177	13	32	526.27
-1.047198	1.433411	-1.035986	168	16	41	526.23
2.617994	0.419640	2.974122	179	26	47	526.14
0.523599	2.295480	1.008277	186	18	52	526.04
0.523599	2.115563	0.685730	182	19	42	526.02
-3.141593	0.203748	0.590255	181	17	44	526.01
1.832596	2.343981	-1.040456	0	10	41	525.97
1.570796	2.104282	-0.813972	187	7	41	525.91
0.261799	2.001437	0.381215	0	27	48	525.87
2.094395	2.180315	-1.357379	0	19	44	525.86
-1.832596	1.869911	2.701025	173	21	31	525.85
1.570796	1.510910	-0.740472	180	3	35	525.84
2.879793	1.214854	-1.966664	174	15	44	525.82
2.094395	1.050534	3.042579	185	15	33	525.79
-1.570796	0.700570	1.559208	165	15	37	525.78
-2.879793	1.699788	2.452890	173	27	30	525.75
0.261799	1.135813	-2.658866	191	16	44	525.72
1.047198	2.979456	-1.009304	176	29	36	525.70
-1.308997	0.992645	-1.723759	174	16	48	525.70
1.308997	0.297065	2.160177	181	14	41	525.65
2.094395	2.041297	-2.664597	182	18	30	525.64
1.832596	0.591903	2.010408	0	21	45	525.62
-0.785398	1.569311	-3.003978	176	3	36	525.60
0.261799	0.866395	-2.492918	185	6	40	525.59
-1.570796	0.370812	-2.547742	178	11	46	525.53
-1.308997	1.440580	2.260026	184	27	37	525.50
-3.141593	0.591903	2.010408	177	25	40	525.48
2.356194	0.685216	-1.712745	179	18	47	525.47
-0.261799	1.998705	2.370472	172	20	37	525.46
-2.879793	1.448123	-2.163292	172	14	43	525.46
-0.785398	0.591903	2.010408	176	10	44	525.44
0.785398	2.592629	0.909713	190	15	49	525.44
1.308997	0.866395	-2.492918	184	27	46	525.44
1.570796	0.458961	-0.107937	181	7	39	525.43
-0.261799	2.456751	-1.503343	188	22	32	525.43
1.570796	1.301460	-0.509251	184	9	41	525.42
-0.523599	2.089241	-0.114193	169	27	34	525.42
-3.141593	1.413347	-1.339188	184	15	44	525.39
1.047198	1.554776	0.100351	178	24	35	525.38
-1.308997	1.736875	3.023612	189	36	34	525.36
0.785398	0.709924	0.218797	189	10	45	525.33
-2.879793	1.504028	0.636812	178	4	45	525.32
0.523599	2.456751	-1.503343	179	6	40	525.31
-0.261799	1.413347	-1.339188	176	19	46	525.27
0.261799	2.396274	-1.959260	172	36	31	525.23
-1.308997	2.664082	-1.071402	189	11	36	525.23
-2.879793	2.187132	-0.479875	170	5	39	525.22
2.094395	0.297065	2.160177	186	16	44	525.21
1.047198	1.335669	0.897240	174	20	36	525.21
-0.261799	1.836682	-0.676006	172	1	29	525.19
-2.356194	2.187132	-0.479875	180	26	32	525.18
-1.308997	1.872854	1.543456	181	19	42	525.13
-1.570796	2.063651	-2.044600	167	14	36	525.11
2.617994	0.929350	-2.910676	171	24	39	525.10
0.523599	1.301460	-0.509251	172	13	41	525.05
-0.785398	1.977582	0.969896	185	15	46	525.05
-1.308997	0.850607	-1.335383	173	16	46	525.04
-1.047198	1.904882	-1.478089	170	15	41	525.03
2.617994	2.592629	0.909713	179	23	41	525.02
-2.879793	2.104282	-0.813972	176	9	35	524.88
-0.523599	0.496451	0.593859	171	9	43	524.86
-3.141593	0.910508	1.903534	181	17	33	524.82
2.356194	2.881233	-2.582574	181	191	44	524.75
-3.141593	1.504028	0.636812	174	6	45	524.74
0.000000	2.247462	0.191623	170	23	30	524.73
-3.141593	1.569311	-3.003978	41	172	182	524.64
1.570796	2.637879	2.121598	174	28	28	524.62
0.785398	1.433411	-1.035986	175	11	43	524.60
-1.047198	2.174483	2.653697	180	34	42	524.58
-2.356194	1.134497	-1.109631	171	24	37	524.56
2.356194	1.194549	-0.801900	187	7	42	524.55
1.832596	1.977582	0.969896	171	21	49	524.54
-2.879793	1.824694	1.850876	181	21	35	524.46
1.570796	2.115563	0.685730	174	26	48	524.44
-2.879793	1.128190	-2.288622	172	10	41	524.44
0.000000	2.396274	-1.959260	178	37	31	524.40
-0.261799	1.014500	0.906702	177	5	38	524.40
-0.523599	2.108018	1.311430	179	19	49	524.39
-3.141593	2.180315	-1.357379	182	26	40	524.39
2.356194	0.831641	0.616218	171	17	38	524.33
-2.879793	0.418037	1.360082	186	4	33	524.31
-0.261799	1.721184	-0.153948	170	7	32	524.26
-1.832596	0.640596	-2.797608	172	12	46	524.26
-2.879793	0.910508	1.903534	176	29	40	524.25
0.261799	1.184361	0.625864	185	33	41	524.17
-2.356194	1.045978	0.343692	178	36	39	524.11
-1.047198	0.850607	-1.335383	176	18	49	524.06
2.094395	2.089241	-0.114193	189	5	32	523.99
-0.785398	2.138223	1.678323	178	23	50	523.98
-1.308997	0.992645	-1.723759	174	16	47	523.90
0.000000	1.741644	-2.695914	189	17	40	523.88
-0.523599	1.301460	-0.509251	168	6	37	523.87
2.879793	2.001437	0.381215	167	13	47	523.80
-0.523599	2.073035	2.027405	175	27	48	523.79
0.261799	1.904882	-1.478089	174	13	42	523.77
1.570796	2.251330	-2.330739	160	173	186	523.74
-1.308997	2.108018	1.311430	182	18	51	523.69
0.523599	2.356369	3.005869	163	17	38	523.60
2.356194	2.033014	2.977192	172	26	35	523.60
-0.785398	0.619654	-2.216909	183	14	50	523.59
-0.785398	0.203748	0.590255	173	15	47	523.58
2.094395	1.242974	-2.977882	176	31	39	523.55
-2.356194	0.910508	1.903534	169	20	30	523.51
-0.785398	1.194549	-0.801900	171	15	44	523.50
-0.523599	0.914445	2.687814	176	31	32	523.50
-1.570796	2.760637	2.781135	180	29	36	523.48
1.308997	2.174483	2.653697	182	30	29	523.47
2.879793	1.335669	0.897240	177	10	45	523.46
0.000000	1.510910	-0.740472	170	15	41	523.44
-3.141593	1.413430	2.550734	171	26	31	523.43
-2.094395	1.982574	-1.115518	175	25	40	523.43
-0.785398	1.554776	0.100351	167	16	33	523.43
-1.832596	2.455966	-0.641220	185	0	37	523.42
-1.047198	1.741644	-2.695914	173	7	37	523.39
-0.261799	2.637879	2.121598	168	16	46	523.36
1.832596	0.496451	0.593859	187	18	45	523.34
-0.523599	0.762244	-0.273349	170	10	42	523.33
0.785398	1.824694	1.850876	169	14	42	523.29
2.879793	0.685216	-1.712745	182	21	49	523.28
1.308997	2.115563	0.685730	183	16	32	523.20
-2.617994	2.760637	2.781135	1	21	41	523.17
-1.570796	1.433411	-1.035986	167	23	42	523.17
-0.785398	1.242974	-2.977882	177	5	41	523.16
-1.047198	1.846342	-1.796954	169	13	40	523.10
0.000000	0.685216	-1.712745	178	12	46	523.04
-2.356194	1.809167	1.213774	188	11	52	523.00
-3.141593	0.615174	-0.666022	180	24	44	522.98
-1.308997	1.683268	0.374177	173	17	35	522.97
2.617994	1.812176	0.656819	169	14	48	522.97
0.785398	2.407836	1.410646	182	12	51	522.93
2.356194	0.910508	1.903534	179	6	38	522.90
-1.308997	1.824694	1.850876	186	27	47	522.89
-0.261799	0.992645	-1.723759	182	22	47	522.88
-1.308997	2.299159	2.264663	180	27	43	522.76
-1.047198	0.203748	0.590255	172	15	41	522.75
-2.879793	0.591903	2.010408	28	187	6	522.72
-2.879793	2.089241	-0.114193	183	28	32	522.71
1.570796	2.295480	1.008277	179	21	50	522.71
-1.832596	2.881233	-2.582574	6	24	43	522.69
-1.047198	0.700570	1.559208	168	8	38	522.68
1.047198	2.247462	0.191623	184	24	42	522.63
-2.879793	0.866395	-2.492918	173	12	42	522.63
-1.047198	1.836682	-0.676006	167	16	34	522.58
1.832596	1.766067	2.153843	175	26	21	522.58
0.261799	1.872854	1.543456	173	20	45	522.52
-1.570796	0.910508	1.903534	168	17	40	522.50
-1.570796	1.574060	2.783565	166	10	31	522.45
-1.308997	2.299159	2.264663	181	29	46	522.43
-2.356194	2.760637	2.781135	191	21	38	522.41
-0.785398	1.488617	1.159546	188	21	45	522.39
2.094395	0.866955	-0.931351	179	5	40	522.36
-1.832596	1.606104	-0.451151	169	29	36	522.35
2.879793	1.872854	1.543456	183	9	52	522.31
-0.261799	1.504028	0.636812	186	21	41	522.31
-1.832596	2.063651	-2.044600	178	18	46	522.30
2.094395	2.138223	1.678323	179	10	51	522.30
2.356194	0.864993	2.278281	36	0	4	522.28
-0.523599	0.203748	0.590255	172	12	45	522.25
1.308997	1.662363	0.915448	176	17	37	522.22
-0.523599	1.450119	-2.739050	180	5	39	522.19
1.308997	1.736875	3.023612	161	6	31	522.19
-2.879793	0.418037	1.360082	182	16	40	522.15
-3.141593	2.478122	2.609777	168	12	27	522.12
2.094395	1.450119	-2.739050	176	27	43	521.99
-0.523599	0.700570	1.559208	176	6	42	521.99
0.523599	1.025536	1.576859	168	26	37	521.98
-2.094395	1.413347	-1.339188	167	25	36	521.95
0.000000	1.184361	0.625864	188	32	41	521.94
0.000000	1.374601	-2.456031	187	11	43	521.93
2.356194	2.104282	-0.813972	2	15	41	521.92
-2.879793	0.831641	0.616218	182	31	43	521.92
1.570796	2.174483	2.653697	178	30	29	521.90
-1.832596	2.187132	-0.479875	185	0	36	521.88
-2.094395	1.440580	2.260026	171	26	35	521.86
1.832596	2.138223	1.678323	177	11	51	521.86
-1.832596	0.290380	-0.796960	177	15	42	521.83
2.879793	2.349581	-2.702517	169	25	34	521.78
2.094395	2.138223	1.678323	179	11	51	521.76
2.356194	0.709924	0.218797	186	22	43	521.74
2.617994	1.696674	-1.253233	180	23	32	521.73
-3.141593	1.554776	0.100351	169	6	38	521.72
0.000000	1.433411	-1.035986	173	17	44	521.71
-2.617994	1.982574	-1.115518	180	27	42	521.64
-1.570796	2.881233	-2.582574	3	27	41	521.61
-1.832596	0.910508	1.903534	167	20	40	521.58
-0.261799	0.203748	0.590255	171	11	43	521.57
-3.141593	1.812176	0.656819	172	8	48	521.56
0.261799	2.587733	0.232235	3	20	47	521.46
0.785398	2.637879	2.121598	182	30	28	521.39
2.879793	0.496451	0.593859	180	20	41	521.39
2.879793	2.295480	1.008277	180	23	53	521.38
-1.047198	1.836682	-0.676006	172	24	40	521.32
-0.261799	2.349581	-2.702517	173	36	35	521.31
1.047198	1.301460	-0.509251	177	11	41	521.27
1.308997	1.134497	-1.109631	175	9	40	521.25
1.047198	0.960688	-0.577532	172	7	38	521.25
-2.617994	1.195355	1.200319	186	12	43	521.20
-1.047198	2.343981	-1.040456	168	13	31	521.19
1.308997	1.391910	3.030322	182	30	34	521.18
0.261799	0.619654	-2.216909	42	174	170	521.16
-2.356194	1.135834	-1.431087	171	24	38	521.01
-3.141593	2.760637	2.781135	5	12	43	520.98
2.879793	1.113094	-0.272241	54	176	178	520.97
-2.879793	2.456751	-1.503343	178	29	39	520.96
-1.570796	2.478122	2.609777	184	30	41	520.86
0.261799	1.374601	-2.456031	184	6	38	520.85
-0.261799	1.909857	-0.381669	170	21	38	520.82
1.832596	2.115563	0.685730	172	25	48	520.82
1.570796	1.301460	-0.509251	185	9	41	520.78
1.832596	0.960688	-0.577532	175	23	31	520.74
2.617994	2.379497	0.561089	173	23	51	520.72
2.356194	0.700570	1.559208	185	21	42	520.70
-2.094395	0.297065	2.160177	168	18	43	520.65
-1.570796	1.824694	1.850876	183	22	41	520.64
-0.785398	2.478122	2.609777	173	30	44	520.64
-0.785398	1.998705	2.370472	177	32	44	520.53
-3.141593	2.247462	0.191623	169	14	47	520.51
1.570796	1.168678	2.108595	183	16	36	520.49
1.047198	2.760637	2.781135	187	29	32	520.46
-2.356194	0.914445	2.687814	168	12	33	520.45
2.356194	0.899350	-2.069907	182	23	47	520.41
0.785398	2.724429	-0.348782	186	21	37	520.40
2.879793	2.295480	1.008277	178	20	54	520.38
-2.617994	0.370812	-2.547742	173	12	43	520.34
-0.785398	1.699788	2.452890	179	36	41	520.33
-0.785398	0.866395	-2.492918	181	10	48	520.33
2.617994	0.458961	-0.107937	180	21	41	520.33
1.832596	1.506530	1.988858	176	26	20	520.30
-1.047198	1.812176	0.656819	189	14	46	520.26
1.832596	2.174483	2.653697	174	29	26	520.23
-0.785398	0.203748	0.590255	172	15	46	520.22
2.094395	0.640596	-2.797608	171	25	38	520.19
0.523599	1.555207	1.708892	168	21	41	520.16
0.000000	0.571433	-1.188419	176	13	47	520.10
0.000000	2.108018	1.311430	181	19	52	520.06
-1.047198	0.379747	-1.713059	176	12	42	520.05
1.047198	2.379497	0.561089	170	168	185	520.05
0.000000	1.433411	-1.035986	172	17	43	520.03
-2.094395	2.104282	-0.813972	176	30	38	520.02
-0.785398	1.134796	2.434290	173	13	39	519.98
-1.832596	0.700570	1.559208	168	16	31	519.97
-0.785398	1.658653	-2.409879	176	7	40	519.96
-1.570796	0.591903	2.010408	170	16	44	519.95
-2.617994	2.001437	0.381215	177	8	47	519.94
2.617994	1.599406	1.426070	176	5	48	519.94
-1.570796	1.134796	2.434290	171	22	39	519.93
0.000000	2.396274	-1.959260	181	7	39	519.90
-1.308997	1.569311	-3.003978	168	6	33	519.89
1.308997	1.310100	1.488307	167	21	46	519.89
-0.261799	2.247462	0.191623	186	15	39	519.89
0.261799	2.396274	-1.959260	183	8	42	519.89
-1.047198	0.709924	0.218797	167	15	41	519.85
-2.356194	1.569311	-3.003978	170	7	34	519.85
2.094395	2.455966	-0.641220	3	11	38	519.83
-0.785398	1.846342	-1.796954	172	10	40	519.79
0.523599	2.724429	-0.348782	0	25	41	519.76
2.617994	1.214854	-1.966664	177	22	46	519.75
0.261799	1.574060	2.783565	41	184	186	519.74
2.879793	1.569311	-3.003978	38	169	182	519.73
-2.094395	0.709924	0.218797	176	29	45	519.72
-0.261799	1.367556	0.358405	171	1	31	519.70
0.000000	1.599406	1.426070	176	26	45	519.65
1.047198	1.683268	0.374177	179	21	36	519.59
1.832596	2.760637	2.781135	176	29	31	519.53
0.785398	1.606104	-0.451151	184	30	35	519.50
2.094395	2.001437	0.381215	167	25	47	519.49
0.523599	1.194549	-0.801900	171	13	42	519.48
2.879793	0.419640	2.974122	170	21	38	519.44
0.000000	0.831641	0.616218	181	7	43	519.44
-0.261799	1.113094	-0.272241	171	4	39	519.42
1.832596	1.440580	2.260026	176	28	22	519.38
-0.785398	2.881233	-2.582574	183	33	39	519.37
-0.785398	1.218453	2.777284	178	31	32	519.35
-0.261799	1.025536	1.576859	180	26	39	519.35
-1.308997	2.349581	-2.702517	175	6	36	519.29
-3.141593	1.134796	2.434290	174	29	35	519.23
2.879793	1.836682	-0.676006	164	10	31	519.16
-2.617994	1.875281	0.107086	175	4	43	519.03
-1.308997	2.295480	1.008277	178	11	42	519.00
1.832596	1.168678	2.108595	184	16	36	518.95
-1.308997	0.496451	0.593859	169	19	44	518.95
-0.523599	1.736875	3.023612	174	29	32	518.95
-1.047198	2.455966	-0.641220	187	12	36	518.95
1.047198	2.073035	2.027405	172	8	43	518.92
-1.832596	1.301460	-0.509251	169	27	39	518.89
-1.047198	1.194549	-0.801900	174	21	45	518.87
-1.570796	2.073035	2.027405	180	24	40	518.86
2.617994	1.050534	3.042579	172	27	36	518.83
0.000000	1.113094	-0.272241	190	21	36	518.81
-2.879793	1.134796	2.434290	173	26	36	518.78
-2.617994	0.619654	-2.216909	174	13	43	518.73
2.879793	0.992645	-1.723759	180	16	47	518.69
0.000000	0.700570	1.559208	180	28	37	518.67
-2.879793	1.696674	-1.253233	178	22	33	518.67
2.356194	1.766067	2.153843	170	23	24	518.65
0.785398	0.850607	-1.335383	47	174	176	518.63
-3.141593	1.450119	-2.739050	177	30	41	518.62
2.879793	2.247462	0.191623	169	18	47	518.60
0.000000	1.135813	-2.658866	185	3	41	518.59
-2.879793	2.979456	-1.009304	185	29	32	518.52
-2.879793	0.906588	1.252948	184	6	39	518.47
-0.785398	1.569311	-3.003978	180	33	29	518.47
0.261799	2.115563	0.685730	185	20	47	518.46
-2.879793	2.001437	0.381215	174	11	48	518.43
-1.308997	2.041297	-2.664597	182	8	43	518.33
1.832596	1.506530	1.988858	177	26	21	518.32
1.570796	0.961715	0.014085	183	7	35	518.29
-2.094395	2.664082	-1.071402	171	29	33	518.29
-2.356194	1.909857	-0.381669	179	0	37	518.14
-1.308997	2.881233	-2.582574	173	5	33	518.14
2.356194	0.685216	-1.712745	171	11	42	518.13
-0.261799	2.247462	0.191623	186	16	39	518.11
-1.832596	2.979456	-1.009304	169	27	29	518.10
1.047198	1.574060	2.783565	187	30	32	518.10
0.785398	1.310100	1.488307	170	29	45	518.03
2.617994	0.297065	2.160177	184	15	39	518.00
-1.047198	1.617114	-1.572037	173	14	43	517.95
1.570796	1.168678	2.108595	184	16	37	517.94
1.047198	1.417623	-0.202254	178	7	36	517.92
-1.308997	2.164094	-2.991358	187	31	33	517.81
-0.523599	1.909857	-0.381669	169	13	34	517.81
0.523599	1.836682	-0.676006	190	33	34	517.79
0.785398	1.836682	-0.676006	185	30	35	517.76
-0.261799	1.555207	1.708892	179	31	47	517.74
-1.570796	1.195355	1.200319	163	18	31	517.73
-1.832596	2.760637	2.781135	183	28	37	517.73
2.617994	0.458961	-0.107937	179	22	41	517.72
0.523599	1.325504	-1.671296	174	19	42	517.69
0.000000	0.866395	-2.492918	182	6	40	517.69
0.523599	2.863997	0.549740	3	15	47	517.68
0.261799	1.256302	0.062705	190	32	37	517.67
-0.261799	1.214854	-1.966664	183	14	46	517.66
2.617994	0.370812	-2.547742	173	21	46	517.64
2.094395	0.831641	0.616218	171	21	38	517.64
-2.617994	0.961715	0.014085	177	29	42	517.62
2.356194	1.998705	2.370472	176	31	26	517.61
1.570796	2.393226	1.857173	172	21	21	517.59
-2.617994	1.135813	-2.658866	172	14	42	517.55
-0.261799	1.721184	-0.153948	189	18	37	517.48
1.570796	2.138223	1.678323	175	13	52	517.46
-3.141593	2.579248	-2.364801	170	27	37	517.46
-2.879793	1.256302	0.062705	178	17	37	517.43
-0.785398	1.869911	2.701025	179	36	39	517.39
-3.141593	1.301460	-0.509251	177	19	35	517.38
-1.570796	2.174483	2.653697	187	31	41	517.37
-1.570796	0.866395	-2.492918	172	11	46	517.37
-2.094395	2.299159	2.264663	183	26	39	517.33
-2.879793	0.615174	-0.666022	177	22	41	517.33
-0.785398	1.756530	-2.105156	176	8	40	517.32
-2.356194	1.194549	-0.801900	171	23	36	517.32
1.570796	1.977582	0.969896	172	23	50	517.31
-0.261799	1.574060	2.783565	176	3	30	517.30
-0.523599	1.510910	-0.740472	169	10	39	517.28
2.617994	1.413347	-1.339188	184	11	42	517.27
0.000000	2.299159	2.264663	168	18	42	517.27
-1.308997	1.909857	-0.381669	169	23	33	517.25
-0.785398	2.704512	1.488683	172	12	48	517.21
1.570796	2.587733	0.232235	178	31	47	517.21
2.356194	1.977582	0.969896	172	17	52	517.19
-0.523599	1.128190	-2.288622	181	8	46	517.16
2.356194	0.080730	-2.622036	176	18	48	517.14
-0.261799	1.135813	-2.658866	187	12	44	517.11
2.356194	2.153910	-1.714959	182	22	30	517.10
-1.570796	1.168678	2.108595	169	19	38	517.09
0.523599	1.569311	-3.003978	41	169	189	517.08
-1.308997	2.579248	-2.364801	4	30	36	517.08
1.832596	2.187132	-0.479875	164	29	38	517.04
-1.308997	1.809167	1.213774	187	19	49	517.00
-1.570796	1.247695	1.809890	166	16	34	516.97
2.356194	1.870545	-2.976234	182	13	30	516.94
0.000000	2.115563	0.685730	185	18	45	516.92
-0.523599	2.587733	0.232235	169	24	28	516.89
-2.094395	2.760637	2.781135	0	28	46	516.88
-0.523599	0.615174	-0.666022	172	13	45	516.86
2.356194	2.579248	-2.364801	180	29	35	516.85
-2.356194	0.640596	-2.797608	172	15	45	516.84
0.000000	0.864993	2.278281	179	6	40	516.80
2.094395	2.664082	-1.071402	4	14	39	516.71
-0.523599	2.041297	-2.664597	186	9	39	516.70
0.785398	0.203748	0.590255	185	12	49	516.68
-1.047198	2.180315	-1.357379	169	11	35	516.58
-1.047198	0.379747	-1.713059	184	19	51	516.53
-0.261799	2.379497	0.561089	185	13	44	516.52
2.879793	1.440580	2.260026	173	28	27	516.50
0.523599	0.899350	-2.069907	184	21	47	516.49
-1.570796	0.419640	2.974122	174	9	45	516.47
-2.879793	1.214854	-1.966664	178	30	46	516.45
-0.785398	1.574060	2.783565	175	16	34	516.43
2.617994	2.115563	0.685730	171	18	51	516.42
0.000000	1.218453	2.777284	180	13	37	516.41
-1.047198	2.187132	-0.479875	188	12	37	516.40
2.356194	2.349581	-2.702517	180	13	32	516.37
-1.047198	1.113094	-0.272241	168	19	42	516.36
2.879793	1.417623	-0.202254	163	8	30	516.33
-1.047198	2.881233	-2.582574	177	3	32	516.33
-0.785398	2.664082	-1.071402	10	23	40	516.27
1.047198	0.458961	-0.107937	188	13	48	516.27
0.000000	2.349581	-2.702517	170	34	36	516.26
-0.523599	1.367556	0.358405	166	168	0	516.21
0.785398	1.766067	2.153843	189	29	25	516.12
-0.785398	2.455966	-0.641220	169	23	38	516.09
0.523599	1.836682	-0.676006	187	30	35	516.08
0.523599	0.709924	0.218797	188	11	45	516.08
-3.141593	0.709924	0.218797	179	23	41	516.07
-2.879793	1.721184	-0.153948	179	23	36	516.07
1.570796	0.203748	0.590255	180	17	43	516.07
-2.356194	2.637879	2.121598	182	26	39	516.05
-1.308997	2.579248	-2.364801	5	30	37	516.04
-0.785398	1.756530	-2.105156	175	8	41	516.03
0.523599	2.455966	-0.641220	186	23	36	516.01
2.356194	2.299159	2.264663	169	20	24	515.95
1.047198	1.809167	1.213774	175	18	46	515.92
1.308997	2.299159	2.264663	180	29	27	515.91
-2.879793	0.910508	1.903534	174	26	34	515.89
1.570796	2.592629	0.909713	171	168	184	515.89
-2.356194	2.089241	-0.114193	178	4	42	515.88
1.832596	2.356369	3.005869	178	30	33	515.82
-0.785398	1.448123	-2.163292	177	11	44	515.81
-3.141593	2.041297	-2.664597	167	21	36	515.79
1.308997	2.001437	0.381215	183	17	31	515.76
2.879793	2.719179	-1.780644	181	30	36	515.76
-3.141593	2.356369	3.005869	169	19	36	515.75
2.617994	1.134497	-1.109631	191	26	46	515.73
-1.047198	1.998705	2.370472	180	33	44	515.72
0.261799	0.864993	2.278281	167	22	32	515.67
-2.879793	1.440580	2.260026	170	23	28	515.67
1.047198	0.458961	-0.107937	181	8	46	515.66
2.617994	1.194549	-0.801900	189	9	42	515.65
-2.617994	2.724429	-0.348782	188	27	32	515.63
-1.570796	2.033014	2.977192	190	34	37	515.62
1.570796	0.700570	1.559208	164	15	35	515.58
-1.570796	2.719179	-1.780644	170	17	38	515.58
2.356194	2.478122	2.609777	168	23	27	515.52
2.094395	0.080730	-2.622036	172	19	43	515.51
1.308997	1.325504	-1.671296	178	17	46	515.49
0.000000	1.836682	-0.676006	170	10	37	515.49
-2.356194	1.184361	0.625864	183	10	41	515.49
-1.308997	2.979456	-1.009304	169	23	34	515.48
-2.617994	0.297065	2.160177	173	23	46	515.48
-1.832596	0.290380	-0.796960	182	21	48	515.47
-2.356194	1.413430	2.550734	169	15	31	515.41
-1.308997	2.863997	0.549740	186	29	30	515.39
0.523599	0.458961	-0.107937	175	7	41	515.33
0.523599	1.113094	-0.272241	189	22	37	515.21
-1.832596	1.510910	-0.740472	168	27	39	515.19
2.879793	2.115563	0.685730	171	16	51	515.18
0.261799	2.153910	-1.714959	184	26	31	515.16
-0.523599	2.343981	-1.040456	171	5	27	515.16
-2.094395	1.732874	-0.951685	169	27	34	515.14
-0.261799	0.866955	-0.931351	175	8	44	515.14
-1.308997	1.417623	-0.202254	166	21	37	515.13
-2.617994	1.367556	0.358405	180	1	41	515.13
-3.141593	0.914445	2.687814	170	24	35	515.12
-2.356194	0.685216	-1.712745	177	20	49	515.10
-0.785398	2.063651	-2.044600	174	6	38	515.09
-0.785398	2.396274	-1.959260	3	34	32	515.05
-1.570796	2.704512	1.488683	39	184	182	515.04
-1.832596	2.164094	-2.991358	181	23	31	515.03
-1.308997	0.685216	-1.712745	172	13	41	515.00
-0.523599	1.836682	-0.676006	168	8	34	514.98
-3.141593	1.113094	-0.272241	182	31	40	514.97
1.570796	2.343981	-1.040456	164	29	35	514.96
-0.261799	0.458961	-0.107937	172	11	45	514.95
0.785398	1.113094	-0.272241	171	6	35	514.95
-1.570796	1.574060	2.783565	169	13	34	514.93
0.785398	1.741644	-2.695914	188	22	38	514.92
2.356194	1.413430	2.550734	183	1	37	514.88
1.047198	1.869911	2.701025	187	29	30	514.86
-2.617994	2.588535	-2.976617	169	16	37	514.85
0.785398	1.247695	1.809890	166	26	43	514.84
2.356194	2.588535	-2.976617	173	29	33	514.82
-0.261799	2.863997	0.549740	170	26	28	514.82
1.308997	1.218453	2.777284	183	31	31	514.77
2.617994	1.134497	-1.109631	185	9	44	514.77
1.832596	0.496451	0.593859	187	19	45	514.73
2.356194	0.571433	-1.188419	179	10	43	514.72
-1.832596	1.050534	3.042579	166	13	39	514.65
0.785398	0.080730	-2.622036	182	12	39	514.58
-3.141593	2.089241	-0.114193	185	29	32	514.58
2.094395	1.433411	-1.035986	175	22	30	514.56
1.308997	1.325504	-1.671296	181	20	48	514.55
1.570796	1.247695	1.809890	166	13	43	514.51
-2.617994	0.640596	-2.797608	172	19	45	514.50
2.879793	1.413430	2.550734	172	29	31	514.48
1.570796	1.256302	0.062705	185	3	33	514.46
-0.785398	1.195355	1.200319	170	7	35	514.45
-0.261799	2.664082	-1.071402	188	20	35	514.43
1.832596	1.325504	-1.671296	179	18	47	514.40
-0.261799	2.104282	-0.813972	168	11	34	514.36
2.356194	0.203748	0.590255	182	17	45	514.34
0.785398	1.948085	-2.363031	187	18	44	514.34
1.308997	1.374601	-2.456031	182	30	44	514.34
2.356194	0.910508	1.903534	178	6	38	514.33
-0.785398	0.591903	2.010408	176	11	44	514.30
-1.308997	1.599406	1.426070	190	23	48	514.19
-0.785398	1.554776	0.100351	168	18	34	514.16
0.000000	2.587733	0.232235	186	15	41	514.08
1.570796	0.700570	1.559208	161	11	31	514.08
2.094395	0.700570	1.559208	170	9	36	514.06
-1.570796	1.869911	2.701025	190	34	39	514.05
2.617994	1.113094	-0.272241	38	178	1	514.04
1.570796	1.391910	3.030322	183	14	32	513.98
1.308997	1.168678	2.108595	164	14	39	513.96
2.879793	0.866955	-0.931351	186	18	45	513.94
-1.047198	1.113094	-0.272241	168	18	42	513.93
2.617994	1.504028	0.636812	167	10	44	513.92
2.094395	2.349581	-2.702517	173	189	35	513.87
-1.047198	1.214854	-1.966664	176	15	46	513.87
1.570796	2.592629	0.909713	185	23	50	513.86
-1.832596	2.164094	-2.991358	3	29	34	513.86
1.832596	0.418037	1.360082	180	17	39	513.78
1.832596	1.168678	2.108595	185	17	36	513.76
-1.308997	2.881233	-2.582574	0	29	40	513.74
-1.047198	1.982574	-1.115518	169	13	37	513.71
-0.523599	1.256302	0.062705	167	6	35	513.71
0.000000	1.134497	-1.109631	178	3	43	513.71
-1.308997	2.393226	1.857173	178	23	48	513.71
0.523599	1.135813	-2.658866	185	10	39	513.70
-0.261799	1.574060	2.783565	176	9	33	513.70
0.000000	1.195355	1.200319	181	4	37	513.70
-2.356194	2.180315	-1.357379	173	24	36	513.68
2.356194	2.456751	-1.503343	52	185	171	513.67
1.832596	2.881233	-2.582574	172	2	44	513.64
-0.523599	1.510910	-0.740472	169	4	35	513.63
-2.617994	2.984978	1.954446	184	28	42	513.58
1.047198	2.393226	1.857173	179	30	25	513.55
-2.094395	1.194549	-0.801900	171	24	39	513.41
-2.356194	0.640596	-2.797608	172	16	45	513.39
-0.261799	2.863997	0.549740	169	26	26	513.36
-0.785398	1.367556	0.358405	165	8	30	513.34
2.879793	2.456751	-1.503343	173	11	34	513.32
1.308997	0.496451	0.593859	187	10	43	513.31
-2.356194	0.615174	-0.666022	174	20	40	513.22
1.308997	1.836682	-0.676006	179	26	35	513.17
-1.047198	2.001437	0.381215	182	13	40	513.07
-0.785398	1.662363	0.915448	188	18	45	513.03
-2.094395	0.591903	2.010408	165	20	38	513.03
0.523599	0.866955	-0.931351	173	10	40	512.96
1.570796	2.187132	-0.479875	167	33	38	512.92
-2.094395	0.866395	-2.492918	173	20	48	512.92
0.785398	2.356369	3.005869	1	25	35	512.90
-3.141593	1.662363	0.915448	178	9	49	512.85
-2.879793	0.762244	-0.273349	179	28	44	512.82
0.523599	2.760637	2.781135	166	11	43	512.81
-1.047198	1.574060	2.783565	181	31	34	512.78
1.308997	2.587733	0.232235	186	23	42	512.72
-1.570796	1.736875	3.023612	187	29	31	512.70
-0.261799	1.870545	-2.976234	173	37	32	512.67
0.785398	1.998705	2.370472	166	12	43	512.67
0.785398	1.909857	-0.381669	186	30	37	512.65
-2.879793	1.846342	-1.796954	176	21	44	512.65
-1.308997	1.872854	1.543456	186	22	49	512.62
1.570796	1.554776	0.100351	185	8	33	512.60
2.617994	1.741644	-2.695914	182	11	27	512.59
2.879793	0.961715	0.014085	183	26	41	512.55
-0.785398	1.045978	0.343692	166	9	35	512.54
-0.261799	1.545873	-1.877082	182	14	46	512.51
1.047198	0.591903	2.010408	164	17	32	512.48
-1.570796	2.187132	-0.479875	176	30	37	512.48
-2.617994	2.073035	2.027405	4	20	51	512.47
-1.308997	0.591903	2.010408	174	17	45	512.44
0.000000	1.555207	1.708892	173	26	44	512.44
0.523599	2.724429	-0.348782	187	20	37	512.36
2.094395	0.674054	1.013609	184	20	42	512.35
-0.523599	1.982574	-1.115518	170	14	41	512.34
-2.094395	1.310100	1.488307	167	22	30	512.34
2.617994	0.929350	-2.910676	183	31	45	512.30
2.094395	2.033014	2.977192	175	28	35	512.29
2.094395	1.555207	1.708892	170	5	44	512.29
2.094395	2.164094	-2.991358	175	188	35	512.26
0.523599	1.510910	-0.740472	171	10	40	512.26
0.785398	1.433411	-1.035986	173	11	42	512.22
-0.261799	2.455966	-0.641220	190	18	36	512.21
1.047198	1.554776	0.100351	178	23	35	512.21
-0.785398	2.396274	-1.959260	3	35	33	512.20
0.261799	1.756530	-2.105156	173	35	22	512.17
2.617994	1.310100	1.488307	180	11	44	512.17
1.308997	1.721184	-0.153948	178	23	35	512.16
-2.094395	1.599406	1.426070	166	25	28	512.16
-0.261799	1.335669	0.897240	177	3	34	512.14
1.308997	0.619654	-2.216909	47	178	179	512.09
0.261799	2.108018	1.311430	43	167	168	512.06
2.617994	1.440580	2.260026	177	29	28	512.05
-0.785398	0.961715	0.014085	166	11	39	512.01
0.000000	2.138223	1.678323	172	19	45	512.01
-2.617994	0.674054	1.013609	179	17	38	512.00
-2.356194	1.218453	2.777284	169	14	34	511.97
0.523599	1.218453	2.777284	162	19	30	511.96
-2.617994	0.640596	-2.797608	173	9	39	511.95
2.879793	1.134497	-1.109631	190	28	46	511.91
0.261799	0.203748	0.590255	180	11	49	511.89
-2.356194	2.979456	-1.009304	39	178	164	511.85
-0.785398	1.301460	-0.509251	168	15	41	511.85
-1.570796	2.349581	-2.702517	172	7	36	511.84
-0.523599	1.050534	3.042579	175	30	29	511.84
-0.261799	2.379497	0.561089	183	14	41	511.82
-0.523599	1.367556	0.358405	188	20	40	511.81
-0.785398	1.310100	1.488307	174	11	38	511.79
-0.785398	1.977582	0.969896	183	18	47	511.73
2.617994	2.164094	-2.991358	171	25	37	511.73
0.261799	1.135813	-2.658866	186	4	38	511.71
1.832596	1.909857	-0.381669	163	29	35	511.67
0.000000	0.080730	-2.622036	183	16	47	511.63
0.523599	1.433411	-1.035986	173	14	43	511.58
-2.094395	2.393226	1.857173	181	23	43	511.58
1.308997	0.929350	-2.910676	188	16	39	511.57
-3.141593	1.256302	0.062705	180	21	38	511.56
-0.523599	2.187132	-0.479875	170	23	38	511.52
-0.785398	1.948085	-2.363031	181	9	42	511.50
0.523599	1.448123	-2.163292	181	21	44	511.47
-1.832596	0.906588	1.252948	169	21	41	511.45
0.523599	2.455966	-0.641220	189	27	38	511.40
-0.261799	1.301460	-0.509251	0	24	33	511.40
0.261799	2.579248	-2.364801	169	32	37	511.37
2.879793	1.045978	0.343692	181	21	39	511.35
-3.141593	2.579248	-2.364801	170	26	35	511.32
0.523599	2.115563	0.685730	184	19	44	511.32
0.261799	1.741644	-2.695914	189	19	40	511.27
2.617994	2.592629	0.909713	182	30	52	511.18
-2.094395	1.218453	2.777284	169	7	28	511.15
-0.261799	0.419640	2.974122	27	186	162	511.08
-2.356194	2.760637	2.781135	191	22	38	511.08
0.523599	1.413430	2.550734	162	20	35	510.97
-0.523599	1.696674	-1.253233	173	16	44	510.95
2.879793	1.555207	1.708892	187	7	48	510.92
0.523599	1.450119	-2.739050	188	24	41	510.92
-0.785398	1.948085	-2.363031	180	8	41	510.90
-2.356194	2.343981	-1.040456	182	8	35	510.89
-1.047198	2.343981	-1.040456	175	29	40	510.89
2.356194	2.001437	0.381215	168	21	47	510.89
-1.308997	0.297065	2.160177	175	14	47	510.87
1.308997	1.696674	-1.253233	181	10	44	510.85
0.261799	1.662363	0.915448	181	26	46	510.84
1.047198	0.762244	-0.273349	174	9	38	510.82
2.617994	2.115563	0.685730	172	19	51	510.80
0.000000	1.736875	3.023612	168	33	34	510.79
-1.047198	0.709924	0.218797	166	16	41	510.77
-2.617994	1.413430	2.550734	168	18	30	510.76
-0.261799	0.640596	-2.797608	178	7	40	510.76
-1.047198	1.413347	-1.339188	168	14	43	510.74
-0.523599	0.899350	-2.069907	182	10	49	510.72
-2.617994	0.379747	-1.713059	181	11	44	510.68
2.879793	0.929350	-2.910676	171	21	40	510.64
2.879793	2.984978	1.954446	191	23	43	510.62
1.832596	2.295480	1.008277	178	22	51	510.62
1.832596	1.134796	2.434290	184	15	35	510.58
-1.570796	2.104282	-0.813972	172	26	38	510.56
2.879793	0.866395	-2.492918	176	26	46	510.55
1.047198	2.299159	2.264663	172	6	45	510.52
2.879793	1.113094	-0.272241	54	175	177	510.51
-0.785398	2.187132	-0.479875	168	15	31	510.50
1.047198	1.417623	-0.202254	176	3	35	510.48
-2.617994	0.866955	-0.931351	174	23	38	510.43
0.261799	1.736875	3.023612	2	21	35	510.31
-2.356194	2.187132	-0.479875	179	4	39	510.28
1.570796	2.404280	-0.174044	171	32	42	510.25
2.879793	0.866395	-2.492918	177	26	46	510.19
-1.047198	0.992645	-1.723759	175	13	48	510.17
-1.570796	0.906588	1.252948	164	17	34	510.15
-2.617994	2.041297	-2.664597	172	15	42	510.15
2.094395	0.571433	-1.188419	176	11	43	510.14
-2.617994	2.664082	-1.071402	181	30	36	510.10
-0.785398	1.195355	1.200319	171	8	36	510.07
-0.785398	0.297065	2.160177	179	12	47	510.05
0.261799	1.335669	0.897240	181	30	43	510.03
2.879793	1.433411	-1.035986	186	15	43	509.95
1.047198	0.961715	0.014085	176	7	35	509.95
-0.523599	1.134796	2.434290	178	16	38	509.95
1.570796	2.979456	-1.009304	3	12	35	509.91
-1.047198	1.658653	-2.409879	175	8	41	509.90
-2.356194	0.615174	-0.666022	177	23	45	509.86
-0.785398	1.168678	2.108595	185	37	39	509.85
-0.785398	1.766067	2.153843	180	33	45	509.79
-1.832596	1.599406	1.426070	166	21	30	509.77
-2.356194	1.135834	-1.431087	171	23	36	509.77
-2.356194	0.866395	-2.492918	171	14	42	509.72
-0.261799	0.914445	2.687814	174	30	32	509.71
-2.356194	2.349581	-2.702517	170	12	37	509.69
0.000000	0.418037	1.360082	181	3	43	509.66
-0.785398	1.391910	3.030322	179	33	30	509.64
1.570796	1.606104	-0.451151	181	3	35	509.63
-1.308997	1.977582	0.969896	43	178	187	509.62
-1.832596	0.203748	0.590255	175	20	45	509.59
2.617994	0.709924	0.218797	185	23	43	509.56
1.308997	1.870545	-2.976234	162	171	185	509.54
-1.832596	1.998705	2.370472	184	26	37	509.54
1.047198	1.184361	0.625864	40	172	0	509.54
-2.879793	1.909857	-0.381669	170	2	36	509.53
1.570796	2.138223	1.678323	180	8	45	509.52
-2.356194	1.050534	3.042579	170	10	35	509.50
0.523599	2.719179	-1.780644	171	33	38	509.49
2.879793	1.506530	1.988858	186	25	36	509.49
-3.141593	1.014500	0.906702	182	26	40	509.46
1.832596	2.984978	1.954446	168	19	29	509.45
1.832596	1.025536	1.576859	184	19	38	509.44
-3.141593	0.709924	0.218797	182	28	45	509.43
-0.523599	2.164094	-2.991358	174	27	29	509.42
1.047198	2.073035	2.027405	183	30	25	509.42
-3.141593	1.683268	0.374177	40	181	182	509.39
-0.261799	0.203748	0.590255	169	12	40	509.39
1.832596	0.290380	-0.796960	177	10	43	509.35
0.261799	2.349581	-2.702517	166	29	35	509.32
-0.523599	1.569311	-3.003978	177	32	29	509.31
1.570796	2.881233	-2.582574	169	5	44	509.27
-1.308997	1.413347	-1.339188	167	17	42	509.26
-2.879793	1.569311	-3.003978	175	28	38	509.25
-0.523599	0.080730	-2.622036	179	14	44	509.23
-3.141593	1.113094	-0.272241	183	32	41	509.17
1.570796	0.709924	0.218797	187	7	38	509.15
0.261799	2.295480	1.008277	183	15	47	509.06
-1.570796	2.356369	3.005869	181	2	34	509.06
2.617994	0.496451	0.593859	177	21	39	509.01
2.356194	1.413430	2.550734	184	18	34	509.01
-2.094395	1.699788	2.452890	172	25	32	509.00
0.000000	2.295480	1.008277	180	15	45	508.97
0.523599	2.041297	-2.664597	162	25	29	508.96
0.785398	0.640596	-2.797608	184	15	43	508.91
1.047198	0.850607	-1.335383	170	14	38	508.91
1.570796	0.080730	-2.622036	177	20	45	508.86
0.000000	1.812176	0.656819	186	23	45	508.82
-1.832596	2.760637	2.781135	178	3	34	508.77
0.261799	1.413347	-1.339188	46	183	167	508.71
1.308997	0.831641	0.616218	170	31	37	508.69
-0.523599	1.766067	2.153843	177	32	45	508.68
0.523599	2.138223	1.678323	173	14	45	508.66
-1.308997	1.325504	-1.671296	169	14	44	508.64
1.832596	1.214854	-1.966664	177	22	46	508.63
2.617994	1.662363	0.915448	170	10	48	508.62
0.000000	1.417623	-0.202254	165	15	33	508.62
-2.356194	2.588535	-2.976617	170	13	37	508.56
2.356194	2.073035	2.027405	169	20	24	508.56
2.879793	1.128190	-2.288622	183	34	45	508.54
2.094395	1.599406	1.426070	169	9	47	508.53
2.356194	2.001437	0.381215	166	21	47	508.51
0.261799	1.214854	-1.966664	183	5	40	508.51
-0.785398	1.998705	2.370472	177	26	41	508.49
1.832596	1.391910	3.030322	183	15	31	508.47
2.879793	1.574060	2.783565	172	29	32	508.42
-0.785398	2.089241	-0.114193	168	17	29	508.37
2.094395	0.864993	2.278281	181	17	34	508.27
-1.308997	0.203748	0.590255	172	20	47	508.23
2.094395	1.367556	0.358405	161	20	36	508.21
1.047198	2.089241	-0.114193	184	26	40	508.18
-1.832596	1.450119	-2.739050	167	16	40	508.15
2.094395	2.984978	1.954446	3	15	48	508.12
-1.308997	1.413430	2.550734	169	20	35	508.12
1.308997	0.458961	-0.107937	178	7	39	508.11
0.000000	2.984978	1.954446	186	29	29	508.07
-0.785398	2.664082	-1.071402	169	16	38	508.05
-2.094395	1.617114	-1.572037	181	20	48	508.04
-1.832596	1.218453	2.777284	171	24	38	508.02
1.832596	1.721184	-0.153948	185	2	31	508.01
-0.523599	1.194549	-0.801900	175	16	45	507.97
1.832596	0.910508	1.903534	164	3	31	507.94
0.785398	2.379497	0.561089	184	19	43	507.89
2.094395	1.135813	-2.658866	174	26	42	507.88
-3.141593	0.762244	-0.273349	179	24	41	507.86
-2.879793	0.762244	-0.273349	177	23	40	507.84
-0.785398	1.335669	0.897240	179	17	38	507.78
1.570796	0.619654	-2.216909	171	22	39	507.78
2.617994	2.881233	-2.582574	184	191	43	507.75
-2.617994	0.203748	0.590255	184	26	48	507.74
1.570796	1.417623	-0.202254	185	5	37	507.73
-3.141593	1.510910	-0.740472	177	22	34	507.73
-1.570796	2.455966	-0.641220	170	29	34	507.71
-1.308997	2.588535	-2.976617	187	34	39	507.69
1.047198	0.866955	-0.931351	173	16	43	507.66
2.879793	1.391910	3.030322	39	169	184	507.66
-3.141593	0.960688	-0.577532	182	30	42	507.65
-1.047198	1.440580	2.260026	187	35	41	507.65
-1.570796	0.685216	-1.712745	178	18	50	507.64
0.523599	1.599406	1.426070	174	25	47	507.62
-1.832596	1.218453	2.777284	164	13	34	507.62
-3.141593	1.134796	2.434290	175	29	35	507.61
-2.617994	0.910508	1.903534	174	29	41	507.58
0.785398	0.850607	-1.335383	175	23	46	507.58
-2.879793	0.831641	0.616218	183	32	43	507.51
-0.523599	2.393226	1.857173	174	15	40	507.45
2.094395	0.418037	1.360082	180	17	39	507.45
-2.356194	2.404280	-0.174044	175	191	41	507.43
2.094395	1.417623	-0.202254	163	24	32	507.42
-2.879793	1.214854	-1.966664	176	11	43	507.42
2.356194	0.899350	-2.069907	182	24	47	507.42
2.094395	0.080730	-2.622036	176	20	48	507.41
1.832596	1.413430	2.550734	185	16	34	507.36
-1.832596	0.619654	-2.216909	174	14	46	507.36
0.000000	1.766067	2.153843	168	25	42	507.34
1.308997	2.396274	-1.959260	1	17	44	507.33
-2.879793	2.063651	-2.044600	172	22	42	507.32
2.617994	1.168678	2.108595	186	7	39	507.32
2.356194	1.135813	-2.658866	173	27	42	507.31
-1.047198	1.658653	-2.409879	173	9	39	507.28
1.832596	1.135813	-2.658866	176	30	42	507.26
-1.308997	2.349581	-2.702517	179	6	41	507.26
-0.523599	1.128190	-2.288622	177	3	40	507.26
-2.879793	0.914445	2.687814	169	21	36	507.23
0.000000	1.448123	-2.163292	185	10	44	507.22
-1.570796	2.089241	-0.114193	181	35	34	507.19
-0.785398	1.948085	-2.363031	189	36	26	507.17
2.094395	0.496451	0.593859	183	19	42	507.17
-3.141593	2.153910	-1.714959	178	26	43	507.15
0.523599	2.180315	-1.357379	178	41	30	507.12
-1.570796	0.700570	1.559208	165	16	38	507.11
-1.832596	1.904882	-1.478089	176	19	44	507.10
-0.261799	2.001437	0.381215	186	16	40	507.10
-2.879793	1.569311	-3.003978	174	28	38	507.09
-0.523599	2.587733	0.232235	168	26	28	507.08
-3.141593	0.992645	-1.723759	182	24	48	507.05
2.356194	0.618092	2.539118	183	25	42	507.00
0.000000	2.588535	-2.976617	166	28	39	507.00
-2.356194	2.719179	-1.780644	187	12	36	506.99
-2.094395	0.906588	1.252948	168	24	38	506.99
1.047198	2.760637	2.781135	186	29	31	506.96
-2.879793	2.115563	0.685730	179	18	50	506.96
1.308997	0.674054	1.013609	167	25	36	506.93
-3.141593	0.899350	-2.069907	176	13	45	506.92
0.523599	1.194549	-0.801900	171	14	42	506.91
-3.141593	1.809167	1.213774	180	8	51	506.83
2.879793	1.214854	-1.966664	176	19	47	506.80
0.000000	1.413347	-1.339188	175	10	43	506.80
-0.523599	2.407836	1.410646	175	15	48	506.79
1.047198	1.256302	0.062705	177	24	34	506.79
-0.261799	1.683268	0.374177	185	16	38	506.78
-0.523599	0.864993	2.278281	181	34	35	506.76
0.261799	2.089241	-0.114193	188	24	40	506.76
0.785398	1.574060	2.783565	161	14	31	506.75
0.261799	1.135813	-2.658866	190	14	44	506.67
0.523599	0.591903	2.010408	164	24	30	506.60
0.261799	1.662363	0.915448	184	29	49	506.60
2.356194	0.864993	2.278281	183	16	35	506.60
1.570796	1.569311	-3.003978	165	2	25	506.59
0.000000	0.866395	-2.492918	183	6	41	506.51
-2.617994	2.174483	2.653697	0	20	38	506.50
-2.094395	2.456751	-1.503343	170	22	34	506.50
0.261799	1.812176	0.656819	184	22	43	506.47
-0.523599	1.574060	2.783565	175	28	35	506.45
1.308997	0.080730	-2.622036	178	21	46	506.43
-2.617994	1.301460	-0.509251	177	32	39	506.42
0.000000	2.407836	1.410646	177	12	45	506.40
1.308997	0.685216	-1.712745	46	180	160	506.39
0.785398	0.685216	-1.712745	46	176	179	506.37
0.000000	2.073035	2.027405	168	21	42	506.34
-1.570796	2.579248	-2.364801	8	25	37	506.33
-1.047198	1.045978	0.343692	163	14	36	506.32
0.785398	1.904882	-1.478089	170	33	22	506.29
2.879793	2.251330	-2.330739	182	12	31	506.29
-3.141593	2.295480	1.008277	178	18	54	506.26
0.261799	0.496451	0.593859	176	4	40	506.25
-0.261799	1.977582	0.969896	184	18	47	506.24
-1.832596	0.685216	-1.712745	173	18	45	506.22
-0.523599	1.134796	2.434290	176	12	39	506.21
-2.879793	0.700570	1.559208	181	17	36	506.21
1.047198	1.134497	-1.109631	172	10	38	506.20
-1.047198	0.906588	1.252948	165	9	34	506.17
0.523599	2.138223	1.678323	175	15	50	506.13
0.000000	0.914445	2.687814	171	24	33	506.10
-2.617994	2.760637	2.781135	0	18	38	506.07
-1.308997	1.569311	-3.003978	169	8	36	506.07
0.523599	1.875281	0.107086	188	28	42	506.04
1.570796	1.869911	2.701025	167	2	38	506.03
2.617994	1.488617	1.159546	172	6	46	506.02
-2.356194	0.618092	2.539118	168	19	41	505.94
0.785398	2.104282	-0.813972	172	7	35	505.94
2.617994	0.914445	2.687814	171	30	32	505.92
0.261799	0.992645	-1.723759	181	9	46	505.89
-1.308997	1.756530	-2.105156	170	12	40	505.85
1.047198	2.187132	-0.479875	172	5	31	505.83
2.879793	1.721184	-0.153948	163	9	36	505.82
-1.832596	1.736875	3.023612	164	13	28	505.79
-2.879793	1.014500	0.906702	182	10	40	505.76
1.832596	2.356369	3.005869	177	30	30	505.76
0.785398	1.128190	-2.288622	187	10	38	505.72
-1.047198	1.134497	-1.109631	178	28	45	505.71
-1.570796	1.545873	-1.877082	165	15	39	505.63
-0.785398	1.696674	-1.253233	172	18	44	505.63
-1.308997	1.977582	0.969896	186	13	49	505.61
0.523599	0.297065	2.160177	182	12	45	505.54
-3.141593	1.301460	-0.509251	178	21	36	505.53
0.000000	0.992645	-1.723759	179	7	43	505.53
-2.094395	0.906588	1.252948	167	25	38	505.48
-0.261799	1.247695	1.809890	177	24	39	505.48
-2.617994	1.909857	-0.381669	173	189	33	505.46
-1.570796	1.417623	-0.202254	166	24	37	505.44
-2.356194	1.218453	2.777284	171	30	38	505.38
2.094395	1.050534	3.042579	175	32	36	505.37
-0.261799	1.736875	3.023612	172	36	34	505.36
-0.523599	2.719179	-1.780644	188	22	33	505.26
-0.261799	2.073035	2.027405	170	23	44	505.25
-2.356194	1.721184	-0.153948	179	0	38	505.23
-0.523599	0.864993	2.278281	177	13	42	505.20
-0.785398	0.866395	-2.492918	35	185	157	505.19
0.000000	2.984978	1.954446	188	27	30	505.19
-3.141593	1.050534	3.042579	177	33	42	505.15
0.523599	2.404280	-0.174044	188	24	40	505.09
-1.047198	1.683268	0.374177	176	14	36	505.07
1.047198	1.050534	3.042579	184	30	34	505.05
0.261799	1.194549	-0.801900	171	16	42	505.03
-2.094395	1.168678	2.108595	163	21	33	505.01
-3.141593	1.982574	-1.115518	185	24	42	504.95
0.261799	1.374601	-2.456031	189	13	43	504.90
0.785398	1.413347	-1.339188	176	15	46	504.90
-2.879793	1.413430	2.550734	173	27	34	504.89
2.617994	0.496451	0.593859	155	163	184	504.84
1.047198	2.664082	-1.071402	181	3	36	504.83
0.785398	0.418037	1.360082	183	12	44	504.83
1.308997	2.404280	-0.174044	182	20	31	504.81
-2.356194	0.700570	1.559208	170	23	36	504.81
1.832596	0.992645	-1.723759	175	18	46	504.81
1.308997	2.704512	1.488683	169	19	24	504.80
0.000000	2.033014	2.977192	3	17	35	504.80
-0.261799	2.073035	2.027405	169	25	45	504.75
-2.879793	2.349581	-2.702517	172	21	41	504.69
-0.261799	0.850607	-1.335383	175	9	44	504.65
2.356194	2.455966	-0.641220	5	15	38	504.65
-0.523599	0.496451	0.593859	172	10	45	504.63
-1.832596	1.998705	2.370472	189	27	43	504.60
2.094395	0.866955	-0.931351	184	15	45	504.60
-2.094395	0.910508	1.903534	165	20	34	504.54
1.047198	2.704512	1.488683	171	23	26	504.50
2.094395	1.904882	-1.478089	188	20	46	504.50
1.047198	1.699788	2.452890	187	29	28	504.46
-1.832596	1.869911	2.701025	188	27	35	504.44
2.617994	0.619654	-2.216909	178	21	47	504.44
-3.141593	0.961715	0.014085	180	25	40	504.43
-1.832596	1.113094	-0.272241	171	29	41	504.40
-3.141593	0.496451	0.593859	180	21	42	504.37
-0.261799	2.356369	3.005869	169	30	40	504.31
1.832596	0.458961	-0.107937	184	7	39	504.30
0.000000	0.615174	-0.666022	178	15	49	504.30
-1.832596	1.606104	-0.451151	168	30	36	504.28
-2.879793	0.960688	-0.577532	179	29	42	504.26
-3.141593	1.998705	2.370472	5	11	47	504.26
-0.261799	2.089241	-0.114193	170	24	33	504.25
-3.141593	1.195355	1.200319	183	27	39	504.21
2.879793	1.325504	-1.671296	188	34	44	504.19
2.617994	1.869911	2.701025	175	30	30	504.19
2.094395	2.455966	-0.641220	164	24	40	504.12
-1.570796	1.301460	-0.509251	169	25	40	504.08
-1.832596	0.929350	-2.910676	170	17	45	504.06
-0.261799	1.256302	0.062705	191	22	38	504.03
-2.094395	1.025536	1.576859	168	24	38	503.92
2.879793	2.984978	1.954446	190	20	39	503.91
-0.785398	1.809167	1.213774	185	19	46	503.89
-2.094395	2.588535	-2.976617	2	23	37	503.88
0.523599	2.251330	-2.330739	165	30	31	503.88
2.617994	2.247462	0.191623	167	20	47	503.87
1.832596	0.458961	-0.107937	189	11	45	503.84
1.570796	1.699788	2.452890	166	3	39	503.80
0.261799	1.367556	0.358405	176	11	34	503.79
-2.617994	0.733948	3.021411	169	12	36	503.78
-2.617994	2.579248	-2.364801	167	19	34	503.71
0.523599	1.195355	1.200319	173	29	42	503.70
-2.879793	2.164094	-2.991358	169	16	38	503.67
0.523599	1.504028	0.636812	184	13	37	503.67
-0.785398	2.108018	1.311430	177	20	47	503.63
-3.141593	1.554776	0.100351	168	6	39	503.59
2.879793	1.168678	2.108595	185	22	38	503.58
-1.832596	1.128190	-2.288622	171	18	46	503.57
1.832596	0.379747	-1.713059	174	18	46	503.55
-2.617994	0.709924	0.218797	176	19	39	503.55
-1.570796	1.982574	-1.115518	175	22	43	503.53
-1.047198	2.393226	1.857173	176	22	48	503.49
-2.356194	1.683268	0.374177	183	5	45	503.48
0.261799	1.488617	1.159546	181	31	48	503.46
-0.523599	0.619654	-2.216909	181	10	47	503.44
-0.261799	2.455966	-0.641220	170	16	38	503.42
0.261799	2.379497	0.561089	172	25	27	503.40
1.832596	2.104282	-0.813972	187	5	37	503.37
-0.261799	2.041297	-2.664597	187	12	40	503.36
-0.261799	0.866395	-2.492918	188	17	46	503.35
0.261799	1.545873	-1.877082	184	2	38	503.32
-1.832596	2.041297	-2.664597	4	28	30	503.31
-1.570796	0.864993	2.278281	169	16	41	503.28
1.832596	2.979456	-1.009304	168	25	46	503.28
2.356194	1.310100	1.488307	177	12	44	503.26
2.879793	1.113094	-0.272241	185	31	41	503.26
1.308997	0.992645	-1.723759	173	17	43	503.24
2.356194	2.379497	0.561089	174	26	51	503.23
-0.261799	1.696674	-1.253233	172	10	41	503.20
0.523599	0.914445	2.687814	162	18	27	503.20
2.879793	1.606104	-0.451151	177	21	35	503.19
-0.261799	1.569311	-3.003978	179	3	34	503.18
-2.617994	1.699788	2.452890	169	19	28	503.18
0.000000	0.831641	0.616218	188	27	38	503.17
-1.308997	1.374601	-2.456031	171	12	42	503.10
-3.141593	1.721184	-0.153948	179	23	36	503.08
2.879793	0.899350	-2.069907	171	12	42	503.01
1.308997	2.587733	0.232235	182	29	44	503.01
-2.879793	0.419640	2.974122	169	21	43	502.99
1.570796	1.875281	0.107086	186	8	32	502.91
-2.879793	2.356369	3.005869	168	14	34	502.91
2.617994	0.591903	2.010408	184	17	39	502.91
0.785398	1.367556	0.358405	182	9	34	502.91
2.879793	1.218453	2.777284	167	17	30	502.83
2.879793	0.709924	0.218797	184	28	45	502.82
1.832596	2.587733	0.232235	183	19	32	502.82
2.094395	0.419640	2.974122	182	23	45	502.80
-2.094395	1.184361	0.625864	185	8	41	502.80
2.356194	1.909857	-0.381669	163	20	36	502.79
-1.832596	1.242974	-2.977882	19	176	3	502.75
2.356194	1.335669	0.897240	164	10	42	502.74
-1.047198	1.741644	-2.695914	175	6	38	502.74
2.094395	1.683268	0.374177	163	22	42	502.74
-2.617994	2.396274	-1.959260	171	22	32	502.70
-3.141593	1.014500	0.906702	175	189	36	502.69
2.617994	1.909857	-0.381669	2	8	32	502.62
-0.785398	2.180315	-1.357379	168	12	36	502.59
-1.832596	1.391910	3.030322	165	14	36	502.58
0.000000	2.881233	-2.582574	172	27	34	502.56
0.523599	2.592629	0.909713	170	21	26	502.56
2.879793	0.290380	-0.796960	178	21	43	502.53
0.000000	2.588535	-2.976617	171	22	30	502.50
0.523599	1.310100	1.488307	169	25	41	502.47
-0.785398	2.138223	1.678323	178	19	45	502.44
-0.261799	1.699788	2.452890	177	7	32	502.43
0.523599	2.455966	-0.641220	184	37	38	502.43
0.523599	2.979456	-1.009304	174	4	33	502.41
0.785398	0.709924	0.218797	189	11	45	502.40
0.523599	2.984978	1.954446	181	4	49	502.39
2.617994	0.080730	-2.622036	170	18	43	502.39
0.000000	0.640596	-2.797608	182	8	43	502.39
-2.094395	2.588535	-2.976617	50	188	173	502.37
0.261799	1.662363	0.915448	181	22	43	502.37
-1.832596	2.984978	1.954446	174	26	38	502.37
0.261799	2.089241	-0.114193	169	12	34	502.27
2.879793	1.662363	0.915448	172	7	48	502.26
-1.308997	0.709924	0.218797	167	18	41	502.25
-2.879793	2.180315	-1.357379	180	27	41	502.13
-0.785398	1.554776	0.100351	44	177	1	502.11
1.832596	0.458961	-0.107937	187	13	46	502.08
-2.617994	1.809167	1.213774	187	11	52	502.08
2.356194	2.456751	-1.503343	52	186	172	502.06
-0.261799	1.168678	2.108595	179	10	39	502.06
-0.785398	1.904882	-1.478089	171	12	40	502.04
-3.141593	1.214854	-1.966664	179	19	46	502.00
-2.879793	2.456751	-1.503343	176	30	38	501.98
-2.094395	1.135813	-2.658866	169	12	38	501.97
1.308997	0.418037	1.360082	53	175	184	501.96
-3.141593	0.618092	2.539118	175	24	41	501.93
-1.308997	0.850607	-1.335383	173	15	45	501.93
1.308997	1.247695	1.809890	165	18	43	501.90
0.261799	1.391910	3.030322	41	185	190	501.89
-1.047198	1.574060	2.783565	174	18	34	501.82
-2.094395	0.992645	-1.723759	170	20	36	501.79
-1.308997	2.153910	-1.714959	175	15	45	501.76
0.785398	1.904882	-1.478089	177	10	42	501.75
-0.523599	0.685216	-1.712745	179	11	48	501.75
1.570796	1.135813	-2.658866	178	31	42	501.73
0.785398	1.391910	3.030322	188	28	34	501.69
-2.879793	0.700570	1.559208	186	3	32	501.69
0.523599	0.906588	1.252948	183	8	40	501.64
0.261799	2.979456	-1.009304	172	5	31	501.64
1.832596	1.870545	-2.976234	169	190	29	501.64
0.785398	2.393226	1.857173	176	9	49	501.61
0.523599	2.251330	-2.330739	164	29	29	501.61
1.570796	1.606104	-0.451151	182	3	36	501.56
2.879793	0.571433	-1.188419	182	12	43	501.48
2.094395	0.571433	-1.188419	178	14	45	501.46
-2.094395	2.343981	-1.040456	173	25	34	501.45
-2.879793	0.591903	2.010408	29	186	5	501.44
-0.261799	2.299159	2.264663	174	16	31	501.38
1.832596	1.168678	2.108595	166	2	36	501.38
2.879793	1.335669	0.897240	171	3	42	501.33
-0.523599	0.850607	-1.335383	176	10	47	501.33
-2.879793	0.615174	-0.666022	176	22	40	501.30
2.094395	2.588535	-2.976617	178	190	41	501.28
0.000000	1.135813	-2.658866	188	12	44	501.28
-1.832596	1.242974	-2.977882	164	13	36	501.27
-0.261799	1.242974	-2.977882	185	9	41	501.19
-3.141593	2.664082	-1.071402	188	26	36	501.19
-0.261799	0.899350	-2.069907	180	5	40	501.19
1.570796	2.588535	-2.976617	169	1	38	501.15
-0.523599	2.456751	-1.503343	171	4	26	501.12
-0.523599	0.080730	-2.622036	26	177	159	501.05
-0.523599	1.242974	-2.977882	182	8	41	501.04
0.523599	0.591903	2.010408	183	9	42	501.04
2.094395	1.413430	2.550734	185	17	34	501.02
0.785398	2.104282	-0.813972	176	38	30	500.95
2.879793	1.184361	0.625864	170	5	40	500.94
-2.879793	0.571433	-1.188419	176	23	42	500.94
1.832596	1.545873	-1.877082	181	15	46	500.93
0.261799	2.247462	0.191623	186	21	42	500.92
0.785398	2.760637	2.781135	187	28	30	500.91
2.617994	0.203748	0.590255	178	18	42	500.90
-2.879793	0.297065	2.160177	175	23	45	500.88
-1.832596	1.025536	1.576859	166	21	37	500.87
1.047198	2.760637	2.781135	185	29	30	500.85
-0.261799	1.658653	-2.409879	182	5	38	500.84
-0.261799	0.685216	-1.712745	184	17	50	500.81
-1.308997	1.948085	-2.363031	0	32	26	500.77
2.879793	1.504028	0.636812	168	6	43	500.76
0.000000	2.407836	1.410646	177	13	49	500.75
0.785398	1.417623	-0.202254	172	5	34	500.70
-2.879793	2.153910	-1.714959	175	25	41	500.70
-1.308997	0.864993	2.278281	173	18	42	500.66
-1.047198	1.683268	0.374177	174	15	35	500.63
-0.785398	1.872854	1.543456	184	25	51	500.63
2.356194	1.606104	-0.451151	0	8	38	500.61
-0.523599	1.696674	-1.253233	173	6	39	500.59
-1.832596	1.025536	1.576859	168	21	39	500.56
-0.523599	2.396274	-1.959260	175	2	27	500.54
-2.879793	2.637879	2.121598	186	23	40	500.53
-1.308997	2.104282	-0.813972	171	22	37	500.53
-1.308997	1.413430	2.550734	182	28	34	500.53
1.570796	1.310100	1.488307	167	16	46	500.52
-1.047198	2.251330	-2.330739	176	7	40	500.49
2.617994	1.247695	1.809890	185	22	38	500.48
0.785398	0.203748	0.590255	183	7	46	500.47
2.094395	1.417623	-0.202254	161	24	30	500.45
-2.356194	2.041297	-2.664597	174	13	42	500.42
-0.261799	1.809167	1.213774	180	23	47	500.38
-1.047198	1.301460	-0.509251	167	19	41	500.35
-0.785398	1.617114	-1.572037	161	164	4	500.35
1.832596	0.370812	-2.547742	181	22	48	500.34
-0.261799	2.356369	3.005869	171	24	33	500.34
-0.785398	1.545873	-1.877082	177	12	44	500.32
-1.308997	1.433411	-1.035986	167	18	41	500.29
-1.308997	1.555207	1.708892	181	23	40	500.27
2.879793	2.881233	-2.582574	189	0	43	500.27
0.785398	0.700570	1.559208	185	10	42	500.25
-1.570796	1.335669	0.897240	163	19	29	500.25
2.879793	1.128190	-2.288622	172	21	44	500.24
-3.141593	0.619654	-2.216909	173	11	42	500.23
-0.523599	1.683268	0.374177	179	12	36	500.23
-2.094395	1.134796	2.434290	164	18	34	500.23
-1.832596	2.153910	-1.714959	178	24	45	500.21
2.617994	2.637879	2.121598	188	13	39	500.21
0.000000	2.863997	0.549740	167	23	26	500.20
0.261799	2.356369	3.005869	162	22	37	500.18
-1.047198	2.393226	1.857173	174	19	41	500.17
2.617994	2.393226	1.857173	45	180	170	500.15
1.047198	2.349581	-2.702517	161	13	33	500.15
-3.141593	2.104282	-0.813972	188	23	38	500.15
-1.308997	1.510910	-0.740472	167	20	38	500.14
2.094395	1.699788	2.452890	175	190	39	500.13
2.094395	0.370812	-2.547742	175	23	46	500.08
1.832596	1.247695	1.809890	186	19	37	500.05
1.832596	1.875281	0.107086	166	29	41	499.98
1.570796	1.025536	1.576859	164	15	40	499.97
0.261799	0.899350	-2.069907	182	10	44	499.97
-0.785398	0.496451	0.593859	170	12	44	499.94
-3.141593	2.073035	2.027405	1	13	51	499.93
0.261799	2.379497	0.561089	191	19	50	499.93
-0.523599	1.335669	0.897240	173	5	35	499.88
-1.308997	1.836682	-0.676006	172	27	40	499.83
-1.832596	1.809167	1.213774	0	18	52	499.82
-1.047198	1.846342	-1.796954	171	12	40	499.82
2.094395	1.554776	0.100351	189	4	29	499.81
0.000000	2.041297	-2.664597	170	35	31	499.80
2.356194	0.615174	-0.666022	185	12	44	499.78
0.785398	1.184361	0.625864	179	37	41	499.70
1.308997	0.379747	-1.713059	176	19	47	499.64
-1.570796	1.194549	-0.801900	169	25	44	499.60
1.832596	2.984978	1.954446	169	20	30	499.56
-0.785398	2.379497	0.561089	185	10	47	499.55
0.261799	1.374601	-2.456031	189	14	43	499.54
-1.570796	1.247695	1.809890	168	18	36	499.54
0.000000	1.948085	-2.363031	173	35	26	499.52
0.000000	2.247462	0.191623	171	23	30	499.46
2.094395	0.685216	-1.712745	171	14	43	499.43
2.879793	2.115563	0.685730	173	16	51	499.39
-1.570796	0.674054	1.013609	167	19	41	499.37
0.785398	2.379497	0.561089	188	20	46	499.35
-2.617994	1.506530	1.988858	171	25	29	499.34
1.047198	1.242974	-2.977882	183	29	37	499.31
-2.094395	0.906588	1.252948	169	22	32	499.31
0.785398	1.391910	3.030322	162	20	30	499.30
0.785398	2.379497	0.561089	185	19	43	499.30
1.308997	2.404280	-0.174044	183	19	31	499.30
-2.356194	1.194549	-0.801900	173	28	40	499.30
-1.308997	1.948085	-2.363031	170	8	36	499.28
-2.617994	1.510910	-0.740472	180	25	38	499.28
2.356194	1.301460	-0.509251	191	4	31	499.23
1.832596	1.574060	2.783565	183	16	33	499.22
1.047198	1.488617	1.159546	172	19	39	499.19
0.523599	1.025536	1.576859	167	26	35	499.18
-2.879793	2.174483	2.653697	184	24	33	499.18
-1.570796	0.762244	-0.273349	173	27	46	499.18
-1.570796	2.881233	-2.582574	4	26	41	499.17
1.047198	1.904882	-1.478089	180	30	30	499.15
-0.785398	1.113094	-0.272241	167	10	38	499.13
-2.356194	1.391910	3.030322	168	7	27	499.11
-3.141593	1.450119	-2.739050	40	172	178	499.06
0.261799	2.407836	1.410646	178	12	47	499.06
0.000000	1.134796	2.434290	179	4	36	499.05
0.000000	1.736875	3.023612	178	8	31	499.05
1.047198	1.335669	0.897240	175	19	36	499.04
0.785398	2.001437	0.381215	185	27	45	499.02
-3.141593	1.836682	-0.676006	167	6	31	499.01
-2.879793	2.041297	-2.664597	167	17	36	498.99
2.094395	1.450119	-2.739050	176	26	43	498.98
-2.617994	1.242974	-2.977882	160	181	4	498.96
0.785398	1.506530	1.988858	165	18	43	498.92
-1.308997	2.664082	-1.071402	188	11	36	498.91
0.261799	2.979456	-1.009304	187	33	44	498.89
-3.141593	1.128190	-2.288622	174	18	45	498.80
1.832596	0.929350	-2.910676	175	30	38	498.78
-1.308997	0.419640	2.974122	178	13	48	498.78
1.047198	1.025536	1.576859	164	24	40	498.77
-0.523599	1.875281	0.107086	187	16	39	498.76
-2.617994	1.134497	-1.109631	173	30	40	498.73
0.785398	2.404280	-0.174044	185	21	37	498.72
-2.879793	2.455966	-0.641220	170	191	36	498.70
2.356194	0.496451	0.593859	181	20	41	498.68
0.000000	1.413347	-1.339188	175	12	44	498.67
0.785398	1.195355	1.200319	171	31	44	498.67
-1.308997	2.247462	0.191623	185	6	43	498.62
1.308997	0.866955	-0.931351	174	13	44	498.61
-0.261799	1.699788	2.452890	172	22	35	498.55
2.879793	2.478122	2.609777	168	15	26	498.54
-3.141593	1.417623	-0.202254	183	34	37	498.53
1.832596	2.863997	0.549740	183	28	43	498.51
0.261799	2.164094	-2.991358	2	16	35	498.51
0.000000	1.301460	-0.509251	167	17	39	498.50
0.261799	1.658653	-2.409879	185	4	35	498.48
0.000000	2.164094	-2.991358	168	32	36	498.47
1.570796	0.379747	-1.713059	173	20	45	498.47
0.261799	2.001437	0.381215	188	23	44	498.47
-2.617994	0.762244	-0.273349	175	22	40	498.46
2.617994	1.113094	-0.272241	188	29	41	498.36
-2.879793	1.836682	-0.676006	171	2	31	498.35
-1.308997	0.080730	-2.622036	177	15	39	498.34
-3.141593	2.041297	-2.664597	171	20	41	498.30
-0.261799	2.881233	-2.582574	181	19	30	498.27
0.261799	1.417623	-0.202254	188	28	36	498.27
-0.523599	0.866955	-0.931351	171	11	44	498.25
-1.832596	2.033014	2.977192	190	27	34	498.22
1.308997	2.343981	-1.040456	167	34	35	498.21
-2.617994	2.073035	2.027405	3	18	51	498.20
-0.785398	2.299159	2.264663	175	28	46	498.20
0.000000	1.510910	-0.740472	171	16	42	498.16
2.094395	2.724429	-0.348782	171	25	35	498.12
-2.617994	0.618092	2.539118	167	24	41	498.10
0.523599	1.417623	-0.202254	187	18	37	498.07
-2.617994	1.870545	-2.976234	170	11	38	498.05
2.879793	1.699788	2.452890	172	28	28	497.98
-0.523599	1.948085	-2.363031	185	9	42	497.98
1.047198	1.732874	-0.951685	172	34	23	497.97
0.785398	2.664082	-1.071402	183	21	30	497.96
0.261799	0.458961	-0.107937	171	10	39	497.96
-0.523599	1.194549	-0.801900	173	12	44	497.96
-2.356194	2.455966	-0.641220	180	6	39	497.95
-1.570796	1.413430	2.550734	186	28	35	497.90
0.523599	0.929350	-2.910676	2	23	43	497.88
-1.047198	1.732874	-0.951685	174	22	43	497.87
2.094395	0.297065	2.160177	185	16	43	497.75
0.000000	2.404280	-0.174044	6	24	44	497.73
1.308997	0.709924	0.218797	188	9	43	497.73
-2.617994	2.579248	-2.364801	173	24	41	497.72
2.879793	2.033014	2.977192	168	19	30	497.69
-1.308997	0.733948	3.021411	174	11	46	497.67
-0.785398	1.045978	0.343692	165	10	36	497.67
-2.879793	1.699788	2.452890	169	23	28	497.64
-1.570796	1.256302	0.062705	168	26	38	497.63
-1.832596	0.674054	1.013609	167	23	41	497.63
-0.785398	2.343981	-1.040456	11	24	35	497.63
-2.617994	0.910508	1.903534	171	25	34	497.60
2.356194	1.050534	3.042579	189	34	42	497.59
-0.261799	1.247695	1.809890	179	8	39	497.59
2.879793	2.579248	-2.364801	171	29	33	497.57
2.094395	1.504028	0.636812	163	19	42	497.55
-3.141593	1.736875	3.023612	179	35	33	497.51
2.879793	1.367556	0.358405	165	5	37	497.48
1.570796	0.591903	2.010408	3	22	45	497.46
2.617994	1.488617	1.159546	171	6	47	497.45
2.094395	1.448123	-2.163292	179	28	46	497.37
1.570796	1.699788	2.452890	165	4	39	497.35
-1.047198	1.555207	1.708892	180	23	40	497.32
2.617994	1.014500	0.906702	166	3	35	497.32
-0.261799	1.417623	-0.202254	191	24	36	497.31
-1.047198	0.866955	-0.931351	174	20	48	497.26
1.570796	2.180315	-1.357379	189	11	43	497.21
-3.141593	1.325504	-1.671296	182	32	45	497.20
-2.094395	2.174483	2.653697	188	26	37	497.19
-0.261799	0.850607	-1.335383	176	8	43	497.18
1.832596	0.709924	0.218797	175	21	36	497.17
2.617994	0.640596	-2.797608	181	28	48	497.17
-3.141593	1.977582	0.969896	177	12	52	497.16
-1.832596	0.203748	0.590255	174	21	45	497.12
0.000000	1.606104	-0.451151	189	20	35	497.11
0.261799	1.506530	1.988858	166	24	38	497.11
-2.617994	1.870545	-2.976234	172	11	40	497.10
2.879793	1.310100	1.488307	188	31	38	497.07
1.308997	1.448123	-2.163292	183	25	47	497.05
0.261799	0.571433	-1.188419	178	12	48	497.05
0.000000	1.998705	2.370472	165	25	42	497.03
2.356194	2.579248	-2.364801	179	30	35	497.00
-2.617994	1.014500	0.906702	184	9	41	497.00
0.000000	2.396274	-1.959260	177	38	31	496.97
2.094395	2.587733	0.232235	177	34	48	496.96
2.094395	2.719179	-1.780644	169	19	36	496.93
-1.047198	1.195355	1.200319	165	9	32	496.91
-0.523599	0.899350	-2.069907	182	11	49	496.88
-0.785398	1.134497	-1.109631	172	13	46	496.88
-1.570796	2.349581	-2.702517	3	30	34	496.81
-3.141593	1.310100	1.488307	184	0	44	496.80
2.879793	0.992645	-1.723759	183	26	48	496.78
2.356194	1.301460	-0.509251	191	6	38	496.76
0.785398	1.741644	-2.695914	161	18	23	496.75
0.261799	1.554776	0.100351	167	10	29	496.74
-2.356194	1.050534	3.042579	166	19	39	496.73
0.523599	1.721184	-0.153948	0	37	39	496.72
-1.570796	2.041297	-2.664597	2	32	29	496.71
1.047198	1.367556	0.358405	177	32	41	496.66
1.308997	2.455966	-0.641220	25	3	1	496.64
-0.785398	2.089241	-0.114193	168	26	33	496.64
-1.570796	1.977582	0.969896	185	12	49	496.63
-1.570796	1.310100	1.488307	164	17	32	496.54
-2.617994	1.050534	3.042579	170	17	39	496.46
-2.617994	1.683268	0.374177	179	4	44	496.44
-2.094395	2.760637	2.781135	175	3	30	496.44
2.094395	2.379497	0.561089	176	24	42	496.42
-1.308997	0.297065	2.160177	175	13	47	496.42
2.094395	1.433411	-1.035986	185	10	44	496.38
-2.879793	1.872854	1.543456	189	12	52	496.38
0.785398	1.699788	2.452890	163	13	37	496.36
-3.141593	1.904882	-1.478089	183	21	42	496.34
1.832596	2.984978	1.954446	2	12	49	496.33
2.356194	1.766067	2.153843	169	23	23	496.31
1.308997	0.618092	2.539118	1	17	45	496.31
1.047198	0.674054	1.013609	186	13	43	496.27
1.047198	2.379497	0.561089	187	22	46	496.26
-1.832596	2.588535	-2.976617	5	27	41	496.26
-2.617994	1.050534	3.042579	167	14	35	496.25
0.261799	1.242974	-2.977882	182	9	37	496.20
-1.570796	2.881233	-2.582574	0	22	37	496.17
0.261799	0.591903	2.010408	174	27	35	496.08
-1.047198	1.242974	-2.977882	175	8	41	496.08
2.879793	1.310100	1.488307	179	191	43	496.06
-2.356194	2.396274	-1.959260	169	20	38	496.02
0.000000	2.343981	-1.040456	2	30	35	495.94
1.308997	0.379747	-1.713059	50	178	165	495.94
2.617994	1.194549	-0.801900	190	7	37	495.94
2.617994	0.419640	2.974122	179	27	47	495.92
1.832596	1.417623	-0.202254	164	28	31	495.88
0.000000	2.984978	1.954446	187	28	30	495.84
-3.141593	1.554776	0.100351	182	34	35	495.83
-2.617994	0.906588	1.252948	187	8	40	495.82
-0.261799	2.138223	1.678323	172	20	44	495.79
-1.308997	2.343981	-1.040456	171	25	42	495.77
1.047198	1.256302	0.062705	177	5	33	495.74
2.356194	0.591903	2.010408	186	20	42	495.73
-0.785398	0.961715	0.014085	167	10	38	495.72
1.570796	2.724429	-0.348782	183	19	30	495.69
-1.308997	0.379747	-1.713059	184	20	51	495.63
0.523599	2.979456	-1.009304	182	31	38	495.61
-0.261799	0.866955	-0.931351	173	9	44	495.58
2.879793	0.914445	2.687814	170	27	33	495.58
0.000000	1.732874	-0.951685	171	8	38	495.57
0.785398	0.458961	-0.107937	174	8	40	495.51
-2.094395	2.153910	-1.714959	172	19	42	495.51
-3.141593	0.419640	2.974122	173	21	43	495.50
1.047198	2.174483	2.653697	187	29	30	495.45
2.617994	0.674054	1.013609	179	20	39	495.42
2.879793	1.440580	2.260026	174	28	28	495.41
-1.832596	2.356369	3.005869	191	28	37	495.39
2.879793	1.812176	0.656819	170	10	48	495.39
1.047198	1.195355	1.200319	168	21	38	495.38
1.570796	1.998705	2.370472	170	4	45	495.38
-0.523599	2.478122	2.609777	172	23	38	495.37
-2.617994	2.343981	-1.040456	182	29	39	495.34
2.094395	1.413430	2.550734	183	5	37	495.34
-2.356194	1.045978	0.343692	177	35	40	495.33
-1.047198	1.982574	-1.115518	172	18	42	495.32
-3.141593	0.866395	-2.492918	176	24	46	495.28
0.785398	1.721184	-0.153948	180	25	35	495.28
1.308997	1.391910	3.030322	165	10	30	495.25
-0.785398	1.846342	-1.796954	175	12	44	495.21
-2.879793	0.914445	2.687814	170	11	32	495.21
2.879793	1.134497	-1.109631	189	28	46	495.21
-0.523599	1.617114	-1.572037	177	15	46	495.20
1.570796	0.203748	0.590255	179	18	43	495.20
2.356194	2.396274	-1.959260	169	191	32	495.15
-0.785398	1.555207	1.708892	181	22	41	495.14
1.308997	2.187132	-0.479875	176	3	31	495.14
-0.523599	1.948085	-2.363031	183	11	42	495.12
1.570796	2.174483	2.653697	180	30	31	495.08
-2.879793	2.396274	-1.959260	184	10	33	495.06
-0.523599	1.869911	2.701025	172	25	33	495.06
2.617994	1.214854	-1.966664	46	188	184	495.05
-2.356194	0.700570	1.559208	170	27	41	495.01
-1.308997	2.396274	-1.959260	174	15	43	495.01
0.261799	2.063651	-2.044600	183	12	43	494.99
-1.047198	1.242974	-2.977882	173	7	41	494.96
-0.785398	2.187132	-0.479875	168	21	36	494.96
-1.832596	0.418037	1.360082	169	21	44	494.95
-2.094395	2.979456	-1.009304	172	30	31	494.93
-2.617994	0.929350	-2.910676	169	22	43	494.89
-1.570796	2.174483	2.653697	183	28	36	494.87
-2.094395	1.440580	2.260026	170	24	34	494.87
-2.356194	0.929350	-2.910676	172	6	36	494.87
1.047198	1.721184	-0.153948	181	27	38	494.84
-1.047198	1.555207	1.708892	181	23	40	494.78
2.879793	0.640596	-2.797608	180	30	48	494.73
0.785398	2.343981	-1.040456	28	7	189	494.69
-2.879793	1.721184	-0.153948	178	20	37	494.69
-2.356194	2.001437	0.381215	178	0	43	494.57
-2.879793	2.719179	-1.780644	174	29	35	494.55
-1.047198	2.295480	1.008277	179	12	45	494.55
-1.570796	2.579248	-2.364801	9	26	38	494.54
0.261799	1.242974	-2.977882	39	187	2	494.54
-0.261799	0.591903	2.010408	181	1	40	494.49
-2.094395	1.732874	-0.951685	168	28	34	494.45
-3.141593	1.134796	2.434290	170	26	32	494.42
2.617994	2.984978	1.954446	191	21	44	494.38
-0.785398	1.545873	-1.877082	174	12	43	494.33
-2.617994	0.733948	3.021411	168	21	42	494.33
1.047198	1.218453	2.777284	188	34	33	494.33
-3.141593	2.456751	-1.503343	181	28	38	494.30
0.785398	1.696674	-1.253233	173	10	40	494.29
2.094395	2.637879	2.121598	188	8	47	494.29
0.000000	0.685216	-1.712745	185	17	50	494.28
1.832596	1.824694	1.850876	171	7	47	494.26
-1.570796	1.869911	2.701025	191	33	40	494.22
-2.879793	0.458961	-0.107937	178	20	41	494.13
-2.879793	1.247695	1.809890	182	23	38	494.10
1.570796	2.637879	2.121598	170	24	23	494.02
2.617994	1.310100	1.488307	187	27	39	493.98
-1.570796	0.203748	0.590255	174	18	42	493.98
-1.308997	2.295480	1.008277	180	12	49	493.90
-0.261799	0.700570	1.559208	183	29	37	493.85
0.523599	0.203748	0.590255	177	6	41	493.84
0.000000	2.343981	-1.040456	189	23	34	493.83
1.832596	2.247462	0.191623	24	189	7	493.77
0.000000	0.080730	-2.622036	182	17	47	493.77
1.308997	0.615174	-0.666022	174	12	41	493.77
1.570796	1.658653	-2.409879	183	26	46	493.76
1.570796	2.033014	2.977192	166	2	37	493.66
-2.356194	2.104282	-0.813972	179	30	38	493.65
-2.617994	1.569311	-3.003978	170	9	37	493.65
-0.261799	1.870545	-2.976234	1	13	37	493.62
-0.785398	1.301460	-0.509251	166	9	37	493.61
2.094395	1.440580	2.260026	182	7	40	493.59
-1.832596	1.569311	-3.003978	165	15	36	493.59
-1.308997	0.914445	2.687814	169	6	38	493.51
-1.047198	0.960688	-0.577532	172	21	45	493.50
-1.308997	2.404280	-0.174044	172	24	30	493.50
-2.094395	2.664082	-1.071402	171	30	34	493.49
-2.879793	1.554776	0.100351	173	4	39	493.48
-2.094395	2.356369	3.005869	174	5	34	493.39
0.261799	2.588535	-2.976617	165	24	41	493.37
-1.570796	1.982574	-1.115518	182	31	43	493.33
-0.261799	2.724429	-0.348782	169	20	34	493.28
-1.570796	0.700570	1.559208	166	15	38	493.27
2.879793	1.836682	-0.676006	178	22	34	493.24
2.879793	1.904882	-1.478089	184	20	43	493.19
0.261799	2.404280	-0.174044	186	19	37	493.19
1.832596	1.301460	-0.509251	165	28	23	493.13
-1.047198	2.041297	-2.664597	188	36	29	493.12
0.785398	1.606104	-0.451151	176	9	40	493.08
-2.879793	2.349581	-2.702517	170	20	39	493.07
1.832596	1.736875	3.023612	183	16	32	493.07
0.523599	0.203748	0.590255	178	6	42	493.06
2.879793	0.619654	-2.216909	176	20	47	493.05
-1.832596	1.606104	-0.451151	168	29	36	493.03
-2.617994	0.700570	1.559208	190	4	32	493.02
0.000000	1.335669	0.897240	181	2	35	493.02
1.570796	1.256302	0.062705	185	7	34	493.00
1.570796	2.863997	0.549740	186	27	45	492.97
0.785398	1.574060	2.783565	190	28	32	492.92
-2.356194	1.699788	2.452890	173	28	32	492.91
2.094395	1.301460	-0.509251	190	8	41	492.88
-3.141593	1.301460	-0.509251	178	22	36	492.88
-0.261799	1.510910	-0.740472	169	18	41	492.82
2.617994	2.379497	0.561089	173	24	51	492.79
2.617994	1.440580	2.260026	175	29	27	492.76
-1.047198	0.379747	-1.713059	178	14	45	492.75
0.000000	0.571433	-1.188419	178	12	47	492.72
2.617994	1.391910	3.030322	174	29	36	492.71
-0.261799	2.456751	-1.503343	172	9	39	492.70
-1.308997	1.904882	-1.478089	169	14	38	492.67
-2.094395	1.606104	-0.451151	171	31	36	492.65
-0.261799	1.335669	0.897240	182	18	39	492.60
0.000000	2.979456	-1.009304	191	23	39	492.59
-2.879793	2.881233	-2.582574	172	26	37	492.53
0.000000	1.998705	2.370472	166	24	41	492.49
-0.523599	2.478122	2.609777	170	28	44	492.49
0.261799	1.247695	1.809890	169	29	41	492.48
-2.094395	0.297065	2.160177	169	17	43	492.43
-2.094395	0.290380	-0.796960	178	20	47	492.43
-0.261799	1.134796	2.434290	178	10	39	492.37
0.785398	2.180315	-1.357379	171	34	27	492.34
0.261799	1.846342	-1.796954	178	15	44	492.32
2.094395	1.134497	-1.109631	181	9	44	492.32
1.832596	0.733948	3.021411	188	25	45	492.31
-0.261799	1.440580	2.260026	173	23	37	492.26
2.617994	0.850607	-1.335383	182	18	46	492.24
-1.308997	1.433411	-1.035986	175	26	44	492.19
2.094395	0.615174	-0.666022	0	19	49	492.19
2.094395	2.637879	2.121598	169	19	26	492.18
1.832596	2.073035	2.027405	176	5	46	492.17
-1.047198	1.662363	0.915448	189	16	46	492.16
1.308997	1.374601	-2.456031	183	31	44	492.16
1.047198	1.413430	2.550734	163	17	37	492.15
1.570796	2.407836	1.410646	181	16	51	492.15
-2.617994	2.089241	-0.114193	172	191	39	492.15
1.308997	2.984978	1.954446	171	26	30	492.14
-2.617994	2.115563	0.685730	179	14	51	492.13
2.617994	1.506530	1.988858	186	24	36	492.11
-2.617994	1.135813	-2.658866	173	13	42	492.11
-3.141593	0.640596	-2.797608	172	23	45	492.09
1.047198	1.846342	-1.796954	186	19	47	492.08
2.879793	2.760637	2.781135	4	9	46	492.05
0.000000	0.700570	1.559208	182	0	38	492.04
-2.094395	1.433411	-1.035986	169	25	37	492.04
1.047198	1.812176	0.656819	179	24	46	491.98
0.785398	1.134796	2.434290	160	16	31	491.92
2.094395	0.899350	-2.069907	184	24	48	491.91
-1.047198	1.301460	-0.509251	167	18	41	491.90
0.785398	1.247695	1.809890	166	27	43	491.88
2.356194	1.909857	-0.381669	1	9	36	491.87
-1.047198	2.396274	-1.959260	169	8	33	491.86
0.261799	1.977582	0.969896	180	19	44	491.83
-1.570796	0.619654	-2.216909	179	17	50	491.80
-2.617994	0.619654	-2.216909	176	14	45	491.76
0.523599	1.247695	1.809890	170	33	42	491.76
-1.832596	0.910508	1.903534	156	176	3	491.75
0.000000	1.301460	-0.509251	191	27	33	491.75
1.308997	2.033014	2.977192	186	29	35	491.72
-3.141593	1.904882	-1.478089	181	23	44	491.69
-1.047198	0.864993	2.278281	173	15	42	491.67
1.308997	1.836682	-0.676006	180	4	39	491.66
-1.047198	0.914445	2.687814	172	10	42	491.63
-0.785398	1.135813	-2.658866	178	8	44	491.62
-2.094395	0.418037	1.360082	171	20	39	491.61
2.879793	2.393226	1.857173	188	15	40	491.58
-1.570796	0.961715	0.014085	170	27	42	491.55
0.000000	1.909857	-0.381669	188	18	35	491.52
-2.617994	2.187132	-0.479875	175	5	38	491.46
0.000000	1.741644	-2.695914	187	5	37	491.45
-2.879793	0.700570	1.559208	187	2	33	491.39
2.094395	1.374601	-2.456031	177	24	45	491.38
-3.141593	1.662363	0.915448	176	5	48	491.38
1.047198	1.325504	-1.671296	28	182	10	491.34
-1.308997	1.696674	-1.253233	173	21	44	491.31
2.094395	2.089241	-0.114193	165	27	42	491.31
0.785398	1.846342	-1.796954	180	13	44	491.28
0.261799	2.664082	-1.071402	186	22	34	491.27
-1.047198	0.992645	-1.723759	173	10	44	491.17
0.523599	1.195355	1.200319	175	34	44	491.17
-2.617994	0.866955	-0.931351	176	26	43	491.16
2.356194	1.367556	0.358405	187	27	37	491.16
-2.879793	1.367556	0.358405	172	191	38	491.12
0.261799	2.138223	1.678323	174	17	50	491.09
-1.047198	1.904882	-1.478089	170	12	38	491.06
-3.141593	1.218453	2.777284	170	25	35	491.05
1.308997	2.863997	0.549740	188	26	46	491.00
2.094395	0.674054	1.013609	172	17	38	490.99
-1.308997	0.910508	1.903534	168	12	39	490.98
-2.356194	0.203748	0.590255	182	26	48	490.91
2.356194	1.045978	0.343692	161	14	34	490.89
-1.308997	2.041297	-2.664597	0	34	30	490.89
-0.261799	1.113094	-0.272241	35	189	188	490.89
1.308997	0.297065	2.160177	180	14	39	490.88
-1.570796	2.089241	-0.114193	170	15	27	490.83
0.000000	0.379747	-1.713059	179	14	45	490.81
-2.879793	1.506530	1.988858	182	22	36	490.79
1.047198	1.247695	1.809890	165	21	43	490.78
-2.094395	1.809167	1.213774	190	14	52	490.76
1.570796	0.866955	-0.931351	178	14	44	490.75
-1.308997	2.343981	-1.040456	170	19	36	490.74
1.832596	0.866955	-0.931351	180	12	44	490.72
1.832596	1.869911	2.701025	182	7	38	490.70
0.785398	0.080730	-2.622036	43	172	173	490.67
0.261799	2.187132	-0.479875	187	22	36	490.60
0.523599	1.335669	0.897240	182	14	38	490.56
0.523599	2.379497	0.561089	191	21	50	490.50
0.785398	1.194549	-0.801900	169	10	35	490.49
1.832596	1.134796	2.434290	184	16	35	490.45
-0.523599	1.504028	0.636812	190	22	43	490.44
-0.523599	2.863997	0.549740	183	4	43	490.42
-1.832596	2.343981	-1.040456	172	24	35	490.36
-1.047198	0.866395	-2.492918	37	184	160	490.36
-2.356194	1.812176	0.656819	183	8	49	490.33
-1.570796	1.301460	-0.509251	167	22	39	490.26
-0.261799	2.187132	-0.479875	167	14	36	490.23
-0.261799	1.128190	-2.288622	181	3	42	490.22
-1.570796	2.063651	-2.044600	178	17	46	490.19
1.570796	1.683268	0.374177	184	8	29	490.17
1.047198	0.733948	3.021411	186	11	40	490.15
-2.617994	2.579248	-2.364801	169	21	37	490.15
-1.047198	0.674054	1.013609	166	11	38	490.15
0.000000	1.450119	-2.739050	187	8	40	490.11
-1.832596	2.063651	-2.044600	178	19	46	490.06
-2.879793	1.504028	0.636812	181	8	46	490.06
-1.308997	0.831641	0.616218	164	17	36	489.99
-0.523599	1.301460	-0.509251	169	6	38	489.99
2.879793	2.724429	-0.348782	5	16	35	489.98
-2.879793	1.247695	1.809890	182	24	38	489.97
0.523599	2.760637	2.781135	168	12	47	489.95
-0.261799	0.619654	-2.216909	181	9	44	489.95
1.047198	1.247695	1.809890	165	22	43	489.91
-0.785398	2.719179	-1.780644	3	32	39	489.90
2.356194	1.504028	0.636812	163	14	43	489.87
2.356194	1.574060	2.783565	187	3	35	489.83
-1.832596	2.180315	-1.357379	173	21	42	489.79
-2.879793	1.683268	0.374177	175	6	45	489.79
0.523599	1.741644	-2.695914	39	173	191	489.74
-1.047198	2.089241	-0.114193	172	29	34	489.71
0.261799	0.910508	1.903534	180	7	38	489.70
2.617994	1.242974	-2.977882	171	22	40	489.69
-2.879793	1.301460	-0.509251	176	17	35	489.67
1.832596	0.674054	1.013609	184	19	42	489.60
-3.141593	2.174483	2.653697	168	13	26	489.59
-1.047198	1.488617	1.159546	0	23	47	489.57
2.356194	0.674054	1.013609	182	18	39	489.56
2.356194	1.721184	-0.153948	163	20	37	489.53
-2.617994	1.504028	0.636812	180	0	44	489.50
0.261799	1.450119	-2.739050	186	5	37	489.49
2.094395	0.619654	-2.216909	157	171	2	489.48
-1.570796	0.960688	-0.577532	172	26	45	489.47
2.879793	0.618092	2.539118	175	26	40	489.46
1.570796	1.909857	-0.381669	183	3	36	489.45
-2.094395	2.455966	-0.641220	177	32	35	489.45
1.832596	0.571433	-1.188419	173	13	43	489.44
2.617994	2.984978	1.954446	190	17	40	489.38
-2.879793	2.984978	1.954446	186	27	42	489.33
0.785398	0.458961	-0.107937	172	9	38	489.32
-1.832596	2.356369	3.005869	190	26	36	489.31
-2.356194	1.812176	0.656819	183	6	48	489.29
-0.523599	1.683268	0.374177	178	13	36	489.26
0.261799	2.104282	-0.813972	0	31	35	489.26
1.832596	1.194549	-0.801900	182	5	41	489.26
-0.785398	2.108018	1.311430	181	16	46	489.16
2.617994	1.721184	-0.153948	163	16	38	489.14
0.785398	1.335669	0.897240	39	169	190	489.14
2.094395	2.664082	-1.071402	3	13	39	489.12
2.617994	2.724429	-0.348782	4	12	35	489.11
-1.832596	0.929350	-2.910676	171	8	36	489.09
1.308997	1.909857	-0.381669	177	3	33	489.05
0.000000	2.455966	-0.641220	188	20	35	489.04
-0.261799	1.824694	1.850876	173	25	45	489.04
0.000000	1.488617	1.159546	180	22	42	489.04
-1.570796	0.733948	3.021411	170	9	42	489.03
-2.356194	2.588535	-2.976617	5	19	39	489.03
1.832596	2.356369	3.005869	176	30	30	489.01
2.879793	2.108018	1.311430	181	15	54	489.00
-1.832596	1.904882	-1.478089	177	23	47	488.98
-3.141593	2.033014	2.977192	168	15	31	488.96
-1.047198	1.256302	0.062705	169	23	37	488.96
-1.047198	0.866395	-2.492918	178	9	48	488.96
2.094395	0.864993	2.278281	182	16	35	488.93
-1.047198	1.948085	-2.363031	177	9	41	488.88
-3.141593	2.164094	-2.991358	168	19	37	488.82
-2.879793	2.187132	-0.479875	171	6	39	488.82
-0.785398	0.960688	-0.577532	167	12	41	488.79
0.000000	0.850607	-1.335383	179	8	47	488.74
-3.141593	1.909857	-0.381669	168	8	37	488.67
-2.879793	1.113094	-0.272241	176	16	35	488.66
-2.094395	0.290380	-0.796960	179	20	47	488.66
1.047198	1.301460	-0.509251	177	9	41	488.65
-2.617994	1.809167	1.213774	187	10	52	488.62
-2.879793	1.433411	-1.035986	178	22	34	488.59
2.617994	1.699788	2.452890	174	29	28	488.56
0.523599	2.001437	0.381215	183	21	40	488.56
1.570796	2.247462	0.191623	172	31	44	488.53
1.832596	1.606104	-0.451151	163	28	29	488.53
-2.617994	1.367556	0.358405	177	189	38	488.48
1.570796	1.617114	-1.572037	183	17	47	488.46
2.356194	1.721184	-0.153948	0	6	30	488.45
0.000000	1.168678	2.108595	179	4	36	488.40
-1.047198	2.063651	-2.044600	173	8	39	488.34
-1.308997	1.948085	-2.363031	176	11	43	488.31
2.356194	2.881233	-2.582574	180	191	43	488.30
-2.879793	2.407836	1.410646	43	182	181	488.29
1.832596	1.448123	-2.163292	180	27	46	488.26
1.570796	2.001437	0.381215	170	30	44	488.25
-2.356194	1.374601	-2.456031	174	9	42	488.21
-1.832596	1.506530	1.988858	168	22	33	488.21
-0.261799	1.909857	-0.381669	170	22	38	488.18
0.785398	2.251330	-2.330739	162	23	27	488.14
-1.308997	0.709924	0.218797	168	18	42	488.13
0.523599	2.404280	-0.174044	191	26	42	488.13
-1.308997	1.809167	1.213774	45	183	187	488.11
0.261799	0.370812	-2.547742	184	13	45	488.08
2.356194	0.619654	-2.216909	177	22	47	488.06
-3.141593	1.662363	0.915448	176	6	48	488.03
1.047198	0.591903	2.010408	166	16	33	487.99
1.047198	1.045978	0.343692	177	38	37	487.98
1.832596	1.846342	-1.796954	187	21	47	487.97
1.832596	2.592629	0.909713	183	23	47	487.93
1.570796	1.998705	2.370472	178	29	27	487.93
0.000000	1.374601	-2.456031	189	12	44	487.92
0.785398	0.591903	2.010408	163	21	31	487.91
-2.617994	1.242974	-2.977882	168	9	34	487.90
0.523599	1.134497	-1.109631	168	16	36	487.89
2.617994	0.615174	-0.666022	189	19	48	487.89
2.356194	1.367556	0.358405	161	15	37	487.88
-0.261799	0.866395	-2.492918	181	5	43	487.85
-2.356194	1.417623	-0.202254	174	32	37	487.79
-2.879793	0.910508	1.903534	2	190	30	487.76
1.308997	0.640596	-2.797608	184	18	40	487.75
-2.879793	0.866955	-0.931351	178	28	43	487.74
-0.785398	2.089241	-0.114193	187	14	38	487.66
1.570796	0.914445	2.687814	181	15	34	487.65
1.047198	0.700570	1.559208	165	23	36	487.63
2.356194	2.724429	-0.348782	1	9	35	487.62
-2.617994	2.719179	-1.780644	185	11	36	487.60
-1.047198	1.909857	-0.381669	165	17	31	487.59
1.832596	0.615174	-0.666022	179	10	41	487.56
1.570796	1.025536	1.576859	165	15	41	487.56
2.879793	1.683268	0.374177	167	9	43	487.54
0.785398	1.870545	-2.976234	160	16	28	487.53
1.570796	0.591903	2.010408	181	15	38	487.52
-0.261799	2.153910	-1.714959	177	4	37	487.51
-2.356194	1.310100	1.488307	170	24	29	487.50
-0.785398	1.756530	-2.105156	174	9	41	487.50
-2.879793	2.984978	1.954446	183	28	39	487.49
-3.141593	0.850607	-1.335383	182	17	46	487.48
2.879793	2.349581	-2.702517	171	25	38	487.44
0.785398	1.756530	-2.105156	188	9	36	487.43
-3.141593	1.506530	1.988858	42	187	171	487.38
2.356194	2.863997	0.549740	180	27	41	487.36
0.785398	1.998705	2.370472	188	28	27	487.30
-1.308997	1.014500	0.906702	163	15	33	487.28
-3.141593	0.496451	0.593859	180	12	37	487.24
-3.141593	1.488617	1.159546	179	3	47	487.23
1.047198	1.014500	0.906702	170	34	40	487.20
-1.047198	1.812176	0.656819	188	13	45	487.17
-0.261799	1.413430	2.550734	172	24	35	487.17
0.785398	2.637879	2.121598	177	7	49	487.16
1.308997	2.001437	0.381215	179	20	38	487.15
0.523599	0.961715	0.014085	169	8	33	487.10
-2.356194	0.619654	-2.216909	178	22	50	487.09
-2.617994	2.349581	-2.702517	171	18	41	487.08
0.000000	1.450119	-2.739050	188	9	40	487.07
0.261799	2.247462	0.191623	2	26	47	487.02
0.000000	2.478122	2.609777	165	21	43	487.01
2.356194	0.290380	-0.796960	182	9	43	486.98
0.261799	1.574060	2.783565	42	184	186	486.97
0.523599	1.846342	-1.796954	173	38	22	486.97
1.047198	1.982574	-1.115518	181	30	33	486.97
-2.094395	0.992645	-1.723759	169	21	36	486.94
-2.094395	1.025536	1.576859	166	25	37	486.92
-2.617994	1.836682	-0.676006	178	21	34	486.90
-2.356194	1.982574	-1.115518	177	27	41	486.90
2.094395	2.073035	2.027405	179	5	48	486.89
-0.523599	2.104282	-0.813972	169	15	40	486.88
-1.308997	0.899350	-2.069907	176	14	49	486.87
0.000000	1.135834	-1.431087	179	21	47	486.87
-2.356194	2.724429	-0.348782	187	29	33	486.86
0.000000	1.214854	-1.966664	183	13	46	486.82
-2.094395	2.881233	-2.582574	169	12	34	486.79
2.879793	1.134796	2.434290	173	28	32	486.73
0.523599	1.948085	-2.363031	165	28	26	486.72
-1.570796	1.113094	-0.272241	170	27	42	486.72
-1.570796	1.413347	-1.339188	166	18	40	486.72
0.261799	0.864993	2.278281	169	21	34	486.70
1.832596	1.846342	-1.796954	187	23	47	486.70
-2.356194	1.135813	-2.658866	173	5	37	486.67
2.879793	0.831641	0.616218	172	8	36	486.67
0.000000	2.478122	2.609777	164	21	42	486.67
0.261799	0.458961	-0.107937	170	11	40	486.67
-1.308997	2.664082	-1.071402	174	28	39	486.65
-1.308997	1.134796	2.434290	167	6	33	486.64
-1.308997	1.128190	-2.288622	174	14	46	486.58
1.570796	1.736875	3.023612	165	1	30	486.57
-3.141593	2.295480	1.008277	178	19	54	486.55
1.047198	0.571433	-1.188419	177	15	47	486.55
-2.617994	0.906588	1.252948	179	19	38	486.51
1.570796	2.174483	2.653697	173	0	39	486.49
-0.785398	1.391910	3.030322	182	39	30	486.49
1.832596	1.025536	1.576859	166	11	40	486.49
-1.832596	0.733948	3.021411	172	18	45	486.33
2.879793	1.045978	0.343692	181	27	40	486.31
0.000000	1.440580	2.260026	180	2	32	486.30
-2.879793	0.419640	2.974122	168	22	42	486.28
-1.308997	1.134796	2.434290	168	8	37	486.23
-2.617994	1.440580	2.260026	173	28	34	486.14
1.832596	0.866955	-0.931351	182	13	45	486.14
-3.141593	2.164094	-2.991358	170	19	38	486.13
1.308997	1.875281	0.107086	178	22	37	486.12
-0.261799	1.510910	-0.740472	167	20	40	486.12
-0.523599	1.998705	2.370472	173	31	44	486.12
0.261799	1.699788	2.452890	166	26	42	486.10
-0.261799	1.554776	0.100351	171	1	30	486.07
1.570796	0.850607	-1.335383	173	13	44	486.05
2.879793	0.419640	2.974122	177	25	47	486.05
1.308997	0.370812	-2.547742	183	20	48	486.05
0.261799	2.455966	-0.641220	187	22	36	486.02
-3.141593	2.637879	2.121598	191	18	39	486.02
1.047198	2.863997	0.549740	189	25	47	486.01
1.047198	0.831641	0.616218	173	33	37	485.94
-2.879793	2.455966	-0.641220	174	12	39	485.94
-3.141593	0.910508	1.903534	182	18	36	485.93
-1.570796	1.256302	0.062705	168	27	38	485.92
-3.141593	2.979456	-1.009304	169	3	41	485.90
-2.617994	1.367556	0.358405	181	39	34	485.88
2.356194	1.448123	-2.163292	177	26	46	485.86
2.879793	1.135813	-2.658866	182	36	43	485.85
0.523599	1.721184	-0.153948	170	7	34	485.83
0.261799	2.587733	0.232235	187	18	42	485.81
-0.523599	2.393226	1.857173	172	20	49	485.80
2.879793	2.187132	-0.479875	166	13	39	485.74
-0.785398	1.904882	-1.478089	168	13	39	485.74
-1.832596	0.914445	2.687814	171	22	42	485.73
1.570796	1.869911	2.701025	180	30	31	485.72
-1.047198	0.864993	2.278281	171	7	41	485.69
-1.832596	2.153910	-1.714959	177	23	45	485.65
1.047198	0.685216	-1.712745	178	20	47	485.64
1.047198	0.615174	-0.666022	171	14	41	485.63
0.523599	0.496451	0.593859	185	8	46	485.61
0.785398	2.164094	-2.991358	1	21	34	485.60
-1.832596	1.134796	2.434290	163	15	33	485.59
-0.261799	1.510910	-0.740472	168	19	41	485.58
1.570796	1.256302	0.062705	184	0	31	485.53
0.785398	1.135813	-2.658866	189	10	39	485.45
-3.141593	1.440580	2.260026	30	4	190	485.40
-0.261799	2.455966	-0.641220	189	18	35	485.39
1.308997	1.433411	-1.035986	180	9	44	485.36
1.308997	1.812176	0.656819	177	19	38	485.34
0.785398	1.555207	1.708892	168	18	41	485.29
0.261799	2.704512	1.488683	168	185	182	485.25
0.261799	2.247462	0.191623	187	21	42	485.21
0.000000	1.195355	1.200319	180	20	39	485.19
-2.879793	2.001437	0.381215	174	10	47	485.17
-0.523599	1.448123	-2.163292	181	10	44	485.14
2.879793	2.343981	-1.040456	171	14	35	485.13
2.094395	1.870545	-2.976234	177	26	39	485.12
1.570796	2.295480	1.008277	178	23	51	485.11
1.047198	0.929350	-2.910676	186	16	39	485.10
-2.879793	2.251330	-2.330739	168	21	37	485.10
-1.570796	0.080730	-2.622036	182	11	47	485.10
2.617994	2.407836	1.410646	184	21	55	485.09
-0.523599	0.866955	-0.931351	175	16	48	485.06
-2.094395	1.982574	-1.115518	176	25	41	485.06
-3.141593	2.863997	0.549740	39	180	184	485.04
-1.832596	2.349581	-2.702517	174	9	40	484.99
1.832596	1.699788	2.452890	175	29	27	484.98
-0.261799	1.374601	-2.456031	184	9	43	484.90
-2.879793	1.872854	1.543456	190	14	52	484.87
2.879793	2.478122	2.609777	167	18	32	484.86
1.308997	0.910508	1.903534	161	12	33	484.85
0.785398	0.591903	2.010408	171	21	36	484.81
-2.879793	2.356369	3.005869	168	13	30	484.80
-2.356194	1.554776	0.100351	180	188	37	484.75
-1.308997	2.115563	0.685730	182	9	43	484.73
-0.785398	0.866395	-2.492918	176	6	43	484.73
2.617994	1.218453	2.777284	174	30	35	484.72
1.832596	0.709924	0.218797	188	19	43	484.69
-3.141593	1.256302	0.062705	168	4	35	484.67
-2.879793	1.113094	-0.272241	180	31	41	484.66
-0.261799	1.488617	1.159546	184	29	47	484.65
-2.879793	2.704512	1.488683	180	24	40	484.60
-0.261799	1.741644	-2.695914	190	14	41	484.58
-2.356194	0.640596	-2.797608	173	21	48	484.56
2.879793	0.866395	-2.492918	170	18	42	484.55
-0.785398	0.850607	-1.335383	177	17	49	484.55
-3.141593	2.073035	2.027405	48	179	180	484.52
-2.356194	1.977582	0.969896	184	14	52	484.51
-1.308997	1.045978	0.343692	164	17	37	484.47
0.523599	1.184361	0.625864	183	21	40	484.46
-3.141593	0.640596	-2.797608	178	29	48	484.45
0.523599	2.404280	-0.174044	188	23	40	484.41
-2.879793	0.961715	0.014085	179	31	42	484.30
0.523599	1.488617	1.159546	175	23	41	484.29
2.879793	1.977582	0.969896	176	14	52	484.24
1.308997	1.658653	-2.409879	186	29	45	484.21
-0.261799	2.174483	2.653697	169	29	42	484.21
2.094395	2.863997	0.549740	180	28	40	484.20
0.785398	1.809167	1.213774	175	19	46	484.19
-0.523599	1.875281	0.107086	189	16	40	484.18
2.879793	1.555207	1.708892	184	2	47	484.16
-3.141593	2.063651	-2.044600	173	24	41	484.15
0.000000	2.247462	0.191623	186	17	40	484.15
-0.785398	2.174483	2.653697	176	33	42	484.14
1.570796	2.719179	-1.780644	162	15	38	484.13
0.000000	1.809167	1.213774	178	23	46	484.13
0.785398	1.606104	-0.451151	185	31	35	484.11
1.047198	2.587733	0.232235	184	31	46	484.03
-3.141593	0.297065	2.160177	176	26	46	484.03
2.617994	2.587733	0.232235	170	23	49	484.03
1.047198	0.906588	1.252948	165	22	34	484.00
0.523599	2.724429	-0.348782	188	32	43	483.95
-0.523599	1.824694	1.850876	178	29	48	483.91
0.261799	1.732874	-0.951685	2	34	29	483.90
2.879793	2.349581	-2.702517	172	25	39	483.87
-3.141593	1.391910	3.030322	170	25	36	483.86
0.261799	1.658653	-2.409879	190	10	42	483.86
-1.832596	0.899350	-2.069907	172	15	46	483.83
-0.785398	1.982574	-1.115518	170	16	41	483.83
2.617994	0.297065	2.160177	185	29	48	483.81
0.523599	1.218453	2.777284	161	18	26	483.79
0.785398	1.218453	2.777284	161	15	30	483.78
-1.570796	2.073035	2.027405	184	26	46	483.77
-3.141593	2.719179	-1.780644	175	32	35	483.77
-1.570796	0.929350	-2.910676	172	14	45	483.74
-2.094395	0.418037	1.360082	170	24	45	483.74
-2.094395	1.555207	1.708892	169	24	32	483.70
-0.261799	2.073035	2.027405	170	24	45	483.69
-1.308997	1.413347	-1.339188	166	14	40	483.68
-2.617994	1.846342	-1.796954	175	19	44	483.63
-2.879793	1.809167	1.213774	183	9	52	483.62
0.523599	0.571433	-1.188419	50	177	163	483.59
0.523599	0.831641	0.616218	187	5	42	483.59
0.785398	1.374601	-2.456031	182	24	41	483.52
2.879793	0.297065	2.160177	179	24	45	483.52
1.308997	1.134796	2.434290	164	10	35	483.51
-0.523599	1.256302	0.062705	168	5	34	483.51
0.523599	1.504028	0.636812	184	33	46	483.50
-1.570796	2.455966	-0.641220	171	28	34	483.50
0.785398	1.195355	1.200319	172	33	44	483.46
1.047198	2.063651	-2.044600	190	20	46	483.41
2.094395	2.984978	1.954446	3	13	45	483.38
2.094395	1.721184	-0.153948	189	4	32	483.36
-2.356194	2.063651	-2.044600	171	17	42	483.35
0.261799	2.356369	3.005869	163	22	38	483.34
-0.523599	0.831641	0.616218	170	7	40	483.34
-2.617994	0.866395	-2.492918	172	6	38	483.31
0.523599	2.001437	0.381215	186	25	45	483.28
-1.570796	2.115563	0.685730	184	7	47	483.25
-1.570796	0.418037	1.360082	169	17	43	483.24
0.261799	2.104282	-0.813972	173	4	31	483.22
-1.570796	1.194549	-0.801900	168	19	40	483.19
1.308997	1.569311	-3.003978	161	7	25	483.18
1.047198	0.419640	2.974122	183	12	41	483.18
-1.832596	2.719179	-1.780644	172	24	40	483.10
-2.094395	0.080730	-2.622036	179	7	41	483.08
2.617994	2.180315	-1.357379	51	187	174	483.08
0.000000	0.910508	1.903534	176	27	38	483.02
1.570796	0.458961	-0.107937	187	10	46	482.96
0.523599	0.203748	0.590255	183	13	49	482.94
-1.047198	0.906588	1.252948	170	12	41	482.90
2.356194	2.637879	2.121598	0	9	45	482.89
2.879793	0.297065	2.160177	178	23	43	482.88
-1.570796	0.906588	1.252948	168	18	41	482.88
-1.570796	2.033014	2.977192	186	29	34	482.85
1.308997	2.001437	0.381215	185	14	29	482.81
1.832596	1.809167	1.213774	169	16	48	482.80
-2.094395	1.367556	0.358405	172	26	38	482.79
2.356194	0.496451	0.593859	178	21	39	482.76
2.617994	1.135834	-1.431087	31	185	9	482.74
0.000000	1.134497	-1.109631	175	21	45	482.70
0.523599	2.247462	0.191623	186	22	42	482.68
-2.617994	0.914445	2.687814	170	18	37	482.68
0.000000	2.033014	2.977192	166	29	37	482.66
-1.308997	1.504028	0.636812	170	14	36	482.65
0.261799	1.846342	-1.796954	183	6	40	482.65
-0.261799	0.619654	-2.216909	183	10	48	482.60
-0.785398	0.640596	-2.797608	6	19	37	482.56
-2.356194	0.992645	-1.723759	30	179	9	482.55
-2.094395	1.554776	0.100351	172	35	33	482.54
1.308997	1.756530	-2.105156	186	23	47	482.50
1.832596	1.721184	-0.153948	164	29	36	482.47
-2.879793	0.709924	0.218797	180	28	44	482.46
-1.047198	0.866955	-0.931351	172	12	43	482.38
2.879793	1.599406	1.426070	180	5	48	482.38
-3.141593	0.733948	3.021411	170	21	39	482.33
2.617994	1.135834	-1.431087	188	27	47	482.32
-2.356194	1.606104	-0.451151	179	190	31	482.32
2.617994	0.899350	-2.069907	173	18	45	482.30
-2.356194	2.089241	-0.114193	177	190	39	482.30
2.879793	0.709924	0.218797	180	23	41	482.30
-0.785398	0.709924	0.218797	167	12	41	482.17
2.094395	1.809167	1.213774	170	13	48	482.13
-0.785398	0.615174	-0.666022	171	15	45	482.08
1.047198	0.685216	-1.712745	47	175	177	482.06
0.261799	2.393226	1.857173	173	13	49	482.05
-1.047198	1.554776	0.100351	168	22	34	482.01
0.523599	1.135813	-2.658866	186	9	39	482.01
-0.261799	1.696674	-1.253233	173	15	44	481.96
-2.617994	1.658653	-2.409879	170	12	39	481.94
-0.785398	1.256302	0.062705	165	9	35	481.91
-1.832596	0.961715	0.014085	171	17	39	481.82
0.000000	1.045978	0.343692	189	23	39	481.80
-0.523599	1.809167	1.213774	182	22	47	481.79
-0.261799	0.762244	-0.273349	171	8	43	481.79
-0.785398	2.637879	2.121598	31	183	191	481.77
1.832596	2.104282	-0.813972	189	7	39	481.71
-2.617994	1.977582	0.969896	182	12	52	481.70
-1.832596	2.104282	-0.813972	176	28	39	481.65
1.047198	1.325504	-1.671296	179	20	47	481.64
-3.141593	0.762244	-0.273349	180	23	41	481.61
1.308997	1.870545	-2.976234	163	170	186	481.61
-1.570796	2.863997	0.549740	173	5	46	481.60
2.879793	0.961715	0.014085	185	30	42	481.55
0.261799	2.295480	1.008277	168	186	180	481.50
-2.356194	1.247695	1.809890	167	24	31	481.50
0.523599	2.153910	-1.714959	173	39	28	481.50
1.832596	1.113094	-0.272241	187	9	39	481.47
-2.094395	0.290380	-0.796960	177	17	43	481.42
-0.261799	1.413430	2.550734	178	12	36	481.40
-2.094395	2.455966	-0.641220	175	27	31	481.40
2.617994	1.574060	2.783565	174	30	32	481.38
2.094395	1.195355	1.200319	186	21	39	481.36
-1.832596	0.496451	0.593859	170	23	43	481.36
-3.141593	1.168678	2.108595	176	29	32	481.32
-2.094395	1.554776	0.100351	172	24	36	481.32
1.570796	1.194549	-0.801900	178	5	39	481.24
-2.879793	2.881233	-2.582574	168	22	34	481.21
-2.617994	2.349581	-2.702517	172	18	42	481.20
0.785398	0.866955	-0.931351	172	19	43	481.19
-2.617994	2.724429	-0.348782	188	26	32	481.18
-1.570796	0.899350	-2.069907	172	13	46	481.16
-1.832596	2.180315	-1.357379	174	25	45	481.16
2.879793	1.050534	3.042579	170	20	36	481.13
1.047198	1.904882	-1.478089	179	27	31	481.11
0.000000	1.766067	2.153843	167	26	42	481.09
-0.523599	1.696674	-1.253233	157	156	181	481.08
1.308997	1.242974	-2.977882	180	29	37	481.07
-1.832596	1.413347	-1.339188	166	21	37	481.05
1.570796	1.658653	-2.409879	186	31	44	481.04
-0.523599	2.138223	1.678323	173	23	48	481.04
-1.570796	0.929350	-2.910676	169	9	41	481.04
1.832596	1.599406	1.426070	167	12	47	481.03
-2.356194	0.685216	-1.712745	172	22	40	481.00
-1.570796	0.496451	0.593859	169	21	44	480.98
-2.879793	2.760637	2.781135	5	16	43	480.97
-1.570796	0.929350	-2.910676	172	13	45	480.95
-1.832596	1.391910	3.030322	163	13	32	480.93
0.261799	1.875281	0.107086	2	32	44	480.92
0.261799	2.349581	-2.702517	166	30	36	480.85
-2.356194	1.836682	-0.676006	168	165	189	480.85
1.832596	1.214854	-1.966664	177	21	46	480.84
0.261799	1.836682	-0.676006	3	33	34	480.81
0.261799	1.014500	0.906702	184	39	40	480.78
-2.356194	1.128190	-2.288622	172	25	46	480.75
0.785398	1.184361	0.625864	178	35	42	480.74
-1.570796	2.187132	-0.479875	169	24	30	480.71
0.261799	1.836682	-0.676006	171	9	39	480.69
-2.617994	1.413347	-1.339188	179	28	45	480.67
2.617994	0.961715	0.014085	40	188	4	480.60
-2.879793	2.247462	0.191623	184	29	31	480.60
-2.094395	1.606104	-0.451151	170	30	35	480.59
-0.785398	2.760637	2.781135	173	25	37	480.56
1.832596	0.914445	2.687814	184	15	35	480.54
-1.832596	0.203748	0.590255	174	22	45	480.51
2.356194	1.014500	0.906702	174	17	41	480.48
2.356194	1.599406	1.426070	190	28	36	480.47
-1.308997	1.824694	1.850876	187	26	48	480.46
0.261799	1.846342	-1.796954	183	5	39	480.43
2.617994	1.869911	2.701025	169	21	28	480.40
1.832596	0.419640	2.974122	183	20	43	480.38
-1.047198	1.134796	2.434290	171	17	39	480.37
-1.832596	1.433411	-1.035986	167	23	38	480.34
-2.094395	1.977582	0.969896	39	181	177	480.33
2.094395	0.960688	-0.577532	178	22	34	480.31
0.523599	1.214854	-1.966664	29	186	9	480.22
1.832596	1.569311	-3.003978	182	16	31	480.21
1.047198	1.488617	1.159546	171	20	42	480.21
0.261799	1.488617	1.159546	177	25	43	480.18
1.832596	0.080730	-2.622036	177	18	45	480.16
0.523599	1.335669	0.897240	181	35	45	480.09
1.308997	2.592629	0.909713	186	16	43	480.08
-2.879793	1.214854	-1.966664	178	15	47	480.06
-1.308997	0.992645	-1.723759	172	13	45	480.04
0.261799	1.450119	-2.739050	184	6	35	480.03
0.261799	0.496451	0.593859	185	12	46	479.99
0.000000	1.135834	-1.431087	177	5	41	479.93
2.617994	1.998705	2.370472	168	19	25	479.93
2.356194	0.571433	-1.188419	179	11	43	479.90
-0.523599	1.374601	-2.456031	180	8	42	479.84
0.523599	2.407836	1.410646	182	12	52	479.83
-1.832596	2.396274	-1.959260	175	22	44	479.82
0.000000	1.506530	1.988858	175	17	36	479.81
-0.785398	1.599406	1.426070	185	22	46	479.79
2.356194	1.413347	-1.339188	183	14	47	479.79
-1.047198	0.618092	2.539118	174	4	41	479.78
-1.832596	0.700570	1.559208	167	17	35	479.73
-3.141593	1.699788	2.452890	170	26	28	479.68
1.047198	2.104282	-0.813972	181	26	35	479.66
0.523599	0.640596	-2.797608	187	10	44	479.63
2.356194	1.134497	-1.109631	183	9	44	479.61
1.570796	0.370812	-2.547742	182	22	48	479.59
2.356194	1.869911	2.701025	171	24	27	479.57
2.617994	2.455966	-0.641220	5	18	38	479.57
-0.261799	2.588535	-2.976617	171	32	40	479.54
-2.356194	0.619654	-2.216909	177	21	50	479.50
-1.832596	2.455966	-0.641220	173	25	31	479.49
-1.308997	0.866955	-0.931351	173	22	48	479.49
0.523599	2.295480	1.008277	183	15	47	479.47
2.617994	0.619654	-2.216909	178	22	48	479.47
0.000000	0.080730	-2.622036	190	23	50	479.44
-0.785398	1.050534	3.042579	179	33	29	479.43
0.785398	0.370812	-2.547742	182	17	45	479.38
0.523599	1.391910	3.030322	183	15	35	479.38
2.356194	0.615174	-0.666022	189	17	47	479.28
-1.832596	1.554776	0.100351	168	31	33	479.26
-1.570796	1.128190	-2.288622	172	17	46	479.23
-0.785398	0.370812	-2.547742	29	180	158	479.17
2.094395	1.194549	-0.801900	175	23	31	479.11
0.523599	1.756530	-2.105156	182	17	45	479.09
0.523599	1.488617	1.159546	175	26	45	479.06
2.094395	2.073035	2.027405	168	24	22	478.99
-0.523599	2.104282	-0.813972	168	7	30	478.98
0.261799	1.134497	-1.109631	174	12	44	478.92
-1.047198	1.374601	-2.456031	174	10	42	478.88
-2.879793	2.719179	-1.780644	173	29	35	478.84
-1.047198	0.458961	-0.107937	170	18	45	478.81
0.261799	1.128190	-2.288622	185	4	37	478.81
1.832596	2.349581	-2.702517	169	191	32	478.80
-0.261799	1.391910	3.030322	177	14	35	478.80
-1.832596	1.050534	3.042579	165	13	38	478.80
0.000000	0.992645	-1.723759	182	22	47	478.79
-0.785398	1.195355	1.200319	191	26	43	478.77
1.308997	1.450119	-2.739050	186	16	33	478.74
1.570796	1.836682	-0.676006	182	4	36	478.69
-2.356194	1.756530	-2.105156	173	13	42	478.69
-2.879793	1.904882	-1.478089	180	23	45	478.64
-3.141593	1.574060	2.783565	170	26	33	478.61
2.879793	0.290380	-0.796960	184	16	48	478.58
2.879793	2.041297	-2.664597	184	10	30	478.56
0.261799	1.301460	-0.509251	168	13	38	478.55
2.094395	2.704512	1.488683	188	18	49	478.55
-2.617994	1.870545	-2.976234	171	11	39	478.52
2.094395	1.195355	1.200319	185	21	39	478.52
-2.617994	2.478122	2.609777	191	22	40	478.51
-0.261799	0.615174	-0.666022	172	12	45	478.50
-0.523599	0.929350	-2.910676	183	9	45	478.47
-3.141593	1.184361	0.625864	174	3	41	478.47
1.570796	2.343981	-1.040456	187	6	40	478.47
2.617994	2.579248	-2.364801	180	29	40	478.43
0.523599	2.863997	0.549740	2	14	46	478.42
2.094395	1.242974	-2.977882	177	31	39	478.40
0.785398	1.128190	-2.288622	51	173	182	478.40
-0.261799	1.135834	-1.431087	179	10	47	478.32
-2.879793	1.662363	0.915448	181	8	49	478.31
0.785398	2.295480	1.008277	44	174	159	478.29
1.832596	0.640596	-2.797608	172	28	38	478.25
-1.308997	2.108018	1.311430	183	17	51	478.19
0.000000	0.458961	-0.107937	177	12	49	478.17
-2.356194	1.367556	0.358405	174	29	38	478.16
0.000000	0.615174	-0.666022	176	10	48	478.15
-1.047198	0.619654	-2.216909	176	11	46	478.13
1.308997	2.349581	-2.702517	162	8	33	478.11
2.617994	1.014500	0.906702	173	12	40	478.11
2.879793	1.194549	-0.801900	178	22	35	478.10
0.261799	2.455966	-0.641220	187	21	34	478.10
1.047198	2.637879	2.121598	179	30	28	478.09
-1.832596	1.836682	-0.676006	176	30	40	478.09
-0.261799	0.419640	2.974122	178	10	42	478.05
-2.879793	1.998705	2.370472	6	14	47	478.05
-0.261799	0.709924	0.218797	171	6	41	478.04
1.570796	1.301460	-0.509251	183	6	41	478.04
1.047198	0.370812	-2.547742	182	19	46	478.03
-2.094395	2.588535	-2.976617	172	7	34	478.02
-2.356194	1.184361	0.625864	175	29	40	477.99
-0.261799	0.640596	-2.797608	173	164	10	477.95
0.000000	2.719179	-1.780644	178	5	38	477.94
0.523599	1.696674	-1.253233	171	13	40	477.93
1.308997	2.863997	0.549740	189	26	48	477.93
-1.047198	2.396274	-1.959260	4	26	32	477.88
0.261799	1.242974	-2.977882	191	12	41	477.86
-2.879793	1.869911	2.701025	169	10	31	477.80
0.261799	1.555207	1.708892	176	34	47	477.79
1.570796	2.724429	-0.348782	173	31	43	477.77
1.570796	1.510910	-0.740472	167	31	24	477.75
2.617994	1.504028	0.636812	167	11	44	477.74
1.570796	2.719179	-1.780644	54	179	171	477.73
-2.094395	1.606104	-0.451151	171	32	36	477.70
2.879793	2.393226	1.857173	49	178	186	477.68
0.261799	2.180315	-1.357379	185	25	32	477.67
-2.879793	1.335669	0.897240	180	191	43	477.63
0.785398	0.458961	-0.107937	171	9	37	477.59
-2.356194	1.510910	-0.740472	172	31	37	477.56
-3.141593	0.297065	2.160177	176	27	46	477.55
-2.879793	2.164094	-2.991358	170	16	39	477.54
-1.832596	2.588535	-2.976617	174	5	34	477.51
2.617994	0.685216	-1.712745	179	18	47	477.49
1.047198	2.455966	-0.641220	174	4	33	477.49
0.261799	1.310100	1.488307	176	34	45	477.48
1.308997	0.866955	-0.931351	175	14	43	477.44
-0.523599	0.960688	-0.577532	171	8	39	477.43
1.308997	1.242974	-2.977882	42	178	0	477.42
0.785398	2.984978	1.954446	179	2	43	477.41
-0.523599	1.741644	-2.695914	178	34	27	477.36
-1.308997	1.050534	3.042579	183	31	29	477.35
2.879793	0.961715	0.014085	170	13	34	477.33
-1.308997	1.135813	-2.658866	169	7	40	477.33
-1.308997	0.290380	-0.796960	181	21	50	477.31
-1.308997	1.812176	0.656819	185	13	44	477.30
-1.570796	1.135834	-1.431087	170	19	45	477.30
-3.141593	2.104282	-0.813972	172	11	35	477.24
-2.356194	0.674054	1.013609	187	3	31	477.22
-0.785398	1.214854	-1.966664	178	14	46	477.21
1.308997	1.721184	-0.153948	170	35	33	477.20
-0.261799	0.640596	-2.797608	179	8	43	477.17
-2.617994	0.379747	-1.713059	29	178	11	477.14
-2.356194	1.450119	-2.739050	172	15	42	477.12
-0.261799	1.606104	-0.451151	189	20	35	477.10
-1.570796	1.014500	0.906702	163	20	33	477.10
-2.094395	0.370812	-2.547742	177	12	48	477.09
1.308997	0.297065	2.160177	178	15	38	477.09
-1.832596	2.349581	-2.702517	2	24	33	477.07
1.832596	0.709924	0.218797	188	18	43	477.06
-1.308997	1.732874	-0.951685	182	32	42	477.04
-3.141593	1.574060	2.783565	178	33	34	477.02
1.832596	2.592629	0.909713	187	18	43	476.96
2.879793	1.256302	0.062705	172	17	37	476.95
-0.523599	2.478122	2.609777	169	28	44	476.90
-0.261799	1.194549	-0.801900	169	23	42	476.90
-1.308997	1.812176	0.656819	186	13	45	476.90
-2.094395	1.310100	1.488307	166	22	29	476.88
2.879793	1.335669	0.897240	166	169	7	476.84
0.785398	1.301460	-0.509251	172	8	39	476.80
-1.308997	2.379497	0.561089	182	7	47	476.75
0.261799	1.736875	3.023612	1	21	34	476.75
-1.570796	0.992645	-1.723759	171	15	45	476.72
-2.879793	2.251330	-2.330739	169	22	40	476.71
-1.308997	0.733948	3.021411	172	6	42	476.69
0.261799	0.458961	-0.107937	178	9	48	476.67
-2.356194	1.045978	0.343692	177	34	40	476.66
-2.356194	0.831641	0.616218	187	187	27	476.65
-2.879793	1.310100	1.488307	175	26	24	476.65
-2.617994	2.704512	1.488683	181	20	32	476.65
-1.047198	1.195355	1.200319	173	14	40	476.64
-2.617994	0.929350	-2.910676	169	21	43	476.63
-3.141593	2.760637	2.781135	0	15	41	476.62
-2.617994	1.014500	0.906702	183	7	41	476.57
-2.879793	1.184361	0.625864	178	13	40	476.55
-1.832596	2.881233	-2.582574	5	24	42	476.49
-0.523599	1.242974	-2.977882	176	30	27	476.45
2.617994	0.618092	2.539118	177	28	40	476.43
2.094395	0.929350	-2.910676	172	27	38	476.43
-1.570796	1.736875	3.023612	187	30	32	476.41
-3.141593	2.187132	-0.479875	167	8	39	476.37
-1.832596	0.080730	-2.622036	182	7	41	476.33
-2.094395	1.599406	1.426070	167	25	29	476.32
-2.356194	2.104282	-0.813972	177	25	32	476.32
0.000000	2.979456	-1.009304	190	23	39	476.29
-0.523599	2.104282	-0.813972	172	20	42	476.28
2.617994	2.115563	0.685730	171	19	51	476.26
2.356194	0.591903	2.010408	190	24	45	476.25
1.832596	2.138223	1.678323	178	10	48	476.23
-0.785398	2.073035	2.027405	177	28	48	476.18
-2.879793	2.579248	-2.364801	186	10	35	476.13
2.356194	0.618092	2.539118	184	24	43	476.11
-1.570796	1.948085	-2.363031	2	29	26	476.10
-1.308997	0.615174	-0.666022	176	24	49	476.10
2.617994	1.683268	0.374177	165	14	43	476.09
-1.570796	2.108018	1.311430	182	16	48	476.08
-0.523599	1.135813	-2.658866	182	9	44	476.05
-1.047198	1.128190	-2.288622	175	9	46	476.02
2.356194	0.762244	-0.273349	187	24	44	476.01
-1.832596	1.510910	-0.740472	167	24	36	475.97
2.356194	1.998705	2.370472	169	23	26	475.91
1.047198	2.299159	2.264663	183	30	27	475.85
-2.879793	1.488617	1.159546	183	3	47	475.83
-1.308997	0.618092	2.539118	171	7	41	475.78
0.523599	1.554776	0.100351	187	31	39	475.78
1.570796	1.606104	-0.451151	166	33	29	475.75
0.000000	1.135813	-2.658866	184	3	39	475.75
-0.523599	0.640596	-2.797608	176	8	40	475.71
0.785398	1.135813	-2.658866	186	13	38	475.67
1.570796	1.756530	-2.105156	185	22	47	475.67
-0.785398	0.591903	2.010408	183	30	35	475.67
-3.141593	1.045978	0.343692	168	1	32	475.59
-0.261799	1.134796	2.434290	174	26	36	475.58
1.308997	0.700570	1.559208	165	20	36	475.54
-1.570796	2.979456	-1.009304	42	174	171	475.54
-1.308997	1.545873	-1.877082	166	11	38	475.53
0.785398	1.448123	-2.163292	180	21	44	475.52
-2.879793	1.168678	2.108595	0	8	38	475.52
0.000000	1.391910	3.030322	180	10	36	475.49
2.617994	1.413347	-1.339188	184	15	47	475.47
0.785398	0.370812	-2.547742	45	176	186	475.47
0.785398	1.982574	-1.115518	174	8	39	475.45
1.308997	2.637879	2.121598	177	30	28	475.42
-2.879793	0.571433	-1.188419	177	24	44	475.39
0.523599	1.113094	-0.272241	169	9	36	475.32
1.570796	0.899350	-2.069907	172	19	42	475.29
-1.308997	1.982574	-1.115518	170	21	41	475.29
1.047198	1.504028	0.636812	40	172	188	475.28
0.523599	1.184361	0.625864	180	8	34	475.27
-1.308997	2.704512	1.488683	32	180	1	475.23
1.047198	0.297065	2.160177	185	16	47	475.19
1.308997	1.606104	-0.451151	182	6	40	475.17
2.617994	1.824694	1.850876	183	5	50	475.11
1.308997	1.448123	-2.163292	182	26	46	475.10
-2.879793	1.599406	1.426070	187	5	49	475.07
1.047198	2.579248	-2.364801	162	17	36	475.07
0.523599	0.709924	0.218797	188	10	45	475.04
-1.308997	1.218453	2.777284	168	6	34	475.02
0.785398	0.864993	2.278281	164	18	34	475.02
0.785398	2.073035	2.027405	187	30	25	475.01
0.261799	2.881233	-2.582574	5	15	36	475.01
1.047198	1.836682	-0.676006	173	5	33	475.00
-1.047198	2.251330	-2.330739	176	8	40	475.00
0.785398	0.571433	-1.188419	174	17	46	474.99
-2.879793	0.929350	-2.910676	173	18	43	474.95
1.308997	0.458961	-0.107937	183	10	46	474.92
0.261799	0.419640	2.974122	183	11	45	474.91
0.000000	0.379747	-1.713059	178	15	45	474.91
2.094395	1.113094	-0.272241	189	3	35	474.90
0.000000	1.050534	3.042579	176	164	5	474.87
-1.570796	1.113094	-0.272241	169	26	42	474.85
1.832596	2.863997	0.549740	186	19	37	474.84
2.879793	2.407836	1.410646	186	15	38	474.83
-0.785398	1.662363	0.915448	190	20	47	474.79
-3.141593	1.982574	-1.115518	180	24	32	474.79
-0.785398	1.998705	2.370472	176	26	40	474.77
-1.308997	1.413347	-1.339188	168	17	42	474.70
-0.261799	1.869911	2.701025	177	10	31	474.69
-0.523599	1.113094	-0.272241	170	13	42	474.69
-3.141593	2.174483	2.653697	185	23	33	474.65
-1.570796	2.343981	-1.040456	171	23	39	474.58
0.261799	2.115563	0.685730	184	19	44	474.56
1.832596	2.164094	-2.991358	170	190	33	474.53
-1.308997	0.619654	-2.216909	175	12	46	474.52
0.261799	2.063651	-2.044600	172	34	26	474.47
1.832596	2.393226	1.857173	183	9	49	474.46
-2.094395	0.496451	0.593859	179	14	38	474.44
-2.617994	0.866395	-2.492918	174	25	48	474.43
2.094395	2.033014	2.977192	183	17	32	474.37
-1.308997	2.247462	0.191623	187	5	45	474.35
-2.094395	0.080730	-2.622036	37	185	171	474.35
-1.308997	1.872854	1.543456	187	22	50	474.34
2.879793	0.929350	-2.910676	169	21	39	474.34
-2.879793	1.242974	-2.977882	172	22	41	474.31
2.356194	2.724429	-0.348782	3	11	35	474.30
1.047198	1.662363	0.915448	175	22	45	474.29
-0.261799	1.683268	0.374177	188	19	41	474.27
2.879793	2.295480	1.008277	177	20	54	474.22
1.570796	0.914445	2.687814	183	14	35	474.20
2.879793	1.998705	2.370472	167	16	27	474.17
1.570796	0.733948	3.021411	187	18	41	474.16
-2.094395	2.719179	-1.780644	167	20	34	474.16
1.832596	1.721184	-0.153948	185	3	33	474.13
-2.094395	0.203748	0.590255	181	13	39	474.12
0.523599	1.134497	-1.109631	176	20	46	474.11
1.308997	1.194549	-0.801900	175	5	36	474.10
-1.832596	1.909857	-0.381669	184	35	38	474.10
-2.879793	2.299159	2.264663	157	161	174	474.09
1.832596	1.506530	1.988858	167	4	41	474.07
1.308997	2.153910	-1.714959	0	18	45	474.05
-2.094395	1.741644	-2.695914	170	12	40	474.05
0.523599	1.870545	-2.976234	161	21	29	474.00
-1.832596	0.906588	1.252948	165	23	38	474.00
-3.141593	1.599406	1.426070	184	5	49	474.00
-3.141593	0.618092	2.539118	173	25	40	473.97
-0.523599	1.214854	-1.966664	179	8	46	473.97
1.308997	2.396274	-1.959260	2	19	44	473.92
-2.094395	2.115563	0.685730	182	12	51	473.86
0.785398	1.836682	-0.676006	33	183	188	473.86
1.047198	0.203748	0.590255	181	5	38	473.84
1.570796	1.014500	0.906702	39	178	2	473.84
-2.617994	0.379747	-1.713059	181	16	50	473.81
2.617994	2.295480	1.008277	177	20	54	473.79
-0.523599	0.866955	-0.931351	178	21	47	473.70
0.523599	1.824694	1.850876	171	22	50	473.68
0.261799	2.153910	-1.714959	176	37	27	473.67
-2.879793	1.982574	-1.115518	186	25	44	473.66
1.308997	0.618092	2.539118	185	13	41	473.65
0.261799	2.760637	2.781135	165	15	44	473.64
-1.832596	2.664082	-1.071402	169	26	33	473.64
2.094395	1.869911	2.701025	173	28	31	473.62
0.785398	1.555207	1.708892	16	183	9	473.59
2.094395	1.662363	0.915448	167	17	48	473.58
0.785398	2.180315	-1.357379	170	35	27	473.58
-0.261799	0.674054	1.013609	175	2	40	473.58
-2.617994	1.168678	2.108595	170	25	33	473.57
2.879793	1.545873	-1.877082	44	0	178	473.56
1.308997	2.881233	-2.582574	166	9	44	473.53
-2.879793	2.033014	2.977192	169	13	36	473.51
-2.879793	2.180315	-1.357379	181	27	42	473.49
-1.308997	2.979456	-1.009304	171	26	35	473.45
0.000000	1.721184	-0.153948	168	18	36	473.45
-1.570796	1.050534	3.042579	169	11	42	473.45
-2.094395	0.619654	-2.216909	24	177	10	473.44
1.570796	0.992645	-1.723759	174	14	43	473.44
1.570796	0.290380	-0.796960	175	11	43	473.43
-2.617994	2.153910	-1.714959	174	23	41	473.41
0.785398	0.615174	-0.666022	169	17	41	473.39
0.785398	2.704512	1.488683	184	7	48	473.34
0.785398	2.396274	-1.959260	0	16	43	473.33
-0.261799	1.741644	-2.695914	175	37	27	473.33
0.261799	1.310100	1.488307	185	0	31	473.30
-0.523599	2.153910	-1.714959	1	36	28	473.28
-2.879793	1.325504	-1.671296	180	14	46	473.27
-0.523599	1.045978	0.343692	0	24	38	473.23
-3.141593	1.184361	0.625864	176	13	41	473.14
0.785398	1.504028	0.636812	180	35	46	473.12
0.785398	1.683268	0.374177	180	23	38	473.11
1.570796	0.290380	-0.796960	173	11	41	473.08
2.356194	2.724429	-0.348782	4	12	35	473.07
-1.308997	2.719179	-1.780644	170	13	38	472.93
0.523599	0.379747	-1.713059	178	16	45	472.93
1.047198	1.721184	-0.153948	179	7	36	472.92
-1.047198	1.391910	3.030322	183	35	31	472.89
-3.141593	1.574060	2.783565	6	3	36	472.89
0.523599	1.569311	-3.003978	40	169	189	472.88
-1.832596	1.545873	-1.877082	171	20	44	472.86
-2.617994	0.831641	0.616218	176	19	37	472.83
-2.879793	1.218453	2.777284	172	27	38	472.81
-1.308997	2.187132	-0.479875	174	32	38	472.78
1.047198	1.301460	-0.509251	178	11	41	472.77
-0.523599	1.741644	-2.695914	179	33	27	472.77
1.570796	0.899350	-2.069907	173	20	43	472.75
-2.094395	0.910508	1.903534	164	22	36	472.69
-1.308997	1.555207	1.708892	183	22	41	472.69
0.000000	1.391910	3.030322	179	13	35	472.68
0.261799	0.615174	-0.666022	170	12	38	472.67
2.094395	1.440580	2.260026	173	27	24	472.67
-0.261799	1.325504	-1.671296	181	18	47	472.63
1.047198	0.591903	2.010408	163	17	31	472.61
0.785398	1.195355	1.200319	38	169	191	472.60
-2.094395	1.488617	1.159546	168	23	26	472.58
-3.141593	1.128190	-2.288622	180	33	45	472.56
0.000000	0.864993	2.278281	173	26	36	472.53
-2.356194	0.203748	0.590255	181	22	48	472.44
1.308997	2.592629	0.909713	187	16	44	472.43
0.261799	0.899350	-2.069907	42	178	166	472.41
1.570796	1.875281	0.107086	185	8	32	472.38
-2.617994	2.478122	2.609777	189	23	38	472.37
-1.308997	1.875281	0.107086	172	15	32	472.35
0.785398	0.496451	0.593859	187	8	46	472.28
-1.047198	0.080730	-2.622036	179	16	47	472.28
1.308997	1.606104	-0.451151	176	3	31	472.28
-1.308997	2.063651	-2.044600	169	11	37	472.27
1.570796	0.618092	2.539118	0	19	45	472.26
-1.570796	1.809167	1.213774	187	17	49	472.25
1.570796	1.756530	-2.105156	187	27	46	472.24
-0.785398	1.736875	3.023612	180	34	33	472.23
2.617994	2.138223	1.678323	184	13	54	472.22
0.785398	1.256302	0.062705	172	4	30	472.20
0.261799	1.195355	1.200319	176	29	42	472.18
-2.879793	2.187132	-0.479875	188	29	36	472.14
-2.617994	2.455966	-0.641220	179	12	38	472.10
-2.617994	2.063651	-2.044600	171	20	41	472.04
0.000000	1.325504	-1.671296	180	2	39	472.03
-0.261799	1.128190	-2.288622	180	3	41	471.98
1.832596	1.846342	-1.796954	186	22	47	471.96
0.523599	1.488617	1.159546	177	29	47	471.94
-0.261799	1.741644	-2.695914	189	14	41	471.93
-2.879793	0.618092	2.539118	169	21	37	471.87
1.570796	1.872854	1.543456	170	14	49	471.87
-2.617994	0.700570	1.559208	176	25	43	471.84
0.785398	1.014500	0.906702	174	32	41	471.80
-2.617994	0.910508	1.903534	170	25	35	471.78
-1.047198	2.108018	1.311430	181	19	51	471.78
1.047198	1.696674	-1.253233	170	31	18	471.77
1.308997	1.301460	-0.509251	177	25	32	471.76
0.785398	2.138223	1.678323	175	13	50	471.75
-2.617994	2.760637	2.781135	0	22	41	471.73
2.617994	2.001437	0.381215	168	18	47	471.67
1.308997	0.591903	2.010408	172	14	36	471.66
-3.141593	0.615174	-0.666022	180	19	39	471.63
-2.094395	2.356369	3.005869	1	23	36	471.55
-2.094395	0.700570	1.559208	168	20	36	471.55
-1.832596	1.658653	-2.409879	173	13	43	471.55
-3.141593	1.766067	2.153843	183	22	35	471.51
1.832596	1.683268	0.374177	166	26	44	471.48
-1.570796	2.001437	0.381215	183	6	42	471.45
2.617994	2.164094	-2.991358	169	26	33	471.38
-2.094395	0.866395	-2.492918	172	11	41	471.37
-2.356194	1.374601	-2.456031	173	7	40	471.37
2.356194	0.850607	-1.335383	177	8	43	471.35
-1.832596	0.700570	1.559208	164	20	38	471.33
0.000000	0.929350	-2.910676	176	166	7	471.32
-1.047198	1.045978	0.343692	164	13	36	471.31
2.356194	1.741644	-2.695914	173	159	182	471.31
2.879793	2.187132	-0.479875	165	13	39	471.25
2.617994	2.592629	0.909713	180	27	53	471.20
-3.141593	1.256302	0.062705	182	33	39	471.17
1.308997	2.393226	1.857173	175	27	25	471.12
1.047198	1.025536	1.576859	164	23	40	471.12
1.570796	1.194549	-0.801900	179	6	41	471.11
-2.617994	2.115563	0.685730	178	13	51	471.08
1.047198	0.080730	-2.622036	183	12	39	471.08
1.047198	2.592629	0.909713	185	15	43	471.07
0.261799	2.393226	1.857173	176	15	52	471.07
-1.047198	1.113094	-0.272241	169	20	42	471.05
1.832596	1.872854	1.543456	171	12	49	471.04
2.617994	1.824694	1.850876	45	170	186	471.04
-3.141593	1.242974	-2.977882	175	28	41	471.03
-0.261799	2.760637	2.781135	167	23	44	471.02
2.617994	1.113094	-0.272241	40	177	1	471.00
2.356194	1.113094	-0.272241	190	26	41	470.99
1.308997	1.134796	2.434290	164	11	35	470.98
1.047198	2.478122	2.609777	184	30	29	470.95
-0.523599	2.863997	0.549740	172	29	28	470.94
0.523599	1.836682	-0.676006	191	35	34	470.93
2.356194	0.618092	2.539118	34	190	7	470.93
0.785398	2.187132	-0.479875	183	24	36	470.93
2.879793	2.637879	2.121598	189	15	39	470.89
-0.523599	2.001437	0.381215	185	16	40	470.87
-0.523599	0.496451	0.593859	170	9	42	470.86
-1.047198	1.504028	0.636812	176	16	37	470.81
1.308997	2.174483	2.653697	183	30	30	470.76
2.356194	1.450119	-2.739050	175	25	43	470.75
0.000000	1.218453	2.777284	169	20	30	470.73
-3.141593	1.391910	3.030322	178	34	38	470.72
2.094395	0.733948	3.021411	190	32	45	470.68
2.094395	1.504028	0.636812	163	18	42	470.67
-0.261799	1.732874	-0.951685	171	15	42	470.64
0.785398	1.413430	2.550734	161	14	32	470.63
-1.570796	1.756530	-2.105156	170	14	41	470.62
0.261799	2.478122	2.609777	165	17	43	470.60
-0.785398	1.809167	1.213774	183	23	49	470.58
0.785398	1.025536	1.576859	165	22	35	470.58
0.000000	2.153910	-1.714959	177	10	41	470.57
2.617994	0.866955	-0.931351	185	14	44	470.55
1.047198	1.310100	1.488307	168	25	46	470.54
0.000000	1.417623	-0.202254	165	16	34	470.53
0.785398	2.187132	-0.479875	184	24	36	470.43
2.094395	0.992645	-1.723759	176	20	47	470.42
-2.094395	1.869911	2.701025	2	26	39	470.38
-1.832596	1.904882	-1.478089	176	18	44	470.36
-0.785398	1.574060	2.783565	174	16	34	470.30
-1.832596	1.741644	-2.695914	172	10	40	470.27
2.879793	1.569311	-3.003978	182	35	37	470.26
-2.356194	1.014500	0.906702	176	29	42	470.24
-3.141593	1.195355	1.200319	182	28	40	470.21
-1.832596	2.299159	2.264663	185	27	44	470.20
-1.308997	1.448123	-2.163292	173	14	44	470.20
-2.879793	2.579248	-2.364801	186	11	34	470.17
-3.141593	2.456751	-1.503343	183	26	37	470.16
1.047198	1.391910	3.030322	163	15	30	470.14
0.523599	0.866395	-2.492918	186	12	45	470.11
0.523599	0.080730	-2.622036	182	13	43	470.07
1.308997	0.906588	1.252948	164	24	39	470.04
-1.047198	1.756530	-2.105156	169	12	39	469.98
1.308997	2.089241	-0.114193	172	35	39	469.97
0.261799	2.478122	2.609777	168	18	47	469.96
-1.308997	1.194549	-0.801900	168	22	44	469.95
2.879793	0.762244	-0.273349	184	27	44	469.94
0.523599	2.588535	-2.976617	163	19	39	469.91
2.356194	1.113094	-0.272241	189	6	34	469.90
-2.879793	1.128190	-2.288622	175	16	45	469.90
-2.617994	1.391910	3.030322	159	182	0	469.89
-2.879793	2.863997	0.549740	172	22	51	469.88
2.356194	2.881233	-2.582574	175	32	31	469.82
-1.047198	1.599406	1.426070	180	20	40	469.80
2.879793	2.063651	-2.044600	181	14	30	469.76
-2.879793	2.073035	2.027405	2	15	51	469.76
0.523599	1.909857	-0.381669	187	28	37	469.74
-1.570796	1.606104	-0.451151	165	27	36	469.73
-1.832596	0.929350	-2.910676	167	13	42	469.73
0.000000	1.168678	2.108595	180	4	37	469.71
-0.523599	0.370812	-2.547742	178	11	43	469.68
-0.523599	1.872854	1.543456	177	24	46	469.68
0.523599	2.881233	-2.582574	165	22	42	469.61
1.832596	1.766067	2.153843	182	11	43	469.56
1.832596	1.824694	1.850876	172	7	48	469.53
-1.308997	2.455966	-0.641220	168	26	34	469.53
-0.261799	1.135834	-1.431087	178	20	47	469.51
-3.141593	1.617114	-1.572037	180	19	45	469.49
-1.047198	1.128190	-2.288622	177	14	45	469.48
-3.141593	1.335669	0.897240	177	4	45	469.45
-0.523599	2.637879	2.121598	168	19	45	469.43
2.356194	0.992645	-1.723759	171	178	10	469.42
1.047198	1.836682	-0.676006	173	36	27	469.41
-2.879793	1.413347	-1.339188	182	30	45	469.41
0.523599	2.984978	1.954446	180	3	48	469.39
-1.570796	1.617114	-1.572037	165	17	39	469.38
-1.308997	1.391910	3.030322	169	8	37	469.37
-2.094395	1.195355	1.200319	166	25	33	469.37
2.356194	1.247695	1.809890	180	8	42	469.33
-1.308997	2.104282	-0.813972	172	23	38	469.31
0.523599	0.866395	-2.492918	183	12	41	469.31
-2.879793	1.809167	1.213774	184	9	51	469.31
-0.785398	2.456751	-1.503343	171	5	27	469.30
-2.094395	0.619654	-2.216909	177	20	50	469.28
2.356194	0.914445	2.687814	173	30	32	469.22
0.785398	0.961715	0.014085	173	7	34	469.19
1.047198	1.606104	-0.451151	179	7	40	469.17
2.879793	2.187132	-0.479875	51	189	168	469.16
0.261799	2.379497	0.561089	187	16	45	469.15
1.047198	2.343981	-1.040456	171	33	29	469.13
-2.617994	1.168678	2.108595	174	30	38	469.10
-2.879793	1.574060	2.783565	169	24	32	469.09
-0.261799	0.866395	-2.492918	182	5	44	469.08
-1.832596	1.391910	3.030322	164	13	33	469.08
-2.356194	1.812176	0.656819	184	10	49	469.03
1.570796	2.247462	0.191623	174	33	47	469.03
1.047198	0.379747	-1.713059	180	17	49	469.01
-2.879793	1.870545	-2.976234	169	14	38	469.00
-2.356194	1.699788	2.452890	169	16	28	468.99
-0.785398	0.960688	-0.577532	170	10	39	468.99
0.523599	1.741644	-2.695914	164	27	27	468.99
-1.570796	0.591903	2.010408	173	20	45	468.87
1.832596	1.450119	-2.739050	181	32	42	468.86
-2.879793	2.637879	2.121598	188	22	40	468.83
-2.094395	2.001437	0.381215	183	8	48	468.83
1.832596	2.579248	-2.364801	166	3	37	468.82
1.308997	2.455966	-0.641220	178	3	33	468.82
1.308997	0.619654	-2.216909	179	27	46	468.81
-1.832596	1.504028	0.636812	186	35	24	468.80
0.523599	0.080730	-2.622036	181	13	42	468.80
-2.094395	2.349581	-2.702517	171	9	37	468.79
0.261799	1.214854	-1.966664	182	6	40	468.75
-2.356194	1.809167	1.213774	188	10	52	468.68
1.047198	2.863997	0.549740	190	24	47	468.66
0.261799	1.301460	-0.509251	169	13	39	468.66
-2.879793	0.619654	-2.216909	175	16	46	468.64
2.617994	1.875281	0.107086	32	7	184	468.62
0.785398	0.674054	1.013609	188	13	45	468.61
0.000000	1.168678	2.108595	173	23	38	468.59
0.785398	1.014500	0.906702	24	190	2	468.56
-1.047198	1.128190	-2.288622	177	12	46	468.56
-2.094395	1.045978	0.343692	173	33	40	468.55
2.879793	2.760637	2.781135	169	21	34	468.54
-1.308997	1.128190	-2.288622	175	15	46	468.50
2.617994	2.579248	-2.364801	180	188	37	468.50
-2.879793	1.506530	1.988858	174	28	28	468.50
-2.879793	1.325504	-1.671296	182	17	48	468.49
2.879793	0.640596	-2.797608	173	25	45	468.48
-0.523599	2.587733	0.232235	6	16	48	468.45
1.047198	2.247462	0.191623	181	21	37	468.44
1.570796	0.864993	2.278281	182	15	36	468.44
-3.141593	0.864993	2.278281	175	27	37	468.40
2.879793	2.881233	-2.582574	171	27	31	468.35
1.047198	2.396274	-1.959260	0	16	44	468.35
1.047198	1.982574	-1.115518	181	29	33	468.34
-2.879793	1.569311	-3.003978	31	182	185	468.33
0.523599	1.506530	1.988858	19	182	5	468.26
0.785398	2.393226	1.857173	175	9	48	468.22
-2.879793	1.247695	1.809890	174	25	26	468.21
0.785398	0.619654	-2.216909	46	177	182	468.21
-2.617994	1.904882	-1.478089	174	24	37	468.19
-2.617994	1.599406	1.426070	179	18	31	468.15
-2.617994	1.510910	-0.740472	175	33	37	468.14
1.047198	2.984978	1.954446	171	28	28	468.13
0.523599	1.510910	-0.740472	170	11	40	468.11
-0.785398	0.899350	-2.069907	176	7	43	468.10
1.047198	1.662363	0.915448	177	19	40	468.10
-1.047198	0.992645	-1.723759	172	10	44	468.09
-3.141593	2.393226	1.857173	43	184	169	468.09
2.879793	1.488617	1.159546	178	6	49	468.09
-1.832596	1.658653	-2.409879	174	15	44	468.08
0.785398	1.374601	-2.456031	189	10	38	468.06
-2.879793	2.299159	2.264663	190	17	38	468.05
0.523599	0.866395	-2.492918	184	12	42	468.04
0.000000	0.640596	-2.797608	186	9	47	468.03
2.879793	2.407836	1.410646	184	20	55	468.01
-1.570796	2.979456	-1.009304	170	26	34	467.99
1.308997	1.606104	-0.451151	178	25	35	467.98
2.617994	1.869911	2.701025	168	22	31	467.96
1.570796	0.831641	0.616218	191	18	44	467.96
-0.785398	0.899350	-2.069907	180	12	49	467.87
0.261799	1.194549	-0.801900	171	9	37	467.86
0.785398	0.370812	-2.547742	181	19	46	467.84
-0.261799	2.664082	-1.071402	187	20	35	467.80
1.047198	2.704512	1.488683	169	21	23	467.80
2.617994	2.579248	-2.364801	176	30	36	467.78
1.570796	2.073035	2.027405	176	27	25	467.75
2.879793	1.510910	-0.740472	179	23	34	467.72
-2.617994	2.455966	-0.641220	175	6	40	467.70
-0.261799	0.864993	2.278281	175	28	35	467.68
0.261799	1.195355	1.200319	184	4	38	467.65
1.047198	2.299159	2.264663	184	30	28	467.60
2.879793	2.704512	1.488683	187	17	38	467.57
-2.356194	2.247462	0.191623	176	8	47	467.57
-1.047198	1.554776	0.100351	44	173	1	467.55
-2.094395	0.591903	2.010408	166	19	38	467.54
1.047198	1.721184	-0.153948	180	24	36	467.50
1.047198	0.379747	-1.713059	181	17	50	467.48
-0.261799	1.450119	-2.739050	180	0	35	467.46
2.094395	2.704512	1.488683	188	19	51	467.43
1.832596	2.295480	1.008277	183	16	42	467.39
0.000000	1.417623	-0.202254	189	19	37	467.35
1.308997	0.700570	1.559208	163	19	35	467.34
-1.308997	2.637879	2.121598	175	24	41	467.32
1.047198	1.135834	-1.431087	178	20	47	467.31
2.356194	2.984978	1.954446	1	18	47	467.31
-0.261799	1.824694	1.850876	176	19	41	467.30
-0.785398	0.571433	-1.188419	183	25	48	467.28
1.308997	2.478122	2.609777	181	30	29	467.27
2.617994	2.041297	-2.664597	181	13	30	467.26
2.094395	1.554776	0.100351	163	23	39	467.26
-1.570796	0.640596	-2.797608	173	10	45	467.24
-1.570796	0.960688	-0.577532	170	19	42	467.23
-1.832596	2.588535	-2.976617	2	28	39	467.23
1.570796	2.393226	1.857173	183	6	47	467.20
-1.570796	0.674054	1.013609	164	20	38	467.19
2.879793	1.242974	-2.977882	172	19	40	467.18
-1.570796	2.041297	-2.664597	2	31	30	467.18
1.570796	2.041297	-2.664597	162	171	185	467.18
-0.261799	2.187132	-0.479875	189	18	36	467.15
2.094395	2.063651	-2.044600	166	2	25	467.12
1.570796	2.863997	0.549740	189	21	40	467.09
-2.356194	0.906588	1.252948	190	4	35	467.01
-3.141593	0.418037	1.360082	182	20	43	466.98
0.523599	1.510910	-0.740472	167	12	34	466.98
-1.832596	0.458961	-0.107937	177	14	38	466.97
0.261799	2.724429	-0.348782	191	30	43	466.94
-0.785398	0.640596	-2.797608	32	187	160	466.92
2.356194	1.195355	1.200319	165	6	41	466.90
2.356194	2.984978	1.954446	0	19	47	466.89
-2.879793	1.683268	0.374177	174	5	44	466.89
-1.047198	1.824694	1.850876	183	29	48	466.86
2.617994	1.247695	1.809890	189	27	39	466.80
2.617994	2.455966	-0.641220	5	19	38	466.79
1.308997	2.089241	-0.114193	182	20	32	466.79
-2.356194	0.831641	0.616218	176	17	37	466.75
-0.523599	2.073035	2.027405	171	27	46	466.75
0.261799	0.290380	-0.796960	176	13	45	466.69
2.879793	1.135834	-1.431087	181	11	45	466.66
-2.356194	1.836682	-0.676006	181	30	40	466.66
0.523599	0.850607	-1.335383	176	17	46	466.65
-3.141593	2.180315	-1.357379	183	25	40	466.64
2.617994	0.615174	-0.666022	187	14	44	466.62
-3.141593	2.579248	-2.364801	174	27	40	466.60
-2.617994	1.433411	-1.035986	179	23	40	466.56
-0.785398	0.762244	-0.273349	167	14	42	466.54
-2.356194	1.168678	2.108595	171	27	38	466.52
2.356194	1.242974	-2.977882	175	29	39	466.48
-1.047198	1.809167	1.213774	36	182	12	466.48
-2.094395	2.760637	2.781135	188	26	39	466.48
2.094395	2.393226	1.857173	184	10	51	466.46
1.570796	2.478122	2.609777	178	29	29	466.44
1.308997	2.760637	2.781135	182	30	31	466.44
0.785398	1.025536	1.576859	166	21	35	466.43
0.000000	1.732874	-0.951685	188	22	32	466.41
0.261799	1.721184	-0.153948	167	10	33	466.40
-1.570796	0.418037	1.360082	168	17	42	466.39
-2.617994	0.591903	2.010408	29	185	5	466.39
-1.570796	1.721184	-0.153948	165	28	32	466.36
-3.141593	2.041297	-2.664597	184	7	26	466.32
0.785398	1.014500	0.906702	174	37	40	466.29
2.094395	1.977582	0.969896	172	19	51	466.28
2.094395	1.824694	1.850876	175	6	48	466.28
-2.617994	1.195355	1.200319	189	189	38	466.27
2.094395	2.115563	0.685730	171	24	51	466.26
0.785398	1.367556	0.358405	178	24	37	466.26
-2.094395	1.617114	-1.572037	172	26	43	466.22
2.094395	2.979456	-1.009304	5	13	36	466.22
2.094395	2.592629	0.909713	46	181	172	466.17
1.308997	2.393226	1.857173	176	28	26	466.11
1.832596	2.033014	2.977192	181	7	36	466.07
-1.832596	2.719179	-1.780644	169	19	38	466.01
0.785398	1.450119	-2.739050	184	15	34	465.97
2.879793	0.914445	2.687814	180	30	42	465.96
2.094395	2.592629	0.909713	182	23	45	465.95
1.047198	1.504028	0.636812	177	21	38	465.95
0.785398	0.960688	-0.577532	47	189	166	465.94
-0.261799	1.554776	0.100351	189	20	39	465.90
-2.879793	1.135813	-2.658866	168	11	38	465.85
-1.308997	1.812176	0.656819	185	14	45	465.82
0.261799	0.733948	3.021411	163	19	21	465.78
-2.094395	2.881233	-2.582574	6	19	41	465.78
1.832596	1.948085	-2.363031	186	26	46	465.75
-2.356194	2.664082	-1.071402	175	31	35	465.73
-1.308997	0.379747	-1.713059	178	16	46	465.70
-3.141593	0.571433	-1.188419	184	13	45	465.67
1.832596	1.256302	0.062705	188	8	34	465.62
0.523599	1.014500	0.906702	45	168	173	465.61
-0.523599	1.741644	-2.695914	179	6	37	465.61
-2.356194	2.664082	-1.071402	177	30	36	465.59
0.785398	1.113094	-0.272241	172	9	38	465.59
0.261799	1.875281	0.107086	2	31	44	465.58
1.047198	1.510910	-0.740472	175	7	40	465.57
-0.785398	2.379497	0.561089	180	12	41	465.57
-3.141593	0.866955	-0.931351	187	27	48	465.53
-0.785398	1.374601	-2.456031	178	9	43	465.52
0.261799	1.310100	1.488307	174	29	44	465.52
0.261799	1.045978	0.343692	186	21	39	465.52
-2.356194	1.391910	3.030322	169	13	36	465.47
0.785398	2.984978	1.954446	174	30	28	465.39
0.261799	2.063651	-2.044600	173	38	27	465.38
2.617994	0.618092	2.539118	183	29	45	465.37
0.785398	1.824694	1.850876	169	16	47	465.34
1.832596	1.569311	-3.003978	183	15	31	465.29
-2.879793	1.184361	0.625864	176	189	38	465.20
-0.785398	0.290380	-0.796960	176	17	46	465.14
-1.570796	2.174483	2.653697	188	31	42	465.09
-0.785398	0.080730	-2.622036	179	16	46	465.06
-2.356194	1.413430	2.550734	168	16	31	465.04
0.785398	1.756530	-2.105156	182	17	45	465.04
-3.141593	0.864993	2.278281	174	28	37	465.02
-1.832596	1.367556	0.358405	171	23	38	465.00
1.047198	1.184361	0.625864	174	22	34	465.00
1.832596	0.899350	-2.069907	42	178	156	464.99
-1.047198	2.407836	1.410646	176	16	50	464.98
1.047198	2.455966	-0.641220	182	24	36	464.96
0.000000	1.812176	0.656819	186	21	44	464.95
-0.785398	1.450119	-2.739050	177	4	39	464.94
0.261799	1.617114	-1.572037	179	8	42	464.93
2.094395	1.168678	2.108595	178	7	39	464.92
0.000000	0.992645	-1.723759	44	178	168	464.92
-1.308997	1.545873	-1.877082	166	10	38	464.91
1.570796	0.992645	-1.723759	173	13	42	464.91
1.308997	1.909857	-0.381669	179	24	36	464.85
0.523599	1.413347	-1.339188	170	16	40	464.82
-2.356194	1.909857	-0.381669	180	4	38	464.81
-1.570796	2.041297	-2.664597	180	9	43	464.77
-0.261799	1.809167	1.213774	183	25	50	464.75
2.617994	1.440580	2.260026	188	9	40	464.74
1.308997	0.992645	-1.723759	37	177	9	464.68
-1.832596	1.367556	0.358405	184	5	38	464.65
2.356194	1.184361	0.625864	163	12	39	464.62
1.832596	1.875281	0.107086	183	3	28	464.60
0.523599	1.846342	-1.796954	178	14	44	464.60
-2.617994	1.135834	-1.431087	31	184	9	464.56
-1.047198	1.662363	0.915448	191	19	48	464.56
-1.047198	1.948085	-2.363031	40	170	182	464.50
1.308997	0.615174	-0.666022	173	11	41	464.49
2.094395	2.115563	0.685730	171	23	50	464.46
1.308997	2.104282	-0.813972	167	33	30	464.45
-1.570796	1.374601	-2.456031	170	16	42	464.43
-2.356194	0.496451	0.593859	179	14	36	464.43
-1.308997	1.732874	-0.951685	37	172	184	464.42
2.356194	0.290380	-0.796960	185	12	48	464.42
-1.047198	1.135813	-2.658866	175	7	44	464.41
2.879793	0.290380	-0.796960	183	17	48	464.41
2.356194	0.297065	2.160177	184	17	43	464.40
1.308997	0.700570	1.559208	163	18	35	464.40
2.356194	1.247695	1.809890	185	21	38	464.34
2.617994	1.128190	-2.288622	173	23	45	464.33
1.832596	2.456751	-1.503343	2	15	43	464.33
1.308997	1.869911	2.701025	182	30	29	464.32
1.308997	2.295480	1.008277	179	23	51	464.30
0.785398	1.045978	0.343692	179	35	37	464.28
-1.570796	2.180315	-1.357379	177	27	44	464.28
-1.570796	2.404280	-0.174044	185	2	42	464.24
0.523599	2.295480	1.008277	182	15	46	464.20
-2.617994	1.696674	-1.253233	178	24	42	464.20
0.000000	0.379747	-1.713059	44	173	172	464.19
-2.094395	2.033014	2.977192	181	24	33	464.17
-0.261799	1.599406	1.426070	179	27	46	464.11
-2.094395	0.700570	1.559208	168	24	42	464.11
1.047198	2.041297	-2.664597	160	14	28	464.09
-0.523599	1.218453	2.777284	176	14	37	464.08
-1.047198	1.809167	1.213774	37	182	12	464.06
-3.141593	1.504028	0.636812	183	34	36	464.05
-1.832596	1.555207	1.708892	167	22	33	464.04
-1.832596	1.554776	0.100351	171	20	36	464.03
-2.879793	1.948085	-2.363031	169	19	41	464.00
0.523599	0.831641	0.616218	183	41	35	463.97
1.047198	2.033014	2.977192	163	8	34	463.94
-1.308997	0.458961	-0.107937	171	19	44	463.94
-2.617994	1.450119	-2.739050	160	183	3	463.93
0.523599	1.413430	2.550734	161	20	34	463.91
1.308997	2.396274	-1.959260	3	20	43	463.90
0.000000	2.104282	-0.813972	189	21	34	463.86
1.308997	0.619654	-2.216909	180	25	47	463.84
1.832596	1.256302	0.062705	188	1	31	463.80
-1.832596	1.050534	3.042579	19	174	2	463.78
1.047198	1.113094	-0.272241	38	177	3	463.74
-3.141593	2.393226	1.857173	43	183	168	463.73
2.879793	1.977582	0.969896	174	13	52	463.71
-2.356194	1.433411	-1.035986	170	25	35	463.71
2.617994	1.662363	0.915448	169	10	48	463.66
0.261799	2.108018	1.311430	177	17	47	463.64
0.523599	1.413430	2.550734	164	27	37	463.64
-1.832596	1.809167	1.213774	186	14	49	463.62
0.000000	2.295480	1.008277	181	14	45	463.61
2.617994	0.866395	-2.492918	170	20	42	463.60
0.000000	1.045978	0.343692	189	24	39	463.59
-0.261799	0.961715	0.014085	171	4	39	463.58
1.047198	1.413347	-1.339188	177	14	46	463.53
0.785398	2.704512	1.488683	177	30	29	463.50
-2.879793	1.869911	2.701025	174	27	31	463.49
2.094395	1.391910	3.030322	185	5	31	463.48
2.617994	1.948085	-2.363031	182	15	28	463.43
-1.832596	1.824694	1.850876	189	23	48	463.42
-1.832596	0.370812	-2.547742	176	12	47	463.39
2.617994	2.089241	-0.114193	165	18	42	463.38
0.261799	1.741644	-2.695914	167	33	27	463.35
-0.785398	1.982574	-1.115518	169	16	40	463.25
2.356194	0.640596	-2.797608	182	27	47	463.25
0.000000	0.618092	2.539118	180	8	43	463.22
2.879793	1.506530	1.988858	188	2	45	463.21
1.832596	1.662363	0.915448	166	20	47	463.20
-2.356194	0.290380	-0.796960	175	18	41	463.20
0.261799	1.721184	-0.153948	188	27	38	463.20
2.879793	1.433411	-1.035986	187	14	41	463.19
1.570796	2.063651	-2.044600	190	23	46	463.19
2.879793	1.050534	3.042579	40	169	180	463.16
-1.047198	1.134796	2.434290	172	16	39	463.15
1.308997	0.709924	0.218797	183	6	38	463.09
-2.356194	2.180315	-1.357379	174	25	39	463.05
-3.141593	2.073035	2.027405	1	14	51	463.03
-0.261799	1.569311	-3.003978	172	24	28	463.00
0.261799	1.218453	2.777284	179	164	2	462.99
-2.094395	2.404280	-0.174044	180	7	44	462.97
-1.570796	1.374601	-2.456031	169	15	42	462.93
1.047198	2.863997	0.549740	0	24	49	462.93
-2.356194	1.836682	-0.676006	34	190	2	462.89
1.570796	1.824694	1.850876	169	10	48	462.88
-0.523599	1.014500	0.906702	171	5	37	462.86
1.570796	0.866395	-2.492918	174	27	42	462.81
-2.094395	0.685216	-1.712745	170	21	39	462.74
-2.879793	0.914445	2.687814	172	24	39	462.72
0.785398	1.869911	2.701025	162	13	36	462.70
2.617994	1.506530	1.988858	186	23	37	462.68
0.261799	1.870545	-2.976234	164	28	31	462.67
-2.356194	1.998705	2.370472	190	22	40	462.66
0.785398	1.545873	-1.877082	45	178	170	462.66
-3.141593	1.696674	-1.253233	185	20	45	462.63
-2.879793	1.869911	2.701025	176	32	30	462.60
-1.308997	1.128190	-2.288622	175	16	45	462.58
-1.308997	1.214854	-1.966664	171	12	45	462.53
-1.832596	1.218453	2.777284	163	13	32	462.51
0.261799	1.909857	-0.381669	189	27	38	462.50
0.261799	0.640596	-2.797608	174	165	8	462.48
-3.141593	1.545873	-1.877082	176	18	45	462.47
0.000000	1.836682	-0.676006	169	12	39	462.46
2.879793	0.203748	0.590255	183	21	47	462.43
-1.047198	0.496451	0.593859	168	15	43	462.37
-2.617994	0.618092	2.539118	170	21	41	462.34
0.261799	2.343981	-1.040456	184	38	33	462.34
0.523599	2.393226	1.857173	176	13	52	462.32
0.261799	0.866955	-0.931351	172	14	44	462.31
2.094395	1.247695	1.809890	185	20	38	462.30
-1.570796	2.592629	0.909713	35	173	190	462.29
-3.141593	2.455966	-0.641220	4	28	38	462.27
0.523599	1.194549	-0.801900	169	14	41	462.26
1.570796	2.089241	-0.114193	169	33	41	462.24
0.785398	1.214854	-1.966664	39	183	160	462.22
0.261799	0.864993	2.278281	165	23	27	462.21
2.879793	1.982574	-1.115518	188	19	41	462.18
-2.617994	0.992645	-1.723759	27	179	9	462.13
-2.094395	1.658653	-2.409879	167	168	8	462.13
-3.141593	1.982574	-1.115518	188	21	42	462.11
-2.356194	1.506530	1.988858	171	27	33	462.11
-2.356194	1.869911	2.701025	169	16	30	462.05
1.570796	0.914445	2.687814	168	5	29	462.02
0.261799	1.050534	3.042579	183	9	40	461.96
-2.094395	2.979456	-1.009304	183	0	40	461.96
-2.356194	1.440580	2.260026	168	23	32	461.93
-0.261799	0.619654	-2.216909	186	15	50	461.87
-3.141593	1.448123	-2.163292	172	16	43	461.87
-2.094395	1.440580	2.260026	163	20	29	461.86
-2.617994	1.948085	-2.363031	169	15	39	461.86
0.785398	1.413430	2.550734	163	22	37	461.84
-2.879793	1.195355	1.200319	184	10	43	461.75
-2.356194	1.875281	0.107086	178	190	41	461.74
1.047198	0.419640	2.974122	188	15	46	461.72
1.832596	0.618092	2.539118	187	17	41	461.71
0.523599	1.014500	0.906702	180	38	40	461.67
-0.785398	1.555207	1.708892	185	31	47	461.64
-1.047198	0.290380	-0.796960	179	11	37	461.60
2.094395	1.134796	2.434290	182	17	35	461.57
-0.785398	1.214854	-1.966664	176	9	46	461.57
0.785398	1.135834	-1.431087	170	16	39	461.55
1.308997	1.433411	-1.035986	182	13	47	461.55
0.785398	1.766067	2.153843	165	15	43	461.55
0.785398	2.153910	-1.714959	168	34	29	461.54
-1.832596	1.569311	-3.003978	48	189	181	461.51
-2.356194	1.569311	-3.003978	169	8	35	461.48
-0.261799	1.875281	0.107086	170	11	31	461.45
2.356194	0.831641	0.616218	162	11	33	461.42
-2.617994	0.618092	2.539118	168	23	41	461.38
-1.832596	2.349581	-2.702517	3	24	33	461.37
-1.570796	2.251330	-2.330739	4	28	30	461.37
-2.356194	1.909857	-0.381669	178	25	34	461.37
-2.356194	1.875281	0.107086	178	189	38	461.35
0.523599	2.187132	-0.479875	186	23	36	461.34
-2.879793	0.591903	2.010408	173	24	38	461.29
-2.356194	2.719179	-1.780644	168	24	34	461.29
0.523599	1.391910	3.030322	161	18	24	461.24
-2.617994	1.741644	-2.695914	168	12	38	461.22
2.094395	1.135834	-1.431087	178	13	46	461.19
-1.308997	2.108018	1.311430	181	19	51	461.17
2.356194	0.850607	-1.335383	175	8	41	461.13
-0.785398	1.662363	0.915448	188	19	45	461.08
0.261799	0.910508	1.903534	181	6	39	461.04
0.523599	1.134497	-1.109631	47	171	176	460.99
-0.785398	0.640596	-2.797608	32	185	159	460.96
-2.094395	0.929350	-2.910676	165	17	41	460.96
0.261799	1.870545	-2.976234	0	19	38	460.94
0.523599	2.588535	-2.976617	164	20	41	460.93
-2.356194	1.433411	-1.035986	171	29	38	460.93
-2.094395	1.904882	-1.478089	175	156	170	460.92
0.523599	1.545873	-1.877082	177	18	44	460.91
-1.570796	1.488617	1.159546	168	17	35	460.90
0.000000	1.310100	1.488307	177	24	41	460.90
-0.523599	1.014500	0.906702	174	7	40	460.87
0.785398	1.982574	-1.115518	173	36	24	460.87
0.523599	2.379497	0.561089	189	18	46	460.86
-1.832596	2.379497	0.561089	37	170	187	460.82
2.094395	2.881233	-2.582574	174	191	41	460.79
-3.141593	0.591903	2.010408	179	27	44	460.75
-2.094395	1.310100	1.488307	165	26	33	460.74
2.879793	2.456751	-1.503343	186	25	39	460.73
2.617994	0.591903	2.010408	183	17	38	460.72
-3.141593	0.929350	-2.910676	178	34	44	460.69
1.570796	0.733948	3.021411	185	21	40	460.69
-2.356194	1.569311	-3.003978	170	17	38	460.68
2.356194	1.554776	0.100351	162	19	39	460.62
-0.261799	1.766067	2.153843	174	20	38	460.61
0.261799	1.325504	-1.671296	181	4	38	460.59
-3.141593	1.045978	0.343692	166	1	32	460.58
0.261799	1.510910	-0.740472	189	29	32	460.56
-1.308997	1.574060	2.783565	160	171	189	460.52
-2.879793	1.658653	-2.409879	169	17	43	460.46
1.832596	2.041297	-2.664597	167	0	30	460.46
2.094395	2.033014	2.977192	177	188	37	460.45
0.000000	0.618092	2.539118	179	8	42	460.44
1.832596	2.089241	-0.114193	166	29	41	460.42
1.047198	1.756530	-2.105156	187	24	47	460.41
-2.617994	1.448123	-2.163292	175	14	46	460.40
2.617994	1.741644	-2.695914	176	160	182	460.33
-2.356194	1.014500	0.906702	178	16	33	460.33
-0.523599	2.138223	1.678323	178	22	52	460.25
1.308997	2.104282	-0.813972	183	6	41	460.25
0.523599	2.349581	-2.702517	163	23	34	460.23
1.832596	1.488617	1.159546	165	16	45	460.20
-1.047198	1.184361	0.625864	163	12	31	460.18
-0.523599	1.599406	1.426070	185	29	49	460.17
1.308997	1.574060	2.783565	183	30	31	460.16
-2.356194	1.875281	0.107086	177	190	39	460.16
-3.141593	2.407836	1.410646	184	20	55	460.16
1.308997	1.658653	-2.409879	187	29	44	460.14
0.261799	0.619654	-2.216909	181	12	44	460.12
0.261799	1.218453	2.777284	161	24	26	460.10
0.785398	1.683268	0.374177	179	23	38	460.08
2.356194	0.850607	-1.335383	176	8	42	460.05
-0.523599	1.662363	0.915448	187	22	46	460.03
-2.617994	2.704512	1.488683	182	20	33	460.02
-0.261799	1.569311	-3.003978	171	161	191	459.97
2.879793	1.736875	3.023612	182	36	33	459.96
1.832596	1.683268	0.374177	164	26	40	459.95
-1.047198	0.899350	-2.069907	178	14	49	459.94
1.047198	1.699788	2.452890	187	30	28	459.89
-0.523599	0.640596	-2.797608	171	164	10	459.88
2.356194	0.370812	-2.547742	182	26	50	459.87
-1.047198	0.899350	-2.069907	178	13	48	459.86
1.570796	1.195355	1.200319	166	22	44	459.84
-0.523599	0.733948	3.021411	31	189	164	459.70
1.308997	1.756530	-2.105156	186	24	47	459.64
-3.141593	2.033014	2.977192	168	16	35	459.63
-0.785398	1.599406	1.426070	187	27	49	459.62
-2.094395	2.001437	0.381215	181	1	44	459.61
0.523599	0.866955	-0.931351	172	20	44	459.61
-2.617994	1.982574	-1.115518	184	26	44	459.57
0.523599	0.618092	2.539118	171	19	33	459.57
1.570796	1.909857	-0.381669	179	2	29	459.57
0.785398	1.325504	-1.671296	28	183	10	459.56
2.094395	0.290380	-0.796960	187	16	51	459.54
-2.617994	1.310100	1.488307	172	24	23	459.53
1.570796	0.203748	0.590255	181	16	44	459.51
2.094395	2.579248	-2.364801	170	191	37	459.48
-0.523599	1.128190	-2.288622	176	4	42	459.47
2.356194	2.664082	-1.071402	4	16	39	459.47
0.000000	2.379497	0.561089	175	29	27	459.45
2.879793	0.864993	2.278281	177	28	37	459.44
2.356194	0.733948	3.021411	184	30	45	459.42
-0.261799	2.247462	0.191623	7	23	47	459.39
0.523599	1.545873	-1.877082	30	180	9	459.39
1.047198	2.153910	-1.714959	189	16	45	459.38
-0.523599	0.992645	-1.723759	183	23	47	459.30
2.879793	2.089241	-0.114193	165	13	42	459.30
-2.617994	1.875281	0.107086	176	4	43	459.29
-2.094395	1.836682	-0.676006	171	165	189	459.28
2.879793	1.325504	-1.671296	187	33	44	459.27
-2.094395	1.413430	2.550734	163	19	32	459.27
-1.570796	0.418037	1.360082	167	16	39	459.25
-1.308997	1.982574	-1.115518	33	182	188	459.25
-0.785398	0.960688	-0.577532	166	13	41	459.24
-1.570796	2.180315	-1.357379	179	28	43	459.24
-2.617994	1.450119	-2.739050	173	22	42	459.23
0.261799	1.545873	-1.877082	183	3	38	459.22
1.308997	2.456751	-1.503343	0	13	42	459.22
1.308997	0.615174	-0.666022	182	13	48	459.20
-2.879793	1.574060	2.783565	173	28	34	459.20
-0.785398	0.290380	-0.796960	181	10	38	459.15
-2.879793	1.218453	2.777284	166	20	32	459.13
0.523599	1.824694	1.850876	168	18	42	459.12
-1.047198	2.704512	1.488683	172	14	48	459.11
1.047198	2.041297	-2.664597	162	13	25	459.08
0.000000	0.685216	-1.712745	44	174	172	459.07
-1.047198	1.135813	-2.658866	176	11	44	459.06
-3.141593	1.766067	2.153843	171	25	25	459.04
-1.832596	0.379747	-1.713059	174	17	43	458.97
-2.356194	1.846342	-1.796954	176	20	47	458.97
2.879793	1.555207	1.708892	184	3	47	458.96
-0.261799	1.050534	3.042579	172	26	30	458.95
-0.785398	0.615174	-0.666022	170	16	45	458.94
1.832596	2.251330	-2.330739	159	170	185	458.91
2.879793	1.766067	2.153843	186	25	35	458.89
0.261799	1.135834	-1.431087	46	178	167	458.88
-2.879793	0.992645	-1.723759	178	19	46	458.87
-1.308997	2.187132	-0.479875	172	28	37	458.85
1.570796	1.194549	-0.801900	181	9	44	458.79
-2.617994	2.001437	0.381215	176	7	48	458.76
-2.094395	1.545873	-1.877082	171	21	44	458.76
-1.832596	0.762244	-0.273349	172	16	40	458.67
2.094395	1.367556	0.358405	163	19	39	458.66
1.047198	1.756530	-2.105156	165	25	22	458.63
-2.356194	1.184361	0.625864	182	10	41	458.63
0.261799	1.218453	2.777284	182	13	37	458.61
-2.356194	1.545873	-1.877082	179	16	48	458.60
0.523599	1.658653	-2.409879	185	20	42	458.58
0.261799	2.187132	-0.479875	187	21	35	458.52
2.617994	1.909857	-0.381669	162	14	35	458.52
1.047198	1.510910	-0.740472	172	6	34	458.49
-1.047198	2.247462	0.191623	187	9	43	458.48
-1.047198	1.510910	-0.740472	170	19	41	458.45
2.094395	0.640596	-2.797608	186	27	48	458.44
-0.785398	1.335669	0.897240	181	18	39	458.43
1.047198	1.325504	-1.671296	27	182	10	458.43
-0.261799	0.929350	-2.910676	181	4	43	458.37
-0.523599	0.960688	-0.577532	169	9	42	458.36
2.879793	1.824694	1.850876	187	7	50	458.35
-0.785398	2.979456	-1.009304	168	16	34	458.34
-2.879793	1.875281	0.107086	171	4	42	458.31
2.356194	2.984978	1.954446	3	17	46	458.29
2.879793	2.455966	-0.641220	170	19	39	458.27
0.785398	2.664082	-1.071402	177	4	36	458.27
-1.047198	0.700570	1.559208	159	167	6	458.24
1.832596	1.195355	1.200319	167	18	44	458.24
-1.308997	2.115563	0.685730	183	10	45	458.21
-0.785398	0.992645	-1.723759	175	7	43	458.18
0.261799	2.251330	-2.330739	171	26	27	458.14
-0.261799	1.606104	-0.451151	0	23	35	458.13
-3.141593	0.850607	-1.335383	183	19	46	458.12
-0.523599	0.866395	-2.492918	178	5	43	458.10
-0.261799	2.704512	1.488683	174	9	47	458.10
-1.570796	1.569311	-3.003978	164	9	31	458.04
0.000000	1.433411	-1.035986	174	15	44	458.04
-0.261799	2.153910	-1.714959	177	8	41	458.03
-3.141593	2.108018	1.311430	183	16	54	457.96
-0.523599	2.979456	-1.009304	5	22	43	457.95
-1.570796	2.984978	1.954446	174	28	50	457.94
-2.094395	1.195355	1.200319	167	24	32	457.94
-0.261799	2.343981	-1.040456	189	21	33	457.90
-2.094395	1.242974	-2.977882	166	19	41	457.87
-0.523599	0.866395	-2.492918	179	5	44	457.85
1.570796	0.866395	-2.492918	182	27	46	457.82
2.356194	0.899350	-2.069907	172	19	45	457.78
1.832596	1.741644	-2.695914	165	163	182	457.76
2.617994	0.685216	-1.712745	176	12	45	457.72
-3.141593	2.063651	-2.044600	182	11	30	457.72
0.785398	2.587733	0.232235	189	29	48	457.72
-0.523599	1.683268	0.374177	164	163	188	457.72
2.617994	1.982574	-1.115518	180	24	32	457.66
2.356194	1.128190	-2.288622	184	28	46	457.60
-0.261799	1.554776	0.100351	168	165	191	457.57
2.879793	2.456751	-1.503343	174	9	34	457.55
-1.047198	1.872854	1.543456	184	24	50	457.53
-2.617994	2.356369	3.005869	169	11	36	457.53
0.000000	0.370812	-2.547742	186	14	49	457.44
-1.570796	2.164094	-2.991358	0	33	34	457.42
2.094395	1.440580	2.260026	172	190	38	457.42
-2.094395	2.637879	2.121598	181	27	40	457.37
-2.356194	2.187132	-0.479875	178	1	39	457.36
2.356194	1.812176	0.656819	168	17	48	457.34
-2.617994	2.478122	2.609777	190	21	38	457.33
-3.141593	0.640596	-2.797608	173	23	46	457.33
0.523599	0.379747	-1.713059	181	17	49	457.32
1.308997	1.510910	-0.740472	176	4	35	457.29
1.308997	1.699788	2.452890	183	30	28	457.29
-2.356194	1.413347	-1.339188	168	29	36	457.29
-3.141593	1.391910	3.030322	42	172	184	457.28
0.000000	2.704512	1.488683	176	7	46	457.28
0.261799	1.113094	-0.272241	189	20	37	457.22
2.879793	0.992645	-1.723759	43	190	183	457.18
0.261799	1.510910	-0.740472	171	7	35	457.18
-2.094395	2.180315	-1.357379	174	24	42	457.06
-1.832596	2.343981	-1.040456	171	25	36	457.05
-1.308997	2.295480	1.008277	179	13	50	457.05
1.832596	2.979456	-1.009304	4	12	36	457.03
2.879793	1.696674	-1.253233	187	16	42	457.02
-2.094395	1.836682	-0.676006	182	190	29	456.97
2.617994	1.870545	-2.976234	182	8	29	456.97
-0.261799	2.393226	1.857173	170	18	47	456.95
-2.094395	0.910508	1.903534	164	21	35	456.93
-0.261799	1.168678	2.108595	180	14	39	456.89
-2.356194	1.413347	-1.339188	170	25	35	456.86
-0.523599	1.872854	1.543456	182	26	51	456.86
-0.261799	2.979456	-1.009304	2	27	44	456.86
1.047198	1.247695	1.809890	164	22	43	456.85
1.047198	0.929350	-2.910676	188	15	41	456.83
0.000000	0.864993	2.278281	174	29	36	456.68
0.785398	2.456751	-1.503343	169	34	33	456.63
2.879793	2.104282	-0.813972	167	12	34	456.63
2.094395	2.251330	-2.330739	168	191	30	456.62
1.047198	1.545873	-1.877082	183	22	47	456.61
-0.261799	1.824694	1.850876	172	26	45	456.60
2.094395	1.488617	1.159546	165	12	45	456.60
0.785398	0.496451	0.593859	183	5	43	456.57
-2.617994	1.168678	2.108595	173	29	37	456.54
-1.047198	1.836682	-0.676006	170	25	40	456.53
-2.879793	1.662363	0.915448	180	4	48	456.53
-1.570796	2.295480	1.008277	179	12	50	456.45
2.094395	1.506530	1.988858	171	1	41	456.45
2.879793	1.869911	2.701025	186	8	31	456.44
1.047198	0.203748	0.590255	184	8	45	456.43
0.261799	1.325504	-1.671296	180	10	44	456.41
-1.308997	2.063651	-2.044600	179	18	46	456.41
-3.141593	0.419640	2.974122	170	24	44	456.39
1.047198	1.736875	3.023612	175	18	31	456.38
1.570796	1.658653	-2.409879	185	29	45	456.34
-0.523599	0.619654	-2.216909	185	15	50	456.30
1.308997	1.413430	2.550734	180	16	34	456.29
-3.141593	0.992645	-1.723759	182	27	48	456.29
1.570796	2.251330	-2.330739	191	23	45	456.29
2.879793	1.050534	3.042579	172	26	38	456.28
-0.523599	1.872854	1.543456	180	25	50	456.22
1.308997	0.906588	1.252948	54	176	174	456.22
-1.308997	0.899350	-2.069907	173	11	45	456.21
2.617994	1.599406	1.426070	188	29	36	456.20
1.570796	2.164094	-2.991358	164	168	188	456.18
-0.523599	1.824694	1.850876	178	22	44	456.14
2.879793	1.488617	1.159546	175	4	47	456.09
-1.308997	2.579248	-2.364801	171	8	37	456.08
2.879793	1.662363	0.915448	187	33	34	456.07
-2.356194	1.982574	-1.115518	178	27	42	456.07
1.832596	1.824694	1.850876	172	25	20	456.07
-0.261799	1.440580	2.260026	177	9	36	456.05
0.523599	2.396274	-1.959260	170	37	34	456.04
-3.141593	2.396274	-1.959260	173	28	37	456.03
2.094395	2.379497	0.561089	175	27	51	456.02
2.094395	1.504028	0.636812	162	19	43	456.02
-0.785398	1.413430	2.550734	169	4	31	456.01
-0.261799	0.496451	0.593859	173	6	43	456.00
-2.617994	1.440580	2.260026	170	20	29	455.99
0.000000	1.506530	1.988858	180	2	32	455.97
0.785398	2.587733	0.232235	187	21	42	455.96
2.356194	1.134796	2.434290	185	5	35	455.90
2.617994	1.045978	0.343692	171	19	38	455.89
2.356194	0.914445	2.687814	190	35	42	455.87
-2.617994	2.041297	-2.664597	171	15	41	455.85
-3.141593	1.948085	-2.363031	36	169	181	455.85
1.308997	2.588535	-2.976617	165	5	38	455.85
-0.261799	2.760637	2.781135	168	23	46	455.81
0.785398	2.664082	-1.071402	175	35	37	455.79
2.879793	0.864993	2.278281	172	177	2	455.77
-2.356194	1.824694	1.850876	4	17	51	455.76
-2.879793	1.545873	-1.877082	176	16	45	455.76
2.356194	2.587733	0.232235	174	31	49	455.71
2.094395	0.914445	2.687814	183	16	34	455.65
2.879793	1.554776	0.100351	186	34	35	455.64
-2.617994	1.488617	1.159546	178	18	32	455.63
1.832596	2.455966	-0.641220	167	30	40	455.61
-1.047198	0.619654	-2.216909	34	180	157	455.59
2.356194	1.869911	2.701025	189	8	38	455.54
0.261799	1.135834	-1.431087	46	181	167	455.52
0.523599	2.760637	2.781135	167	11	46	455.48
0.785398	0.866955	-0.931351	172	18	44	455.45
1.570796	2.704512	1.488683	184	12	39	455.44
0.523599	1.045978	0.343692	185	23	39	455.43
-0.523599	1.450119	-2.739050	178	32	25	455.43
0.523599	1.982574	-1.115518	171	10	39	455.42
-2.879793	1.699788	2.452890	170	23	28	455.41
0.261799	1.050534	3.042579	163	20	21	455.38
-2.879793	2.073035	2.027405	3	17	51	455.36
0.785398	1.301460	-0.509251	173	9	41	455.34
1.570796	1.875281	0.107086	186	7	32	455.33
-1.308997	2.407836	1.410646	176	17	49	455.29
-0.785398	2.664082	-1.071402	169	14	38	455.26
1.570796	1.574060	2.783565	164	2	32	455.25
0.523599	2.247462	0.191623	186	21	42	455.25
1.570796	2.349581	-2.702517	165	3	32	455.19
2.094395	1.391910	3.030322	184	4	31	455.17
-2.356194	2.115563	0.685730	181	13	51	455.15
-1.308997	1.732874	-0.951685	164	19	37	455.13
-2.094395	1.721184	-0.153948	184	1	39	455.12
1.570796	1.812176	0.656819	169	27	47	455.12
-1.308997	0.419640	2.974122	176	7	44	455.11
0.785398	2.041297	-2.664597	191	19	37	455.10
2.879793	2.407836	1.410646	45	183	184	455.10
-0.785398	2.407836	1.410646	177	15	51	455.10
2.356194	0.297065	2.160177	188	29	48	455.08
2.617994	2.033014	2.977192	167	24	34	455.05
2.617994	2.180315	-1.357379	181	22	31	455.05
-2.617994	2.089241	-0.114193	175	7	42	455.04
0.000000	1.554776	0.100351	187	17	38	455.03
1.308997	2.299159	2.264663	175	4	44	454.98
0.000000	2.089241	-0.114193	7	28	43	454.97
-2.094395	1.045978	0.343692	183	4	36	454.96
1.047198	2.881233	-2.582574	165	13	44	454.94
-0.261799	0.080730	-2.622036	181	17	47	454.94
1.570796	1.756530	-2.105156	186	24	47	454.94
-1.832596	1.756530	-2.105156	168	17	40	454.91
1.570796	1.872854	1.543456	171	13	49	454.90
-2.356194	2.760637	2.781135	0	20	38	454.89
0.785398	1.909857	-0.381669	181	25	35	454.89
-0.785398	2.393226	1.857173	175	21	50	454.85
-0.785398	2.180315	-1.357379	169	11	36	454.81
-2.879793	1.184361	0.625864	178	27	39	454.81
-1.570796	2.404280	-0.174044	187	8	44	454.80
1.047198	2.984978	1.954446	173	29	30	454.79
-0.785398	1.374601	-2.456031	177	9	42	454.78
0.000000	1.545873	-1.877082	180	8	42	454.75
-1.308997	0.899350	-2.069907	175	13	48	454.74
2.879793	2.587733	0.232235	38	180	185	454.70
2.879793	0.615174	-0.666022	183	24	46	454.67
-0.523599	1.374601	-2.456031	179	9	42	454.65
-2.356194	1.982574	-1.115518	181	26	44	454.64
2.356194	0.961715	0.014085	188	25	41	454.61
1.308997	1.869911	2.701025	183	30	30	454.59
-1.570796	1.846342	-1.796954	183	24	46	454.57
-0.785398	2.704512	1.488683	50	187	166	454.55
-1.047198	0.961715	0.014085	166	14	40	454.55
2.356194	2.587733	0.232235	173	29	49	454.53
-1.308997	2.719179	-1.780644	0	19	36	454.53
-1.832596	1.367556	0.358405	186	36	28	454.49
-2.879793	2.393226	1.857173	46	184	180	454.44
-1.308997	1.658653	-2.409879	170	11	40	454.42
0.261799	1.134497	-1.109631	175	20	45	454.39
-1.570796	1.135813	-2.658866	167	10	40	454.38
1.832596	0.618092	2.539118	189	16	42	454.37
-0.785398	0.906588	1.252948	169	6	37	454.35
0.261799	0.591903	2.010408	173	27	35	454.32
2.094395	0.914445	2.687814	183	15	34	454.28
-2.094395	0.591903	2.010408	167	19	39	454.26
-1.832596	1.256302	0.062705	170	32	38	454.25
2.879793	1.736875	3.023612	183	36	33	454.23
0.261799	1.194549	-0.801900	172	9	40	454.22
0.785398	0.080730	-2.622036	43	173	174	454.21
2.617994	1.977582	0.969896	177	19	52	454.20
-3.141593	1.846342	-1.796954	167	171	183	454.19
2.879793	1.658653	-2.409879	34	180	185	454.13
-0.523599	1.214854	-1.966664	185	20	47	454.11
-3.141593	1.045978	0.343692	167	1	32	454.08
1.308997	0.850607	-1.335383	174	20	46	454.03
1.047198	1.242974	-2.977882	41	175	0	454.02
1.570796	2.356369	3.005869	179	31	30	454.00
0.000000	2.153910	-1.714959	179	2	31	454.00
-1.047198	2.704512	1.488683	171	14	47	453.97
-2.094395	2.164094	-2.991358	173	7	38	453.97
-2.617994	2.664082	-1.071402	178	32	35	453.92
1.308997	1.699788	2.452890	162	8	40	453.89
-0.785398	0.929350	-2.910676	167	167	7	453.87
1.570796	2.863997	0.549740	188	21	41	453.86
2.879793	1.135813	-2.658866	181	34	44	453.85
-2.879793	0.899350	-2.069907	177	10	45	453.81
-2.356194	1.683268	0.374177	180	190	41	453.74
-1.308997	1.135813	-2.658866	42	183	164	453.73
-0.523599	1.214854	-1.966664	179	15	46	453.70
-1.308997	1.391910	3.030322	172	12	38	453.67
-1.308997	0.831641	0.616218	165	17	38	453.65
-1.832596	2.251330	-2.330739	175	13	43	453.65
-2.617994	0.297065	2.160177	24	185	9	453.65
-2.356194	1.134796	2.434290	164	23	34	453.64
0.000000	0.370812	-2.547742	184	12	47	453.56
-0.261799	2.104282	-0.813972	168	10	34	453.54
2.879793	1.128190	-2.288622	173	20	45	453.51
-2.356194	1.247695	1.809890	171	26	36	453.49
-1.047198	1.014500	0.906702	165	10	33	453.45
-1.570796	0.674054	1.013609	166	20	42	453.45
-1.047198	2.379497	0.561089	182	8	43	453.41
-0.523599	1.374601	-2.456031	182	37	19	453.41
2.617994	1.809167	1.213774	179	15	52	453.39
1.570796	0.674054	1.013609	164	22	35	453.36
0.261799	2.153910	-1.714959	178	10	43	453.33
-2.356194	2.115563	0.685730	180	12	51	453.33
-1.832596	2.396274	-1.959260	175	21	44	453.33
0.261799	0.906588	1.252948	185	1	39	453.33
2.617994	2.343981	-1.040456	3	24	41	453.31
0.261799	0.615174	-0.666022	176	9	45	453.31
-2.094395	2.041297	-2.664597	175	11	43	453.29
-1.047198	0.762244	-0.273349	175	26	44	453.25
1.832596	2.719179	-1.780644	4	20	41	453.22
-1.308997	1.617114	-1.572037	173	17	44	453.21
2.094395	2.456751	-1.503343	2	24	42	453.21
1.308997	1.301460	-0.509251	181	10	41	453.19
-1.308997	1.658653	-2.409879	170	10	39	453.18
-2.617994	0.700570	1.559208	175	25	42	453.11
-1.047198	0.914445	2.687814	173	8	42	453.09
-1.570796	1.554776	0.100351	182	35	32	453.06
2.879793	0.685216	-1.712745	179	17	47	452.96
-3.141593	2.063651	-2.044600	174	24	43	452.95
2.617994	0.762244	-0.273349	186	26	44	452.95
-2.094395	2.881233	-2.582574	7	19	42	452.94
-2.356194	1.050534	3.042579	167	21	40	452.92
-1.047198	1.325504	-1.671296	176	17	46	452.89
-2.094395	1.554776	0.100351	30	174	2	452.88
-3.141593	2.001437	0.381215	170	10	47	452.88
-3.141593	2.138223	1.678323	187	15	54	452.88
0.523599	0.960688	-0.577532	170	15	41	452.87
0.000000	1.247695	1.809890	175	36	43	452.86
2.356194	0.458961	-0.107937	183	21	44	452.84
-2.094395	2.587733	0.232235	174	4	45	452.83
2.617994	1.374601	-2.456031	184	32	43	452.73
0.000000	2.979456	-1.009304	190	30	43	452.73
-2.356194	2.356369	3.005869	2	21	37	452.71
-2.879793	2.478122	2.609777	190	18	38	452.68
1.308997	2.187132	-0.479875	170	34	34	452.65
0.261799	1.391910	3.030322	179	164	1	452.64
2.879793	2.719179	-1.780644	178	189	40	452.59
-2.879793	2.760637	2.781135	168	13	34	452.59
-1.832596	2.863997	0.549740	171	7	45	452.58
-2.356194	1.448123	-2.163292	177	12	46	452.55
-1.047198	0.615174	-0.666022	175	22	49	452.55
-2.617994	2.174483	2.653697	171	7	32	452.50
-2.879793	1.488617	1.159546	180	30	37	452.45
0.785398	0.618092	2.539118	171	16	33	452.33
1.308997	2.349581	-2.702517	161	175	188	452.29
2.617994	2.251330	-2.330739	183	16	30	452.29
-2.617994	1.014500	0.906702	177	20	38	452.29
2.617994	1.599406	1.426070	175	5	48	452.27
-3.141593	1.809167	1.213774	181	9	51	452.23
-1.047198	0.831641	0.616218	166	14	40	452.22
-2.094395	0.899350	-2.069907	171	19	47	452.21
-2.356194	2.164094	-2.991358	171	9	37	452.18
-2.879793	1.325504	-1.671296	180	32	45	452.18
2.356194	2.153910	-1.714959	158	165	183	452.13
1.047198	0.700570	1.559208	163	24	35	452.13
-1.832596	2.187132	-0.479875	176	32	36	452.13
0.523599	2.637879	2.121598	185	30	27	452.11
-1.832596	2.456751	-1.503343	171	23	42	452.11
2.356194	0.080730	-2.622036	174	17	44	452.10
2.094395	1.134796	2.434290	173	189	31	452.09
0.523599	1.554776	0.100351	186	15	37	452.04
-1.308997	0.906588	1.252948	165	14	38	452.02
2.356194	1.134796	2.434290	175	33	28	452.02
0.000000	0.297065	2.160177	177	13	38	451.95
1.308997	1.870545	-2.976234	160	7	28	451.94
-1.047198	0.960688	-0.577532	175	25	45	451.91
2.094395	2.724429	-0.348782	0	9	35	451.89
1.570796	2.396274	-1.959260	1	18	44	451.81
-0.785398	2.153910	-1.714959	170	9	37	451.78
0.785398	1.218453	2.777284	161	13	27	451.74
0.785398	1.574060	2.783565	187	29	30	451.71
-3.141593	1.135813	-2.658866	171	19	42	451.71
-1.832596	1.766067	2.153843	191	27	45	451.71
0.785398	1.413347	-1.339188	25	178	9	451.69
-0.785398	2.637879	2.121598	170	22	47	451.69
-2.356194	2.664082	-1.071402	174	31	34	451.65
1.047198	1.450119	-2.739050	183	26	40	451.62
-2.617994	2.164094	-2.991358	169	12	35	451.61
-0.523599	1.658653	-2.409879	183	38	22	451.61
-1.308997	0.961715	0.014085	169	23	43	451.61
1.308997	1.510910	-0.740472	179	28	33	451.54
-2.356194	1.721184	-0.153948	180	1	39	451.53
-2.094395	2.719179	-1.780644	184	161	0	451.51
0.261799	1.909857	-0.381669	171	12	39	451.50
2.617994	1.721184	-0.153948	162	16	38	451.50
1.832596	2.089241	-0.114193	186	3	33	451.46
-3.141593	2.478122	2.609777	190	13	37	451.46
-0.261799	1.683268	0.374177	187	19	40	451.44
1.308997	0.906588	1.252948	165	24	39	451.41
-1.308997	1.736875	3.023612	170	8	32	451.39
2.094395	1.870545	-2.976234	179	13	30	451.34
-1.047198	2.104282	-0.813972	168	16	34	451.32
1.308997	2.343981	-1.040456	166	31	33	451.32
-1.308997	2.404280	-0.174044	181	9	36	451.30
1.570796	1.721184	-0.153948	180	2	29	451.30
0.785398	2.588535	-2.976617	163	14	40	451.30
-2.356194	1.948085	-2.363031	163	172	8	451.28
1.832596	1.875281	0.107086	167	29	43	451.26
0.785398	1.218453	2.777284	161	16	31	451.25
-1.570796	1.977582	0.969896	186	11	49	451.25
-1.570796	0.379747	-1.713059	179	16	49	451.21
2.879793	1.662363	0.915448	175	10	50	451.20
1.832596	0.906588	1.252948	161	12	35	451.20
2.617994	2.719179	-1.780644	170	191	37	451.19
-3.141593	1.904882	-1.478089	182	22	44	451.11
0.785398	0.619654	-2.216909	184	15	47	451.10
2.094395	1.184361	0.625864	162	16	39	451.08
1.047198	1.391910	3.030322	186	17	35	451.07
-0.261799	0.419640	2.974122	177	11	42	451.05
-2.094395	1.391910	3.030322	172	4	27	451.02
-2.094395	1.982574	-1.115518	179	26	44	451.02
-2.094395	1.836682	-0.676006	183	190	30	450.98
-0.785398	0.929350	-2.910676	35	188	162	450.97
-1.570796	0.733948	3.021411	172	12	46	450.91
-0.261799	1.374601	-2.456031	183	8	42	450.89
2.094395	1.168678	2.108595	186	19	38	450.88
-2.356194	1.247695	1.809890	168	23	31	450.87
2.094395	2.881233	-2.582574	175	0	43	450.85
-2.094395	2.180315	-1.357379	174	23	40	450.85
1.308997	0.419640	2.974122	186	13	42	450.80
0.261799	1.721184	-0.153948	169	12	36	450.77
-2.094395	1.977582	0.969896	186	15	52	450.77
2.617994	0.290380	-0.796960	184	9	43	450.71
-1.047198	2.063651	-2.044600	180	18	46	450.63
-1.308997	1.574060	2.783565	167	5	28	450.62
-1.570796	2.187132	-0.479875	175	30	37	450.60
2.879793	1.134796	2.434290	177	30	35	450.60
1.832596	0.866955	-0.931351	177	6	41	450.58
-0.785398	0.850607	-1.335383	176	17	49	450.56
-1.570796	1.658653	-2.409879	176	13	44	450.55
1.047198	0.910508	1.903534	162	19	36	450.53
2.617994	1.732874	-0.951685	191	16	44	450.47
0.785398	2.115563	0.685730	182	19	42	450.47
2.094395	2.247462	0.191623	169	27	46	450.45
-0.785398	0.914445	2.687814	174	15	41	450.44
0.523599	1.256302	0.062705	170	9	33	450.42
0.000000	2.104282	-0.813972	171	7	34	450.42
0.261799	1.050534	3.042579	162	21	20	450.41
0.785398	0.419640	2.974122	181	11	38	450.41
0.523599	2.456751	-1.503343	175	38	35	450.41
0.785398	2.456751	-1.503343	182	6	40	450.41
1.832596	2.588535	-2.976617	173	191	38	450.38
2.094395	2.247462	0.191623	168	26	46	450.37
-0.523599	1.809167	1.213774	184	24	50	450.36
0.785398	1.658653	-2.409879	189	12	38	450.30
1.047198	1.545873	-1.877082	168	24	18	450.25
0.261799	2.881233	-2.582574	26	186	190	450.22
0.000000	2.664082	-1.071402	191	35	40	450.22
-0.523599	0.831641	0.616218	169	6	38	450.18
-2.094395	2.104282	-0.813972	176	29	38	450.17
0.785398	1.440580	2.260026	163	18	41	450.15
0.261799	1.247695	1.809890	181	4	34	450.14
-1.832596	2.073035	2.027405	161	171	181	450.13
-2.617994	1.904882	-1.478089	179	22	44	450.10
0.261799	1.184361	0.625864	33	2	3	450.08
2.879793	2.104282	-0.813972	2	21	41	450.05
1.047198	0.297065	2.160177	178	15	38	450.05
-1.570796	2.343981	-1.040456	171	20	35	450.04
-2.094395	2.033014	2.977192	176	4	36	450.00
-2.094395	2.251330	-2.330739	171	13	40	450.00
1.308997	2.187132	-0.479875	170	35	35	450.00
-3.141593	1.846342	-1.796954	176	22	43	449.96
0.523599	0.297065	2.160177	166	21	29	449.95
1.047198	0.619654	-2.216909	44	176	164	449.90
1.570796	0.864993	2.278281	179	17	35	449.89
-0.785398	1.488617	1.159546	189	22	46	449.89
-3.141593	2.637879	2.121598	189	18	40	449.86
1.047198	0.850607	-1.335383	175	24	45	449.86
-1.047198	1.732874	-0.951685	170	16	40	449.84
-1.832596	2.089241	-0.114193	185	37	34	449.79
-2.617994	1.756530	-2.105156	172	16	43	449.74
2.617994	0.709924	0.218797	182	22	41	449.74
-0.785398	2.984978	1.954446	7	20	34	449.72
-0.785398	0.864993	2.278281	174	12	42	449.71
-1.308997	1.904882	-1.478089	159	169	3	449.70
2.617994	2.863997	0.549740	179	21	31	449.68
1.308997	1.045978	0.343692	186	6	36	449.68
-0.785398	0.864993	2.278281	184	35	35	449.67
1.308997	0.370812	-2.547742	186	22	50	449.61
1.047198	1.696674	-1.253233	180	12	46	449.60
1.570796	1.909857	-0.381669	182	3	35	449.55
1.047198	2.407836	1.410646	182	10	47	449.55
-0.523599	1.135813	-2.658866	182	6	44	449.53
-0.523599	0.290380	-0.796960	174	18	46	449.49
-1.308997	0.762244	-0.273349	172	24	46	449.47
-1.832596	2.033014	2.977192	1	30	37	449.43
1.047198	1.168678	2.108595	163	19	39	449.41
0.785398	2.251330	-2.330739	161	24	29	449.40
0.000000	1.870545	-2.976234	168	33	32	449.37
0.000000	0.618092	2.539118	180	7	42	449.36
0.261799	0.591903	2.010408	181	9	43	449.35
1.047198	2.033014	2.977192	188	27	32	449.34
2.356194	1.662363	0.915448	167	13	47	449.32
-0.785398	1.732874	-0.951685	170	20	42	449.28
1.570796	1.721184	-0.153948	166	33	35	449.24
-2.617994	2.704512	1.488683	42	184	180	449.24
1.047198	2.396274	-1.959260	162	24	32	449.22
0.523599	1.982574	-1.115518	172	10	39	449.19
-0.785398	2.863997	0.549740	180	4	46	449.13
0.523599	1.168678	2.108595	164	21	32	449.12
0.261799	2.719179	-1.780644	181	4	38	449.11
-3.141593	2.153910	-1.714959	176	27	41	449.09
2.617994	1.872854	1.543456	180	9	52	449.08
-2.617994	0.864993	2.278281	170	23	37	449.05
-0.523599	0.591903	2.010408	178	13	45	449.02
-0.261799	1.875281	0.107086	169	25	31	448.99
-2.356194	1.554776	0.100351	179	188	35	448.98
-0.523599	2.396274	-1.959260	189	37	33	448.96
1.570796	0.850607	-1.335383	173	9	40	448.92
2.617994	1.506530	1.988858	191	28	36	448.91
-2.879793	1.732874	-0.951685	179	24	34	448.89
-0.261799	0.899350	-2.069907	185	12	49	448.87
1.047198	1.606104	-0.451151	180	9	40	448.86
2.879793	1.256302	0.062705	162	7	32	448.81
2.094395	0.674054	1.013609	167	14	36	448.80
-1.832596	1.617114	-1.572037	181	19	49	448.80
1.570796	2.041297	-2.664597	162	169	185	448.78
-2.617994	0.496451	0.593859	179	18	42	448.78
1.047198	1.617114	-1.572037	182	17	48	448.77
1.047198	2.138223	1.678323	176	11	48	448.72
-0.523599	0.929350	-2.910676	170	166	7	448.71
0.785398	0.762244	-0.273349	170	8	36	448.68
0.261799	1.247695	1.809890	183	3	35	448.65
2.617994	1.555207	1.708892	179	2	46	448.60
1.308997	0.733948	3.021411	180	31	32	448.56
1.047198	0.709924	0.218797	191	15	45	448.48
-1.308997	0.615174	-0.666022	175	20	48	448.47
0.785398	1.134796	2.434290	159	16	30	448.45
1.570796	2.379497	0.561089	30	189	12	448.44
-2.617994	1.310100	1.488307	179	18	34	448.43
1.832596	1.683268	0.374177	165	26	43	448.40
1.308997	1.948085	-2.363031	188	25	46	448.39
2.356194	0.992645	-1.723759	176	18	47	448.35
2.356194	1.448123	-2.163292	177	27	46	448.35
-2.617994	0.733948	3.021411	170	21	43	448.34
2.356194	1.756530	-2.105156	25	190	9	448.32
-1.570796	1.504028	0.636812	3	14	46	448.32
-2.617994	2.174483	2.653697	183	25	33	448.28
2.094395	1.134796	2.434290	184	16	35	448.24
-2.356194	1.025536	1.576859	169	24	33	448.21
1.570796	1.766067	2.153843	175	30	23	448.17
-1.832596	2.379497	0.561089	177	6	48	448.17
-0.523599	1.662363	0.915448	186	22	46	448.15
-0.785398	1.683268	0.374177	191	17	43	448.13
1.832596	2.979456	-1.009304	4	15	35	448.12
1.047198	0.866395	-2.492918	186	25	46	448.11
2.879793	1.504028	0.636812	168	5	43	448.09
1.047198	1.413347	-1.339188	26	177	9	448.06
-1.570796	1.766067	2.153843	182	26	38	448.03
0.000000	0.866395	-2.492918	185	6	45	448.03
-1.047198	2.138223	1.678323	179	24	51	448.02
-2.617994	1.545873	-1.877082	178	18	48	448.01
-2.356194	2.724429	-0.348782	185	29	32	448.00
-1.308997	2.396274	-1.959260	174	16	43	447.98
2.356194	0.709924	0.218797	187	24	44	447.97
2.094395	2.295480	1.008277	178	22	54	447.97
1.047198	1.870545	-2.976234	188	26	39	447.96
-1.570796	1.218453	2.777284	170	20	38	447.91
2.094395	1.741644	-2.695914	168	161	182	447.90
2.879793	1.812176	0.656819	169	10	48	447.89
-2.094395	1.869911	2.701025	172	25	30	447.87
-0.785398	0.831641	0.616218	166	9	37	447.84
0.000000	2.063651	-2.044600	181	4	35	447.81
2.617994	0.866395	-2.492918	179	25	46	447.81
0.785398	1.569311	-3.003978	188	26	38	447.79
0.785398	1.045978	0.343692	181	38	37	447.78
2.094395	1.367556	0.358405	162	20	39	447.78
-3.141593	1.732874	-0.951685	179	23	33	447.77
-0.785398	1.732874	-0.951685	169	10	37	447.76
-2.356194	1.025536	1.576859	168	25	33	447.75
1.308997	0.640596	-2.797608	37	181	8	447.75
2.879793	0.709924	0.218797	181	23	41	447.74
0.523599	1.134796	2.434290	184	14	39	447.70
2.617994	0.203748	0.590255	182	18	45	447.66
2.617994	2.456751	-1.503343	50	189	172	447.65
0.523599	0.929350	-2.910676	188	8	41	447.60
-2.879793	2.396274	-1.959260	184	11	33	447.58
0.523599	2.108018	1.311430	46	168	168	447.55
1.832596	2.881233	-2.582574	185	29	32	447.51
-1.570796	1.617114	-1.572037	171	21	43	447.50
2.094395	2.456751	-1.503343	166	18	34	447.44
0.000000	1.683268	0.374177	190	26	44	447.40
0.785398	1.504028	0.636812	180	34	46	447.40
-3.141593	1.909857	-0.381669	166	7	37	447.35
0.523599	0.910508	1.903534	164	23	31	447.30
-3.141593	1.699788	2.452890	172	25	28	447.30
-1.047198	2.104282	-0.813972	170	21	39	447.30
1.832596	1.872854	1.543456	172	12	51	447.26
0.000000	2.063651	-2.044600	182	4	36	447.23
2.879793	1.696674	-1.253233	186	16	41	447.22
1.308997	0.960688	-0.577532	178	10	41	447.21
-0.785398	1.982574	-1.115518	169	8	34	447.17
-1.832596	1.869911	2.701025	38	166	170	447.13
-0.785398	2.073035	2.027405	177	23	43	447.12
-1.047198	2.379497	0.561089	180	29	28	447.09
-0.523599	1.809167	1.213774	181	22	47	447.06
-1.308997	0.379747	-1.713059	177	16	46	447.06
-1.832596	1.510910	-0.740472	167	23	36	447.01
-2.617994	1.574060	2.783565	168	20	33	447.00
0.000000	0.619654	-2.216909	182	9	44	446.99
-0.785398	2.104282	-0.813972	169	18	39	446.99
-0.785398	0.619654	-2.216909	175	10	43	446.92
2.879793	0.640596	-2.797608	179	27	48	446.91
-0.785398	2.104282	-0.813972	168	13	35	446.90
-3.141593	1.875281	0.107086	168	9	43	446.87
1.832596	0.850607	-1.335383	175	16	46	446.86
-1.308997	1.301460	-0.509251	166	23	41	446.82
-0.785398	0.866955	-0.931351	174	18	48	446.76
0.000000	1.721184	-0.153948	188	17	37	446.74
0.000000	2.001437	0.381215	185	19	41	446.73
-1.308997	2.251330	-2.330739	2	32	30	446.72
0.523599	1.433411	-1.035986	171	14	42	446.65
2.617994	0.850607	-1.335383	44	185	179	446.62
-2.879793	1.870545	-2.976234	168	14	37	446.58
-1.570796	0.831641	0.616218	166	19	36	446.58
-1.308997	0.906588	1.252948	163	14	34	446.57
-2.356194	0.685216	-1.712745	36	178	164	446.55
2.356194	2.295480	1.008277	181	26	53	446.54
2.094395	0.685216	-1.712745	32	180	10	446.47
1.047198	0.866395	-2.492918	186	27	46	446.46
2.879793	0.297065	2.160177	179	23	45	446.44
1.047198	2.089241	-0.114193	183	26	39	446.40
-3.141593	2.115563	0.685730	39	174	179	446.34
-1.047198	2.180315	-1.357379	169	10	35	446.32
-1.570796	0.379747	-1.713059	174	15	41	446.29
-0.261799	0.571433	-1.188419	176	12	45	446.24
-3.141593	2.033014	2.977192	7	5	40	446.23
1.047198	1.574060	2.783565	163	15	36	446.18
-1.308997	0.700570	1.559208	171	17	44	446.16
0.785398	2.587733	0.232235	191	33	49	446.16
-2.356194	1.242974	-2.977882	170	11	38	446.16
-1.832596	1.555207	1.708892	169	21	34	446.14
-2.879793	0.733948	3.021411	172	22	43	446.13
1.570796	0.700570	1.559208	163	15	35	446.10
2.617994	1.433411	-1.035986	187	10	40	446.06
2.356194	2.637879	2.121598	191	11	50	446.04
1.308997	1.998705	2.370472	181	30	27	446.03
0.785398	2.073035	2.027405	169	12	47	446.02
1.832596	1.374601	-2.456031	179	27	45	446.01
-1.047198	2.063651	-2.044600	37	174	185	446.01
0.000000	1.440580	2.260026	180	2	33	446.00
0.785398	0.685216	-1.712745	32	176	11	446.00
-0.523599	0.866395	-2.492918	175	6	39	446.00
1.570796	2.579248	-2.364801	163	7	37	445.99
1.570796	2.033014	2.977192	182	30	35	445.97
1.832596	0.992645	-1.723759	174	18	46	445.92
1.308997	1.904882	-1.478089	177	26	31	445.91
0.523599	1.168678	2.108595	164	25	38	445.89
-2.617994	1.242974	-2.977882	171	17	40	445.86
0.000000	1.256302	0.062705	187	19	38	445.85
2.879793	0.733948	3.021411	179	30	45	445.83
0.523599	0.458961	-0.107937	172	9	40	445.82
1.047198	1.168678	2.108595	163	18	39	445.82
-0.261799	2.979456	-1.009304	0	28	43	445.82
1.047198	2.187132	-0.479875	182	24	36	445.81
2.617994	1.256302	0.062705	187	28	39	445.81
0.785398	1.256302	0.062705	173	6	33	445.80
-3.141593	0.615174	-0.666022	181	25	45	445.79
1.308997	1.875281	0.107086	179	22	38	445.78
-0.785398	1.875281	0.107086	189	15	41	445.77
0.785398	2.041297	-2.664597	190	19	36	445.76
0.523599	0.992645	-1.723759	44	178	165	445.72
0.785398	2.456751	-1.503343	173	28	26	445.69
-2.356194	1.554776	0.100351	175	37	33	445.67
-2.617994	2.063651	-2.044600	171	19	41	445.66
-2.617994	0.914445	2.687814	168	17	34	445.59
2.094395	0.709924	0.218797	186	21	43	445.57
2.879793	2.984978	1.954446	189	24	43	445.55
1.047198	1.214854	-1.966664	38	183	160	445.53
-2.617994	2.456751	-1.503343	182	8	34	445.49
1.047198	1.982574	-1.115518	169	33	24	445.49
2.879793	1.809167	1.213774	177	9	51	445.41
0.523599	1.214854	-1.966664	184	8	40	445.41
0.000000	0.910508	1.903534	182	9	43	445.40
-2.356194	2.356369	3.005869	171	8	36	445.39
-1.832596	0.370812	-2.547742	177	12	47	445.37
1.570796	2.164094	-2.991358	185	28	38	445.37
-1.308997	1.574060	2.783565	168	6	31	445.34
-1.047198	0.571433	-1.188419	178	17	49	445.33
2.094395	2.108018	1.311430	177	17	54	445.31
2.094395	1.875281	0.107086	188	4	29	445.27
1.047198	0.929350	-2.910676	186	15	39	445.26
-2.879793	1.310100	1.488307	174	26	24	445.26
2.094395	0.618092	2.539118	0	32	45	445.23
1.047198	1.998705	2.370472	185	30	27	445.22
2.094395	1.736875	3.023612	184	4	34	445.19
-3.141593	1.450119	-2.739050	41	172	178	445.16
0.000000	1.875281	0.107086	167	18	32	445.12
1.832596	1.658653	-2.409879	181	24	46	445.12
-1.308997	0.619654	-2.216909	35	181	160	445.11
-3.141593	1.569311	-3.003978	41	173	182	445.11
1.832596	1.658653	-2.409879	184	31	44	445.09
-3.141593	1.683268	0.374177	169	6	43	445.08
-2.356194	1.440580	2.260026	171	28	34	445.05
-1.832596	1.875281	0.107086	187	37	31	445.03
-1.570796	1.413430	2.550734	170	22	35	445.02
0.261799	1.440580	2.260026	164	25	38	445.02
-1.570796	1.846342	-1.796954	168	18	41	445.01
-2.879793	2.664082	-1.071402	177	10	38	444.99
-1.832596	1.504028	0.636812	184	8	42	444.94
2.879793	1.617114	-1.572037	182	17	44	444.92
-3.141593	1.812176	0.656819	172	7	48	444.91
-2.356194	2.041297	-2.664597	173	13	42	444.91
1.570796	2.407836	1.410646	182	17	53	444.88
-2.094395	1.977582	0.969896	186	12	53	444.87
2.879793	1.875281	0.107086	165	10	41	444.76
2.094395	0.685216	-1.712745	31	180	10	444.70
2.356194	1.574060	2.783565	184	1	36	444.69
-2.879793	0.850607	-1.335383	182	19	46	444.67
-1.047198	0.418037	1.360082	169	10	41	444.65
0.523599	0.297065	2.160177	179	13	41	444.63
0.785398	1.367556	0.358405	37	171	191	444.62
0.000000	0.591903	2.010408	176	29	35	444.61
0.261799	0.929350	-2.910676	185	6	41	444.60
1.570796	0.733948	3.021411	189	23	45	444.60
-0.261799	2.979456	-1.009304	3	27	44	444.56
-2.356194	2.704512	1.488683	180	20	32	444.53
1.308997	1.367556	0.358405	175	21	34	444.53
2.094395	1.872854	1.543456	174	11	52	444.53
2.617994	2.396274	-1.959260	174	188	33	444.50
1.047198	0.850607	-1.335383	174	21	46	444.50
2.617994	2.295480	1.008277	180	24	53	444.47
1.832596	1.977582	0.969896	172	22	52	444.40
-1.570796	2.299159	2.264663	184	28	46	444.39
-2.879793	1.135834	-1.431087	30	183	9	444.38
1.308997	1.741644	-2.695914	162	8	23	444.32
2.094395	2.153910	-1.714959	155	170	183	444.28
-2.356194	2.251330	-2.330739	160	175	6	444.26
0.000000	2.174483	2.653697	165	25	41	444.20
0.000000	1.218453	2.777284	179	3	34	444.20
1.047198	0.640596	-2.797608	184	17	42	444.18
0.785398	2.984978	1.954446	183	3	48	444.18
-0.523599	0.929350	-2.910676	184	10	45	444.15
-3.141593	0.961715	0.014085	179	25	40	444.15
-2.617994	1.824694	1.850876	180	27	35	444.12
-1.570796	1.982574	-1.115518	171	23	41	444.10
2.879793	2.138223	1.678323	186	13	54	444.06
2.617994	2.247462	0.191623	168	22	47	444.02
0.000000	1.242974	-2.977882	189	11	41	444.01
-1.047198	2.407836	1.410646	176	14	44	443.99
0.785398	0.733948	3.021411	183	9	38	443.98
-0.523599	2.396274	-1.959260	175	8	39	443.87
-3.141593	1.050534	3.042579	169	22	36	443.86
1.832596	1.025536	1.576859	167	11	41	443.81
1.308997	1.374601	-2.456031	181	29	45	443.78
1.047198	2.881233	-2.582574	164	13	43	443.77
1.047198	0.866955	-0.931351	170	12	41	443.73
0.000000	0.866955	-0.931351	174	8	44	443.70
0.000000	0.591903	2.010408	182	14	45	443.69
0.000000	1.606104	-0.451151	166	15	36	443.68
-0.785398	2.719179	-1.780644	3	31	38	443.66
-1.570796	2.299159	2.264663	185	28	47	443.66
2.617994	2.299159	2.264663	165	19	27	443.66
1.047198	0.640596	-2.797608	185	16	43	443.65
-1.570796	2.295480	1.008277	180	11	48	443.64
-1.832596	1.977582	0.969896	188	14	53	443.64
1.308997	1.045978	0.343692	173	32	38	443.62
2.617994	2.251330	-2.330739	175	28	39	443.61
0.261799	0.619654	-2.216909	181	14	46	443.60
0.523599	2.592629	0.909713	189	14	50	443.58
2.879793	1.732874	-0.951685	179	24	33	443.58
-0.523599	1.662363	0.915448	188	23	47	443.57
-2.356194	1.872854	1.543456	0	18	52	443.56
-2.356194	1.310100	1.488307	168	25	29	443.53
-2.356194	2.251330	-2.330739	174	19	44	443.52
2.094395	2.041297	-2.664597	172	189	30	443.39
-2.617994	1.440580	2.260026	173	30	34	443.37
1.832596	0.619654	-2.216909	47	177	161	443.37
-1.308997	0.700570	1.559208	168	14	42	443.33
2.617994	2.637879	2.121598	51	178	186	443.33
2.879793	1.809167	1.213774	178	9	52	443.31
0.000000	2.187132	-0.479875	188	20	36	443.30
-0.523599	0.674054	1.013609	173	7	42	443.29
-0.261799	0.458961	-0.107937	170	12	43	443.26
-0.261799	2.704512	1.488683	36	172	183	443.25
-1.047198	2.247462	0.191623	183	10	39	443.20
2.094395	1.812176	0.656819	166	20	46	443.20
0.000000	2.379497	0.561089	2	21	51	443.19
-2.617994	2.138223	1.678323	190	18	54	443.17
2.617994	1.134497	-1.109631	182	10	43	443.16
0.523599	1.256302	0.062705	186	32	37	443.15
2.879793	2.153910	-1.714959	181	25	42	443.13
2.356194	1.134497	-1.109631	49	188	180	443.05
-2.094395	2.637879	2.121598	180	26	39	443.04
-2.879793	1.242974	-2.977882	169	18	39	442.99
-2.617994	1.247695	1.809890	176	24	37	442.97
0.523599	2.396274	-1.959260	185	8	42	442.93
0.261799	1.391910	3.030322	181	12	35	442.93
-1.308997	1.617114	-1.572037	165	15	40	442.90
-2.356194	0.992645	-1.723759	29	179	9	442.85
-2.617994	1.214854	-1.966664	175	28	46	442.82
2.617994	0.961715	0.014085	187	29	42	442.80
2.356194	1.168678	2.108595	180	19	34	442.76
0.261799	1.756530	-2.105156	186	8	40	442.74
0.785398	1.050534	3.042579	0	14	42	442.71
1.570796	1.045978	0.343692	169	28	38	442.68
0.523599	1.948085	-2.363031	187	17	45	442.66
0.261799	2.104282	-0.813972	187	22	33	442.65
-2.617994	1.374601	-2.456031	174	18	44	442.65
-1.308997	0.910508	1.903534	165	9	35	442.64
-0.785398	1.683268	0.374177	1	17	44	442.63
-0.523599	0.370812	-2.547742	178	13	46	442.55
2.879793	1.569311	-3.003978	170	17	39	442.54
-3.141593	2.404280	-0.174044	170	16	44	442.49
-2.879793	1.050534	3.042579	167	18	36	442.47
0.523599	2.587733	0.232235	2	30	49	442.47
-0.785398	0.866955	-0.931351	179	23	47	442.47
0.523599	2.247462	0.191623	190	24	45	442.46
0.785398	1.184361	0.625864	183	8	34	442.46
0.785398	0.591903	2.010408	166	19	33	442.45
-3.141593	0.864993	2.278281	190	5	32	442.44
1.308997	1.699788	2.452890	182	30	27	442.44
-0.523599	0.914445	2.687814	177	32	32	442.43
0.261799	0.866395	-2.492918	190	21	46	442.42
-1.308997	2.089241	-0.114193	172	13	29	442.42
0.785398	1.658653	-2.409879	184	21	43	442.34
1.832596	2.033014	2.977192	174	3	40	442.32
2.879793	1.599406	1.426070	43	172	183	442.31
-3.141593	2.455966	-0.641220	189	24	35	442.30
-2.094395	2.251330	-2.330739	175	17	44	442.28
2.094395	2.592629	0.909713	45	182	187	442.21
-3.141593	2.187132	-0.479875	169	10	39	442.20
1.832596	1.440580	2.260026	167	1	38	442.13
-2.617994	1.872854	1.543456	190	12	52	442.12
-2.617994	1.504028	0.636812	183	4	46	442.10
-0.261799	1.242974	-2.977882	185	7	41	442.05
2.356194	2.637879	2.121598	191	10	47	442.04
-0.785398	0.864993	2.278281	174	1	37	442.02
1.308997	2.063651	-2.044600	190	22	46	442.00
-2.094395	1.045978	0.343692	182	4	36	442.00
1.047198	0.709924	0.218797	185	7	43	441.99
0.785398	1.413347	-1.339188	176	16	46	441.98
0.000000	0.458961	-0.107937	174	9	46	441.93
-2.356194	1.128190	-2.288622	171	24	46	441.91
2.879793	1.766067	2.153843	49	169	179	441.90
-3.141593	2.251330	-2.330739	176	24	44	441.90
-0.261799	0.290380	-0.796960	174	16	43	441.85
0.261799	1.836682	-0.676006	174	13	43	441.83
1.832596	2.724429	-0.348782	171	31	46	441.82
-2.617994	2.033014	2.977192	170	8	31	441.78
-1.832596	1.504028	0.636812	184	7	40	441.75
-0.523599	0.674054	1.013609	171	5	39	441.75
2.617994	1.045978	0.343692	188	30	41	441.73
1.570796	1.417623	-0.202254	173	35	36	441.71
-0.261799	0.370812	-2.547742	179	10	43	441.69
0.523599	1.025536	1.576859	169	27	40	441.65
0.523599	1.440580	2.260026	28	178	191	441.64
-1.832596	2.033014	2.977192	37	165	174	441.63
2.094395	1.113094	-0.272241	189	11	39	441.63
-2.094395	1.574060	2.783565	171	25	34	441.60
-0.261799	0.899350	-2.069907	184	10	49	441.57
1.832596	1.242974	-2.977882	178	33	39	441.54
1.832596	1.741644	-2.695914	37	189	1	441.51
0.000000	1.194549	-0.801900	176	2	40	441.48
2.094395	2.073035	2.027405	169	23	21	441.46
-1.047198	0.700570	1.559208	168	7	37	441.45
0.785398	1.242974	-2.977882	42	174	2	441.44
2.879793	2.247462	0.191623	167	16	47	441.42
-2.879793	0.733948	3.021411	174	28	46	441.40
-0.785398	1.766067	2.153843	179	26	42	441.38
0.785398	1.554776	0.100351	174	7	33	441.37
-2.879793	1.374601	-2.456031	170	13	41	441.34
1.308997	0.674054	1.013609	189	15	45	441.32
0.261799	1.195355	1.200319	185	191	33	441.30
-3.141593	1.413430	2.550734	175	29	34	441.28
-2.879793	1.134796	2.434290	172	27	36	441.26
2.617994	2.251330	-2.330739	177	27	42	441.23
1.570796	1.869911	2.701025	180	29	29	441.08
-0.785398	0.899350	-2.069907	179	11	49	441.08
-1.832596	1.809167	1.213774	187	13	49	441.07
-2.094395	1.574060	2.783565	162	18	28	441.02
2.356194	1.113094	-0.272241	190	27	41	441.00
2.356194	1.168678	2.108595	180	2	39	440.91
-3.141593	2.719179	-1.780644	176	31	36	440.89
-2.617994	0.674054	1.013609	185	6	36	440.87
0.261799	0.640596	-2.797608	188	10	47	440.86
0.000000	1.256302	0.062705	187	18	38	440.82
0.000000	1.301460	-0.509251	166	17	38	440.82
1.308997	0.618092	2.539118	185	14	42	440.81
2.094395	1.247695	1.809890	176	10	42	440.70
0.785398	2.863997	0.549740	187	16	41	440.67
2.879793	0.618092	2.539118	33	186	5	440.67
-2.617994	1.545873	-1.877082	177	16	46	440.64
-2.879793	1.555207	1.708892	180	19	34	440.61
-2.356194	0.899350	-2.069907	174	15	44	440.61
2.879793	1.325504	-1.671296	186	32	45	440.60
-2.879793	1.812176	0.656819	178	10	49	440.59
0.523599	1.948085	-2.363031	190	8	36	440.56
-2.356194	1.214854	-1.966664	26	180	9	440.51
1.832596	2.704512	1.488683	191	13	46	440.49
1.832596	2.108018	1.311430	175	17	51	440.49
-2.094395	2.187132	-0.479875	179	32	36	440.48
1.832596	0.866395	-2.492918	180	28	46	440.46
-0.785398	2.396274	-1.959260	0	25	33	440.44
0.523599	1.242974	-2.977882	190	9	40	440.44
-1.047198	1.335669	0.897240	177	18	38	440.43
2.356194	1.766067	2.153843	183	6	47	440.41
0.785398	2.299159	2.264663	185	29	27	440.39
2.879793	1.391910	3.030322	182	35	38	440.37
1.308997	0.864993	2.278281	56	180	178	440.34
-2.094395	2.719179	-1.780644	170	19	29	440.33
-3.141593	2.164094	-2.991358	169	19	38	440.32
1.308997	2.033014	2.977192	186	30	35	440.32
0.523599	2.108018	1.311430	179	18	51	440.30
0.785398	0.850607	-1.335383	176	26	45	440.25
1.047198	2.588535	-2.976617	1	23	37	440.25
-1.570796	0.619654	-2.216909	178	14	50	440.20
-2.617994	0.864993	2.278281	171	29	41	440.12
-2.094395	1.214854	-1.966664	26	179	9	440.07
-2.879793	2.719179	-1.780644	175	29	36	440.05
2.094395	1.025536	1.576859	165	3	36	440.04
1.832596	2.001437	0.381215	168	28	47	440.03
-2.617994	2.979456	-1.009304	181	31	33	440.03
-2.356194	2.001437	0.381215	177	1	43	440.02
0.523599	0.685216	-1.712745	46	178	165	440.00
0.785398	1.135834	-1.431087	179	21	48	440.00
-2.094395	2.979456	-1.009304	173	30	32	439.98
-1.308997	2.396274	-1.959260	166	12	32	439.94
1.047198	1.195355	1.200319	167	22	39	439.94
1.047198	1.184361	0.625864	173	30	41	439.92
-2.617994	1.413347	-1.339188	178	20	41	439.92
1.570796	1.128190	-2.288622	176	24	44	439.90
-1.047198	2.724429	-0.348782	167	26	30	439.87
-2.879793	0.685216	-1.712745	179	13	44	439.84
1.308997	2.356369	3.005869	168	3	38	439.79
2.094395	0.370812	-2.547742	172	19	40	439.79
-2.356194	1.310100	1.488307	169	25	29	439.77
-0.785398	1.218453	2.777284	175	17	37	439.77
-1.832596	2.073035	2.027405	187	24	47	439.76
-0.261799	1.766067	2.153843	175	19	35	439.76
-2.356194	1.741644	-2.695914	170	10	39	439.74
1.308997	1.683268	0.374177	176	21	37	439.74
1.832596	2.393226	1.857173	171	20	23	439.70
-0.785398	1.872854	1.543456	182	25	50	439.69
2.094395	1.413347	-1.339188	182	14	47	439.67
-1.047198	2.251330	-2.330739	179	7	42	439.64
-2.617994	1.310100	1.488307	179	19	35	439.63
0.000000	2.187132	-0.479875	169	9	31	439.56
2.356194	2.979456	-1.009304	6	16	37	439.54
-0.261799	0.831641	0.616218	174	5	42	439.52
-2.879793	1.824694	1.850876	40	186	168	439.46
1.570796	2.407836	1.410646	185	11	47	439.45
0.523599	0.906588	1.252948	182	9	40	439.40
-1.047198	1.367556	0.358405	164	12	32	439.36
0.785398	2.063651	-2.044600	165	31	28	439.28
-0.523599	0.864993	2.278281	176	28	35	439.27
-1.308997	1.391910	3.030322	183	31	31	439.27
2.094395	2.153910	-1.714959	156	170	183	439.24
-2.879793	0.733948	3.021411	168	25	42	439.22
-1.308997	0.866395	-2.492918	177	13	48	439.20
2.094395	2.979456	-1.009304	6	16	36	439.10
-3.141593	0.419640	2.974122	175	25	48	439.08
-1.832596	2.187132	-0.479875	184	0	35	439.06
1.832596	2.379497	0.561089	175	27	49	439.06
-1.047198	1.875281	0.107086	172	25	33	439.04
-2.094395	2.587733	0.232235	173	4	45	439.03
2.094395	0.619654	-2.216909	179	23	47	438.98
2.094395	1.310100	1.488307	166	5	40	438.97
-1.047198	1.696674	-1.253233	171	14	41	438.97
2.094395	2.379497	0.561089	178	31	51	438.94
-1.047198	1.696674	-1.253233	172	20	44	438.86
-2.356194	1.977582	0.969896	40	179	177	438.85
0.000000	1.134796	2.434290	180	12	39	438.84
2.617994	0.640596	-2.797608	168	21	39	438.83
-1.308997	2.138223	1.678323	182	21	48	438.83
1.047198	2.407836	1.410646	183	12	50	438.81
-1.832596	2.456751	-1.503343	169	20	39	438.81
1.832596	1.809167	1.213774	170	17	51	438.80
1.047198	0.899350	-2.069907	42	179	162	438.78
-1.308997	1.050534	3.042579	171	10	42	438.73
0.000000	2.592629	0.909713	184	9	47	438.71
-2.617994	1.025536	1.576859	170	32	37	438.71
-1.047198	2.104282	-0.813972	168	15	34	438.70
0.523599	2.719179	-1.780644	172	35	40	438.68
2.356194	2.404280	-0.174044	166	23	44	438.64
1.047198	1.766067	2.153843	168	9	38	438.62
1.832596	2.089241	-0.114193	166	30	41	438.61
1.308997	2.108018	1.311430	175	19	51	438.58
1.047198	0.640596	-2.797608	186	16	43	438.55
2.094395	1.134497	-1.109631	182	5	40	438.53
-2.094395	1.050534	3.042579	173	4	31	438.52
-0.261799	0.080730	-2.622036	190	22	50	438.48
1.832596	2.349581	-2.702517	168	0	35	438.37
-1.570796	1.812176	0.656819	45	175	185	438.36
0.523599	0.700570	1.559208	182	10	42	438.33
-1.570796	0.640596	-2.797608	172	10	44	438.33
0.523599	2.407836	1.410646	180	12	50	438.32
0.785398	0.992645	-1.723759	166	182	9	438.24
0.523599	0.700570	1.559208	183	9	42	438.23
-3.141593	1.195355	1.200319	181	10	43	438.22
-3.141593	1.599406	1.426070	183	4	49	438.21
0.785398	0.619654	-2.216909	35	177	10	438.19
-1.832596	2.407836	1.410646	179	17	51	438.16
-2.094395	1.242974	-2.977882	173	3	32	438.09
0.000000	0.619654	-2.216909	183	8	44	438.06
2.617994	2.187132	-0.479875	151	172	1	438.06
-1.308997	1.184361	0.625864	164	15	33	437.97
1.832596	2.704512	1.488683	188	17	51	437.96
-0.261799	1.050534	3.042579	173	26	30	437.96
2.617994	2.637879	2.121598	187	14	40	437.95
0.261799	0.914445	2.687814	170	22	33	437.94
-2.879793	2.478122	2.609777	0	16	38	437.93
-0.785398	2.063651	-2.044600	8	6	28	437.93
1.308997	0.831641	0.616218	187	6	35	437.92
-1.308997	1.214854	-1.966664	191	23	45	437.91
-1.832596	0.418037	1.360082	169	18	39	437.91
-2.879793	0.418037	1.360082	182	15	39	437.89
-2.356194	2.719179	-1.780644	169	25	36	437.88
2.617994	2.704512	1.488683	187	16	38	437.87
-1.570796	2.984978	1.954446	172	23	38	437.86
2.094395	1.488617	1.159546	188	23	38	437.85
0.000000	1.909857	-0.381669	167	13	36	437.80
2.094395	0.571433	-1.188419	176	10	43	437.80
2.356194	1.736875	3.023612	188	5	34	437.78
1.047198	2.356369	3.005869	165	8	39	437.74
-2.356194	2.456751	-1.503343	171	26	38	437.72
-1.570796	2.115563	0.685730	179	9	41	437.69
1.832596	1.554776	0.100351	185	2	28	437.67
1.570796	2.138223	1.678323	176	12	51	437.65
1.047198	1.448123	-2.163292	33	183	159	437.64
-0.785398	2.979456	-1.009304	168	15	33	437.61
0.523599	2.138223	1.678323	175	13	37	437.55
1.047198	0.619654	-2.216909	180	28	46	437.53
2.617994	2.979456	-1.009304	49	186	162	437.51
1.832596	2.063651	-2.044600	187	17	44	437.37
2.617994	2.979456	-1.009304	6	20	37	437.34
-2.617994	1.301460	-0.509251	178	32	40	437.34
-3.141593	1.545873	-1.877082	175	18	45	437.28
-1.308997	1.218453	2.777284	167	5	33	437.28
2.356194	1.904882	-1.478089	188	22	47	437.28
2.094395	2.979456	-1.009304	6	15	36	437.27
-2.879793	2.478122	2.609777	191	19	40	437.25
-3.141593	0.929350	-2.910676	177	32	45	437.25
0.261799	1.135834	-1.431087	178	16	47	437.06
0.000000	1.569311	-3.003978	178	10	33	437.03
-2.356194	1.025536	1.576859	168	28	37	437.00
-2.617994	1.301460	-0.509251	179	32	40	436.99
2.094395	2.349581	-2.702517	182	18	31	436.98
-1.308997	2.089241	-0.114193	172	30	33	436.95
2.356194	2.407836	1.410646	184	20	55	436.95
0.785398	0.674054	1.013609	189	16	45	436.94
-0.261799	0.831641	0.616218	177	9	43	436.93
-1.570796	0.080730	-2.622036	176	16	40	436.91
-2.879793	2.138223	1.678323	189	17	54	436.86
-1.570796	2.393226	1.857173	178	24	48	436.84
1.308997	1.736875	3.023612	184	30	35	436.83
-2.879793	2.115563	0.685730	177	16	51	436.79
-2.356194	0.496451	0.593859	184	5	33	436.76
1.047198	1.128190	-2.288622	37	179	159	436.74
-2.879793	2.174483	2.653697	174	26	28	436.72
-3.141593	2.153910	-1.714959	177	26	39	436.69
1.047198	1.135834	-1.431087	171	13	39	436.69
1.570796	2.164094	-2.991358	166	2	34	436.64
2.879793	0.615174	-0.666022	181	25	44	436.62
-3.141593	0.591903	2.010408	178	26	42	436.60
2.879793	1.417623	-0.202254	168	12	36	436.58
2.094395	2.396274	-1.959260	161	171	188	436.53
-1.308997	0.929350	-2.910676	174	12	45	436.51
-2.094395	2.247462	0.191623	180	8	47	436.49
0.523599	0.674054	1.013609	187	1	41	436.48
-1.570796	1.732874	-0.951685	169	21	39	436.48
-2.879793	0.899350	-2.069907	177	11	45	436.46
0.000000	0.419640	2.974122	179	10	42	436.37
-0.261799	2.180315	-1.357379	39	7	184	436.34
-1.570796	1.050534	3.042579	166	9	37	436.33
2.094395	1.617114	-1.572037	179	24	31	436.32
0.000000	2.379497	0.561089	3	23	51	436.32
-1.832596	1.569311	-3.003978	163	14	33	436.30
1.832596	2.455966	-0.641220	165	28	40	436.29
2.617994	1.433411	-1.035986	188	12	44	436.25
2.879793	1.869911	2.701025	167	18	32	436.24
-1.570796	1.977582	0.969896	180	12	43	436.24
0.261799	0.960688	-0.577532	170	9	36	436.19
1.308997	1.025536	1.576859	164	20	40	436.15
2.094395	2.295480	1.008277	42	181	0	436.13
0.261799	0.960688	-0.577532	167	17	40	436.10
-1.832596	1.683268	0.374177	181	6	39	436.05
-1.047198	1.391910	3.030322	180	32	31	436.02
2.094395	1.256302	0.062705	167	25	38	436.01
-0.523599	1.599406	1.426070	181	20	42	435.99
-2.094395	1.569311	-3.003978	170	10	37	435.98
1.047198	0.709924	0.218797	180	5	38	435.97
-1.308997	2.404280	-0.174044	172	31	32	435.97
2.356194	0.733948	3.021411	179	27	43	435.95
0.261799	0.571433	-1.188419	177	12	47	435.93
2.879793	1.301460	-0.509251	175	18	33	435.93
2.094395	1.696674	-1.253233	187	10	43	435.92
-1.832596	2.579248	-2.364801	8	21	37	435.88
1.832596	1.325504	-1.671296	179	19	47	435.81
-1.570796	2.001437	0.381215	185	36	27	435.80
2.356194	1.135834	-1.431087	189	26	47	435.78
2.094395	2.393226	1.857173	185	9	48	435.77
0.261799	1.025536	1.576859	171	27	38	435.75
-3.141593	2.704512	1.488683	45	185	183	435.70
0.000000	1.721184	-0.153948	165	14	32	435.68
2.094395	1.506530	1.988858	174	25	22	435.65
-0.523599	0.080730	-2.622036	26	178	160	435.63
2.879793	1.301460	-0.509251	174	18	33	435.59
0.261799	0.961715	0.014085	166	11	32	435.58
1.308997	2.407836	1.410646	184	10	47	435.58
-3.141593	1.545873	-1.877082	178	21	48	435.58
0.785398	1.904882	-1.478089	172	38	24	435.58
1.832596	0.571433	-1.188419	174	11	43	435.58
1.308997	0.591903	2.010408	184	14	41	435.55
-1.308997	1.741644	-2.695914	189	34	27	435.53
-0.785398	2.863997	0.549740	40	169	178	435.49
2.617994	2.343981	-1.040456	166	15	35	435.47
-1.308997	2.393226	1.857173	177	23	48	435.46
0.261799	1.982574	-1.115518	170	12	38	435.42
-0.261799	0.961715	0.014085	34	191	189	435.40
2.879793	2.343981	-1.040456	168	11	35	435.39
2.617994	2.299159	2.264663	168	17	24	435.38
-2.094395	1.555207	1.708892	167	26	32	435.36
-0.261799	1.766067	2.153843	175	18	35	435.35
-2.617994	1.732874	-0.951685	178	24	34	435.34
-2.617994	1.812176	0.656819	180	8	49	435.29
0.785398	1.870545	-2.976234	191	26	41	435.28
0.523599	2.041297	-2.664597	161	25	27	435.26
-2.094395	1.128190	-2.288622	167	19	44	435.24
0.523599	2.984978	1.954446	183	31	32	435.22
0.000000	1.413430	2.550734	179	8	36	435.21
-2.617994	1.812176	0.656819	182	11	49	435.20
-0.261799	0.914445	2.687814	173	26	33	435.17
-2.094395	1.555207	1.708892	170	23	32	435.12
0.000000	1.506530	1.988858	169	28	42	435.08
1.570796	2.455966	-0.641220	182	2	33	435.02
0.785398	1.242974	-2.977882	41	174	2	434.95
-1.832596	1.736875	3.023612	163	13	26	434.95
2.094395	1.506530	1.988858	180	10	44	434.94
-2.879793	2.001437	0.381215	173	10	48	434.94
0.523599	1.045978	0.343692	185	36	37	434.93
0.261799	1.168678	2.108595	165	29	38	434.91
2.356194	1.869911	2.701025	170	25	31	434.89
0.785398	1.569311	-3.003978	161	15	23	434.83
-0.785398	1.135813	-2.658866	38	185	160	434.83
-1.570796	1.875281	0.107086	166	29	28	434.80
-3.141593	2.138223	1.678323	43	186	171	434.77
-1.570796	1.812176	0.656819	184	10	44	434.74
1.570796	1.374601	-2.456031	180	28	45	434.70
-1.570796	2.089241	-0.114193	171	15	28	434.67
-1.832596	1.450119	-2.739050	167	15	40	434.65
-2.356194	1.574060	2.783565	158	179	189	434.61
1.308997	0.080730	-2.622036	179	18	44	434.59
0.785398	1.510910	-0.740472	177	12	44	434.59
2.617994	2.295480	1.008277	181	25	53	434.55
1.308997	2.033014	2.977192	162	6	37	434.54
1.308997	2.979456	-1.009304	173	27	35	434.53
1.832596	0.906588	1.252948	162	12	37	434.52
1.308997	0.496451	0.593859	182	17	43	434.51
-2.094395	1.569311	-3.003978	169	9	35	434.51
-2.617994	0.418037	1.360082	174	26	44	434.50
2.879793	2.343981	-1.040456	180	22	32	434.50
2.094395	1.025536	1.576859	184	20	39	434.49
-2.094395	2.041297	-2.664597	174	11	42	434.47
2.879793	1.440580	2.260026	183	20	35	434.46
1.047198	1.218453	2.777284	163	14	32	434.45
-1.570796	2.349581	-2.702517	4	30	35	434.41
-2.617994	2.138223	1.678323	190	19	54	434.41
0.523599	0.906588	1.252948	184	5	38	434.36
2.356194	2.153910	-1.714959	157	166	183	434.33
-1.832596	2.001437	0.381215	184	2	44	434.31
0.785398	2.704512	1.488683	186	7	50	434.31
-1.308997	1.904882	-1.478089	180	25	46	434.26
-1.832596	2.299159	2.264663	181	26	39	434.24
0.785398	0.899350	-2.069907	183	22	47	434.23
1.570796	2.979456	-1.009304	171	25	35	434.23
-3.141593	2.138223	1.678323	43	185	170	434.20
2.879793	2.108018	1.311430	180	15	54	434.17
-2.094395	1.599406	1.426070	165	26	28	434.17
-1.047198	0.419640	2.974122	180	4	39	434.14
0.785398	1.134497	-1.109631	174	16	45	434.10
2.094395	2.724429	-0.348782	167	24	43	434.09
0.000000	1.242974	-2.977882	188	11	41	434.07
0.785398	0.831641	0.616218	189	5	42	434.04
0.000000	0.899350	-2.069907	182	5	40	434.03
-0.261799	1.982574	-1.115518	171	9	38	433.99
0.261799	1.554776	0.100351	191	30	41	433.99
0.785398	1.554776	0.100351	183	32	40	433.97
2.617994	0.992645	-1.723759	46	188	186	433.93
1.308997	2.164094	-2.991358	189	29	40	433.91
1.308997	1.440580	2.260026	185	33	27	433.90
2.094395	1.025536	1.576859	169	8	40	433.88
1.570796	0.906588	1.252948	164	20	39	433.83
2.617994	1.128190	-2.288622	183	30	46	433.81
-2.356194	0.906588	1.252948	33	180	2	433.77
0.785398	1.658653	-2.409879	163	20	18	433.76
-0.261799	0.709924	0.218797	173	7	44	433.69
0.000000	0.733948	3.021411	181	8	43	433.68
-2.356194	1.242974	-2.977882	170	8	36	433.66
2.617994	1.325504	-1.671296	179	12	44	433.64
1.570796	1.870545	-2.976234	166	168	186	433.60
-2.617994	1.504028	0.636812	182	4	46	433.57
-3.141593	1.134497	-1.109631	185	22	46	433.54
-3.141593	1.488617	1.159546	183	30	37	433.53
-2.617994	2.153910	-1.714959	174	24	42	433.51
-1.308997	2.637879	2.121598	175	23	41	433.46
-0.261799	0.864993	2.278281	178	32	36	433.45
-3.141593	2.719179	-1.780644	177	31	36	433.44
-2.356194	0.591903	2.010408	23	185	6	433.43
2.617994	1.242974	-2.977882	175	27	40	433.41
-1.570796	0.961715	0.014085	170	26	43	433.37
-1.832596	2.089241	-0.114193	186	6	43	433.33
0.523599	0.929350	-2.910676	188	7	41	433.33
1.308997	2.180315	-1.357379	187	10	44	433.32
0.785398	1.872854	1.543456	174	17	49	433.29
2.094395	0.458961	-0.107937	184	20	45	433.29
-1.832596	2.393226	1.857173	180	23	44	433.28
-3.141593	2.251330	-2.330739	170	24	37	433.26
0.785398	1.948085	-2.363031	162	23	23	433.24
-1.832596	1.488617	1.159546	189	17	47	433.18
2.879793	2.138223	1.678323	186	14	54	433.16
-0.523599	2.299159	2.264663	172	25	46	433.10
1.047198	2.393226	1.857173	179	29	26	433.09
-3.141593	2.174483	2.653697	190	12	36	433.06
2.094395	2.719179	-1.780644	165	5	39	433.05
2.879793	1.812176	0.656819	170	11	48	433.04
1.570796	2.343981	-1.040456	190	10	41	433.03
2.356194	1.256302	0.062705	190	28	39	433.03
1.308997	2.356369	3.005869	167	3	38	433.01
0.785398	0.379747	-1.713059	184	21	51	433.00
-2.879793	1.875281	0.107086	172	5	43	432.94
-0.261799	2.180315	-1.357379	188	22	32	432.92
-1.570796	1.488617	1.159546	169	18	36	432.91
0.785398	1.555207	1.708892	15	182	8	432.90
1.047198	0.914445	2.687814	1	18	42	432.89
-2.879793	1.617114	-1.572037	180	18	45	432.88
-0.523599	0.370812	-2.547742	177	11	42	432.83
1.308997	1.045978	0.343692	173	36	37	432.80
1.308997	2.863997	0.549740	190	26	48	432.80
-1.832596	2.379497	0.561089	178	5	47	432.73
2.617994	1.128190	-2.288622	183	29	46	432.73
-3.141593	1.696674	-1.253233	184	20	44	432.69
0.785398	1.045978	0.343692	179	3	34	432.66
1.832596	2.033014	2.977192	182	17	32	432.63
-3.141593	1.870545	-2.976234	171	17	40	432.63
2.617994	0.960688	-0.577532	190	17	44	432.62
2.617994	2.704512	1.488683	48	184	186	432.62
-2.879793	2.299159	2.264663	188	19	39	432.60
2.617994	0.866395	-2.492918	178	26	46	432.59
-2.356194	2.455966	-0.641220	180	33	35	432.58
2.617994	2.724429	-0.348782	3	11	35	432.56
1.570796	1.998705	2.370472	178	30	27	432.53
-2.879793	2.174483	2.653697	191	17	38	432.52
1.570796	0.850607	-1.335383	174	18	46	432.50
-1.308997	2.724429	-0.348782	172	23	28	432.48
-1.308997	2.063651	-2.044600	167	12	37	432.36
-1.832596	1.374601	-2.456031	165	14	39	432.34
2.617994	2.587733	0.232235	171	25	49	432.29
2.617994	1.732874	-0.951685	163	13	26	432.29
0.000000	1.247695	1.809890	183	190	29	432.29
0.000000	1.909857	-0.381669	7	31	38	432.29
-0.785398	2.637879	2.121598	169	22	47	432.28
-2.879793	2.455966	-0.641220	187	27	35	432.26
-2.617994	2.295480	1.008277	40	181	181	432.15
0.000000	0.418037	1.360082	180	3	42	432.13
1.047198	0.992645	-1.723759	36	175	9	432.13
0.000000	1.440580	2.260026	180	2	31	432.12
1.047198	1.025536	1.576859	23	9	20	432.08
1.832596	0.906588	1.252948	165	16	39	432.06
-2.617994	0.762244	-0.273349	177	27	44	432.04
-3.141593	2.187132	-0.479875	170	13	39	432.04
-1.570796	1.875281	0.107086	170	19	32	432.02
-1.308997	1.875281	0.107086	178	35	32	432.02
1.570796	1.736875	3.023612	164	2	31	432.02
1.308997	2.456751	-1.503343	0	14	42	432.01
-0.261799	0.929350	-2.910676	187	11	45	432.00
-2.879793	1.741644	-2.695914	173	27	40	432.00
-2.094395	1.998705	2.370472	186	25	38	431.86
-1.832596	1.732874	-0.951685	167	25	36	431.86
-0.785398	0.709924	0.218797	166	13	41	431.84
0.523599	2.356369	3.005869	161	18	38	431.83
-1.047198	0.571433	-1.188419	179	20	50	431.81
0.785398	2.637879	2.121598	183	30	28	431.79
2.617994	1.325504	-1.671296	188	31	45	431.79
2.879793	2.251330	-2.330739	176	26	43	431.79
-3.141593	1.948085	-2.363031	170	22	42	431.79
-1.047198	1.554776	0.100351	45	173	1	431.77
-1.570796	1.756530	-2.105156	169	13	40	431.75
2.617994	2.033014	2.977192	176	32	32	431.73
-0.785398	2.719179	-1.780644	0	33	37	431.71
-2.617994	2.063651	-2.044600	171	19	40	431.67
-1.570796	2.404280	-0.174044	184	2	41	431.66
-2.617994	1.184361	0.625864	181	12	40	431.65
-0.785398	0.297065	2.160177	180	16	47	431.63
2.094395	0.992645	-1.723759	174	16	46	431.63
2.617994	0.762244	-0.273349	185	24	43	431.62
2.094395	0.899350	-2.069907	172	21	45	431.62
-2.617994	1.195355	1.200319	179	33	39	431.61
-2.617994	1.184361	0.625864	180	11	41	431.56
1.047198	1.168678	2.108595	161	13	35	431.55
1.832596	2.153910	-1.714959	190	17	46	431.52
-2.094395	1.135813	-2.658866	169	21	44	431.52
-2.356194	0.591903	2.010408	169	21	39	431.50
-1.832596	1.736875	3.023612	36	166	173	431.48
2.879793	2.455966	-0.641220	168	16	40	431.45
2.879793	2.180315	-1.357379	187	21	40	431.43
0.523599	2.587733	0.232235	189	28	47	431.42
0.000000	1.134497	-1.109631	176	21	46	431.42
2.617994	0.992645	-1.723759	46	189	185	431.42
-1.832596	1.135813	-2.658866	169	16	44	431.38
-1.308997	2.379497	0.561089	179	8	43	431.38
0.523599	2.637879	2.121598	191	31	32	431.36
1.832596	2.115563	0.685730	171	165	181	431.32
1.047198	1.014500	0.906702	39	173	2	431.29
1.308997	1.812176	0.656819	178	18	37	431.29
1.308997	0.929350	-2.910676	187	18	40	431.24
-0.523599	0.831641	0.616218	169	5	37	431.23
1.832596	1.247695	1.809890	185	19	38	431.23
2.356194	0.992645	-1.723759	172	179	10	431.23
1.570796	1.554776	0.100351	184	8	33	431.22
-1.047198	1.875281	0.107086	190	11	42	431.22
-1.047198	2.587733	0.232235	40	174	178	431.20
-1.832596	1.741644	-2.695914	171	9	39	431.17
2.617994	0.762244	-0.273349	182	21	40	431.16
-3.141593	1.218453	2.777284	170	17	33	431.16
2.879793	1.875281	0.107086	164	11	42	431.15
0.785398	1.134796	2.434290	160	15	30	431.14
2.617994	2.984978	1.954446	1	21	47	431.12
2.617994	2.455966	-0.641220	166	19	40	431.09
-1.570796	1.696674	-1.253233	180	24	48	431.08
1.047198	1.510910	-0.740472	174	7	39	431.08
-2.617994	0.850607	-1.335383	174	24	40	431.08
-2.356194	1.846342	-1.796954	175	17	44	431.08
2.617994	0.961715	0.014085	41	188	4	431.07
-0.261799	0.379747	-1.713059	177	15	45	431.06
0.000000	0.591903	2.010408	182	13	45	431.04
2.879793	2.393226	1.857173	189	14	41	430.98
2.617994	2.719179	-1.780644	176	13	36	430.96
2.879793	1.448123	-2.163292	185	37	41	430.94
1.047198	2.164094	-2.991358	161	10	32	430.92
2.094395	2.063651	-2.044600	159	165	182	430.85
1.047198	1.310100	1.488307	167	23	45	430.83
1.308997	0.910508	1.903534	163	16	36	430.83
-1.832596	1.325504	-1.671296	165	20	38	430.73
1.308997	2.579248	-2.364801	54	178	169	430.72
-1.570796	1.824694	1.850876	187	26	48	430.70
-2.094395	2.164094	-2.991358	175	9	40	430.67
1.570796	2.356369	3.005869	170	1	41	430.65
-1.832596	1.325504	-1.671296	167	20	43	430.60
2.617994	1.433411	-1.035986	189	9	41	430.58
2.879793	1.450119	-2.739050	174	18	44	430.57
-0.261799	1.574060	2.783565	177	13	34	430.54
-0.523599	0.379747	-1.713059	185	21	51	430.54
1.047198	1.545873	-1.877082	169	25	19	430.53
1.047198	0.496451	0.593859	182	5	37	430.52
-2.356194	0.418037	1.360082	171	23	39	430.52
0.523599	2.104282	-0.813972	169	9	35	430.39
1.570796	1.824694	1.850876	170	8	45	430.39
1.570796	1.977582	0.969896	179	15	39	430.39
-1.047198	0.618092	2.539118	175	11	45	430.34
1.308997	2.478122	2.609777	173	4	46	430.33
-1.308997	0.914445	2.687814	170	10	42	430.31
-1.047198	1.335669	0.897240	172	13	38	430.28
-2.617994	1.824694	1.850876	3	14	51	430.28
1.308997	2.664082	-1.071402	168	32	40	430.26
0.785398	1.448123	-2.163292	169	27	18	430.21
1.047198	2.407836	1.410646	48	173	162	430.18
-2.356194	1.128190	-2.288622	171	16	42	430.16
-1.308997	1.417623	-0.202254	165	23	37	430.15
-2.356194	0.864993	2.278281	165	23	38	430.15
-2.356194	0.929350	-2.910676	15	182	6	430.13
-2.617994	1.134497	-1.109631	172	26	37	430.12
2.879793	2.704512	1.488683	46	185	181	430.11
1.570796	1.574060	2.783565	180	29	30	430.07
2.356194	1.128190	-2.288622	185	29	46	430.03
-2.879793	0.866955	-0.931351	179	28	45	430.01
-1.570796	1.433411	-1.035986	176	27	44	430.01
-1.047198	1.696674	-1.253233	171	19	43	429.97
2.356194	0.866395	-2.492918	188	33	47	429.96
-0.785398	1.872854	1.543456	178	25	47	429.91
2.879793	2.001437	0.381215	169	15	47	429.90
1.047198	2.719179	-1.780644	1	12	40	429.86
-2.356194	2.073035	2.027405	4	24	51	429.86
1.047198	2.356369	3.005869	190	27	35	429.84
2.094395	2.587733	0.232235	175	32	49	429.83
-0.785398	0.866955	-0.931351	175	18	48	429.82
0.000000	0.419640	2.974122	180	10	44	429.78
1.832596	1.450119	-2.739050	180	32	42	429.75
1.570796	2.760637	2.781135	178	1	46	429.74
1.047198	0.866955	-0.931351	172	12	43	429.74
2.094395	2.247462	0.191623	168	27	47	429.72
-1.570796	1.413347	-1.339188	167	20	43	429.66
-2.617994	1.184361	0.625864	180	10	41	429.66
1.570796	1.977582	0.969896	173	22	50	429.62
0.000000	1.050534	3.042579	171	23	30	429.62
2.356194	1.391910	3.030322	185	0	30	429.62
-2.356194	1.977582	0.969896	185	15	52	429.61
-0.523599	2.664082	-1.071402	7	25	39	429.58
2.879793	1.741644	-2.695914	35	169	180	429.57
2.879793	1.699788	2.452890	177	31	30	429.56
1.308997	2.760637	2.781135	174	2	44	429.51
-1.570796	1.504028	0.636812	169	17	36	429.48
1.308997	1.218453	2.777284	55	184	173	429.45
1.047198	2.664082	-1.071402	172	32	35	429.29
2.617994	2.153910	-1.714959	160	161	183	429.24
0.261799	2.295480	1.008277	181	15	46	429.22
-1.570796	1.846342	-1.796954	169	16	40	429.21
-3.141593	1.448123	-2.163292	181	27	46	429.20
-0.523599	2.343981	-1.040456	169	6	27	429.19
-2.094395	0.899350	-2.069907	170	19	46	429.13
1.832596	1.504028	0.636812	165	22	44	429.11
-1.308997	1.113094	-0.272241	169	24	42	429.08
-1.047198	1.335669	0.897240	167	10	34	429.05
-0.523599	1.699788	2.452890	175	27	39	429.03
1.047198	1.824694	1.850876	170	11	43	429.02
-3.141593	2.404280	-0.174044	48	190	163	428.95
-3.141593	0.992645	-1.723759	178	9	44	428.94
-1.832596	0.370812	-2.547742	179	7	40	428.91
1.570796	1.870545	-2.976234	151	155	178	428.87
-0.261799	2.343981	-1.040456	187	21	33	428.81
2.094395	1.335669	0.897240	162	14	40	428.78
-1.308997	2.407836	1.410646	178	15	46	428.77
1.832596	1.870545	-2.976234	181	18	31	428.73
-2.879793	1.732874	-0.951685	179	23	34	428.72
-2.879793	1.448123	-2.163292	173	14	44	428.70
0.523599	0.618092	2.539118	163	18	27	428.69
1.570796	2.251330	-2.330739	161	173	187	428.67
-2.617994	1.904882	-1.478089	175	23	37	428.59
0.523599	0.618092	2.539118	170	18	33	428.52
-1.832596	2.073035	2.027405	186	24	46	428.50
-3.141593	1.310100	1.488307	184	191	43	428.47
-1.047198	1.050534	3.042579	180	32	30	428.46
2.094395	2.393226	1.857173	184	11	51	428.44
0.523599	1.242974	-2.977882	41	170	2	428.41
0.261799	2.704512	1.488683	179	29	27	428.37
-0.523599	1.488617	1.159546	188	28	48	428.37
-2.094395	1.696674	-1.253233	183	25	47	428.37
0.261799	1.948085	-2.363031	186	15	42	428.35
0.000000	1.662363	0.915448	183	24	45	428.35
1.570796	1.440580	2.260026	178	30	23	428.29
0.000000	0.961715	0.014085	190	24	37	428.27
1.570796	2.187132	-0.479875	23	1	0	428.27
-0.261799	0.370812	-2.547742	180	12	45	428.26
2.617994	2.187132	-0.479875	165	17	39	428.23
-0.261799	0.379747	-1.713059	181	9	42	428.15
2.094395	0.419640	2.974122	183	25	47	428.14
-2.879793	2.115563	0.685730	177	15	51	428.12
-3.141593	2.379497	0.561089	39	179	183	428.07
-3.141593	2.251330	-2.330739	171	24	38	428.07
-0.785398	1.875281	0.107086	171	21	33	428.05
1.308997	2.104282	-0.813972	182	5	40	428.05
1.832596	2.404280	-0.174044	171	28	35	428.02
-2.879793	1.870545	-2.976234	170	14	39	428.01
-3.141593	1.599406	1.426070	173	160	13	427.98
2.879793	1.545873	-1.877082	186	37	41	427.97
2.356194	2.863997	0.549740	177	28	38	427.96
-1.308997	0.615174	-0.666022	175	12	41	427.96
2.617994	0.297065	2.160177	30	188	9	427.95
0.261799	2.760637	2.781135	164	15	42	427.95
1.832596	2.164094	-2.991358	169	191	35	427.92
2.879793	1.732874	-0.951685	178	24	33	427.89
-2.879793	2.138223	1.678323	45	180	180	427.84
1.047198	1.766067	2.153843	166	10	42	427.80
1.832596	0.674054	1.013609	55	180	179	427.78
2.617994	1.870545	-2.976234	172	22	39	427.75
-1.047198	0.762244	-0.273349	169	15	42	427.74
-2.879793	0.571433	-1.188419	176	24	43	427.74
1.832596	0.992645	-1.723759	187	25	48	427.72
1.308997	1.977582	0.969896	178	18	47	427.70
2.879793	2.089241	-0.114193	153	168	5	427.65
-3.141593	1.448123	-2.163292	171	17	43	427.64
1.570796	2.073035	2.027405	172	8	49	427.62
-2.356194	0.864993	2.278281	166	22	37	427.61
-2.879793	1.599406	1.426070	173	161	11	427.61
2.879793	1.554776	0.100351	165	10	40	427.61
0.785398	0.419640	2.974122	187	13	46	427.60
0.785398	1.699788	2.452890	162	14	38	427.56
-2.617994	2.587733	0.232235	45	189	161	427.55
2.879793	0.733948	3.021411	175	26	43	427.50
-1.832596	1.909857	-0.381669	167	30	31	427.49
2.094395	0.850607	-1.335383	177	14	46	427.45
-1.047198	2.456751	-1.503343	169	9	30	427.44
2.879793	1.824694	1.850876	190	11	50	427.43
0.523599	1.045978	0.343692	185	21	39	427.43
-1.832596	2.404280	-0.174044	184	7	44	427.41
-3.141593	2.115563	0.685730	163	170	15	427.40
1.308997	1.574060	2.783565	161	6	32	427.38
-1.047198	2.719179	-1.780644	6	28	39	427.37
-3.141593	1.824694	1.850876	47	175	180	427.32
-1.570796	1.732874	-0.951685	166	22	36	427.30
-2.879793	1.982574	-1.115518	165	172	186	427.27
-2.879793	1.310100	1.488307	180	23	38	427.23
1.047198	1.135813	-2.658866	187	15	38	427.21
2.356194	2.033014	2.977192	171	26	34	427.20
0.523599	2.579248	-2.364801	164	27	34	427.15
1.047198	1.756530	-2.105156	188	24	47	427.12
-1.570796	1.741644	-2.695914	166	13	36	427.06
0.523599	1.325504	-1.671296	182	7	40	427.05
1.308997	1.194549	-0.801900	179	12	44	426.97
2.879793	2.455966	-0.641220	168	15	40	426.96
-2.617994	0.899350	-2.069907	178	6	42	426.93
0.261799	2.984978	1.954446	184	30	30	426.89
1.832596	0.899350	-2.069907	35	185	10	426.82
1.570796	1.721184	-0.153948	187	6	36	426.74
1.832596	1.870545	-2.976234	177	15	30	426.71
2.879793	1.301460	-0.509251	176	20	35	426.70
-3.141593	1.736875	3.023612	169	15	36	426.70
0.000000	2.592629	0.909713	190	14	53	426.68
2.617994	2.456751	-1.503343	50	188	171	426.67
0.523599	0.496451	0.593859	185	7	46	426.67
0.261799	1.875281	0.107086	182	23	37	426.67
-2.094395	1.374601	-2.456031	167	14	37	426.64
1.832596	2.404280	-0.174044	23	190	4	426.61
-1.308997	1.741644	-2.695914	177	9	41	426.58
-0.785398	1.875281	0.107086	168	18	31	426.57
0.000000	1.135834	-1.431087	166	157	190	426.54
-2.879793	0.685216	-1.712745	179	16	46	426.52
-0.261799	0.618092	2.539118	176	32	31	426.36
0.523599	0.685216	-1.712745	46	177	165	426.32
2.094395	2.407836	1.410646	184	21	55	426.31
-2.879793	1.374601	-2.456031	174	20	44	426.29
2.094395	1.569311	-3.003978	180	12	29	426.23
-2.356194	1.195355	1.200319	168	28	33	426.19
0.785398	2.063651	-2.044600	165	32	28	426.19
2.356194	2.393226	1.857173	166	17	24	426.18
0.785398	0.685216	-1.712745	177	21	47	426.17
1.570796	1.374601	-2.456031	182	29	45	426.16
-2.356194	1.662363	0.915448	186	4	49	426.10
1.570796	0.709924	0.218797	186	7	36	426.03
-1.832596	1.875281	0.107086	188	8	44	426.00
-2.879793	1.736875	3.023612	170	24	35	425.99
1.047198	2.592629	0.909713	186	22	51	425.96
1.832596	1.504028	0.636812	163	22	40	425.96
-0.261799	0.370812	-2.547742	185	13	49	425.94
0.785398	1.732874	-0.951685	176	8	43	425.94
-1.832596	1.870545	-2.976234	163	14	29	425.93
1.308997	1.569311	-3.003978	184	33	41	425.89
-1.832596	1.374601	-2.456031	169	18	43	425.89
-3.141593	1.809167	1.213774	183	13	52	425.89
1.832596	0.831641	0.616218	55	179	178	425.88
-1.047198	1.325504	-1.671296	170	9	42	425.87
2.617994	1.135813	-2.658866	173	18	43	425.87
2.879793	1.909857	-0.381669	164	10	36	425.85
-1.308997	0.960688	-0.577532	171	24	46	425.84
-1.047198	1.391910	3.030322	180	31	31	425.83
2.094395	2.108018	1.311430	176	15	51	425.82
2.356194	0.370812	-2.547742	172	24	45	425.76
-0.523599	2.664082	-1.071402	188	18	35	425.71
-2.617994	1.696674	-1.253233	177	24	40	425.71
1.832596	0.571433	-1.188419	42	188	157	425.68
-2.356194	2.251330	-2.330739	159	173	5	425.65
-2.879793	0.866955	-0.931351	176	26	41	425.65
2.094395	1.134497	-1.109631	186	18	46	425.65
1.308997	1.134796	2.434290	186	33	29	425.60
0.785398	1.569311	-3.003978	162	20	29	425.58
-2.356194	1.948085	-2.363031	171	14	42	425.54
0.785398	1.617114	-1.572037	175	13	42	425.53
0.785398	2.153910	-1.714959	168	35	29	425.52
-0.785398	1.194549	-0.801900	169	8	38	425.50
-2.094395	0.929350	-2.910676	169	12	40	425.46
-2.094395	1.413430	2.550734	162	19	30	425.45
0.785398	1.448123	-2.163292	34	184	159	425.44
-3.141593	2.863997	0.549740	173	25	51	425.44
-1.047198	0.762244	-0.273349	167	17	43	425.44
-2.617994	2.664082	-1.071402	181	29	35	425.44
-2.356194	0.906588	1.252948	171	24	33	425.40
1.308997	2.455966	-0.641220	171	35	40	425.39
-1.570796	1.683268	0.374177	169	17	33	425.35
2.879793	1.135813	-2.658866	170	22	42	425.35
-0.523599	2.456751	-1.503343	188	21	33	425.33
-1.308997	1.809167	1.213774	188	18	50	425.28
2.879793	2.180315	-1.357379	183	27	42	425.25
-1.570796	2.592629	0.909713	175	10	49	425.24
1.308997	1.736875	3.023612	162	5	30	425.22
2.094395	2.404280	-0.174044	168	28	44	425.19
2.356194	1.809167	1.213774	172	12	51	425.17
0.785398	0.618092	2.539118	53	176	178	425.16
2.356194	1.135834	-1.431087	176	13	45	425.12
1.047198	1.014500	0.906702	170	31	41	425.09
-2.356194	0.910508	1.903534	167	23	35	424.98
-2.879793	2.704512	1.488683	179	25	40	424.95
-3.141593	1.325504	-1.671296	184	33	45	424.92
-0.523599	0.571433	-1.188419	174	15	47	424.88
2.356194	2.704512	1.488683	49	182	185	424.85
0.785398	2.349581	-2.702517	160	19	33	424.84
1.570796	0.709924	0.218797	175	22	36	424.83
-0.523599	0.709924	0.218797	171	10	45	424.81
1.047198	1.696674	-1.253233	181	12	46	424.81
2.879793	1.545873	-1.877082	180	25	47	424.78
0.785398	0.992645	-1.723759	171	20	40	424.77
-2.356194	0.910508	1.903534	168	22	35	424.72
0.523599	0.700570	1.559208	169	27	35	424.72
1.047198	2.251330	-2.330739	157	20	29	424.64
-0.261799	1.113094	-0.272241	0	23	35	424.63
2.094395	1.824694	1.850876	174	5	47	424.63
2.094395	1.256302	0.062705	162	21	32	424.62
-2.094395	1.699788	2.452890	171	23	32	424.59
1.047198	1.448123	-2.163292	179	20	44	424.58
2.617994	2.724429	-0.348782	165	15	43	424.57
0.785398	2.393226	1.857173	47	174	165	424.52
0.785398	2.138223	1.678323	49	170	165	424.49
-0.785398	2.343981	-1.040456	171	19	42	424.42
0.785398	2.863997	0.549740	190	22	47	424.41
-3.141593	1.218453	2.777284	177	31	39	424.35
1.047198	1.569311	-3.003978	187	31	41	424.30
0.523599	2.587733	0.232235	188	19	42	424.30
2.356194	2.592629	0.909713	46	182	169	424.29
-1.570796	0.709924	0.218797	172	26	45	424.25
2.879793	2.073035	2.027405	190	10	51	424.21
1.047198	2.592629	0.909713	185	22	50	424.19
0.000000	1.699788	2.452890	180	3	28	424.15
1.308997	1.218453	2.777284	184	34	34	424.14
1.308997	0.571433	-1.188419	47	185	159	424.13
0.785398	2.138223	1.678323	184	32	24	424.13
2.617994	2.089241	-0.114193	165	19	42	424.11
1.570796	1.736875	3.023612	166	1	31	424.07
2.356194	2.033014	2.977192	169	27	34	424.04
-1.832596	2.063651	-2.044600	173	15	44	424.04
0.785398	0.864993	2.278281	162	19	32	424.04
2.094395	2.456751	-1.503343	54	182	174	424.03
-0.523599	0.571433	-1.188419	175	12	44	423.95
2.094395	1.113094	-0.272241	165	23	30	423.94
2.356194	1.662363	0.915448	171	14	50	423.93
0.523599	2.588535	-2.976617	3	17	37	423.91
0.785398	2.108018	1.311430	179	18	52	423.91
-1.570796	1.875281	0.107086	182	36	31	423.90
-1.832596	1.977582	0.969896	184	9	48	423.89
-2.617994	0.899350	-2.069907	174	16	43	423.89
1.047198	0.615174	-0.666022	47	188	165	423.84
0.000000	2.393226	1.857173	170	15	46	423.82
0.785398	0.899350	-2.069907	184	23	47	423.80
1.570796	2.404280	-0.174044	171	31	40	423.78
-1.047198	0.733948	3.021411	176	9	46	423.76
1.308997	1.128190	-2.288622	178	27	45	423.74
2.094395	0.419640	2.974122	178	25	43	423.73
-1.308997	1.683268	0.374177	183	15	41	423.69
2.879793	2.247462	0.191623	168	18	47	423.68
-1.832596	1.135813	-2.658866	165	14	40	423.64
1.047198	0.906588	1.252948	166	21	33	423.63
-1.570796	0.831641	0.616218	165	20	38	423.62
-0.523599	1.113094	-0.272241	159	170	5	423.58
-1.047198	2.456751	-1.503343	173	20	42	423.58
2.356194	2.164094	-2.991358	181	13	32	423.47
2.617994	2.073035	2.027405	168	17	25	423.44
-1.832596	2.041297	-2.664597	50	186	184	423.39
0.785398	1.741644	-2.695914	187	23	41	423.36
1.832596	2.115563	0.685730	173	26	51	423.34
-1.308997	0.619654	-2.216909	35	179	159	423.32
0.785398	0.929350	-2.910676	190	14	44	423.30
-2.356194	1.658653	-2.409879	172	12	43	423.27
-0.261799	1.998705	2.370472	168	25	40	423.27
-2.094395	1.413430	2.550734	172	27	36	423.26
-0.523599	0.297065	2.160177	179	5	43	423.26
2.094395	2.404280	-0.174044	169	29	45	423.24
-2.094395	1.766067	2.153843	170	25	31	423.22
-3.141593	1.194549	-0.801900	188	23	44	423.20
0.000000	1.242974	-2.977882	40	185	2	423.19
-1.047198	2.108018	1.311430	180	16	46	423.19
-3.141593	1.998705	2.370472	5	10	47	423.18
1.308997	0.850607	-1.335383	171	16	44	423.18
0.523599	0.685216	-1.712745	179	13	44	423.17
2.879793	1.741644	-2.695914	32	180	185	423.13
0.785398	1.325504	-1.671296	173	17	42	423.12
2.879793	1.135834	-1.431087	186	28	47	423.11
2.879793	1.948085	-2.363031	181	13	29	423.10
-2.094395	1.875281	0.107086	185	7	44	423.04
-1.308997	1.242974	-2.977882	169	5	38	422.98
1.308997	2.407836	1.410646	184	11	47	422.97
-2.617994	2.247462	0.191623	175	11	47	422.93
-2.879793	2.404280	-0.174044	45	0	163	422.92
1.308997	1.310100	1.488307	167	22	46	422.86
-2.094395	1.367556	0.358405	173	27	38	422.81
2.617994	2.153910	-1.714959	182	23	30	422.78
-0.261799	1.440580	2.260026	178	10	36	422.77
-1.832596	1.683268	0.374177	182	5	39	422.74
1.047198	2.637879	2.121598	179	29	28	422.73
2.356194	1.741644	-2.695914	172	159	182	422.65
1.308997	1.488617	1.159546	171	25	49	422.65
-1.832596	1.658653	-2.409879	174	16	44	422.65
-2.617994	2.719179	-1.780644	171	25	31	422.64
2.094395	2.587733	0.232235	172	27	47	422.62
0.523599	2.393226	1.857173	173	10	47	422.57
-0.523599	2.979456	-1.009304	2	25	43	422.57
-3.141593	2.393226	1.857173	190	20	54	422.49
2.879793	1.869911	2.701025	168	17	29	422.45
2.356194	1.335669	0.897240	166	10	43	422.42
2.094395	1.948085	-2.363031	184	24	47	422.35
-0.523599	2.592629	0.909713	179	9	47	422.34
-0.261799	1.242974	-2.977882	174	38	23	422.27
2.094395	1.050534	3.042579	174	31	36	422.25
2.356194	2.164094	-2.991358	181	187	35	422.24
-1.047198	1.256302	0.062705	164	13	35	422.19
1.047198	1.909857	-0.381669	172	5	31	422.16
-1.570796	1.510910	-0.740472	167	23	39	422.14
-2.356194	0.297065	2.160177	171	16	40	422.09
2.879793	0.960688	-0.577532	184	29	43	422.08
1.570796	1.766067	2.153843	167	6	44	422.07
0.523599	2.393226	1.857173	172	11	47	422.05
1.308997	2.637879	2.121598	178	31	30	422.03
-1.570796	1.545873	-1.877082	166	15	40	422.02
-0.785398	2.587733	0.232235	187	6	45	422.01
-1.308997	0.866955	-0.931351	172	13	42	422.00
2.356194	2.704512	1.488683	190	17	44	421.99
-0.785398	0.850607	-1.335383	174	10	43	421.97
1.047198	1.450119	-2.739050	185	16	34	421.89
0.785398	1.440580	2.260026	161	16	37	421.79
1.047198	0.379747	-1.713059	175	20	47	421.77
2.356194	1.433411	-1.035986	187	8	42	421.67
-1.047198	1.256302	0.062705	168	20	38	421.64
-2.094395	0.700570	1.559208	167	21	36	421.60
2.617994	2.404280	-0.174044	165	17	45	421.60
1.308997	0.203748	0.590255	185	10	46	421.57
1.832596	0.674054	1.013609	171	19	38	421.57
-0.785398	2.379497	0.561089	184	10	46	421.54
2.879793	2.299159	2.264663	167	15	28	421.50
0.785398	0.864993	2.278281	163	18	33	421.44
-1.570796	1.325504	-1.671296	166	16	40	421.39
0.261799	0.914445	2.687814	170	21	33	421.34
-0.785398	0.615174	-0.666022	175	21	49	421.33
2.094395	1.904882	-1.478089	188	18	46	421.33
-1.308997	1.662363	0.915448	185	18	45	421.30
-2.356194	2.456751	-1.503343	186	11	35	421.27
-1.832596	2.456751	-1.503343	179	31	42	421.26
0.261799	0.674054	1.013609	186	14	45	421.25
-3.141593	2.724429	-0.348782	169	10	47	421.20
-2.094395	1.909857	-0.381669	188	35	38	421.19
2.879793	1.998705	2.370472	2	9	47	421.16
2.356194	2.393226	1.857173	165	18	24	421.13
2.617994	1.696674	-1.253233	184	18	45	421.08
1.308997	2.637879	2.121598	182	6	51	421.07
-2.617994	1.214854	-1.966664	174	21	45	421.07
0.000000	1.574060	2.783565	168	33	36	421.06
1.047198	2.063651	-2.044600	163	27	28	420.99
1.308997	2.180315	-1.357379	165	33	30	420.98
-0.523599	2.379497	0.561089	188	12	50	420.95
-1.308997	1.875281	0.107086	173	14	33	420.85
1.308997	1.658653	-2.409879	184	27	46	420.85
0.785398	0.419640	2.974122	190	16	48	420.84
0.785398	1.440580	2.260026	162	16	38	420.84
2.356194	1.599406	1.426070	163	164	13	420.82
1.832596	0.619654	-2.216909	178	24	47	420.81
0.523599	1.413347	-1.339188	171	15	40	420.80
1.047198	2.664082	-1.071402	171	33	38	420.75
0.261799	1.569311	-3.003978	190	22	37	420.74
1.570796	2.979456	-1.009304	37	178	188	420.73
1.570796	2.187132	-0.479875	166	31	35	420.70
2.094395	2.138223	1.678323	180	12	54	420.70
1.047198	0.619654	-2.216909	175	175	12	420.68
-1.570796	0.619654	-2.216909	36	180	160	420.61
1.047198	1.135813	-2.658866	184	14	35	420.60
-2.356194	1.391910	3.030322	169	6	27	420.54
1.047198	1.869911	2.701025	188	30	32	420.53
2.356194	1.736875	3.023612	187	3	34	420.53
1.832596	2.719179	-1.780644	53	182	168	420.51
1.308997	0.203748	0.590255	178	17	41	420.50
1.832596	0.914445	2.687814	189	23	41	420.44
1.047198	1.909857	-0.381669	174	38	34	420.43
0.261799	0.850607	-1.335383	178	9	45	420.40
0.785398	0.866955	-0.931351	48	184	163	420.40
-2.879793	1.195355	1.200319	185	13	42	420.37
-1.570796	2.664082	-1.071402	185	9	34	420.33
0.523599	1.617114	-1.572037	175	15	44	420.33
1.047198	1.741644	-2.695914	161	13	22	420.29
-2.879793	1.488617	1.159546	183	2	47	420.28
-0.523599	1.875281	0.107086	170	29	31	420.19
1.308997	1.050534	3.042579	184	12	34	420.18
0.785398	0.615174	-0.666022	177	9	45	420.16
-2.094395	1.450119	-2.739050	168	163	5	420.11
-1.570796	1.617114	-1.572037	170	23	43	420.08
-2.356194	2.247462	0.191623	175	1	44	420.08
2.356194	2.138223	1.678323	182	12	54	420.07
-0.523599	2.704512	1.488683	174	10	50	420.06
1.047198	1.135813	-2.658866	179	27	39	420.05
1.308997	2.579248	-2.364801	161	12	36	420.03
-2.094395	1.195355	1.200319	167	23	30	420.03
2.617994	2.396274	-1.959260	180	28	38	420.00
-2.094395	1.374601	-2.456031	173	166	9	419.97
-2.094395	1.545873	-1.877082	171	22	44	419.93
2.356194	1.506530	1.988858	187	22	37	419.93
1.308997	2.343981	-1.040456	167	35	35	419.88
0.785398	2.588535	-2.976617	162	14	38	419.85
1.570796	2.104282	-0.813972	182	3	35	419.85
1.047198	1.606104	-0.451151	182	36	35	419.84
1.047198	2.180315	-1.357379	166	31	27	419.80
-2.356194	2.073035	2.027405	3	21	52	419.78
-3.141593	2.247462	0.191623	156	168	10	419.71
-0.261799	0.685216	-1.712745	183	15	51	419.63
-1.832596	1.870545	-2.976234	3	30	32	419.59
-3.141593	2.455966	-0.641220	171	15	39	419.56
-1.832596	1.696674	-1.253233	182	25	47	419.56
-2.094395	1.948085	-2.363031	162	169	7	419.53
2.879793	1.696674	-1.253233	183	20	44	419.52
-2.094395	2.396274	-1.959260	175	23	44	419.51
0.523599	2.187132	-0.479875	34	185	190	419.50
1.047198	0.419640	2.974122	184	12	41	419.49
-0.523599	2.456751	-1.503343	170	5	27	419.42
-1.832596	1.599406	1.426070	165	22	29	419.41
-2.879793	1.658653	-2.409879	168	16	39	419.41
-2.617994	1.766067	2.153843	181	22	35	419.39
-1.832596	0.961715	0.014085	185	1	27	419.39
1.308997	1.050534	3.042579	180	30	33	419.38
2.879793	0.960688	-0.577532	178	20	36	419.38
0.785398	0.700570	1.559208	165	22	30	419.38
0.785398	1.599406	1.426070	172	22	47	419.32
1.570796	0.618092	2.539118	0	18	45	419.31
-0.523599	2.760637	2.781135	170	26	46	419.29
-1.047198	1.872854	1.543456	183	25	50	419.25
0.785398	1.417623	-0.202254	173	8	37	419.12
2.879793	2.979456	-1.009304	165	7	42	419.11
-3.141593	1.872854	1.543456	187	11	53	419.00
0.785398	0.992645	-1.723759	181	18	48	419.00
-3.141593	1.977582	0.969896	179	15	52	418.94
0.261799	1.045978	0.343692	186	22	39	418.87
1.570796	1.367556	0.358405	185	1	28	418.84
0.785398	1.450119	-2.739050	162	16	20	418.82
-2.617994	0.899350	-2.069907	177	26	49	418.81
-0.523599	2.592629	0.909713	180	8	47	418.78
2.617994	1.948085	-2.363031	183	16	29	418.72
1.832596	0.850607	-1.335383	174	10	43	418.68
-0.261799	2.001437	0.381215	2	21	48	418.68
2.617994	0.674054	1.013609	183	22	43	418.66
0.261799	0.906588	1.252948	185	191	37	418.64
2.879793	1.413347	-1.339188	183	15	45	418.62
1.832596	1.335669	0.897240	162	18	40	418.60
1.308997	0.370812	-2.547742	46	169	167	418.59
-2.094395	1.658653	-2.409879	166	15	35	418.56
1.570796	1.741644	-2.695914	163	4	24	418.56
-3.141593	1.374601	-2.456031	50	168	158	418.55
-2.094395	2.073035	2.027405	185	23	42	418.52
-0.261799	0.379747	-1.713059	185	21	51	418.52
-1.570796	2.393226	1.857173	179	22	45	418.52
0.785398	0.700570	1.559208	166	24	35	418.51
1.832596	0.619654	-2.216909	171	20	41	418.41
2.356194	1.699788	2.452890	188	8	40	418.40
-2.094395	2.041297	-2.664597	176	12	43	418.34
-2.879793	0.850607	-1.335383	182	18	46	418.33
-1.570796	2.033014	2.977192	166	10	25	418.24
1.832596	2.247462	0.191623	174	166	185	418.22
0.000000	1.050534	3.042579	170	18	28	418.18
1.047198	0.762244	-0.273349	10	31	13	418.17
-3.141593	1.168678	2.108595	39	0	173	418.07
0.261799	1.606104	-0.451151	3	33	35	418.04
1.570796	1.045978	0.343692	42	179	3	418.04
-2.356194	1.135813	-2.658866	173	6	38	418.03
-2.879793	1.599406	1.426070	188	6	50	418.03
-1.308997	1.504028	0.636812	173	18	37	417.98
1.047198	1.134796	2.434290	190	33	28	417.89
-1.047198	0.618092	2.539118	180	23	41	417.85
-0.261799	0.618092	2.539118	174	30	32	417.85
1.047198	1.135834	-1.431087	176	18	47	417.82
-1.570796	1.214854	-1.966664	173	20	46	417.80
-2.879793	2.863997	0.549740	172	21	51	417.76
1.570796	0.571433	-1.188419	171	15	43	417.74
1.308997	1.214854	-1.966664	177	21	46	417.72
1.832596	2.138223	1.678323	177	10	49	417.70
-0.261799	0.591903	2.010408	180	33	34	417.70
-2.094395	1.504028	0.636812	173	28	36	417.68
0.523599	1.450119	-2.739050	165	27	23	417.63
-2.879793	2.041297	-2.664597	166	17	35	417.63
-1.832596	1.732874	-0.951685	182	29	46	417.63
-0.523599	0.591903	2.010408	179	14	45	417.62
2.356194	2.073035	2.027405	167	21	23	417.58
1.047198	1.134796	2.434290	5	20	38	417.54
0.785398	0.929350	-2.910676	183	29	36	417.52
-1.308997	0.866395	-2.492918	178	16	47	417.44
-1.570796	0.960688	-0.577532	172	27	46	417.42
-2.356194	1.014500	0.906702	186	8	41	417.40
1.047198	2.393226	1.857173	180	30	27	417.29
1.570796	2.356369	3.005869	168	2	41	417.21
-2.879793	1.812176	0.656819	177	8	48	417.19
-2.356194	2.089241	-0.114193	177	189	37	417.18
-2.094395	2.115563	0.685730	183	12	51	417.13
0.785398	2.579248	-2.364801	6	21	39	417.12
2.094395	1.574060	2.783565	183	4	35	417.11
2.879793	1.391910	3.030322	170	21	37	417.11
1.570796	1.242974	-2.977882	41	181	0	417.07
2.879793	1.824694	1.850876	47	171	182	417.01
-1.047198	2.456751	-1.503343	172	13	42	416.99
-1.570796	0.762244	-0.273349	174	28	46	416.98
2.094395	1.448123	-2.163292	179	21	47	416.96
-2.356194	1.766067	2.153843	190	19	41	416.96
-1.832596	0.080730	-2.622036	181	10	47	416.94
0.000000	2.724429	-0.348782	6	21	44	416.94
0.261799	0.850607	-1.335383	27	178	11	416.94
-2.617994	1.741644	-2.695914	171	24	40	416.92
-2.356194	2.393226	1.857173	189	25	54	416.83
-2.879793	1.450119	-2.739050	167	13	37	416.83
-1.308997	2.251330	-2.330739	2	31	30	416.82
2.356194	1.134497	-1.109631	182	7	39	416.80
-0.523599	0.914445	2.687814	178	19	39	416.80
-0.785398	1.218453	2.777284	164	161	1	416.80
2.617994	1.998705	2.370472	154	173	173	416.74
1.832596	1.195355	1.200319	166	17	44	416.73
-1.308997	2.180315	-1.357379	172	21	45	416.71
-1.570796	1.658653	-2.409879	176	14	44	416.70
0.000000	0.733948	3.021411	163	23	20	416.68
-2.356194	1.510910	-0.740472	173	31	38	416.66
-2.879793	1.450119	-2.739050	173	24	42	416.63
-1.832596	2.089241	-0.114193	169	18	27	416.63
0.523599	1.617114	-1.572037	174	15	42	416.63
1.832596	2.247462	0.191623	169	28	44	416.57
-2.094395	1.766067	2.153843	0	23	45	416.52
0.261799	1.569311	-3.003978	166	31	28	416.51
1.308997	0.203748	0.590255	186	9	46	416.49
-3.141593	2.108018	1.311430	185	19	53	416.48
-0.261799	0.297065	2.160177	168	159	2	416.48
-0.523599	2.379497	0.561089	183	11	41	416.46
1.570796	0.419640	2.974122	186	15	41	416.46
2.879793	0.762244	-0.273349	182	25	43	416.46
1.832596	1.195355	1.200319	190	24	40	416.44
1.308997	0.831641	0.616218	170	32	37	416.41
-1.570796	1.504028	0.636812	168	15	34	416.39
-2.094395	2.089241	-0.114193	182	4	43	416.36
0.785398	1.545873	-1.877082	51	169	175	416.35
0.000000	0.458961	-0.107937	173	9	45	416.31
-1.308997	2.247462	0.191623	186	5	44	416.25
2.617994	1.448123	-2.163292	176	26	46	416.23
0.261799	0.906588	1.252948	178	39	39	416.20
0.523599	2.187132	-0.479875	190	29	39	416.17
1.570796	2.404280	-0.174044	172	35	45	416.14
2.356194	2.251330	-2.330739	182	18	30	416.10
-1.832596	0.458961	-0.107937	43	187	179	416.08
0.785398	2.299159	2.264663	169	9	45	416.03
1.832596	2.251330	-2.330739	188	22	43	415.99
-2.879793	2.407836	1.410646	184	22	55	415.92
2.356194	2.393226	1.857173	48	175	190	415.91
-2.879793	2.063651	-2.044600	171	22	41	415.89
-0.261799	0.929350	-2.910676	174	161	8	415.82
0.000000	1.554776	0.100351	172	5	33	415.77
0.000000	1.569311	-3.003978	190	20	37	415.76
-2.094395	0.831641	0.616218	187	1	31	415.76
2.094395	2.704512	1.488683	187	15	41	415.76
-2.094395	2.001437	0.381215	183	7	48	415.72
-2.617994	1.128190	-2.288622	174	29	46	415.67
2.356194	2.108018	1.311430	42	175	190	415.59
-2.879793	1.658653	-2.409879	168	177	9	415.59
-2.617994	2.251330	-2.330739	158	175	4	415.57
-1.832596	1.617114	-1.572037	171	24	43	415.57
1.308997	2.356369	3.005869	184	29	32	415.52
-3.141593	1.310100	1.488307	173	156	8	415.42
1.570796	2.063651	-2.044600	0	27	45	415.37
1.047198	1.310100	1.488307	167	17	39	415.37
2.094395	1.569311	-3.003978	175	188	27	415.36
0.785398	1.113094	-0.272241	46	191	170	415.33
2.356194	2.719179	-1.780644	171	15	36	415.31
-2.617994	2.393226	1.857173	44	185	177	415.28
0.000000	1.875281	0.107086	42	6	4	415.27
-2.617994	1.824694	1.850876	2	14	51	415.24
2.356194	1.184361	0.625864	161	12	37	415.24
-2.094395	1.506530	1.988858	169	25	33	415.23
-3.141593	1.824694	1.850876	16	12	29	415.22
1.047198	0.899350	-2.069907	47	178	176	415.21
-2.879793	1.555207	1.708892	181	26	37	415.19
1.832596	1.335669	0.897240	162	19	42	415.17
2.094395	0.458961	-0.107937	185	19	46	415.15
1.047198	0.914445	2.687814	189	35	31	415.12
1.047198	2.588535	-2.976617	163	9	38	414.99
-1.570796	1.335669	0.897240	171	19	39	414.99
0.523599	1.554776	0.100351	169	7	31	414.94
2.617994	0.290380	-0.796960	185	9	44	414.93
1.047198	2.881233	-2.582574	163	13	41	414.93
1.308997	2.180315	-1.357379	188	12	44	414.92
-2.617994	1.247695	1.809890	171	26	31	414.89
1.832596	2.724429	-0.348782	172	33	45	414.80
-3.141593	1.870545	-2.976234	6	2	33	414.79
-0.261799	0.297065	2.160177	182	5	43	414.75
-3.141593	1.875281	0.107086	180	25	37	414.73
-0.785398	0.906588	1.252948	177	14	43	414.72
0.261799	0.700570	1.559208	185	12	45	414.66
2.356194	1.214854	-1.966664	176	23	47	414.63
0.785398	0.297065	2.160177	180	13	41	414.55
2.879793	1.736875	3.023612	187	8	31	414.55
-1.308997	1.242974	-2.977882	170	9	41	414.54
2.879793	2.063651	-2.044600	181	13	30	414.50
0.785398	1.766067	2.153843	190	31	26	414.42
-1.570796	0.733948	3.021411	168	10	41	414.37
2.094395	1.374601	-2.456031	176	22	45	414.34
0.785398	0.929350	-2.910676	189	11	41	414.31
-1.570796	1.555207	1.708892	185	21	42	414.20
0.523599	0.419640	2.974122	185	12	46	414.15
-2.879793	1.683268	0.374177	174	6	45	414.12
-0.785398	1.256302	0.062705	169	12	39	414.07
1.047198	0.899350	-2.069907	49	174	177	414.04
-1.832596	1.617114	-1.572037	172	23	44	413.95
0.000000	1.025536	1.576859	177	6	38	413.94
1.570796	1.506530	1.988858	164	8	43	413.90
-0.785398	0.831641	0.616218	168	10	41	413.86
-2.617994	1.134497	-1.109631	173	26	38	413.86
2.094395	2.407836	1.410646	182	17	52	413.84
-2.356194	1.448123	-2.163292	175	10	43	413.81
-2.356194	1.214854	-1.966664	173	27	46	413.81
-0.261799	0.591903	2.010408	178	30	35	413.80
-2.617994	1.574060	2.783565	27	191	189	413.79
-2.094395	1.658653	-2.409879	174	7	41	413.78
-2.879793	1.195355	1.200319	181	32	40	413.76
-1.570796	1.872854	1.543456	186	21	49	413.72
1.047198	2.637879	2.121598	181	31	30	413.70
1.308997	2.164094	-2.991358	188	26	38	413.66
-2.094395	2.396274	-1.959260	176	24	44	413.63
1.308997	2.108018	1.311430	179	13	47	413.63
-0.261799	2.704512	1.488683	36	173	184	413.61
-0.261799	1.194549	-0.801900	172	4	40	413.61
2.617994	1.135813	-2.658866	171	25	42	413.60
-1.832596	0.831641	0.616218	37	189	171	413.60
1.047198	2.588535	-2.976617	162	10	37	413.59
-1.047198	2.704512	1.488683	163	172	16	413.57
2.356194	2.704512	1.488683	188	19	46	413.55
-1.832596	1.870545	-2.976234	0	27	31	413.54
0.785398	1.836682	-0.676006	186	31	34	413.54
-2.356194	2.041297	-2.664597	172	12	41	413.52
-2.094395	1.741644	-2.695914	164	165	5	413.47
0.523599	0.370812	-2.547742	185	10	43	413.43
1.047198	1.809167	1.213774	176	16	40	413.40
-0.785398	2.104282	-0.813972	172	23	42	413.38
-0.785398	0.674054	1.013609	168	8	39	413.34
1.308997	1.982574	-1.115518	166	32	28	413.33
-2.617994	2.396274	-1.959260	172	22	34	413.28
0.000000	2.455966	-0.641220	191	23	38	413.27
-2.617994	1.869911	2.701025	171	7	32	413.26
0.785398	1.134497	-1.109631	169	12	36	413.15
0.261799	0.418037	1.360082	184	15	47	413.13
0.785398	2.579248	-2.364801	0	12	40	413.13
-2.356194	1.696674	-1.253233	185	27	47	413.09
1.047198	0.960688	-0.577532	175	13	42	413.09
-2.617994	0.992645	-1.723759	28	179	9	413.02
0.261799	0.370812	-2.547742	183	9	43	413.00
2.356194	2.295480	1.008277	177	21	53	412.98
-0.523599	2.704512	1.488683	173	10	48	412.97
-3.141593	1.736875	3.023612	42	173	188	412.96
-0.523599	2.760637	2.781135	169	26	44	412.96
0.523599	0.418037	1.360082	179	12	38	412.96
-0.785398	1.696674	-1.253233	171	19	44	412.96
0.261799	1.732874	-0.951685	173	6	36	412.93
-1.570796	2.108018	1.311430	181	18	51	412.93
-3.141593	1.812176	0.656819	23	190	2	412.85
-2.617994	2.407836	1.410646	184	22	55	412.84
-2.879793	1.555207	1.708892	191	5	47	412.82
1.832596	1.417623	-0.202254	184	3	34	412.80
0.785398	0.831641	0.616218	176	34	37	412.80
1.047198	2.251330	-2.330739	160	18	28	412.80
1.570796	1.766067	2.153843	176	28	22	412.78
0.261799	1.025536	1.576859	35	185	174	412.74
0.785398	0.640596	-2.797608	187	17	47	412.69
2.879793	2.664082	-1.071402	166	2	38	412.64
-1.308997	0.960688	-0.577532	39	1	174	412.63
2.617994	1.741644	-2.695914	34	180	185	412.62
-2.617994	1.025536	1.576859	190	6	39	412.56
-1.308997	0.709924	0.218797	166	19	42	412.53
-2.356194	1.696674	-1.253233	167	30	31	412.52
0.523599	1.756530	-2.105156	36	187	164	412.48
-1.047198	2.108018	1.311430	184	18	53	412.48
2.356194	1.658653	-2.409879	179	21	47	412.46
-2.617994	0.685216	-1.712745	179	14	45	412.45
1.308997	1.242974	-2.977882	181	32	40	412.45
0.523599	1.325504	-1.671296	43	182	165	412.42
-2.356194	1.367556	0.358405	180	189	35	412.38
-0.785398	1.128190	-2.288622	173	5	40	412.30
1.570796	2.719179	-1.780644	167	25	37	412.28
0.785398	0.674054	1.013609	182	13	42	412.27
0.000000	1.554776	0.100351	188	23	39	412.27
-1.047198	2.138223	1.678323	178	24	50	412.25
-0.785398	2.343981	-1.040456	172	19	42	412.24
0.261799	0.418037	1.360082	181	4	41	412.16
-1.832596	2.724429	-0.348782	179	31	33	412.13
0.785398	0.297065	2.160177	184	15	47	412.04
-1.570796	1.904882	-1.478089	168	17	38	412.01
1.832596	2.251330	-2.330739	188	21	42	412.00
-2.879793	1.194549	-0.801900	179	20	36	411.85
-1.832596	2.664082	-1.071402	170	27	35	411.83
0.523599	1.696674	-1.253233	28	173	7	411.79
-2.094395	1.510910	-0.740472	169	28	37	411.79
-1.047198	0.960688	-0.577532	171	20	46	411.78
0.785398	1.696674	-1.253233	29	173	7	411.77
-1.570796	2.456751	-1.503343	176	27	43	411.65
1.308997	0.496451	0.593859	186	12	44	411.65
2.879793	1.413430	2.550734	183	36	35	411.62
0.785398	2.349581	-2.702517	158	20	32	411.61
-1.832596	1.696674	-1.253233	181	25	48	411.60
2.356194	1.045978	0.343692	188	25	41	411.58
0.261799	1.574060	2.783565	162	23	32	411.53
-2.094395	1.367556	0.358405	172	27	38	411.43
-0.261799	1.218453	2.777284	172	27	33	411.38
2.356194	1.658653	-2.409879	179	22	47	411.38
2.356194	1.413347	-1.339188	184	14	47	411.32
-1.570796	2.295480	1.008277	39	178	0	411.30
-1.308997	1.448123	-2.163292	171	15	43	411.30
0.000000	0.910508	1.903534	175	25	37	411.24
2.356194	2.164094	-2.991358	173	27	37	411.21
-0.785398	1.824694	1.850876	39	176	176	411.19
2.617994	1.325504	-1.671296	47	191	181	411.19
1.832596	2.396274	-1.959260	54	184	175	411.12
-2.094395	1.809167	1.213774	191	16	52	411.11
-1.308997	1.662363	0.915448	41	176	10	411.10
-2.617994	2.247462	0.191623	173	9	47	411.07
-2.617994	2.138223	1.678323	188	13	51	411.07
0.261799	1.134796	2.434290	163	26	34	411.05
-2.094395	1.998705	2.370472	187	25	39	411.05
2.879793	2.637879	2.121598	0	15	42	411.04
0.000000	1.699788	2.452890	168	30	42	410.99
0.000000	0.709924	0.218797	191	27	36	410.97
0.261799	0.961715	0.014085	51	4	166	410.96
2.879793	2.033014	2.977192	185	7	29	410.93
2.617994	1.699788	2.452890	175	30	28	410.92
-2.094395	1.391910	3.030322	165	18	37	410.92
0.785398	1.134497	-1.109631	15	20	8	410.91
-1.832596	1.909857	-0.381669	177	32	37	410.91
-0.785398	2.393226	1.857173	171	21	45	410.85
1.308997	2.349581	-2.702517	163	174	189	410.82
-1.832596	1.846342	-1.796954	168	21	40	410.82
1.570796	1.050534	3.042579	41	181	2	410.79
-1.832596	1.766067	2.153843	186	24	40	410.74
1.308997	1.413430	2.550734	165	12	37	410.74
0.000000	0.297065	2.160177	178	12	38	410.73
-2.356194	1.870545	-2.976234	169	7	33	410.69
-2.094395	1.574060	2.783565	170	9	32	410.68
-2.356194	2.033014	2.977192	173	6	36	410.65
-1.570796	1.448123	-2.163292	166	14	40	410.65
-2.094395	1.569311	-3.003978	171	11	39	410.62
1.047198	2.180315	-1.357379	168	36	30	410.60
0.785398	1.510910	-0.740472	169	9	34	410.57
-2.617994	1.756530	-2.105156	173	17	45	410.57
-1.832596	1.374601	-2.456031	164	15	39	410.52
2.879793	1.948085	-2.363031	171	24	41	410.51
0.785398	0.831641	0.616218	178	39	36	410.50
-2.617994	1.982574	-1.115518	179	27	41	410.49
2.094395	0.709924	0.218797	188	21	44	410.49
-2.617994	1.214854	-1.966664	179	12	47	410.46
1.308997	2.164094	-2.991358	162	6	33	410.45
0.000000	2.760637	2.781135	165	19	43	410.41
1.570796	1.599406	1.426070	157	172	12	410.40
0.785398	1.050534	3.042579	185	15	38	410.39
-1.570796	1.545873	-1.877082	165	16	41	410.37
1.570796	2.108018	1.311430	52	178	162	410.36
0.785398	0.906588	1.252948	168	25	34	410.35
-1.308997	1.050534	3.042579	169	6	38	410.28
-2.094395	0.899350	-2.069907	175	23	49	410.27
0.523599	1.134796	2.434290	162	20	31	410.26
0.785398	0.961715	0.014085	185	15	41	410.24
-2.617994	1.025536	1.576859	172	25	32	410.23
2.879793	2.299159	2.264663	1	12	51	410.22
1.047198	1.506530	1.988858	162	14	40	410.22
-2.879793	1.977582	0.969896	180	14	52	410.19
0.523599	1.904882	-1.478089	184	28	30	410.18
-2.356194	1.488617	1.159546	178	163	10	410.10
-2.356194	1.599406	1.426070	168	28	29	410.09
0.000000	1.413430	2.550734	169	34	37	410.09
2.356194	1.870545	-2.976234	181	13	30	410.08
1.832596	1.741644	-2.695914	37	190	2	410.05
-2.356194	1.658653	-2.409879	167	170	9	410.03
-0.261799	1.218453	2.777284	176	4	36	410.02
1.832596	1.417623	-0.202254	165	28	33	410.01
-2.356194	1.374601	-2.456031	171	168	9	410.01
-2.879793	1.135813	-2.658866	167	12	38	409.97
-3.141593	1.732874	-0.951685	178	23	33	409.97
1.570796	1.506530	1.988858	177	29	21	409.97
0.785398	2.295480	1.008277	185	18	51	409.95
-2.617994	0.850607	-1.335383	174	22	39	409.91
-2.879793	2.407836	1.410646	184	21	55	409.91
-3.141593	0.733948	3.021411	24	10	7	409.85
-2.356194	1.448123	-2.163292	176	18	46	409.77
2.094395	1.696674	-1.253233	187	11	44	409.70
0.785398	2.396274	-1.959260	1	17	43	409.68
0.785398	0.762244	-0.273349	47	189	169	409.60
-2.356194	1.367556	0.358405	29	174	3	409.57
2.617994	1.413347	-1.339188	181	15	45	409.57
-1.832596	0.379747	-1.713059	179	16	49	409.53
0.785398	0.910508	1.903534	163	24	37	409.53
-2.094395	1.242974	-2.977882	166	18	40	409.47
0.000000	1.574060	2.783565	170	19	31	409.44
-2.617994	1.194549	-0.801900	171	26	35	409.44
0.261799	2.588535	-2.976617	163	24	39	409.37
2.094395	0.850607	-1.335383	178	15	46	409.34
-1.308997	1.599406	1.426070	47	187	184	409.32
0.261799	2.187132	-0.479875	170	7	36	409.31
0.785398	1.168678	2.108595	54	171	170	409.28
-2.356194	1.617114	-1.572037	180	18	47	409.27
-3.141593	2.407836	1.410646	186	24	54	409.22
0.261799	2.724429	-0.348782	1	29	45	409.21
1.832596	0.640596	-2.797608	46	171	165	409.18
-1.570796	0.992645	-1.723759	173	18	48	409.18
-0.261799	1.045978	0.343692	172	4	39	409.15
-0.261799	2.001437	0.381215	190	19	46	409.15
-1.570796	1.555207	1.708892	183	22	41	409.14
1.047198	2.164094	-2.991358	161	11	35	409.06
1.308997	1.662363	0.915448	174	19	42	409.03
-0.785398	1.367556	0.358405	43	181	3	409.02
-1.047198	2.863997	0.549740	38	169	179	408.97
-0.261799	2.174483	2.653697	170	29	43	408.96
-2.356194	2.396274	-1.959260	170	22	42	408.94
0.523599	1.242974	-2.977882	187	27	37	408.85
2.879793	1.870545	-2.976234	184	7	27	408.83
0.261799	0.762244	-0.273349	52	1	161	408.82
-0.261799	1.998705	2.370472	167	29	43	408.68
1.832596	2.587733	0.232235	175	29	47	408.68
1.047198	1.736875	3.023612	187	29	35	408.58
1.308997	2.108018	1.311430	175	18	51	408.52
2.879793	2.251330	-2.330739	171	27	36	408.50
-2.617994	1.732874	-0.951685	180	26	41	408.47
2.879793	1.574060	2.783565	182	36	34	408.47
-2.879793	1.977582	0.969896	41	178	181	408.46
-2.356194	2.393226	1.857173	42	186	176	408.43
0.000000	1.875281	0.107086	188	23	40	408.43
0.785398	1.450119	-2.739050	184	16	33	408.41
-2.617994	2.180315	-1.357379	184	11	34	408.33
1.308997	1.766067	2.153843	182	30	26	408.32
0.261799	2.041297	-2.664597	190	15	39	408.30
-2.356194	0.864993	2.278281	170	26	42	408.30
-2.094395	2.592629	0.909713	33	176	1	408.22
-1.308997	2.637879	2.121598	173	26	46	408.21
-2.617994	0.864993	2.278281	170	29	41	408.21
1.570796	1.135813	-2.658866	177	30	42	408.15
2.617994	2.393226	1.857173	45	181	170	408.14
-3.141593	1.242974	-2.977882	42	173	179	408.13
-1.570796	1.741644	-2.695914	175	11	41	408.10
0.261799	1.569311	-3.003978	0	22	39	408.08
-2.356194	1.869911	2.701025	174	4	32	408.08
-2.094395	2.456751	-1.503343	184	8	32	408.07
1.308997	0.685216	-1.712745	33	178	11	408.06
-2.094395	0.929350	-2.910676	170	19	45	408.06
1.832596	2.063651	-2.044600	163	6	25	408.05
0.261799	1.696674	-1.253233	178	3	36	408.03
-1.570796	2.592629	0.909713	35	172	190	407.95
2.356194	1.413347	-1.339188	50	190	177	407.83
0.523599	1.050534	3.042579	1	15	42	407.83
-2.094395	2.180315	-1.357379	175	25	44	407.82
1.832596	0.831641	0.616218	165	21	37	407.73
-2.617994	1.662363	0.915448	185	9	50	407.72
0.785398	1.325504	-1.671296	169	178	11	407.60
-0.785398	0.571433	-1.188419	179	20	51	407.58
-2.356194	1.506530	1.988858	167	23	29	407.58
2.617994	2.108018	1.311430	43	177	187	407.56
-2.356194	1.617114	-1.572037	181	20	48	407.54
-2.356194	1.413347	-1.339188	169	25	34	407.52
-1.832596	2.404280	-0.174044	183	7	44	407.46
2.356194	1.440580	2.260026	39	3	189	407.43
2.356194	1.440580	2.260026	184	6	41	407.37
-2.094395	2.187132	-0.479875	30	1	191	407.36
1.570796	2.664082	-1.071402	190	8	39	407.32
-1.308997	1.683268	0.374177	170	13	34	407.30
-2.617994	2.073035	2.027405	188	18	39	407.28
2.356194	1.310100	1.488307	169	3	43	407.28
-2.617994	1.977582	0.969896	183	15	52	407.27
-0.785398	0.619654	-2.216909	34	179	155	407.26
-2.356194	1.658653	-2.409879	168	170	10	407.17
0.523599	1.904882	-1.478089	175	11	42	407.16
1.047198	1.374601	-2.456031	180	24	42	407.15
0.000000	1.736875	3.023612	175	161	188	407.14
0.261799	2.455966	-0.641220	181	20	32	407.07
-1.832596	1.875281	0.107086	187	4	44	407.03
2.879793	2.719179	-1.780644	180	31	37	407.02
-2.617994	1.448123	-2.163292	173	12	43	407.02
-1.832596	1.014500	0.906702	36	186	168	407.01
-2.094395	1.741644	-2.695914	50	181	179	407.00
0.523599	0.864993	2.278281	162	24	32	406.99
-2.879793	1.756530	-2.105156	173	19	45	406.97
-1.308997	1.301460	-0.509251	167	21	41	406.96
2.879793	2.379497	0.561089	174	23	51	406.90
-1.570796	1.809167	1.213774	188	16	50	406.89
1.308997	1.195355	1.200319	52	177	168	406.86
-1.308997	2.592629	0.909713	176	9	49	406.78
0.523599	0.418037	1.360082	186	4	41	406.76
0.785398	1.256302	0.062705	186	13	39	406.67
0.261799	2.587733	0.232235	170	22	31	406.65
0.261799	2.637879	2.121598	188	27	28	406.64
-2.094395	1.448123	-2.163292	170	19	44	406.63
1.047198	1.569311	-3.003978	43	174	188	406.62
-0.261799	0.685216	-1.712745	43	174	171	406.62
1.832596	1.045978	0.343692	38	182	3	406.54
-1.308997	0.370812	-2.547742	176	13	35	406.51
-2.356194	1.433411	-1.035986	172	23	36	406.41
-3.141593	1.168678	2.108595	175	29	33	406.40
-3.141593	1.658653	-2.409879	178	30	43	406.34
-2.617994	2.115563	0.685730	39	180	179	406.33
1.047198	0.615174	-0.666022	171	13	41	406.31
-1.308997	0.929350	-2.910676	173	11	45	406.27
-2.356194	1.214854	-1.966664	173	30	45	406.24
1.047198	2.579248	-2.364801	1	15	40	406.23
-2.617994	1.194549	-0.801900	173	25	37	406.19
2.879793	2.180315	-1.357379	187	22	41	406.18
2.617994	1.766067	2.153843	191	28	34	406.17
0.785398	1.732874	-0.951685	171	9	37	406.16
0.523599	1.134796	2.434290	157	175	191	406.14
2.094395	1.448123	-2.163292	179	22	47	406.14
0.523599	1.658653	-2.409879	167	29	23	406.12
-1.308997	1.662363	0.915448	186	16	45	406.11
-1.047198	0.961715	0.014085	168	19	43	406.08
1.832596	0.370812	-2.547742	182	21	49	406.05
-1.570796	0.640596	-2.797608	176	16	48	406.05
0.261799	2.881233	-2.582574	26	185	189	406.02
-1.570796	1.809167	1.213774	0	19	53	406.02
-2.879793	1.741644	-2.695914	32	182	185	405.95
2.617994	1.391910	3.030322	185	7	29	405.94
-1.832596	0.458961	-0.107937	161	169	0	405.84
2.617994	2.343981	-1.040456	2	23	41	405.83
2.617994	1.948085	-2.363031	177	22	43	405.80
-2.356194	1.168678	2.108595	172	28	38	405.80
1.832596	1.599406	1.426070	166	12	46	405.79
-2.879793	0.864993	2.278281	25	191	4	405.78
1.832596	1.310100	1.488307	163	10	42	405.75
2.094395	0.850607	-1.335383	182	17	47	405.71
-2.356194	2.033014	2.977192	171	5	27	405.64
-3.141593	1.135813	-2.658866	170	19	42	405.63
-2.094395	1.128190	-2.288622	170	22	46	405.62
-1.832596	2.153910	-1.714959	173	19	45	405.61
1.047198	1.766067	2.153843	186	30	26	405.59
1.570796	2.063651	-2.044600	161	11	25	405.54
2.617994	2.187132	-0.479875	54	180	170	405.51
2.356194	2.073035	2.027405	185	11	51	405.50
0.261799	0.961715	0.014085	0	34	34	405.46
2.094395	1.242974	-2.977882	176	32	39	405.37
-0.523599	2.637879	2.121598	172	15	40	405.37
-1.570796	2.393226	1.857173	180	23	49	405.33
-2.617994	1.128190	-2.288622	171	18	43	405.27
0.261799	0.960688	-0.577532	165	172	7	405.21
2.356194	1.658653	-2.409879	163	177	186	405.15
-0.523599	1.599406	1.426070	179	29	45	405.12
-2.094395	1.904882	-1.478089	178	24	47	405.09
2.094395	2.407836	1.410646	184	22	55	405.09
1.570796	1.812176	0.656819	169	26	46	405.07
2.356194	1.135834	-1.431087	178	9	41	405.06
-1.047198	1.218453	2.777284	184	36	33	405.00
-1.832596	1.325504	-1.671296	164	21	40	404.99
-2.617994	2.404280	-0.174044	171	1	43	404.96
-2.094395	2.187132	-0.479875	176	28	33	404.84
-0.523599	1.045978	0.343692	189	22	39	404.81
-1.832596	1.488617	1.159546	163	23	27	404.79
0.785398	1.050534	3.042579	0	13	42	404.78
1.047198	2.108018	1.311430	178	14	47	404.76
1.832596	1.948085	-2.363031	184	21	44	404.75
0.785398	1.510910	-0.740472	184	30	33	404.74
-0.523599	2.704512	1.488683	173	11	47	404.74
0.785398	2.588535	-2.976617	161	15	38	404.70
0.785398	0.906588	1.252948	169	28	39	404.64
-2.094395	1.325504	-1.671296	28	183	10	404.63
0.000000	0.418037	1.360082	182	9	46	404.59
2.356194	2.456751	-1.503343	169	17	34	404.57
1.308997	2.664082	-1.071402	186	5	39	404.52
-2.094395	1.872854	1.543456	0	18	53	404.51
2.617994	1.569311	-3.003978	188	190	29	404.50
1.570796	2.760637	2.781135	175	30	28	404.49
1.570796	0.640596	-2.797608	181	23	44	404.46
-1.832596	1.683268	0.374177	182	6	40	404.45
-0.523599	1.699788	2.452890	173	24	36	404.45
1.832596	2.724429	-0.348782	171	32	46	404.44
2.617994	2.396274	-1.959260	183	26	42	404.38
2.617994	0.674054	1.013609	2	33	43	404.33
1.832596	0.961715	0.014085	166	25	31	404.33
1.832596	2.108018	1.311430	176	17	53	404.33
-2.617994	1.662363	0.915448	186	9	50	404.31
2.617994	2.478122	2.609777	167	19	27	404.30
-1.047198	0.370812	-2.547742	173	14	41	404.29
0.785398	1.756530	-2.105156	167	29	22	404.25
-0.261799	0.831641	0.616218	173	2	39	404.24
2.617994	2.404280	-0.174044	164	14	42	404.22
2.094395	0.458961	-0.107937	186	17	46	404.22
-1.047198	0.619654	-2.216909	173	11	39	404.22
-3.141593	0.733948	3.021411	174	24	43	404.17
2.094395	2.719179	-1.780644	164	5	38	404.16
-1.832596	1.335669	0.897240	42	169	5	404.05
-1.308997	1.504028	0.636812	173	19	37	404.05
-2.094395	1.510910	-0.740472	169	26	36	403.95
1.570796	2.881233	-2.582574	166	5	40	403.94
1.047198	0.992645	-1.723759	171	17	39	403.91
-2.879793	0.992645	-1.723759	180	9	44	403.90
-2.617994	1.128190	-2.288622	174	8	42	403.83
-2.094395	2.393226	1.857173	188	26	54	403.79
-1.047198	1.218453	2.777284	161	162	1	403.73
0.261799	2.592629	0.909713	173	27	27	403.72
-1.047198	1.875281	0.107086	166	19	29	403.70
-2.617994	1.948085	-2.363031	169	16	42	403.69
-1.832596	2.592629	0.909713	174	11	49	403.68
2.356194	1.135813	-2.658866	173	21	43	403.68
-0.261799	2.478122	2.609777	165	25	42	403.65
-3.141593	1.998705	2.370472	39	179	8	403.65
1.570796	0.685216	-1.712745	48	180	177	403.59
-2.879793	1.812176	0.656819	175	6	48	403.58
2.356194	1.045978	0.343692	171	22	38	403.51
1.308997	1.555207	1.708892	165	14	44	403.48
-0.785398	2.456751	-1.503343	172	19	43	403.46
2.094395	0.618092	2.539118	36	188	7	403.46
0.785398	1.872854	1.543456	173	15	45	403.42
-0.523599	0.571433	-1.188419	173	16	47	403.41
1.047198	1.555207	1.708892	168	14	42	403.27
1.047198	0.080730	-2.622036	179	22	48	403.26
-3.141593	1.510910	-0.740472	17	25	23	403.26
1.570796	2.073035	2.027405	173	8	50	403.21
-3.141593	2.704512	1.488683	45	186	183	403.19
-1.832596	0.709924	0.218797	183	4	29	403.19
0.000000	2.881233	-2.582574	27	187	190	403.18
2.879793	2.396274	-1.959260	177	28	38	403.17
-0.785398	0.419640	2.974122	169	166	11	403.14
0.000000	1.025536	1.576859	182	190	33	403.13
-3.141593	1.413347	-1.339188	185	14	43	403.11
2.356194	2.180315	-1.357379	163	5	28	403.10
2.356194	1.450119	-2.739050	176	26	43	403.10
-3.141593	1.732874	-0.951685	177	23	33	403.09
1.047198	1.050534	3.042579	183	30	33	403.01
0.785398	0.496451	0.593859	184	4	43	402.99
1.047198	1.948085	-2.363031	161	17	23	402.97
0.785398	1.824694	1.850876	170	16	48	402.97
1.308997	1.599406	1.426070	166	18	46	402.92
0.000000	1.194549	-0.801900	172	20	44	402.88
2.617994	2.153910	-1.714959	158	163	182	402.87
1.832596	2.349581	-2.702517	168	191	33	402.81
2.094395	1.128190	-2.288622	175	20	45	402.77
0.261799	0.615174	-0.666022	175	9	45	402.69
1.570796	2.001437	0.381215	171	31	47	402.69
0.785398	1.135834	-1.431087	47	173	172	402.64
1.308997	0.914445	2.687814	185	35	32	402.62
-2.094395	1.904882	-1.478089	178	23	47	402.57
0.523599	0.961715	0.014085	31	2	190	402.56
-2.617994	1.510910	-0.740472	179	26	38	402.56
-1.570796	1.683268	0.374177	1	10	46	402.56
-1.570796	1.683268	0.374177	168	15	32	402.48
-2.356194	1.606104	-0.451151	174	33	36	402.46
1.570796	0.640596	-2.797608	174	29	38	402.43
-0.785398	0.571433	-1.188419	177	15	49	402.42
-2.356194	1.824694	1.850876	178	25	36	402.41
0.000000	0.961715	0.014085	188	21	38	402.41
1.570796	2.089241	-0.114193	168	32	39	402.37
-1.308997	1.696674	-1.253233	172	22	43	402.35
-0.523599	2.379497	0.561089	4	18	51	402.35
2.356194	1.696674	-1.253233	184	13	43	402.26
-1.832596	2.393226	1.857173	42	188	3	402.10
0.261799	2.984978	1.954446	187	29	32	402.10
-2.879793	1.413347	-1.339188	182	29	45	402.07
1.570796	2.579248	-2.364801	162	7	35	402.07
-2.356194	2.393226	1.857173	32	2	14	402.04
1.047198	1.450119	-2.739050	184	29	44	402.02
1.832596	1.488617	1.159546	164	16	46	402.02
-2.617994	1.335669	0.897240	11	11	24	402.01
2.617994	1.736875	3.023612	182	8	29	401.87
2.617994	2.979456	-1.009304	6	21	37	401.86
-2.094395	0.831641	0.616218	174	20	43	401.82
-2.094395	2.349581	-2.702517	8	20	36	401.82
-1.832596	1.846342	-1.796954	177	16	47	401.81
0.261799	2.393226	1.857173	171	13	47	401.80
2.879793	0.762244	-0.273349	183	28	44	401.78
-1.308997	1.488617	1.159546	188	17	45	401.78
-1.570796	2.063651	-2.044600	166	15	37	401.76
1.308997	1.413430	2.550734	160	8	35	401.69
-1.570796	1.696674	-1.253233	180	23	48	401.69
0.785398	0.571433	-1.188419	46	176	178	401.68
-0.523599	0.591903	2.010408	181	30	35	401.65
0.000000	0.496451	0.593859	178	7	46	401.64
1.570796	0.619654	-2.216909	32	183	11	401.63
2.879793	2.153910	-1.714959	179	27	43	401.60
-2.356194	1.134796	2.434290	168	16	32	401.59
-1.308997	1.256302	0.062705	44	169	189	401.56
2.879793	2.592629	0.909713	180	28	53	401.50
0.000000	1.683268	0.374177	1	29	46	401.46
-1.308997	2.393226	1.857173	175	21	41	401.44
1.570796	1.555207	1.708892	165	12	46	401.44
2.356194	1.242974	-2.977882	172	25	40	401.42
0.523599	2.579248	-2.364801	5	18	39	401.40
0.261799	1.413430	2.550734	163	23	34	401.39
-1.308997	2.138223	1.678323	181	21	48	401.38
-2.094395	1.335669	0.897240	186	13	44	401.31
-2.356194	0.297065	2.160177	170	16	39	401.29
-3.141593	1.135813	-2.658866	176	23	45	401.24
-1.832596	1.045978	0.343692	39	188	173	401.20
-2.094395	1.812176	0.656819	187	10	49	401.16
0.523599	0.961715	0.014085	48	189	173	401.16
-0.523599	2.592629	0.909713	179	29	27	401.13
0.261799	2.592629	0.909713	169	23	25	401.09
2.879793	1.741644	-2.695914	33	181	185	401.04
-1.570796	2.108018	1.311430	178	16	44	400.94
-2.094395	1.948085	-2.363031	163	170	7	400.93
-1.047198	2.153910	-1.714959	169	11	38	400.88
2.356194	2.592629	0.909713	44	182	184	400.81
-2.094395	1.662363	0.915448	190	9	50	400.77
1.308997	1.875281	0.107086	182	8	32	400.77
-1.570796	1.872854	1.543456	185	23	50	400.72
-1.047198	1.218453	2.777284	180	31	32	400.66
1.047198	1.506530	1.988858	166	22	45	400.65
1.047198	2.295480	1.008277	184	16	48	400.64
1.308997	2.579248	-2.364801	162	11	36	400.64
-2.356194	1.325504	-1.671296	27	183	10	400.61
-2.617994	1.433411	-1.035986	181	22	41	400.58
1.047198	0.571433	-1.188419	170	22	43	400.54
-2.094395	0.831641	0.616218	186	2	30	400.48
0.785398	2.295480	1.008277	184	15	48	400.44
-0.785398	2.587733	0.232235	41	176	178	400.41
-1.832596	2.724429	-0.348782	176	33	32	400.36
-1.308997	2.984978	1.954446	39	182	186	400.31
1.570796	2.104282	-0.813972	166	33	34	400.30
-1.832596	1.545873	-1.877082	169	22	43	400.17
-1.047198	0.914445	2.687814	177	21	39	400.15
0.523599	0.418037	1.360082	185	16	47	400.14
0.000000	1.247695	1.809890	175	23	40	400.12
-2.094395	2.073035	2.027405	184	23	41	400.03
-2.094395	1.869911	2.701025	3	27	40	399.96
1.047198	2.349581	-2.702517	0	20	39	399.94
0.523599	0.370812	-2.547742	184	10	42	399.90
-2.094395	1.391910	3.030322	158	181	0	399.87
-2.879793	2.251330	-2.330739	185	8	31	399.84
-2.617994	1.869911	2.701025	174	28	31	399.78
2.617994	2.664082	-1.071402	51	188	168	399.71
-2.879793	2.041297	-2.664597	172	17	42	399.66
2.879793	1.413347	-1.339188	184	15	47	399.64
2.094395	1.256302	0.062705	190	3	30	399.63
1.047198	1.872854	1.543456	173	13	45	399.60
-2.094395	0.674054	1.013609	168	24	38	399.57
-0.785398	1.128190	-2.288622	179	11	46	399.45
-2.094395	2.115563	0.685730	182	10	52	399.42
0.000000	2.704512	1.488683	184	30	28	399.40
-2.356194	1.195355	1.200319	176	29	40	399.36
1.570796	0.674054	1.013609	55	176	180	399.33
2.356194	1.948085	-2.363031	50	190	174	399.32
1.308997	1.982574	-1.115518	183	7	43	399.31
-1.832596	2.138223	1.678323	182	21	48	399.28
-2.617994	1.699788	2.452890	174	29	32	399.24
0.785398	0.914445	2.687814	165	14	31	399.22
2.879793	2.637879	2.121598	191	15	43	399.21
-2.879793	2.393226	1.857173	184	21	40	399.19
-3.141593	2.478122	2.609777	167	14	32	399.16
1.832596	0.914445	2.687814	189	24	41	399.15
2.879793	1.872854	1.543456	182	8	51	399.14
-3.141593	2.863997	0.549740	191	7	32	399.13
1.832596	2.164094	-2.991358	167	166	188	399.10
-2.356194	1.599406	1.426070	169	24	25	399.09
-1.308997	0.733948	3.021411	171	7	41	399.05
0.000000	0.899350	-2.069907	179	9	44	399.00
1.832596	1.256302	0.062705	185	2	30	398.96
-2.356194	1.135813	-2.658866	169	22	44	398.94
1.047198	0.906588	1.252948	53	172	176	398.93
-2.879793	0.618092	2.539118	168	27	41	398.80
1.308997	2.251330	-2.330739	145	167	180	398.73
-1.832596	1.045978	0.343692	170	18	38	398.69
2.617994	2.587733	0.232235	172	28	49	398.68
-0.261799	0.762244	-0.273349	175	12	47	398.64
-3.141593	2.001437	0.381215	171	13	48	398.54
1.832596	2.153910	-1.714959	165	20	28	398.51
0.000000	0.899350	-2.069907	186	24	47	398.44
1.047198	1.506530	1.988858	163	13	40	398.44
-2.094395	1.135813	-2.658866	168	19	44	398.40
-1.308997	2.704512	1.488683	172	16	49	398.38
0.785398	0.571433	-1.188419	177	14	48	398.37
1.047198	1.948085	-2.363031	191	26	45	398.35
-3.141593	2.295480	1.008277	179	19	54	398.33
-2.617994	2.041297	-2.664597	167	13	35	398.33
-2.879793	1.391910	3.030322	155	163	183	398.28
-1.047198	0.370812	-2.547742	174	14	42	398.18
0.785398	1.214854	-1.966664	29	186	9	398.16
2.356194	1.699788	2.452890	184	19	34	398.16
-3.141593	1.870545	-2.976234	170	17	39	398.05
2.879793	2.979456	-1.009304	166	6	41	398.04
2.356194	0.762244	-0.273349	186	23	43	398.03
2.356194	2.108018	1.311430	42	177	0	398.02
0.523599	0.615174	-0.666022	172	12	43	397.99
2.094395	1.310100	1.488307	167	6	43	397.97
-1.832596	0.619654	-2.216909	173	15	46	397.90
-2.617994	1.658653	-2.409879	171	14	43	397.80
2.356194	2.295480	1.008277	178	22	54	397.72
1.047198	1.599406	1.426070	174	15	36	397.58
-0.785398	1.128190	-2.288622	175	4	42	397.52
2.617994	1.904882	-1.478089	186	23	47	397.50
1.308997	0.640596	-2.797608	187	14	40	397.47
-2.617994	1.732874	-0.951685	177	24	34	397.46
-1.308997	0.960688	-0.577532	171	23	46	397.45
0.523599	0.571433	-1.188419	177	13	48	397.38
-1.832596	1.450119	-2.739050	163	14	36	397.34
1.570796	2.588535	-2.976617	176	17	35	397.31
-2.879793	1.732874	-0.951685	182	26	41	397.24
1.308997	2.041297	-2.664597	159	10	28	397.22
-1.832596	2.041297	-2.664597	178	10	43	397.21
2.879793	1.809167	1.213774	180	13	52	397.07
-3.141593	1.977582	0.969896	176	11	52	397.06
-1.308997	2.251330	-2.330739	46	1	186	397.05
1.047198	1.736875	3.023612	188	30	37	397.01
1.047198	1.134796	2.434290	162	16	35	397.00
1.570796	1.440580	2.260026	163	5	38	396.97
-0.523599	0.297065	2.160177	181	10	48	396.96
1.570796	1.045978	0.343692	53	175	174	396.88
-0.523599	2.984978	1.954446	167	12	45	396.87
-2.094395	1.909857	-0.381669	177	24	34	396.86
0.523599	0.850607	-1.335383	169	20	36	396.86
-2.356194	1.504028	0.636812	173	19	32	396.84
0.000000	0.960688	-0.577532	175	4	42	396.81
2.617994	2.393226	1.857173	188	12	41	396.68
2.879793	1.870545	-2.976234	1	191	33	396.68
-1.047198	0.961715	0.014085	165	15	40	396.65
-0.785398	0.733948	3.021411	177	31	29	396.65
-2.617994	1.846342	-1.796954	176	20	47	396.64
-1.832596	2.637879	2.121598	178	26	40	396.61
-2.617994	1.374601	-2.456031	173	17	44	396.58
-2.879793	2.579248	-2.364801	175	26	42	396.57
2.879793	1.756530	-2.105156	174	21	43	396.52
2.879793	1.982574	-1.115518	167	7	29	396.48
1.047198	2.456751	-1.503343	165	30	33	396.48
-2.094395	2.704512	1.488683	176	20	50	396.47
0.523599	1.732874	-0.951685	169	11	36	396.42
-0.785398	0.297065	2.160177	178	5	44	396.35
-2.356194	2.592629	0.909713	39	182	182	396.32
2.879793	1.870545	-2.976234	0	188	30	396.28
2.879793	1.413347	-1.339188	181	16	44	396.24
2.094395	1.325504	-1.671296	179	18	48	396.24
1.047198	2.456751	-1.503343	185	6	40	396.20
-3.141593	1.135834	-1.431087	184	30	47	396.19
0.261799	1.168678	2.108595	183	3	36	396.15
1.570796	2.664082	-1.071402	1	11	39	396.15
-2.617994	0.685216	-1.712745	181	24	51	396.14
-3.141593	1.872854	1.543456	188	14	52	396.09
2.617994	1.904882	-1.478089	184	19	44	396.07
2.356194	0.961715	0.014085	41	185	4	396.05
0.785398	0.906588	1.252948	168	27	37	396.04
-2.617994	2.393226	1.857173	188	18	51	395.94
-2.356194	0.591903	2.010408	170	25	44	395.92
2.094395	2.396274	-1.959260	163	171	189	395.92
0.261799	0.733948	3.021411	162	19	20	395.89
1.832596	1.450119	-2.739050	177	27	44	395.87
2.356194	2.379497	0.561089	176	29	51	395.82
-0.785398	1.904882	-1.478089	172	13	42	395.75
0.785398	1.168678	2.108595	160	18	34	395.74
1.570796	2.349581	-2.702517	164	3	33	395.70
-1.570796	0.961715	0.014085	169	25	43	395.59
1.308997	0.899350	-2.069907	171	19	39	395.51
-2.094395	0.674054	1.013609	169	23	37	395.50
-2.879793	1.617114	-1.572037	180	19	46	395.37
-2.094395	2.153910	-1.714959	173	22	45	395.30
-1.308997	2.984978	1.954446	40	184	185	395.27
-2.356194	2.704512	1.488683	179	20	32	395.10
-3.141593	1.948085	-2.363031	182	8	27	395.01
-0.261799	0.961715	0.014085	173	6	43	395.00
-2.356194	0.899350	-2.069907	175	14	44	395.00
-2.879793	1.391910	3.030322	169	23	37	394.99
-1.832596	1.766067	2.153843	185	25	41	394.93
-3.141593	1.569311	-3.003978	172	27	39	394.88
-0.785398	2.863997	0.549740	185	5	50	394.88
-1.570796	2.724429	-0.348782	172	32	31	394.87
-1.570796	1.904882	-1.478089	177	20	47	394.86
-1.570796	1.696674	-1.253233	164	20	38	394.82
1.832596	1.554776	0.100351	163	27	36	394.81
2.094395	2.349581	-2.702517	181	18	31	394.80
-2.879793	1.168678	2.108595	176	31	38	394.77
2.356194	2.587733	0.232235	171	27	49	394.77
-1.308997	1.554776	0.100351	169	26	34	394.75
0.523599	0.910508	1.903534	165	22	31	394.67
2.356194	1.128190	-2.288622	173	24	45	394.67
2.617994	2.138223	1.678323	46	175	188	394.65
0.261799	0.733948	3.021411	171	17	30	394.63
-2.356194	2.108018	1.311430	41	182	178	394.60
1.832596	1.335669	0.897240	163	18	42	394.53
-0.523599	2.343981	-1.040456	170	10	39	394.46
-0.261799	0.618092	2.539118	169	156	191	394.42
-0.523599	1.488617	1.159546	187	24	46	394.39
1.570796	2.089241	-0.114193	181	3	33	394.38
1.832596	1.247695	1.809890	164	6	41	394.37
-2.094395	2.724429	-0.348782	183	30	33	394.37
-0.261799	0.297065	2.160177	27	177	10	394.36
1.308997	1.504028	0.636812	54	172	169	394.32
1.308997	0.864993	2.278281	4	19	42	394.32
1.832596	1.310100	1.488307	168	13	46	394.31
1.308997	1.247695	1.809890	164	17	43	394.23
-2.356194	2.115563	0.685730	39	178	178	394.22
2.879793	1.982574	-1.115518	189	18	41	394.18
-2.617994	2.404280	-0.174044	170	1	39	394.16
-2.356194	1.599406	1.426070	0	10	50	394.13
1.570796	0.419640	2.974122	186	13	40	394.12
-1.570796	1.045978	0.343692	43	168	190	394.08
1.308997	0.674054	1.013609	165	25	35	394.08
-2.617994	2.251330	-2.330739	157	175	4	394.07
1.308997	1.184361	0.625864	171	32	42	394.05
-2.617994	1.506530	1.988858	170	26	29	394.02
-1.047198	1.488617	1.159546	188	21	45	393.94
1.570796	1.050534	3.042579	185	18	37	393.94
1.832596	1.488617	1.159546	164	15	42	393.93
1.047198	1.658653	-2.409879	186	27	46	393.92
2.094395	0.992645	-1.723759	186	26	48	393.89
-1.832596	1.014500	0.906702	45	168	0	393.85
1.047198	2.180315	-1.357379	181	7	41	393.84
-2.356194	2.404280	-0.174044	181	14	41	393.75
-1.570796	0.080730	-2.622036	183	7	41	393.74
1.308997	1.574060	2.783565	165	11	36	393.68
2.094395	1.545873	-1.877082	181	12	44	393.62
-0.261799	2.478122	2.609777	4	15	33	393.60
-0.523599	0.733948	3.021411	170	161	8	393.58
1.308997	0.571433	-1.188419	32	174	9	393.52
-0.261799	1.045978	0.343692	189	23	39	393.49
-1.832596	1.846342	-1.796954	176	18	47	393.48
-2.356194	2.001437	0.381215	180	7	48	393.33
2.094395	0.733948	3.021411	181	27	43	393.33
2.617994	1.699788	2.452890	168	21	28	393.22
-2.617994	2.379497	0.561089	39	178	181	393.16
-1.308997	1.184361	0.625864	162	17	35	393.12
1.570796	2.704512	1.488683	186	15	49	393.10
-2.879793	1.135813	-2.658866	175	21	45	393.09
1.308997	1.214854	-1.966664	176	20	46	392.94
-1.832596	2.115563	0.685730	182	6	48	392.93
2.879793	2.153910	-1.714959	179	26	40	392.85
-1.832596	1.413347	-1.339188	165	22	38	392.84
1.308997	1.195355	1.200319	168	26	44	392.83
0.261799	2.760637	2.781135	166	15	46	392.81
1.308997	2.979456	-1.009304	174	26	34	392.80
1.047198	0.080730	-2.622036	180	19	47	392.68
1.308997	1.599406	1.426070	166	19	47	392.65
1.570796	2.881233	-2.582574	168	5	44	392.60
-1.832596	1.662363	0.915448	186	10	47	392.57
2.879793	1.488617	1.159546	179	9	48	392.56
0.261799	0.674054	1.013609	185	11	44	392.55
-1.570796	1.872854	1.543456	187	20	50	392.55
0.523599	0.615174	-0.666022	176	9	46	392.52
2.356194	2.251330	-2.330739	173	188	30	392.49
-2.617994	1.872854	1.543456	43	183	178	392.45
-1.308997	1.256302	0.062705	167	24	38	392.43
-1.832596	1.948085	-2.363031	166	14	35	392.43
2.356194	1.736875	3.023612	182	188	34	392.42
1.308997	1.741644	-2.695914	160	9	23	392.36
1.570796	0.619654	-2.216909	176	20	44	392.35
2.356194	2.719179	-1.780644	166	2	38	392.32
-2.094395	0.496451	0.593859	163	168	188	392.28
-2.094395	1.732874	-0.951685	30	188	5	392.23
-2.356194	1.869911	2.701025	172	28	30	392.19
1.047198	0.914445	2.687814	163	12	29	392.17
0.785398	1.413430	2.550734	0	31	31	392.16
1.047198	1.617114	-1.572037	168	26	15	392.16
-2.617994	1.658653	-2.409879	166	171	9	392.15
0.785398	2.719179	-1.780644	168	31	39	392.13
1.308997	1.335669	0.897240	173	18	35	392.12
0.523599	1.050534	3.042579	162	17	24	391.97
0.000000	1.113094	-0.272241	165	17	36	391.97
-1.308997	2.407836	1.410646	177	17	51	391.91
2.879793	1.998705	2.370472	185	23	34	391.89
1.308997	1.824694	1.850876	176	28	21	391.84
-1.832596	0.080730	-2.622036	180	11	47	391.84
1.832596	2.396274	-1.959260	54	183	175	391.82
2.617994	1.736875	3.023612	28	11	186	391.81
1.570796	1.195355	1.200319	165	22	44	391.65
-2.879793	1.335669	0.897240	179	191	43	391.65
-3.141593	1.555207	1.708892	187	3	47	391.59
-2.094395	1.736875	3.023612	173	3	26	391.58
0.785398	1.374601	-2.456031	188	10	37	391.58
-0.785398	0.290380	-0.796960	174	22	49	391.56
-0.785398	2.456751	-1.503343	173	20	42	391.51
0.261799	0.866955	-0.931351	24	177	10	391.49
-2.094395	0.496451	0.593859	39	189	173	391.47
2.356194	1.433411	-1.035986	184	8	39	391.45
2.356194	2.115563	0.685730	172	21	51	391.40
2.617994	2.073035	2.027405	191	29	31	391.36
-2.356194	1.756530	-2.105156	174	15	46	391.30
1.047198	0.700570	1.559208	54	172	180	391.27
-1.570796	2.247462	0.191623	170	17	28	391.24
-1.570796	0.831641	0.616218	164	21	36	391.21
2.617994	2.404280	-0.174044	155	177	8	391.19
0.785398	0.615174	-0.666022	176	10	45	391.15
-1.570796	1.335669	0.897240	170	18	38	391.15
0.000000	2.001437	0.381215	190	21	46	391.09
-0.785398	0.914445	2.687814	177	18	40	391.08
-3.141593	2.704512	1.488683	181	24	40	391.03
-2.879793	2.404280	-0.174044	158	163	7	390.98
-0.523599	1.699788	2.452890	177	14	35	390.95
-0.785398	1.374601	-2.456031	165	163	5	390.94
1.047198	1.741644	-2.695914	159	14	22	390.92
-0.261799	0.733948	3.021411	174	168	8	390.88
-2.617994	1.977582	0.969896	184	15	52	390.81
-2.879793	1.433411	-1.035986	185	31	44	390.79
1.832596	2.407836	1.410646	182	15	49	390.75
-2.617994	1.135834	-1.431087	171	29	38	390.65
1.047198	2.138223	1.678323	175	12	50	390.59
2.356194	1.450119	-2.739050	173	20	41	390.57
-2.094395	1.870545	-2.976234	51	183	184	390.56
-1.570796	1.256302	0.062705	183	36	33	390.51
-0.785398	2.153910	-1.714959	5	32	28	390.50
-3.141593	1.617114	-1.572037	179	19	45	390.46
-2.356194	1.504028	0.636812	10	11	24	390.44
2.356194	1.391910	3.030322	175	31	36	390.44
-2.094395	1.014500	0.906702	38	188	170	390.43
-3.141593	2.979456	-1.009304	187	28	33	390.37
1.308997	2.588535	-2.976617	166	6	42	390.32
2.094395	2.115563	0.685730	170	21	48	390.31
1.832596	1.948085	-2.363031	165	3	25	390.30
0.000000	0.619654	-2.216909	187	16	50	390.21
2.356194	1.488617	1.159546	167	9	47	390.09
0.261799	1.134497	-1.109631	45	169	177	389.99
-3.141593	1.242974	-2.977882	170	22	39	389.97
-2.356194	2.979456	-1.009304	182	0	45	389.95
-2.879793	1.948085	-2.363031	169	18	39	389.93
1.832596	0.929350	-2.910676	174	31	39	389.91
2.617994	1.450119	-2.739050	34	169	178	389.89
-2.617994	2.407836	1.410646	42	182	179	389.86
0.000000	2.760637	2.781135	167	19	47	389.79
0.785398	1.506530	1.988858	166	15	38	389.78
2.879793	1.658653	-2.409879	26	14	190	389.77
-2.356194	0.899350	-2.069907	40	178	164	389.72
0.261799	1.413430	2.550734	162	24	33	389.67
-2.617994	1.194549	-0.801900	174	26	38	389.55
-2.094395	1.846342	-1.796954	175	15	44	389.54
0.000000	1.113094	-0.272241	34	191	188	389.50
2.879793	2.063651	-2.044600	176	25	42	389.42
0.523599	0.864993	2.278281	162	23	32	389.42
-2.617994	1.433411	-1.035986	172	32	37	389.41
-0.523599	2.664082	-1.071402	170	20	39	389.40
-2.094395	1.872854	1.543456	1	21	52	389.39
-0.261799	0.496451	0.593859	178	13	46	389.31
1.832596	1.214854	-1.966664	176	15	45	389.29
1.047198	0.571433	-1.188419	49	182	162	389.26
2.356194	2.115563	0.685730	170	22	51	389.25
1.308997	1.741644	-2.695914	184	25	42	389.18
2.356194	2.108018	1.311430	178	16	54	389.18
0.000000	2.724429	-0.348782	5	23	44	389.18
1.308997	1.977582	0.969896	174	23	50	389.16
1.570796	1.014500	0.906702	54	178	172	389.15
-2.879793	2.108018	1.311430	185	17	54	389.12
0.000000	1.569311	-3.003978	174	161	191	389.10
1.047198	1.374601	-2.456031	183	30	45	389.03
0.523599	0.419640	2.974122	189	14	48	389.01
0.785398	0.297065	2.160177	183	13	46	388.96
-0.261799	0.733948	3.021411	177	7	42	388.93
1.047198	0.864993	2.278281	162	16	32	388.93
-1.570796	0.709924	0.218797	36	3	170	388.91
2.356194	1.242974	-2.977882	188	35	41	388.91
0.261799	2.724429	-0.348782	191	29	43	388.84
2.617994	1.736875	3.023612	190	1	35	388.68
1.832596	2.001437	0.381215	173	163	183	388.67
1.832596	1.812176	0.656819	166	23	44	388.63
-2.617994	2.404280	-0.174044	173	10	44	388.58
0.261799	1.113094	-0.272241	2	34	32	388.56
0.785398	0.640596	-2.797608	37	178	9	388.53
-2.879793	2.404280	-0.174044	171	13	44	388.52
1.570796	1.184361	0.625864	44	178	0	388.39
0.000000	0.640596	-2.797608	175	164	10	388.36
-1.832596	1.335669	0.897240	187	12	44	388.27
2.879793	1.904882	-1.478089	182	22	44	388.25
-2.356194	2.153910	-1.714959	174	24	45	388.24
2.617994	0.960688	-0.577532	36	176	4	388.19
1.570796	2.396274	-1.959260	4	26	42	388.18
2.094395	1.736875	3.023612	174	27	35	388.13
0.261799	0.914445	2.687814	161	23	24	388.08
-3.141593	2.299159	2.264663	190	13	38	388.06
-2.617994	1.448123	-2.163292	174	13	44	388.06
-1.047198	0.615174	-0.666022	174	14	46	388.01
1.832596	2.063651	-2.044600	188	22	47	387.94
-2.617994	1.325504	-1.671296	176	24	46	387.84
-2.356194	1.504028	0.636812	174	30	36	387.83
-1.308997	2.587733	0.232235	180	5	45	387.75
1.570796	2.396274	-1.959260	39	3	2	387.74
1.570796	0.831641	0.616218	167	25	37	387.72
1.570796	0.640596	-2.797608	37	182	8	387.72
2.094395	1.335669	0.897240	164	14	43	387.68
-2.094395	1.683268	0.374177	171	27	34	387.68
-2.617994	1.555207	1.708892	169	26	26	387.40
0.785398	1.696674	-1.253233	183	29	31	387.36
1.047198	0.910508	1.903534	159	17	33	387.35
1.047198	0.864993	2.278281	184	12	40	387.33
-1.832596	2.863997	0.549740	169	8	46	387.28
-1.308997	0.370812	-2.547742	172	16	40	387.15
1.308997	1.872854	1.543456	170	15	49	387.14
2.879793	2.587733	0.232235	170	21	50	387.07
1.570796	2.455966	-0.641220	23	1	1	387.04
2.094395	1.128190	-2.288622	175	25	45	387.00
-0.261799	2.478122	2.609777	167	25	44	386.96
-1.570796	1.658653	-2.409879	174	10	43	386.95
0.785398	1.948085	-2.363031	1	25	44	386.94
-2.617994	1.766067	2.153843	159	162	169	386.93
1.308997	1.948085	-2.363031	35	7	3	386.87
1.308997	2.881233	-2.582574	165	9	44	386.86
1.308997	0.733948	3.021411	190	21	45	386.84
-2.617994	1.736875	3.023612	168	21	34	386.73
0.261799	0.866395	-2.492918	184	11	45	386.68
1.047198	2.579248	-2.364801	54	174	169	386.67
-2.356194	2.063651	-2.044600	172	18	44	386.64
2.617994	1.870545	-2.976234	182	7	29	386.50
-2.617994	2.979456	-1.009304	180	32	33	386.50
0.261799	2.041297	-2.664597	190	16	42	386.48
0.785398	0.618092	2.539118	182	10	39	386.46
-2.356194	2.138223	1.678323	33	190	14	386.41
-3.141593	1.741644	-2.695914	40	170	181	386.33
1.832596	1.756530	-2.105156	184	21	48	386.27
-2.879793	2.063651	-2.044600	28	183	7	386.27
-2.879793	1.134497	-1.109631	181	19	41	386.26
0.523599	0.910508	1.903534	164	24	33	386.19
1.047198	1.846342	-1.796954	165	24	18	386.18
1.832596	2.041297	-2.664597	166	0	29	386.17
2.879793	2.979456	-1.009304	167	6	44	386.15
-2.617994	2.979456	-1.009304	180	0	46	386.14
1.570796	1.741644	-2.695914	186	23	33	386.14
1.047198	2.153910	-1.714959	163	27	26	386.12
-2.879793	1.194549	-0.801900	178	20	36	386.11
-2.094395	2.153910	-1.714959	172	18	42	386.11
-2.617994	1.741644	-2.695914	172	25	40	386.08
1.832596	1.662363	0.915448	165	20	45	386.07
1.570796	1.025536	1.576859	189	19	42	386.02
-2.356194	1.766067	2.153843	43	186	173	385.99
0.523599	1.050534	3.042579	40	190	0	385.99
-2.879793	1.335669	0.897240	182	3	46	385.98
1.832596	2.108018	1.311430	52	181	162	385.98
-2.356194	2.164094	-2.991358	169	7	32	385.90
-3.141593	1.756530	-2.105156	172	20	43	385.86
-1.832596	0.619654	-2.216909	178	17	51	385.81
-1.832596	1.662363	0.915448	187	10	48	385.81
-2.617994	1.869911	2.701025	168	20	30	385.79
-1.570796	0.370812	-2.547742	177	12	46	385.68
1.832596	1.658653	-2.409879	182	26	46	385.61
-1.308997	1.554776	0.100351	16	186	20	385.57
-1.832596	2.247462	0.191623	183	10	47	385.55
1.570796	1.504028	0.636812	164	28	43	385.48
0.785398	0.914445	2.687814	162	15	29	385.46
0.261799	1.134796	2.434290	163	27	34	385.44
-1.832596	1.696674	-1.253233	34	171	182	385.38
2.879793	1.374601	-2.456031	183	36	42	385.37
-2.094395	1.696674	-1.253233	184	27	47	385.34
2.617994	2.108018	1.311430	184	12	38	385.33
-1.047198	2.863997	0.549740	180	4	49	385.31
-2.094395	1.812176	0.656819	185	3	48	385.29
1.047198	1.824694	1.850876	168	13	47	385.28
-1.308997	2.984978	1.954446	169	21	47	385.26
1.832596	0.961715	0.014085	187	8	36	385.22
2.879793	2.863997	0.549740	187	6	32	385.21
1.308997	2.073035	2.027405	169	11	49	385.21
1.570796	2.455966	-0.641220	168	33	41	385.06
1.570796	0.906588	1.252948	55	179	174	385.05
-1.832596	1.812176	0.656819	180	9	43	385.01
2.356194	1.545873	-1.877082	181	24	47	385.01
-2.617994	1.617114	-1.572037	180	18	47	385.00
-2.094395	1.184361	0.625864	184	167	5	384.99
1.308997	2.041297	-2.664597	189	22	35	384.93
-2.879793	2.587733	0.232235	173	21	47	384.91
-3.141593	2.001437	0.381215	38	180	182	384.88
0.261799	0.700570	1.559208	21	8	190	384.87
1.047198	1.218453	2.777284	186	30	31	384.86
2.094395	1.977582	0.969896	171	19	52	384.77
-1.832596	1.812176	0.656819	181	7	41	384.77
1.047198	0.910508	1.903534	163	19	37	384.74
-1.047198	2.863997	0.549740	181	30	29	384.69
0.785398	1.617114	-1.572037	42	183	165	384.65
2.879793	1.374601	-2.456031	171	26	43	384.64
-1.832596	1.741644	-2.695914	172	13	41	384.63
-1.308997	1.696674	-1.253233	183	29	45	384.55
-1.047198	1.488617	1.159546	191	23	47	384.53
2.617994	1.448123	-2.163292	47	189	178	384.40
-1.570796	2.704512	1.488683	163	175	16	384.38
1.832596	2.396274	-1.959260	1	20	45	384.25
1.832596	1.045978	0.343692	166	24	38	384.20
-1.832596	1.872854	1.543456	188	17	50	384.13
-1.570796	2.115563	0.685730	30	9	177	384.10
-1.832596	1.214854	-1.966664	173	24	45	384.02
1.570796	1.741644	-2.695914	150	157	173	384.00
-1.047198	0.419640	2.974122	23	181	9	383.89
-2.879793	1.756530	-2.105156	28	179	8	383.88
1.308997	1.367556	0.358405	42	174	190	383.88
2.879793	1.448123	-2.163292	182	28	46	383.86
-2.094395	1.721184	-0.153948	168	22	31	383.83
-1.308997	1.335669	0.897240	163	15	32	383.81
-2.879793	1.194549	-0.801900	163	165	184	383.63
0.523599	0.850607	-1.335383	28	179	11	383.60
-2.617994	1.617114	-1.572037	179	18	46	383.58
-1.570796	2.984978	1.954446	1	9	34	383.57
2.879793	1.617114	-1.572037	180	19	45	383.56
-2.356194	1.732874	-0.951685	176	25	37	383.55
-1.570796	2.251330	-2.330739	176	14	44	383.52
0.000000	1.194549	-0.801900	168	21	41	383.52
2.356194	1.506530	1.988858	175	28	24	383.42
-3.141593	2.247462	0.191623	169	12	47	383.39
1.308997	1.504028	0.636812	175	19	36	383.38
2.356194	1.488617	1.159546	172	11	49	383.37
0.261799	0.700570	1.559208	178	29	38	383.35
-1.570796	2.863997	0.549740	174	5	48	383.33
-2.617994	1.135834	-1.431087	172	24	36	383.33
-2.617994	1.683268	0.374177	177	4	45	383.18
1.047198	1.214854	-1.966664	46	179	172	383.14
0.261799	2.637879	2.121598	170	10	46	383.10
2.617994	1.662363	0.915448	21	188	6	383.03
-1.570796	1.662363	0.915448	40	173	10	383.02
2.356194	1.555207	1.708892	164	160	11	382.99
-2.094395	2.404280	-0.174044	180	4	45	382.98
-2.879793	2.295480	1.008277	179	19	54	382.92
2.356194	1.756530	-2.105156	51	191	179	382.89
-2.879793	1.696674	-1.253233	178	25	40	382.88
-0.523599	0.640596	-2.797608	172	165	11	382.86
1.047198	1.741644	-2.695914	160	13	22	382.84
1.047198	1.872854	1.543456	168	164	181	382.81
2.094395	1.014500	0.906702	161	12	36	382.71
1.832596	1.812176	0.656819	168	24	48	382.70
-2.094395	2.396274	-1.959260	160	178	6	382.60
-1.308997	2.592629	0.909713	36	173	186	382.60
2.094395	0.831641	0.616218	164	19	36	382.59
-1.308997	1.554776	0.100351	167	22	34	382.59
1.308997	2.041297	-2.664597	189	26	44	382.56
2.879793	2.724429	-0.348782	4	14	35	382.53
1.832596	2.041297	-2.664597	167	165	186	382.49
2.617994	1.569311	-3.003978	186	36	37	382.46
1.570796	2.001437	0.381215	171	29	45	382.44
-2.356194	1.555207	1.708892	168	23	27	382.38
0.523599	1.732874	-0.951685	187	30	32	382.37
0.261799	2.407836	1.410646	42	176	157	382.36
2.094395	2.041297	-2.664597	181	18	30	382.35
2.094395	1.756530	-2.105156	183	22	48	382.35
0.000000	0.929350	-2.910676	177	164	8	382.33
-0.261799	2.984978	1.954446	168	8	44	382.26
2.356194	1.214854	-1.966664	177	22	47	382.21
-0.785398	2.587733	0.232235	171	28	29	382.12
1.570796	1.184361	0.625864	42	178	1	382.07
1.047198	1.870545	-2.976234	188	27	40	382.00
-1.832596	2.863997	0.549740	38	4	184	381.98
2.879793	1.450119	-2.739050	37	170	178	381.81
1.047198	0.831641	0.616218	191	14	44	381.76
1.570796	1.872854	1.543456	171	14	50	381.72
-0.785398	0.914445	2.687814	176	18	40	381.70
-2.094395	1.014500	0.906702	167	25	34	381.66
1.832596	0.733948	3.021411	175	32	35	381.65
1.308997	2.138223	1.678323	51	176	160	381.58
-2.617994	2.033014	2.977192	174	26	31	381.56
2.879793	1.683268	0.374177	186	34	34	381.56
-1.308997	2.180315	-1.357379	175	23	44	381.54
1.047198	1.569311	-3.003978	187	32	41	381.51
2.094395	1.872854	1.543456	173	9	49	381.48
-1.832596	2.251330	-2.330739	50	183	186	381.47
-2.879793	2.863997	0.549740	175	30	46	381.45
-2.094395	1.736875	3.023612	161	19	28	381.43
-2.356194	2.295480	1.008277	37	175	3	381.41
0.523599	1.732874	-0.951685	173	10	43	381.41
1.570796	0.571433	-1.188419	171	16	43	381.34
2.617994	1.696674	-1.253233	51	184	179	381.33
1.308997	0.914445	2.687814	180	14	34	381.31
1.570796	2.588535	-2.976617	168	2	40	381.31
1.308997	0.571433	-1.188419	179	14	48	381.30
-1.047198	0.674054	1.013609	167	10	38	381.20
-1.832596	1.836682	-0.676006	167	27	34	381.19
0.785398	1.214854	-1.966664	175	21	42	381.01
-2.094395	1.662363	0.915448	190	11	50	380.98
-2.094395	1.809167	1.213774	189	12	52	380.96
-0.523599	2.979456	-1.009304	3	24	44	380.93
-3.141593	1.555207	1.708892	176	159	11	380.92
-2.094395	1.450119	-2.739050	166	13	34	380.89
0.523599	0.674054	1.013609	180	13	42	380.86
0.000000	0.419640	2.974122	181	11	45	380.84
0.000000	2.592629	0.909713	190	13	53	380.81
-2.356194	1.766067	2.153843	171	28	30	380.74
2.617994	1.555207	1.708892	168	159	11	380.68
1.047198	1.413430	2.550734	187	30	30	380.67
1.832596	0.961715	0.014085	169	30	34	380.64
-0.785398	1.367556	0.358405	44	181	3	380.63
-3.141593	1.194549	-0.801900	180	32	40	380.62
-2.617994	1.875281	0.107086	174	190	39	380.62
2.356194	1.374601	-2.456031	176	19	46	380.61
-2.094395	2.592629	0.909713	33	175	0	380.61
2.094395	1.214854	-1.966664	177	25	47	380.54
-2.094395	2.247462	0.191623	37	169	185	380.51
2.879793	2.724429	-0.348782	50	185	161	380.47
-1.832596	2.724429	-0.348782	178	32	33	380.46
2.094395	2.579248	-2.364801	167	0	35	380.42
1.570796	1.310100	1.488307	166	14	46	380.37
-2.617994	1.599406	1.426070	190	8	50	380.33
1.047198	2.153910	-1.714959	189	15	46	380.32
1.570796	1.824694	1.850876	168	10	48	380.30
-2.617994	2.108018	1.311430	185	18	54	380.30
-1.308997	0.929350	-2.910676	171	7	42	380.29
-2.094395	1.872854	1.543456	187	15	49	380.23
-1.047198	2.153910	-1.714959	177	22	45	380.20
1.308997	1.335669	0.897240	26	183	4	380.16
-1.832596	1.045978	0.343692	185	37	30	380.08
1.308997	2.881233	-2.582574	162	10	41	379.97
-2.617994	0.992645	-1.723759	26	179	9	379.96
2.356194	1.824694	1.850876	179	6	51	379.84
2.356194	1.809167	1.213774	25	189	7	379.76
-0.523599	0.618092	2.539118	177	32	32	379.75
2.094395	2.153910	-1.714959	190	22	46	379.69
-1.570796	0.458961	-0.107937	178	12	37	379.48
-1.832596	1.448123	-2.163292	168	20	43	379.45
-3.141593	1.869911	2.701025	167	14	32	379.37
0.000000	0.297065	2.160177	176	14	38	379.35
1.308997	1.948085	-2.363031	161	12	23	379.33
-2.094395	1.184361	0.625864	183	6	39	379.29
2.094395	1.662363	0.915448	171	20	50	379.15
0.523599	2.881233	-2.582574	2	10	36	379.09
2.094395	0.831641	0.616218	161	14	32	379.07
-2.094395	2.247462	0.191623	178	1	45	379.06
-1.570796	1.045978	0.343692	37	189	171	379.03
-0.523599	0.419640	2.974122	30	188	164	379.01
0.523599	0.571433	-1.188419	178	12	48	378.85
-1.570796	1.904882	-1.478089	183	28	45	378.85
0.261799	0.618092	2.539118	169	19	32	378.85
-2.617994	1.617114	-1.572037	183	24	48	378.82
-1.047198	1.599406	1.426070	184	19	44	378.79
-2.094395	1.948085	-2.363031	164	171	8	378.64
-1.047198	2.984978	1.954446	6	16	34	378.61
1.308997	0.899350	-2.069907	47	179	174	378.61
2.879793	1.448123	-2.163292	184	36	42	378.59
2.617994	0.960688	-0.577532	178	22	37	378.54
1.570796	2.704512	1.488683	188	14	50	378.52
1.308997	0.929350	-2.910676	184	16	37	378.33
-1.047198	2.637879	2.121598	171	24	47	378.33
0.523599	0.370812	-2.547742	185	13	46	378.32
-2.094395	1.909857	-0.381669	30	160	189	378.30
2.879793	1.242974	-2.977882	39	170	179	378.29
1.570796	1.335669	0.897240	169	27	45	378.22
-1.832596	1.756530	-2.105156	168	14	39	378.21
-1.832596	0.709924	0.218797	174	29	45	378.20
-2.094395	2.073035	2.027405	183	23	40	378.19
1.832596	0.831641	0.616218	38	180	4	378.19
1.047198	1.846342	-1.796954	166	30	23	378.15
1.832596	1.310100	1.488307	191	24	39	378.14
0.523599	0.615174	-0.666022	174	10	44	378.11
-3.141593	2.404280	-0.174044	155	167	7	378.02
-1.832596	2.984978	1.954446	175	24	35	378.02
-2.879793	2.979456	-1.009304	185	30	32	378.00
1.308997	1.184361	0.625864	54	172	173	377.98
-2.617994	2.587733	0.232235	169	7	45	377.98
0.785398	1.025536	1.576859	52	170	174	377.92
1.047198	0.733948	3.021411	186	10	40	377.91
0.523599	2.104282	-0.813972	185	25	35	377.91
-2.617994	1.325504	-1.671296	182	14	48	377.89
-1.570796	1.741644	-2.695914	174	11	41	377.81
-1.570796	1.732874	-0.951685	175	26	43	377.80
0.523599	0.866955	-0.931351	171	19	44	377.80
1.308997	1.014500	0.906702	41	175	2	377.78
-1.047198	2.984978	1.954446	167	18	46	377.71
-2.617994	1.545873	-1.877082	177	15	47	377.67
0.523599	2.104282	-0.813972	168	10	37	377.63
-1.308997	2.587733	0.232235	181	4	45	377.63
-2.879793	1.242974	-2.977882	42	177	180	377.62
1.832596	1.135834	-1.431087	173	11	42	377.55
-2.617994	1.599406	1.426070	178	24	37	377.50
0.000000	2.760637	2.781135	4	16	33	377.48
1.047198	1.214854	-1.966664	174	19	42	377.44
0.261799	0.762244	-0.273349	190	24	36	377.42
2.356194	1.569311	-3.003978	158	178	183	377.41
-1.832596	0.709924	0.218797	173	27	45	377.36
-0.785398	2.984978	1.954446	41	189	186	377.26
1.308997	1.335669	0.897240	38	177	0	377.24
2.617994	1.374601	-2.456031	175	19	46	377.23
-3.141593	2.379497	0.561089	162	175	15	377.23
2.356194	1.870545	-2.976234	181	187	32	377.21
1.570796	0.571433	-1.188419	173	15	44	377.16
0.785398	0.910508	1.903534	159	23	34	377.16
-2.356194	1.488617	1.159546	170	25	25	377.14
-1.047198	0.290380	-0.796960	43	187	181	377.13
-0.785398	2.760637	2.781135	171	29	44	377.11
1.047198	1.374601	-2.456031	185	15	33	377.10
2.879793	1.617114	-1.572037	45	2	176	377.06
-2.094395	1.875281	0.107086	184	7	44	377.04
1.570796	2.587733	0.232235	177	31	46	377.00
0.523599	0.674054	1.013609	186	1	40	377.00
2.617994	2.073035	2.027405	48	169	186	376.95
-2.094395	1.504028	0.636812	172	25	37	376.85
-2.094395	2.089241	-0.114193	183	6	43	376.85
2.617994	2.704512	1.488683	45	183	171	376.77
-2.879793	1.736875	3.023612	170	11	37	376.72
1.308997	0.866395	-2.492918	184	26	46	376.70
2.356194	1.846342	-1.796954	51	1	173	376.61
2.879793	0.615174	-0.666022	182	24	45	376.49
0.261799	2.592629	0.909713	187	12	50	376.41
1.570796	0.906588	1.252948	163	20	39	376.39
-2.094395	1.374601	-2.456031	168	21	43	376.34
-2.356194	1.195355	1.200319	174	20	35	376.34
1.047198	1.413430	2.550734	25	14	18	376.29
-0.523599	2.760637	2.781135	168	26	43	376.29
-0.785398	1.599406	1.426070	191	32	50	376.27
2.094395	1.555207	1.708892	177	26	22	376.26
2.356194	0.762244	-0.273349	188	23	45	376.21
2.094395	1.184361	0.625864	160	17	36	376.20
0.785398	0.914445	2.687814	183	9	38	376.14
-3.141593	1.658653	-2.409879	168	19	41	376.11
0.000000	0.961715	0.014085	187	21	38	376.11
1.308997	0.914445	2.687814	183	12	35	375.96
2.356194	1.812176	0.656819	166	17	48	375.92
2.879793	2.073035	2.027405	191	12	51	375.91
-1.308997	0.831641	0.616218	163	18	39	375.89
-2.356194	1.756530	-2.105156	174	16	46	375.88
-1.832596	2.637879	2.121598	185	30	53	375.81
2.094395	1.599406	1.426070	160	167	13	375.80
2.617994	1.545873	-1.877082	177	17	45	375.75
2.879793	1.374601	-2.456031	173	24	44	375.74
2.879793	2.863997	0.549740	178	21	31	375.73
1.047198	2.108018	1.311430	51	172	168	375.72
-2.356194	1.325504	-1.671296	27	184	9	375.53
1.047198	1.699788	2.452890	186	29	28	375.46
-2.356194	2.153910	-1.714959	172	21	42	375.42
1.047198	2.108018	1.311430	50	172	161	375.40
2.094395	1.555207	1.708892	161	162	11	375.34
1.832596	1.812176	0.656819	167	25	48	375.33
-1.047198	1.050534	3.042579	163	163	5	375.27
-1.308997	1.335669	0.897240	171	15	39	375.23
1.308997	2.251330	-2.330739	160	13	31	375.16
-1.832596	0.496451	0.593859	169	24	44	375.16
-2.879793	1.948085	-2.363031	168	19	39	375.13
-2.617994	2.033014	2.977192	167	10	34	375.08
-2.094395	2.863997	0.549740	169	9	46	374.93
-2.356194	0.992645	-1.723759	177	28	48	374.90
1.308997	0.864993	2.278281	164	11	32	374.83
-2.356194	1.870545	-2.976234	169	8	35	374.78
1.570796	1.599406	1.426070	166	15	47	374.71
2.094395	0.618092	2.539118	184	23	42	374.71
2.617994	1.555207	1.708892	190	29	36	374.71
-2.617994	1.948085	-2.363031	163	173	8	374.70
-1.570796	2.407836	1.410646	177	17	48	374.57
-1.832596	1.662363	0.915448	188	9	48	374.56
-1.832596	2.295480	1.008277	170	170	17	374.56
2.356194	2.407836	1.410646	46	180	187	374.51
-2.094395	1.214854	-1.966664	172	25	46	374.51
-2.356194	2.587733	0.232235	171	5	45	374.50
1.832596	0.733948	3.021411	38	187	7	374.43
1.832596	1.050534	3.042579	177	34	36	374.43
2.094395	1.045978	0.343692	44	183	2	374.42
0.523599	1.168678	2.108595	28	180	1	374.38
2.879793	2.299159	2.264663	165	15	27	374.35
1.308997	1.872854	1.543456	169	18	51	374.34
-3.141593	1.617114	-1.572037	182	17	42	374.27
2.879793	2.704512	1.488683	41	175	158	374.24
1.832596	1.242974	-2.977882	175	31	40	374.23
-1.832596	1.824694	1.850876	181	23	40	374.11
-1.047198	1.050534	3.042579	163	167	5	374.04
-3.141593	2.724429	-0.348782	169	11	47	373.96
-1.308997	2.587733	0.232235	182	3	44	373.93
1.308997	1.488617	1.159546	170	23	49	373.89
1.832596	1.045978	0.343692	174	156	176	373.85
2.617994	1.545873	-1.877082	0	37	40	373.82
-1.832596	2.592629	0.909713	165	168	16	373.77
0.523599	0.640596	-2.797608	174	166	7	373.75
2.094395	1.135834	-1.431087	185	21	47	373.72
2.617994	1.569311	-3.003978	33	176	184	373.70
0.785398	2.719179	-1.780644	170	26	31	373.64
2.879793	2.592629	0.909713	178	25	54	373.64
-2.617994	0.418037	1.360082	165	187	9	373.59
1.832596	2.407836	1.410646	186	12	46	373.58
-2.356194	1.904882	-1.478089	179	25	48	373.55
2.879793	0.960688	-0.577532	183	30	42	373.46
2.617994	1.617114	-1.572037	177	26	31	373.46
1.570796	0.910508	1.903534	54	183	171	373.45
2.617994	1.135813	-2.658866	172	18	43	373.44
2.617994	1.450119	-2.739050	33	180	185	373.43
-1.047198	0.615174	-0.666022	179	27	47	373.40
-2.094395	1.335669	0.897240	180	163	8	373.36
0.785398	1.846342	-1.796954	179	13	44	373.31
1.832596	2.579248	-2.364801	166	2	37	373.16
1.308997	2.251330	-2.330739	4	31	40	373.16
0.000000	0.709924	0.218797	44	174	179	373.10
2.094395	2.001437	0.381215	176	163	183	372.96
-2.094395	2.379497	0.561089	38	178	180	372.96
1.570796	0.831641	0.616218	24	10	26	372.89
-1.570796	0.458961	-0.107937	176	14	42	372.84
2.356194	1.617114	-1.572037	183	19	48	372.76
2.617994	1.809167	1.213774	48	190	175	372.76
-2.356194	1.168678	2.108595	165	24	32	372.69
-2.617994	2.592629	0.909713	39	183	183	372.62
-1.570796	0.370812	-2.547742	176	12	46	372.59
1.308997	1.025536	1.576859	161	15	36	372.41
-2.879793	1.736875	3.023612	169	24	35	372.40
1.570796	1.128190	-2.288622	175	22	44	372.39
2.879793	2.664082	-1.071402	48	189	164	372.37
2.617994	1.872854	1.543456	181	9	53	372.35
1.047198	1.872854	1.543456	53	171	165	372.27
1.832596	1.554776	0.100351	162	28	37	372.10
-3.141593	1.413347	-1.339188	182	16	45	372.09
1.570796	0.685216	-1.712745	171	16	41	372.07
-2.879793	0.850607	-1.335383	31	180	9	372.02
1.308997	1.168678	2.108595	187	32	25	371.89
0.523599	1.135834	-1.431087	170	19	41	371.84
-1.832596	1.184361	0.625864	41	166	1	371.66
0.523599	0.762244	-0.273349	50	188	169	371.58
1.047198	1.824694	1.850876	169	12	46	371.49
1.570796	1.310100	1.488307	165	13	45	371.45
0.785398	2.407836	1.410646	167	184	181	371.38
2.617994	1.545873	-1.877082	178	16	46	371.24
-2.094395	2.295480	1.008277	170	169	17	371.18
1.308997	1.310100	1.488307	166	22	46	371.13
2.879793	1.872854	1.543456	45	171	188	371.01
-2.356194	2.138223	1.678323	42	184	176	370.98
2.617994	1.450119	-2.739050	172	17	41	370.92
1.047198	1.050534	3.042579	0	17	42	370.91
0.261799	1.134796	2.434290	51	166	174	370.87
-2.356194	1.545873	-1.877082	177	13	45	370.87
0.000000	2.724429	-0.348782	1	27	44	370.77
1.570796	1.662363	0.915448	167	23	47	370.77
-2.879793	2.393226	1.857173	188	17	51	370.76
-1.832596	2.587733	0.232235	169	159	12	370.76
-1.832596	1.732874	-0.951685	170	24	39	370.71
-2.094395	1.824694	1.850876	168	25	29	370.70
1.047198	1.448123	-2.163292	180	22	47	370.67
0.785398	1.846342	-1.796954	169	33	23	370.64
-2.094395	1.824694	1.850876	190	19	48	370.62
2.617994	1.617114	-1.572037	181	16	44	370.51
2.879793	1.756530	-2.105156	172	23	44	370.46
-3.141593	2.587733	0.232235	37	183	185	370.45
1.308997	0.733948	3.021411	188	13	41	370.33
-2.356194	1.555207	1.708892	167	29	30	370.31
1.832596	0.685216	-1.712745	170	16	43	370.29
-2.617994	1.335669	0.897240	173	161	8	370.25
2.094395	2.579248	-2.364801	175	13	35	370.24
-2.617994	2.863997	0.549740	174	27	46	370.23
2.094395	1.450119	-2.739050	178	31	42	370.16
1.570796	1.506530	1.988858	178	27	21	370.16
1.047198	1.242974	-2.977882	185	18	35	370.07
2.094395	1.128190	-2.288622	174	19	45	370.04
2.094395	1.045978	0.343692	40	183	2	370.01
2.879793	2.073035	2.027405	48	176	180	369.92
1.308997	1.025536	1.576859	160	16	36	369.91
-1.047198	2.153910	-1.714959	170	10	37	369.81
-2.356194	1.335669	0.897240	177	163	8	369.77
-1.570796	2.587733	0.232235	181	7	49	369.77
-2.356194	1.510910	-0.740472	36	187	4	369.72
-2.356194	1.335669	0.897240	184	5	44	369.58
-2.879793	0.992645	-1.723759	179	22	48	369.55
-2.617994	1.335669	0.897240	28	186	2	369.49
-2.094395	1.846342	-1.796954	168	24	40	369.45
1.570796	1.812176	0.656819	170	27	48	369.32
2.094395	2.063651	-2.044600	187	24	47	369.20
2.356194	1.555207	1.708892	175	3	47	369.10
-1.832596	1.812176	0.656819	181	8	43	369.10
-2.879793	1.450119	-2.739050	174	25	42	369.07
2.617994	1.756530	-2.105156	47	191	176	368.99
-2.356194	1.696674	-1.253233	184	26	48	368.84
-2.879793	2.033014	2.977192	165	13	29	368.84
-0.785398	0.929350	-2.910676	174	4	41	368.78
-2.617994	1.736875	3.023612	171	8	36	368.78
-1.570796	2.247462	0.191623	184	3	44	368.73
-1.047198	2.379497	0.561089	180	30	28	368.72
1.308997	2.073035	2.027405	172	7	46	368.66
0.261799	0.709924	0.218797	50	4	165	368.64
0.000000	2.001437	0.381215	185	18	41	368.48
1.832596	1.014500	0.906702	162	15	37	368.43
-3.141593	2.979456	-1.009304	19	165	7	368.41
1.570796	0.685216	-1.712745	33	179	11	368.39
1.832596	1.014500	0.906702	38	181	2	368.36
2.356194	1.506530	1.988858	1	27	36	368.35
0.000000	0.762244	-0.273349	55	189	161	368.29
1.832596	2.579248	-2.364801	163	4	36	368.21
-1.570796	2.138223	1.678323	43	185	190	368.13
-2.094395	1.696674	-1.253233	166	26	34	368.12
0.785398	2.719179	-1.780644	8	188	151	368.06
-1.832596	2.138223	1.678323	183	20	48	368.03
-2.879793	2.033014	2.977192	168	13	36	367.99
1.308997	2.138223	1.678323	32	188	186	367.99
2.094395	1.741644	-2.695914	179	27	44	367.97
-2.356194	1.736875	3.023612	170	18	35	367.96
1.047198	1.658653	-2.409879	188	29	45	367.95
1.832596	1.050534	3.042579	41	184	2	367.94
2.617994	1.756530	-2.105156	47	0	176	367.91
1.047198	2.349581	-2.702517	160	13	33	367.80
-3.141593	1.135834	-1.431087	184	26	47	367.79
0.261799	0.850607	-1.335383	179	27	45	367.75
1.570796	2.664082	-1.071402	166	29	41	367.70
0.261799	1.168678	2.108595	175	13	31	367.68
2.094395	1.599406	1.426070	168	8	45	367.65
0.000000	0.709924	0.218797	189	26	37	367.65
-2.617994	2.379497	0.561089	32	172	1	367.58
1.308997	1.450119	-2.739050	186	15	34	367.52
-1.308997	0.640596	-2.797608	174	8	44	367.45
1.308997	1.809167	1.213774	175	15	45	367.45
0.785398	1.506530	1.988858	167	23	46	367.43
-2.617994	1.413347	-1.339188	177	21	41	367.41
-0.785398	0.618092	2.539118	176	3	41	367.10
-3.141593	2.379497	0.561089	159	174	14	367.01
-1.570796	2.407836	1.410646	175	19	51	366.95
1.832596	0.640596	-2.797608	169	159	171	366.87
1.832596	1.050534	3.042579	185	14	34	366.83
-3.141593	1.374601	-2.456031	20	1	6	366.72
1.308997	2.138223	1.678323	42	175	185	366.67
-1.308997	1.599406	1.426070	185	18	44	366.59
1.570796	1.948085	-2.363031	185	21	44	366.49
2.094395	1.545873	-1.877082	181	20	48	366.45
2.617994	1.766067	2.153843	47	167	183	366.44
-3.141593	1.756530	-2.105156	173	20	44	366.42
-1.832596	1.214854	-1.966664	171	21	46	366.40
-1.047198	2.984978	1.954446	28	183	1	366.38
1.047198	1.440580	2.260026	164	20	41	366.37
2.094395	1.812176	0.656819	19	181	9	366.31
2.617994	1.756530	-2.105156	47	2	176	366.30
-2.617994	1.555207	1.708892	38	182	165	366.27
1.047198	0.831641	0.616218	173	37	36	366.13
-2.617994	1.696674	-1.253233	176	23	34	366.11
-2.356194	1.662363	0.915448	179	172	11	366.06
2.617994	1.766067	2.153843	188	6	47	366.05
2.617994	1.872854	1.543456	179	8	52	365.99
-2.094395	2.393226	1.857173	180	23	43	365.97
1.047198	1.617114	-1.572037	171	173	11	365.97
-0.261799	1.045978	0.343692	0	27	38	365.94
1.570796	0.674054	1.013609	165	23	36	365.89
-2.094395	1.683268	0.374177	182	0	40	365.89
1.047198	1.658653	-2.409879	183	22	44	365.88
0.261799	0.929350	-2.910676	0	31	39	365.87
2.879793	1.846342	-1.796954	179	21	43	365.87
0.523599	0.864993	2.278281	159	23	29	365.71
-2.356194	1.335669	0.897240	177	162	8	365.68
0.261799	0.762244	-0.273349	52	184	170	365.65
0.000000	0.762244	-0.273349	44	172	178	365.63
-2.617994	2.379497	0.561089	162	168	14	365.50
0.261799	2.407836	1.410646	179	12	51	365.45
-1.570796	1.367556	0.358405	182	37	28	365.44
-2.094395	1.504028	0.636812	172	27	36	365.29
0.523599	1.617114	-1.572037	16	6	17	365.25
-2.094395	2.592629	0.909713	173	12	49	365.02
1.308997	1.555207	1.708892	168	17	49	364.99
-2.094395	1.488617	1.159546	167	23	26	364.98
-1.047198	0.290380	-0.796960	175	18	46	364.89
-1.832596	2.001437	0.381215	12	3	31	364.85
1.308997	1.766067	2.153843	178	30	23	364.83
-1.832596	2.138223	1.678323	184	20	50	364.78
1.308997	1.766067	2.153843	166	7	41	364.74
1.308997	0.685216	-1.712745	48	177	177	364.69
2.879793	1.450119	-2.739050	174	19	44	364.65
-2.617994	2.153910	-1.714959	173	23	41	364.63
-2.356194	1.488617	1.159546	168	28	29	364.60
-2.094395	2.724429	-0.348782	30	161	6	364.52
2.094395	0.899350	-2.069907	34	186	10	364.51
1.570796	1.050534	3.042579	177	30	33	364.47
0.523599	0.640596	-2.797608	185	15	46	364.22
-2.356194	1.872854	1.543456	35	186	13	364.20
-1.047198	2.592629	0.909713	181	9	53	364.18
-1.832596	1.824694	1.850876	3	25	51	364.14
1.570796	0.866395	-2.492918	35	182	7	364.00
-0.785398	0.618092	2.539118	167	163	9	363.97
-2.879793	1.413347	-1.339188	185	17	48	363.95
1.308997	2.407836	1.410646	45	178	155	363.94
-2.879793	1.545873	-1.877082	178	21	48	363.93
0.785398	1.617114	-1.572037	43	182	166	363.93
1.832596	2.379497	0.561089	176	28	51	363.81
1.570796	1.450119	-2.739050	180	31	43	363.81
-2.356194	1.904882	-1.478089	177	21	43	363.80
1.832596	1.134497	-1.109631	179	5	40	363.71
1.570796	1.555207	1.708892	164	13	47	363.69
-1.832596	2.984978	1.954446	40	186	180	363.63
2.879793	2.379497	0.561089	39	179	183	363.55
2.094395	2.251330	-2.330739	169	190	28	363.51
2.094395	2.295480	1.008277	182	15	39	363.49
-2.617994	1.756530	-2.105156	172	15	43	363.48
-1.832596	0.496451	0.593859	161	182	9	363.41
1.047198	1.440580	2.260026	163	10	35	363.20
-2.094395	2.404280	-0.174044	31	160	5	363.19
-1.570796	0.458961	-0.107937	177	13	41	363.07
2.094395	1.045978	0.343692	38	184	3	363.02
-2.094395	1.756530	-2.105156	175	13	46	362.94
-2.356194	2.863997	0.549740	41	2	182	362.93
1.308997	1.440580	2.260026	160	11	40	362.90
2.356194	1.741644	-2.695914	181	13	29	362.88
-2.879793	2.379497	0.561089	38	181	183	362.76
-1.832596	1.335669	0.897240	187	14	44	362.63
-0.785398	0.733948	3.021411	166	163	8	362.54
-2.879793	1.696674	-1.253233	185	21	47	362.52
-2.356194	1.872854	1.543456	177	24	36	362.48
-2.356194	1.741644	-2.695914	169	11	40	362.46
2.879793	2.587733	0.232235	169	21	50	362.38
0.261799	0.618092	2.539118	166	19	28	362.35
-1.570796	1.554776	0.100351	166	25	34	362.31
-1.832596	1.448123	-2.163292	165	17	41	362.26
-0.261799	0.733948	3.021411	176	7	39	362.25
1.308997	1.809167	1.213774	177	14	39	362.24
1.832596	1.977582	0.969896	24	181	12	362.20
-3.141593	1.194549	-0.801900	189	24	44	362.18
-1.047198	2.592629	0.909713	170	166	16	362.11
1.047198	1.948085	-2.363031	189	24	46	362.08
-1.047198	0.929350	-2.910676	165	167	8	362.07
-2.356194	1.732874	-0.951685	32	187	5	362.06
2.879793	2.592629	0.909713	42	183	182	361.84
1.308997	1.014500	0.906702	167	27	41	361.73
-2.617994	2.108018	1.311430	183	10	51	361.72
2.356194	2.396274	-1.959260	168	191	32	361.60
-2.356194	1.555207	1.708892	174	23	35	361.55
2.356194	1.824694	1.850876	178	3	47	361.55
-2.094395	1.683268	0.374177	175	161	9	361.50
2.094395	0.961715	0.014085	168	24	35	361.49
2.879793	2.404280	-0.174044	170	22	44	361.49
1.308997	1.367556	0.358405	41	177	0	361.42
2.094395	1.014500	0.906702	160	13	36	361.39
-1.570796	2.587733	0.232235	182	30	30	361.37
-2.356194	1.741644	-2.695914	163	166	6	361.30
0.261799	0.929350	-2.910676	184	6	41	361.18
-3.141593	2.299159	2.264663	3	16	51	361.11
-0.523599	0.419640	2.974122	30	189	164	361.02
-0.523599	0.618092	2.539118	179	34	31	361.00
-0.785398	0.618092	2.539118	165	164	8	360.91
1.570796	0.910508	1.903534	188	17	42	360.91
2.356194	2.719179	-1.780644	167	2	39	360.72
1.832596	1.367556	0.358405	184	4	28	360.70
1.832596	0.685216	-1.712745	182	20	49	360.69
-2.094395	1.824694	1.850876	166	25	27	360.69
-0.785398	0.419640	2.974122	169	165	11	360.67
1.047198	0.618092	2.539118	181	12	38	360.59
2.094395	1.214854	-1.966664	188	29	46	360.38
-2.094395	1.335669	0.897240	188	12	45	360.31
-3.141593	1.134497	-1.109631	186	23	46	360.21
2.617994	1.617114	-1.572037	182	15	44	360.18
2.094395	2.396274	-1.959260	35	191	6	360.16
-2.879793	1.617114	-1.572037	183	23	48	360.16
0.523599	1.982574	-1.115518	178	38	27	360.05
2.617994	1.448123	-2.163292	47	0	181	360.03
2.356194	1.617114	-1.572037	181	14	45	359.99
2.094395	0.961715	0.014085	19	189	165	359.91
-1.570796	2.407836	1.410646	38	182	0	359.91
0.785398	2.881233	-2.582574	40	190	189	359.89
-1.832596	1.872854	1.543456	187	18	50	359.69
0.523599	1.135834	-1.431087	180	23	48	359.49
-1.832596	1.545873	-1.877082	171	18	44	359.38
1.570796	1.504028	0.636812	29	181	2	359.20
2.094395	1.809167	1.213774	170	14	49	359.16
-1.570796	1.662363	0.915448	184	11	43	359.11
1.308997	2.073035	2.027405	173	6	45	359.09
2.356194	1.824694	1.850876	43	168	187	359.03
-2.617994	2.407836	1.410646	183	21	55	358.89
2.356194	1.569311	-3.003978	183	0	29	358.70
-1.308997	1.488617	1.159546	188	19	45	358.68
-1.308997	1.335669	0.897240	162	16	32	358.60
1.570796	1.948085	-2.363031	162	7	25	358.58
-1.047198	0.929350	-2.910676	39	184	164	358.53
-2.094395	1.870545	-2.976234	168	10	35	358.50
-0.785398	2.984978	1.954446	167	14	45	358.48
-1.308997	1.488617	1.159546	170	16	37	358.37
-2.094395	0.203748	0.590255	180	28	49	358.34
-1.832596	1.184361	0.625864	169	19	38	358.30
2.356194	1.699788	2.452890	183	19	34	358.29
0.000000	2.704512	1.488683	27	172	15	358.20
2.356194	1.555207	1.708892	0	28	36	358.15
1.047198	2.138223	1.678323	41	173	185	358.12
-2.879793	1.134497	-1.109631	175	32	40	357.99
2.879793	2.664082	-1.071402	171	16	38	357.92
0.523599	1.135834	-1.431087	178	21	47	357.92
2.094395	1.545873	-1.877082	54	189	180	357.87
1.308997	1.014500	0.906702	53	174	172	357.86
2.356194	2.979456	-1.009304	165	13	44	357.75
-1.832596	0.831641	0.616218	166	25	41	357.71
1.047198	0.618092	2.539118	3	18	46	357.62
-1.570796	1.045978	0.343692	36	187	173	357.58
-2.617994	2.295480	1.008277	41	180	181	357.51
2.356194	1.756530	-2.105156	51	0	179	357.43
2.094395	1.736875	3.023612	185	5	34	357.42
-1.570796	0.709924	0.218797	159	180	8	357.35
-2.094395	1.448123	-2.163292	45	178	172	357.31
-1.047198	0.733948	3.021411	163	164	8	357.27
2.879793	1.242974	-2.977882	172	25	40	357.16
-0.523599	2.984978	1.954446	166	12	46	357.07
2.879793	2.863997	0.549740	174	24	38	357.05
-1.047198	1.367556	0.358405	45	176	3	357.02
-2.617994	1.506530	1.988858	169	26	29	356.98
-1.832596	2.180315	-1.357379	157	175	0	356.96
-2.356194	2.863997	0.549740	168	12	47	356.94
2.356194	1.696674	-1.253233	189	7	40	356.93
-2.356194	2.153910	-1.714959	173	22	44	356.84
1.570796	1.809167	1.213774	169	20	50	356.78
2.617994	2.063651	-2.044600	168	173	185	356.73
2.094395	1.184361	0.625864	161	16	37	356.69
-2.356194	2.396274	-1.959260	186	7	30	356.68
1.047198	2.456751	-1.503343	187	10	43	356.68
-2.356194	1.134796	2.434290	163	24	35	356.67
1.832596	1.014500	0.906702	161	16	37	356.65
-2.617994	1.872854	1.543456	191	14	53	356.63
-1.570796	2.247462	0.191623	186	8	48	356.61
-2.879793	1.846342	-1.796954	175	21	44	356.58
-2.094395	1.756530	-2.105156	47	176	176	356.34
-2.094395	1.846342	-1.796954	176	18	47	356.30
2.879793	1.846342	-1.796954	44	3	173	356.27
0.523599	2.881233	-2.582574	5	15	38	356.27
2.094395	1.214854	-1.966664	176	22	47	356.26
2.356194	2.979456	-1.009304	5	17	37	356.24
1.047198	1.555207	1.708892	168	24	48	356.10
2.356194	1.617114	-1.572037	52	190	176	355.93
-2.094395	1.870545	-2.976234	5	27	32	355.89
-0.523599	2.863997	0.549740	170	30	26	355.82
2.094395	1.824694	1.850876	175	5	49	355.77
-2.356194	1.617114	-1.572037	182	22	48	355.74
-1.832596	2.001437	0.381215	183	3	44	355.71
2.356194	1.325504	-1.671296	179	17	48	355.68
1.570796	0.910508	1.903534	165	10	37	355.61
-3.141593	1.741644	-2.695914	179	33	38	355.58
-3.141593	1.374601	-2.456031	22	7	4	355.57
-1.570796	1.662363	0.915448	188	14	48	355.48
1.570796	1.014500	0.906702	55	177	173	355.46
-2.879793	2.724429	-0.348782	39	6	187	355.45
-2.879793	1.448123	-2.163292	175	21	46	355.33
-2.094395	2.089241	-0.114193	27	181	1	355.27
-2.617994	1.488617	1.159546	172	27	24	355.26
1.047198	1.599406	1.426070	170	17	44	354.89
1.308997	1.998705	2.370472	166	8	45	354.88
1.570796	1.948085	-2.363031	188	26	46	354.86
-2.094395	2.407836	1.410646	169	174	17	354.86
1.570796	1.184361	0.625864	168	28	42	354.75
0.523599	1.756530	-2.105156	35	188	162	354.74
-2.356194	1.732874	-0.951685	188	30	45	354.70
-1.832596	0.831641	0.616218	32	177	1	354.62
1.832596	1.555207	1.708892	166	8	45	354.58
0.785398	2.881233	-2.582574	162	18	40	354.56
-1.832596	2.295480	1.008277	175	13	43	354.55
-2.094395	1.875281	0.107086	184	5	44	354.54
-3.141593	1.756530	-2.105156	171	21	43	354.53
2.356194	1.977582	0.969896	171	14	49	354.46
-2.094395	2.724429	-0.348782	182	31	33	354.34
-1.047198	0.419640	2.974122	177	6	44	354.30
1.832596	1.134497	-1.109631	179	7	42	354.27
-2.617994	1.247695	1.809890	0	16	43	354.26
-2.356194	1.870545	-2.976234	172	22	36	354.15
-2.094395	1.014500	0.906702	166	26	33	354.10
2.356194	1.872854	1.543456	178	10	53	354.08
1.832596	1.872854	1.543456	22	174	14	354.07
-0.785398	0.419640	2.974122	32	189	162	353.76
-2.094395	1.448123	-2.163292	172	17	45	353.71
2.356194	1.325504	-1.671296	175	18	46	353.53
-2.356194	1.662363	0.915448	187	8	50	353.46
1.832596	1.756530	-2.105156	183	21	48	353.44
-2.356194	2.863997	0.549740	42	0	183	353.35
2.356194	2.396274	-1.959260	160	168	187	353.25
1.308997	1.128190	-2.288622	41	182	8	353.18
2.094395	1.325504	-1.671296	178	18	48	353.15
1.570796	1.569311	-3.003978	164	2	25	353.11
0.785398	2.881233	-2.582574	3	13	36	352.92
-3.141593	2.587733	0.232235	174	25	47	352.90
-1.570796	2.863997	0.549740	34	170	182	352.86
-3.141593	2.592629	0.909713	177	22	54	352.80
-1.308997	2.592629	0.909713	168	167	16	352.74
-2.879793	1.545873	-1.877082	175	16	44	352.68
-1.570796	2.704512	1.488683	40	184	182	352.66
-1.570796	1.599406	1.426070	4	24	50	352.41
2.094395	1.135834	-1.431087	175	11	42	352.36
-2.094395	1.488617	1.159546	166	24	26	352.01
-0.785398	2.592629	0.909713	178	8	46	351.98
-2.879793	1.433411	-1.035986	180	23	40	351.97
1.308997	1.440580	2.260026	165	13	42	351.78
2.879793	1.658653	-2.409879	174	17	44	351.60
-2.094395	1.736875	3.023612	4	29	34	351.51
2.617994	2.664082	-1.071402	4	26	39	351.46
2.094395	1.374601	-2.456031	175	18	42	351.09
2.356194	1.977582	0.969896	174	17	53	350.97
-0.261799	2.760637	2.781135	171	27	49	350.88
2.879793	1.574060	2.783565	183	36	34	350.88
1.047198	0.992645	-1.723759	180	28	46	350.83
1.047198	1.440580	2.260026	162	11	36	350.61
-2.094395	1.545873	-1.877082	179	13	47	350.59
-2.094395	2.407836	1.410646	41	183	180	350.53
-2.617994	2.393226	1.857173	190	24	54	350.29
-1.047198	1.367556	0.358405	40	178	3	350.26
-2.356194	1.846342	-1.796954	176	22	47	350.23
2.879793	2.379497	0.561089	170	15	49	350.18
-2.617994	2.592629	0.909713	176	20	54	350.14
-1.832596	2.115563	0.685730	180	7	48	350.06
-2.356194	1.325504	-1.671296	175	22	46	349.96
1.570796	1.247695	1.809890	166	14	43	349.94
-1.570796	1.184361	0.625864	45	169	1	349.90
0.523599	0.419640	2.974122	184	11	45	349.89
1.832596	0.929350	-2.910676	35	186	5	349.83
-1.832596	2.295480	1.008277	39	182	179	349.65
2.094395	1.325504	-1.671296	180	8	42	349.49
2.617994	1.904882	-1.478089	185	17	44	349.47
-1.570796	1.554776	0.100351	180	165	4	349.44
1.308997	1.450119	-2.739050	183	32	43	349.37
-2.356194	1.824694	1.850876	3	18	51	349.36
-0.523599	0.733948	3.021411	169	162	8	349.35
-2.094395	2.063651	-2.044600	58	174	164	349.32
-2.879793	2.153910	-1.714959	31	186	7	349.18
1.570796	1.450119	-2.739050	182	33	42	349.03
-1.832596	1.488617	1.159546	162	24	26	348.89
-0.261799	2.592629	0.909713	190	15	53	348.77
-2.094395	1.214854	-1.966664	168	22	45	348.58
2.356194	2.407836	1.410646	186	15	44	348.56
-2.094395	2.587733	0.232235	175	3	46	348.41
-2.879793	2.295480	1.008277	179	18	54	348.37
0.000000	0.762244	-0.273349	173	6	43	348.30
1.308997	0.419640	2.974122	184	14	43	348.30
-2.094395	2.379497	0.561089	27	167	11	348.25
-1.308997	1.045978	0.343692	163	18	38	348.19
-2.879793	1.134497	-1.109631	180	20	41	347.98
0.785398	0.910508	1.903534	54	169	176	347.96
-2.617994	1.555207	1.708892	169	27	27	347.84
2.617994	2.138223	1.678323	185	10	36	347.82
-1.832596	2.115563	0.685730	181	6	47	347.78
-0.523599	0.618092	2.539118	177	14	45	347.73
-0.785398	2.592629	0.909713	179	8	49	347.68
-2.879793	2.724429	-0.348782	167	5	44	347.59
0.261799	0.709924	0.218797	172	6	36	347.58
-2.617994	1.846342	-1.796954	176	22	48	347.58
1.570796	1.599406	1.426070	165	17	48	347.55
-2.356194	2.033014	2.977192	12	20	41	347.35
-1.570796	1.413347	-1.339188	166	21	43	347.11
-1.832596	2.587733	0.232235	185	31	30	347.01
1.047198	2.295480	1.008277	184	15	47	346.86
-2.879793	2.724429	-0.348782	17	166	6	346.85
1.047198	0.618092	2.539118	183	12	42	346.82
-2.094395	2.863997	0.549740	19	171	11	346.76
-2.356194	2.295480	1.008277	168	169	17	346.54
0.000000	0.733948	3.021411	180	7	43	346.47
1.832596	1.504028	0.636812	164	22	43	346.38
-2.356194	1.736875	3.023612	169	6	27	346.34
2.879793	2.108018	1.311430	171	173	18	346.32
-2.094395	1.662363	0.915448	185	6	47	346.30
-2.356194	2.704512	1.488683	163	175	7	346.18
0.261799	0.618092	2.539118	183	10	45	346.06
-1.570796	2.379497	0.561089	176	8	40	345.98
1.308997	1.128190	-2.288622	41	181	8	345.92
-2.879793	2.592629	0.909713	40	182	183	345.82
1.570796	1.488617	1.159546	169	20	49	345.70
-1.832596	2.404280	-0.174044	184	8	44	345.43
2.094395	2.001437	0.381215	168	25	47	345.33
1.832596	1.555207	1.708892	158	166	11	345.25
2.617994	2.180315	-1.357379	187	20	42	345.25
2.879793	2.404280	-0.174044	51	188	164	345.18
-1.047198	1.184361	0.625864	162	13	33	345.15
-2.094395	2.138223	1.678323	46	182	2	345.12
-1.832596	1.948085	-2.363031	171	14	43	344.83
-2.094395	2.704512	1.488683	179	25	54	344.75
1.570796	1.569311	-3.003978	151	155	175	344.64
-0.785398	1.045978	0.343692	164	10	36	344.59
-2.094395	2.407836	1.410646	170	175	18	344.58
1.832596	1.367556	0.358405	160	27	38	344.41
-2.356194	2.295480	1.008277	40	181	181	344.39
-1.047198	2.637879	2.121598	173	20	40	344.25
1.570796	2.579248	-2.364801	161	8	37	344.15
-1.832596	1.948085	-2.363031	59	184	165	343.80
2.094395	1.658653	-2.409879	180	22	47	343.69
-1.832596	1.872854	1.543456	0	24	52	343.69
1.570796	1.367556	0.358405	186	5	30	343.64
1.570796	0.929350	-2.910676	40	181	4	343.56
2.094395	0.961715	0.014085	191	24	42	343.48
2.356194	2.063651	-2.044600	161	162	182	343.32
0.261799	0.866955	-0.931351	168	168	11	343.21
2.356194	1.545873	-1.877082	51	191	177	343.12
-1.308997	0.458961	-0.107937	175	24	49	342.99
-3.141593	1.658653	-2.409879	169	19	42	342.88
-0.785398	2.760637	2.781135	173	29	45	342.86
-2.617994	1.488617	1.159546	12	13	25	342.85
2.356194	1.325504	-1.671296	178	17	48	342.82
-2.356194	2.108018	1.311430	173	170	17	342.80
2.356194	2.251330	-2.330739	181	18	30	342.74
1.570796	1.335669	0.897240	42	177	190	342.65
2.356194	1.904882	-1.478089	187	21	47	342.54
-0.261799	2.984978	1.954446	172	9	50	342.40
1.832596	2.379497	0.561089	177	28	51	342.17
1.308997	1.168678	2.108595	163	12	39	342.11
2.356194	2.063651	-2.044600	162	162	182	341.88
1.832596	1.242974	-2.977882	176	31	40	341.66
2.356194	1.872854	1.543456	177	10	53	341.35
1.570796	1.367556	0.358405	163	30	33	341.14
-2.094395	2.138223	1.678323	162	171	179	341.04
-2.094395	2.704512	1.488683	179	19	32	341.00
-2.617994	2.587733	0.232235	168	8	47	340.90
-2.879793	2.379497	0.561089	177	22	49	340.89
-2.094395	2.295480	1.008277	40	181	181	340.85
-2.356194	2.587733	0.232235	162	162	12	340.74
-2.094395	2.295480	1.008277	39	172	1	340.66
2.356194	2.138223	1.678323	181	11	37	340.58
-2.356194	2.379497	0.561089	174	6	47	340.51
2.094395	1.872854	1.543456	175	12	53	340.43
1.570796	1.335669	0.897240	164	22	44	340.41
-2.094395	1.756530	-2.105156	167	21	41	340.33
-1.308997	0.640596	-2.797608	178	13	49	340.31
-3.141593	1.433411	-1.035986	188	30	44	340.15
-0.523599	0.419640	2.974122	172	164	11	340.04
-0.785398	2.592629	0.909713	162	166	164	339.99
-1.047198	0.733948	3.021411	174	4	41	339.72
-0.261799	2.592629	0.909713	187	11	53	339.63
-2.356194	1.948085	-2.363031	164	173	9	339.63
0.000000	0.960688	-0.577532	165	167	9	339.47
-2.356194	2.587733	0.232235	172	5	46	339.46
-2.094395	0.203748	0.590255	180	13	39	339.39
-1.832596	1.448123	-2.163292	178	18	47	339.31
2.617994	1.658653	-2.409879	21	0	7	338.77
-2.617994	2.108018	1.311430	172	169	17	338.20
2.094395	1.948085	-2.363031	163	162	182	338.16
-2.879793	2.379497	0.561089	39	179	182	337.94
1.570796	1.242974	-2.977882	178	31	40	337.89
1.832596	0.685216	-1.712745	169	17	43	337.34
-1.570796	1.599406	1.426070	189	23	48	337.31
1.308997	1.809167	1.213774	21	181	12	337.19
-2.094395	1.450119	-2.739050	169	163	6	337.03
-3.141593	2.724429	-0.348782	164	8	43	336.92
2.617994	2.063651	-2.044600	180	23	45	336.89
-2.879793	2.295480	1.008277	41	180	182	336.89
-1.832596	2.247462	0.191623	181	2	43	336.85
-1.832596	2.592629	0.909713	173	11	48	336.84
-2.879793	1.135834	-1.431087	182	30	47	336.54
-2.094395	2.138223	1.678323	178	175	17	336.17
-2.879793	1.846342	-1.796954	32	181	8	336.03
2.879793	1.756530	-2.105156	27	14	190	335.97
-1.308997	0.762244	-0.273349	167	20	44	335.89
-1.832596	2.247462	0.191623	10	1	31	335.87
1.308997	1.683268	0.374177	174	163	186	335.82
1.047198	0.733948	3.021411	191	14	44	335.70
-1.047198	2.592629	0.909713	170	165	16	335.62
1.308997	1.135813	-2.658866	178	30	43	335.54
1.047198	1.128190	-2.288622	179	28	45	335.50
-2.094395	2.379497	0.561089	174	7	48	335.42
1.047198	1.128190	-2.288622	49	175	174	335.36
-2.617994	2.592629	0.909713	179	28	49	335.33
2.879793	1.846342	-1.796954	33	179	7	335.33
1.308997	1.488617	1.159546	169	23	49	335.23
1.570796	1.450119	-2.739050	179	28	44	335.19
-0.785398	0.733948	3.021411	178	33	28	334.97
2.617994	2.063651	-2.044600	178	25	44	334.78
-1.308997	0.961715	0.014085	35	0	168	334.70
1.308997	1.872854	1.543456	174	11	45	334.39
-3.141593	1.869911	2.701025	6	7	42	334.38
1.308997	1.050534	3.042579	44	181	4	334.28
0.523599	0.762244	-0.273349	168	12	38	334.20
2.356194	1.214854	-1.966664	176	21	47	334.19
-2.879793	1.135834	-1.431087	180	22	46	334.09
-1.308997	0.762244	-0.273349	166	21	44	334.02
1.570796	1.135813	-2.658866	176	28	43	333.99
1.570796	1.488617	1.159546	165	19	45	333.80
2.617994	2.664082	-1.071402	51	189	168	333.76
1.832596	1.599406	1.426070	158	170	13	333.70
1.308997	1.824694	1.850876	167	14	50	333.48
-1.308997	0.961715	0.014085	173	28	41	333.16
-1.308997	2.704512	1.488683	171	16	47	333.10
-3.141593	2.587733	0.232235	38	183	185	333.04
2.617994	1.658653	-2.409879	163	171	0	332.68
0.523599	0.733948	3.021411	187	9	44	332.65
-1.570796	1.599406	1.426070	185	17	44	332.51
-1.308997	0.458961	-0.107937	163	166	0	332.36
1.308997	1.824694	1.850876	159	171	14	332.36
-1.832596	2.393226	1.857173	179	22	43	332.30
2.094395	1.948085	-2.363031	182	21	44	332.28
-2.356194	1.904882	-1.478089	179	23	47	332.26
-2.094395	2.108018	1.311430	186	20	54	332.19
-1.832596	2.704512	1.488683	177	21	54	332.11
1.047198	1.555207	1.708892	164	18	44	332.03
-1.308997	0.370812	-2.547742	25	181	12	331.89
1.832596	1.367556	0.358405	186	3	28	331.84
-1.570796	1.367556	0.358405	184	164	5	331.79
-0.523599	2.984978	1.954446	168	11	45	331.55
-1.832596	2.587733	0.232235	176	3	44	331.35
1.047198	1.809167	1.213774	174	17	45	331.25
-3.141593	1.433411	-1.035986	37	178	7	331.00
2.356194	1.374601	-2.456031	177	21	46	330.90
-3.141593	1.869911	2.701025	41	175	3	330.87
1.570796	0.929350	-2.910676	186	30	44	330.84
2.094395	1.977582	0.969896	170	17	49	330.76
0.523599	0.762244	-0.273349	168	10	37	330.61
2.356194	1.872854	1.543456	4	31	30	330.35
-2.094395	2.063651	-2.044600	172	16	44	330.13
1.308997	1.599406	1.426070	171	13	42	329.52
-1.047198	0.640596	-2.797608	163	160	2	329.27
-2.356194	2.379497	0.561089	40	182	181	329.10
-1.570796	2.637879	2.121598	176	25	40	328.89
1.570796	1.504028	0.636812	159	184	9	328.85
-2.094395	2.863997	0.549740	6	20	33	328.63
-1.832596	1.184361	0.625864	42	165	1	328.22
2.879793	2.404280	-0.174044	165	9	43	328.17
1.832596	1.756530	-2.105156	184	22	48	327.97
0.261799	0.709924	0.218797	43	177	174	327.86
2.094395	1.846342	-1.796954	157	168	178	327.74
1.570796	1.555207	1.708892	156	169	11	327.61
-2.356194	2.108018	1.311430	43	180	180	327.54
-3.141593	2.592629	0.909713	48	180	164	327.49
-1.308997	1.367556	0.358405	42	171	2	327.32
1.570796	1.809167	1.213774	170	19	50	327.19
-2.356194	1.545873	-1.877082	178	14	47	326.76
-1.570796	2.637879	2.121598	179	26	49	326.66
2.094395	1.846342	-1.796954	186	20	48	326.46
2.356194	1.948085	-2.363031	50	0	175	326.28
-1.832596	2.108018	1.311430	183	14	50	326.08
-2.879793	2.587733	0.232235	167	10	46	326.01
-2.356194	2.063651	-2.044600	56	169	165	326.00
2.094395	2.251330	-2.330739	188	26	46	325.80
-2.094395	1.617114	-1.572037	172	23	44	324.76
-2.094395	2.063651	-2.044600	171	13	41	324.61
-2.094395	1.812176	0.656819	183	3	45	324.51
0.523599	0.733948	3.021411	37	190	3	324.10
0.785398	0.733948	3.021411	0	11	45	323.90
0.523599	0.733948	3.021411	188	14	45	323.64
1.308997	1.506530	1.988858	179	29	21	323.59
2.356194	1.374601	-2.456031	187	33	43	323.34
-1.308997	1.045978	0.343692	171	27	38	323.02
-2.356194	2.138223	1.678323	41	185	175	322.95
-3.141593	2.299159	2.264663	3	15	51	322.71
1.570796	0.929350	-2.910676	174	27	35	322.62
-3.141593	2.592629	0.909713	21	3	13	322.50
-1.570796	1.184361	0.625864	44	169	1	322.48
2.094395	1.756530	-2.105156	183	23	48	322.26
2.617994	1.658653	-2.409879	178	22	47	321.52
2.356194	2.063651	-2.044600	28	1	8	321.19
1.570796	1.488617	1.159546	163	22	47	320.85
-1.047198	0.640596	-2.797608	176	7	44	320.69
1.570796	1.247695	1.809890	161	11	41	320.69
-2.356194	2.407836	1.410646	181	16	52	320.51
-1.308997	2.379497	0.561089	179	7	39	319.98
-2.356194	2.592629	0.909713	172	14	50	319.87
-2.879793	2.592629	0.909713	190	10	154	319.87
2.356194	1.846342	-1.796954	159	164	178	319.69
-1.832596	1.756530	-2.105156	166	19	40	319.34
1.308997	1.506530	1.988858	154	170	8	319.16
1.308997	1.555207	1.708892	165	13	44	318.68
1.308997	1.247695	1.809890	161	13	38	318.63
0.785398	0.733948	3.021411	0	16	45	318.60
2.094395	1.658653	-2.409879	179	19	43	318.57
1.308997	1.506530	1.988858	184	31	24	317.69
2.356194	1.545873	-1.877082	191	33	43	317.60
0.000000	0.960688	-0.577532	166	21	40	316.76
-3.141593	1.134497	-1.109631	188	34	46	316.47
-1.308997	1.367556	0.358405	43	171	2	316.30
2.617994	1.846342	-1.796954	182	25	48	315.60
-1.047198	0.640596	-2.797608	35	183	160	315.58
2.094395	1.756530	-2.105156	54	191	176	315.18
1.308997	1.135813	-2.658866	180	33	42	315.18
-1.832596	2.108018	1.311430	184	14	51	315.12
1.832596	1.184361	0.625864	162	20	39	315.11
1.832596	1.184361	0.625864	42	181	1	314.96
1.570796	1.662363	0.915448	166	24	47	314.77
-2.356194	2.379497	0.561089	34	171	0	314.65
-1.570796	2.379497	0.561089	178	7	48	314.15
-1.832596	2.407836	1.410646	38	180	1	313.94
-2.879793	2.587733	0.232235	47	187	160	313.68
-1.570796	2.379497	0.561089	177	7	39	313.52
0.261799	0.419640	2.974122	179	10	41	313.31
-1.570796	2.587733	0.232235	182	32	30	312.94
1.832596	1.184361	0.625864	159	23	38	312.28
-1.047198	2.637879	2.121598	177	25	53	311.64
2.094395	1.658653	-2.409879	52	186	180	310.86
1.832596	1.662363	0.915448	158	179	13	310.81
2.094395	2.108018	1.311430	178	17	55	309.15
-1.832596	2.108018	1.311430	182	15	51	308.86
2.356194	2.138223	1.678323	34	189	5	308.86
2.617994	1.846342	-1.796954	180	20	45	308.53
1.832596	1.809167	1.213774	22	176	11	307.93
-2.617994	2.863997	0.549740	166	16	48	307.14
-1.570796	1.367556	0.358405	42	167	1	306.30
2.356194	1.448123	-2.163292	166	178	10	305.93
-2.879793	2.592629	0.909713	177	22	54	305.69
-1.832596	2.407836	1.410646	39	182	0	304.27
0.261799	0.419640	2.974122	32	174	9	304.26
-2.617994	2.863997	0.549740	171	16	51	304.18
-1.308997	0.640596	-2.797608	175	8	47	303.85
1.570796	1.662363	0.915448	168	23	48	303.80
2.617994	1.374601	-2.456031	30	12	2	302.64
-1.832596	2.704512	1.488683	163	177	16	301.08
1.570796	1.242974	-2.977882	178	32	40	300.41
-1.832596	2.704512	1.488683	174	19	49	300.00
2.617994	1.846342	-1.796954	178	24	46	299.59
-2.356194	2.592629	0.909713	179	26	49	299.44
1.308997	1.135813	-2.658866	42	179	4	299.25
1.570796	1.809167	1.213774	161	168	1	299.21
-1.570796	1.184361	0.625864	162	21	35	299.18
-2.094395	1.325504	-1.671296	168	23	44	298.72
-1.308997	1.367556	0.358405	44	172	3	293.56
2.094395	1.846342	-1.796954	54	190	173	292.99
-2.094395	1.325504	-1.671296	171	162	160	292.42
-2.356194	2.407836	1.410646	170	175	18	291.66
-2.094395	2.108018	1.311430	44	174	1	290.98
-2.356194	2.407836	1.410646	25	0	15	287.10
-2.094395	2.108018	1.311430	176	171	18	287.05
2.356194	1.846342	-1.796954	180	21	46	283.76
