192	1.20
	0.000000	0.000000	0.000000
zein_blocked.pdb	-3.799501	-6.831500	-12.378501
beta_whey_clean.pdb	-12.868999	15.699000	-9.827499
-2.879793	2.478122	2.609777	186	31	45	1098.13
-1.047198	2.478122	2.609777	168	11	37	1095.40
2.879793	0.850607	-1.335383	176	9	40	1083.99
-1.308997	2.187132	-0.479875	177	13	43	1080.71
-0.523599	0.685216	-1.712745	167	16	39	1061.42
-1.047198	2.089241	-0.114193	178	17	44	1059.96
2.094395	1.417623	-0.202254	181	18	45	1035.53
0.785398	1.617114	-1.572037	176	21	44	1017.37
-0.523599	0.615174	-0.666022	171	15	41	1013.67
1.570796	1.450119	-2.739050	179	19	47	1008.13
-0.523599	1.909857	-0.381669	171	18	39	1003.19
0.000000	0.961715	0.014085	177	8	42	998.21
-1.570796	2.174483	2.653697	172	23	44	995.14
-0.261799	1.184361	0.625864	174	10	43	990.46
-1.570796	1.218453	2.777284	175	13	46	982.42
-1.832596	2.299159	2.264663	171	19	45	978.89
-1.308997	2.404280	-0.174044	173	16	41	976.78
-0.785398	2.456751	-1.503343	177	11	42	975.49
-0.523599	2.063651	-2.044600	169	13	42	968.82
-1.832596	1.545873	-1.877082	176	28	43	958.50
-0.523599	0.831641	0.616218	171	12	41	957.32
1.570796	2.108018	1.311430	172	16	40	951.32
-0.261799	0.831641	0.616218	176	14	46	940.15
-1.047198	1.836682	-0.676006	174	20	42	938.85
1.832596	1.256302	0.062705	179	14	44	936.89
-1.832596	0.297065	2.160177	176	27	45	931.33
-1.570796	1.050534	3.042579	178	16	49	927.67
-1.308997	2.719179	-1.780644	173	10	40	925.99
0.785398	0.080730	-2.622036	170	16	43	925.08
-1.570796	2.478122	2.609777	169	22	42	922.53
-1.047198	0.496451	0.593859	170	16	41	922.31
-2.617994	2.760637	2.781135	184	34	42	919.68
-0.261799	0.831641	0.616218	173	9	41	919.55
2.094395	1.113094	-0.272241	177	16	43	916.44
-2.094395	1.766067	2.153843	169	17	43	914.31
-3.141593	1.998705	2.370472	184	21	49	913.93
1.832596	1.135813	-2.658866	174	16	45	911.54
-1.570796	1.134796	2.434290	175	9	44	910.21
-2.094395	0.591903	2.010408	171	9	42	909.97
2.094395	1.256302	0.062705	180	14	44	909.22
-1.570796	0.914445	2.687814	179	12	48	908.96
2.094395	1.256302	0.062705	180	13	44	908.15
-0.523599	1.606104	-0.451151	171	20	39	900.07
0.000000	0.709924	0.218797	176	11	44	899.38
-2.879793	0.992645	-1.723759	176	9	40	896.56
0.785398	2.404280	-0.174044	174	17	44	896.25
-0.523599	2.587733	0.232235	179	21	46	893.87
1.308997	1.756530	-2.105156	178	25	45	892.74
-2.879793	2.478122	2.609777	185	31	45	892.26
2.356194	1.545873	-1.877082	173	12	42	892.13
-2.617994	1.545873	-1.877082	174	9	38	890.71
-2.094395	0.615174	-0.666022	174	12	44	890.53
2.879793	2.455966	-0.641220	179	12	45	887.52
-1.047198	2.456751	-1.503343	175	13	42	885.07
2.879793	1.545873	-1.877082	174	6	37	885.03
-0.785398	0.674054	1.013609	173	19	45	884.97
-0.523599	0.615174	-0.666022	170	16	41	883.06
1.570796	1.569311	-3.003978	181	23	47	882.68
-0.523599	2.063651	-2.044600	169	14	42	882.28
-2.356194	1.836682	-0.676006	171	13	37	881.19
-1.308997	1.218453	2.777284	176	12	47	880.08
-0.785398	0.700570	1.559208	170	18	43	879.96
-1.832596	2.637879	2.121598	166	17	39	879.59
-2.617994	2.478122	2.609777	182	32	45	878.96
2.356194	1.301460	-0.509251	173	10	37	877.53
-1.308997	1.699788	2.452890	174	14	46	876.81
1.308997	0.709924	0.218797	172	15	41	876.46
-2.879793	1.617114	-1.572037	175	12	41	874.84
-1.308997	1.545873	-1.877082	170	14	40	873.56
-1.308997	2.587733	0.232235	171	21	40	870.84
0.523599	2.455966	-0.641220	178	19	47	870.32
-0.523599	0.674054	1.013609	172	13	42	870.22
-1.308997	2.299159	2.264663	169	10	39	869.77
2.617994	2.041297	-2.664597	170	12	39	869.19
1.047198	0.762244	-0.273349	173	16	40	863.78
0.785398	1.325504	-1.671296	174	25	42	863.68
1.047198	2.001437	0.381215	167	17	39	861.77
1.832596	1.113094	-0.272241	176	18	43	861.38
0.261799	0.961715	0.014085	179	7	42	860.32
-1.047198	2.251330	-2.330739	168	14	41	859.87
-1.047198	2.089241	-0.114193	177	16	44	859.78
-1.832596	2.637879	2.121598	167	16	38	859.57
1.047198	1.617114	-1.572037	175	19	44	858.89
-2.094395	2.187132	-0.479875	170	15	38	857.11
2.617994	2.396274	-1.959260	180	23	47	854.88
-0.523599	1.545873	-1.877082	168	12	39	854.70
2.879793	2.393226	1.857173	178	29	46	854.69
0.261799	1.554776	0.100351	171	15	38	854.58
-0.785398	1.699788	2.452890	176	20	50	852.67
-0.785398	2.247462	0.191623	174	18	43	852.45
-0.261799	0.709924	0.218797	174	12	44	850.80
-0.261799	0.379747	-1.713059	168	15	41	850.27
-1.047198	1.025536	1.576859	168	18	40	848.92
-0.261799	0.961715	0.014085	174	10	42	847.34
0.000000	1.875281	0.107086	170	16	37	847.04
2.879793	1.050534	3.042579	172	15	44	845.86
-0.785398	2.063651	-2.044600	168	17	42	845.82
1.570796	1.256302	0.062705	177	15	43	845.31
0.261799	1.247695	1.809890	172	10	42	845.18
-3.141593	1.766067	2.153843	180	16	48	844.52
-2.879793	2.073035	2.027405	176	22	49	843.74
0.523599	1.696674	-1.253233	174	18	42	843.58
-2.879793	0.899350	-2.069907	176	12	42	842.12
-0.261799	1.606104	-0.451151	171	17	39	841.05
0.523599	1.440580	2.260026	175	16	46	840.64
-2.617994	0.762244	-0.273349	174	18	46	840.55
1.570796	1.977582	0.969896	167	9	35	840.02
1.832596	1.824694	1.850876	179	19	46	839.11
-1.570796	2.455966	-0.641220	176	15	44	838.98
-2.879793	1.413347	-1.339188	180	15	45	838.64
-2.879793	2.760637	2.781135	187	33	42	838.28
0.523599	0.640596	-2.797608	173	15	46	838.16
2.356194	1.574060	2.783565	173	19	42	837.82
1.832596	0.762244	-0.273349	173	16	41	836.55
1.570796	1.756530	-2.105156	176	24	45	836.23
0.785398	0.496451	0.593859	168	17	38	835.69
-0.523599	1.699788	2.452890	176	19	49	835.63
-0.785398	2.396274	-1.959260	165	16	37	835.27
0.000000	0.379747	-1.713059	169	11	41	835.15
2.879793	1.391910	3.030322	173	19	45	833.57
-3.141593	1.413347	-1.339188	179	15	45	831.96
-1.308997	1.846342	-1.796954	170	24	40	830.84
-2.879793	1.617114	-1.572037	174	12	40	830.77
-2.617994	1.214854	-1.966664	175	9	40	830.50
1.832596	1.256302	0.062705	178	14	44	829.99
-1.047198	0.709924	0.218797	169	17	41	829.91
-1.832596	0.910508	1.903534	170	8	41	829.69
-0.261799	0.906588	1.252948	171	12	43	829.57
-1.047198	0.496451	0.593859	169	15	40	829.54
-1.047198	2.404280	-0.174044	174	14	42	828.95
-0.785398	2.180315	-1.357379	178	15	45	828.65
-2.617994	2.478122	2.609777	182	31	45	827.62
-1.570796	1.766067	2.153843	173	12	45	827.00
-0.785398	2.396274	-1.959260	166	15	37	826.97
-1.570796	2.396274	-1.959260	175	10	41	826.40
-2.879793	2.393226	1.857173	173	19	40	826.37
-1.570796	0.864993	2.278281	177	8	45	826.27
0.785398	0.762244	-0.273349	172	18	40	826.12
-0.261799	0.709924	0.218797	175	12	44	825.98
2.094395	2.579248	-2.364801	170	16	40	825.01
-0.523599	1.998705	2.370472	174	13	48	824.78
0.000000	2.063651	-2.044600	174	10	43	824.48
1.047198	1.545873	-1.877082	176	24	44	824.26
0.785398	1.696674	-1.253233	174	16	42	823.68
-0.261799	2.393226	1.857173	175	7	42	823.28
-1.832596	1.134796	2.434290	172	11	44	822.49
2.617994	2.396274	-1.959260	180	24	47	822.26
-2.879793	2.724429	-0.348782	178	17	44	822.03
-3.141593	1.135834	-1.431087	178	11	43	821.29
-0.261799	0.992645	-1.723759	167	11	38	820.13
1.047198	1.977582	0.969896	171	23	40	820.06
-1.047198	2.478122	2.609777	168	10	37	819.53
2.356194	0.899350	-2.069907	171	19	39	818.55
-0.261799	0.290380	-0.796960	173	18	44	818.29
-3.141593	1.696674	-1.253233	180	19	46	818.25
2.879793	0.850607	-1.335383	175	9	40	817.65
0.000000	1.194549	-0.801900	175	19	43	816.91
-3.141593	0.899350	-2.069907	174	14	42	816.76
-1.832596	2.299159	2.264663	170	18	42	816.20
-0.261799	0.615174	-0.666022	171	14	41	815.68
0.261799	0.762244	-0.273349	180	11	46	815.51
0.785398	2.455966	-0.641220	178	18	47	815.24
-1.047198	1.904882	-1.478089	184	20	48	814.67
-0.785398	2.379497	0.561089	171	21	40	814.60
-1.047198	0.906588	1.252948	170	19	43	814.03
-2.879793	0.866395	-2.492918	175	18	43	813.73
0.261799	0.370812	-2.547742	169	16	42	812.61
-2.356194	1.766067	2.153843	168	20	43	812.49
-1.047198	2.587733	0.232235	171	18	40	810.71
-0.785398	2.404280	-0.174044	177	18	45	810.24
-1.308997	2.033014	2.977192	173	26	44	810.03
0.000000	0.961715	0.014085	176	8	42	809.26
0.523599	2.704512	1.488683	172	19	42	808.17
0.000000	1.824694	1.850876	179	14	47	808.14
2.356194	2.579248	-2.364801	171	16	44	807.79
1.832596	0.961715	0.014085	175	13	42	807.76
-0.261799	2.863997	0.549740	176	18	44	807.76
-3.141593	2.863997	0.549740	163	17	36	807.66
2.356194	0.961715	0.014085	178	10	42	807.41
-0.523599	0.992645	-1.723759	166	14	38	807.23
-1.047198	2.251330	-2.330739	167	15	40	806.83
0.523599	1.756530	-2.105156	177	6	44	806.47
2.617994	2.664082	-1.071402	177	16	46	806.31
2.617994	0.733948	3.021411	169	14	41	805.53
-1.308997	1.756530	-2.105156	171	21	43	805.01
-1.308997	1.756530	-2.105156	172	23	45	804.88
0.000000	1.846342	-1.796954	170	12	43	804.62
0.261799	1.194549	-0.801900	175	5	37	803.96
-3.141593	1.846342	-1.796954	178	6	42	803.55
0.785398	1.617114	-1.572037	175	21	43	802.80
-1.308997	2.251330	-2.330739	167	18	40	802.43
-3.141593	1.135834	-1.431087	177	11	42	802.39
0.000000	0.709924	0.218797	176	10	44	802.15
0.785398	2.404280	-0.174044	171	15	41	801.74
2.617994	1.606104	-0.451151	176	9	41	801.58
2.617994	2.063651	-2.044600	176	18	46	801.50
-1.047198	0.496451	0.593859	170	15	41	801.45
-0.523599	1.606104	-0.451151	173	20	41	801.13
-1.570796	1.766067	2.153843	172	12	44	800.97
-1.047198	0.700570	1.559208	170	21	43	800.36
-1.832596	0.914445	2.687814	177	13	47	799.50
-1.570796	0.297065	2.160177	174	26	45	799.49
2.617994	0.080730	-2.622036	176	17	46	799.14
-2.356194	0.618092	2.539118	176	12	47	798.93
1.047198	0.992645	-1.723759	169	26	39	798.26
-0.261799	1.909857	-0.381669	170	15	37	797.66
-2.879793	1.696674	-1.253233	180	19	46	797.64
-2.356194	1.335669	0.897240	173	8	41	797.35
-1.832596	2.299159	2.264663	170	19	44	796.83
-0.785398	2.664082	-1.071402	171	14	41	795.91
-1.308997	2.349581	-2.702517	168	12	41	795.84
-0.523599	1.413430	2.550734	177	24	50	795.52
2.879793	0.929350	-2.910676	175	11	45	794.82
-0.523599	2.115563	0.685730	172	21	41	794.34
-1.308997	0.733948	3.021411	184	17	50	793.63
-0.523599	0.910508	1.903534	173	17	44	793.35
1.308997	2.984978	1.954446	173	12	40	792.82
0.523599	2.724429	-0.348782	173	14	43	792.43
-0.261799	1.606104	-0.451151	172	17	40	792.27
1.308997	2.115563	0.685730	167	13	38	791.92
-1.308997	2.153910	-1.714959	180	14	47	791.14
-1.308997	2.187132	-0.479875	176	13	43	791.12
0.523599	0.370812	-2.547742	172	16	46	791.02
0.000000	2.164094	-2.991358	164	12	38	790.33
0.785398	1.325504	-1.671296	174	26	43	790.14
-1.047198	2.174483	2.653697	170	13	42	789.69
-1.047198	1.448123	-2.163292	173	8	40	788.87
-2.879793	2.724429	-0.348782	182	16	46	787.83
0.785398	1.545873	-1.877082	178	25	44	787.59
-1.570796	0.910508	1.903534	173	6	41	787.51
-2.617994	0.733948	3.021411	178	15	48	787.00
0.785398	1.545873	-1.877082	177	26	44	786.91
1.047198	2.379497	0.561089	169	15	42	786.74
1.832596	1.242974	-2.977882	175	20	45	786.28
-1.570796	1.756530	-2.105156	171	23	42	786.24
-1.047198	2.247462	0.191623	174	20	43	786.24
-1.047198	1.699788	2.452890	175	12	46	785.99
0.523599	1.617114	-1.572037	176	23	44	785.37
2.617994	1.948085	-2.363031	170	11	39	784.37
0.785398	1.554776	0.100351	173	15	41	784.25
2.094395	0.992645	-1.723759	173	18	42	784.15
-2.617994	1.696674	-1.253233	181	20	46	783.74
-0.785398	1.606104	-0.451151	174	22	42	783.13
-1.570796	1.413347	-1.339188	169	12	39	783.11
0.000000	1.256302	0.062705	176	4	38	783.09
-1.308997	2.089241	-0.114193	176	18	44	782.92
-1.047198	0.899350	-2.069907	177	9	44	782.78
-1.047198	0.418037	1.360082	175	23	46	782.48
2.879793	0.615174	-0.666022	175	18	44	782.20
1.832596	1.417623	-0.202254	180	19	45	781.84
-2.356194	0.709924	0.218797	179	17	47	781.24
-2.094395	0.866395	-2.492918	170	16	42	781.22
-1.570796	2.187132	-0.479875	175	14	42	780.66
2.356194	1.606104	-0.451151	174	11	41	780.36
-0.785398	1.836682	-0.676006	172	19	41	779.85
2.356194	2.073035	2.027405	179	16	44	779.80
-2.094395	1.554776	0.100351	169	13	41	779.40
2.617994	1.683268	0.374177	175	14	40	779.39
1.570796	2.343981	-1.040456	176	15	44	779.16
-0.261799	0.866395	-2.492918	169	16	43	778.75
1.570796	1.374601	-2.456031	178	14	47	778.42
1.832596	1.699788	2.452890	183	12	51	778.41
2.879793	1.218453	2.777284	170	19	43	778.15
1.047198	2.247462	0.191623	170	15	41	777.71
0.785398	1.325504	-1.671296	173	26	43	777.53
-1.047198	2.063651	-2.044600	168	19	41	777.42
2.617994	1.014500	0.906702	171	17	43	777.22
-1.570796	1.756530	-2.105156	172	23	43	777.00
-0.523599	0.685216	-1.712745	166	16	39	776.57
-1.832596	1.998705	2.370472	169	18	43	776.10
-0.785398	0.640596	-2.797608	178	19	46	776.04
0.000000	1.256302	0.062705	177	5	39	775.69
0.523599	1.506530	1.988858	179	18	48	775.44
2.617994	2.153910	-1.714959	181	18	48	775.22
-0.785398	1.998705	2.370472	173	15	48	775.22
-2.356194	0.866955	-0.931351	174	19	46	775.16
-1.570796	0.685216	-1.712745	178	15	47	774.97
0.523599	2.407836	1.410646	170	22	40	774.96
2.879793	2.637879	2.121598	184	31	44	774.77
2.356194	0.297065	2.160177	172	18	45	774.76
-1.570796	1.134796	2.434290	181	16	49	774.44
-2.617994	0.899350	-2.069907	178	10	42	774.26
-0.523599	0.379747	-1.713059	169	19	42	773.53
-2.879793	1.413430	2.550734	171	20	44	773.49
-0.785398	0.762244	-0.273349	171	15	43	773.42
-0.785398	1.045978	0.343692	168	13	39	773.37
0.523599	1.440580	2.260026	175	15	46	773.09
0.785398	2.251330	-2.330739	179	19	45	772.29
-2.356194	0.297065	2.160177	172	9	42	771.61
-0.261799	1.909857	-0.381669	171	15	38	771.26
-0.523599	0.591903	2.010408	174	21	45	771.14
2.356194	1.450119	-2.739050	176	15	44	771.05
-0.261799	1.014500	0.906702	173	11	43	770.78
-1.570796	0.297065	2.160177	175	26	45	770.75
-0.785398	0.203748	0.590255	173	15	44	770.61
-2.617994	2.187132	-0.479875	172	20	40	770.41
2.094395	0.418037	1.360082	172	12	45	769.80
-1.570796	2.187132	-0.479875	172	10	39	769.72
-1.308997	2.349581	-2.702517	167	12	40	769.52
0.261799	0.370812	-2.547742	172	19	46	769.21
2.356194	1.168678	2.108595	180	25	48	768.96
-0.785398	2.984978	1.954446	175	15	42	768.92
0.785398	1.555207	1.708892	178	8	43	768.76
2.879793	1.050534	3.042579	172	14	44	768.36
0.523599	2.407836	1.410646	170	15	36	768.25
-0.523599	2.115563	0.685730	172	22	41	768.16
1.832596	1.218453	2.777284	179	9	48	767.74
2.356194	2.979456	-1.009304	181	21	46	767.68
2.617994	1.194549	-0.801900	173	9	37	767.04
-0.785398	0.571433	-1.188419	166	16	38	767.00
-2.094395	1.050534	3.042579	177	19	49	766.59
1.832596	1.113094	-0.272241	173	14	41	766.51
0.785398	1.545873	-1.877082	179	26	44	766.49
-2.094395	1.256302	0.062705	171	12	42	766.37
-0.261799	1.721184	-0.153948	171	18	39	766.24
-1.308997	2.379497	0.561089	172	27	40	765.76
-1.308997	1.909857	-0.381669	179	15	45	765.64
1.570796	1.824694	1.850876	182	20	49	765.22
1.832596	0.961715	0.014085	176	14	43	764.99
-2.356194	2.104282	-0.813972	169	14	37	764.65
-1.308997	0.297065	2.160177	173	23	45	764.32
-1.570796	1.756530	-2.105156	172	24	43	764.21
-1.308997	2.456751	-1.503343	173	14	42	763.80
0.261799	2.073035	2.027405	179	11	46	763.71
-1.308997	1.948085	-2.363031	170	19	44	763.66
-1.047198	2.379497	0.561089	171	24	40	763.18
2.094395	1.301460	-0.509251	172	12	39	762.81
0.000000	0.762244	-0.273349	178	12	45	762.34
2.094395	0.762244	-0.273349	173	15	42	762.01
1.047198	1.184361	0.625864	181	18	45	761.85
0.785398	2.704512	1.488683	171	14	38	761.64
-0.523599	0.496451	0.593859	173	15	45	761.39
-0.785398	0.709924	0.218797	171	17	44	761.38
-1.570796	1.014500	0.906702	179	9	46	761.34
0.261799	0.762244	-0.273349	172	22	40	761.29
2.617994	0.700570	1.559208	173	26	44	761.07
-0.261799	2.033014	2.977192	167	15	44	760.87
-1.047198	2.478122	2.609777	167	11	37	760.55
1.570796	1.683268	0.374177	168	11	37	760.21
2.356194	0.458961	-0.107937	174	11	41	760.07
2.879793	1.128190	-2.288622	177	24	44	759.87
-2.617994	2.104282	-0.813972	168	17	36	759.86
2.356194	1.301460	-0.509251	172	9	37	759.80
-1.570796	2.349581	-2.702517	166	15	39	759.68
2.094395	1.301460	-0.509251	177	21	45	759.66
2.879793	1.242974	-2.977882	176	16	47	759.58
0.523599	1.875281	0.107086	174	14	41	759.54
2.356194	1.569311	-3.003978	178	23	47	759.41
2.094395	1.812176	0.656819	173	4	37	759.39
-2.879793	1.195355	1.200319	172	13	45	759.37
1.832596	1.135813	-2.658866	174	15	44	758.86
0.785398	1.846342	-1.796954	179	22	46	758.37
2.094395	1.574060	2.783565	171	17	39	758.18
-2.094395	0.685216	-1.712745	171	15	43	757.86
0.523599	1.195355	1.200319	179	14	47	757.71
1.570796	1.450119	-2.739050	178	19	46	757.24
-0.785398	2.863997	0.549740	176	20	44	757.14
-1.570796	2.396274	-1.959260	176	10	42	757.05
-0.785398	1.756530	-2.105156	172	19	46	757.01
1.047198	2.247462	0.191623	170	16	43	756.71
2.094395	0.709924	0.218797	176	22	46	756.71
2.356194	1.545873	-1.877082	172	12	41	756.62
1.047198	0.674054	1.013609	175	16	45	756.48
0.523599	2.579248	-2.364801	178	11	42	756.41
-2.356194	2.664082	-1.071402	182	15	49	755.78
0.523599	1.025536	1.576859	175	12	45	755.55
1.570796	1.367556	0.358405	178	11	43	755.55
-3.141593	0.992645	-1.723759	174	10	41	755.53
0.261799	0.615174	-0.666022	174	9	41	755.09
-1.047198	1.247695	1.809890	173	17	45	755.09
-1.832596	1.050534	3.042579	177	17	49	754.67
-1.308997	1.413430	2.550734	174	8	44	754.66
-0.785398	1.045978	0.343692	169	13	40	754.28
-0.785398	0.418037	1.360082	174	21	46	753.65
0.523599	0.762244	-0.273349	172	20	40	753.65
2.094395	1.256302	0.062705	179	14	44	753.63
1.308997	2.456751	-1.503343	178	19	46	753.27
2.617994	1.218453	2.777284	170	22	43	752.82
0.261799	2.863997	0.549740	174	11	40	752.37
1.308997	0.961715	0.014085	171	14	39	752.36
-1.570796	2.174483	2.653697	173	23	46	751.95
2.356194	2.664082	-1.071402	177	17	46	751.93
-1.308997	1.440580	2.260026	178	12	47	751.91
-0.523599	0.831641	0.616218	175	15	46	751.84
-1.047198	1.869911	2.701025	172	16	45	751.73
2.879793	0.615174	-0.666022	173	13	41	751.60
2.356194	1.050534	3.042579	171	20	44	751.55
1.570796	2.180315	-1.357379	174	12	41	751.44
2.617994	1.846342	-1.796954	176	13	44	751.22
-0.523599	1.869911	2.701025	171	18	48	750.19
0.000000	1.606104	-0.451151	178	22	45	749.87
-2.094395	1.045978	0.343692	177	23	47	749.83
-0.261799	1.301460	-0.509251	172	20	41	749.82
-3.141593	2.299159	2.264663	182	26	47	749.79
0.785398	1.135834	-1.431087	169	25	40	749.44
-2.879793	0.831641	0.616218	171	10	42	749.43
-2.094395	0.615174	-0.666022	173	12	43	749.39
0.523599	2.724429	-0.348782	174	14	43	748.94
1.832596	1.113094	-0.272241	175	18	44	748.60
2.617994	0.640596	-2.797608	177	16	48	748.52
0.785398	2.247462	0.191623	170	18	41	748.41
2.094395	2.379497	0.561089	178	8	45	748.22
2.356194	1.113094	-0.272241	177	15	44	748.12
-1.047198	0.418037	1.360082	174	23	46	747.91
-0.261799	1.045978	0.343692	177	12	46	747.90
1.308997	2.180315	-1.357379	175	16	44	747.71
1.308997	2.295480	1.008277	167	13	38	747.68
2.356194	0.615174	-0.666022	170	16	39	747.59
1.308997	1.824694	1.850876	183	20	49	747.41
-1.570796	1.699788	2.452890	173	16	46	747.33
1.570796	1.450119	-2.739050	179	18	47	747.29
0.000000	1.836682	-0.676006	173	12	39	746.91
2.356194	0.571433	-1.188419	177	20	43	746.74
-3.141593	0.866395	-2.492918	174	20	43	746.55
0.523599	2.984978	1.954446	174	19	44	746.54
-1.832596	0.618092	2.539118	180	11	47	746.37
-0.785398	1.440580	2.260026	171	23	45	745.61
1.832596	1.998705	2.370472	188	15	52	745.33
-1.570796	2.637879	2.121598	167	18	45	745.28
-1.308997	0.297065	2.160177	173	24	45	745.26
1.308997	0.709924	0.218797	171	15	40	744.87
-0.261799	0.496451	0.593859	174	13	45	744.78
1.047198	1.875281	0.107086	167	18	40	744.61
1.570796	0.709924	0.218797	173	13	41	744.26
1.832596	1.367556	0.358405	180	11	43	744.25
0.000000	0.615174	-0.666022	173	11	41	743.93
0.261799	1.506530	1.988858	178	18	48	743.70
-0.785398	2.863997	0.549740	175	20	43	743.15
-1.832596	1.510910	-0.740472	168	12	37	743.07
-1.570796	2.041297	-2.664597	169	16	43	742.90
2.879793	1.998705	2.370472	184	20	49	742.89
2.617994	1.510910	-0.740472	175	12	41	742.87
2.094395	0.929350	-2.910676	171	17	44	742.77
2.879793	2.187132	-0.479875	179	8	44	742.68
-2.356194	0.297065	2.160177	171	9	41	742.62
-0.785398	2.089241	-0.114193	178	16	45	742.43
-0.523599	1.510910	-0.740472	173	20	42	742.37
-1.047198	1.195355	1.200319	168	17	40	742.36
-1.570796	1.218453	2.777284	175	14	47	742.33
0.000000	1.869911	2.701025	171	11	43	742.32
-1.308997	1.134796	2.434290	177	8	45	742.11
0.523599	0.960688	-0.577532	175	22	42	741.98
-0.261799	2.881233	-2.582574	179	16	44	741.94
-0.785398	1.904882	-1.478089	183	20	48	741.85
-0.261799	0.685216	-1.712745	167	12	39	741.83
-2.094395	1.301460	-0.509251	168	17	41	741.66
0.000000	0.866395	-2.492918	169	14	42	741.46
-2.356194	0.733948	3.021411	179	13	48	741.41
2.356194	0.370812	-2.547742	176	11	45	741.28
-2.356194	1.256302	0.062705	169	14	41	740.84
-2.094395	0.866395	-2.492918	171	16	44	740.63
-2.094395	1.128190	-2.288622	169	18	41	740.13
0.785398	2.247462	0.191623	170	19	43	739.66
2.617994	1.391910	3.030322	173	21	45	739.66
2.356194	1.194549	-0.801900	171	12	37	739.57
0.261799	1.545873	-1.877082	171	7	40	739.56
-2.879793	2.153910	-1.714959	179	17	48	739.15
0.000000	2.063651	-2.044600	173	9	43	738.89
-2.617994	1.732874	-0.951685	184	22	46	738.69
2.356194	1.732874	-0.951685	174	17	42	738.52
0.000000	1.335669	0.897240	174	6	40	738.05
-0.523599	0.961715	0.014085	171	12	41	738.00
2.617994	2.637879	2.121598	186	30	44	737.87
-0.261799	1.113094	-0.272241	174	8	42	737.85
2.879793	0.685216	-1.712745	175	23	43	737.78
2.879793	0.914445	2.687814	168	16	40	737.69
1.047198	2.704512	1.488683	172	11	38	737.58
0.000000	1.433411	-1.035986	175	12	41	736.96
2.879793	2.637879	2.121598	183	31	44	736.92
0.000000	0.458961	-0.107937	178	16	47	736.80
-2.617994	2.379497	0.561089	166	5	35	736.14
-2.617994	0.297065	2.160177	166	8	37	736.07
-1.570796	2.587733	0.232235	171	24	40	736.02
0.523599	2.104282	-0.813972	177	24	46	735.82
0.000000	0.619654	-2.216909	170	14	43	735.77
-1.308997	2.033014	2.977192	173	27	44	735.54
-0.523599	2.984978	1.954446	176	14	42	735.47
-2.879793	2.478122	2.609777	185	29	45	735.28
2.617994	1.050534	3.042579	172	17	44	735.22
0.785398	1.766067	2.153843	179	15	49	735.19
2.879793	2.396274	-1.959260	178	22	47	735.11
-1.047198	0.674054	1.013609	173	21	46	734.71
-1.308997	1.134796	2.434290	179	10	47	734.48
1.047198	1.683268	0.374177	165	18	35	734.48
1.047198	1.247695	1.809890	178	8	43	733.74
0.785398	1.413347	-1.339188	171	21	43	733.70
0.523599	2.587733	0.232235	173	18	45	733.49
0.523599	2.724429	-0.348782	177	15	47	733.35
2.356194	1.301460	-0.509251	174	11	39	733.07
2.617994	1.569311	-3.003978	177	22	47	732.88
-3.141593	2.299159	2.264663	182	27	48	732.70
1.308997	2.033014	2.977192	175	21	42	732.70
0.000000	1.599406	1.426070	173	9	42	732.69
-1.570796	2.404280	-0.174044	172	19	41	732.66
1.570796	1.809167	1.213774	172	15	39	732.50
-3.141593	2.724429	-0.348782	182	16	47	732.30
-1.308997	0.370812	-2.547742	180	24	46	732.18
0.523599	2.187132	-0.479875	175	22	45	732.08
-0.261799	0.203748	0.590255	179	23	47	731.96
-1.047198	2.704512	1.488683	179	15	44	731.87
-2.617994	1.836682	-0.676006	171	16	39	731.84
0.000000	0.733948	3.021411	174	21	46	731.76
2.617994	1.977582	0.969896	173	10	37	731.62
1.570796	1.256302	0.062705	176	16	44	731.19
0.785398	2.187132	-0.479875	174	20	45	730.94
2.617994	1.606104	-0.451151	178	12	43	730.89
-0.785398	2.456751	-1.503343	176	11	42	730.86
-0.785398	0.458961	-0.107937	170	17	42	730.68
-1.047198	1.875281	0.107086	175	15	43	730.47
-0.261799	1.836682	-0.676006	172	14	39	730.19
-1.832596	1.510910	-0.740472	167	13	37	730.15
1.047198	2.404280	-0.174044	174	15	45	730.13
-1.308997	1.948085	-2.363031	170	18	44	730.04
-0.523599	2.863997	0.549740	175	19	44	730.03
-2.879793	0.370812	-2.547742	176	12	42	729.41
0.523599	0.866955	-0.931351	178	27	43	729.29
-1.832596	2.979456	-1.009304	177	13	45	729.22
-0.261799	0.961715	0.014085	173	10	42	728.94
2.356194	1.194549	-0.801900	172	12	39	728.70
-0.523599	0.850607	-1.335383	166	13	37	728.62
2.094395	1.736875	3.023612	174	16	41	728.53
-1.570796	1.168678	2.108595	173	7	42	728.41
0.000000	0.929350	-2.910676	170	16	43	728.33
0.261799	0.458961	-0.107937	177	9	44	728.29
0.000000	0.619654	-2.216909	169	14	42	728.19
-1.047198	2.404280	-0.174044	175	13	42	728.17
-1.570796	2.719179	-1.780644	171	12	39	728.13
1.570796	2.295480	1.008277	176	17	43	728.09
0.261799	2.455966	-0.641220	178	20	47	728.02
-2.356194	2.001437	0.381215	169	18	40	727.90
1.047198	1.168678	2.108595	170	21	46	727.87
-1.047198	1.554776	0.100351	179	17	46	727.82
1.832596	1.413430	2.550734	178	8	49	727.59
1.570796	0.591903	2.010408	163	17	38	727.53
-1.308997	0.674054	1.013609	173	22	45	727.47
1.832596	2.881233	-2.582574	173	19	43	727.41
2.094395	0.297065	2.160177	171	18	44	727.40
1.047198	2.396274	-1.959260	177	17	44	727.39
1.570796	1.218453	2.777284	173	5	46	727.37
-3.141593	2.393226	1.857173	174	28	46	727.35
-1.832596	1.741644	-2.695914	172	18	46	727.21
-1.832596	1.766067	2.153843	171	14	44	726.66
1.047198	2.984978	1.954446	173	15	43	726.39
0.000000	1.658653	-2.409879	175	9	45	726.34
1.570796	1.214854	-1.966664	176	7	43	726.21
2.617994	1.504028	0.636812	171	25	42	726.08
1.570796	2.455966	-0.641220	176	12	43	725.83
1.832596	0.866395	-2.492918	171	12	42	725.83
-0.261799	1.658653	-2.409879	172	11	44	725.59
0.000000	1.184361	0.625864	176	8	43	725.44
-2.617994	1.195355	1.200319	174	11	45	725.40
-2.617994	1.869911	2.701025	172	24	44	725.36
-3.141593	0.619654	-2.216909	177	15	44	725.36
-0.785398	1.846342	-1.796954	168	21	42	725.24
-1.570796	1.134796	2.434290	174	9	44	724.82
1.570796	1.658653	-2.409879	176	15	44	724.61
2.094395	1.050534	3.042579	171	22	44	724.57
-2.617994	2.760637	2.781135	184	35	42	724.33
-3.141593	1.658653	-2.409879	183	17	47	724.30
2.094395	1.135834	-1.431087	173	11	43	724.26
-0.261799	1.014500	0.906702	172	12	44	723.86
0.523599	2.719179	-1.780644	177	16	44	723.84
-0.523599	0.961715	0.014085	170	9	39	723.59
1.047198	1.417623	-0.202254	174	18	43	723.58
-0.523599	0.203748	0.590255	174	13	44	723.54
2.617994	1.569311	-3.003978	177	21	47	723.36
2.617994	1.301460	-0.509251	175	6	37	723.27
-1.308997	2.089241	-0.114193	177	18	44	723.26
-2.617994	1.545873	-1.877082	174	12	42	723.08
-2.879793	2.063651	-2.044600	176	13	46	722.99
-1.570796	2.478122	2.609777	169	21	42	722.92
2.617994	2.063651	-2.044600	176	19	47	722.81
1.308997	2.153910	-1.714959	174	15	42	722.70
2.617994	1.256302	0.062705	178	27	45	722.47
2.617994	2.455966	-0.641220	178	12	44	722.45
0.000000	1.045978	0.343692	178	11	46	722.38
-0.261799	0.992645	-1.723759	167	10	38	722.18
2.879793	1.875281	0.107086	176	14	41	722.13
-1.047198	1.433411	-1.035986	171	21	41	721.99
1.047198	1.184361	0.625864	180	18	45	721.77
0.785398	2.404280	-0.174044	172	15	42	721.75
-1.047198	1.721184	-0.153948	183	20	46	721.37
-1.308997	2.247462	0.191623	173	22	43	721.29
-1.308997	2.478122	2.609777	167	19	42	721.08
-1.047198	1.440580	2.260026	172	26	45	720.75
-0.523599	1.699788	2.452890	176	18	50	720.59
2.094395	2.033014	2.977192	173	19	42	720.50
1.832596	0.961715	0.014085	176	13	43	720.04
1.308997	2.881233	-2.582574	174	12	40	719.93
-2.617994	2.592629	0.909713	165	11	39	719.89
-1.832596	2.455966	-0.641220	175	17	44	719.82
2.356194	1.510910	-0.740472	174	14	41	719.73
0.261799	1.301460	-0.509251	175	20	43	719.72
-2.356194	1.982574	-1.115518	179	23	46	719.57
0.000000	0.458961	-0.107937	177	16	47	719.43
-1.570796	1.998705	2.370472	174	18	47	719.27
-1.570796	0.733948	3.021411	184	17	50	719.26
0.261799	0.762244	-0.273349	179	11	46	719.17
-0.261799	1.301460	-0.509251	173	21	41	719.11
1.832596	1.736875	3.023612	172	18	40	719.09
2.879793	2.153910	-1.714959	180	18	48	719.00
0.261799	1.554776	0.100351	170	14	36	718.99
-1.047198	1.168678	2.108595	173	20	45	718.73
-1.047198	0.700570	1.559208	171	21	43	718.72
-1.308997	2.089241	-0.114193	173	12	40	718.41
-2.356194	1.756530	-2.105156	173	11	40	718.19
2.617994	1.756530	-2.105156	170	10	39	718.16
-2.879793	1.413347	-1.339188	175	27	41	718.16
1.832596	1.301460	-0.509251	170	15	39	718.16
2.879793	1.025536	1.576859	174	16	47	718.07
-2.094395	0.591903	2.010408	170	9	41	717.98
-1.570796	2.478122	2.609777	168	22	42	717.63
1.832596	0.929350	-2.910676	171	18	43	717.24
-0.785398	0.831641	0.616218	170	15	42	717.21
2.094395	0.458961	-0.107937	175	16	44	717.19
-0.523599	0.709924	0.218797	173	14	43	717.19
0.000000	1.113094	-0.272241	178	7	43	716.96
-2.879793	1.732874	-0.951685	184	21	46	716.95
2.356194	0.992645	-1.723759	172	11	41	716.93
-2.094395	0.203748	0.590255	180	26	47	716.68
1.570796	0.914445	2.687814	168	7	43	716.63
-1.047198	2.404280	-0.174044	176	19	45	716.56
-2.617994	2.760637	2.781135	183	35	42	716.39
1.832596	1.218453	2.777284	176	4	46	716.36
-3.141593	2.724429	-0.348782	178	16	43	716.19
1.047198	1.310100	1.488307	181	11	46	715.95
0.785398	1.699788	2.452890	174	12	47	715.45
-0.261799	0.619654	-2.216909	167	17	40	715.38
-1.047198	0.418037	1.360082	174	24	46	715.31
-1.047198	2.456751	-1.503343	174	13	42	715.09
1.047198	2.164094	-2.991358	176	19	42	714.88
2.879793	2.063651	-2.044600	175	10	43	714.86
-2.356194	1.617114	-1.572037	178	15	45	714.83
-0.523599	1.168678	2.108595	170	15	42	714.66
-1.308997	1.440580	2.260026	182	19	50	714.59
-0.261799	0.619654	-2.216909	168	17	41	714.59
-1.570796	1.050534	3.042579	178	15	49	714.56
-0.261799	0.571433	-1.188419	169	11	40	714.55
-1.570796	2.187132	-0.479875	174	15	43	714.29
1.832596	1.510910	-0.740472	171	18	41	714.27
-1.308997	0.418037	1.360082	175	25	46	714.27
-0.785398	2.115563	0.685730	172	24	41	714.10
-0.523599	0.674054	1.013609	173	17	45	713.98
-1.047198	2.456751	-1.503343	175	14	46	713.89
-0.261799	2.063651	-2.044600	173	13	45	713.80
-0.523599	2.863997	0.549740	176	19	45	713.76
-2.617994	1.617114	-1.572037	176	11	42	713.26
-3.141593	0.864993	2.278281	173	16	47	713.20
-2.879793	1.488617	1.159546	171	17	45	713.17
-2.879793	1.812176	0.656819	168	14	39	713.01
-1.570796	2.299159	2.264663	170	16	45	712.73
1.308997	0.961715	0.014085	173	17	42	712.64
2.094395	1.113094	-0.272241	176	17	44	712.59
0.261799	1.374601	-2.456031	176	12	46	712.38
0.523599	1.766067	2.153843	178	13	47	712.30
2.879793	1.948085	-2.363031	172	9	40	712.22
2.094395	0.297065	2.160177	174	24	46	711.93
-0.261799	0.762244	-0.273349	175	13	46	711.91
-1.832596	1.606104	-0.451151	168	14	38	711.86
-0.785398	0.700570	1.559208	169	13	41	711.74
-2.094395	0.961715	0.014085	176	19	47	711.40
-1.832596	2.187132	-0.479875	173	17	43	711.36
2.617994	2.664082	-1.071402	177	15	43	711.21
2.617994	2.153910	-1.714959	179	18	46	710.70
-1.047198	0.591903	2.010408	170	20	43	710.68
-2.094395	1.134796	2.434290	170	14	45	710.56
-2.094395	2.343981	-1.040456	175	13	43	710.46
0.785398	1.014500	0.906702	181	19	48	710.37
1.570796	2.760637	2.781135	170	16	40	710.27
-0.785398	2.251330	-2.330739	169	12	42	710.02
1.308997	1.977582	0.969896	165	13	35	709.97
-2.356194	0.618092	2.539118	175	11	46	709.93
-0.261799	0.571433	-1.188419	169	10	40	709.90
-0.261799	1.045978	0.343692	176	12	46	709.61
1.570796	2.588535	-2.976617	169	19	40	709.61
-1.047198	1.756530	-2.105156	171	21	45	709.54
-0.261799	2.396274	-1.959260	171	10	41	709.51
-1.047198	0.619654	-2.216909	174	22	44	709.23
-1.832596	2.174483	2.653697	173	25	45	709.12
0.523599	2.407836	1.410646	170	16	37	709.01
-2.356194	2.187132	-0.479875	170	18	39	708.68
-2.879793	1.367556	0.358405	167	15	39	708.63
2.617994	1.683268	0.374177	175	13	40	708.50
-2.879793	1.696674	-1.253233	180	18	46	708.33
-0.523599	1.756530	-2.105156	172	16	46	708.17
0.000000	2.664082	-1.071402	178	15	46	708.13
1.047198	2.664082	-1.071402	173	14	41	708.03
-1.308997	1.433411	-1.035986	172	23	41	707.87
1.047198	2.115563	0.685730	166	17	39	707.86
0.261799	1.134796	2.434290	172	20	45	707.86
-0.261799	2.115563	0.685730	179	28	43	707.79
-1.047198	1.135813	-2.658866	173	15	44	707.67
-2.356194	1.256302	0.062705	169	13	41	707.59
0.261799	1.440580	2.260026	174	17	46	707.24
-2.356194	1.662363	0.915448	170	12	42	707.20
1.308997	2.587733	0.232235	175	12	45	707.19
-3.141593	2.187132	-0.479875	181	8	44	707.18
-1.047198	1.025536	1.576859	167	19	40	707.15
-0.785398	1.247695	1.809890	170	16	42	706.99
-1.308997	1.184361	0.625864	178	5	43	706.94
1.570796	0.961715	0.014085	174	15	42	706.90
-1.570796	1.488617	1.159546	176	15	49	706.89
2.617994	1.242974	-2.977882	173	13	41	706.85
0.261799	0.961715	0.014085	170	18	38	706.77
-1.832596	2.153910	-1.714959	175	15	44	706.77
1.832596	1.606104	-0.451151	170	16	41	706.71
-2.879793	1.696674	-1.253233	181	19	46	706.69
-1.570796	0.960688	-0.577532	174	5	38	706.40
0.785398	1.247695	1.809890	176	9	43	706.34
0.523599	1.824694	1.850876	182	17	48	706.30
-0.261799	1.045978	0.343692	172	8	40	706.25
-2.879793	1.488617	1.159546	170	15	45	706.07
1.570796	1.391910	3.030322	179	6	46	706.07
-1.570796	1.875281	0.107086	171	8	39	706.00
-3.141593	2.478122	2.609777	187	29	45	705.99
-0.523599	0.496451	0.593859	173	16	45	705.74
2.356194	1.948085	-2.363031	168	15	40	705.64
0.000000	1.301460	-0.509251	172	17	41	705.49
-1.047198	2.724429	-0.348782	174	14	42	705.12
-1.047198	2.247462	0.191623	173	20	43	705.05
0.000000	1.732874	-0.951685	176	13	42	704.83
2.356194	1.242974	-2.977882	175	19	47	704.74
1.047198	1.617114	-1.572037	174	19	43	704.44
-3.141593	0.615174	-0.666022	175	16	44	704.44
-0.785398	1.824694	1.850876	170	16	45	704.43
-1.047198	0.458961	-0.107937	169	20	41	704.27
-1.832596	0.906588	1.252948	181	13	48	704.07
-0.523599	0.831641	0.616218	174	14	45	703.81
1.832596	1.450119	-2.739050	178	18	47	703.80
-0.523599	0.899350	-2.069907	167	17	41	703.80
-0.523599	1.721184	-0.153948	171	21	40	703.80
2.094395	1.242974	-2.977882	174	19	45	703.72
1.832596	2.579248	-2.364801	170	19	41	703.61
-1.308997	1.875281	0.107086	175	17	44	703.55
-1.047198	0.619654	-2.216909	175	22	45	703.35
-1.570796	1.741644	-2.695914	173	17	47	703.34
1.308997	0.831641	0.616218	180	23	48	703.26
0.523599	2.704512	1.488683	171	20	42	703.18
2.094395	1.869911	2.701025	173	19	41	703.14
-0.523599	1.836682	-0.676006	171	17	39	703.00
-0.261799	2.001437	0.381215	180	29	43	702.97
-1.308997	0.203748	0.590255	174	20	45	702.96
2.356194	1.683268	0.374177	174	15	40	702.76
-2.617994	1.488617	1.159546	172	14	45	702.72
-2.094395	1.909857	-0.381669	172	15	41	702.71
2.356194	1.732874	-0.951685	175	17	43	702.66
2.094395	2.881233	-2.582574	174	20	46	702.52
2.356194	1.391910	3.030322	174	24	45	702.48
-0.523599	1.606104	-0.451151	170	20	39	702.28
-2.879793	1.128190	-2.288622	173	15	41	702.26
0.000000	1.488617	1.159546	176	10	44	702.22
-3.141593	0.866955	-0.931351	172	15	41	702.06
0.000000	1.134796	2.434290	172	22	45	702.00
0.523599	1.555207	1.708892	179	8	46	701.90
0.523599	1.247695	1.809890	174	8	42	701.78
1.308997	1.870545	-2.976234	174	18	41	701.68
1.570796	1.948085	-2.363031	178	28	45	701.61
2.094395	0.866395	-2.492918	173	10	43	701.57
-2.356194	1.699788	2.452890	172	23	46	701.56
-3.141593	1.998705	2.370472	183	21	49	701.56
0.523599	0.370812	-2.547742	171	16	45	701.51
1.832596	2.108018	1.311430	173	13	40	701.40
-1.047198	1.766067	2.153843	169	23	43	701.02
2.617994	0.866955	-0.931351	170	18	40	700.94
-0.785398	2.588535	-2.976617	175	14	43	700.89
-0.523599	0.906588	1.252948	170	14	43	700.82
-2.879793	1.699788	2.452890	169	23	42	700.78
2.356194	1.510910	-0.740472	172	12	40	700.72
0.261799	1.194549	-0.801900	173	5	36	700.70
-2.094395	2.637879	2.121598	167	20	40	700.66
1.570796	0.297065	2.160177	166	18	40	700.21
-0.261799	1.869911	2.701025	171	15	47	700.19
2.617994	2.979456	-1.009304	180	21	47	700.14
-1.308997	1.413347	-1.339188	172	20	42	700.00
1.308997	2.379497	0.561089	170	12	42	699.80
0.261799	1.113094	-0.272241	172	19	41	699.52
0.523599	1.699788	2.452890	174	11	44	699.49
-2.356194	1.335669	0.897240	173	7	41	699.29
0.261799	0.379747	-1.713059	172	12	44	699.21
-1.832596	0.615174	-0.666022	175	10	43	698.80
0.000000	0.458961	-0.107937	175	10	44	698.78
0.000000	1.555207	1.708892	182	20	49	698.78
1.570796	1.736875	3.023612	172	20	40	698.72
-0.261799	2.863997	0.549740	175	17	43	698.58
0.785398	1.683268	0.374177	172	12	39	698.53
0.785398	1.506530	1.988858	178	6	44	698.44
-0.523599	2.587733	0.232235	178	21	45	698.39
-1.570796	0.733948	3.021411	183	17	50	698.22
0.523599	1.113094	-0.272241	173	18	41	698.00
-0.261799	0.615174	-0.666022	171	13	41	697.92
1.832596	1.599406	1.426070	175	18	42	697.83
-0.261799	1.184361	0.625864	175	9	43	697.74
-1.570796	1.699788	2.452890	172	16	46	697.70
2.356194	1.045978	0.343692	173	17	40	697.55
-0.785398	2.396274	-1.959260	166	16	37	697.55
2.356194	0.960688	-0.577532	173	17	42	697.41
-1.308997	1.977582	0.969896	171	9	43	697.41
1.047198	0.961715	0.014085	170	17	39	697.39
0.523599	1.846342	-1.796954	179	22	45	697.27
1.832596	2.108018	1.311430	174	12	40	697.22
-0.523599	0.379747	-1.713059	168	19	42	697.05
-0.785398	0.496451	0.593859	172	18	45	697.01
-2.617994	2.104282	-0.813972	169	17	37	696.80
-3.141593	2.063651	-2.044600	175	15	46	696.59
-0.523599	0.458961	-0.107937	170	14	41	696.55
-1.570796	1.699788	2.452890	174	17	47	696.10
0.785398	2.984978	1.954446	173	17	43	696.03
-2.356194	2.247462	0.191623	168	16	37	695.93
-1.570796	2.455966	-0.641220	174	12	41	695.74
-1.832596	1.658653	-2.409879	175	23	47	695.74
-2.617994	1.699788	2.452890	174	24	46	695.70
2.879793	2.299159	2.264663	184	25	47	695.64
2.094395	1.766067	2.153843	175	14	42	695.38
-0.523599	0.674054	1.013609	171	13	42	695.33
-0.785398	1.510910	-0.740472	173	22	42	695.12
0.785398	0.762244	-0.273349	172	19	40	695.04
-1.570796	2.719179	-1.780644	172	12	40	694.96
-2.356194	1.417623	-0.202254	169	13	40	694.94
-2.094395	0.850607	-1.335383	171	15	43	694.93
-0.261799	1.510910	-0.740472	173	18	42	694.86
0.523599	1.195355	1.200319	179	13	47	694.76
0.523599	2.587733	0.232235	172	18	45	694.75
-0.261799	0.910508	1.903534	173	16	45	694.58
-1.047198	1.448123	-2.163292	176	23	48	694.52
-2.094395	1.168678	2.108595	170	12	44	694.45
-1.047198	1.846342	-1.796954	168	25	42	694.32
2.356194	1.606104	-0.451151	173	11	41	694.13
2.879793	0.960688	-0.577532	177	22	45	693.95
1.047198	2.637879	2.121598	169	18	39	693.88
-1.308997	1.218453	2.777284	181	22	49	693.63
1.047198	1.440580	2.260026	173	16	47	693.59
-1.308997	1.247695	1.809890	174	17	44	693.55
-2.094395	0.992645	-1.723759	168	15	39	693.54
0.523599	0.960688	-0.577532	174	21	43	693.43
-2.094395	0.864993	2.278281	171	10	43	693.07
-0.785398	1.168678	2.108595	172	18	45	692.98
-3.141593	2.174483	2.653697	189	24	48	692.96
0.000000	2.033014	2.977192	167	10	38	692.95
1.570796	1.374601	-2.456031	177	14	46	692.89
-1.832596	2.404280	-0.174044	171	22	42	692.46
-1.308997	1.413430	2.550734	178	18	48	692.44
0.785398	2.588535	-2.976617	176	29	43	692.40
-2.356194	2.979456	-1.009304	178	19	48	692.37
-1.570796	1.440580	2.260026	182	19	50	692.37
2.356194	1.256302	0.062705	181	12	44	692.36
0.785398	2.001437	0.381215	174	10	39	692.34
-0.785398	1.247695	1.809890	171	16	43	692.24
1.570796	1.050534	3.042579	177	8	44	692.22
0.785398	0.866955	-0.931351	177	25	43	692.11
0.000000	1.417623	-0.202254	171	17	39	692.07
0.261799	1.025536	1.576859	173	14	45	692.02
-2.094395	0.762244	-0.273349	175	14	45	691.85
-0.785398	0.640596	-2.797608	177	19	46	691.74
-1.570796	1.506530	1.988858	180	14	49	691.70
0.523599	2.455966	-0.641220	175	15	45	691.59
-3.141593	1.741644	-2.695914	182	23	49	691.59
0.000000	2.104282	-0.813972	175	9	39	691.45
-0.785398	0.418037	1.360082	174	22	46	691.41
-2.879793	2.456751	-1.503343	182	23	48	691.26
-1.047198	0.370812	-2.547742	179	23	46	691.22
-1.047198	1.014500	0.906702	169	17	41	691.18
0.523599	1.699788	2.452890	175	11	45	691.15
0.261799	1.134796	2.434290	171	20	44	691.06
-1.308997	1.135834	-1.431087	174	19	45	690.92
-3.141593	1.488617	1.159546	168	18	45	690.75
1.047198	0.914445	2.687814	165	13	42	690.65
1.308997	2.001437	0.381215	167	13	38	690.50
-1.047198	0.674054	1.013609	169	18	42	690.27
-0.785398	1.134796	2.434290	169	19	42	690.27
-1.570796	1.413430	2.550734	183	25	49	690.22
-3.141593	2.478122	2.609777	188	29	46	690.11
-0.523599	1.113094	-0.272241	170	9	39	690.11
0.785398	1.554776	0.100351	173	16	42	690.03
-0.785398	0.674054	1.013609	171	16	43	689.85
-0.785398	0.700570	1.559208	169	14	41	689.79
0.523599	1.836682	-0.676006	174	27	43	689.76
0.785398	1.617114	-1.572037	174	21	43	689.73
-2.879793	1.998705	2.370472	183	22	50	689.56
-0.523599	0.290380	-0.796960	172	20	44	689.37
-1.308997	2.174483	2.653697	171	21	45	689.15
1.047198	2.979456	-1.009304	175	13	41	689.03
2.356194	0.850607	-1.335383	180	24	44	688.96
-2.094395	0.733948	3.021411	181	16	49	688.89
-2.879793	0.297065	2.160177	176	25	45	688.73
-0.785398	2.153910	-1.714959	166	19	38	688.58
1.047198	1.696674	-1.253233	174	14	42	688.53
-0.261799	1.736875	3.023612	168	20	46	687.95
-2.879793	2.637879	2.121598	170	13	38	687.87
2.879793	1.504028	0.636812	170	22	42	687.83
-1.570796	0.203748	0.590255	177	26	47	687.73
-0.523599	1.367556	0.358405	172	9	42	687.71
1.047198	2.089241	-0.114193	170	17	43	687.58
-2.879793	2.174483	2.653697	187	26	48	687.48
1.047198	1.367556	0.358405	171	12	39	687.19
1.832596	0.864993	2.278281	181	25	49	686.78
-1.832596	0.733948	3.021411	183	17	49	686.59
0.785398	1.555207	1.708892	181	8	45	686.59
-3.141593	1.128190	-2.288622	173	17	41	686.57
-2.356194	0.864993	2.278281	170	14	45	686.20
-1.832596	1.050534	3.042579	184	26	49	686.15
0.000000	2.592629	0.909713	174	22	43	685.89
-0.523599	0.591903	2.010408	171	14	43	685.87
-0.261799	1.134796	2.434290	179	28	49	685.74
-2.356194	2.979456	-1.009304	169	17	38	685.71
-3.141593	1.741644	-2.695914	179	18	47	685.53
2.356194	2.041297	-2.664597	168	14	39	685.41
1.047198	0.762244	-0.273349	172	16	40	685.37
0.261799	0.914445	2.687814	168	21	41	685.33
1.570796	0.733948	3.021411	174	8	43	685.29
2.356194	1.836682	-0.676006	177	16	44	685.29
-0.523599	1.367556	0.358405	176	12	45	684.87
2.094395	2.579248	-2.364801	170	15	39	684.81
-1.047198	1.824694	1.850876	170	18	45	684.81
-1.047198	0.700570	1.559208	168	16	41	684.79
-0.523599	0.709924	0.218797	172	15	44	684.72
-1.832596	1.766067	2.153843	170	14	44	684.60
-2.617994	0.700570	1.559208	50	178	169	684.45
-1.832596	1.699788	2.452890	172	18	46	684.43
1.308997	1.870545	-2.976234	174	19	41	684.40
-3.141593	1.998705	2.370472	183	22	49	684.30
-1.832596	1.168678	2.108595	172	9	44	684.15
1.308997	0.419640	2.974122	173	14	45	684.05
1.570796	1.875281	0.107086	170	13	41	684.03
2.617994	1.948085	-2.363031	170	18	43	684.03
1.570796	2.104282	-0.813972	174	20	47	683.99
-2.094395	0.762244	-0.273349	175	13	44	683.73
2.094395	1.569311	-3.003978	179	24	47	683.49
2.356194	1.658653	-2.409879	168	19	42	683.43
-1.308997	1.134796	2.434290	182	15	49	683.41
-0.785398	0.458961	-0.107937	173	17	45	683.34
2.879793	1.218453	2.777284	169	19	42	683.29
0.785398	0.961715	0.014085	172	15	39	683.28
1.047198	1.310100	1.488307	180	12	46	683.18
-0.523599	1.909857	-0.381669	169	18	37	683.10
-0.523599	2.863997	0.549740	174	18	43	683.09
2.094395	1.683268	0.374177	174	9	40	682.72
-0.261799	0.685216	-1.712745	168	12	40	682.72
0.000000	0.864993	2.278281	181	33	47	682.62
-2.617994	1.440580	2.260026	169	16	42	682.57
1.832596	1.135834	-1.431087	174	17	43	682.51
-1.570796	1.440580	2.260026	176	13	47	682.48
0.523599	2.073035	2.027405	182	12	48	682.44
-1.832596	1.050534	3.042579	178	18	49	682.41
-0.261799	0.960688	-0.577532	174	24	41	682.37
0.785398	2.251330	-2.330739	179	18	45	682.34
-0.261799	1.335669	0.897240	171	8	40	682.33
1.832596	0.496451	0.593859	173	16	43	682.14
-1.832596	1.545873	-1.877082	175	28	43	682.07
-1.308997	1.448123	-2.163292	171	12	41	682.01
-0.785398	1.574060	2.783565	176	18	48	682.00
0.261799	2.455966	-0.641220	173	18	45	681.95
1.832596	1.812176	0.656819	170	7	37	681.82
2.094395	2.033014	2.977192	179	23	45	681.76
1.570796	0.762244	-0.273349	172	19	41	681.69
-0.261799	2.063651	-2.044600	171	11	43	681.65
-1.570796	0.899350	-2.069907	174	12	44	681.57
1.570796	1.977582	0.969896	173	16	41	681.46
-3.141593	1.413430	2.550734	171	23	44	681.46
-1.570796	1.836682	-0.676006	179	12	44	681.40
0.261799	2.579248	-2.364801	176	12	42	681.38
2.094395	1.301460	-0.509251	178	21	45	681.20
1.308997	1.545873	-1.877082	174	23	44	681.03
-2.356194	1.335669	0.897240	174	8	42	680.98
-1.047198	1.617114	-1.572037	170	14	40	680.93
1.047198	0.709924	0.218797	170	18	40	680.90
-0.523599	1.301460	-0.509251	172	22	40	680.67
-1.308997	1.218453	2.777284	182	23	49	680.52
1.570796	2.180315	-1.357379	173	18	45	680.48
-1.832596	1.875281	0.107086	169	11	39	680.46
1.832596	2.001437	0.381215	172	9	41	680.43
1.832596	1.824694	1.850876	181	19	48	680.41
-3.141593	2.153910	-1.714959	179	10	45	680.19
-2.356194	2.393226	1.857173	167	19	43	680.08
-2.356194	2.664082	-1.071402	181	15	49	680.04
-3.141593	2.456751	-1.503343	184	23	48	680.00
-0.523599	1.433411	-1.035986	172	16	41	679.93
-0.785398	1.545873	-1.877082	166	15	39	679.92
-1.308997	2.153910	-1.714959	181	14	48	679.85
2.617994	0.762244	-0.273349	175	10	42	679.77
0.261799	1.168678	2.108595	175	23	47	679.45
0.523599	0.080730	-2.622036	171	21	44	679.43
1.308997	1.909857	-0.381669	170	18	44	679.42
1.832596	2.881233	-2.582574	173	18	43	679.39
1.570796	1.256302	0.062705	175	12	42	679.29
0.261799	1.696674	-1.253233	170	16	39	679.27
-1.047198	2.104282	-0.813972	172	17	41	679.24
-0.261799	1.413430	2.550734	176	23	50	679.11
-2.094395	0.992645	-1.723759	168	16	40	678.93
-1.047198	1.025536	1.576859	168	19	40	678.75
2.094395	1.450119	-2.739050	178	18	47	678.67
-1.570796	1.948085	-2.363031	170	19	42	678.31
-1.832596	1.168678	2.108595	171	9	42	678.15
1.570796	1.982574	-1.115518	172	11	39	678.07
1.570796	1.433411	-1.035986	177	16	45	678.00
2.879793	0.080730	-2.622036	180	27	46	678.00
2.617994	1.504028	0.636812	172	25	42	677.96
0.785398	1.488617	1.159546	183	15	47	677.90
-1.832596	2.719179	-1.780644	169	16	42	677.83
0.000000	1.301460	-0.509251	178	25	44	677.63
0.523599	2.984978	1.954446	172	19	41	677.55
0.785398	2.456751	-1.503343	177	17	45	677.54
1.832596	1.736875	3.023612	173	18	41	677.48
-1.308997	1.569311	-3.003978	181	35	43	677.26
-1.308997	2.033014	2.977192	174	26	45	677.21
-0.523599	2.089241	-0.114193	169	19	38	677.15
2.879793	2.396274	-1.959260	178	17	46	677.06
2.879793	1.948085	-2.363031	173	8	40	677.01
1.832596	1.301460	-0.509251	175	18	44	676.92
2.879793	0.700570	1.559208	172	24	44	676.89
1.047198	0.864993	2.278281	165	20	41	676.71
-2.879793	2.247462	0.191623	178	18	43	676.59
-0.261799	1.113094	-0.272241	171	21	39	676.56
-0.785398	1.869911	2.701025	171	21	48	676.48
1.570796	1.812176	0.656819	167	9	35	676.40
1.308997	2.637879	2.121598	170	13	36	676.15
1.308997	1.836682	-0.676006	170	21	44	676.11
1.047198	1.214854	-1.966664	173	28	42	675.97
-1.308997	0.906588	1.252948	170	21	42	675.95
1.570796	1.510910	-0.740472	169	21	40	675.94
1.308997	1.113094	-0.272241	175	22	44	675.92
-0.261799	1.417623	-0.202254	170	18	37	675.86
-1.308997	1.050534	3.042579	180	21	50	675.85
0.523599	0.419640	2.974122	172	22	45	675.80
0.523599	1.872854	1.543456	179	6	42	675.77
0.785398	0.960688	-0.577532	174	20	43	675.64
-1.308997	1.554776	0.100351	172	19	43	675.49
-1.570796	2.456751	-1.503343	171	17	42	675.45
-1.832596	1.194549	-0.801900	169	12	40	675.32
-0.523599	2.299159	2.264663	173	7	46	675.31
-2.094395	0.929350	-2.910676	181	22	50	675.26
1.047198	2.001437	0.381215	166	17	39	675.14
2.356194	0.591903	2.010408	175	25	47	674.96
-2.879793	1.836682	-0.676006	170	19	39	674.80
-2.356194	2.187132	-0.479875	168	19	37	674.69
2.879793	1.014500	0.906702	171	15	44	674.63
-0.261799	0.203748	0.590255	179	24	48	674.63
1.570796	2.295480	1.008277	169	10	39	674.58
-0.523599	1.184361	0.625864	172	10	42	674.49
-0.785398	0.831641	0.616218	169	15	41	674.39
-1.308997	1.599406	1.426070	171	12	40	674.37
-0.523599	2.587733	0.232235	179	20	46	674.32
2.094395	0.615174	-0.666022	170	19	40	674.26
0.785398	1.766067	2.153843	180	14	48	674.22
-2.617994	1.696674	-1.253233	180	19	46	674.11
0.785398	1.948085	-2.363031	176	9	40	674.08
0.261799	2.704512	1.488683	172	22	42	674.06
-1.832596	0.762244	-0.273349	176	11	44	674.03
1.570796	1.247695	1.809890	171	21	46	673.93
-2.094395	0.960688	-0.577532	171	15	44	673.88
0.000000	1.721184	-0.153948	171	16	39	673.75
-2.094395	0.864993	2.278281	171	11	44	673.75
-2.356194	1.506530	1.988858	169	15	43	673.74
-0.261799	0.496451	0.593859	174	14	45	673.67
1.308997	1.218453	2.777284	170	7	45	673.59
-2.356194	1.045978	0.343692	177	23	47	673.54
1.047198	2.299159	2.264663	166	20	34	673.54
-0.261799	0.458961	-0.107937	176	17	47	673.42
-2.356194	0.685216	-1.712745	170	17	43	673.38
2.094395	1.218453	2.777284	182	8	48	673.28
-1.047198	1.413347	-1.339188	171	16	42	673.17
2.356194	1.510910	-0.740472	173	13	40	673.01
-2.879793	2.174483	2.653697	177	24	44	672.83
-0.261799	2.138223	1.678323	179	10	46	672.78
1.832596	0.850607	-1.335383	173	14	41	672.66
-2.356194	2.588535	-2.976617	175	9	42	672.62
-2.356194	1.433411	-1.035986	176	31	41	672.49
0.523599	2.404280	-0.174044	174	19	46	672.43
-1.832596	0.914445	2.687814	177	14	48	672.30
2.617994	1.756530	-2.105156	172	14	43	672.21
2.617994	1.050534	3.042579	171	17	44	672.10
1.308997	1.617114	-1.572037	174	17	44	672.09
0.000000	2.033014	2.977192	167	11	41	672.06
-0.785398	0.290380	-0.796960	168	14	41	672.02
-2.356194	2.704512	1.488683	163	15	39	672.01
-0.523599	2.588535	-2.976617	162	19	37	671.96
-0.261799	2.393226	1.857173	176	7	43	671.85
-1.832596	1.824694	1.850876	171	10	42	671.81
0.000000	0.929350	-2.910676	169	16	42	671.72
-2.879793	0.571433	-1.188419	172	17	43	671.68
-0.785398	2.349581	-2.702517	175	20	44	671.68
1.308997	1.448123	-2.163292	174	27	43	671.58
2.356194	1.574060	2.783565	174	18	43	671.53
1.832596	2.251330	-2.330739	168	20	41	671.51
1.832596	2.349581	-2.702517	170	24	43	671.32
1.570796	1.574060	2.783565	178	5	48	671.30
1.308997	2.863997	0.549740	171	11	40	671.27
-1.570796	2.104282	-0.813972	176	11	41	671.22
-2.879793	2.760637	2.781135	172	9	40	671.16
-2.617994	0.733948	3.021411	179	16	49	671.15
-2.617994	2.704512	1.488683	163	20	39	670.99
1.832596	1.050534	3.042579	179	4	44	670.92
0.785398	2.587733	0.232235	173	16	45	670.89
-2.617994	1.732874	-0.951685	184	21	46	670.83
0.000000	2.393226	1.857173	178	7	42	670.74
-0.785398	2.724429	-0.348782	176	13	43	670.63
-2.617994	0.640596	-2.797608	173	14	41	670.60
0.000000	0.496451	0.593859	177	19	48	670.59
2.356194	0.929350	-2.910676	172	14	44	670.59
0.261799	1.824694	1.850876	181	15	48	670.44
1.570796	2.863997	0.549740	174	8	40	670.34
-2.094395	1.134796	2.434290	173	14	47	670.24
2.879793	1.721184	-0.153948	171	24	39	670.22
-1.308997	2.404280	-0.174044	176	20	45	670.20
0.523599	1.599406	1.426070	179	11	45	670.16
1.308997	2.299159	2.264663	191	14	50	670.15
2.356194	0.591903	2.010408	173	20	46	670.10
2.617994	2.343981	-1.040456	175	12	45	670.02
-2.617994	1.909857	-0.381669	174	19	43	669.61
-0.261799	0.685216	-1.712745	172	18	46	669.47
-2.617994	0.929350	-2.910676	182	22	50	669.41
0.000000	0.961715	0.014085	170	19	37	669.39
-2.879793	2.299159	2.264663	179	28	48	669.07
2.879793	1.662363	0.915448	166	21	42	668.97
0.261799	2.063651	-2.044600	176	8	44	668.97
-1.308997	1.846342	-1.796954	169	24	40	668.91
-2.094395	1.998705	2.370472	178	21	50	668.74
1.308997	2.041297	-2.664597	173	15	39	668.60
-2.094395	2.404280	-0.174044	172	24	42	668.17
-2.879793	1.325504	-1.671296	176	12	43	668.14
-2.879793	1.134497	-1.109631	171	15	41	668.05
-2.617994	2.664082	-1.071402	170	17	40	668.04
-2.094395	1.766067	2.153843	168	17	43	667.93
-2.617994	2.153910	-1.714959	180	17	49	667.93
-0.261799	0.496451	0.593859	177	19	48	667.59
-1.308997	1.756530	-2.105156	172	24	45	667.59
2.094395	1.195355	1.200319	166	24	39	667.43
-1.570796	2.404280	-0.174044	171	19	42	667.41
-1.047198	1.756530	-2.105156	171	22	45	667.35
-2.879793	1.448123	-2.163292	174	19	43	667.34
0.261799	1.256302	0.062705	170	16	38	667.23
0.000000	0.640596	-2.797608	172	20	47	667.18
0.523599	1.683268	0.374177	171	13	36	667.15
-1.832596	0.866395	-2.492918	172	14	43	667.09
1.570796	1.836682	-0.676006	170	19	44	666.98
-2.879793	2.187132	-0.479875	175	14	40	666.96
-2.356194	2.863997	0.549740	175	13	41	666.94
2.356194	0.992645	-1.723759	173	12	41	666.91
-2.879793	0.866395	-2.492918	174	18	43	666.82
-0.261799	1.721184	-0.153948	171	19	39	666.76
-2.094395	0.864993	2.278281	172	11	44	666.74
-0.523599	0.379747	-1.713059	167	18	40	666.72
1.570796	0.899350	-2.069907	172	8	42	666.62
1.570796	0.618092	2.539118	178	22	49	666.56
2.617994	1.135834	-1.431087	180	28	42	666.51
0.000000	1.554776	0.100351	169	16	36	666.38
-3.141593	1.134497	-1.109631	172	8	37	666.23
0.523599	2.863997	0.549740	164	19	36	666.19
-1.308997	1.766067	2.153843	177	15	49	666.19
-2.094395	0.571433	-1.188419	180	20	48	666.07
-3.141593	1.214854	-1.966664	175	18	44	666.06
-2.617994	1.325504	-1.671296	176	8	39	666.03
1.570796	1.194549	-0.801900	174	12	42	665.87
-1.308997	0.700570	1.559208	172	23	44	665.87
0.785398	2.984978	1.954446	170	16	38	665.57
0.261799	1.256302	0.062705	170	15	37	665.54
-2.617994	0.297065	2.160177	174	23	45	665.43
0.261799	1.310100	1.488307	175	11	45	665.18
0.523599	0.762244	-0.273349	171	21	40	665.15
0.523599	2.404280	-0.174044	170	18	41	665.12
-2.617994	2.174483	2.653697	185	27	48	664.96
-1.832596	1.606104	-0.451151	167	15	39	664.96
-2.617994	0.929350	-2.910676	171	17	41	664.96
0.785398	2.984978	1.954446	169	16	37	664.94
-0.785398	0.831641	0.616218	173	16	45	664.85
-0.785398	1.506530	1.988858	172	21	47	664.76
2.356194	1.050534	3.042579	170	20	44	664.72
2.617994	1.741644	-2.695914	183	22	49	664.67
0.000000	2.108018	1.311430	179	19	43	664.50
1.047198	1.335669	0.897240	180	13	44	664.45
0.261799	2.073035	2.027405	180	11	47	664.36
-2.094395	0.914445	2.687814	175	13	47	664.29
-1.570796	1.488617	1.159546	176	16	49	664.26
-1.832596	1.301460	-0.509251	169	14	41	664.25
0.523599	1.413347	-1.339188	173	22	42	664.24
0.523599	2.704512	1.488683	171	15	38	664.20
-0.523599	1.904882	-1.478089	182	20	48	664.15
0.523599	1.875281	0.107086	175	14	42	664.03
1.832596	0.914445	2.687814	176	11	46	664.02
2.356194	0.080730	-2.622036	177	20	47	663.89
1.832596	0.960688	-0.577532	174	22	43	663.88
-2.617994	2.979456	-1.009304	174	17	43	663.88
-0.785398	2.153910	-1.714959	165	20	38	663.82
2.356194	1.218453	2.777284	171	25	43	663.79
-2.356194	2.592629	0.909713	167	7	39	663.71
0.785398	2.393226	1.857173	168	21	38	663.64
2.356194	2.251330	-2.330739	175	24	46	663.62
2.879793	2.063651	-2.044600	176	12	44	663.61
0.523599	2.592629	0.909713	173	13	40	663.59
2.617994	1.977582	0.969896	173	11	38	663.52
2.617994	1.510910	-0.740472	174	10	40	663.50
1.308997	2.033014	2.977192	175	23	42	663.50
-2.356194	1.909857	-0.381669	171	18	40	663.48
-1.570796	0.733948	3.021411	171	10	42	663.40
-0.523599	1.045978	0.343692	169	11	40	663.33
1.570796	0.379747	-1.713059	177	8	44	663.28
-0.261799	2.407836	1.410646	177	17	42	663.24
2.879793	2.379497	0.561089	163	20	35	663.23
-1.308997	1.310100	1.488307	179	20	50	663.19
0.785398	2.587733	0.232235	173	15	45	663.17
0.261799	2.295480	1.008277	172	17	40	663.07
-0.785398	0.458961	-0.107937	169	17	41	662.98
0.000000	1.741644	-2.695914	173	8	43	662.96
-2.617994	0.831641	0.616218	172	10	44	662.83
-1.308997	1.699788	2.452890	173	14	46	662.81
0.523599	0.080730	-2.622036	168	16	41	662.70
2.879793	1.824694	1.850876	175	18	47	662.67
-0.523599	1.696674	-1.253233	174	12	41	662.61
2.094395	2.174483	2.653697	178	25	44	662.57
-2.094395	1.194549	-0.801900	167	15	39	662.35
-1.047198	1.247695	1.809890	176	20	48	662.26
2.617994	1.256302	0.062705	173	20	41	662.19
-1.832596	2.979456	-1.009304	171	13	39	662.15
-2.356194	1.417623	-0.202254	166	14	38	662.12
-1.308997	1.948085	-2.363031	171	19	45	661.98
0.785398	1.195355	1.200319	183	18	50	661.93
-2.617994	0.866955	-0.931351	174	21	46	661.83
-0.785398	1.696674	-1.253233	183	24	47	661.69
-2.879793	2.760637	2.781135	188	34	42	661.63
-0.785398	1.872854	1.543456	172	13	46	661.62
-3.141593	2.456751	-1.503343	184	24	48	661.44
0.000000	1.113094	-0.272241	172	21	41	661.33
-0.261799	1.194549	-0.801900	175	22	43	661.27
-1.047198	2.979456	-1.009304	167	17	39	661.24
-2.356194	0.866955	-0.931351	179	25	47	661.22
0.785398	1.977582	0.969896	169	22	40	661.18
0.000000	1.736875	3.023612	167	17	45	661.12
-0.523599	0.615174	-0.666022	170	15	41	660.98
1.832596	1.824694	1.850876	180	19	47	660.86
-3.141593	1.948085	-2.363031	187	26	48	660.85
-0.261799	0.674054	1.013609	173	11	42	660.68
2.094395	0.961715	0.014085	177	12	43	660.65
-2.879793	1.128190	-2.288622	174	14	41	660.65
1.308997	1.732874	-0.951685	170	24	43	660.59
2.879793	0.618092	2.539118	166	15	38	660.55
-0.785398	1.014500	0.906702	170	15	43	660.53
-2.356194	2.588535	-2.976617	189	34	41	660.51
-0.261799	1.909857	-0.381669	169	15	37	660.51
0.785398	1.846342	-1.796954	181	21	47	660.43
1.832596	2.407836	1.410646	170	7	38	660.42
-3.141593	1.128190	-2.288622	172	17	41	660.37
2.879793	0.929350	-2.910676	175	10	45	660.31
-0.523599	1.045978	0.343692	170	10	40	660.27
1.308997	0.419640	2.974122	175	19	48	660.26
2.356194	0.960688	-0.577532	172	17	42	660.23
-1.308997	1.574060	2.783565	176	21	48	660.11
1.832596	1.218453	2.777284	181	11	48	660.11
2.617994	0.733948	3.021411	168	14	41	660.09
-1.047198	0.906588	1.252948	169	19	42	660.06
1.308997	0.831641	0.616218	179	19	47	660.00
1.308997	0.864993	2.278281	166	17	44	659.61
2.356194	0.961715	0.014085	177	26	45	659.44
2.879793	2.063651	-2.044600	175	17	47	659.44
-2.094395	0.899350	-2.069907	173	17	45	659.39
-0.785398	0.290380	-0.796960	172	23	44	659.36
2.617994	0.762244	-0.273349	176	13	44	659.32
1.308997	2.164094	-2.991358	176	19	43	659.28
1.047198	1.836682	-0.676006	171	24	44	659.08
-1.570796	1.869911	2.701025	171	21	45	658.99
-0.261799	0.379747	-1.713059	169	15	42	658.92
-0.785398	0.591903	2.010408	170	17	43	658.82
0.261799	0.458961	-0.107937	178	14	47	658.82
-0.523599	2.881233	-2.582574	178	17	44	658.78
0.000000	1.574060	2.783565	170	15	44	658.69
2.356194	0.297065	2.160177	172	19	46	658.69
-0.523599	0.700570	1.559208	177	21	47	658.51
-2.617994	1.214854	-1.966664	177	15	44	658.48
-1.047198	1.948085	-2.363031	170	16	45	658.23
0.785398	1.247695	1.809890	177	10	46	658.19
-0.785398	0.906588	1.252948	169	17	43	658.15
-1.832596	1.247695	1.809890	170	8	42	658.00
0.000000	2.247462	0.191623	177	18	45	657.96
-3.141593	0.866955	-0.931351	173	20	43	657.94
-1.570796	1.617114	-1.572037	169	20	40	657.87
-1.832596	1.836682	-0.676006	177	13	44	657.83
-1.308997	1.488617	1.159546	177	15	49	657.81
2.879793	2.724429	-0.348782	181	16	47	657.77
1.570796	0.961715	0.014085	173	15	42	657.70
0.000000	0.379747	-1.713059	173	20	46	657.66
1.047198	2.153910	-1.714959	176	21	45	657.65
-0.785398	0.866395	-2.492918	173	18	45	657.64
2.356194	1.574060	2.783565	171	14	39	657.58
2.617994	2.719179	-1.780644	175	18	47	657.54
1.047198	1.488617	1.159546	184	15	47	657.54
0.523599	1.545873	-1.877082	175	17	46	657.43
-2.094395	0.914445	2.687814	176	15	48	657.41
0.261799	0.733948	3.021411	173	19	46	657.34
-1.832596	1.448123	-2.163292	175	23	45	657.33
-3.141593	0.419640	2.974122	174	12	46	657.27
2.094395	1.135813	-2.658866	175	15	46	657.25
0.523599	1.554776	0.100351	171	18	41	657.24
1.308997	1.417623	-0.202254	175	17	44	657.15
-2.879793	0.496451	0.593859	172	8	41	657.13
1.570796	1.301460	-0.509251	168	18	38	657.01
1.832596	1.872854	1.543456	180	21	46	656.98
2.617994	0.297065	2.160177	173	20	47	656.98
-1.047198	2.863997	0.549740	176	21	44	656.96
-2.879793	2.115563	0.685730	168	15	39	656.88
1.047198	2.456751	-1.503343	178	20	46	656.86
-1.047198	2.984978	1.954446	174	17	42	656.85
-2.094395	2.063651	-2.044600	171	9	37	656.80
-0.261799	2.001437	0.381215	174	9	38	656.78
0.261799	0.458961	-0.107937	179	15	47	656.63
-2.356194	2.247462	0.191623	168	15	36	656.55
-0.523599	2.174483	2.653697	169	13	46	656.54
2.879793	1.846342	-1.796954	175	8	42	656.35
-1.308997	1.658653	-2.409879	174	20	48	656.30
-0.785398	1.134796	2.434290	183	28	49	656.30
0.523599	1.683268	0.374177	171	14	39	656.02
-1.308997	1.413430	2.550734	179	19	48	656.00
-0.523599	1.247695	1.809890	171	14	43	655.93
2.617994	1.128190	-2.288622	171	20	40	655.89
-1.047198	2.089241	-0.114193	174	11	42	655.89
1.308997	2.637879	2.121598	169	14	36	655.71
-3.141593	1.699788	2.452890	185	16	50	655.70
-3.141593	1.812176	0.656819	166	17	38	655.65
-0.785398	2.073035	2.027405	167	15	41	655.63
2.356194	1.756530	-2.105156	173	15	43	655.62
2.094395	1.374601	-2.456031	165	21	37	655.61
-2.879793	1.846342	-1.796954	173	13	39	655.58
-1.308997	2.587733	0.232235	170	21	40	655.56
1.308997	1.045978	0.343692	176	13	43	655.56
-0.261799	1.374601	-2.456031	174	15	47	655.47
0.000000	1.574060	2.783565	169	15	43	655.46
0.261799	2.724429	-0.348782	171	17	43	655.45
0.000000	1.335669	0.897240	181	18	48	655.41
-1.832596	2.033014	2.977192	168	9	39	655.39
-0.523599	1.325504	-1.671296	167	12	38	655.31
-2.617994	1.335669	0.897240	170	10	41	655.24
1.047198	0.960688	-0.577532	174	18	43	655.20
-0.261799	0.733948	3.021411	175	22	46	655.19
0.523599	1.875281	0.107086	173	14	41	655.10
-0.523599	1.998705	2.370472	173	12	46	655.06
-2.356194	0.640596	-2.797608	186	20	50	655.04
1.832596	0.496451	0.593859	173	15	43	655.02
-0.261799	1.606104	-0.451151	173	18	41	655.01
-0.523599	0.496451	0.593859	172	16	45	655.00
-0.523599	1.433411	-1.035986	172	15	41	654.99
1.047198	1.766067	2.153843	179	15	48	654.93
2.356194	2.719179	-1.780644	173	16	42	654.91
-0.523599	0.458961	-0.107937	175	19	47	654.90
-2.617994	2.979456	-1.009304	179	20	48	654.89
-1.308997	2.404280	-0.174044	172	16	42	654.88
-2.879793	0.914445	2.687814	173	20	48	654.81
-1.570796	1.948085	-2.363031	170	22	45	654.81
2.617994	0.914445	2.687814	167	20	40	654.65
1.308997	0.866955	-0.931351	175	20	44	654.42
-1.047198	2.979456	-1.009304	166	18	40	654.30
0.000000	1.872854	1.543456	179	9	46	654.26
-1.570796	2.164094	-2.991358	168	11	40	654.20
-2.879793	1.506530	1.988858	182	17	53	654.19
-0.261799	2.396274	-1.959260	170	9	40	654.18
1.047198	1.824694	1.850876	183	19	49	654.15
1.832596	1.256302	0.062705	178	13	44	654.14
1.047198	1.256302	0.062705	172	16	41	653.99
1.570796	0.458961	-0.107937	169	17	39	653.98
-0.261799	0.379747	-1.713059	168	16	41	653.96
-1.308997	2.719179	-1.780644	172	10	40	653.94
-3.141593	1.310100	1.488307	175	18	48	653.93
-1.047198	0.290380	-0.796960	167	17	40	653.86
-1.308997	2.251330	-2.330739	166	19	41	653.84
-2.356194	1.417623	-0.202254	170	13	41	653.71
-1.308997	2.456751	-1.503343	172	15	42	653.57
-0.523599	1.045978	0.343692	171	10	41	653.51
0.523599	0.910508	1.903534	173	9	42	653.38
-2.094395	1.998705	2.370472	174	22	47	653.34
-0.785398	1.113094	-0.272241	168	12	39	653.04
-1.570796	0.685216	-1.712745	175	11	44	653.02
0.261799	1.875281	0.107086	171	14	38	652.92
-0.261799	2.592629	0.909713	176	23	44	652.80
-1.047198	0.910508	1.903534	173	22	45	652.75
2.356194	0.700570	1.559208	181	15	50	652.74
-0.785398	2.033014	2.977192	169	16	43	652.69
1.308997	1.391910	3.030322	172	3	43	652.69
-3.141593	1.909857	-0.381669	174	14	39	652.68
-1.570796	0.379747	-1.713059	31	190	9	652.51
-0.785398	1.301460	-0.509251	173	25	40	652.44
-2.356194	0.733948	3.021411	180	16	49	652.37
-0.523599	0.960688	-0.577532	174	25	42	652.37
-1.308997	1.050534	3.042579	179	15	49	652.33
1.832596	2.138223	1.678323	185	25	48	652.30
1.047198	2.587733	0.232235	174	13	45	652.29
0.785398	1.554776	0.100351	172	16	41	652.26
0.523599	1.555207	1.708892	175	9	43	652.25
2.356194	1.391910	3.030322	173	23	45	652.15
1.570796	1.050534	3.042579	175	6	44	652.13
-0.785398	1.545873	-1.877082	171	23	45	652.10
-0.785398	1.869911	2.701025	172	21	48	652.04
-1.308997	1.050534	3.042579	178	16	49	652.00
0.523599	1.617114	-1.572037	177	22	44	651.93
1.308997	1.448123	-2.163292	177	10	45	651.88
-1.832596	2.637879	2.121598	167	22	45	651.81
1.047198	1.554776	0.100351	165	19	36	651.81
-0.785398	1.433411	-1.035986	171	18	41	651.76
-3.141593	1.184361	0.625864	169	16	42	651.69
-1.570796	0.080730	-2.622036	172	11	41	651.62
-2.094395	1.374601	-2.456031	176	21	46	651.44
-3.141593	2.108018	1.311430	165	20	42	651.38
2.356194	1.599406	1.426070	172	15	40	651.31
2.617994	0.961715	0.014085	176	25	45	651.30
1.047198	1.025536	1.576859	177	12	46	651.21
-1.047198	1.545873	-1.877082	172	26	45	651.20
0.261799	1.113094	-0.272241	173	20	41	651.11
0.785398	2.637879	2.121598	169	22	40	651.02
-2.879793	0.762244	-0.273349	172	18	44	650.98
-0.523599	0.906588	1.252948	169	15	43	650.98
0.785398	2.881233	-2.582574	171	17	40	650.95
2.617994	1.683268	0.374177	176	13	40	650.91
2.356194	2.396274	-1.959260	171	15	44	650.90
-3.141593	0.864993	2.278281	174	15	47	650.71
2.879793	1.948085	-2.363031	170	15	43	650.52
-2.356194	0.762244	-0.273349	174	16	46	650.47
2.094395	2.456751	-1.503343	172	18	45	650.42
-1.832596	0.906588	1.252948	181	14	48	650.37
0.523599	1.433411	-1.035986	169	21	42	650.31
-1.832596	2.153910	-1.714959	180	15	48	650.30
-1.047198	1.869911	2.701025	173	16	46	650.28
-1.570796	1.545873	-1.877082	173	26	43	650.17
-1.047198	1.699788	2.452890	177	21	50	650.15
2.879793	0.379747	-1.713059	173	19	41	650.09
0.000000	0.899350	-2.069907	169	10	41	650.02
-1.047198	0.674054	1.013609	168	18	42	649.98
-0.261799	2.174483	2.653697	170	10	46	649.96
0.785398	2.073035	2.027405	183	13	48	649.93
-1.308997	1.736875	3.023612	177	28	46	649.92
0.785398	1.875281	0.107086	168	22	41	649.90
-2.356194	1.766067	2.153843	169	19	43	649.80
2.094395	1.599406	1.426070	172	24	46	649.76
1.832596	0.762244	-0.273349	172	17	42	649.69
-1.570796	1.335669	0.897240	174	9	44	649.68
-2.617994	1.869911	2.701025	170	23	43	649.67
-1.047198	1.555207	1.708892	174	19	47	649.62
1.832596	1.045978	0.343692	177	9	41	649.48
2.879793	2.704512	1.488683	169	13	36	649.27
0.785398	0.080730	-2.622036	170	15	43	649.24
0.523599	1.367556	0.358405	170	17	39	649.19
1.570796	1.242974	-2.977882	176	20	45	649.19
-2.356194	2.187132	-0.479875	169	18	37	649.17
2.879793	2.396274	-1.959260	173	10	44	649.06
-2.356194	1.301460	-0.509251	168	20	41	648.93
-2.617994	2.063651	-2.044600	186	26	46	648.90
-1.570796	1.218453	2.777284	174	13	46	648.85
0.785398	2.089241	-0.114193	171	21	44	648.74
-3.141593	2.379497	0.561089	163	14	35	648.71
0.000000	0.929350	-2.910676	170	15	42	648.65
0.523599	2.089241	-0.114193	172	23	44	648.61
2.617994	1.374601	-2.456031	183	15	49	648.48
1.832596	2.349581	-2.702517	167	17	37	648.31
-1.570796	2.719179	-1.780644	172	12	41	648.30
-1.308997	0.850607	-1.335383	173	5	38	648.26
-2.356194	2.588535	-2.976617	190	34	41	648.13
-2.094395	0.640596	-2.797608	172	14	45	648.11
0.261799	0.960688	-0.577532	175	24	43	647.89
2.617994	0.640596	-2.797608	177	15	48	647.89
1.570796	2.108018	1.311430	183	26	45	647.89
-2.356194	1.214854	-1.966664	171	23	43	647.88
-1.832596	0.992645	-1.723759	173	17	45	647.88
0.261799	1.824694	1.850876	181	16	48	647.78
-0.261799	2.299159	2.264663	176	5	46	647.76
-1.047198	2.153910	-1.714959	181	13	46	647.65
2.617994	0.929350	-2.910676	173	12	44	647.65
-1.308997	1.413347	-1.339188	171	19	42	647.64
2.094395	1.488617	1.159546	169	27	42	647.61
0.000000	0.290380	-0.796960	173	16	44	647.61
2.879793	2.153910	-1.714959	181	18	49	647.56
0.785398	0.906588	1.252948	176	14	45	647.53
0.523599	1.555207	1.708892	176	8	43	647.51
0.523599	1.367556	0.358405	169	17	38	647.43
0.523599	2.343981	-1.040456	180	22	48	647.41
-0.523599	2.251330	-2.330739	172	9	43	647.35
0.523599	0.418037	1.360082	175	8	42	647.33
0.000000	1.417623	-0.202254	173	19	41	647.33
0.261799	1.194549	-0.801900	174	5	37	647.17
0.785398	2.138223	1.678323	167	22	37	647.13
2.879793	1.569311	-3.003978	175	17	45	647.12
-0.785398	0.674054	1.013609	173	18	45	647.10
0.000000	1.756530	-2.105156	170	8	40	647.04
-1.047198	1.325504	-1.671296	173	14	44	646.94
2.879793	2.664082	-1.071402	177	15	46	646.89
-1.832596	0.733948	3.021411	182	16	50	646.89
1.832596	0.496451	0.593859	174	18	45	646.88
-0.785398	2.592629	0.909713	178	26	44	646.88
-1.308997	1.574060	2.783565	171	10	43	646.84
-2.094395	0.640596	-2.797608	186	20	50	646.81
0.785398	1.310100	1.488307	181	13	49	646.81
1.047198	0.831641	0.616218	172	12	41	646.73
2.617994	2.089241	-0.114193	181	12	46	646.69
-0.261799	2.881233	-2.582574	179	15	44	646.57
-3.141593	1.413347	-1.339188	177	29	41	646.48
2.094395	2.984978	1.954446	164	14	36	646.25
0.000000	2.984978	1.954446	177	14	42	646.21
0.261799	1.134796	2.434290	173	20	46	646.21
-2.356194	1.391910	3.030322	164	158	185	646.14
1.047198	1.256302	0.062705	172	15	40	646.07
-3.141593	1.846342	-1.796954	178	5	42	646.06
0.261799	2.251330	-2.330739	178	20	45	645.97
2.879793	1.135834	-1.431087	175	12	43	645.95
-2.356194	2.396274	-1.959260	174	16	47	645.88
-0.785398	2.247462	0.191623	176	22	45	645.79
0.785398	1.417623	-0.202254	174	19	43	645.72
0.523599	0.370812	-2.547742	170	12	42	645.70
2.879793	2.247462	0.191623	177	19	43	645.62
-0.785398	2.664082	-1.071402	170	16	43	645.61
2.617994	1.391910	3.030322	173	22	45	645.59
-1.832596	2.979456	-1.009304	172	13	39	645.50
-2.356194	1.904882	-1.478089	176	18	45	645.46
-0.261799	0.370812	-2.547742	172	24	46	645.40
1.047198	2.174483	2.653697	178	25	43	645.38
-1.570796	2.153910	-1.714959	181	15	49	645.28
0.523599	1.599406	1.426070	179	10	45	645.24
-1.047198	0.762244	-0.273349	171	18	44	645.23
-2.094395	2.187132	-0.479875	169	16	38	645.22
0.785398	0.615174	-0.666022	173	23	41	645.14
1.047198	1.113094	-0.272241	175	24	44	645.14
1.047198	0.418037	1.360082	172	14	43	645.14
-0.785398	1.135813	-2.658866	172	14	43	645.14
0.261799	0.914445	2.687814	169	21	43	645.09
-0.261799	0.640596	-2.797608	173	21	46	645.01
-0.261799	1.504028	0.636812	175	23	44	644.99
-0.785398	1.325504	-1.671296	165	16	36	644.98
-0.785398	2.187132	-0.479875	170	18	39	644.97
-1.308997	0.914445	2.687814	183	15	50	644.96
-2.356194	1.869911	2.701025	170	20	43	644.90
-1.570796	1.662363	0.915448	173	12	46	644.87
-2.356194	2.393226	1.857173	168	18	42	644.86
-1.570796	1.214854	-1.966664	172	16	44	644.85
-1.570796	2.349581	-2.702517	167	15	41	644.81
1.047198	1.732874	-0.951685	171	27	43	644.70
2.617994	1.218453	2.777284	171	22	44	644.70
-1.832596	1.194549	-0.801900	167	11	36	644.59
-3.141593	2.138223	1.678323	173	17	41	644.57
-2.879793	2.063651	-2.044600	170	14	38	644.48
0.000000	1.417623	-0.202254	172	19	41	644.43
-1.570796	1.658653	-2.409879	174	21	47	644.34
-0.261799	1.875281	0.107086	177	8	40	644.34
-1.832596	0.762244	-0.273349	177	14	46	644.30
-0.261799	2.379497	0.561089	177	25	44	644.30
-1.832596	1.194549	-0.801900	168	12	39	644.29
-2.356194	1.977582	0.969896	171	19	45	644.24
1.832596	1.545873	-1.877082	172	17	43	644.10
-1.570796	2.089241	-0.114193	171	14	40	644.05
0.000000	2.295480	1.008277	170	18	38	643.93
-3.141593	1.599406	1.426070	175	23	48	643.93
0.000000	0.762244	-0.273349	177	11	46	643.87
-1.047198	2.396274	-1.959260	165	19	37	643.84
-1.308997	1.904882	-1.478089	185	19	49	643.74
0.261799	1.721184	-0.153948	174	19	43	643.74
-0.261799	1.417623	-0.202254	172	21	41	643.67
-1.047198	2.704512	1.488683	179	16	44	643.58
-1.308997	1.440580	2.260026	174	28	45	643.57
-1.047198	0.929350	-2.910676	177	14	46	643.56
2.356194	1.658653	-2.409879	168	18	40	643.51
-2.094395	2.704512	1.488683	166	14	42	643.25
0.523599	1.732874	-0.951685	171	16	40	643.23
-2.094395	2.637879	2.121598	166	21	40	643.03
-2.617994	2.704512	1.488683	165	23	42	643.02
-2.617994	1.335669	0.897240	170	11	42	642.95
-2.356194	1.998705	2.370472	175	23	47	642.83
-0.785398	1.367556	0.358405	174	14	45	642.74
-2.617994	2.592629	0.909713	164	11	38	642.71
-2.879793	0.571433	-1.188419	171	17	42	642.62
2.879793	0.960688	-0.577532	177	21	45	642.61
-3.141593	2.138223	1.678323	171	23	47	642.60
-3.141593	1.721184	-0.153948	171	21	39	642.56
-1.308997	2.180315	-1.357379	179	19	47	642.53
-0.261799	0.899350	-2.069907	169	13	42	642.51
1.047198	0.961715	0.014085	172	20	42	642.48
-0.261799	0.290380	-0.796960	174	18	45	642.47
2.356194	0.080730	-2.622036	173	8	42	642.41
-0.523599	1.440580	2.260026	181	21	51	642.41
2.879793	1.545873	-1.877082	173	5	37	642.32
-1.047198	1.699788	2.452890	176	21	50	642.30
-1.308997	1.506530	1.988858	177	8	45	642.30
-2.094395	2.637879	2.121598	165	22	40	642.24
1.308997	0.685216	-1.712745	178	9	45	642.23
-2.094395	1.699788	2.452890	172	21	46	642.21
-3.141593	0.762244	-0.273349	172	20	44	642.07
-0.261799	1.433411	-1.035986	174	14	41	642.02
2.356194	0.831641	0.616218	174	13	40	642.02
1.047198	0.831641	0.616218	181	23	48	641.96
1.832596	1.128190	-2.288622	176	10	45	641.87
-1.308997	0.458961	-0.107937	175	22	46	641.84
-2.094395	2.187132	-0.479875	168	16	37	641.78
-2.879793	0.615174	-0.666022	169	18	41	641.67
0.523599	1.683268	0.374177	170	15	39	641.62
1.308997	2.349581	-2.702517	171	13	38	641.61
-1.570796	1.325504	-1.671296	169	11	37	641.57
-2.094395	1.909857	-0.381669	171	15	40	641.46
-2.094395	0.850607	-1.335383	171	16	43	641.42
-0.261799	0.458961	-0.107937	171	11	41	641.34
2.356194	0.992645	-1.723759	171	11	41	641.23
0.785398	0.992645	-1.723759	171	29	39	641.23
-2.094395	1.766067	2.153843	170	17	45	641.19
2.617994	1.948085	-2.363031	169	18	43	641.17
-2.356194	2.704512	1.488683	166	19	42	641.00
-1.832596	0.615174	-0.666022	175	11	43	640.78
-2.617994	0.297065	2.160177	169	11	42	640.76
2.094395	1.756530	-2.105156	173	20	46	640.70
0.000000	1.606104	-0.451151	172	14	39	640.66
0.261799	2.404280	-0.174044	175	21	46	640.60
0.785398	1.824694	1.850876	184	18	49	640.59
0.261799	0.615174	-0.666022	175	27	41	640.52
2.879793	2.041297	-2.664597	181	23	46	640.51
2.617994	0.929350	-2.910676	178	22	49	640.41
2.879793	2.724429	-0.348782	182	16	47	640.36
2.879793	1.050534	3.042579	171	14	43	640.30
1.570796	1.301460	-0.509251	176	9	41	640.25
-0.261799	2.979456	-1.009304	174	13	44	640.22
-0.785398	2.356369	3.005869	167	14	39	640.21
0.261799	1.696674	-1.253233	182	34	42	640.13
0.785398	0.906588	1.252948	177	15	47	640.12
0.000000	1.510910	-0.740472	174	15	42	640.10
0.000000	0.370812	-2.547742	170	19	43	640.10
0.261799	1.875281	0.107086	172	16	41	640.10
-1.308997	1.904882	-1.478089	184	19	48	640.00
2.617994	0.850607	-1.335383	173	10	40	639.98
-0.523599	1.909857	-0.381669	170	18	39	639.96
2.356194	1.545873	-1.877082	171	12	40	639.86
-0.261799	1.417623	-0.202254	169	19	37	639.74
2.879793	2.174483	2.653697	174	15	42	639.72
-0.785398	2.393226	1.857173	166	11	37	639.70
-2.879793	2.104282	-0.813972	185	27	45	639.68
1.832596	1.569311	-3.003978	179	23	47	639.60
-0.785398	0.992645	-1.723759	166	17	38	639.35
1.570796	1.977582	0.969896	174	17	41	639.23
-0.261799	1.998705	2.370472	175	11	49	639.07
-0.523599	0.762244	-0.273349	173	14	45	639.07
-1.308997	2.251330	-2.330739	166	18	40	639.06
-1.832596	1.025536	1.576859	175	17	44	639.03
2.356194	0.615174	-0.666022	178	21	47	638.95
2.617994	2.396274	-1.959260	179	23	47	638.95
-3.141593	1.948085	-2.363031	171	12	44	638.72
0.000000	2.073035	2.027405	176	10	45	638.65
-1.832596	2.881233	-2.582574	175	10	43	638.61
-0.261799	0.850607	-1.335383	167	10	38	638.58
-2.617994	1.335669	0.897240	169	9	41	638.58
0.000000	2.592629	0.909713	175	21	43	638.39
1.308997	2.104282	-0.813972	174	22	47	638.38
-1.832596	1.998705	2.370472	168	18	43	638.32
-1.047198	0.458961	-0.107937	175	22	47	638.32
0.000000	2.379497	0.561089	174	18	43	638.31
2.094395	1.194549	-0.801900	175	24	43	638.25
-1.832596	2.863997	0.549740	180	21	45	638.19
1.047198	1.448123	-2.163292	177	29	43	638.04
-1.570796	1.050534	3.042579	177	17	49	637.85
0.785398	2.001437	0.381215	173	10	38	637.65
2.879793	1.662363	0.915448	173	23	45	637.52
-0.785398	0.297065	2.160177	176	25	45	637.51
2.094395	0.297065	2.160177	172	21	45	637.43
0.000000	1.256302	0.062705	169	18	37	637.43
-1.047198	2.063651	-2.044600	167	21	42	637.38
-1.308997	2.760637	2.781135	164	22	39	637.38
-2.356194	1.904882	-1.478089	176	19	45	637.36
0.000000	0.619654	-2.216909	168	14	41	637.34
-1.308997	2.456751	-1.503343	174	14	43	637.32
1.047198	2.984978	1.954446	172	14	40	637.25
2.356194	1.113094	-0.272241	175	7	38	637.18
-0.523599	1.440580	2.260026	171	21	45	637.18
-1.832596	1.014500	0.906702	177	9	45	637.12
-1.570796	0.591903	2.010408	170	18	42	637.10
-2.879793	2.396274	-1.959260	178	7	44	637.10
-2.094395	1.569311	-3.003978	172	14	45	637.08
-2.617994	2.979456	-1.009304	178	20	48	637.04
0.523599	2.164094	-2.991358	175	15	43	637.02
-2.356194	0.960688	-0.577532	170	15	41	637.02
-0.523599	0.899350	-2.069907	168	17	42	636.99
-2.094395	1.510910	-0.740472	166	16	37	636.97
0.000000	2.979456	-1.009304	176	11	44	636.80
2.617994	2.349581	-2.702517	171	14	43	636.69
2.356194	0.619654	-2.216909	181	7	46	636.66
1.047198	1.506530	1.988858	177	20	49	636.63
-0.523599	1.301460	-0.509251	173	22	41	636.51
-0.261799	1.741644	-2.695914	171	10	43	636.33
1.570796	1.014500	0.906702	178	14	44	636.25
-2.879793	1.135834	-1.431087	179	10	43	636.12
0.523599	1.168678	2.108595	175	21	47	636.06
0.785398	2.251330	-2.330739	177	13	43	635.96
-0.785398	0.910508	1.903534	172	20	44	635.95
-1.832596	1.135834	-1.431087	170	15	42	635.94
-2.879793	1.134497	-1.109631	171	16	40	635.83
2.617994	0.960688	-0.577532	177	23	45	635.81
0.523599	1.606104	-0.451151	178	21	45	635.73
-0.261799	2.104282	-0.813972	172	11	39	635.72
1.832596	2.033014	2.977192	173	21	42	635.51
-1.047198	2.138223	1.678323	168	13	42	635.47
2.094395	2.587733	0.232235	176	9	42	635.40
-2.617994	1.113094	-0.272241	172	19	43	635.35
-0.261799	2.592629	0.909713	175	24	44	635.27
0.523599	0.961715	0.014085	171	17	39	635.25
-0.261799	2.174483	2.653697	169	10	44	635.21
0.000000	2.637879	2.121598	181	2	44	635.18
-1.832596	1.374601	-2.456031	174	19	45	635.13
0.261799	1.606104	-0.451151	177	19	45	635.13
0.000000	1.554776	0.100351	170	17	38	635.11
0.785398	2.247462	0.191623	169	19	42	635.03
1.832596	1.214854	-1.966664	167	18	40	634.95
-2.356194	1.545873	-1.877082	176	12	43	634.94
-0.261799	0.674054	1.013609	173	16	46	634.93
0.000000	1.545873	-1.877082	169	10	41	634.85
-0.785398	0.850607	-1.335383	167	17	39	634.81
-0.785398	0.640596	-2.797608	178	18	46	634.78
2.356194	0.418037	1.360082	166	21	40	634.71
-0.785398	1.766067	2.153843	169	19	44	634.69
1.570796	2.180315	-1.357379	172	19	45	634.69
-0.785398	1.909857	-0.381669	172	20	41	634.69
1.832596	0.618092	2.539118	175	16	47	634.68
2.617994	2.379497	0.561089	174	13	41	634.62
2.617994	2.456751	-1.503343	173	12	42	634.57
0.523599	1.617114	-1.572037	175	23	44	634.50
2.617994	2.251330	-2.330739	172	14	44	634.46
2.617994	0.914445	2.687814	168	19	41	634.44
2.356194	0.458961	-0.107937	174	10	41	634.40
0.785398	0.762244	-0.273349	171	18	40	634.32
1.308997	1.256302	0.062705	175	16	44	634.27
0.785398	1.256302	0.062705	170	18	40	634.27
-2.617994	1.413430	2.550734	172	18	45	634.20
-0.261799	2.001437	0.381215	179	29	43	634.10
0.785398	1.555207	1.708892	177	8	43	634.10
2.617994	0.866955	-0.931351	179	26	46	633.97
2.356194	1.256302	0.062705	180	28	45	633.92
-0.785398	0.733948	3.021411	178	16	46	633.91
2.356194	2.164094	-2.991358	169	15	39	633.65
-2.617994	1.699788	2.452890	173	25	46	633.63
-1.832596	2.664082	-1.071402	174	12	42	633.53
1.570796	1.391910	3.030322	176	1	43	633.51
1.570796	2.138223	1.678323	176	17	43	633.50
-0.261799	1.448123	-2.163292	171	14	45	633.49
-0.785398	0.709924	0.218797	172	17	45	633.48
1.308997	1.574060	2.783565	175	7	48	633.44
0.000000	2.404280	-0.174044	165	21	39	633.39
-2.356194	2.073035	2.027405	174	18	48	633.30
1.047198	1.766067	2.153843	180	15	48	633.26
0.785398	1.766067	2.153843	179	13	47	633.23
1.832596	0.591903	2.010408	178	28	47	633.14
0.000000	0.419640	2.974122	179	25	48	633.11
0.261799	0.640596	-2.797608	172	17	46	633.03
-2.356194	1.050534	3.042579	176	19	49	632.93
1.570796	2.456751	-1.503343	174	14	41	632.91
0.261799	1.870545	-2.976234	164	11	40	632.88
-0.785398	1.413430	2.550734	179	25	50	632.81
0.785398	1.256302	0.062705	171	17	40	632.75
-3.141593	2.724429	-0.348782	179	16	44	632.71
-0.785398	0.899350	-2.069907	179	8	45	632.61
2.094395	1.569311	-3.003978	178	23	46	632.60
1.570796	1.736875	3.023612	173	20	40	632.53
-1.570796	1.662363	0.915448	173	11	46	632.52
-1.308997	1.869911	2.701025	171	18	45	632.47
1.308997	2.108018	1.311430	53	180	174	632.45
-2.617994	0.640596	-2.797608	174	13	41	632.43
-2.356194	0.618092	2.539118	174	11	45	632.41
2.356194	0.910508	1.903534	176	25	47	632.34
-0.785398	1.413347	-1.339188	187	26	46	632.33
-1.047198	2.115563	0.685730	173	27	41	632.30
2.094395	0.709924	0.218797	175	20	45	632.27
0.785398	1.045978	0.343692	174	16	44	632.21
2.094395	1.574060	2.783565	170	17	39	632.16
2.094395	1.736875	3.023612	174	15	41	632.09
2.617994	1.450119	-2.739050	180	18	49	632.04
-0.785398	1.128190	-2.288622	169	16	42	632.00
-1.047198	1.510910	-0.740472	174	23	42	631.91
0.785398	0.080730	-2.622036	169	16	43	631.87
-1.047198	1.569311	-3.003978	171	15	46	631.80
0.261799	2.579248	-2.364801	177	12	43	631.79
0.261799	2.001437	0.381215	175	18	44	631.78
-1.832596	2.180315	-1.357379	175	20	45	631.67
0.523599	1.824694	1.850876	183	17	49	631.63
0.000000	1.606104	-0.451151	171	15	39	631.57
-0.785398	1.998705	2.370472	172	14	46	631.57
-0.261799	1.872854	1.543456	184	16	48	631.56
2.094395	1.448123	-2.163292	167	18	39	631.56
-2.879793	1.574060	2.783565	173	22	46	631.53
-2.879793	1.413347	-1.339188	181	16	46	631.33
-1.570796	2.724429	-0.348782	171	16	40	631.27
-1.308997	1.391910	3.030322	173	15	47	631.26
1.308997	1.510910	-0.740472	176	14	44	631.13
2.356194	1.683268	0.374177	179	23	43	631.11
0.785398	2.478122	2.609777	181	2	44	631.10
0.000000	1.113094	-0.272241	175	25	42	631.08
1.308997	2.664082	-1.071402	179	15	46	631.03
2.879793	1.756530	-2.105156	173	8	39	630.84
-1.570796	0.914445	2.687814	183	17	50	630.81
2.617994	2.379497	0.561089	174	14	41	630.72
-2.356194	2.478122	2.609777	176	25	43	630.71
0.261799	2.719179	-1.780644	173	14	42	630.58
2.879793	2.073035	2.027405	180	22	49	630.56
1.047198	1.574060	2.783565	171	7	44	630.53
0.000000	2.579248	-2.364801	178	16	45	630.51
0.261799	1.606104	-0.451151	178	22	45	630.43
-0.523599	2.984978	1.954446	176	13	42	630.41
0.000000	2.579248	-2.364801	179	19	45	630.39
-1.308997	0.914445	2.687814	184	18	50	630.37
-1.308997	2.356369	3.005869	170	26	42	630.28
2.094395	0.992645	-1.723759	173	19	42	630.18
-2.094395	1.683268	0.374177	167	10	39	630.06
2.879793	2.343981	-1.040456	176	10	43	629.94
-0.523599	1.374601	-2.456031	173	16	47	629.92
-1.308997	0.899350	-2.069907	175	10	44	629.91
-1.570796	2.063651	-2.044600	169	24	40	629.87
-2.094395	2.393226	1.857173	168	15	43	629.83
-2.617994	1.325504	-1.671296	178	12	44	629.81
-0.523599	2.104282	-0.813972	172	13	40	629.72
1.308997	0.992645	-1.723759	166	22	37	629.55
-1.570796	2.760637	2.781135	166	25	39	629.53
-2.617994	2.299159	2.264663	174	21	43	629.44
-0.785398	2.251330	-2.330739	170	12	43	629.32
-2.094395	1.367556	0.358405	173	14	45	629.31
-1.832596	2.187132	-0.479875	170	13	39	629.29
-0.785398	2.984978	1.954446	175	16	42	629.23
1.308997	1.301460	-0.509251	173	10	40	628.90
-0.261799	0.992645	-1.723759	169	11	41	628.82
-0.785398	1.247695	1.809890	172	15	44	628.73
-2.879793	1.168678	2.108595	169	16	42	628.69
-2.356194	1.904882	-1.478089	177	20	46	628.60
-1.832596	2.174483	2.653697	174	25	46	628.58
-0.785398	1.836682	-0.676006	173	19	42	628.58
0.000000	2.295480	1.008277	172	19	40	628.50
-0.785398	2.089241	-0.114193	176	9	42	628.42
0.000000	2.104282	-0.813972	32	187	8	628.37
1.047198	0.709924	0.218797	171	18	41	628.31
-0.785398	1.756530	-2.105156	172	18	46	628.29
-0.523599	2.396274	-1.959260	166	12	38	628.15
1.308997	0.864993	2.278281	165	16	41	628.12
2.617994	2.108018	1.311430	174	10	38	628.03
0.000000	2.979456	-1.009304	177	10	44	628.02
1.570796	1.836682	-0.676006	170	18	44	628.01
-1.832596	2.153910	-1.714959	179	15	48	627.98
-1.570796	1.948085	-2.363031	30	179	8	627.93
-2.094395	2.455966	-0.641220	170	17	40	627.68
2.879793	2.089241	-0.114193	174	18	41	627.22
1.570796	2.343981	-1.040456	175	16	45	627.21
2.617994	1.433411	-1.035986	172	13	39	627.21
-2.356194	0.615174	-0.666022	171	14	42	627.19
-1.570796	2.104282	-0.813972	177	10	42	627.14
-2.356194	1.909857	-0.381669	172	17	41	627.14
2.094395	0.458961	-0.107937	174	17	44	627.13
0.523599	0.831641	0.616218	183	24	48	627.04
2.094395	0.866955	-0.931351	172	11	40	627.00
-0.523599	0.960688	-0.577532	173	13	44	626.76
0.000000	2.115563	0.685730	176	27	43	626.72
1.047198	2.138223	1.678323	0	24	50	626.70
0.523599	2.393226	1.857173	176	15	41	626.70
-1.570796	0.910508	1.903534	173	5	41	626.63
-1.047198	0.458961	-0.107937	175	21	47	626.62
2.094395	1.756530	-2.105156	173	18	44	626.60
-1.047198	1.836682	-0.676006	173	21	42	626.47
-1.047198	0.709924	0.218797	170	20	44	626.34
2.879793	0.615174	-0.666022	173	14	42	626.33
-0.261799	1.696674	-1.253233	169	21	39	626.23
-1.570796	2.637879	2.121598	168	19	45	626.21
2.356194	1.448123	-2.163292	168	14	39	626.12
1.570796	2.138223	1.678323	190	29	50	626.07
-2.094395	0.914445	2.687814	175	14	47	626.06
-2.356194	1.433411	-1.035986	176	32	41	625.86
1.832596	0.297065	2.160177	172	21	45	625.86
0.785398	1.732874	-0.951685	174	30	43	625.79
0.261799	1.413430	2.550734	172	15	45	625.75
-2.094395	2.588535	-2.976617	185	35	41	625.70
-0.261799	1.658653	-2.409879	181	20	49	625.70
-1.047198	1.824694	1.850876	170	19	45	625.52
1.570796	2.104282	-0.813972	173	11	39	625.52
0.523599	1.721184	-0.153948	175	17	43	625.45
-3.141593	0.831641	0.616218	169	12	41	625.44
2.094395	1.683268	0.374177	172	5	37	625.38
0.000000	2.108018	1.311430	179	18	43	625.37
-1.832596	1.134796	2.434290	172	10	44	625.37
0.785398	1.699788	2.452890	175	11	46	625.29
-0.785398	1.756530	-2.105156	171	19	46	625.27
2.617994	2.108018	1.311430	169	26	43	625.25
-2.356194	2.579248	-2.364801	171	11	41	625.23
-1.047198	0.961715	0.014085	168	17	42	625.21
0.000000	1.721184	-0.153948	172	17	40	625.17
1.308997	1.417623	-0.202254	178	20	46	625.16
0.523599	2.001437	0.381215	173	11	39	625.08
0.785398	1.168678	2.108595	174	7	43	625.05
-1.047198	1.128190	-2.288622	169	19	42	624.78
-2.094395	1.506530	1.988858	170	13	44	624.72
-2.617994	1.617114	-1.572037	176	10	41	624.56
0.000000	0.615174	-0.666022	172	11	41	624.50
0.523599	1.417623	-0.202254	31	180	8	624.48
-1.832596	2.587733	0.232235	172	27	40	624.44
-1.047198	1.836682	-0.676006	172	21	41	624.18
2.094395	1.194549	-0.801900	175	23	43	624.13
0.785398	2.407836	1.410646	170	14	36	624.10
1.308997	1.870545	-2.976234	173	19	41	624.09
-0.523599	0.458961	-0.107937	173	15	45	624.09
0.261799	2.104282	-0.813972	178	25	46	624.04
-0.261799	2.247462	0.191623	176	19	45	624.02
-2.617994	1.214854	-1.966664	174	9	40	624.01
2.879793	1.218453	2.777284	169	18	43	623.91
2.617994	0.203748	0.590255	173	21	45	623.90
-1.047198	2.180315	-1.357379	177	16	45	623.81
1.570796	1.909857	-0.381669	172	19	45	623.80
1.308997	2.247462	0.191623	171	11	39	623.70
2.879793	1.569311	-3.003978	177	21	48	623.67
2.094395	1.218453	2.777284	180	3	46	623.60
0.523599	1.135813	-2.658866	175	7	44	623.59
0.261799	1.374601	-2.456031	177	13	47	623.49
0.523599	2.587733	0.232235	171	18	44	623.44
-1.570796	0.866395	-2.492918	173	11	43	623.37
-0.261799	0.619654	-2.216909	169	18	44	623.35
-1.047198	0.618092	2.539118	176	26	45	623.32
0.785398	1.433411	-1.035986	169	17	38	623.32
-0.523599	1.247695	1.809890	171	13	42	623.28
1.832596	1.367556	0.358405	182	10	44	623.24
-0.523599	0.685216	-1.712745	172	21	46	623.22
1.570796	2.881233	-2.582574	173	21	43	623.16
0.785398	2.637879	2.121598	169	21	39	623.11
-0.261799	1.869911	2.701025	171	16	48	623.07
0.785398	1.606104	-0.451151	178	18	45	622.99
2.094395	2.349581	-2.702517	169	21	43	622.95
-1.308997	1.134497	-1.109631	173	6	38	622.94
-1.570796	0.418037	1.360082	171	22	44	622.91
-2.617994	2.881233	-2.582574	167	14	37	622.88
1.570796	2.073035	2.027405	189	21	52	622.85
2.617994	2.343981	-1.040456	175	11	41	622.85
2.356194	1.606104	-0.451151	176	13	42	622.82
-2.617994	1.448123	-2.163292	174	17	43	622.79
-2.356194	1.448123	-2.163292	175	8	40	622.75
-2.094395	2.455966	-0.641220	171	17	41	622.69
1.832596	1.736875	3.023612	176	21	45	622.64
2.094395	1.194549	-0.801900	169	12	36	622.64
0.000000	1.128190	-2.288622	172	10	45	622.63
2.094395	1.510910	-0.740472	170	15	40	622.63
-0.785398	0.496451	0.593859	173	18	45	622.50
-0.523599	0.619654	-2.216909	168	21	43	622.48
-2.879793	1.569311	-3.003978	175	12	43	622.42
2.094395	1.545873	-1.877082	178	24	45	622.37
-1.832596	2.104282	-0.813972	174	12	42	622.30
-1.047198	1.168678	2.108595	172	20	44	622.24
0.523599	1.545873	-1.877082	173	7	43	622.09
2.879793	1.335669	0.897240	172	19	45	622.09
1.047198	2.456751	-1.503343	175	13	42	621.99
0.785398	2.349581	-2.702517	174	12	40	621.99
1.308997	0.961715	0.014085	172	18	42	621.98
-3.141593	2.073035	2.027405	178	23	50	621.93
-1.832596	0.618092	2.539118	171	19	43	621.91
-0.785398	1.168678	2.108595	169	18	42	621.91
-1.832596	2.760637	2.781135	172	8	38	621.89
2.617994	2.393226	1.857173	180	29	46	621.76
-0.785398	0.961715	0.014085	169	14	41	621.75
0.261799	2.295480	1.008277	172	24	42	621.74
1.570796	1.391910	3.030322	175	0	40	621.59
1.308997	1.448123	-2.163292	176	11	45	621.54
-0.785398	2.724429	-0.348782	175	13	43	621.45
-2.356194	0.929350	-2.910676	181	22	50	621.44
-0.261799	0.591903	2.010408	173	20	45	621.40
-1.047198	1.904882	-1.478089	183	19	47	621.38
1.308997	1.506530	1.988858	176	19	49	621.37
-1.570796	1.977582	0.969896	168	9	39	621.33
2.879793	2.153910	-1.714959	179	17	47	621.24
-1.308997	0.700570	1.559208	171	23	44	621.18
-2.094395	1.909857	-0.381669	170	16	40	621.18
0.785398	1.242974	-2.977882	185	22	50	621.15
2.617994	0.899350	-2.069907	169	11	39	621.13
-1.047198	0.203748	0.590255	175	22	47	621.13
-0.261799	0.709924	0.218797	173	13	44	621.04
-1.308997	1.214854	-1.966664	173	14	44	620.96
0.523599	0.080730	-2.622036	170	20	44	620.82
-1.570796	0.591903	2.010408	172	26	43	620.80
-1.570796	1.413347	-1.339188	170	22	42	620.78
0.261799	1.696674	-1.253233	173	19	41	620.76
-2.617994	2.164094	-2.991358	172	17	43	620.67
-1.047198	1.448123	-2.163292	172	9	41	620.56
-3.141593	1.448123	-2.163292	174	21	43	620.55
1.047198	1.335669	0.897240	181	13	44	620.54
-0.261799	0.640596	-2.797608	169	22	43	620.44
-0.523599	2.592629	0.909713	179	24	45	620.43
2.617994	2.295480	1.008277	166	28	40	620.43
0.785398	2.379497	0.561089	169	18	43	620.37
2.617994	1.242974	-2.977882	173	14	43	620.35
1.047198	2.001437	0.381215	167	15	35	620.35
-1.308997	2.073035	2.027405	173	11	47	620.32
-3.141593	1.335669	0.897240	172	17	45	620.32
0.523599	1.417623	-0.202254	173	14	41	620.27
-1.308997	0.496451	0.593859	172	23	45	620.26
1.308997	1.050534	3.042579	172	10	44	620.26
-2.617994	1.195355	1.200319	174	10	45	620.16
1.308997	1.325504	-1.671296	170	21	44	620.07
1.308997	2.979456	-1.009304	176	13	41	619.90
-2.356194	1.450119	-2.739050	170	19	40	619.89
-1.570796	1.909857	-0.381669	178	16	45	619.88
0.261799	0.640596	-2.797608	169	15	42	619.86
-2.094395	0.906588	1.252948	180	13	48	619.70
-2.356194	0.297065	2.160177	174	9	45	619.68
-0.785398	2.704512	1.488683	172	7	38	619.65
-0.523599	0.866395	-2.492918	169	18	42	619.61
0.785398	1.683268	0.374177	171	13	39	619.55
1.308997	0.203748	0.590255	175	12	44	619.53
-0.785398	2.063651	-2.044600	168	15	41	619.46
-1.308997	2.356369	3.005869	169	26	42	619.46
-3.141593	0.418037	1.360082	169	21	43	619.45
0.261799	1.982574	-1.115518	181	29	45	619.42
-2.617994	0.866395	-2.492918	187	25	49	619.41
1.308997	0.419640	2.974122	172	14	44	619.39
-1.832596	1.875281	0.107086	170	11	39	619.32
2.356194	0.899350	-2.069907	171	18	39	619.29
1.047198	0.864993	2.278281	166	20	44	619.28
-1.308997	2.153910	-1.714959	167	25	36	619.27
-1.570796	2.180315	-1.357379	175	19	45	619.27
1.308997	0.297065	2.160177	166	22	40	619.25
1.570796	2.115563	0.685730	169	9	38	619.25
1.308997	1.812176	0.656819	165	13	35	619.25
2.879793	1.134497	-1.109631	170	22	41	619.15
-0.261799	1.732874	-0.951685	174	15	42	619.14
-0.261799	1.134796	2.434290	180	28	50	619.04
0.000000	0.640596	-2.797608	173	19	47	618.91
1.832596	2.579248	-2.364801	172	21	44	618.89
2.356194	2.478122	2.609777	179	26	44	618.89
0.523599	2.404280	-0.174044	173	19	44	618.78
-2.094395	1.545873	-1.877082	177	30	43	618.77
2.617994	1.417623	-0.202254	177	5	38	618.77
1.832596	1.870545	-2.976234	178	18	45	618.70
0.000000	1.045978	0.343692	176	6	41	618.54
-3.141593	2.637879	2.121598	180	31	44	618.50
-1.308997	0.899350	-2.069907	177	15	47	618.49
2.879793	1.756530	-2.105156	174	8	40	618.34
0.785398	2.863997	0.549740	164	15	37	618.33
-1.832596	1.836682	-0.676006	176	14	44	618.28
-3.141593	0.619654	-2.216909	179	15	46	618.23
2.094395	1.846342	-1.796954	177	17	48	618.19
1.570796	2.115563	0.685730	175	18	43	618.18
-1.832596	1.504028	0.636812	172	10	45	618.17
2.094395	1.736875	3.023612	176	19	44	618.11
0.261799	2.187132	-0.479875	176	24	46	618.05
-2.356194	1.195355	1.200319	176	10	45	617.96
-0.261799	1.998705	2.370472	168	12	40	617.94
2.617994	1.135813	-2.658866	178	13	47	617.92
-0.261799	0.700570	1.559208	175	17	46	617.89
-0.523599	0.571433	-1.188419	167	14	40	617.89
-1.570796	2.587733	0.232235	181	21	46	617.87
-1.832596	0.733948	3.021411	182	15	49	617.85
-3.141593	0.379747	-1.713059	173	17	41	617.79
0.523599	0.960688	-0.577532	174	22	43	617.73
-2.879793	1.194549	-0.801900	174	16	44	617.72
-0.261799	1.256302	0.062705	174	6	40	617.69
-0.261799	1.504028	0.636812	173	6	40	617.64
1.308997	1.875281	0.107086	167	14	39	617.41
1.832596	1.766067	2.153843	183	19	53	617.37
-2.356194	1.214854	-1.966664	177	7	40	617.33
-0.785398	1.413347	-1.339188	187	27	46	617.32
1.832596	1.555207	1.708892	175	21	48	617.26
2.879793	1.391910	3.030322	171	15	42	617.13
2.879793	0.866395	-2.492918	172	18	40	617.10
-2.879793	2.251330	-2.330739	171	14	45	617.08
1.308997	1.809167	1.213774	170	18	39	617.06
-0.523599	1.977582	0.969896	172	8	40	616.96
1.308997	1.506530	1.988858	175	19	48	616.93
2.356194	1.128190	-2.288622	171	23	40	616.91
-2.617994	0.850607	-1.335383	172	21	45	616.76
-2.617994	2.724429	-0.348782	180	16	45	616.74
-2.617994	1.488617	1.159546	172	13	45	616.52
-2.356194	0.831641	0.616218	182	24	48	616.52
-3.141593	0.618092	2.539118	178	32	43	616.40
1.047198	1.998705	2.370472	181	9	47	616.38
-1.308997	2.187132	-0.479875	182	29	44	616.21
2.879793	0.290380	-0.796960	174	15	44	616.19
2.879793	1.741644	-2.695914	182	22	49	616.19
-1.047198	0.899350	-2.069907	170	21	43	616.15
2.617994	1.214854	-1.966664	174	14	43	616.12
-0.261799	0.866395	-2.492918	168	16	42	616.12
-1.570796	2.063651	-2.044600	168	24	38	616.09
1.832596	2.108018	1.311430	182	30	46	616.01
-0.523599	0.992645	-1.723759	170	17	44	615.94
-3.141593	0.733948	3.021411	175	16	48	615.89
-0.523599	1.134796	2.434290	181	28	49	615.85
1.047198	1.732874	-0.951685	171	26	43	615.82
0.261799	0.960688	-0.577532	183	10	46	615.76
1.570796	1.050534	3.042579	179	9	46	615.75
0.000000	2.760637	2.781135	32	190	7	615.73
-2.356194	0.961715	0.014085	175	20	47	615.70
-1.570796	1.824694	1.850876	173	8	42	615.67
2.356194	1.214854	-1.966664	174	20	43	615.65
0.785398	2.089241	-0.114193	170	20	43	615.61
0.261799	1.846342	-1.796954	180	22	46	615.57
0.523599	1.374601	-2.456031	179	14	48	615.52
2.617994	2.063651	-2.044600	175	18	46	615.41
0.000000	1.870545	-2.976234	163	16	41	615.33
2.094395	1.391910	3.030322	174	25	45	615.18
1.570796	1.699788	2.452890	181	12	52	615.17
1.832596	0.379747	-1.713059	178	3	41	615.17
0.261799	2.863997	0.549740	175	11	41	615.14
1.832596	1.050534	3.042579	172	15	41	615.10
0.785398	2.637879	2.121598	168	21	37	615.09
-1.570796	2.984978	1.954446	164	15	39	615.07
-1.832596	2.041297	-2.664597	168	19	43	615.06
-0.785398	2.089241	-0.114193	178	15	45	614.99
-1.832596	2.984978	1.954446	164	19	40	614.99
0.785398	0.831641	0.616218	171	15	40	614.98
-1.047198	2.153910	-1.714959	182	14	49	614.94
-1.308997	1.569311	-3.003978	170	10	40	614.94
-2.094395	1.135834	-1.431087	173	22	44	614.93
0.523599	1.440580	2.260026	176	15	47	614.89
-2.356194	0.685216	-1.712745	169	17	42	614.85
-3.141593	0.685216	-1.712745	175	21	44	614.85
2.094395	0.458961	-0.107937	174	15	43	614.81
1.047198	1.367556	0.358405	172	12	40	614.75
0.000000	0.762244	-0.273349	172	24	40	614.70
0.000000	1.134796	2.434290	178	28	50	614.63
-2.617994	1.846342	-1.796954	173	11	40	614.58
2.879793	0.866955	-0.931351	171	18	42	614.58
1.570796	2.153910	-1.714959	174	14	42	614.51
1.832596	0.458961	-0.107937	178	17	47	614.41
0.261799	0.864993	2.278281	178	33	47	614.40
2.094395	2.063651	-2.044600	177	22	47	614.38
-3.141593	1.736875	3.023612	172	10	38	614.35
2.879793	1.736875	3.023612	172	20	44	614.33
1.308997	0.458961	-0.107937	169	20	39	614.32
-0.785398	2.153910	-1.714959	166	18	37	614.29
-1.308997	1.909857	-0.381669	180	16	45	614.28
2.094395	0.899350	-2.069907	171	22	40	614.26
-2.617994	2.456751	-1.503343	181	10	47	614.26
-2.879793	0.640596	-2.797608	172	16	41	614.23
1.308997	1.872854	1.543456	185	25	48	614.22
-1.570796	1.599406	1.426070	173	16	47	614.12
2.094395	1.417623	-0.202254	180	18	46	614.11
0.523599	0.571433	-1.188419	177	13	45	614.09
-0.523599	0.618092	2.539118	170	20	43	614.01
2.617994	0.866955	-0.931351	170	19	40	613.97
-1.832596	1.909857	-0.381669	171	14	41	613.94
2.356194	1.050534	3.042579	172	20	45	613.90
-1.047198	2.863997	0.549740	175	21	43	613.87
-0.785398	1.554776	0.100351	179	16	46	613.81
-1.570796	2.979456	-1.009304	173	11	40	613.80
2.094395	0.914445	2.687814	179	12	48	613.74
2.617994	1.367556	0.358405	174	21	43	613.69
2.356194	2.664082	-1.071402	176	18	47	613.63
1.308997	2.396274	-1.959260	177	16	44	613.39
2.094395	1.050534	3.042579	172	22	45	613.26
0.523599	1.417623	-0.202254	175	21	43	613.18
-2.356194	1.836682	-0.676006	170	13	37	613.12
-1.832596	0.960688	-0.577532	173	13	44	613.11
-2.879793	0.992645	-1.723759	52	186	171	613.11
-1.832596	0.864993	2.278281	173	7	42	613.09
-1.308997	1.128190	-2.288622	174	12	43	613.07
1.570796	1.113094	-0.272241	174	21	44	613.07
2.094395	0.960688	-0.577532	171	11	39	613.02
0.000000	0.615174	-0.666022	178	32	40	613.00
2.094395	0.619654	-2.216909	174	5	40	612.96
0.523599	1.554776	0.100351	172	18	41	612.83
-0.785398	2.180315	-1.357379	178	18	48	612.74
-1.570796	1.135834	-1.431087	172	12	42	612.70
-0.523599	2.295480	1.008277	171	6	37	612.67
0.785398	1.247695	1.809890	175	9	43	612.63
0.785398	0.910508	1.903534	173	11	44	612.59
0.000000	1.301460	-0.509251	179	26	44	612.57
1.308997	0.914445	2.687814	166	9	42	612.56
-2.879793	0.674054	1.013609	176	9	46	612.54
0.523599	2.089241	-0.114193	171	22	42	612.49
1.832596	2.073035	2.027405	177	17	44	612.44
-1.308997	0.418037	1.360082	171	19	44	612.43
1.047198	0.762244	-0.273349	172	15	40	612.39
-0.261799	1.440580	2.260026	171	18	45	612.35
-2.356194	1.869911	2.701025	172	23	44	612.34
2.617994	0.640596	-2.797608	176	17	48	612.30
1.047198	1.325504	-1.671296	171	23	42	612.28
-2.094395	0.960688	-0.577532	170	14	41	612.26
2.879793	2.456751	-1.503343	185	23	48	612.26
1.570796	1.732874	-0.951685	171	22	43	612.25
2.617994	2.001437	0.381215	171	11	36	612.23
2.094395	1.870545	-2.976234	182	24	47	612.22
-1.047198	1.050534	3.042579	175	11	43	612.18
2.617994	2.180315	-1.357379	172	10	43	612.16
1.047198	2.073035	2.027405	183	15	48	612.15
-1.832596	2.396274	-1.959260	172	12	40	612.14
1.047198	1.325504	-1.671296	175	9	44	612.13
-0.785398	0.496451	0.593859	170	13	42	612.12
1.047198	2.396274	-1.959260	177	15	44	612.09
0.523599	0.864993	2.278281	32	183	10	612.07
0.785398	2.456751	-1.503343	178	20	46	612.03
0.785398	2.863997	0.549740	172	14	44	612.01
0.261799	2.984978	1.954446	174	12	37	612.00
-1.308997	1.574060	2.783565	171	11	43	611.99
-1.570796	2.724429	-0.348782	183	21	49	611.96
1.570796	1.574060	2.783565	179	5	49	611.95
2.356194	0.640596	-2.797608	175	18	48	611.93
-0.261799	1.335669	0.897240	180	17	48	611.93
-1.047198	0.831641	0.616218	170	18	43	611.91
0.261799	1.875281	0.107086	173	15	41	611.82
-1.047198	0.615174	-0.666022	169	21	41	611.82
1.570796	1.128190	-2.288622	174	11	44	611.72
-2.617994	1.440580	2.260026	172	21	47	611.65
-1.047198	1.247695	1.809890	172	17	44	611.58
-0.261799	2.592629	0.909713	177	24	44	611.57
0.523599	2.984978	1.954446	173	19	43	611.55
-2.879793	1.014500	0.906702	174	14	47	611.48
1.570796	1.448123	-2.163292	174	11	41	611.47
2.356194	2.396274	-1.959260	181	24	47	611.45
2.617994	1.113094	-0.272241	176	7	39	611.42
2.094395	0.866395	-2.492918	181	18	49	611.41
2.094395	1.574060	2.783565	173	20	43	611.32
1.832596	0.297065	2.160177	171	21	44	611.30
-0.523599	2.881233	-2.582574	172	12	40	611.28
1.832596	1.450119	-2.739050	179	19	48	611.26
-2.879793	2.153910	-1.714959	180	17	49	611.26
0.000000	0.910508	1.903534	188	32	48	611.22
-0.261799	1.732874	-0.951685	172	11	38	611.22
2.094395	2.478122	2.609777	172	18	42	611.22
-0.523599	1.510910	-0.740472	172	20	42	611.16
-1.570796	0.910508	1.903534	182	24	49	611.15
-2.879793	1.824694	1.850876	174	15	47	611.12
-0.785398	2.138223	1.678323	169	11	42	611.11
-1.832596	2.104282	-0.813972	179	13	45	611.05
0.000000	1.413430	2.550734	170	17	43	611.04
2.356194	0.591903	2.010408	176	26	47	611.01
-2.617994	1.574060	2.783565	173	20	46	610.90
2.617994	1.569311	-3.003978	175	18	45	610.86
0.523599	0.571433	-1.188419	176	12	45	610.86
-2.356194	1.574060	2.783565	173	18	46	610.83
0.000000	1.014500	0.906702	175	10	44	610.71
-2.356194	0.762244	-0.273349	175	17	47	610.71
0.261799	1.413430	2.550734	171	14	43	610.69
-2.617994	1.869911	2.701025	170	24	43	610.52
2.356194	1.134497	-1.109631	176	13	44	610.50
1.308997	0.700570	1.559208	173	13	45	610.39
2.617994	1.506530	1.988858	174	12	41	610.38
0.000000	2.295480	1.008277	175	26	42	610.37
-0.785398	1.194549	-0.801900	170	11	42	610.35
2.356194	1.045978	0.343692	174	17	41	610.20
1.832596	2.174483	2.653697	180	27	44	610.18
-2.356194	1.134497	-1.109631	176	27	45	610.13
-2.094395	2.299159	2.264663	171	22	46	610.07
1.047198	0.419640	2.974122	174	20	47	610.07
-1.047198	2.396274	-1.959260	164	20	37	610.07
2.094395	0.992645	-1.723759	172	19	42	610.04
-3.141593	2.979456	-1.009304	175	19	44	610.03
0.000000	2.104282	-0.813972	174	9	39	610.01
2.356194	2.356369	3.005869	170	13	41	610.01
1.047198	2.164094	-2.991358	175	19	42	609.95
-3.141593	2.073035	2.027405	178	21	48	609.93
-2.094395	1.391910	3.030322	173	10	45	609.88
-1.570796	0.850607	-1.335383	175	12	45	609.84
-1.570796	2.455966	-0.641220	187	20	49	609.78
-3.141593	2.089241	-0.114193	175	17	41	609.76
-0.523599	2.001437	0.381215	173	7	37	609.55
2.617994	2.719179	-1.780644	185	28	46	609.45
1.308997	1.413347	-1.339188	171	14	40	609.38
-0.523599	1.440580	2.260026	181	22	51	609.37
-0.785398	2.863997	0.549740	178	20	46	609.34
-2.617994	2.664082	-1.071402	181	15	49	609.33
-0.261799	0.571433	-1.188419	173	17	45	609.22
2.617994	1.014500	0.906702	170	17	43	609.20
0.261799	1.448123	-2.163292	173	8	43	609.15
2.617994	1.450119	-2.739050	176	15	45	609.10
1.570796	1.824694	1.850876	181	20	49	608.93
1.047198	1.488617	1.159546	184	16	47	608.92
-1.308997	2.455966	-0.641220	177	26	44	608.85
-0.523599	1.113094	-0.272241	171	24	39	608.82
-3.141593	2.637879	2.121598	169	16	39	608.77
1.832596	1.872854	1.543456	179	22	46	608.76
-0.785398	1.836682	-0.676006	173	18	42	608.75
2.879793	2.180315	-1.357379	184	17	48	608.67
2.094395	0.615174	-0.666022	169	19	39	608.66
2.617994	1.025536	1.576859	173	20	47	608.56
0.785398	0.992645	-1.723759	172	28	40	608.48
-1.570796	2.299159	2.264663	170	15	42	608.48
1.047198	1.335669	0.897240	178	14	43	608.47
-3.141593	1.948085	-2.363031	184	21	47	608.40
2.617994	2.115563	0.685730	173	11	38	608.39
-1.832596	1.506530	1.988858	172	11	44	608.39
-0.785398	0.960688	-0.577532	176	27	42	608.25
-1.570796	2.404280	-0.174044	176	22	45	608.17
-1.308997	0.700570	1.559208	169	16	41	608.16
0.261799	2.592629	0.909713	173	16	41	608.12
0.261799	1.872854	1.543456	182	10	46	608.07
-1.832596	1.741644	-2.695914	169	15	38	608.05
-1.570796	1.875281	0.107086	172	8	40	607.92
1.308997	2.979456	-1.009304	177	12	42	607.79
-1.308997	0.910508	1.903534	177	4	42	607.75
-1.832596	1.413430	2.550734	176	19	49	607.74
1.308997	2.456751	-1.503343	178	18	46	607.70
0.000000	1.506530	1.988858	177	19	48	607.67
2.617994	2.379497	0.561089	173	14	41	607.61
-2.356194	0.961715	0.014085	176	20	47	607.57
1.570796	1.113094	-0.272241	173	15	42	607.55
-0.785398	0.864993	2.278281	173	21	45	607.54
2.356194	0.866395	-2.492918	179	10	48	607.52
-3.141593	2.247462	0.191623	178	19	43	607.49
1.570796	2.863997	0.549740	174	7	40	607.41
1.047198	0.615174	-0.666022	173	21	41	607.40
-2.879793	1.128190	-2.288622	177	20	44	607.37
2.879793	1.741644	-2.695914	185	26	49	607.22
-2.879793	2.863997	0.549740	180	21	45	607.20
-0.523599	1.014500	0.906702	172	13	44	607.19
0.000000	1.599406	1.426070	172	9	40	607.13
-3.141593	1.574060	2.783565	169	15	41	607.12
2.094395	1.448123	-2.163292	168	18	40	607.09
-2.094395	1.194549	-0.801900	168	14	38	607.06
-1.308997	2.299159	2.264663	170	10	41	606.97
-2.094395	2.299159	2.264663	171	21	44	606.97
-0.523599	0.866395	-2.492918	168	19	42	606.95
2.356194	0.571433	-1.188419	178	20	44	606.92
1.308997	1.909857	-0.381669	172	22	45	606.85
-2.094395	0.850607	-1.335383	177	22	47	606.83
-2.879793	1.335669	0.897240	168	14	42	606.81
0.261799	1.113094	-0.272241	181	6	43	606.80
-0.261799	1.721184	-0.153948	169	18	37	606.78
-0.785398	2.041297	-2.664597	52	173	182	606.71
1.308997	1.756530	-2.105156	174	13	42	606.71
1.047198	0.496451	0.593859	169	14	39	606.69
0.261799	2.115563	0.685730	173	18	42	606.59
1.570796	1.545873	-1.877082	172	21	45	606.58
-1.308997	1.025536	1.576859	167	22	40	606.58
-2.879793	1.982574	-1.115518	182	25	46	606.51
-0.785398	2.984978	1.954446	183	25	46	606.48
1.308997	1.904882	-1.478089	171	20	43	606.47
1.047198	0.831641	0.616218	179	20	47	606.44
-3.141593	2.719179	-1.780644	176	14	47	606.43
2.617994	1.113094	-0.272241	177	7	39	606.35
0.261799	1.545873	-1.877082	181	27	45	606.34
-1.047198	1.367556	0.358405	179	22	46	606.32
-1.047198	2.104282	-0.813972	173	17	42	606.31
2.879793	2.299159	2.264663	185	25	48	606.30
-2.094395	1.301460	-0.509251	168	16	40	606.25
0.000000	1.440580	2.260026	173	19	46	606.22
2.617994	0.591903	2.010408	174	23	47	606.22
-2.879793	0.866955	-0.931351	173	12	41	606.22
-2.094395	2.153910	-1.714959	177	16	47	606.21
-1.047198	2.588535	-2.976617	174	15	43	606.21
-3.141593	2.063651	-2.044600	174	15	46	606.17
0.523599	2.979456	-1.009304	171	16	41	606.16
0.785398	2.724429	-0.348782	175	10	43	606.16
0.261799	0.615174	-0.666022	180	15	48	606.15
-1.570796	0.960688	-0.577532	174	10	43	606.12
-2.356194	1.045978	0.343692	177	24	47	606.10
-2.879793	2.592629	0.909713	163	16	38	606.06
-1.570796	1.135834	-1.431087	171	12	42	606.06
-1.570796	2.349581	-2.702517	165	16	39	606.05
-0.523599	2.187132	-0.479875	170	15	39	605.98
-0.523599	1.506530	1.988858	172	19	47	605.96
2.356194	0.370812	-2.547742	175	12	46	605.94
-1.047198	1.128190	-2.288622	176	9	44	605.83
1.308997	1.113094	-0.272241	173	17	42	605.76
2.094395	2.393226	1.857173	186	26	47	605.64
2.094395	0.591903	2.010408	176	26	47	605.61
1.570796	1.606104	-0.451151	169	19	41	605.58
-0.261799	2.033014	2.977192	166	15	43	605.57
2.879793	2.979456	-1.009304	179	18	44	605.55
1.570796	2.984978	1.954446	174	10	40	605.49
0.785398	2.396274	-1.959260	177	16	44	605.44
-1.308997	1.214854	-1.966664	173	13	43	605.44
-1.570796	2.863997	0.549740	180	20	45	605.44
-0.261799	2.393226	1.857173	183	5	48	605.38
-2.617994	1.413347	-1.339188	182	16	46	605.34
0.261799	1.214854	-1.966664	171	12	45	605.33
2.356194	2.295480	1.008277	178	5	42	605.27
-2.094395	2.407836	1.410646	169	11	45	605.27
-2.879793	1.812176	0.656819	166	13	38	605.26
-0.261799	0.733948	3.021411	174	23	46	605.12
-2.356194	1.488617	1.159546	175	11	45	605.08
0.785398	1.506530	1.988858	178	20	49	605.04
-2.094395	2.588535	-2.976617	49	172	182	604.91
-2.356194	2.073035	2.027405	173	18	48	604.89
0.785398	2.760637	2.781135	181	191	41	604.86
-2.094395	0.297065	2.160177	172	3	38	604.81
-2.879793	0.850607	-1.335383	173	23	45	604.79
-0.785398	2.063651	-2.044600	174	22	46	604.78
-0.261799	1.904882	-1.478089	181	20	49	604.74
1.570796	1.998705	2.370472	186	14	52	604.74
0.000000	2.089241	-0.114193	172	14	40	604.74
2.094395	1.113094	-0.272241	175	17	44	604.71
0.261799	2.407836	1.410646	174	12	38	604.71
-2.879793	2.073035	2.027405	174	18	43	604.69
2.617994	1.658653	-2.409879	168	15	42	604.64
1.832596	0.458961	-0.107937	170	15	40	604.61
-0.261799	0.674054	1.013609	174	16	46	604.59
0.523599	0.831641	0.616218	170	17	40	604.58
2.879793	0.419640	2.974122	172	14	46	604.56
0.000000	0.080730	-2.622036	171	8	41	604.53
-2.094395	2.299159	2.264663	170	22	45	604.42
2.617994	1.335669	0.897240	173	21	45	604.39
-0.261799	1.809167	1.213774	173	9	42	604.37
1.308997	1.875281	0.107086	168	16	41	604.32
0.261799	1.904882	-1.478089	174	21	43	604.32
-0.523599	2.180315	-1.357379	178	17	49	604.30
2.879793	1.242974	-2.977882	174	12	44	604.29
2.356194	1.869911	2.701025	173	16	41	604.29
0.523599	1.606104	-0.451151	177	21	45	604.18
-0.261799	1.433411	-1.035986	174	13	41	604.14
1.832596	1.977582	0.969896	174	12	41	604.13
1.570796	0.864993	2.278281	166	12	41	604.12
-2.617994	1.909857	-0.381669	170	20	39	604.11
2.617994	2.587733	0.232235	162	20	32	603.86
1.047198	2.456751	-1.503343	174	12	41	603.71
-3.141593	1.413347	-1.339188	180	16	46	603.71
-1.308997	1.809167	1.213774	171	10	43	603.70
-2.356194	1.836682	-0.676006	170	14	39	603.65
-1.047198	2.704512	1.488683	186	27	45	603.61
1.047198	0.571433	-1.188419	178	5	41	603.59
0.000000	1.134796	2.434290	167	12	42	603.58
0.261799	0.960688	-0.577532	174	22	42	603.53
-1.308997	2.063651	-2.044600	185	10	48	603.53
-2.356194	1.168678	2.108595	168	15	44	603.51
1.832596	0.960688	-0.577532	174	21	43	603.49
-2.879793	0.906588	1.252948	171	7	43	603.46
-0.523599	0.418037	1.360082	173	20	46	603.46
2.094395	0.762244	-0.273349	173	16	42	603.46
-0.523599	0.910508	1.903534	172	19	45	603.42
-2.094395	2.396274	-1.959260	171	14	41	603.42
-2.617994	1.440580	2.260026	168	17	41	603.40
-1.308997	0.733948	3.021411	185	19	50	603.37
-2.879793	1.168678	2.108595	171	18	46	603.33
0.000000	1.488617	1.159546	177	12	46	603.30
1.047198	1.569311	-3.003978	170	2	41	603.26
-2.094395	1.301460	-0.509251	168	17	40	603.24
1.308997	1.812176	0.656819	167	14	38	603.23
1.308997	2.299159	2.264663	183	31	42	603.22
0.000000	2.001437	0.381215	176	21	44	603.21
2.879793	2.404280	-0.174044	175	11	40	603.20
2.617994	1.846342	-1.796954	177	14	47	603.15
2.094395	0.960688	-0.577532	174	20	43	603.08
1.308997	2.881233	-2.582574	177	25	46	603.03
-0.261799	1.809167	1.213774	172	9	41	603.00
-2.617994	2.089241	-0.114193	177	23	44	602.98
2.879793	2.251330	-2.330739	186	25	46	602.97
-2.879793	2.063651	-2.044600	179	3	41	602.94
1.047198	1.256302	0.062705	173	16	42	602.89
2.356194	2.349581	-2.702517	170	17	43	602.86
-2.879793	2.251330	-2.330739	183	26	46	602.86
-1.047198	1.606104	-0.451151	175	23	42	602.85
2.356194	1.699788	2.452890	187	16	53	602.81
2.617994	1.184361	0.625864	169	22	41	602.78
1.047198	0.709924	0.218797	169	18	39	602.75
1.570796	0.762244	-0.273349	173	18	42	602.72
2.617994	2.295480	1.008277	175	13	41	602.70
-2.356194	1.699788	2.452890	171	23	46	602.68
-1.832596	0.297065	2.160177	175	27	45	602.66
2.617994	2.108018	1.311430	175	12	39	602.64
0.523599	1.696674	-1.253233	175	17	43	602.60
-1.570796	1.413430	2.550734	176	18	49	602.56
-2.617994	2.863997	0.549740	180	21	45	602.50
2.356194	2.637879	2.121598	189	28	45	602.50
2.879793	1.982574	-1.115518	174	6	41	602.47
-0.523599	0.290380	-0.796960	174	20	45	602.44
-0.785398	2.404280	-0.174044	175	13	42	602.44
-0.261799	1.836682	-0.676006	173	14	41	602.40
1.832596	1.448123	-2.163292	169	22	42	602.29
-0.523599	0.203748	0.590255	180	25	47	602.25
1.832596	1.450119	-2.739050	178	19	47	602.22
-2.879793	1.045978	0.343692	167	13	40	602.22
-1.570796	1.836682	-0.676006	178	13	44	602.13
2.094395	0.591903	2.010408	176	27	47	602.10
-0.261799	0.640596	-2.797608	33	170	6	602.10
-2.879793	0.992645	-1.723759	175	9	40	602.03
-0.261799	0.960688	-0.577532	173	23	42	601.95
0.523599	1.374601	-2.456031	178	9	46	601.95
0.000000	2.251330	-2.330739	174	4	40	601.93
-3.141593	1.134796	2.434290	177	19	49	601.93
0.523599	1.554776	0.100351	173	16	40	601.89
2.879793	2.251330	-2.330739	174	12	44	601.87
-2.356194	2.760637	2.781135	180	31	43	601.83
-3.141593	2.863997	0.549740	162	16	36	601.82
1.832596	1.417623	-0.202254	169	13	39	601.77
-1.570796	2.041297	-2.664597	170	16	44	601.74
2.356194	0.370812	-2.547742	173	5	41	601.74
-0.523599	2.343981	-1.040456	174	14	43	601.71
-2.356194	2.979456	-1.009304	174	16	44	601.70
-2.617994	2.393226	1.857173	168	22	44	601.69
1.047198	2.379497	0.561089	168	14	36	601.68
1.832596	0.850607	-1.335383	172	14	40	601.63
1.570796	1.998705	2.370472	178	29	42	601.59
-2.356194	0.960688	-0.577532	170	17	43	601.54
-1.832596	0.709924	0.218797	179	15	47	601.53
-2.356194	2.073035	2.027405	172	18	47	601.45
-2.879793	0.297065	2.160177	165	10	37	601.45
-1.832596	1.325504	-1.671296	167	14	38	601.39
1.308997	2.456751	-1.503343	174	15	42	601.39
-2.879793	2.579248	-2.364801	168	18	42	601.38
-3.141593	2.979456	-1.009304	176	19	44	601.34
-1.832596	1.658653	-2.409879	172	20	43	601.34
0.000000	1.948085	-2.363031	173	6	41	601.31
-1.570796	2.456751	-1.503343	173	18	46	601.29
-3.141593	2.478122	2.609777	187	30	45	601.29
0.523599	0.619654	-2.216909	35	177	8	601.28
1.832596	0.419640	2.974122	173	6	41	601.25
0.785398	2.164094	-2.991358	175	19	42	601.24
-2.094395	0.929350	-2.910676	184	25	50	601.22
-2.617994	1.545873	-1.877082	173	9	37	601.12
-2.094395	2.115563	0.685730	170	0	35	601.02
-0.785398	0.685216	-1.712745	166	20	40	601.01
-1.832596	1.510910	-0.740472	166	13	37	600.97
-1.832596	1.413347	-1.339188	167	16	39	600.97
-1.570796	1.809167	1.213774	170	13	44	600.93
-0.523599	2.174483	2.653697	168	13	45	600.90
-2.094395	2.979456	-1.009304	174	15	43	600.89
-1.570796	2.343981	-1.040456	179	24	47	600.89
-0.523599	1.433411	-1.035986	173	16	41	600.83
2.617994	2.153910	-1.714959	180	18	48	600.81
-1.570796	0.618092	2.539118	182	11	48	600.74
-0.261799	2.979456	-1.009304	173	13	44	600.71
2.094395	1.699788	2.452890	184	12	51	600.69
-0.523599	2.579248	-2.364801	173	7	41	600.69
1.308997	2.108018	1.311430	171	19	41	600.68
-3.141593	0.674054	1.013609	175	9	45	600.60
2.094395	0.615174	-0.666022	179	21	47	600.57
0.000000	1.014500	0.906702	174	10	44	600.48
0.261799	0.866395	-2.492918	171	11	44	600.47
-1.832596	1.168678	2.108595	170	9	42	600.46
0.261799	0.866955	-0.931351	175	9	42	600.43
-2.356194	2.393226	1.857173	164	19	36	600.41
0.785398	0.906588	1.252948	177	16	47	600.40
0.523599	2.001437	0.381215	171	12	38	600.39
2.356194	0.615174	-0.666022	178	22	47	600.35
1.047198	1.869911	2.701025	177	5	42	600.32
-1.308997	0.899350	-2.069907	178	15	47	600.32
-1.832596	1.870545	-2.976234	170	13	43	600.31
1.047198	0.419640	2.974122	172	17	45	600.30
-1.308997	2.587733	0.232235	170	22	40	600.29
-3.141593	1.310100	1.488307	174	17	48	600.22
-2.094395	0.929350	-2.910676	181	21	50	600.15
2.617994	2.393226	1.857173	181	28	46	600.15
0.785398	1.113094	-0.272241	173	17	41	600.12
1.308997	1.683268	0.374177	167	15	38	600.10
1.570796	1.242974	-2.977882	178	6	42	600.04
0.261799	1.417623	-0.202254	174	23	43	600.03
-2.879793	1.875281	0.107086	167	21	38	599.93
-1.570796	0.203748	0.590255	176	23	46	599.90
-2.617994	1.325504	-1.671296	172	24	40	599.86
-0.785398	2.379497	0.561089	172	21	41	599.81
0.523599	1.824694	1.850876	182	15	48	599.78
0.261799	0.910508	1.903534	184	31	48	599.63
2.879793	2.180315	-1.357379	174	9	44	599.57
-2.879793	1.325504	-1.671296	175	9	40	599.55
-0.261799	1.875281	0.107086	169	19	37	599.54
2.617994	1.909857	-0.381669	179	12	45	599.53
2.617994	0.850607	-1.335383	178	23	43	599.53
0.523599	1.448123	-2.163292	175	7	43	599.45
-2.617994	1.128190	-2.288622	174	13	41	599.38
2.617994	2.704512	1.488683	175	34	42	599.35
1.047198	1.391910	3.030322	168	6	43	599.33
-1.047198	2.153910	-1.714959	166	21	36	599.24
-1.570796	2.180315	-1.357379	175	18	45	599.24
-1.047198	1.599406	1.426070	172	10	42	599.20
0.261799	0.733948	3.021411	172	19	45	599.08
1.570796	2.033014	2.977192	174	11	40	599.03
-1.047198	1.617114	-1.572037	189	21	48	598.96
-2.356194	2.379497	0.561089	166	12	36	598.88
0.000000	2.863997	0.549740	172	13	40	598.87
-1.570796	2.063651	-2.044600	169	23	39	598.86
-1.570796	1.506530	1.988858	175	9	44	598.85
2.879793	0.960688	-0.577532	176	6	38	598.82
-0.785398	1.214854	-1.966664	169	17	43	598.81
-1.570796	2.456751	-1.503343	175	18	48	598.81
-3.141593	2.979456	-1.009304	176	18	44	598.81
1.047198	1.242974	-2.977882	169	6	42	598.78
0.785398	2.760637	2.781135	175	27	45	598.77
-1.832596	0.571433	-1.188419	181	19	48	598.74
1.832596	2.587733	0.232235	180	12	48	598.73
2.356194	1.194549	-0.801900	174	22	43	598.60
1.570796	2.174483	2.653697	176	14	43	598.56
-2.356194	0.850607	-1.335383	171	18	44	598.53
1.308997	0.709924	0.218797	172	16	42	598.51
-2.617994	1.168678	2.108595	169	13	41	598.49
-1.832596	1.756530	-2.105156	173	25	43	598.49
2.356194	2.456751	-1.503343	173	16	45	598.49
1.308997	1.391910	3.030322	171	3	43	598.46
-3.141593	2.349581	-2.702517	167	15	41	598.45
-2.617994	1.836682	-0.676006	170	16	38	598.43
0.785398	1.014500	0.906702	177	16	44	598.43
1.570796	1.736875	3.023612	171	21	40	598.43
-0.523599	1.448123	-2.163292	170	16	45	598.42
0.785398	1.574060	2.783565	169	10	46	598.39
2.356194	1.683268	0.374177	179	24	43	598.39
-0.785398	2.404280	-0.174044	176	18	45	598.38
-2.617994	2.637879	2.121598	172	23	41	598.35
2.617994	1.809167	1.213774	174	9	39	598.33
1.832596	2.984978	1.954446	164	19	36	598.33
1.570796	1.756530	-2.105156	176	23	45	598.28
0.000000	0.864993	2.278281	168	12	40	598.28
-2.356194	1.134796	2.434290	172	16	47	598.26
1.570796	1.569311	-3.003978	180	23	47	598.16
0.785398	1.134497	-1.109631	166	21	39	598.10
0.000000	1.488617	1.159546	176	11	45	598.10
0.523599	2.108018	1.311430	170	16	37	598.06
1.047198	1.506530	1.988858	176	20	48	598.00
-2.094395	1.440580	2.260026	173	17	47	597.95
-0.523599	1.683268	0.374177	174	13	41	597.91
-2.356194	2.863997	0.549740	180	21	45	597.79
1.308997	0.615174	-0.666022	173	18	41	597.66
2.617994	1.413347	-1.339188	36	1	5	597.63
2.617994	1.113094	-0.272241	175	8	39	597.63
1.308997	1.699788	2.452890	179	12	52	597.58
-2.617994	1.909857	-0.381669	173	19	42	597.58
-0.261799	1.335669	0.897240	172	7	40	597.57
1.308997	1.168678	2.108595	169	18	45	597.43
1.832596	1.367556	0.358405	183	22	46	597.43
0.785398	0.615174	-0.666022	172	23	41	597.39
-1.832596	2.724429	-0.348782	183	20	49	597.37
-1.308997	0.674054	1.013609	172	21	44	597.34
-1.308997	0.685216	-1.712745	178	14	47	597.34
0.523599	0.906588	1.252948	176	17	47	597.31
1.832596	1.194549	-0.801900	175	12	43	597.30
1.570796	2.115563	0.685730	176	18	43	597.22
-2.879793	0.866955	-0.931351	172	19	43	597.21
-1.832596	1.904882	-1.478089	51	179	170	597.19
2.617994	2.001437	0.381215	172	10	36	597.16
-2.094395	1.168678	2.108595	169	12	43	597.11
-2.094395	2.863997	0.549740	180	21	45	597.11
-3.141593	1.134796	2.434290	169	19	43	597.11
0.261799	0.370812	-2.547742	171	19	45	597.10
-0.261799	2.299159	2.264663	176	6	46	596.88
-3.141593	1.875281	0.107086	174	23	42	596.86
2.617994	0.910508	1.903534	175	23	47	596.86
2.617994	1.301460	-0.509251	176	10	40	596.84
-0.785398	0.619654	-2.216909	179	11	46	596.81
-0.261799	2.115563	0.685730	178	28	43	596.79
-1.047198	2.587733	0.232235	170	19	40	596.77
2.879793	0.866395	-2.492918	174	21	43	596.58
-3.141593	1.045978	0.343692	166	16	39	596.56
1.832596	1.741644	-2.695914	177	18	45	596.55
-0.523599	2.404280	-0.174044	177	17	45	596.50
0.261799	2.299159	2.264663	175	6	41	596.49
-1.308997	1.721184	-0.153948	172	14	42	596.43
1.570796	0.297065	2.160177	172	23	45	596.43
2.879793	0.733948	3.021411	180	33	43	596.34
-0.261799	0.290380	-0.796960	173	19	44	596.31
-1.832596	1.870545	-2.976234	170	14	45	596.31
-1.308997	2.063651	-2.044600	168	20	39	596.30
1.832596	0.379747	-1.713059	181	18	48	596.30
-0.523599	0.864993	2.278281	170	18	43	596.27
1.570796	0.419640	2.974122	171	9	41	596.25
1.308997	2.164094	-2.991358	176	18	43	596.17
1.832596	0.929350	-2.910676	170	19	43	596.15
2.094395	1.488617	1.159546	169	26	42	596.09
-1.047198	1.413430	2.550734	176	7	44	596.01
-1.047198	0.910508	1.903534	172	22	44	595.93
1.047198	0.674054	1.013609	174	16	44	595.85
-0.785398	1.433411	-1.035986	171	19	41	595.78
-2.617994	2.115563	0.685730	169	10	39	595.77
1.047198	1.554776	0.100351	178	16	46	595.71
1.570796	1.367556	0.358405	177	12	43	595.62
0.000000	1.756530	-2.105156	175	13	46	595.61
2.356194	1.872854	1.543456	174	18	43	595.61
-2.094395	1.506530	1.988858	170	14	44	595.60
-2.617994	1.736875	3.023612	175	26	46	595.57
-1.047198	0.914445	2.687814	184	17	50	595.56
-1.047198	1.413430	2.550734	178	15	49	595.56
-1.047198	1.998705	2.370472	173	16	49	595.48
0.261799	2.704512	1.488683	173	22	43	595.46
1.832596	1.374601	-2.456031	174	14	43	595.29
-1.308997	1.433411	-1.035986	171	23	41	595.26
-1.047198	0.831641	0.616218	169	18	42	595.26
-1.047198	1.574060	2.783565	173	8	44	595.23
2.879793	2.456751	-1.503343	184	22	48	595.19
2.094395	0.961715	0.014085	176	12	43	595.15
-1.570796	1.658653	-2.409879	175	22	48	595.07
-2.356194	0.685216	-1.712745	171	17	44	595.05
-2.094395	1.998705	2.370472	168	21	43	595.05
-0.261799	0.899350	-2.069907	169	14	42	595.02
0.000000	2.349581	-2.702517	182	19	46	595.00
0.000000	1.214854	-1.966664	170	7	40	594.99
-0.785398	2.664082	-1.071402	170	15	41	594.90
-3.141593	1.450119	-2.739050	178	14	46	594.87
-1.308997	0.992645	-1.723759	176	18	47	594.82
1.832596	2.349581	-2.702517	168	20	41	594.81
0.000000	0.370812	-2.547742	169	20	43	594.80
-2.617994	2.579248	-2.364801	170	14	41	594.75
1.570796	0.379747	-1.713059	176	8	44	594.72
2.094395	2.979456	-1.009304	182	21	47	594.68
-1.047198	1.413430	2.550734	179	17	49	594.67
-1.570796	2.247462	0.191623	171	19	41	594.65
2.356194	1.417623	-0.202254	180	17	46	594.64
1.570796	1.413430	2.550734	176	10	49	594.59
-1.570796	1.413430	2.550734	174	13	47	594.50
0.523599	0.866955	-0.931351	177	25	44	594.47
-2.094395	0.297065	2.160177	177	28	45	594.47
-1.570796	2.033014	2.977192	175	28	45	594.43
-0.261799	2.041297	-2.664597	170	7	39	594.40
-0.523599	0.866395	-2.492918	169	19	44	594.34
-0.523599	2.041297	-2.664597	167	10	38	594.33
-3.141593	2.295480	1.008277	162	19	37	594.33
0.523599	1.846342	-1.796954	178	21	45	594.30
2.094395	0.866955	-0.931351	173	10	40	594.29
-1.832596	2.247462	0.191623	174	27	43	594.27
1.047198	2.587733	0.232235	170	12	39	594.25
1.570796	1.301460	-0.509251	174	11	41	594.21
-0.785398	2.588535	-2.976617	164	23	38	594.10
-1.308997	0.914445	2.687814	183	17	50	594.07
0.000000	1.310100	1.488307	172	12	44	593.98
-1.047198	1.433411	-1.035986	188	31	44	593.97
-2.094395	0.591903	2.010408	172	9	44	593.96
-1.832596	0.640596	-2.797608	186	21	50	593.96
1.047198	2.719179	-1.780644	181	22	47	593.96
0.523599	1.732874	-0.951685	170	17	44	593.90
-1.308997	2.001437	0.381215	170	4	35	593.89
-3.141593	2.153910	-1.714959	181	18	49	593.85
-1.832596	1.909857	-0.381669	176	18	45	593.85
2.356194	1.756530	-2.105156	172	17	45	593.83
1.047198	2.073035	2.027405	185	14	49	593.81
-1.570796	2.863997	0.549740	179	21	45	593.79
2.879793	2.455966	-0.641220	178	12	45	593.78
0.523599	2.881233	-2.582574	174	15	41	593.75
-3.141593	1.606104	-0.451151	173	11	36	593.64
-1.047198	1.869911	2.701025	171	24	48	593.63
2.879793	1.301460	-0.509251	176	10	41	593.60
-2.617994	1.448123	-2.163292	50	173	173	593.53
-0.523599	1.836682	-0.676006	172	17	41	593.53
-1.832596	0.591903	2.010408	173	28	43	593.48
1.570796	0.961715	0.014085	173	16	42	593.45
-2.879793	1.904882	-1.478089	175	16	43	593.43
1.832596	1.766067	2.153843	183	18	53	593.41
-1.832596	1.218453	2.777284	173	15	47	593.40
-2.356194	1.488617	1.159546	173	14	45	593.37
-0.523599	1.310100	1.488307	172	12	41	593.35
-0.785398	2.299159	2.264663	171	9	46	593.34
-2.617994	1.699788	2.452890	171	20	44	593.30
1.047198	0.961715	0.014085	173	19	43	593.22
-1.570796	0.418037	1.360082	176	25	46	593.18
0.000000	0.866395	-2.492918	170	13	43	593.12
-2.094395	1.325504	-1.671296	170	20	40	593.09
1.047198	0.080730	-2.622036	170	14	44	593.07
-2.617994	1.982574	-1.115518	178	18	45	593.03
-1.047198	0.591903	2.010408	169	15	42	592.91
1.832596	1.574060	2.783565	171	20	39	592.78
1.047198	1.756530	-2.105156	180	26	46	592.70
-1.570796	1.846342	-1.796954	166	17	36	592.69
-0.785398	1.045978	0.343692	170	13	41	592.64
1.047198	1.367556	0.358405	173	12	41	592.61
1.570796	0.910508	1.903534	166	19	43	592.58
-1.570796	1.310100	1.488307	173	15	43	592.57
0.523599	1.696674	-1.253233	174	19	45	592.53
1.570796	1.869911	2.701025	183	7	49	592.47
0.261799	0.619654	-2.216909	170	11	43	592.41
0.000000	1.555207	1.708892	174	9	45	592.36
-1.570796	0.203748	0.590255	174	22	45	592.33
-1.308997	1.134497	-1.109631	173	5	38	592.31
1.570796	0.619654	-2.216909	176	14	48	592.30
1.832596	0.618092	2.539118	177	20	49	592.26
-2.094395	2.456751	-1.503343	177	21	48	592.26
-0.261799	1.699788	2.452890	176	17	51	592.22
-0.261799	0.899350	-2.069907	168	14	41	592.16
2.356194	1.218453	2.777284	172	24	44	592.16
0.523599	1.766067	2.153843	177	14	47	592.15
0.261799	2.187132	-0.479875	166	16	41	592.12
1.308997	2.180315	-1.357379	174	10	39	592.11
0.523599	1.135813	-2.658866	179	16	49	592.07
-2.617994	1.766067	2.153843	168	23	43	592.02
-1.570796	2.379497	0.561089	174	28	41	591.97
-1.308997	1.998705	2.370472	172	13	44	591.94
-1.047198	1.135813	-2.658866	173	16	46	591.84
0.523599	0.866955	-0.931351	177	6	41	591.72
1.308997	2.592629	0.909713	171	12	43	591.66
2.879793	0.685216	-1.712745	176	22	44	591.60
-0.261799	1.128190	-2.288622	170	12	44	591.56
-0.785398	0.615174	-0.666022	169	18	41	591.54
1.570796	0.864993	2.278281	166	12	42	591.48
-0.785398	1.696674	-1.253233	183	23	47	591.47
1.570796	0.458961	-0.107937	170	16	39	591.41
-0.261799	2.356369	3.005869	166	12	43	591.38
2.879793	1.741644	-2.695914	179	19	47	591.35
-2.617994	1.870545	-2.976234	173	14	42	591.18
-2.094395	2.863997	0.549740	185	21	47	591.17
1.832596	2.455966	-0.641220	176	13	45	591.10
-3.141593	2.455966	-0.641220	180	12	46	591.09
1.570796	0.685216	-1.712745	177	4	43	591.04
-1.047198	0.929350	-2.910676	175	16	45	591.00
-2.094395	1.699788	2.452890	171	20	46	590.97
0.785398	1.875281	0.107086	167	21	39	590.96
-1.570796	1.617114	-1.572037	168	20	39	590.90
-0.523599	2.033014	2.977192	167	19	45	590.87
-1.832596	2.456751	-1.503343	176	19	47	590.83
-1.570796	2.979456	-1.009304	178	12	45	590.83
0.000000	2.979456	-1.009304	176	10	44	590.79
-3.141593	1.732874	-0.951685	178	2	39	590.71
0.785398	1.699788	2.452890	173	13	47	590.71
2.094395	2.456751	-1.503343	173	18	45	590.57
1.832596	2.881233	-2.582574	175	22	46	590.55
-1.570796	2.881233	-2.582574	176	15	44	590.53
0.523599	1.168678	2.108595	172	9	43	590.49
1.570796	1.113094	-0.272241	175	20	43	590.47
1.832596	1.128190	-2.288622	166	23	38	590.46
-0.261799	1.982574	-1.115518	168	21	37	590.46
2.094395	0.910508	1.903534	178	27	47	590.45
-1.308997	2.247462	0.191623	170	17	40	590.44
-1.832596	1.134796	2.434290	173	12	45	590.35
-1.308997	0.866955	-0.931351	175	6	40	590.25
2.356194	1.440580	2.260026	168	22	38	590.24
2.094395	1.218453	2.777284	183	9	48	590.19
0.523599	1.025536	1.576859	173	10	42	590.17
-0.785398	1.168678	2.108595	171	18	44	590.16
1.308997	1.195355	1.200319	181	17	48	590.16
1.308997	0.831641	0.616218	177	19	45	590.02
-1.308997	1.824694	1.850876	177	10	48	589.96
-0.785398	0.419640	2.974122	171	21	43	589.85
-2.617994	1.134497	-1.109631	171	9	38	589.71
0.523599	1.325504	-1.671296	176	24	42	589.70
-2.617994	1.870545	-2.976234	174	16	46	589.66
2.356194	1.846342	-1.796954	177	15	47	589.54
1.832596	2.455966	-0.641220	177	12	44	589.51
-1.832596	0.619654	-2.216909	169	12	41	589.46
1.570796	1.014500	0.906702	177	13	43	589.45
2.879793	1.367556	0.358405	170	23	42	589.43
2.356194	1.214854	-1.966664	174	18	43	589.42
0.523599	1.367556	0.358405	168	18	38	589.40
-1.047198	1.846342	-1.796954	169	24	42	589.40
2.356194	1.391910	3.030322	173	15	42	589.39
0.523599	0.864993	2.278281	168	11	41	589.37
2.356194	1.658653	-2.409879	167	19	41	589.36
-2.617994	1.247695	1.809890	182	12	51	589.33
0.000000	1.555207	1.708892	181	18	49	589.33
-0.261799	0.850607	-1.335383	168	10	39	589.31
-2.879793	1.875281	0.107086	171	21	41	589.27
-1.308997	1.025536	1.576859	168	22	41	589.26
1.570796	0.203748	0.590255	173	10	38	589.26
1.047198	1.766067	2.153843	178	15	48	589.26
0.000000	2.001437	0.381215	176	22	44	589.22
2.879793	0.203748	0.590255	169	11	41	589.14
-2.356194	0.899350	-2.069907	168	19	40	589.14
0.000000	1.869911	2.701025	170	11	43	589.13
-1.308997	1.325504	-1.671296	172	16	43	589.11
-1.308997	1.875281	0.107086	183	26	45	589.05
0.785398	1.367556	0.358405	171	14	39	589.04
-1.832596	0.929350	-2.910676	181	20	50	589.04
1.047198	2.664082	-1.071402	177	14	44	589.02
0.261799	1.168678	2.108595	176	23	47	588.93
-1.832596	0.910508	1.903534	169	8	41	588.89
-0.261799	0.831641	0.616218	175	15	47	588.86
2.879793	1.904882	-1.478089	179	14	46	588.83
2.356194	0.418037	1.360082	175	13	47	588.80
0.261799	1.506530	1.988858	179	18	49	588.74
-1.570796	1.545873	-1.877082	175	26	44	588.72
-0.523599	1.875281	0.107086	174	10	40	588.68
0.000000	1.168678	2.108595	175	24	47	588.55
2.094395	2.579248	-2.364801	171	18	44	588.55
0.261799	1.766067	2.153843	176	14	47	588.55
-2.094395	1.574060	2.783565	169	8	40	588.46
1.308997	1.256302	0.062705	172	13	41	588.41
-0.261799	1.184361	0.625864	173	10	43	588.40
1.832596	1.045978	0.343692	181	22	47	588.33
1.047198	2.588535	-2.976617	174	28	43	588.33
1.308997	1.113094	-0.272241	172	18	42	588.32
1.570796	2.719179	-1.780644	176	23	46	588.32
-1.047198	1.050534	3.042579	179	21	50	588.30
-2.356194	1.699788	2.452890	173	23	46	588.30
-1.308997	0.418037	1.360082	171	18	44	588.15
-0.523599	1.696674	-1.253233	181	25	47	588.15
2.094395	1.658653	-2.409879	167	22	40	588.09
-1.570796	0.685216	-1.712745	178	14	47	588.06
2.879793	1.413347	-1.339188	178	16	46	588.06
-1.832596	1.870545	-2.976234	169	14	43	588.04
1.832596	1.909857	-0.381669	173	17	45	588.02
-0.785398	1.574060	2.783565	175	16	48	588.00
0.261799	1.301460	-0.509251	178	25	44	587.96
-2.617994	2.089241	-0.114193	177	24	44	587.88
0.261799	1.721184	-0.153948	175	18	43	587.88
-1.308997	2.760637	2.781135	164	21	38	587.87
-3.141593	0.864993	2.278281	166	16	37	587.85
-2.094395	1.168678	2.108595	168	12	42	587.84
2.617994	0.899350	-2.069907	170	17	40	587.83
-0.523599	0.203748	0.590255	173	12	43	587.65
-1.832596	1.417623	-0.202254	170	17	43	587.62
-0.785398	1.998705	2.370472	172	13	46	587.60
-2.879793	2.041297	-2.664597	179	22	47	587.59
-1.570796	2.396274	-1.959260	177	11	47	587.57
0.000000	0.640596	-2.797608	36	171	6	587.53
-1.570796	1.134497	-1.109631	170	8	38	587.52
-2.094395	0.762244	-0.273349	174	13	44	587.49
1.308997	1.766067	2.153843	180	14	48	587.48
-2.879793	2.073035	2.027405	176	21	49	587.48
2.617994	1.128190	-2.288622	172	22	41	587.48
-0.523599	1.374601	-2.456031	169	11	42	587.45
1.308997	0.960688	-0.577532	175	26	43	587.43
-1.308997	1.025536	1.576859	180	19	50	587.41
0.261799	0.290380	-0.796960	173	14	44	587.31
0.523599	1.113094	-0.272241	173	19	41	587.16
-2.094395	2.153910	-1.714959	173	17	44	587.14
-1.047198	2.579248	-2.364801	166	13	38	587.12
-2.617994	0.899350	-2.069907	177	11	42	587.03
-0.261799	1.168678	2.108595	176	26	47	586.98
1.308997	1.301460	-0.509251	175	21	44	586.98
1.308997	2.138223	1.678323	191	26	50	586.96
1.047198	2.379497	0.561089	167	14	35	586.94
-2.617994	2.863997	0.549740	173	14	41	586.88
0.523599	2.579248	-2.364801	179	11	43	586.88
0.000000	1.875281	0.107086	170	15	37	586.81
0.523599	2.251330	-2.330739	178	20	45	586.78
-2.356194	0.899350	-2.069907	173	20	45	586.78
-2.356194	2.164094	-2.991358	177	5	40	586.77
-2.879793	1.135834	-1.431087	180	11	44	586.77
-0.523599	1.488617	1.159546	174	10	43	586.76
-1.047198	0.762244	-0.273349	170	18	43	586.73
2.356194	0.674054	1.013609	173	17	47	586.68
-2.094395	2.984978	1.954446	162	20	35	586.59
-0.523599	1.325504	-1.671296	168	14	41	586.57
2.617994	2.343981	-1.040456	174	12	43	586.57
2.094395	1.135813	-2.658866	175	13	45	586.48
0.000000	0.700570	1.559208	174	11	44	586.43
-1.308997	1.168678	2.108595	179	8	46	586.39
1.832596	2.719179	-1.780644	175	22	47	586.39
1.308997	2.115563	0.685730	173	19	43	586.35
-1.308997	0.203748	0.590255	172	20	44	586.28
2.094395	1.214854	-1.966664	173	22	43	586.17
0.000000	1.448123	-2.163292	172	12	45	586.17
2.879793	0.619654	-2.216909	30	178	10	586.13
-3.141593	0.619654	-2.216909	177	16	44	586.01
-0.785398	0.899350	-2.069907	169	19	43	585.96
2.094395	0.591903	2.010408	177	27	47	585.92
1.308997	1.247695	1.809890	172	23	47	585.90
-2.356194	2.343981	-1.040456	173	13	41	585.90
1.308997	1.218453	2.777284	173	14	48	585.89
0.261799	1.846342	-1.796954	181	22	47	585.88
2.356194	0.850607	-1.335383	179	24	43	585.77
-1.832596	2.041297	-2.664597	168	18	41	585.76
-0.523599	0.850607	-1.335383	165	13	37	585.74
-3.141593	0.290380	-0.796960	174	13	44	585.71
-0.523599	2.396274	-1.959260	169	13	41	585.64
-1.570796	1.545873	-1.877082	168	16	40	585.59
2.879793	0.866955	-0.931351	170	15	40	585.53
-2.879793	2.138223	1.678323	169	20	46	585.49
-2.356194	1.824694	1.850876	165	17	39	585.49
1.570796	1.766067	2.153843	183	18	53	585.41
2.617994	0.866395	-2.492918	170	21	38	585.40
2.356194	1.824694	1.850876	176	15	43	585.30
2.879793	1.391910	3.030322	173	18	45	585.20
1.832596	2.579248	-2.364801	170	18	41	585.18
0.261799	1.554776	0.100351	170	13	36	585.18
-0.785398	1.433411	-1.035986	172	18	41	585.05
0.261799	0.906588	1.252948	176	9	44	584.94
-1.832596	1.025536	1.576859	175	16	44	584.94
2.094395	0.370812	-2.547742	170	8	41	584.94
2.879793	2.108018	1.311430	167	24	43	584.90
0.261799	2.089241	-0.114193	176	14	44	584.90
1.832596	0.866395	-2.492918	180	18	49	584.89
-0.261799	1.168678	2.108595	186	28	51	584.85
-2.094395	1.606104	-0.451151	166	19	39	584.85
-2.617994	1.617114	-1.572037	177	16	45	584.83
2.094395	1.977582	0.969896	174	4	38	584.81
-2.094395	2.001437	0.381215	170	14	41	584.80
-1.047198	1.506530	1.988858	170	17	43	584.76
0.000000	0.370812	-2.547742	170	20	44	584.76
1.308997	1.194549	-0.801900	178	29	43	584.73
-2.617994	2.063651	-2.044600	185	26	46	584.71
-0.261799	2.719179	-1.780644	172	13	41	584.70
-2.356194	0.866395	-2.492918	185	25	49	584.63
-2.094395	0.640596	-2.797608	171	14	44	584.57
1.047198	1.242974	-2.977882	170	8	42	584.55
-3.141593	2.174483	2.653697	188	25	48	584.52
-1.047198	2.587733	0.232235	171	19	40	584.50
-3.141593	2.396274	-1.959260	175	8	44	584.48
2.094395	1.391910	3.030322	173	16	42	584.48
-1.308997	1.909857	-0.381669	183	19	47	584.42
0.523599	1.374601	-2.456031	177	9	45	584.41
1.570796	1.417623	-0.202254	178	20	46	584.39
0.523599	1.310100	1.488307	177	9	45	584.37
-1.308997	2.174483	2.653697	168	16	42	584.36
-2.094395	1.045978	0.343692	175	14	46	584.30
-2.094395	1.450119	-2.739050	172	17	43	584.29
-0.785398	1.413430	2.550734	178	25	50	584.15
-0.523599	1.134796	2.434290	182	28	50	584.15
-1.832596	1.134497	-1.109631	171	16	43	584.09
-2.356194	1.113094	-0.272241	172	20	45	584.06
2.879793	2.393226	1.857173	177	29	46	584.03
-0.523599	2.356369	3.005869	169	8	38	584.03
0.261799	2.407836	1.410646	171	25	41	583.86
-2.879793	1.846342	-1.796954	172	13	40	583.86
2.356194	1.335669	0.897240	174	22	44	583.81
1.832596	2.187132	-0.479875	174	9	40	583.81
-2.617994	2.073035	2.027405	174	20	49	583.78
1.570796	1.448123	-2.163292	171	25	43	583.78
1.308997	2.356369	3.005869	174	12	41	583.76
-3.141593	2.379497	0.561089	181	21	44	583.75
-3.141593	2.104282	-0.813972	179	6	42	583.74
-2.879793	1.721184	-0.153948	169	19	39	583.66
1.308997	2.089241	-0.114193	171	11	39	583.62
-0.523599	1.168678	2.108595	169	16	42	583.61
-0.523599	1.025536	1.576859	172	15	44	583.58
-2.094395	2.343981	-1.040456	175	14	43	583.54
2.879793	1.812176	0.656819	164	20	37	583.47
0.785398	1.569311	-3.003978	165	6	39	583.46
2.617994	1.736875	3.023612	175	26	46	583.38
-0.523599	2.456751	-1.503343	170	21	41	583.35
-0.785398	0.906588	1.252948	51	182	173	583.34
-2.617994	1.875281	0.107086	167	17	38	583.22
-0.523599	2.379497	0.561089	179	25	45	583.16
-1.832596	2.089241	-0.114193	171	18	41	583.08
-3.141593	2.073035	2.027405	177	23	50	583.07
0.000000	0.379747	-1.713059	169	10	41	583.07
1.570796	0.762244	-0.273349	173	19	42	583.07
-2.094395	1.506530	1.988858	171	13	44	583.06
0.785398	1.836682	-0.676006	172	24	43	583.04
1.570796	1.214854	-1.966664	167	22	40	582.97
-1.308997	0.496451	0.593859	169	19	41	582.91
-2.879793	2.404280	-0.174044	178	14	43	582.88
1.308997	2.343981	-1.040456	173	13	41	582.87
2.617994	1.982574	-1.115518	172	8	41	582.86
2.879793	0.080730	-2.622036	181	28	46	582.82
-1.570796	0.960688	-0.577532	174	11	44	582.80
2.617994	1.135813	-2.658866	179	13	48	582.74
-3.141593	2.393226	1.857173	26	189	9	582.72
-0.785398	1.301460	-0.509251	172	25	41	582.70
-0.523599	1.732874	-0.951685	171	13	38	582.66
0.785398	1.310100	1.488307	178	12	46	582.56
1.832596	1.574060	2.783565	184	9	50	582.54
-2.356194	0.850607	-1.335383	171	19	44	582.52
-2.356194	2.664082	-1.071402	182	16	49	582.40
2.879793	1.214854	-1.966664	175	20	44	582.29
1.832596	1.756530	-2.105156	174	22	46	582.28
1.832596	0.619654	-2.216909	171	7	41	582.27
1.570796	2.664082	-1.071402	179	18	47	582.25
-2.356194	0.914445	2.687814	174	16	48	582.19
1.832596	1.184361	0.625864	180	16	45	582.18
-2.356194	1.256302	0.062705	170	14	43	582.14
2.356194	1.846342	-1.796954	176	15	46	582.10
0.785398	0.370812	-2.547742	173	13	46	582.10
-1.570796	0.418037	1.360082	177	26	46	582.09
-3.141593	1.617114	-1.572037	172	13	40	582.05
-2.617994	1.846342	-1.796954	173	17	44	582.02
-3.141593	2.407836	1.410646	175	10	39	581.99
-1.047198	0.850607	-1.335383	168	21	40	581.98
2.879793	2.664082	-1.071402	177	16	47	581.93
0.785398	2.704512	1.488683	171	13	38	581.93
-2.094395	2.343981	-1.040456	184	25	48	581.93
1.047198	0.866955	-0.931351	175	22	44	581.85
0.261799	0.618092	2.539118	168	13	43	581.83
-1.047198	2.664082	-1.071402	170	19	44	581.82
1.047198	1.014500	0.906702	177	15	44	581.73
-1.047198	0.831641	0.616218	171	18	43	581.72
2.094395	1.134497	-1.109631	173	15	43	581.65
0.261799	1.721184	-0.153948	175	19	44	581.62
0.523599	1.766067	2.153843	177	16	49	581.59
0.000000	1.809167	1.213774	175	6	41	581.58
-1.308997	0.674054	1.013609	173	21	45	581.54
-2.094395	2.089241	-0.114193	172	19	40	581.48
0.000000	2.592629	0.909713	172	17	41	581.48
-1.047198	1.214854	-1.966664	165	20	37	581.47
-1.047198	1.904882	-1.478089	168	25	37	581.46
-0.261799	2.180315	-1.357379	178	16	49	581.44
-2.617994	1.310100	1.488307	178	16	48	581.41
-2.094395	2.704512	1.488683	164	10	39	581.39
-0.261799	0.080730	-2.622036	167	9	39	581.30
2.879793	0.419640	2.974122	169	8	39	581.29
-3.141593	1.367556	0.358405	167	19	39	581.27
-2.879793	2.115563	0.685730	167	14	39	581.22
2.094395	1.184361	0.625864	177	16	43	581.21
-2.356194	1.510910	-0.740472	170	24	41	581.19
2.094395	1.606104	-0.451151	171	13	41	581.16
0.523599	2.104282	-0.813972	176	24	46	581.13
-3.141593	2.153910	-1.714959	180	17	48	581.11
0.523599	2.138223	1.678323	176	17	41	581.00
-2.094395	2.863997	0.549740	185	22	47	580.99
2.617994	2.881233	-2.582574	173	12	43	580.97
1.308997	2.343981	-1.040456	174	13	42	580.97
0.785398	1.846342	-1.796954	177	20	45	580.96
-1.570796	2.089241	-0.114193	172	15	41	580.95
-2.879793	2.979456	-1.009304	176	17	44	580.91
0.000000	1.721184	-0.153948	173	17	41	580.80
-3.141593	2.063651	-2.044600	177	7	43	580.80
2.094395	1.325504	-1.671296	176	20	45	580.78
-2.356194	1.488617	1.159546	174	12	45	580.75
1.570796	1.699788	2.452890	181	11	52	580.72
-1.570796	2.295480	1.008277	53	179	175	580.70
-1.570796	0.709924	0.218797	175	14	44	580.68
2.879793	1.301460	-0.509251	177	10	41	580.66
-2.617994	2.664082	-1.071402	180	16	49	580.63
0.523599	1.488617	1.159546	181	13	47	580.60
-0.261799	0.960688	-0.577532	176	11	45	580.54
-2.094395	0.618092	2.539118	170	22	43	580.49
-2.094395	1.450119	-2.739050	175	17	47	580.48
-1.047198	0.640596	-2.797608	177	20	46	580.47
-0.523599	0.961715	0.014085	185	24	46	580.33
-2.879793	1.904882	-1.478089	175	15	43	580.32
1.832596	2.984978	1.954446	164	18	36	580.25
-2.356194	1.696674	-1.253233	181	20	46	580.23
-1.832596	2.588535	-2.976617	25	8	3	580.21
0.523599	1.113094	-0.272241	172	17	41	580.19
2.094395	0.864993	2.278281	179	22	49	580.19
2.356194	0.640596	-2.797608	176	18	48	580.15
0.523599	1.256302	0.062705	172	16	39	580.13
-1.047198	1.450119	-2.739050	170	12	42	580.12
1.047198	2.187132	-0.479875	177	25	47	580.01
0.000000	1.766067	2.153843	174	14	46	579.94
-1.047198	0.640596	-2.797608	178	19	46	579.89
0.000000	2.396274	-1.959260	173	7	41	579.89
-0.523599	2.349581	-2.702517	175	19	44	579.85
-1.047198	2.174483	2.653697	167	20	45	579.82
-0.785398	2.180315	-1.357379	177	15	45	579.79
-2.094395	0.618092	2.539118	178	11	48	579.78
0.523599	1.014500	0.906702	180	18	48	579.70
1.832596	1.325504	-1.671296	176	22	45	579.66
0.523599	1.413347	-1.339188	171	23	41	579.63
-0.523599	1.977582	0.969896	174	10	43	579.62
-1.832596	1.869911	2.701025	171	23	45	579.59
-3.141593	2.041297	-2.664597	180	23	47	579.59
-1.047198	0.591903	2.010408	169	16	42	579.56
-0.785398	2.251330	-2.330739	168	11	41	579.52
-0.261799	1.214854	-1.966664	168	10	39	579.49
-1.832596	2.089241	-0.114193	172	17	41	579.48
1.047198	1.134796	2.434290	167	16	43	579.43
2.094395	1.998705	2.370472	189	17	52	579.41
-1.047198	2.984978	1.954446	173	17	42	579.40
-0.523599	1.367556	0.358405	173	8	42	579.40
0.523599	2.719179	-1.780644	176	14	43	579.35
-1.570796	1.909857	-0.381669	174	11	42	579.34
0.523599	2.247462	0.191623	170	22	43	579.31
1.832596	0.899350	-2.069907	175	7	43	579.25
-2.094395	1.310100	1.488307	173	9	44	579.21
0.000000	2.579248	-2.364801	176	12	43	579.20
-2.617994	2.153910	-1.714959	177	16	46	579.17
2.356194	1.242974	-2.977882	174	19	46	579.14
1.308997	1.242974	-2.977882	176	21	45	579.14
-1.570796	2.164094	-2.991358	168	10	40	579.12
-3.141593	1.662363	0.915448	167	19	42	579.11
-1.047198	2.664082	-1.071402	169	19	43	579.10
2.879793	1.450119	-2.739050	181	19	49	579.07
-3.141593	2.407836	1.410646	167	20	35	579.06
2.356194	0.914445	2.687814	169	23	42	579.03
0.523599	1.310100	1.488307	180	13	48	579.00
2.356194	1.721184	-0.153948	178	15	45	578.84
1.308997	2.174483	2.653697	177	25	43	578.83
0.261799	2.979456	-1.009304	177	11	44	578.77
-1.308997	1.699788	2.452890	175	15	47	578.76
2.094395	1.869911	2.701025	173	18	41	578.75
0.261799	1.545873	-1.877082	171	8	41	578.75
-1.308997	2.724429	-0.348782	173	16	42	578.72
1.570796	1.045978	0.343692	175	10	41	578.69
-1.570796	1.301460	-0.509251	170	9	38	578.68
2.356194	0.929350	-2.910676	178	23	49	578.67
1.570796	1.045978	0.343692	177	11	43	578.61
-2.879793	2.979456	-1.009304	174	18	43	578.52
0.000000	2.637879	2.121598	174	4	38	578.51
-0.785398	0.762244	-0.273349	172	16	45	578.47
1.047198	1.113094	-0.272241	175	23	44	578.41
2.094395	2.138223	1.678323	178	19	44	578.39
1.308997	1.242974	-2.977882	174	4	42	578.38
-2.879793	2.174483	2.653697	177	23	44	578.36
-1.832596	0.960688	-0.577532	172	13	44	578.33
-1.047198	0.370812	-2.547742	179	24	46	578.29
0.261799	2.299159	2.264663	177	7	46	578.28
1.308997	1.812176	0.656819	166	14	37	578.27
2.617994	0.297065	2.160177	171	8	41	578.08
0.523599	1.413347	-1.339188	173	20	41	578.04
-1.047198	1.599406	1.426070	175	15	48	578.00
-1.832596	2.396274	-1.959260	173	11	41	577.99
0.261799	1.606104	-0.451151	177	22	45	577.97
-2.094395	1.450119	-2.739050	176	17	48	577.96
-3.141593	1.128190	-2.288622	174	17	42	577.96
1.832596	2.379497	0.561089	176	9	45	577.95
0.785398	1.998705	2.370472	180	9	49	577.94
-2.879793	2.984978	1.954446	171	14	40	577.93
-1.308997	2.174483	2.653697	171	18	44	577.87
-1.308997	0.831641	0.616218	168	22	42	577.81
1.047198	2.704512	1.488683	171	11	37	577.81
1.570796	1.741644	-2.695914	175	14	43	577.77
0.261799	1.683268	0.374177	169	17	38	577.76
0.785398	0.910508	1.903534	171	12	43	577.75
0.000000	2.724429	-0.348782	166	16	40	577.74
-2.094395	2.724429	-0.348782	169	22	39	577.73
1.047198	2.881233	-2.582574	178	26	46	577.72
-0.261799	1.756530	-2.105156	175	17	47	577.71
0.785398	2.704512	1.488683	171	16	41	577.65
-1.832596	2.089241	-0.114193	170	18	41	577.65
-1.832596	0.899350	-2.069907	168	13	40	577.64
0.000000	1.374601	-2.456031	181	21	50	577.63
1.832596	0.914445	2.687814	171	3	43	577.62
-0.261799	0.458961	-0.107937	174	13	45	577.59
2.879793	1.846342	-1.796954	174	14	45	577.55
1.047198	1.736875	3.023612	171	4	44	577.54
-0.785398	0.418037	1.360082	173	21	46	577.51
-1.308997	1.824694	1.850876	170	21	45	577.47
-1.832596	1.998705	2.370472	170	18	44	577.40
2.094395	2.138223	1.678323	178	18	44	577.39
-0.261799	1.836682	-0.676006	171	15	40	577.35
0.261799	2.108018	1.311430	169	17	36	577.34
0.261799	1.732874	-0.951685	179	32	43	577.32
0.261799	1.301460	-0.509251	177	23	44	577.29
-0.261799	1.756530	-2.105156	173	15	46	577.29
-2.094395	1.554776	0.100351	172	13	43	577.21
0.523599	0.458961	-0.107937	171	20	38	577.19
0.785398	0.850607	-1.335383	175	7	42	577.19
2.356194	2.863997	0.549740	177	18	44	577.14
-2.879793	1.846342	-1.796954	177	12	46	577.12
1.832596	1.194549	-0.801900	176	11	43	577.01
-1.308997	0.992645	-1.723759	175	18	47	576.99
0.523599	1.904882	-1.478089	174	19	43	576.95
-2.356194	2.063651	-2.044600	184	27	46	576.93
0.000000	1.875281	0.107086	171	16	39	576.90
2.879793	0.290380	-0.796960	172	15	42	576.80
-2.356194	1.617114	-1.572037	179	16	46	576.80
-2.356194	1.367556	0.358405	171	16	45	576.79
2.094395	1.569311	-3.003978	175	14	43	576.76
2.617994	0.290380	-0.796960	174	17	46	576.75
2.094395	1.732874	-0.951685	173	19	43	576.68
2.617994	0.850607	-1.335383	178	24	44	576.65
-1.570796	1.194549	-0.801900	171	9	40	576.63
2.617994	2.407836	1.410646	172	31	44	576.58
0.785398	2.073035	2.027405	186	12	50	576.52
-2.094395	0.618092	2.539118	177	10	47	576.42
-3.141593	2.704512	1.488683	172	10	38	576.38
0.000000	1.909857	-0.381669	27	0	7	576.33
-2.617994	0.618092	2.539118	174	13	47	576.29
-1.047198	1.128190	-2.288622	174	6	41	576.28
-1.832596	0.866395	-2.492918	172	13	44	576.23
-1.308997	0.203748	0.590255	176	24	47	576.18
2.879793	1.870545	-2.976234	176	21	46	576.01
0.785398	2.164094	-2.991358	176	12	43	575.98
-2.879793	0.297065	2.160177	171	10	44	575.97
2.094395	0.571433	-1.188419	178	20	44	575.90
2.617994	1.128190	-2.288622	169	15	40	575.89
-3.141593	0.992645	-1.723759	174	26	42	575.81
-1.832596	0.929350	-2.910676	181	22	50	575.74
-1.832596	1.741644	-2.695914	173	18	47	575.66
-1.832596	1.699788	2.452890	171	18	46	575.61
-0.261799	1.301460	-0.509251	180	28	44	575.57
-1.047198	1.135834	-1.431087	174	18	46	575.53
2.879793	1.184361	0.625864	168	19	42	575.43
-0.785398	1.904882	-1.478089	183	18	47	575.40
0.000000	0.419640	2.974122	178	26	48	575.37
1.047198	2.343981	-1.040456	173	15	42	575.36
0.000000	2.587733	0.232235	175	14	43	575.32
-1.570796	2.041297	-2.664597	171	16	46	575.29
0.523599	1.256302	0.062705	170	20	40	575.28
1.047198	1.846342	-1.796954	179	21	47	575.26
-0.785398	2.478122	2.609777	169	7	37	575.25
-0.261799	2.089241	-0.114193	172	17	41	575.23
-1.832596	0.910508	1.903534	171	8	41	575.23
0.523599	1.998705	2.370472	176	10	47	575.22
2.617994	0.899350	-2.069907	168	11	39	575.20
-1.308997	0.496451	0.593859	168	18	40	575.19
0.000000	1.741644	-2.695914	174	8	43	575.18
2.094395	0.762244	-0.273349	172	14	41	575.18
-1.832596	2.180315	-1.357379	175	18	45	575.15
1.047198	1.025536	1.576859	176	13	46	575.15
-0.261799	1.574060	2.783565	172	22	49	575.11
-1.047198	2.001437	0.381215	176	24	44	575.10
-1.832596	0.640596	-2.797608	186	22	50	575.07
-0.785398	0.370812	-2.547742	178	22	46	575.06
-1.047198	2.396274	-1.959260	166	19	37	575.06
-1.308997	0.910508	1.903534	181	24	49	575.04
-3.141593	1.135813	-2.658866	178	9	44	575.01
-1.832596	2.033014	2.977192	169	9	41	574.95
1.570796	0.496451	0.593859	174	9	41	574.94
0.785398	0.419640	2.974122	171	19	45	574.93
2.879793	2.719179	-1.780644	175	15	47	574.89
-2.356194	2.104282	-0.813972	168	14	37	574.85
-3.141593	0.591903	2.010408	52	182	177	574.77
-0.261799	2.063651	-2.044600	170	11	42	574.73
-3.141593	1.824694	1.850876	174	17	47	574.73
0.523599	2.637879	2.121598	174	29	44	574.72
-1.308997	1.998705	2.370472	178	22	53	574.70
-2.094395	0.297065	2.160177	177	30	45	574.70
1.570796	2.407836	1.410646	168	10	38	574.70
-0.785398	1.766067	2.153843	168	20	44	574.53
-2.356194	0.615174	-0.666022	173	14	45	574.53
2.356194	0.571433	-1.188419	33	179	10	574.52
0.523599	0.831641	0.616218	171	17	41	574.52
-0.785398	2.724429	-0.348782	179	16	46	574.43
2.879793	1.413347	-1.339188	177	15	45	574.38
-1.047198	1.948085	-2.363031	173	17	47	574.38
0.261799	2.001437	0.381215	169	14	36	574.32
2.879793	1.870545	-2.976234	177	21	46	574.25
0.523599	2.863997	0.549740	164	18	35	574.24
-1.570796	1.741644	-2.695914	170	11	38	574.21
-1.047198	1.872854	1.543456	171	14	45	574.20
-1.832596	1.982574	-1.115518	51	178	170	574.18
-2.879793	2.456751	-1.503343	182	24	48	574.15
-2.879793	1.325504	-1.671296	176	13	44	574.15
-3.141593	1.134497	-1.109631	170	19	41	574.12
-2.879793	1.135834	-1.431087	179	11	43	574.07
-0.261799	0.370812	-2.547742	173	24	46	574.07
0.523599	1.247695	1.809890	175	11	46	574.06
2.356194	2.089241	-0.114193	182	18	46	574.02
0.523599	0.458961	-0.107937	179	7	43	574.00
2.617994	1.450119	-2.739050	180	19	49	574.00
-0.261799	2.295480	1.008277	167	12	35	573.92
-2.356194	1.194549	-0.801900	167	18	40	573.89
0.785398	1.488617	1.159546	183	13	47	573.80
0.785398	0.910508	1.903534	172	12	44	573.78
-1.047198	0.992645	-1.723759	167	21	40	573.74
-1.832596	1.433411	-1.035986	168	18	41	573.68
-0.523599	1.617114	-1.572037	186	24	48	573.67
-3.141593	1.135834	-1.431087	176	26	43	573.64
1.570796	1.836682	-0.676006	171	21	44	573.63
0.523599	0.458961	-0.107937	179	8	45	573.60
2.356194	0.418037	1.360082	162	16	37	573.59
-3.141593	1.134497	-1.109631	171	9	37	573.59
-0.261799	2.164094	-2.991358	163	18	40	573.48
0.785398	0.831641	0.616218	182	24	48	573.48
0.785398	2.393226	1.857173	168	22	38	573.48
-1.832596	2.863997	0.549740	184	22	47	573.48
-0.261799	2.984978	1.954446	176	14	42	573.44
-1.308997	2.180315	-1.357379	176	17	45	573.31
-1.047198	1.242974	-2.977882	173	11	43	573.31
2.094395	2.164094	-2.991358	168	17	39	573.30
-2.356194	1.812176	0.656819	168	10	39	573.28
-1.570796	1.135834	-1.431087	174	22	45	573.26
1.047198	2.180315	-1.357379	174	18	44	573.25
-2.879793	2.379497	0.561089	166	13	37	573.25
2.094395	0.733948	3.021411	169	19	42	573.25
1.832596	2.456751	-1.503343	173	19	45	573.19
2.617994	1.812176	0.656819	174	27	42	573.17
-0.261799	2.033014	2.977192	167	16	45	573.12
0.785398	1.433411	-1.035986	168	18	43	573.11
2.094395	0.619654	-2.216909	178	7	46	573.03
1.047198	0.419640	2.974122	175	20	48	573.00
0.000000	0.700570	1.559208	175	11	45	572.99
-1.832596	1.413347	-1.339188	168	16	40	572.97
0.261799	2.164094	-2.991358	184	21	46	572.94
-2.356194	1.113094	-0.272241	171	20	45	572.90
1.308997	2.587733	0.232235	173	8	39	572.90
-2.617994	2.153910	-1.714959	179	16	48	572.89
1.308997	2.579248	-2.364801	174	25	44	572.85
-2.356194	2.724429	-0.348782	179	17	45	572.83
2.879793	2.719179	-1.780644	176	15	47	572.82
0.000000	1.909857	-0.381669	171	12	38	572.79
1.308997	1.417623	-0.202254	167	18	38	572.73
-0.261799	2.588535	-2.976617	165	21	41	572.66
-1.047198	2.984978	1.954446	179	19	45	572.63
-0.785398	0.906588	1.252948	168	18	43	572.62
-0.785398	2.587733	0.232235	178	22	46	572.60
-2.879793	1.574060	2.783565	171	19	45	572.57
-0.261799	1.809167	1.213774	171	9	40	572.54
1.570796	1.809167	1.213774	173	15	40	572.53
1.832596	1.574060	2.783565	182	4	48	572.52
2.879793	1.134497	-1.109631	170	21	41	572.46
0.523599	0.640596	-2.797608	173	16	47	572.45
-2.094395	1.025536	1.576859	181	18	48	572.44
2.356194	1.128190	-2.288622	172	23	40	572.42
2.356194	2.063651	-2.044600	176	20	46	572.42
-1.308997	1.506530	1.988858	170	19	42	572.35
0.000000	2.455966	-0.641220	168	15	43	572.29
0.261799	2.637879	2.121598	177	30	44	572.26
1.047198	2.719179	-1.780644	177	16	44	572.22
0.523599	2.719179	-1.780644	175	17	43	572.21
-2.617994	1.554776	0.100351	168	15	40	572.17
-1.832596	0.864993	2.278281	174	9	45	572.15
1.308997	1.510910	-0.740472	171	10	43	572.15
-2.879793	1.310100	1.488307	176	17	48	572.15
0.523599	1.721184	-0.153948	176	18	43	572.11
-2.879793	2.393226	1.857173	172	19	40	572.10
2.617994	2.393226	1.857173	31	190	9	572.02
-2.094395	2.396274	-1.959260	174	13	44	571.99
-1.570796	1.168678	2.108595	172	7	42	571.98
-0.523599	1.662363	0.915448	177	13	46	571.96
-1.308997	2.396274	-1.959260	178	8	42	571.90
2.879793	2.587733	0.232235	164	17	34	571.90
-1.570796	0.591903	2.010408	171	26	43	571.86
2.094395	0.640596	-2.797608	168	13	41	571.78
-2.094395	0.709924	0.218797	180	18	48	571.78
2.879793	1.450119	-2.739050	180	18	49	571.74
-1.832596	1.756530	-2.105156	172	25	42	571.72
2.879793	0.866395	-2.492918	171	18	39	571.71
2.617994	0.203748	0.590255	167	14	41	571.71
0.785398	0.850607	-1.335383	167	25	37	571.67
1.832596	2.404280	-0.174044	49	170	177	571.67
0.000000	1.335669	0.897240	180	13	47	571.66
-2.356194	1.504028	0.636812	171	7	39	571.59
1.832596	0.910508	1.903534	166	15	42	571.58
-2.617994	1.310100	1.488307	177	13	48	571.56
-3.141593	2.180315	-1.357379	183	18	48	571.56
-0.785398	2.115563	0.685730	173	25	41	571.52
1.832596	2.138223	1.678323	178	20	44	571.52
-3.141593	1.606104	-0.451151	168	20	36	571.46
-1.570796	2.247462	0.191623	173	24	43	571.45
-2.356194	1.846342	-1.796954	175	15	44	571.44
-1.047198	1.998705	2.370472	172	16	48	571.41
-0.523599	0.709924	0.218797	171	15	44	571.34
-2.617994	1.168678	2.108595	168	14	40	571.32
-2.617994	2.478122	2.609777	177	26	43	571.27
-0.523599	0.571433	-1.188419	167	14	39	571.27
1.570796	1.218453	2.777284	176	11	48	571.26
2.617994	0.960688	-0.577532	173	15	43	571.19
-0.523599	2.881233	-2.582574	173	13	40	571.17
-2.879793	1.214854	-1.966664	177	17	43	571.17
0.785398	1.184361	0.625864	174	12	43	571.15
-2.879793	1.998705	2.370472	182	21	49	571.11
-1.832596	1.904882	-1.478089	51	180	170	571.11
0.261799	1.756530	-2.105156	174	6	43	571.08
-2.356194	1.506530	1.988858	168	16	43	571.02
-1.047198	0.203748	0.590255	172	6	41	570.99
0.523599	1.658653	-2.409879	180	10	48	570.96
2.617994	1.335669	0.897240	173	22	45	570.91
-1.570796	2.664082	-1.071402	174	22	44	570.87
-2.094395	2.587733	0.232235	182	19	45	570.86
-0.785398	0.685216	-1.712745	164	21	38	570.82
1.308997	1.554776	0.100351	179	16	46	570.82
-1.832596	1.904882	-1.478089	51	180	171	570.81
2.879793	1.998705	2.370472	183	21	49	570.81
1.570796	0.929350	-2.910676	178	10	46	570.81
-2.879793	2.587733	0.232235	180	16	45	570.79
-1.832596	2.393226	1.857173	168	11	38	570.78
-1.832596	0.640596	-2.797608	173	12	45	570.76
1.308997	1.440580	2.260026	173	14	47	570.76
2.617994	0.591903	2.010408	175	26	47	570.73
1.570796	2.343981	-1.040456	175	11	42	570.73
-1.308997	2.104282	-0.813972	181	27	46	570.70
2.094395	1.599406	1.426070	173	15	40	570.66
2.879793	0.831641	0.616218	168	15	41	570.65
2.879793	1.184361	0.625864	169	20	43	570.65
-0.523599	1.242974	-2.977882	175	19	49	570.63
-2.617994	1.998705	2.370472	181	22	50	570.63
2.356194	0.080730	-2.622036	176	19	47	570.60
0.523599	2.251330	-2.330739	178	18	45	570.60
-0.785398	1.256302	0.062705	172	11	44	570.59
-2.356194	1.662363	0.915448	172	10	42	570.59
0.261799	0.709924	0.218797	178	9	45	570.56
-1.047198	1.872854	1.543456	171	15	46	570.56
-1.570796	1.440580	2.260026	176	14	46	570.54
2.879793	1.450119	-2.739050	177	14	45	570.51
-1.570796	0.700570	1.559208	172	26	44	570.47
-2.094395	1.374601	-2.456031	174	21	45	570.47
0.261799	1.417623	-0.202254	172	16	41	570.47
-2.879793	1.242974	-2.977882	176	9	42	570.39
-3.141593	1.367556	0.358405	169	20	42	570.38
1.832596	1.301460	-0.509251	176	22	45	570.35
1.308997	1.374601	-2.456031	177	14	47	570.32
-1.308997	1.310100	1.488307	173	15	44	570.28
1.832596	1.545873	-1.877082	170	17	42	570.23
-1.570796	2.587733	0.232235	170	25	40	570.22
-1.047198	2.664082	-1.071402	170	18	43	570.21
-1.308997	1.214854	-1.966664	180	29	47	570.21
-0.785398	1.875281	0.107086	174	11	41	570.15
0.785398	0.290380	-0.796960	176	4	40	570.02
-1.832596	0.866955	-0.931351	170	10	39	570.01
-2.617994	2.164094	-2.991358	175	9	40	570.00
-2.356194	0.899350	-2.069907	174	20	46	569.95
0.261799	2.863997	0.549740	164	24	37	569.86
-0.785398	0.203748	0.590255	175	21	47	569.84
-2.617994	0.733948	3.021411	177	14	48	569.81
1.308997	0.458961	-0.107937	170	18	39	569.79
2.617994	0.618092	2.539118	173	14	47	569.74
-2.094395	1.128190	-2.288622	168	18	41	569.74
2.356194	1.214854	-1.966664	173	19	43	569.73
2.094395	0.864993	2.278281	180	26	49	569.70
-1.570796	1.168678	2.108595	175	8	45	569.66
0.261799	1.872854	1.543456	177	7	43	569.63
1.570796	2.108018	1.311430	185	29	46	569.55
1.047198	1.218453	2.777284	167	10	43	569.55
-3.141593	1.836682	-0.676006	180	3	41	569.45
-1.570796	2.247462	0.191623	170	20	40	569.42
-2.356194	1.824694	1.850876	166	16	40	569.41
-2.617994	1.413347	-1.339188	181	13	45	569.39
-2.617994	1.574060	2.783565	174	22	46	569.36
1.570796	2.984978	1.954446	173	10	38	569.34
-3.141593	1.569311	-3.003978	176	19	48	569.33
2.094395	1.606104	-0.451151	179	17	46	569.32
-1.308997	2.724429	-0.348782	172	17	43	569.30
1.308997	1.301460	-0.509251	178	25	45	569.26
1.832596	1.569311	-3.003978	179	24	47	569.20
-0.261799	1.134796	2.434290	181	29	50	569.19
-2.356194	2.579248	-2.364801	170	11	38	569.16
-0.523599	0.080730	-2.622036	171	19	43	569.13
0.785398	2.001437	0.381215	165	21	38	569.12
0.785398	1.413347	-1.339188	170	21	42	569.11
2.617994	1.736875	3.023612	172	22	44	569.09
-2.879793	2.724429	-0.348782	182	15	46	569.09
1.047198	1.045978	0.343692	171	15	41	569.03
2.356194	1.448123	-2.163292	176	25	43	569.02
2.094395	0.619654	-2.216909	180	13	48	568.93
-2.879793	1.617114	-1.572037	176	16	45	568.92
-1.832596	2.041297	-2.664597	170	19	45	568.87
-0.785398	1.766067	2.153843	169	18	43	568.80
-2.094395	0.910508	1.903534	168	10	41	568.78
-2.879793	2.592629	0.909713	166	20	41	568.72
1.308997	1.658653	-2.409879	175	16	44	568.71
-1.570796	1.870545	-2.976234	171	11	44	568.69
-1.047198	1.367556	0.358405	174	20	45	568.66
-2.617994	1.184361	0.625864	170	14	45	568.63
0.785398	1.113094	-0.272241	176	24	44	568.63
-0.785398	1.367556	0.358405	179	21	46	568.56
2.356194	2.356369	3.005869	170	14	41	568.54
-2.879793	2.108018	1.311430	177	28	46	568.50
0.261799	2.719179	-1.780644	32	178	9	568.48
1.832596	1.977582	0.969896	173	11	41	568.48
-0.261799	2.587733	0.232235	177	20	45	568.47
2.879793	2.704512	1.488683	171	32	42	568.46
2.094395	2.719179	-1.780644	172	19	43	568.40
1.047198	1.050534	3.042579	165	8	41	568.39
-1.047198	0.866395	-2.492918	173	19	44	568.29
-1.047198	1.184361	0.625864	166	16	38	568.26
2.879793	0.866955	-0.931351	173	22	43	568.14
2.617994	1.448123	-2.163292	175	25	43	568.10
-2.094395	2.174483	2.653697	174	26	45	568.05
-3.141593	1.846342	-1.796954	179	12	47	568.04
-1.308997	2.984978	1.954446	167	13	40	568.04
2.356194	2.456751	-1.503343	172	15	43	567.99
0.523599	0.762244	-0.273349	171	18	40	567.97
-1.570796	0.615174	-0.666022	177	9	44	567.87
2.094395	2.760637	2.781135	57	177	177	567.85
-1.047198	0.910508	1.903534	169	19	41	567.73
-1.832596	0.914445	2.687814	181	17	50	567.70
-0.523599	0.850607	-1.335383	169	17	42	567.66
0.000000	2.115563	0.685730	173	19	42	567.66
0.523599	1.450119	-2.739050	183	16	50	567.56
-3.141593	2.456751	-1.503343	183	23	48	567.48
0.785398	2.587733	0.232235	168	16	39	567.44
0.785398	1.836682	-0.676006	170	15	45	567.36
-1.832596	1.218453	2.777284	180	22	50	567.33
-2.094395	1.184361	0.625864	177	17	48	567.33
-2.617994	1.696674	-1.253233	180	18	46	567.30
-2.094395	1.741644	-2.695914	173	20	47	567.29
-1.308997	1.242974	-2.977882	171	14	44	567.25
2.879793	1.374601	-2.456031	179	13	46	567.24
-2.094395	2.478122	2.609777	172	13	41	567.18
-0.785398	1.135813	-2.658866	173	13	43	567.15
2.094395	2.343981	-1.040456	183	28	44	567.13
0.000000	0.866395	-2.492918	168	14	41	567.12
-0.785398	1.448123	-2.163292	176	22	49	567.11
0.785398	1.998705	2.370472	179	9	48	567.11
-1.308997	0.591903	2.010408	170	24	43	567.08
-2.617994	1.872854	1.543456	180	27	48	567.04
-1.832596	2.407836	1.410646	171	8	45	566.98
-2.094395	1.214854	-1.966664	170	20	42	566.92
0.785398	0.700570	1.559208	174	13	45	566.84
-1.570796	2.379497	0.561089	167	6	35	566.83
0.523599	1.488617	1.159546	181	14	47	566.78
-1.047198	1.658653	-2.409879	167	14	41	566.72
-1.570796	2.637879	2.121598	165	14	42	566.71
2.094395	1.391910	3.030322	175	25	46	566.70
2.617994	1.242974	-2.977882	175	18	47	566.67
2.094395	1.756530	-2.105156	172	20	45	566.57
-2.094395	2.115563	0.685730	170	19	42	566.39
2.356194	1.977582	0.969896	177	2	38	566.35
-0.785398	1.909857	-0.381669	171	20	40	566.33
-1.308997	1.555207	1.708892	170	15	41	566.29
-0.785398	2.579248	-2.364801	168	9	39	566.26
2.356194	0.961715	0.014085	178	11	44	566.26
1.832596	0.619654	-2.216909	178	13	47	566.24
1.047198	0.910508	1.903534	174	9	44	566.20
1.047198	1.555207	1.708892	181	24	49	566.19
1.832596	1.448123	-2.163292	167	22	40	566.17
-2.356194	2.247462	0.191623	167	16	36	566.17
-1.570796	1.247695	1.809890	173	6	42	566.16
-1.570796	2.174483	2.653697	172	24	45	566.16
-0.523599	1.545873	-1.877082	167	11	38	566.13
-2.879793	1.184361	0.625864	170	14	43	566.11
0.785398	0.419640	2.974122	172	19	45	566.10
-1.308997	1.569311	-3.003978	169	10	39	566.08
0.000000	0.866955	-0.931351	176	24	44	566.03
-2.094395	0.419640	2.974122	174	19	46	566.01
-1.308997	2.063651	-2.044600	168	23	42	565.95
-3.141593	2.704512	1.488683	170	22	39	565.93
-2.617994	0.961715	0.014085	175	21	46	565.89
1.047198	0.080730	-2.622036	170	13	43	565.83
0.261799	0.910508	1.903534	170	12	41	565.80
-1.047198	0.992645	-1.723759	172	11	43	565.78
2.879793	1.367556	0.358405	167	22	39	565.72
2.094395	2.251330	-2.330739	170	20	44	565.66
-1.047198	1.242974	-2.977882	175	18	49	565.59
1.570796	1.194549	-0.801900	173	13	42	565.58
2.094395	1.904882	-1.478089	169	14	42	565.52
0.261799	1.506530	1.988858	176	13	48	565.52
-0.261799	2.295480	1.008277	169	20	38	565.49
-3.141593	1.335669	0.897240	166	16	41	565.45
1.832596	1.599406	1.426070	174	26	46	565.45
0.523599	1.135813	-2.658866	179	15	49	565.44
1.308997	1.836682	-0.676006	171	21	44	565.44
2.356194	1.448123	-2.163292	174	23	43	565.44
-0.261799	0.080730	-2.622036	172	16	43	565.36
-1.570796	1.256302	0.062705	174	5	40	565.31
1.047198	1.658653	-2.409879	181	31	43	565.23
-2.879793	0.080730	-2.622036	177	25	47	565.21
0.785398	0.615174	-0.666022	174	24	41	565.19
1.570796	1.135813	-2.658866	174	17	47	565.17
1.832596	2.174483	2.653697	179	26	44	565.14
-2.617994	1.242974	-2.977882	169	20	39	565.12
-1.308997	2.592629	0.909713	180	17	44	565.09
-1.308997	1.413347	-1.339188	170	19	42	565.05
-2.094395	1.134796	2.434290	173	13	47	565.04
0.000000	2.760637	2.781135	182	29	44	565.00
-0.785398	0.370812	-2.547742	169	18	41	565.00
2.879793	1.554776	0.100351	174	13	39	564.98
0.261799	2.984978	1.954446	177	25	47	564.98
-2.879793	0.571433	-1.188419	172	15	41	564.97
-2.094395	0.866395	-2.492918	169	16	42	564.94
-2.617994	2.984978	1.954446	181	20	45	564.93
0.523599	1.872854	1.543456	176	19	42	564.93
0.523599	2.478122	2.609777	178	2	45	564.90
0.000000	2.115563	0.685730	175	27	43	564.87
-1.308997	1.736875	3.023612	168	14	43	564.84
2.356194	0.709924	0.218797	175	20	46	564.83
2.094395	2.664082	-1.071402	177	18	47	564.82
-0.785398	1.683268	0.374177	171	11	41	564.80
-1.047198	1.554776	0.100351	173	16	43	564.74
-2.356194	1.732874	-0.951685	184	23	46	564.71
-2.617994	0.762244	-0.273349	173	18	45	564.66
2.617994	0.674054	1.013609	170	12	42	564.66
2.617994	1.440580	2.260026	181	14	53	564.65
-0.523599	2.579248	-2.364801	171	7	39	564.64
-0.785398	0.379747	-1.713059	167	23	41	564.62
1.308997	1.683268	0.374177	166	15	37	564.49
0.000000	2.587733	0.232235	176	14	43	564.49
2.094395	2.115563	0.685730	175	6	41	564.45
1.570796	1.214854	-1.966664	168	22	41	564.44
-2.879793	1.545873	-1.877082	172	11	39	564.44
-3.141593	0.370812	-2.547742	176	13	44	564.44
2.356194	0.700570	1.559208	174	27	45	564.36
-0.523599	1.247695	1.809890	172	14	44	564.26
1.832596	1.683268	0.374177	171	11	40	564.25
-2.094395	0.733948	3.021411	182	17	49	564.22
-0.785398	0.866395	-2.492918	174	16	44	564.21
2.617994	0.914445	2.687814	169	20	41	564.17
-2.617994	1.256302	0.062705	168	17	42	564.17
1.570796	0.591903	2.010408	176	26	46	564.12
1.832596	0.619654	-2.216909	170	8	41	564.11
2.879793	1.909857	-0.381669	178	5	42	564.10
1.308997	0.850607	-1.335383	164	17	36	564.08
-0.523599	2.356369	3.005869	165	16	42	564.07
-1.308997	1.504028	0.636812	174	4	39	564.02
-3.141593	1.977582	0.969896	167	20	43	563.98
0.261799	1.977582	0.969896	172	19	40	563.95
-3.141593	0.419640	2.974122	171	7	42	563.93
2.356194	2.393226	1.857173	184	27	46	563.90
-3.141593	2.396274	-1.959260	177	21	48	563.89
-0.785398	1.134796	2.434290	166	20	40	563.86
2.094395	0.640596	-2.797608	175	19	48	563.85
-3.141593	0.733948	3.021411	172	8	43	563.81
0.261799	0.910508	1.903534	171	12	42	563.77
1.308997	2.588535	-2.976617	172	25	43	563.68
-0.785398	1.014500	0.906702	169	14	41	563.60
0.785398	1.836682	-0.676006	173	27	44	563.60
0.261799	0.419640	2.974122	177	25	48	563.59
-1.308997	2.637879	2.121598	53	178	169	563.58
-1.832596	2.719179	-1.780644	170	16	44	563.58
2.094395	0.700570	1.559208	179	33	44	563.53
0.523599	1.982574	-1.115518	171	12	37	563.39
1.832596	1.812176	0.656819	34	180	6	563.37
-0.261799	2.349581	-2.702517	178	16	45	563.36
1.308997	1.506530	1.988858	176	18	48	563.33
0.523599	2.299159	2.264663	183	6	48	563.29
-1.832596	0.866395	-2.492918	171	13	43	563.16
-1.047198	0.203748	0.590255	172	17	44	563.13
-0.523599	2.979456	-1.009304	182	15	50	563.13
-0.261799	1.113094	-0.272241	170	21	39	563.09
0.261799	1.310100	1.488307	174	11	44	563.08
-2.617994	1.135834	-1.431087	170	13	38	563.08
-3.141593	1.045978	0.343692	167	16	40	563.05
-2.094395	1.904882	-1.478089	51	176	170	562.93
-1.047198	0.571433	-1.188419	169	21	42	562.92
-2.617994	1.025536	1.576859	181	18	49	562.89
2.617994	1.812176	0.656819	171	11	37	562.89
1.308997	1.242974	-2.977882	173	3	42	562.84
1.570796	1.869911	2.701025	177	26	44	562.82
2.879793	1.736875	3.023612	174	23	46	562.79
1.832596	1.242974	-2.977882	174	21	45	562.79
0.261799	2.579248	-2.364801	179	15	45	562.77
-0.523599	2.592629	0.909713	177	25	43	562.76
-0.785398	1.599406	1.426070	177	15	49	562.74
2.879793	1.846342	-1.796954	178	13	48	562.74
2.094395	1.450119	-2.739050	179	19	48	562.74
1.832596	1.488617	1.159546	175	34	45	562.73
0.785398	1.869911	2.701025	173	7	44	562.71
0.523599	1.488617	1.159546	182	14	47	562.67
1.308997	0.685216	-1.712745	177	9	45	562.67
-2.879793	2.881233	-2.582574	166	18	38	562.66
-0.261799	1.875281	0.107086	169	18	37	562.64
-3.141593	0.370812	-2.547742	174	13	43	562.54
0.785398	1.721184	-0.153948	176	13	43	562.52
-0.785398	2.343981	-1.040456	173	17	44	562.47
1.832596	1.310100	1.488307	173	17	40	562.46
-1.308997	0.866395	-2.492918	173	8	42	562.44
2.879793	0.203748	0.590255	168	11	42	562.44
1.047198	2.108018	1.311430	165	17	36	562.42
-0.785398	1.875281	0.107086	173	12	40	562.39
1.047198	2.138223	1.678323	52	171	175	562.33
1.570796	2.579248	-2.364801	173	11	39	562.33
-2.617994	1.168678	2.108595	168	13	40	562.32
2.879793	2.343981	-1.040456	176	11	45	562.30
-1.047198	1.809167	1.213774	174	12	46	562.27
-1.570796	2.089241	-0.114193	181	23	46	562.26
-0.785398	0.929350	-2.910676	174	16	45	562.20
-2.879793	0.458961	-0.107937	176	15	47	562.19
-1.047198	1.824694	1.850876	169	20	45	562.16
2.356194	0.640596	-2.797608	172	10	44	562.15
-0.785398	0.571433	-1.188419	178	16	48	562.07
1.308997	2.174483	2.653697	175	15	43	562.06
-1.570796	1.766067	2.153843	176	16	48	562.04
-3.141593	2.299159	2.264663	181	28	48	562.04
0.785398	1.440580	2.260026	173	18	49	562.00
-1.047198	1.846342	-1.796954	168	21	40	561.98
1.832596	1.448123	-2.163292	171	14	40	561.94
0.000000	0.831641	0.616218	176	13	47	561.93
-2.879793	2.180315	-1.357379	176	20	43	561.93
0.785398	1.488617	1.159546	183	16	47	561.86
2.879793	0.992645	-1.723759	177	16	45	561.83
-2.094395	2.760637	2.781135	167	9	36	561.82
0.261799	0.419640	2.974122	176	25	48	561.81
-2.879793	2.456751	-1.503343	179	10	47	561.81
-1.047198	0.615174	-0.666022	175	18	47	561.80
-0.261799	0.929350	-2.910676	170	18	43	561.76
-0.785398	2.356369	3.005869	167	13	39	561.76
-0.261799	1.574060	2.783565	171	21	48	561.70
0.261799	1.836682	-0.676006	55	176	173	561.66
2.879793	1.736875	3.023612	174	24	46	561.65
0.523599	2.187132	-0.479875	175	21	45	561.64
1.047198	1.195355	1.200319	180	17	48	561.63
-1.832596	1.875281	0.107086	170	10	39	561.62
2.094395	2.637879	2.121598	170	8	41	561.51
-1.308997	1.904882	-1.478089	42	179	6	561.51
1.308997	2.588535	-2.976617	179	190	38	561.45
0.000000	1.374601	-2.456031	175	14	47	561.45
-3.141593	1.662363	0.915448	172	21	45	561.44
0.000000	2.041297	-2.664597	181	23	46	561.41
-2.879793	1.488617	1.159546	170	17	45	561.38
0.523599	0.615174	-0.666022	181	15	48	561.37
-2.356194	1.869911	2.701025	171	21	44	561.31
-0.261799	2.704512	1.488683	175	14	40	561.27
-1.308997	1.450119	-2.739050	169	15	43	561.25
-2.879793	2.637879	2.121598	173	25	41	561.19
-0.785398	1.617114	-1.572037	188	23	48	561.19
-1.047198	1.301460	-0.509251	174	27	41	561.16
0.261799	2.108018	1.311430	174	16	40	561.10
0.000000	1.025536	1.576859	171	16	45	561.05
1.308997	2.104282	-0.813972	170	13	39	561.03
0.261799	0.619654	-2.216909	173	14	47	560.99
-0.261799	2.579248	-2.364801	174	15	43	560.99
-1.047198	1.766067	2.153843	177	16	50	560.96
2.617994	1.554776	0.100351	175	23	42	560.91
2.356194	1.242974	-2.977882	174	18	46	560.90
0.785398	2.396274	-1.959260	180	23	46	560.89
0.523599	0.850607	-1.335383	169	28	37	560.88
-0.523599	1.448123	-2.163292	179	26	48	560.81
-1.570796	1.574060	2.783565	169	14	44	560.72
-2.617994	0.203748	0.590255	167	18	40	560.69
2.879793	2.041297	-2.664597	167	16	41	560.67
-3.141593	1.909857	-0.381669	173	14	39	560.65
2.094395	1.599406	1.426070	172	23	45	560.65
-1.047198	2.001437	0.381215	175	24	44	560.61
-0.523599	1.683268	0.374177	174	9	41	560.57
-0.261799	2.579248	-2.364801	174	4	39	560.52
-3.141593	1.014500	0.906702	166	13	40	560.51
-0.523599	0.864993	2.278281	171	18	44	560.47
-1.047198	0.914445	2.687814	182	12	49	560.41
2.879793	2.295480	1.008277	163	23	38	560.38
2.094395	1.184361	0.625864	176	16	41	560.35
-2.617994	1.135813	-2.658866	180	16	49	560.22
-1.308997	0.290380	-0.796960	166	21	40	560.18
1.047198	2.637879	2.121598	169	19	40	560.18
0.785398	2.104282	-0.813972	175	22	46	560.16
0.523599	2.108018	1.311430	169	24	39	560.15
-2.356194	1.448123	-2.163292	174	15	43	560.14
-2.617994	1.736875	3.023612	171	12	42	560.12
0.523599	0.615174	-0.666022	182	15	48	560.11
0.523599	1.433411	-1.035986	170	19	39	560.08
2.879793	2.138223	1.678323	177	12	42	560.03
0.000000	2.138223	1.678323	176	6	43	560.01
-0.261799	1.824694	1.850876	177	14	48	560.00
1.308997	2.247462	0.191623	171	10	38	559.98
-2.356194	2.456751	-1.503343	179	23	48	559.96
-2.094395	1.218453	2.777284	172	17	47	559.92
0.261799	0.674054	1.013609	176	13	47	559.90
-0.523599	1.869911	2.701025	171	19	48	559.89
-2.356194	2.356369	3.005869	166	15	38	559.87
-0.261799	1.433411	-1.035986	173	13	41	559.81
0.261799	1.417623	-0.202254	173	17	41	559.79
-3.141593	2.356369	3.005869	173	19	43	559.77
0.523599	0.619654	-2.216909	36	177	8	559.76
-2.617994	1.488617	1.159546	171	15	45	559.75
1.832596	1.247695	1.809890	170	18	46	559.75
-0.261799	0.733948	3.021411	172	19	43	559.74
-2.094395	1.214854	-1.966664	170	18	41	559.71
0.785398	1.301460	-0.509251	164	14	36	559.71
-3.141593	1.417623	-0.202254	171	18	40	559.69
0.785398	0.297065	2.160177	168	12	40	559.68
-2.879793	2.979456	-1.009304	175	18	44	559.58
2.356194	1.756530	-2.105156	170	17	43	559.57
-0.785398	1.846342	-1.796954	169	19	41	559.53
-0.785398	0.992645	-1.723759	165	18	38	559.53
0.261799	1.948085	-2.363031	177	4	42	559.52
0.000000	2.299159	2.264663	171	6	38	559.45
0.785398	1.168678	2.108595	172	22	47	559.41
-2.879793	1.869911	2.701025	172	27	43	559.33
-1.047198	1.325504	-1.671296	172	14	44	559.31
0.523599	2.138223	1.678323	168	25	37	559.27
0.000000	0.960688	-0.577532	177	28	43	559.25
1.047198	0.700570	1.559208	171	16	45	559.24
-0.785398	1.812176	0.656819	173	9	42	559.24
2.879793	1.756530	-2.105156	173	12	45	559.19
-1.570796	2.592629	0.909713	190	26	47	559.17
-3.141593	1.870545	-2.976234	176	20	46	559.15
1.570796	2.104282	-0.813972	172	11	39	559.15
1.570796	1.367556	0.358405	178	10	43	559.14
-1.832596	0.831641	0.616218	180	11	48	559.11
-0.261799	1.732874	-0.951685	171	11	38	559.11
-1.047198	2.247462	0.191623	175	20	44	559.10
0.785398	2.724429	-0.348782	179	14	48	559.09
2.879793	1.301460	-0.509251	177	21	46	559.08
2.094395	1.658653	-2.409879	169	22	42	559.06
2.879793	0.290380	-0.796960	173	15	43	559.04
2.879793	1.448123	-2.163292	174	23	43	559.03
1.570796	1.998705	2.370472	187	14	51	558.93
-1.047198	0.906588	1.252948	169	18	42	558.90
-2.617994	1.846342	-1.796954	173	15	43	558.90
0.785398	0.866955	-0.931351	176	24	44	558.89
0.785398	2.174483	2.653697	178	4	43	558.88
1.570796	1.448123	-2.163292	168	26	41	558.88
0.785398	2.396274	-1.959260	176	15	44	558.87
-1.308997	1.301460	-0.509251	173	5	37	558.84
-3.141593	1.721184	-0.153948	175	13	40	558.84
-3.141593	2.187132	-0.479875	173	16	40	558.79
1.832596	2.073035	2.027405	187	18	50	558.78
-1.308997	2.760637	2.781135	163	22	38	558.77
-3.141593	1.721184	-0.153948	170	21	39	558.75
0.785398	0.992645	-1.723759	169	30	37	558.74
-1.832596	0.615174	-0.666022	176	11	45	558.73
2.879793	1.721184	-0.153948	181	15	45	558.72
0.261799	2.455966	-0.641220	177	20	47	558.71
-2.356194	1.450119	-2.739050	176	19	49	558.70
1.047198	0.960688	-0.577532	175	20	43	558.68
0.000000	1.812176	0.656819	174	14	44	558.66
-2.617994	0.458961	-0.107937	167	12	41	558.65
-3.141593	0.910508	1.903534	176	4	46	558.61
-1.047198	1.413347	-1.339188	171	15	42	558.60
-3.141593	1.256302	0.062705	167	19	39	558.59
1.047198	2.247462	0.191623	169	13	38	558.58
-2.879793	1.662363	0.915448	168	15	42	558.54
1.308997	2.664082	-1.071402	178	16	45	558.53
2.879793	2.073035	2.027405	179	22	48	558.52
-0.523599	1.721184	-0.153948	177	11	42	558.50
-1.570796	2.592629	0.909713	190	27	47	558.50
-0.261799	0.591903	2.010408	174	21	45	558.49
-2.617994	1.194549	-0.801900	182	33	43	558.40
2.356194	0.733948	3.021411	167	17	41	558.39
-0.523599	0.864993	2.278281	170	19	43	558.29
1.308997	0.379747	-1.713059	173	8	43	558.28
-3.141593	2.295480	1.008277	162	18	36	558.25
-1.570796	1.433411	-1.035986	172	26	41	558.25
2.879793	1.569311	-3.003978	174	17	45	558.21
2.617994	1.756530	-2.105156	171	14	43	558.21
-0.261799	1.194549	-0.801900	175	21	44	558.21
2.356194	0.914445	2.687814	175	17	47	558.19
-1.308997	1.113094	-0.272241	176	31	39	558.14
2.356194	0.910508	1.903534	177	25	47	558.13
1.570796	1.045978	0.343692	182	23	47	558.12
2.879793	1.413347	-1.339188	179	30	41	558.04
0.785398	1.256302	0.062705	172	13	39	558.04
1.570796	2.984978	1.954446	164	23	36	557.98
-2.617994	1.014500	0.906702	175	13	48	557.96
0.261799	2.138223	1.678323	180	6	43	557.92
1.047198	1.721184	-0.153948	167	19	39	557.91
-2.617994	1.977582	0.969896	172	24	45	557.90
-1.047198	1.574060	2.783565	176	19	48	557.89
-0.523599	1.875281	0.107086	183	29	44	557.85
1.047198	1.506530	1.988858	178	20	50	557.85
1.047198	1.195355	1.200319	183	20	50	557.78
2.094395	0.733948	3.021411	167	20	40	557.72
-0.523599	1.135813	-2.658866	169	15	43	557.68
-2.617994	1.836682	-0.676006	187	24	46	557.66
0.785398	2.881233	-2.582574	180	26	46	557.64
1.570796	1.194549	-0.801900	176	28	43	557.63
-0.523599	1.869911	2.701025	170	18	47	557.61
1.047198	2.881233	-2.582574	175	12	41	557.58
1.047198	2.104282	-0.813972	175	24	47	557.47
1.047198	1.699788	2.452890	175	11	48	557.41
-3.141593	0.866395	-2.492918	175	20	44	557.41
-1.570796	1.812176	0.656819	171	7	42	557.40
2.094395	1.545873	-1.877082	172	15	45	557.39
0.785398	0.297065	2.160177	167	13	41	557.36
1.047198	1.617114	-1.572037	173	19	43	557.33
-0.261799	1.617114	-1.572037	184	24	48	557.33
2.356194	2.033014	2.977192	170	13	38	557.32
-0.261799	2.108018	1.311430	170	7	37	557.28
-2.879793	1.134796	2.434290	171	16	44	557.24
1.570796	1.014500	0.906702	178	13	44	557.20
1.570796	2.881233	-2.582574	175	24	46	557.20
-1.832596	1.506530	1.988858	177	15	48	557.19
-3.141593	1.448123	-2.163292	173	21	43	557.18
-2.879793	2.089241	-0.114193	172	27	40	557.17
-2.356194	1.696674	-1.253233	180	18	46	557.17
2.356194	2.251330	-2.330739	168	13	41	557.16
1.308997	1.218453	2.777284	174	14	48	557.15
1.047198	0.379747	-1.713059	167	10	41	557.09
-2.094395	0.615174	-0.666022	172	12	42	557.05
2.879793	0.379747	-1.713059	174	19	44	557.03
-0.785398	1.014500	0.906702	171	15	44	557.02
0.785398	2.174483	2.653697	179	26	43	557.01
2.356194	1.846342	-1.796954	173	16	45	557.00
0.261799	1.599406	1.426070	177	11	45	556.94
2.879793	1.194549	-0.801900	173	20	44	556.94
1.047198	2.587733	0.232235	173	13	44	556.93
0.261799	1.846342	-1.796954	178	22	45	556.92
-3.141593	1.374601	-2.456031	174	24	42	556.91
-3.141593	1.732874	-0.951685	175	3	38	556.88
0.261799	1.870545	-2.976234	164	10	38	556.86
-0.261799	2.379497	0.561089	174	20	43	556.84
2.617994	0.591903	2.010408	174	24	47	556.80
-0.785398	2.760637	2.781135	163	13	39	556.74
1.308997	1.256302	0.062705	173	14	42	556.74
2.356194	1.367556	0.358405	176	20	43	556.71
1.308997	1.195355	1.200319	180	17	48	556.56
-2.879793	1.504028	0.636812	169	16	42	556.54
-0.785398	2.588535	-2.976617	163	24	37	556.53
0.785398	1.869911	2.701025	173	9	49	556.44
1.047198	2.299159	2.264663	178	19	45	556.43
1.308997	1.617114	-1.572037	173	17	43	556.42
0.000000	1.809167	1.213774	176	10	44	556.41
1.047198	0.960688	-0.577532	174	19	43	556.39
-2.094395	0.961715	0.014085	175	18	47	556.39
1.832596	1.050534	3.042579	180	15	48	556.37
-2.879793	1.736875	3.023612	170	14	40	556.36
2.094395	1.870545	-2.976234	179	19	46	556.36
-1.047198	1.218453	2.777284	178	10	47	556.33
1.047198	2.760637	2.781135	173	25	45	556.32
0.523599	2.187132	-0.479875	174	21	44	556.30
-0.523599	2.033014	2.977192	166	19	44	556.29
0.261799	2.592629	0.909713	172	15	40	556.26
-2.879793	1.809167	1.213774	177	25	48	556.26
2.879793	1.875281	0.107086	175	16	41	556.22
-0.261799	1.325504	-1.671296	169	8	38	556.16
-0.785398	0.929350	-2.910676	175	15	45	556.09
1.570796	0.419640	2.974122	174	16	48	556.07
2.356194	1.736875	3.023612	176	19	45	556.06
-1.832596	2.393226	1.857173	170	16	48	556.04
0.523599	2.073035	2.027405	181	13	48	556.00
0.523599	1.998705	2.370472	177	9	45	555.94
-2.356194	1.809167	1.213774	171	17	45	555.89
-1.832596	0.866955	-0.931351	176	17	47	555.87
-1.308997	0.906588	1.252948	169	21	42	555.84
2.617994	2.407836	1.410646	176	14	42	555.83
-2.879793	1.662363	0.915448	168	16	42	555.80
0.261799	1.218453	2.777284	168	16	41	555.75
0.785398	2.089241	-0.114193	170	18	41	555.72
-1.832596	0.864993	2.278281	173	8	42	555.71
1.047198	2.404280	-0.174044	174	16	46	555.70
-3.141593	1.417623	-0.202254	170	19	39	555.65
-1.832596	2.393226	1.857173	167	11	37	555.61
2.617994	1.218453	2.777284	169	22	43	555.53
0.785398	1.391910	3.030322	165	9	42	555.47
-0.523599	1.310100	1.488307	171	12	41	555.47
1.047198	1.662363	0.915448	54	182	175	555.47
-0.261799	2.724429	-0.348782	166	19	40	555.44
-1.832596	2.881233	-2.582574	175	11	44	555.42
1.570796	1.683268	0.374177	167	11	37	555.36
-2.356194	0.615174	-0.666022	173	13	44	555.32
-2.356194	1.736875	3.023612	176	24	47	555.29
1.570796	2.299159	2.264663	180	29	42	555.27
0.785398	1.824694	1.850876	183	18	49	555.26
2.094395	0.929350	-2.910676	170	17	44	555.22
0.000000	1.545873	-1.877082	168	10	40	555.21
-1.308997	2.393226	1.857173	157	159	1	555.15
1.047198	1.824694	1.850876	184	19	50	555.15
1.570796	2.760637	2.781135	170	15	39	555.11
2.617994	2.251330	-2.330739	173	15	44	555.05
0.785398	0.419640	2.974122	175	22	48	555.04
-2.617994	0.960688	-0.577532	169	18	41	555.03
0.000000	2.984978	1.954446	179	26	47	554.98
-2.879793	1.812176	0.656819	169	20	43	554.96
2.356194	2.033014	2.977192	173	17	42	554.92
1.570796	1.683268	0.374177	168	10	37	554.90
-0.785398	0.850607	-1.335383	165	16	37	554.88
2.094395	1.135813	-2.658866	176	15	47	554.88
-2.094395	1.045978	0.343692	175	13	46	554.84
-2.356194	1.982574	-1.115518	179	24	46	554.82
0.261799	1.617114	-1.572037	177	25	46	554.79
0.000000	0.733948	3.021411	175	21	46	554.79
1.047198	1.846342	-1.796954	180	20	47	554.76
2.617994	0.733948	3.021411	170	14	43	554.75
1.570796	1.506530	1.988858	175	17	48	554.63
-2.879793	1.448123	-2.163292	173	19	43	554.63
-1.832596	2.396274	-1.959260	174	11	42	554.62
2.356194	0.297065	2.160177	176	28	46	554.60
2.617994	0.960688	-0.577532	173	16	43	554.54
1.047198	2.984978	1.954446	171	14	39	554.45
1.832596	1.417623	-0.202254	178	19	46	554.39
2.879793	1.214854	-1.966664	174	20	44	554.38
-1.832596	2.187132	-0.479875	178	18	46	554.37
2.094395	2.356369	3.005869	169	17	41	554.30
-0.261799	1.948085	-2.363031	177	12	47	554.29
1.047198	2.343981	-1.040456	179	23	48	554.15
-1.047198	1.875281	0.107086	171	14	40	554.13
-2.879793	2.115563	0.685730	166	14	39	554.13
-1.832596	0.961715	0.014085	175	9	44	554.07
-0.523599	1.736875	3.023612	170	24	47	554.05
-1.047198	1.736875	3.023612	170	14	45	554.02
1.047198	1.875281	0.107086	167	19	41	554.00
-1.047198	1.736875	3.023612	170	10	43	553.98
-2.094395	1.135834	-1.431087	168	18	42	553.97
1.832596	0.615174	-0.666022	171	20	40	553.95
2.617994	1.184361	0.625864	175	25	47	553.95
0.261799	1.413430	2.550734	170	16	43	553.93
-0.523599	0.899350	-2.069907	166	17	41	553.89
2.617994	1.846342	-1.796954	174	15	46	553.89
-1.832596	0.203748	0.590255	178	26	47	553.84
-1.570796	0.914445	2.687814	177	8	45	553.74
1.308997	2.001437	0.381215	170	15	43	553.69
-2.094395	1.050534	3.042579	177	18	49	553.67
0.523599	1.325504	-1.671296	170	8	42	553.65
0.523599	2.108018	1.311430	169	15	36	553.62
-2.879793	1.195355	1.200319	173	13	46	553.60
-0.785398	1.869911	2.701025	170	22	48	553.59
1.570796	2.704512	1.488683	170	11	43	553.57
1.308997	1.836682	-0.676006	172	24	44	553.53
0.000000	2.033014	2.977192	166	11	42	553.49
1.832596	2.104282	-0.813972	171	13	43	553.48
-1.308997	2.180315	-1.357379	175	17	45	553.44
1.570796	1.574060	2.783565	174	24	43	553.41
-3.141593	1.335669	0.897240	166	15	41	553.36
-1.832596	1.128190	-2.288622	169	14	41	553.34
-1.308997	1.325504	-1.671296	173	17	44	553.31
1.308997	1.014500	0.906702	177	14	44	553.22
2.356194	2.592629	0.909713	182	7	46	553.21
0.785398	2.073035	2.027405	185	12	49	553.15
-0.523599	0.910508	1.903534	173	19	45	553.15
2.617994	2.033014	2.977192	173	16	42	553.14
-1.047198	1.732874	-0.951685	172	20	42	553.02
2.617994	1.335669	0.897240	172	21	45	552.97
-1.832596	0.762244	-0.273349	175	11	44	552.86
0.000000	1.617114	-1.572037	182	25	48	552.81
-0.261799	2.979456	-1.009304	173	14	44	552.80
-1.308997	1.809167	1.213774	172	13	46	552.80
2.879793	1.128190	-2.288622	172	20	41	552.74
1.047198	2.164094	-2.991358	175	18	42	552.73
2.617994	2.456751	-1.503343	183	22	48	552.70
-2.617994	1.014500	0.906702	173	8	42	552.68
-1.570796	2.881233	-2.582574	175	16	44	552.68
-0.523599	2.379497	0.561089	171	18	41	552.65
1.047198	2.979456	-1.009304	174	12	41	552.62
-1.832596	1.545873	-1.877082	177	28	44	552.55
-0.523599	2.356369	3.005869	168	9	38	552.51
-1.832596	1.417623	-0.202254	169	17	42	552.51
-0.523599	1.510910	-0.740472	171	7	39	552.50
1.308997	2.343981	-1.040456	175	14	43	552.45
0.261799	2.104282	-0.813972	170	15	44	552.44
0.523599	1.809167	1.213774	179	24	43	552.44
-2.617994	2.187132	-0.479875	171	20	40	552.44
1.832596	1.433411	-1.035986	178	14	45	552.35
1.047198	0.992645	-1.723759	167	26	37	552.27
1.308997	1.766067	2.153843	181	18	53	552.26
1.047198	2.041297	-2.664597	172	16	39	552.20
-0.785398	0.992645	-1.723759	167	18	41	552.20
-2.879793	1.721184	-0.153948	169	18	38	552.20
-1.047198	1.875281	0.107086	171	13	40	552.19
-1.570796	0.700570	1.559208	22	8	26	552.18
1.308997	1.391910	3.030322	177	10	46	552.18
1.047198	2.138223	1.678323	0	23	50	552.15
-3.141593	1.050534	3.042579	172	12	44	552.13
1.047198	2.115563	0.685730	165	17	39	552.12
2.094395	1.875281	0.107086	175	11	44	552.12
2.879793	0.762244	-0.273349	172	22	44	552.11
1.308997	2.001437	0.381215	168	14	41	552.08
-1.570796	2.979456	-1.009304	177	12	44	552.04
-2.879793	1.870545	-2.976234	171	10	38	552.04
2.356194	2.579248	-2.364801	171	15	44	552.04
-1.047198	2.251330	-2.330739	169	15	43	552.03
-0.261799	0.370812	-2.547742	170	8	40	552.00
-3.141593	1.450119	-2.739050	178	13	46	551.98
-1.308997	2.719179	-1.780644	172	11	45	551.97
2.356194	1.113094	-0.272241	177	16	45	551.92
2.094395	2.478122	2.609777	181	27	44	551.91
-3.141593	1.134796	2.434290	176	20	49	551.89
-1.308997	1.824694	1.850876	178	9	48	551.89
-3.141593	2.247462	0.191623	177	19	43	551.88
-2.094395	0.203748	0.590255	168	15	42	551.88
-1.308997	1.545873	-1.877082	169	14	41	551.85
2.356194	1.836682	-0.676006	176	16	44	551.81
2.094395	1.554776	0.100351	184	15	46	551.78
-3.141593	1.812176	0.656819	165	16	38	551.74
2.617994	1.766067	2.153843	178	16	46	551.73
-3.141593	2.115563	0.685730	165	17	38	551.68
-1.047198	1.721184	-0.153948	173	13	42	551.66
-2.356194	0.864993	2.278281	170	13	44	551.62
-0.261799	1.413430	2.550734	175	23	50	551.59
2.094395	1.909857	-0.381669	174	15	45	551.59
2.879793	1.135834	-1.431087	176	13	44	551.56
-1.570796	1.025536	1.576859	177	16	45	551.50
-1.832596	2.724429	-0.348782	170	19	40	551.48
-2.617994	0.685216	-1.712745	171	19	44	551.45
-0.261799	1.413430	2.550734	176	24	50	551.44
2.356194	1.977582	0.969896	170	14	38	551.38
-3.141593	1.662363	0.915448	166	17	42	551.37
0.261799	1.450119	-2.739050	182	16	50	551.37
-1.832596	1.413347	-1.339188	168	15	39	551.33
-1.832596	2.704512	1.488683	169	14	44	551.33
0.785398	1.025536	1.576859	176	12	46	551.31
-1.832596	1.014500	0.906702	176	10	46	551.31
-1.308997	1.450119	-2.739050	182	39	38	551.27
2.356194	1.948085	-2.363031	169	21	43	551.19
2.617994	0.615174	-0.666022	173	21	44	551.19
0.261799	1.325504	-1.671296	172	20	44	551.19
2.879793	1.658653	-2.409879	189	23	50	551.19
1.570796	0.615174	-0.666022	177	17	42	551.17
-2.356194	1.606104	-0.451151	174	14	43	551.16
2.356194	0.850607	-1.335383	171	13	41	551.12
2.879793	2.719179	-1.780644	182	25	47	551.05
0.261799	1.732874	-0.951685	180	33	43	551.00
2.356194	1.450119	-2.739050	180	19	49	550.96
-0.785398	1.256302	0.062705	169	11	40	550.95
-0.261799	1.658653	-2.409879	173	10	45	550.92
0.523599	0.910508	1.903534	172	11	43	550.90
2.617994	1.824694	1.850876	175	15	43	550.88
-2.094395	1.904882	-1.478089	177	19	46	550.84
0.523599	2.456751	-1.503343	176	18	45	550.80
0.523599	0.864993	2.278281	169	11	42	550.79
-3.141593	1.247695	1.809890	173	7	47	550.79
-2.617994	2.724429	-0.348782	179	16	45	550.77
-0.261799	2.041297	-2.664597	169	8	39	550.76
-0.523599	1.256302	0.062705	175	10	45	550.75
1.308997	2.153910	-1.714959	174	16	43	550.72
2.879793	1.606104	-0.451151	177	2	38	550.65
1.047198	2.404280	-0.174044	173	10	41	550.61
-1.570796	0.899350	-2.069907	170	10	40	550.61
-1.832596	1.699788	2.452890	173	18	46	550.60
-0.785398	0.379747	-1.713059	168	22	42	550.58
-2.879793	1.545873	-1.877082	173	10	38	550.58
0.785398	0.709924	0.218797	178	9	42	550.52
2.617994	2.349581	-2.702517	171	13	43	550.52
-2.356194	1.824694	1.850876	175	12	49	550.52
2.879793	2.863997	0.549740	165	24	38	550.50
-3.141593	1.367556	0.358405	173	22	46	550.47
-3.141593	1.696674	-1.253233	181	20	47	550.44
-2.094395	1.504028	0.636812	170	12	45	550.40
-0.523599	1.335669	0.897240	170	9	40	550.38
-0.261799	1.696674	-1.253233	169	22	39	550.36
2.617994	1.413430	2.550734	186	11	52	550.33
-2.094395	1.732874	-0.951685	175	11	42	550.31
0.523599	0.929350	-2.910676	176	13	48	550.30
-1.047198	2.138223	1.678323	166	12	38	550.30
-3.141593	1.242974	-2.977882	175	10	43	550.29
-2.094395	1.846342	-1.796954	167	20	35	550.29
-2.617994	0.496451	0.593859	173	6	42	550.26
0.000000	0.866955	-0.931351	178	25	44	550.26
-2.094395	2.073035	2.027405	173	16	49	550.22
-2.879793	1.310100	1.488307	175	14	48	550.22
-0.785398	1.699788	2.452890	177	20	51	550.19
-2.094395	1.417623	-0.202254	169	20	43	550.14
-1.570796	2.104282	-0.813972	177	11	42	550.14
2.617994	1.301460	-0.509251	174	7	37	550.12
0.523599	2.299159	2.264663	182	6	47	550.11
1.832596	0.762244	-0.273349	173	15	41	550.09
-3.141593	1.391910	3.030322	172	17	46	550.05
0.000000	2.984978	1.954446	178	26	47	550.04
-1.570796	1.658653	-2.409879	175	21	48	550.00
0.261799	0.961715	0.014085	170	19	38	549.95
0.261799	0.864993	2.278281	170	13	45	549.94
1.570796	1.809167	1.213774	171	15	39	549.91
0.261799	0.640596	-2.797608	167	16	41	549.91
0.000000	2.637879	2.121598	180	31	44	549.88
-2.617994	2.299159	2.264663	175	21	44	549.83
-0.261799	1.450119	-2.739050	173	13	46	549.82
-0.523599	2.153910	-1.714959	166	17	39	549.74
-1.047198	1.696674	-1.253233	185	24	47	549.74
-0.785398	1.135834	-1.431087	173	9	43	549.73
-1.308997	0.297065	2.160177	175	24	46	549.73
-0.523599	1.836682	-0.676006	173	16	42	549.72
0.785398	1.662363	0.915448	172	18	40	549.62
-3.141593	1.741644	-2.695914	182	24	49	549.59
2.094395	2.063651	-2.044600	178	22	48	549.59
-0.523599	0.571433	-1.188419	168	14	40	549.59
-0.261799	1.440580	2.260026	170	18	45	549.57
2.094395	1.128190	-2.288622	178	10	47	549.55
0.523599	1.301460	-0.509251	177	24	44	549.54
-2.094395	2.664082	-1.071402	172	14	41	549.53
-2.094395	1.448123	-2.163292	176	7	40	549.52
0.523599	2.396274	-1.959260	175	16	44	549.48
-1.047198	1.218453	2.777284	166	23	39	549.48
-3.141593	0.080730	-2.622036	174	10	42	549.45
1.832596	1.413347	-1.339188	177	17	46	549.44
1.832596	0.615174	-0.666022	169	23	39	549.42
-0.523599	2.984978	1.954446	175	15	42	549.40
1.047198	0.700570	1.559208	172	16	45	549.36
-1.308997	0.619654	-2.216909	175	24	45	549.34
-1.047198	1.325504	-1.671296	176	31	44	549.32
0.785398	1.909857	-0.381669	171	23	43	549.29
-1.047198	1.756530	-2.105156	170	17	43	549.28
0.000000	2.478122	2.609777	172	3	43	549.25
1.308997	2.108018	1.311430	171	18	41	549.24
-1.832596	0.866955	-0.931351	171	10	41	549.23
-3.141593	0.571433	-1.188419	174	21	46	549.21
-0.523599	2.089241	-0.114193	169	18	37	549.12
0.785398	1.606104	-0.451151	178	19	45	549.10
1.832596	1.325504	-1.671296	170	13	40	549.05
0.785398	1.606104	-0.451151	165	12	38	549.02
0.785398	1.168678	2.108595	171	23	47	548.99
0.000000	2.138223	1.678323	177	6	43	548.97
0.785398	1.194549	-0.801900	178	22	45	548.88
0.000000	1.732874	-0.951685	176	13	43	548.87
-0.785398	1.113094	-0.272241	172	27	39	548.86
2.356194	1.128190	-2.288622	181	10	47	548.85
-2.094395	2.664082	-1.071402	173	14	42	548.83
-0.261799	0.864993	2.278281	183	32	47	548.79
-0.523599	1.977582	0.969896	172	7	39	548.77
-0.785398	2.187132	-0.479875	171	18	41	548.77
-2.617994	1.448123	-2.163292	173	17	43	548.72
2.617994	2.001437	0.381215	170	11	35	548.70
-2.879793	0.899350	-2.069907	177	12	43	548.66
0.000000	1.756530	-2.105156	175	14	47	548.66
1.047198	0.674054	1.013609	176	18	47	548.65
-0.785398	2.108018	1.311430	172	8	43	548.62
-0.261799	2.041297	-2.664597	167	9	38	548.62
0.523599	1.846342	-1.796954	183	22	48	548.59
-1.308997	2.863997	0.549740	178	21	45	548.57
-3.141593	0.685216	-1.712745	174	21	43	548.52
-2.879793	0.370812	-2.547742	177	11	44	548.51
-0.261799	1.214854	-1.966664	176	28	46	548.45
0.785398	2.724429	-0.348782	174	11	43	548.45
1.308997	1.875281	0.107086	167	13	39	548.42
-3.141593	0.866955	-0.931351	172	16	41	548.41
2.094395	0.864993	2.278281	179	21	49	548.41
-2.879793	0.733948	3.021411	176	15	48	548.41
0.261799	1.555207	1.708892	183	19	49	548.37
-1.832596	1.135834	-1.431087	169	15	42	548.27
2.879793	2.984978	1.954446	174	7	40	548.24
0.523599	1.247695	1.809890	172	12	44	548.19
0.785398	2.979456	-1.009304	171	13	40	548.18
1.308997	1.050534	3.042579	167	4	41	548.16
-1.832596	1.413430	2.550734	172	15	47	548.11
-0.785398	1.413347	-1.339188	172	29	40	548.05
0.523599	1.872854	1.543456	184	10	46	548.03
-2.879793	1.450119	-2.739050	178	13	46	548.01
-1.832596	1.301460	-0.509251	169	13	41	547.96
-2.617994	2.393226	1.857173	167	23	43	547.95
2.356194	2.664082	-1.071402	177	15	44	547.94
-2.094395	0.961715	0.014085	173	11	44	547.91
0.785398	1.721184	-0.153948	168	23	39	547.86
1.047198	1.569311	-3.003978	173	7	43	547.84
0.261799	2.407836	1.410646	173	13	38	547.82
-0.261799	0.700570	1.559208	171	13	44	547.79
-0.785398	2.174483	2.653697	167	17	46	547.79
-2.617994	2.407836	1.410646	166	19	45	547.77
2.094395	2.979456	-1.009304	181	21	47	547.69
0.261799	1.617114	-1.572037	177	23	44	547.66
-1.047198	1.948085	-2.363031	172	17	47	547.66
2.356194	0.733948	3.021411	168	17	42	547.63
-2.094395	1.417623	-0.202254	169	10	39	547.63
2.879793	0.899350	-2.069907	178	20	46	547.62
0.523599	0.419640	2.974122	171	22	45	547.61
2.094395	1.948085	-2.363031	170	24	43	547.60
1.047198	1.872854	1.543456	187	24	49	547.59
-1.047198	0.709924	0.218797	171	19	45	547.58
1.570796	2.379497	0.561089	172	9	42	547.56
1.832596	1.872854	1.543456	180	25	48	547.56
-3.141593	2.001437	0.381215	170	25	40	547.46
-1.308997	0.961715	0.014085	176	2	38	547.44
1.832596	1.433411	-1.035986	176	17	45	547.42
-1.047198	2.180315	-1.357379	176	16	45	547.39
0.000000	0.960688	-0.577532	172	7	38	547.38
2.094395	0.961715	0.014085	175	12	42	547.35
-2.879793	2.637879	2.121598	171	12	38	547.35
-1.832596	2.349581	-2.702517	168	18	42	547.34
-1.308997	2.478122	2.609777	166	14	38	547.33
-0.785398	0.619654	-2.216909	173	12	41	547.33
2.356194	1.909857	-0.381669	176	12	45	547.32
2.356194	0.960688	-0.577532	173	13	41	547.31
1.832596	2.724429	-0.348782	179	13	46	547.30
0.785398	2.478122	2.609777	176	16	44	547.28
-0.785398	2.174483	2.653697	170	9	41	547.25
-2.356194	2.455966	-0.641220	170	20	41	547.22
0.261799	1.836682	-0.676006	177	29	44	547.17
-1.047198	1.545873	-1.877082	171	10	41	547.13
-1.832596	1.732874	-0.951685	168	16	38	547.05
-0.785398	1.699788	2.452890	175	20	50	547.04
-2.094395	0.709924	0.218797	179	15	47	547.03
0.261799	2.881233	-2.582574	164	17	38	547.03
-2.094395	1.374601	-2.456031	175	21	46	547.02
-2.094395	0.571433	-1.188419	181	20	49	547.00
2.094395	1.510910	-0.740472	174	15	43	546.99
-1.570796	1.998705	2.370472	175	19	50	546.96
2.094395	0.866955	-0.931351	173	11	41	546.95
-1.308997	1.325504	-1.671296	171	17	44	546.93
-1.308997	2.664082	-1.071402	169	23	44	546.92
1.308997	0.899350	-2.069907	170	10	42	546.91
1.832596	0.203748	0.590255	170	17	43	546.88
2.094395	1.846342	-1.796954	167	14	39	546.88
-2.879793	2.863997	0.549740	163	11	36	546.87
2.356194	2.407836	1.410646	180	21	45	546.84
-1.047198	1.599406	1.426070	175	16	49	546.81
0.785398	2.164094	-2.991358	177	14	43	546.81
2.879793	2.251330	-2.330739	173	12	44	546.76
1.832596	0.591903	2.010408	177	27	47	546.73
-1.047198	2.174483	2.653697	168	20	46	546.73
-2.617994	1.310100	1.488307	177	14	48	546.67
-2.094395	1.510910	-0.740472	187	24	46	546.66
1.570796	1.433411	-1.035986	176	15	45	546.64
0.261799	0.419640	2.974122	168	10	41	546.63
-1.047198	2.108018	1.311430	169	7	39	546.63
-2.356194	1.617114	-1.572037	170	24	38	546.63
-1.832596	1.948085	-2.363031	170	22	42	546.61
-2.356194	1.909857	-0.381669	170	18	40	546.58
-1.308997	1.599406	1.426070	174	18	49	546.48
-1.832596	1.374601	-2.456031	174	18	45	546.44
0.000000	1.736875	3.023612	167	15	44	546.42
0.000000	2.704512	1.488683	173	24	42	546.40
-1.570796	1.214854	-1.966664	176	21	46	546.35
1.047198	2.396274	-1.959260	176	17	44	546.32
-1.308997	1.870545	-2.976234	178	35	43	546.32
-2.879793	2.881233	-2.582574	165	19	39	546.28
1.570796	1.699788	2.452890	181	12	51	546.27
-2.094395	1.367556	0.358405	172	15	45	546.25
2.617994	2.863997	0.549740	177	18	44	546.25
-1.832596	1.433411	-1.035986	169	17	40	546.23
1.308997	2.863997	0.549740	174	10	43	546.23
2.879793	2.164094	-2.991358	164	15	38	546.17
1.570796	1.555207	1.708892	176	23	49	546.15
-1.570796	1.721184	-0.153948	170	17	42	546.12
2.617994	0.370812	-2.547742	178	22	48	546.07
-3.141593	2.704512	1.488683	173	15	40	546.03
0.523599	1.662363	0.915448	175	11	42	546.00
-2.356194	2.115563	0.685730	166	12	38	545.97
-3.141593	1.194549	-0.801900	173	9	38	545.96
0.261799	2.984978	1.954446	178	12	42	545.92
-1.308997	1.391910	3.030322	171	9	41	545.91
-1.047198	0.618092	2.539118	176	27	45	545.91
-1.308997	0.290380	-0.796960	167	19	40	545.90
-0.261799	2.984978	1.954446	178	190	38	545.82
-2.879793	1.766067	2.153843	179	17	50	545.81
-1.047198	1.721184	-0.153948	178	13	45	545.79
0.785398	0.700570	1.559208	173	11	43	545.77
-3.141593	1.504028	0.636812	170	20	43	545.70
2.094395	1.869911	2.701025	172	19	41	545.69
-2.094395	2.979456	-1.009304	177	14	46	545.69
-1.308997	2.704512	1.488683	178	17	44	545.64
0.523599	2.393226	1.857173	175	14	40	545.64
0.261799	1.766067	2.153843	176	13	47	545.64
-2.617994	1.413347	-1.339188	181	15	46	545.63
0.523599	0.640596	-2.797608	178	18	50	545.63
-2.879793	1.195355	1.200319	171	12	44	545.60
1.570796	2.863997	0.549740	174	7	39	545.60
0.000000	2.164094	-2.991358	163	13	40	545.51
2.617994	2.456751	-1.503343	184	22	48	545.48
2.094395	0.618092	2.539118	177	21	49	545.48
2.356194	2.579248	-2.364801	172	16	45	545.48
-2.094395	2.073035	2.027405	173	15	47	545.46
2.617994	1.732874	-0.951685	176	21	45	545.42
-2.879793	1.977582	0.969896	172	24	45	545.31
1.570796	0.418037	1.360082	170	15	44	545.30
-2.879793	1.214854	-1.966664	176	16	44	545.28
0.000000	1.184361	0.625864	177	8	44	545.22
1.570796	1.875281	0.107086	169	12	41	545.15
1.570796	1.909857	-0.381669	171	17	44	545.14
2.094395	1.374601	-2.456031	165	22	38	545.13
-2.879793	1.247695	1.809890	179	10	51	545.11
-1.832596	2.356369	3.005869	167	10	39	545.11
-1.832596	1.756530	-2.105156	174	25	43	545.09
0.000000	1.741644	-2.695914	174	7	43	545.09
-0.261799	2.588535	-2.976617	162	14	37	545.06
2.094395	2.881233	-2.582574	172	17	42	545.04
1.047198	1.574060	2.783565	171	8	46	545.01
0.785398	2.592629	0.909713	173	11	39	544.99
1.832596	1.545873	-1.877082	168	18	40	544.95
-1.308997	1.545873	-1.877082	173	24	44	544.93
2.879793	2.041297	-2.664597	184	27	48	544.93
-2.617994	1.662363	0.915448	168	15	42	544.89
-2.094395	2.404280	-0.174044	170	19	39	544.88
-2.617994	2.073035	2.027405	172	20	47	544.87
1.047198	0.910508	1.903534	173	9	42	544.86
-0.523599	1.128190	-2.288622	167	15	42	544.86
-2.879793	2.407836	1.410646	164	20	40	544.86
0.785398	1.367556	0.358405	170	15	39	544.84
2.617994	2.251330	-2.330739	173	22	46	544.83
-1.832596	1.909857	-0.381669	176	19	45	544.78
-1.308997	1.168678	2.108595	174	21	45	544.74
0.523599	2.396274	-1.959260	176	16	44	544.72
1.570796	1.766067	2.153843	183	19	53	544.70
-1.570796	0.640596	-2.797608	176	12	46	544.68
2.094395	1.545873	-1.877082	179	24	45	544.60
1.832596	2.356369	3.005869	168	20	41	544.59
-2.094395	1.554776	0.100351	168	14	41	544.58
1.308997	1.184361	0.625864	53	171	171	544.55
0.523599	2.104282	-0.813972	178	26	47	544.53
-1.832596	2.180315	-1.357379	52	177	174	544.50
0.000000	0.864993	2.278281	167	13	40	544.49
-1.832596	0.929350	-2.910676	180	22	50	544.48
-2.879793	1.113094	-0.272241	171	21	43	544.46
-2.879793	0.910508	1.903534	51	183	176	544.43
-0.785398	1.617114	-1.572037	169	23	41	544.41
-0.523599	1.766067	2.153843	168	17	44	544.37
-1.570796	2.251330	-2.330739	167	20	39	544.36
-3.141593	1.869911	2.701025	173	29	43	544.33
-0.261799	2.704512	1.488683	176	14	41	544.32
-0.523599	2.295480	1.008277	172	7	39	544.32
0.000000	2.587733	0.232235	177	15	44	544.32
-0.523599	0.080730	-2.622036	171	18	44	544.29
-2.094395	1.325504	-1.671296	170	22	42	544.28
-1.832596	0.906588	1.252948	180	14	48	544.26
-1.832596	0.418037	1.360082	170	20	42	544.25
-0.785398	2.001437	0.381215	175	22	44	544.25
1.832596	1.904882	-1.478089	169	17	43	544.21
2.094395	0.960688	-0.577532	173	20	43	544.20
-1.308997	0.929350	-2.910676	174	8	43	544.18
2.617994	1.870545	-2.976234	180	26	48	544.15
2.879793	1.325504	-1.671296	178	21	46	544.13
-1.570796	1.113094	-0.272241	173	10	42	544.12
1.570796	1.545873	-1.877082	52	170	176	544.12
-1.570796	1.325504	-1.671296	169	10	38	544.12
-1.308997	2.073035	2.027405	170	13	45	544.10
-3.141593	0.418037	1.360082	173	28	44	544.09
2.879793	0.929350	-2.910676	176	11	47	544.09
-0.785398	1.545873	-1.877082	171	24	45	544.08
-2.094395	1.982574	-1.115518	179	10	44	544.04
1.570796	1.134796	2.434290	170	9	44	544.03
-2.356194	0.203748	0.590255	171	24	44	544.02
-1.570796	1.128190	-2.288622	172	14	44	543.97
1.832596	2.138223	1.678323	177	20	44	543.95
1.308997	2.089241	-0.114193	170	14	43	543.94
1.570796	2.138223	1.678323	191	30	50	543.93
1.047198	2.153910	-1.714959	172	18	42	543.86
2.617994	0.418037	1.360082	170	24	43	543.85
-2.356194	0.831641	0.616218	179	18	48	543.85
1.308997	1.948085	-2.363031	176	12	43	543.84
0.785398	1.135834	-1.431087	168	25	39	543.82
0.523599	1.836682	-0.676006	175	28	44	543.80
2.356194	2.478122	2.609777	173	16	42	543.78
1.570796	0.831641	0.616218	180	21	48	543.78
1.308997	2.579248	-2.364801	172	13	39	543.75
2.356194	2.396274	-1.959260	177	23	47	543.75
-2.356194	1.433411	-1.035986	175	30	42	543.73
1.570796	2.455966	-0.641220	175	10	41	543.66
-0.261799	0.615174	-0.666022	181	33	40	543.60
-1.047198	1.809167	1.213774	171	7	40	543.56
-0.523599	1.766067	2.153843	169	16	44	543.56
0.523599	0.419640	2.974122	171	7	41	543.55
2.356194	1.554776	0.100351	178	12	43	543.51
-3.141593	1.766067	2.153843	179	16	48	543.48
-3.141593	1.135813	-2.658866	179	9	44	543.42
1.308997	0.618092	2.539118	50	177	170	543.41
1.308997	0.203748	0.590255	170	12	38	543.32
-2.356194	2.478122	2.609777	51	171	176	543.31
1.570796	2.089241	-0.114193	172	8	39	543.30
-1.047198	2.356369	3.005869	167	23	41	543.25
-0.523599	0.619654	-2.216909	167	20	41	543.18
-2.356194	1.696674	-1.253233	179	13	44	543.16
0.261799	2.115563	0.685730	173	19	42	543.13
1.308997	1.184361	0.625864	180	18	45	543.12
-3.141593	2.174483	2.653697	178	26	44	543.12
0.000000	1.658653	-2.409879	180	16	49	543.11
0.523599	1.599406	1.426070	178	10	44	543.10
0.523599	1.545873	-1.877082	179	27	45	543.09
-1.047198	0.571433	-1.188419	166	20	39	543.02
-2.617994	2.356369	3.005869	174	7	38	543.02
-0.785398	0.685216	-1.712745	165	20	39	542.94
-0.785398	0.615174	-0.666022	172	17	44	542.89
2.617994	2.637879	2.121598	187	30	45	542.87
-0.523599	1.014500	0.906702	171	13	44	542.82
0.523599	1.134497	-1.109631	168	24	40	542.80
-2.617994	1.982574	-1.115518	179	19	44	542.76
1.832596	1.135834	-1.431087	175	18	44	542.73
-0.261799	1.214854	-1.966664	167	10	39	542.67
-1.308997	1.134497	-1.109631	35	180	6	542.65
-2.356194	2.478122	2.609777	178	31	46	542.63
-0.523599	2.979456	-1.009304	171	16	44	542.63
0.523599	2.760637	2.781135	177	28	45	542.61
-1.570796	1.374601	-2.456031	174	15	44	542.61
0.523599	1.242974	-2.977882	185	21	50	542.56
2.356194	1.872854	1.543456	175	16	43	542.53
-0.523599	0.591903	2.010408	169	8	39	542.48
-1.832596	0.591903	2.010408	174	7	44	542.46
-2.094395	2.089241	-0.114193	167	14	38	542.45
0.000000	0.618092	2.539118	179	25	47	542.42
-3.141593	1.450119	-2.739050	180	17	49	542.41
1.308997	1.732874	-0.951685	172	27	42	542.40
-0.261799	2.863997	0.549740	174	16	43	542.39
1.570796	0.899350	-2.069907	165	24	36	542.39
1.047198	1.846342	-1.796954	177	22	46	542.38
2.094395	1.184361	0.625864	175	16	41	542.37
2.356194	2.251330	-2.330739	168	14	41	542.29
-0.261799	1.488617	1.159546	175	8	42	542.28
-3.141593	1.872854	1.543456	168	18	47	542.27
2.617994	1.909857	-0.381669	180	14	45	542.27
0.523599	1.135834	-1.431087	171	28	42	542.25
1.832596	1.846342	-1.796954	177	18	48	542.19
2.617994	2.247462	0.191623	172	12	39	542.18
2.356194	1.218453	2.777284	172	15	41	542.13
-2.356194	1.214854	-1.966664	177	8	41	542.10
0.000000	2.704512	1.488683	172	24	42	542.08
0.785398	1.134796	2.434290	168	19	47	542.08
2.879793	2.138223	1.678323	173	24	46	542.08
2.617994	0.618092	2.539118	166	18	37	542.07
-1.570796	2.356369	3.005869	171	28	42	542.00
-1.832596	1.450119	-2.739050	172	15	43	542.00
0.785398	1.732874	-0.951685	174	29	43	541.94
-3.141593	0.992645	-1.723759	173	11	41	541.92
-2.094395	2.356369	3.005869	166	12	38	541.89
1.047198	2.187132	-0.479875	52	187	165	541.87
-3.141593	2.863997	0.549740	164	19	38	541.80
2.879793	2.295480	1.008277	163	24	39	541.78
0.523599	2.455966	-0.641220	178	18	47	541.78
-2.356194	0.850607	-1.335383	172	18	44	541.77
1.832596	1.310100	1.488307	169	24	44	541.77
-2.094395	0.496451	0.593859	168	18	41	541.77
1.832596	1.242974	-2.977882	34	173	8	541.77
1.308997	2.455966	-0.641220	174	13	44	541.74
0.000000	2.863997	0.549740	171	14	41	541.74
1.570796	1.606104	-0.451151	169	18	41	541.70
-1.308997	0.866395	-2.492918	177	11	46	541.69
1.308997	0.685216	-1.712745	164	23	32	541.66
-1.308997	1.510910	-0.740472	175	24	42	541.66
0.785398	2.104282	-0.813972	176	25	47	541.64
-3.141593	0.866395	-2.492918	174	18	43	541.64
-0.523599	0.929350	-2.910676	173	18	47	541.62
-1.047198	1.256302	0.062705	167	14	39	541.62
0.785398	2.379497	0.561089	168	19	42	541.61
-2.617994	0.685216	-1.712745	170	20	44	541.57
-2.879793	0.733948	3.021411	178	17	49	541.56
-2.094395	2.089241	-0.114193	171	20	41	541.55
0.785398	1.194549	-0.801900	178	21	45	541.45
0.785398	1.310100	1.488307	181	14	49	541.41
1.832596	0.899350	-2.069907	51	166	177	541.34
-1.308997	1.488617	1.159546	49	167	183	541.31
2.094395	0.910508	1.903534	180	29	47	541.16
-1.047198	0.899350	-2.069907	173	22	47	541.14
2.879793	1.374601	-2.456031	172	17	41	541.14
-2.879793	0.419640	2.974122	174	11	45	541.12
-0.261799	1.325504	-1.671296	172	25	44	541.11
-2.356194	1.374601	-2.456031	180	21	49	541.07
-2.879793	1.247695	1.809890	180	12	51	541.07
-3.141593	1.417623	-0.202254	170	18	39	541.06
-3.141593	2.404280	-0.174044	182	11	46	541.04
-3.141593	0.618092	2.539118	167	12	39	541.01
0.523599	1.025536	1.576859	174	13	45	541.00
0.785398	2.760637	2.781135	180	191	40	541.00
-2.879793	1.555207	1.708892	178	18	51	540.96
0.261799	2.164094	-2.991358	165	8	40	540.96
-1.570796	2.588535	-2.976617	166	11	38	540.94
2.094395	2.724429	-0.348782	180	13	46	540.94
1.308997	2.041297	-2.664597	177	15	44	540.93
0.261799	1.683268	0.374177	169	15	35	540.92
-2.094395	1.367556	0.358405	175	15	46	540.87
-0.261799	1.869911	2.701025	169	14	44	540.85
2.879793	1.045978	0.343692	169	20	43	540.83
2.879793	0.419640	2.974122	179	28	46	540.82
2.094395	1.824694	1.850876	180	20	50	540.81
0.000000	1.948085	-2.363031	174	6	42	540.81
1.832596	2.719179	-1.780644	175	21	46	540.80
2.617994	1.545873	-1.877082	170	7	37	540.78
2.356194	0.866395	-2.492918	175	9	44	540.77
-3.141593	1.194549	-0.801900	173	19	44	540.76
1.047198	1.045978	0.343692	172	15	42	540.74
-2.879793	2.984978	1.954446	170	14	39	540.70
-0.523599	1.812176	0.656819	171	9	39	540.69
0.261799	1.367556	0.358405	178	18	47	540.65
-0.523599	2.063651	-2.044600	168	13	42	540.64
1.047198	0.992645	-1.723759	168	26	39	540.63
-2.356194	1.736875	3.023612	175	23	46	540.63
-0.785398	2.115563	0.685730	173	7	39	540.62
-2.356194	2.704512	1.488683	165	18	42	540.62
-1.832596	2.033014	2.977192	177	30	45	540.61
-1.308997	2.478122	2.609777	165	15	38	540.60
-2.617994	2.073035	2.027405	171	17	41	540.59
-2.094395	2.587733	0.232235	188	21	49	540.52
2.094395	1.134796	2.434290	180	18	49	540.52
-1.832596	0.618092	2.539118	181	11	48	540.52
1.047198	2.180315	-1.357379	178	27	48	540.52
2.356194	1.025536	1.576859	178	32	44	540.50
1.308997	1.909857	-0.381669	170	19	44	540.41
-2.094395	2.115563	0.685730	169	1	35	540.38
0.261799	2.295480	1.008277	171	17	39	540.38
-1.047198	1.809167	1.213774	175	11	47	540.32
2.617994	1.417623	-0.202254	178	11	42	540.32
1.570796	2.587733	0.232235	178	13	48	540.30
1.047198	2.295480	1.008277	167	16	40	540.29
-1.047198	2.356369	3.005869	165	18	39	540.28
1.570796	2.073035	2.027405	191	23	52	540.26
-0.523599	0.914445	2.687814	167	17	40	540.20
-0.261799	2.299159	2.264663	167	9	37	540.20
-3.141593	1.488617	1.159546	169	19	45	540.15
0.785398	1.506530	1.988858	178	5	44	540.15
0.261799	0.080730	-2.622036	168	20	42	540.06
-2.094395	0.203748	0.590255	168	16	42	540.06
-1.047198	1.113094	-0.272241	167	15	39	540.03
1.308997	2.404280	-0.174044	175	13	46	539.99
2.094395	1.134497	-1.109631	174	15	44	539.90
0.523599	0.618092	2.539118	170	10	43	539.84
-0.261799	2.138223	1.678323	174	7	42	539.84
2.879793	1.417623	-0.202254	180	10	43	539.84
2.356194	0.762244	-0.273349	173	12	42	539.82
0.785398	1.732874	-0.951685	173	29	43	539.80
-2.617994	1.301460	-0.509251	175	28	45	539.78
-1.308997	2.984978	1.954446	173	18	42	539.76
1.308997	2.349581	-2.702517	174	14	41	539.74
0.261799	1.448123	-2.163292	172	7	42	539.73
2.094395	2.724429	-0.348782	181	13	47	539.71
0.000000	1.194549	-0.801900	176	20	44	539.71
-2.356194	1.045978	0.343692	169	9	42	539.65
-1.308997	1.721184	-0.153948	185	22	47	539.64
1.832596	0.960688	-0.577532	171	23	42	539.64
2.879793	1.766067	2.153843	179	16	48	539.63
-0.785398	0.615174	-0.666022	176	18	48	539.63
0.261799	2.001437	0.381215	175	20	44	539.59
-0.523599	0.700570	1.559208	171	15	43	539.54
2.356194	2.115563	0.685730	169	12	34	539.54
2.879793	1.367556	0.358405	171	23	43	539.47
1.047198	1.440580	2.260026	172	17	47	539.46
1.570796	2.041297	-2.664597	173	13	39	539.46
-2.617994	1.741644	-2.695914	176	14	43	539.46
-2.617994	1.569311	-3.003978	175	12	45	539.42
-3.141593	1.766067	2.153843	180	15	48	539.41
0.261799	0.864993	2.278281	174	26	46	539.38
-2.879793	1.766067	2.153843	180	17	51	539.37
-3.141593	1.488617	1.159546	178	21	49	539.37
0.523599	1.135834	-1.431087	172	26	41	539.37
-0.785398	1.325504	-1.671296	164	16	36	539.33
1.308997	1.413430	2.550734	172	9	45	539.30
-2.617994	1.662363	0.915448	169	11	42	539.29
-2.356194	2.592629	0.909713	183	21	45	539.25
-1.047198	0.640596	-2.797608	176	21	46	539.21
1.308997	0.297065	2.160177	176	16	46	539.21
-1.832596	1.982574	-1.115518	178	24	46	539.19
0.785398	0.290380	-0.796960	178	13	47	539.17
2.879793	2.979456	-1.009304	179	20	47	539.16
2.617994	0.615174	-0.666022	174	19	44	539.12
-1.832596	2.455966	-0.641220	172	14	41	539.12
-2.879793	1.014500	0.906702	169	10	41	539.05
2.356194	1.413430	2.550734	170	19	40	539.02
0.785398	1.045978	0.343692	171	17	42	539.01
0.523599	1.606104	-0.451151	178	22	45	539.00
2.094395	0.914445	2.687814	175	1	43	538.93
1.047198	1.214854	-1.966664	172	28	41	538.89
-3.141593	0.961715	0.014085	170	17	43	538.87
-1.570796	1.391910	3.030322	172	17	47	538.76
0.000000	1.045978	0.343692	175	6	41	538.69
-2.879793	1.417623	-0.202254	170	16	39	538.69
-1.832596	2.115563	0.685730	170	16	42	538.63
0.523599	1.325504	-1.671296	175	26	42	538.58
2.356194	0.929350	-2.910676	171	14	44	538.56
-1.570796	1.135813	-2.658866	170	12	43	538.55
2.356194	1.948085	-2.363031	171	21	45	538.50
-2.094395	1.904882	-1.478089	177	18	46	538.46
1.308997	0.496451	0.593859	179	11	46	538.45
-0.785398	0.290380	-0.796960	171	22	44	538.43
0.000000	2.251330	-2.330739	173	4	39	538.40
-1.308997	0.992645	-1.723759	174	8	42	538.38
-2.879793	0.370812	-2.547742	175	12	42	538.35
-1.047198	1.367556	0.358405	175	20	45	538.35
2.879793	2.587733	0.232235	163	17	34	538.34
1.047198	2.704512	1.488683	169	12	37	538.34
0.000000	1.977582	0.969896	169	10	35	538.31
0.523599	1.045978	0.343692	171	19	42	538.29
-0.523599	2.247462	0.191623	176	21	45	538.28
1.047198	1.982574	-1.115518	175	27	46	538.27
1.047198	2.588535	-2.976617	173	14	41	538.24
1.832596	0.618092	2.539118	175	15	47	538.21
1.832596	2.984978	1.954446	163	19	36	538.21
-0.523599	1.741644	-2.695914	169	12	43	538.20
1.308997	1.335669	0.897240	187	23	49	538.15
-2.879793	1.870545	-2.976234	172	10	39	538.13
-2.617994	2.247462	0.191623	167	20	37	538.12
-2.356194	1.194549	-0.801900	178	30	44	538.12
1.047198	1.824694	1.850876	185	23	53	538.11
-0.785398	0.910508	1.903534	174	20	46	538.07
1.570796	1.824694	1.850876	184	25	52	538.04
-0.523599	2.455966	-0.641220	169	22	44	537.95
-0.523599	1.872854	1.543456	174	11	46	537.91
-1.308997	0.906588	1.252948	171	21	44	537.89
-0.785398	2.356369	3.005869	166	14	38	537.87
2.356194	2.001437	0.381215	181	24	43	537.78
1.570796	1.440580	2.260026	176	15	52	537.74
-0.785398	0.203748	0.590255	177	22	47	537.74
2.879793	2.299159	2.264663	183	24	47	537.73
-1.308997	1.135834	-1.431087	175	21	45	537.73
2.879793	2.379497	0.561089	164	22	37	537.73
-0.785398	0.080730	-2.622036	182	26	46	537.68
0.523599	2.299159	2.264663	180	7	46	537.68
-0.785398	1.904882	-1.478089	166	24	38	537.62
1.570796	0.297065	2.160177	171	23	44	537.61
0.785398	2.115563	0.685730	165	21	39	537.61
1.308997	0.762244	-0.273349	172	22	42	537.59
-1.308997	1.367556	0.358405	174	22	45	537.57
2.356194	1.413430	2.550734	169	20	40	537.56
2.617994	0.370812	-2.547742	178	21	47	537.53
-1.308997	0.866395	-2.492918	176	11	46	537.51
-3.141593	1.014500	0.906702	174	13	47	537.51
1.047198	1.448123	-2.163292	176	29	43	537.49
-2.094395	1.736875	3.023612	174	20	47	537.48
-2.879793	1.909857	-0.381669	173	21	42	537.48
1.047198	1.184361	0.625864	179	18	45	537.45
-2.356194	2.115563	0.685730	167	12	39	537.45
-2.617994	2.379497	0.561089	165	5	35	537.41
-1.832596	2.724429	-0.348782	171	19	40	537.40
-2.879793	0.864993	2.278281	173	15	47	537.39
-0.261799	0.700570	1.559208	172	13	44	537.38
-3.141593	0.733948	3.021411	178	18	50	537.37
1.047198	2.299159	2.264663	165	21	34	537.36
1.570796	2.455966	-0.641220	174	10	40	537.30
1.570796	1.184361	0.625864	180	17	45	537.28
0.523599	0.733948	3.021411	173	18	47	537.25
2.094395	0.370812	-2.547742	173	13	46	537.25
0.785398	0.850607	-1.335383	166	25	36	537.25
-0.261799	2.881233	-2.582574	180	15	45	537.24
-1.308997	1.014500	0.906702	170	18	42	537.22
0.261799	1.836682	-0.676006	55	175	172	537.21
-0.785398	1.606104	-0.451151	175	22	43	537.21
2.617994	0.831641	0.616218	172	21	46	537.18
0.523599	1.732874	-0.951685	176	31	43	537.15
1.308997	0.899350	-2.069907	167	28	36	537.14
-2.094395	1.824694	1.850876	169	13	42	537.13
0.785398	2.379497	0.561089	168	18	42	537.08
-2.617994	0.615174	-0.666022	170	16	42	537.08
-3.141593	0.831641	0.616218	168	12	40	537.06
1.832596	1.599406	1.426070	174	17	41	537.05
2.879793	0.379747	-1.713059	175	18	44	537.00
2.879793	1.417623	-0.202254	170	22	39	536.98
1.047198	2.108018	1.311430	179	24	44	536.96
2.617994	0.674054	1.013609	169	12	41	536.95
-2.617994	2.579248	-2.364801	169	15	43	536.83
-2.356194	0.290380	-0.796960	169	14	42	536.81
2.356194	0.866955	-0.931351	171	21	41	536.75
0.000000	1.824694	1.850876	179	13	48	536.70
-2.356194	2.063651	-2.044600	172	13	42	536.70
1.047198	1.025536	1.576859	177	14	47	536.66
-0.785398	1.218453	2.777284	167	20	40	536.63
2.094395	2.404280	-0.174044	177	8	42	536.58
1.308997	1.574060	2.783565	174	7	48	536.56
-3.141593	1.904882	-1.478089	174	17	43	536.50
-1.308997	2.379497	0.561089	172	25	41	536.48
-2.879793	2.295480	1.008277	168	20	43	536.45
-0.261799	0.929350	-2.910676	169	18	42	536.41
1.047198	1.909857	-0.381669	170	21	44	536.39
0.000000	2.041297	-2.664597	179	6	45	536.39
1.308997	2.247462	0.191623	170	12	42	536.38
1.570796	1.510910	-0.740472	179	25	45	536.37
-2.617994	1.732874	-0.951685	170	13	38	536.35
-2.617994	2.115563	0.685730	168	10	39	536.35
-1.047198	1.606104	-0.451151	174	24	42	536.32
-1.832596	0.591903	2.010408	172	6	40	536.31
2.356194	0.203748	0.590255	167	17	42	536.27
1.308997	1.569311	-3.003978	177	4	44	536.23
-1.047198	1.045978	0.343692	169	16	42	536.21
-1.570796	1.998705	2.370472	170	16	44	536.21
-1.047198	1.554776	0.100351	174	16	44	536.16
-2.617994	1.506530	1.988858	183	17	53	536.15
-1.047198	0.992645	-1.723759	165	22	38	536.10
-0.523599	1.025536	1.576859	173	15	44	536.08
0.523599	0.910508	1.903534	172	8	40	536.05
1.308997	2.104282	-0.813972	174	21	47	535.97
-2.094395	1.658653	-2.409879	176	24	48	535.93
-0.523599	2.719179	-1.780644	170	16	41	535.82
1.047198	2.393226	1.857173	168	16	36	535.82
-1.308997	2.108018	1.311430	167	10	39	535.81
0.261799	1.658653	-2.409879	176	7	44	535.77
-2.356194	2.760637	2.781135	171	17	41	535.76
-3.141593	2.251330	-2.330739	171	17	45	535.76
1.832596	2.115563	0.685730	176	13	43	535.74
1.047198	2.115563	0.685730	173	23	43	535.74
1.047198	2.637879	2.121598	168	19	39	535.71
-2.879793	1.554776	0.100351	167	19	40	535.63
-2.094395	0.674054	1.013609	169	14	41	535.63
-3.141593	1.374601	-2.456031	171	20	40	535.61
1.832596	1.998705	2.370472	177	15	44	535.61
-1.570796	1.574060	2.783565	180	27	48	535.59
1.832596	2.164094	-2.991358	168	20	40	535.59
2.356194	0.899350	-2.069907	167	14	39	535.54
-2.617994	2.396274	-1.959260	173	17	45	535.53
2.617994	1.836682	-0.676006	178	15	45	535.49
-1.570796	1.683268	0.374177	174	11	44	535.48
-0.261799	2.379497	0.561089	172	17	41	535.48
-0.523599	2.349581	-2.702517	176	17	45	535.45
-2.617994	2.456751	-1.503343	27	185	10	535.44
-3.141593	1.506530	1.988858	177	12	49	535.44
-2.617994	2.251330	-2.330739	181	27	46	535.44
-2.356194	1.367556	0.358405	172	17	45	535.43
-0.785398	2.001437	0.381215	175	21	44	535.35
-2.879793	1.948085	-2.363031	186	28	48	535.33
0.000000	2.881233	-2.582574	180	11	44	535.31
2.617994	2.041297	-2.664597	186	27	48	535.30
1.570796	0.619654	-2.216909	30	171	9	535.28
-0.523599	1.569311	-3.003978	173	14	47	535.27
1.832596	2.295480	1.008277	171	6	38	535.19
-2.356194	1.448123	-2.163292	176	26	45	535.19
0.000000	1.699788	2.452890	175	13	48	535.15
0.000000	1.504028	0.636812	176	4	40	535.12
-1.570796	0.618092	2.539118	169	11	41	535.09
-1.832596	1.736875	3.023612	171	9	43	535.09
-2.879793	0.762244	-0.273349	173	19	45	535.06
1.832596	1.809167	1.213774	179	23	45	535.05
-0.523599	1.766067	2.153843	180	14	51	535.00
1.570796	2.299159	2.264663	181	30	42	534.99
1.047198	1.683268	0.374177	164	18	34	534.99
-2.094395	0.992645	-1.723759	174	20	46	534.97
0.000000	1.982574	-1.115518	182	28	45	534.97
2.094395	1.870545	-2.976234	179	18	46	534.89
-0.261799	0.850607	-1.335383	166	10	38	534.88
2.879793	2.881233	-2.582574	174	10	43	534.84
-1.832596	0.831641	0.616218	179	19	48	534.81
0.261799	0.700570	1.559208	172	19	46	534.78
-3.141593	1.982574	-1.115518	177	5	42	534.75
2.617994	2.719179	-1.780644	173	14	42	534.72
-0.785398	2.478122	2.609777	169	18	47	534.67
-2.617994	2.295480	1.008277	165	10	41	534.66
1.570796	1.545873	-1.877082	170	21	43	534.58
-2.094395	0.906588	1.252948	180	14	48	534.56
-1.308997	2.247462	0.191623	177	26	45	534.54
0.261799	2.041297	-2.664597	178	14	45	534.53
-2.879793	1.374601	-2.456031	171	18	40	534.50
-2.617994	0.419640	2.974122	174	24	46	534.45
2.094395	1.555207	1.708892	174	19	48	534.44
-1.308997	1.732874	-0.951685	171	22	39	534.34
-2.617994	1.904882	-1.478089	175	14	43	534.31
2.617994	2.979456	-1.009304	180	22	47	534.29
2.617994	0.700570	1.559208	172	26	44	534.23
1.047198	1.045978	0.343692	174	14	44	534.19
-1.832596	1.948085	-2.363031	170	21	40	534.10
-1.832596	0.619654	-2.216909	170	12	42	534.10
-2.879793	0.866955	-0.931351	172	8	39	534.04
-2.356194	1.374601	-2.456031	179	21	48	534.00
-0.785398	0.929350	-2.910676	176	15	46	533.97
-1.047198	1.440580	2.260026	172	27	45	533.90
0.785398	2.104282	-0.813972	175	15	47	533.90
1.570796	2.153910	-1.714959	172	22	45	533.87
1.832596	2.174483	2.653697	180	26	44	533.85
0.261799	2.637879	2.121598	177	4	38	533.82
0.785398	1.904882	-1.478089	174	17	43	533.80
0.000000	2.089241	-0.114193	171	13	39	533.77
1.047198	0.297065	2.160177	168	11	42	533.75
-1.047198	0.929350	-2.910676	175	15	45	533.74
-2.617994	2.063651	-2.044600	177	12	48	533.72
1.308997	1.504028	0.636812	191	29	46	533.72
2.879793	1.135834	-1.431087	178	27	43	533.71
0.000000	1.218453	2.777284	171	25	48	533.70
-2.617994	2.404280	-0.174044	187	15	49	533.67
-1.047198	1.134497	-1.109631	33	182	6	533.67
2.879793	2.174483	2.653697	175	15	43	533.65
1.832596	2.295480	1.008277	182	28	43	533.64
-1.570796	2.251330	-2.330739	166	23	42	533.63
-1.047198	2.033014	2.977192	167	12	41	533.61
0.523599	1.998705	2.370472	175	10	45	533.59
2.356194	2.881233	-2.582574	172	14	42	533.58
-1.832596	2.456751	-1.503343	176	18	47	533.56
1.832596	2.396274	-1.959260	170	21	44	533.53
-3.141593	2.138223	1.678323	172	17	40	533.52
-1.832596	2.984978	1.954446	163	19	39	533.47
-3.141593	1.812176	0.656819	165	15	38	533.44
-2.879793	2.153910	-1.714959	176	18	46	533.32
0.261799	0.496451	0.593859	177	4	39	533.31
2.879793	2.979456	-1.009304	175	20	44	533.29
2.617994	0.618092	2.539118	165	19	37	533.23
0.523599	1.214854	-1.966664	172	11	45	533.21
0.000000	1.310100	1.488307	171	12	42	533.21
-1.570796	0.496451	0.593859	173	26	45	533.19
1.308997	2.478122	2.609777	170	27	41	533.15
-0.523599	2.138223	1.678323	170	9	42	533.15
-0.785398	1.606104	-0.451151	177	13	43	533.14
2.094395	0.379747	-1.713059	185	30	46	533.12
-1.308997	1.809167	1.213774	170	9	40	533.08
-2.094395	1.134497	-1.109631	174	25	45	533.06
0.261799	1.184361	0.625864	185	18	49	533.04
-0.523599	2.041297	-2.664597	168	9	39	533.03
-2.094395	2.396274	-1.959260	181	22	46	532.96
0.261799	1.440580	2.260026	173	17	46	532.95
-1.832596	0.203748	0.590255	179	26	47	532.91
1.308997	1.184361	0.625864	179	10	45	532.91
-0.523599	1.242974	-2.977882	171	13	43	532.90
0.261799	2.379497	0.561089	174	16	43	532.83
2.094395	0.899350	-2.069907	173	21	42	532.82
-0.523599	1.506530	1.988858	172	18	47	532.81
-0.523599	1.683268	0.374177	171	6	38	532.79
1.832596	1.812176	0.656819	169	7	37	532.77
-0.523599	1.194549	-0.801900	173	10	44	532.77
1.047198	2.041297	-2.664597	173	16	40	532.75
0.000000	1.699788	2.452890	171	14	43	532.75
2.879793	1.545873	-1.877082	174	5	38	532.72
-1.047198	1.506530	1.988858	169	17	43	532.70
1.570796	1.195355	1.200319	30	178	10	532.67
-0.523599	0.290380	-0.796960	30	180	10	532.67
0.261799	0.080730	-2.622036	169	22	43	532.65
0.523599	1.256302	0.062705	171	19	40	532.62
-0.261799	1.741644	-2.695914	170	10	42	532.61
0.785398	2.174483	2.653697	177	5	46	532.59
2.879793	2.295480	1.008277	169	29	43	532.48
0.261799	0.831641	0.616218	175	6	40	532.48
-0.523599	1.168678	2.108595	174	22	48	532.41
-3.141593	0.906588	1.252948	178	14	48	532.41
-3.141593	0.379747	-1.713059	170	17	38	532.39
-1.570796	1.904882	-1.478089	184	19	49	532.37
1.047198	1.134497	-1.109631	179	23	46	532.33
2.617994	1.433411	-1.035986	172	14	40	532.31
-0.523599	2.104282	-0.813972	172	24	46	532.29
-0.523599	2.379497	0.561089	178	26	44	532.27
-1.570796	1.982574	-1.115518	176	15	44	532.26
-2.879793	0.929350	-2.910676	182	22	50	532.22
0.000000	0.618092	2.539118	183	23	49	532.22
-1.570796	0.866395	-2.492918	173	10	43	532.19
-1.832596	2.588535	-2.976617	25	7	3	532.08
-0.523599	1.812176	0.656819	174	23	43	532.06
0.000000	0.960688	-0.577532	175	24	43	532.06
2.094395	1.247695	1.809890	184	33	45	532.02
-1.832596	0.899350	-2.069907	173	15	45	532.01
2.094395	0.571433	-1.188419	177	20	43	532.01
-0.523599	1.301460	-0.509251	170	8	39	531.99
2.617994	1.875281	0.107086	181	8	44	531.99
-1.832596	1.766067	2.153843	169	14	44	531.97
-2.617994	1.824694	1.850876	174	14	49	531.96
-2.879793	1.606104	-0.451151	173	18	42	531.89
0.261799	1.658653	-2.409879	178	10	48	531.81
0.261799	2.089241	-0.114193	174	15	43	531.76
1.047198	2.664082	-1.071402	178	16	46	531.69
1.570796	2.033014	2.977192	173	23	42	531.69
0.523599	2.863997	0.549740	163	19	35	531.67
-2.879793	2.251330	-2.330739	171	14	44	531.61
-1.308997	1.247695	1.809890	173	19	45	531.61
-0.785398	1.134497	-1.109631	34	182	6	531.60
-3.141593	1.736875	3.023612	172	18	44	531.59
-2.356194	1.247695	1.809890	169	13	44	531.58
-1.308997	2.979456	-1.009304	166	22	40	531.56
2.617994	1.417623	-0.202254	178	10	42	531.51
-0.261799	2.407836	1.410646	168	10	36	531.51
2.094395	0.866395	-2.492918	174	10	44	531.50
0.785398	0.496451	0.593859	167	17	38	531.46
2.356194	1.554776	0.100351	184	16	46	531.45
2.094395	1.417623	-0.202254	179	18	46	531.43
-0.261799	1.846342	-1.796954	168	15	43	531.42
-2.356194	2.760637	2.781135	172	16	42	531.42
0.000000	2.455966	-0.641220	172	21	45	531.39
0.261799	0.080730	-2.622036	173	6	42	531.37
-0.261799	1.134497	-1.109631	178	22	45	531.36
-0.261799	1.756530	-2.105156	176	19	48	531.33
0.261799	0.831641	0.616218	184	25	48	531.30
2.094395	0.929350	-2.910676	172	17	46	531.26
-0.261799	0.914445	2.687814	180	18	49	531.26
-2.617994	2.863997	0.549740	181	20	45	531.22
-3.141593	2.396274	-1.959260	178	14	47	531.18
2.879793	0.591903	2.010408	172	11	45	531.18
0.000000	2.343981	-1.040456	180	21	47	531.16
0.000000	0.733948	3.021411	173	21	46	531.10
0.785398	0.700570	1.559208	173	15	45	531.09
-0.261799	1.766067	2.153843	180	14	51	531.07
1.832596	1.732874	-0.951685	168	12	40	531.07
1.832596	2.379497	0.561089	175	9	45	531.06
1.308997	2.153910	-1.714959	173	16	42	530.98
1.832596	1.741644	-2.695914	177	14	44	530.95
-2.879793	1.335669	0.897240	168	13	41	530.95
-0.261799	2.138223	1.678323	180	11	46	530.94
2.356194	2.108018	1.311430	172	13	39	530.85
-3.141593	0.297065	2.160177	180	30	46	530.85
-1.832596	0.850607	-1.335383	176	19	47	530.85
-3.141593	0.370812	-2.547742	173	13	41	530.80
-2.617994	2.343981	-1.040456	172	15	42	530.79
1.047198	0.496451	0.593859	169	13	39	530.75
-0.785398	1.440580	2.260026	181	21	51	530.74
1.047198	1.555207	1.708892	180	24	49	530.74
-2.094395	1.135834	-1.431087	169	18	42	530.73
-0.785398	1.658653	-2.409879	171	13	45	530.68
-3.141593	1.574060	2.783565	171	22	45	530.66
-1.832596	2.863997	0.549740	177	7	40	530.66
-2.617994	2.299159	2.264663	176	20	44	530.60
2.094395	0.850607	-1.335383	173	9	40	530.58
0.523599	1.301460	-0.509251	176	24	44	530.53
-2.879793	1.014500	0.906702	174	13	46	530.53
0.785398	0.866955	-0.931351	178	27	43	530.52
-2.617994	0.618092	2.539118	173	13	46	530.49
-1.832596	1.440580	2.260026	174	14	47	530.47
1.570796	0.685216	-1.712745	180	8	45	530.44
-1.047198	0.866395	-2.492918	180	11	47	530.43
-1.047198	2.760637	2.781135	163	18	39	530.41
-2.617994	0.418037	1.360082	169	17	44	530.38
-0.523599	1.875281	0.107086	177	12	44	530.38
-2.617994	1.569311	-3.003978	175	10	40	530.36
-2.356194	1.662363	0.915448	171	11	42	530.35
-1.308997	0.733948	3.021411	175	15	44	530.34
1.570796	2.073035	2.027405	187	17	50	530.33
0.523599	1.301460	-0.509251	34	184	8	530.33
-3.141593	1.218453	2.777284	169	15	42	530.33
-2.617994	1.812176	0.656819	171	22	45	530.33
-2.094395	2.587733	0.232235	180	20	44	530.32
1.570796	1.756530	-2.105156	175	24	45	530.32
-2.094395	2.174483	2.653697	175	27	46	530.32
-2.879793	0.733948	3.021411	29	178	12	530.30
0.000000	0.496451	0.593859	177	18	48	530.30
-0.785398	0.864993	2.278281	172	21	45	530.27
0.261799	2.637879	2.121598	179	34	43	530.24
0.785398	1.014500	0.906702	176	16	44	530.23
1.570796	1.569311	-3.003978	180	24	47	530.21
1.570796	1.875281	0.107086	170	14	41	530.16
1.832596	1.756530	-2.105156	173	22	45	530.11
-1.570796	0.700570	1.559208	173	25	44	530.10
-1.047198	0.914445	2.687814	185	21	50	530.07
1.570796	1.869911	2.701025	173	23	41	530.04
-2.356194	2.379497	0.561089	168	22	39	530.02
-1.570796	1.741644	-2.695914	174	16	48	530.00
2.094395	1.606104	-0.451151	182	24	46	529.99
-2.617994	1.998705	2.370472	176	23	47	529.98
-1.047198	1.766067	2.153843	177	15	50	529.96
-1.047198	2.033014	2.977192	168	19	43	529.94
1.832596	1.391910	3.030322	183	5	47	529.92
1.832596	1.194549	-0.801900	174	13	43	529.90
1.047198	1.242974	-2.977882	171	9	42	529.87
2.617994	2.404280	-0.174044	172	11	37	529.86
0.785398	1.998705	2.370472	177	10	46	529.85
-2.617994	1.247695	1.809890	181	9	51	529.83
2.617994	2.407836	1.410646	173	30	44	529.79
1.047198	2.863997	0.549740	173	12	44	529.72
-2.617994	2.089241	-0.114193	176	23	43	529.71
1.308997	1.325504	-1.671296	177	8	44	529.68
2.356194	1.909857	-0.381669	179	15	45	529.66
0.785398	1.214854	-1.966664	175	30	42	529.63
1.832596	1.977582	0.969896	173	10	41	529.61
-2.617994	1.741644	-2.695914	177	15	44	529.59
2.617994	1.184361	0.625864	170	21	41	529.52
-1.832596	1.836682	-0.676006	177	14	44	529.49
0.000000	1.014500	0.906702	180	19	48	529.48
-2.094395	2.404280	-0.174044	168	21	37	529.48
-1.308997	1.662363	0.915448	172	7	41	529.47
-2.094395	2.174483	2.653697	175	26	46	529.44
-0.261799	2.456751	-1.503343	170	18	41	529.42
-0.785398	0.370812	-2.547742	179	23	47	529.41
2.094395	2.349581	-2.702517	167	16	41	529.40
2.356194	2.592629	0.909713	181	8	46	529.26
-1.570796	1.574060	2.783565	176	23	48	529.26
2.879793	1.658653	-2.409879	186	21	49	529.26
1.308997	2.180315	-1.357379	176	25	48	529.26
-0.523599	1.732874	-0.951685	173	17	43	529.25
1.308997	0.297065	2.160177	176	15	46	529.23
-1.832596	0.992645	-1.723759	170	14	41	529.20
-1.570796	2.724429	-0.348782	172	19	43	529.17
2.879793	1.256302	0.062705	176	25	45	529.15
0.261799	2.396274	-1.959260	181	24	46	529.11
-2.879793	1.998705	2.370472	182	22	50	529.11
0.785398	2.881233	-2.582574	174	14	41	529.07
-0.785398	2.343981	-1.040456	173	20	46	529.07
2.094395	1.413430	2.550734	170	22	40	529.06
1.308997	0.762244	-0.273349	170	23	41	529.06
2.356194	0.866395	-2.492918	176	9	45	529.03
-3.141593	2.379497	0.561089	162	14	35	529.02
1.308997	0.762244	-0.273349	171	22	41	529.01
0.000000	2.863997	0.549740	175	14	43	529.01
2.879793	2.379497	0.561089	162	19	35	529.00
-0.261799	1.325504	-1.671296	173	26	44	528.99
-2.356194	2.104282	-0.813972	167	14	36	528.98
-2.356194	2.724429	-0.348782	183	19	49	528.96
-2.094395	0.709924	0.218797	181	19	49	528.96
1.832596	1.433411	-1.035986	177	10	45	528.93
-1.832596	1.247695	1.809890	174	9	45	528.91
2.879793	0.992645	-1.723759	176	16	44	528.90
-2.094395	2.393226	1.857173	165	15	37	528.90
1.832596	2.164094	-2.991358	167	21	39	528.89
-1.047198	1.391910	3.030322	174	7	42	528.86
-1.832596	0.674054	1.013609	168	13	40	528.86
-1.047198	1.391910	3.030322	174	13	47	528.82
-0.785398	2.164094	-2.991358	167	25	41	528.82
1.308997	0.615174	-0.666022	172	17	41	528.80
2.879793	0.899350	-2.069907	173	16	43	528.79
-0.261799	0.864993	2.278281	184	33	47	528.75
0.261799	1.904882	-1.478089	175	20	44	528.72
-2.617994	2.455966	-0.641220	169	21	38	528.67
-3.141593	2.001437	0.381215	166	14	35	528.65
1.832596	0.080730	-2.622036	175	15	47	528.57
-0.785398	1.135813	-2.658866	171	14	42	528.52
-0.523599	1.135834	-1.431087	167	14	39	528.52
0.000000	1.846342	-1.796954	186	21	49	528.48
-1.047198	2.073035	2.027405	172	11	45	528.47
-1.047198	1.242974	-2.977882	172	12	43	528.41
-2.879793	0.418037	1.360082	168	10	40	528.41
2.356194	1.335669	0.897240	172	24	45	528.36
1.832596	1.184361	0.625864	174	18	41	528.32
1.308997	1.554776	0.100351	167	17	39	528.30
1.047198	1.113094	-0.272241	171	21	42	528.30
0.000000	1.554776	0.100351	171	17	39	528.28
-0.785398	2.704512	1.488683	184	28	45	528.28
-3.141593	1.413430	2.550734	171	21	44	528.25
-0.261799	2.404280	-0.174044	179	16	46	528.23
-0.523599	1.948085	-2.363031	178	18	48	528.22
0.523599	0.615174	-0.666022	183	15	48	528.22
-3.141593	1.696674	-1.253233	179	19	46	528.22
1.047198	1.301460	-0.509251	175	23	44	528.21
-1.308997	1.982574	-1.115518	183	24	48	528.15
1.047198	1.050534	3.042579	169	14	44	528.14
-2.356194	0.591903	2.010408	170	11	44	528.11
1.570796	2.089241	-0.114193	172	14	45	528.08
-1.832596	1.506530	1.988858	173	11	44	528.06
-0.523599	1.872854	1.543456	50	171	187	528.06
0.000000	1.998705	2.370472	176	9	47	528.05
-3.141593	2.343981	-1.040456	178	11	47	528.00
1.832596	2.187132	-0.479875	175	8	41	527.99
-2.356194	2.343981	-1.040456	173	15	43	527.94
1.832596	0.733948	3.021411	176	6	42	527.91
-1.832596	1.450119	-2.739050	171	15	42	527.89
1.570796	1.766067	2.153843	182	18	53	527.85
-2.356194	2.984978	1.954446	177	12	42	527.85
2.879793	1.836682	-0.676006	176	4	40	527.76
0.785398	2.138223	1.678323	168	21	37	527.75
0.261799	1.658653	-2.409879	176	8	44	527.72
-1.047198	1.135834	-1.431087	173	18	46	527.69
1.832596	2.356369	3.005869	176	23	44	527.65
1.832596	0.899350	-2.069907	179	9	47	527.63
-0.785398	0.850607	-1.335383	164	17	37	527.62
-0.785398	1.391910	3.030322	175	16	49	527.59
2.094395	0.571433	-1.188419	176	21	42	527.59
1.570796	0.866955	-0.931351	172	12	40	527.58
-0.261799	2.251330	-2.330739	170	6	40	527.58
-2.094395	1.696674	-1.253233	177	14	43	527.55
2.356194	2.033014	2.977192	171	13	39	527.54
-0.785398	0.866395	-2.492918	172	18	44	527.53
-2.879793	1.448123	-2.163292	174	18	43	527.52
-1.047198	2.724429	-0.348782	178	17	46	527.49
-0.785398	0.619654	-2.216909	170	23	44	527.48
-1.570796	0.709924	0.218797	174	15	43	527.47
-3.141593	1.504028	0.636812	169	19	42	527.45
-0.261799	1.488617	1.159546	173	12	44	527.39
-1.832596	2.349581	-2.702517	167	18	41	527.36
2.617994	2.760637	2.781135	163	17	36	527.34
-1.308997	2.299159	2.264663	169	11	40	527.34
-1.570796	2.033014	2.977192	174	29	44	527.33
-1.832596	1.736875	3.023612	170	9	42	527.32
2.617994	1.662363	0.915448	167	26	42	527.30
2.094395	1.617114	-1.572037	167	13	38	527.28
0.523599	1.904882	-1.478089	175	18	43	527.27
-2.094395	1.113094	-0.272241	171	17	44	527.26
-1.832596	1.113094	-0.272241	172	14	44	527.22
-1.047198	0.762244	-0.273349	171	11	39	527.20
-1.308997	1.391910	3.030322	174	17	48	527.19
-2.879793	1.869911	2.701025	169	21	43	527.16
-2.356194	0.418037	1.360082	169	7	39	527.13
0.261799	1.325504	-1.671296	177	26	42	527.12
-2.879793	2.719179	-1.780644	177	13	48	527.11
2.356194	1.413430	2.550734	184	10	52	527.11
1.047198	2.760637	2.781135	175	13	41	527.05
0.261799	2.719179	-1.780644	181	20	47	527.01
1.832596	1.869911	2.701025	176	25	44	527.00
-3.141593	2.984978	1.954446	173	11	40	526.99
-2.879793	0.674054	1.013609	171	7	41	526.96
-2.617994	2.455966	-0.641220	170	22	40	526.92
-2.094395	2.724429	-0.348782	170	21	40	526.91
-2.356194	1.510910	-0.740472	188	24	46	526.91
1.047198	1.391910	3.030322	168	5	40	526.83
-2.356194	1.554776	0.100351	167	16	41	526.77
-0.261799	2.455966	-0.641220	168	19	44	526.73
-1.047198	1.617114	-1.572037	170	27	41	526.72
-0.785398	1.134497	-1.109631	33	182	6	526.70
-0.785398	2.379497	0.561089	30	187	7	526.69
1.570796	1.872854	1.543456	185	32	50	526.67
1.308997	1.658653	-2.409879	174	17	44	526.65
1.832596	2.033014	2.977192	174	20	43	526.65
0.000000	1.574060	2.783565	171	20	50	526.59
-2.094395	1.218453	2.777284	175	18	49	526.59
2.617994	1.977582	0.969896	172	11	38	526.59
2.617994	2.637879	2.121598	187	29	45	526.59
2.879793	1.134796	2.434290	167	21	40	526.58
1.047198	1.836682	-0.676006	172	13	45	526.58
1.832596	2.187132	-0.479875	175	8	40	526.56
-1.832596	2.343981	-1.040456	182	26	48	526.52
-3.141593	2.164094	-2.991358	176	16	44	526.51
2.094395	0.899350	-2.069907	170	22	40	526.49
0.261799	1.413347	-1.339188	173	26	44	526.48
0.523599	1.506530	1.988858	178	21	50	526.44
-1.308997	1.846342	-1.796954	187	15	49	526.41
-2.879793	0.762244	-0.273349	175	18	46	526.40
-3.141593	1.195355	1.200319	169	14	45	526.35
-0.785398	0.961715	0.014085	168	13	39	526.33
0.785398	1.025536	1.576859	175	13	46	526.31
0.523599	1.128190	-2.288622	175	15	48	526.26
-1.047198	1.545873	-1.877082	170	6	37	526.25
-1.047198	1.872854	1.543456	169	11	42	526.23
-0.261799	0.961715	0.014085	175	10	44	526.21
1.047198	0.418037	1.360082	171	12	40	526.21
-0.523599	1.696674	-1.253233	170	25	39	526.21
2.356194	1.367556	0.358405	175	20	42	526.20
-0.261799	1.168678	2.108595	170	13	43	526.17
1.308997	1.869911	2.701025	179	7	49	526.15
-3.141593	0.674054	1.013609	177	16	49	526.15
-1.047198	0.866395	-2.492918	172	20	44	526.13
-2.356194	1.134497	-1.109631	170	20	43	526.11
-2.094395	2.180315	-1.357379	183	21	50	526.07
0.523599	2.073035	2.027405	183	12	49	526.07
1.832596	1.569311	-3.003978	174	16	43	526.07
2.879793	1.194549	-0.801900	176	24	44	526.06
-1.047198	2.138223	1.678323	165	12	38	526.06
0.000000	1.982574	-1.115518	169	17	38	526.06
-2.879793	2.588535	-2.976617	175	23	44	526.01
-2.879793	1.982574	-1.115518	172	15	43	526.01
-3.141593	0.929350	-2.910676	182	21	50	526.00
2.879793	2.407836	1.410646	169	28	44	525.99
1.308997	1.325504	-1.671296	169	20	41	525.98
-0.261799	2.637879	2.121598	182	31	44	525.97
-1.308997	2.863997	0.549740	182	25	48	525.93
-1.832596	1.488617	1.159546	172	14	45	525.90
2.356194	1.870545	-2.976234	181	25	47	525.86
-0.261799	1.574060	2.783565	172	21	49	525.81
2.879793	0.850607	-1.335383	177	9	42	525.60
0.785398	1.440580	2.260026	174	7	44	525.58
0.785398	1.194549	-0.801900	180	26	44	525.55
-1.570796	2.881233	-2.582574	175	15	44	525.54
-0.523599	1.050534	3.042579	176	13	46	525.46
-1.832596	2.478122	2.609777	170	24	42	525.46
2.617994	1.050534	3.042579	170	16	43	525.45
1.308997	1.450119	-2.739050	178	19	47	525.43
2.617994	0.571433	-1.188419	176	18	43	525.41
-3.141593	0.591903	2.010408	177	189	39	525.41
-1.832596	2.349581	-2.702517	31	9	1	525.39
0.785398	2.041297	-2.664597	170	8	39	525.37
1.570796	1.846342	-1.796954	176	20	47	525.36
2.617994	2.664082	-1.071402	176	15	43	525.35
0.523599	1.904882	-1.478089	179	17	47	525.34
-1.570796	0.992645	-1.723759	171	10	41	525.29
-2.617994	0.290380	-0.796960	167	17	41	525.28
0.000000	0.496451	0.593859	176	13	46	525.27
1.308997	2.299159	2.264663	179	20	45	525.27
0.000000	1.948085	-2.363031	181	16	48	525.26
2.617994	1.391910	3.030322	174	21	46	525.26
-0.523599	2.164094	-2.991358	163	22	40	525.26
0.000000	1.168678	2.108595	170	13	45	525.25
0.000000	1.812176	0.656819	172	10	39	525.25
-2.094395	1.417623	-0.202254	171	10	41	525.25
-2.617994	1.433411	-1.035986	176	32	42	525.25
1.308997	1.574060	2.783565	176	7	48	525.22
1.308997	1.756530	-2.105156	177	25	45	525.15
-0.785398	1.374601	-2.456031	172	18	47	525.10
-0.785398	2.579248	-2.364801	169	9	40	525.08
-1.047198	1.135813	-2.658866	176	8	43	525.07
1.047198	1.545873	-1.877082	175	25	44	525.05
1.832596	1.135813	-2.658866	173	16	45	525.04
-1.570796	1.433411	-1.035986	169	14	41	525.02
-1.832596	2.104282	-0.813972	180	14	46	524.99
-1.832596	0.080730	-2.622036	170	14	41	524.95
2.879793	0.914445	2.687814	167	16	40	524.87
-3.141593	1.870545	-2.976234	178	27	48	524.81
-2.094395	2.724429	-0.348782	183	20	49	524.78
1.308997	0.496451	0.593859	174	13	43	524.76
-1.047198	0.850607	-1.335383	173	14	45	524.76
-1.832596	2.704512	1.488683	167	10	43	524.75
-0.523599	1.214854	-1.966664	170	14	44	524.75
2.617994	1.135813	-2.658866	180	13	49	524.74
-1.047198	2.108018	1.311430	171	9	43	524.73
-2.617994	1.113094	-0.272241	172	22	45	524.72
-0.785398	2.174483	2.653697	171	9	42	524.71
-3.141593	1.683268	0.374177	170	23	42	524.68
-0.523599	2.153910	-1.714959	183	14	49	524.67
-1.308997	2.041297	-2.664597	171	14	46	524.62
-2.356194	2.180315	-1.357379	175	16	44	524.62
2.356194	0.762244	-0.273349	175	16	45	524.56
2.094395	1.128190	-2.288622	165	19	38	524.55
-1.832596	0.850607	-1.335383	174	15	44	524.52
-0.261799	1.218453	2.777284	178	13	48	524.52
-2.879793	1.184361	0.625864	170	13	43	524.51
0.261799	1.574060	2.783565	169	11	39	524.48
-2.356194	0.619654	-2.216909	176	17	48	524.43
2.617994	1.134497	-1.109631	170	12	37	524.43
1.308997	2.115563	0.685730	172	17	44	524.40
-2.356194	1.413347	-1.339188	173	26	42	524.39
2.879793	1.113094	-0.272241	176	8	38	524.38
0.785398	1.599406	1.426070	185	15	49	524.37
1.570796	0.615174	-0.666022	178	18	44	524.27
0.785398	0.961715	0.014085	171	15	39	524.26
-0.785398	2.001437	0.381215	169	9	37	524.25
1.047198	1.014500	0.906702	177	12	43	524.23
-3.141593	1.506530	1.988858	181	18	53	524.22
-0.261799	1.998705	2.370472	174	10	46	524.17
2.094395	1.846342	-1.796954	176	17	47	524.15
-3.141593	1.195355	1.200319	181	24	50	524.15
-2.879793	1.310100	1.488307	175	16	48	524.15
2.356194	1.135813	-2.658866	173	12	42	524.15
-0.523599	2.041297	-2.664597	53	177	182	524.09
2.617994	2.592629	0.909713	176	15	43	524.08
0.523599	1.184361	0.625864	172	14	42	524.05
1.047198	2.108018	1.311430	179	23	44	524.04
0.785398	1.909857	-0.381669	166	10	38	524.03
2.879793	1.310100	1.488307	174	21	48	524.00
0.000000	0.419640	2.974122	166	14	41	524.00
1.308997	2.592629	0.909713	170	12	43	523.99
-2.879793	1.909857	-0.381669	172	21	41	523.97
-0.261799	1.948085	-2.363031	178	13	48	523.96
0.000000	0.910508	1.903534	187	31	48	523.96
0.785398	0.831641	0.616218	170	15	39	523.94
-2.356194	0.866955	-0.931351	169	15	41	523.88
-1.832596	1.214854	-1.966664	177	24	46	523.86
-1.308997	1.168678	2.108595	178	7	45	523.82
1.308997	1.977582	0.969896	164	14	35	523.82
1.308997	1.128190	-2.288622	173	34	40	523.80
0.785398	0.640596	-2.797608	172	11	43	523.79
0.785398	2.033014	2.977192	171	4	43	523.74
-0.523599	1.128190	-2.288622	169	14	44	523.73
0.523599	0.618092	2.539118	167	11	41	523.71
1.832596	1.504028	0.636812	178	19	43	523.70
-2.879793	2.592629	0.909713	164	16	39	523.68
-2.879793	0.619654	-2.216909	174	9	40	523.67
2.356194	2.478122	2.609777	172	11	42	523.65
0.523599	2.001437	0.381215	172	12	39	523.63
-2.879793	1.214854	-1.966664	175	17	44	523.56
-1.570796	2.033014	2.977192	178	30	47	523.54
-3.141593	1.135813	-2.658866	172	24	42	523.54
-2.879793	2.001437	0.381215	169	24	41	523.54
-0.261799	1.736875	3.023612	167	20	46	523.53
2.094395	2.033014	2.977192	179	21	45	523.46
1.570796	1.413430	2.550734	174	7	45	523.42
0.523599	1.310100	1.488307	179	14	49	523.41
-0.785398	0.864993	2.278281	171	21	44	523.39
-2.617994	2.356369	3.005869	175	6	39	523.34
-1.047198	2.979456	-1.009304	165	18	39	523.29
0.000000	2.073035	2.027405	176	11	46	523.28
-0.523599	2.299159	2.264663	172	7	45	523.24
2.617994	2.115563	0.685730	172	12	39	523.24
-2.356194	1.977582	0.969896	168	15	42	523.23
-2.879793	0.203748	0.590255	174	9	45	523.23
0.523599	1.242974	-2.977882	186	21	50	523.19
-0.785398	1.367556	0.358405	29	171	7	523.13
-1.832596	1.450119	-2.739050	171	16	43	523.08
-2.094395	2.001437	0.381215	180	30	44	523.07
1.832596	2.979456	-1.009304	174	15	41	523.05
-2.879793	1.440580	2.260026	168	20	42	523.05
2.356194	0.700570	1.559208	182	16	50	523.04
1.832596	1.045978	0.343692	178	8	41	523.03
1.570796	1.812176	0.656819	168	10	37	523.02
-2.094395	1.113094	-0.272241	172	17	45	522.95
-0.523599	1.050534	3.042579	175	13	44	522.93
-1.047198	2.579248	-2.364801	169	13	42	522.90
2.356194	0.619654	-2.216909	183	24	48	522.88
-1.570796	0.297065	2.160177	173	8	40	522.87
-1.308997	1.488617	1.159546	173	10	44	522.83
-1.308997	0.709924	0.218797	170	22	44	522.82
2.094395	1.488617	1.159546	168	26	41	522.82
2.879793	1.732874	-0.951685	175	3	39	522.77
-3.141593	1.014500	0.906702	173	13	46	522.77
0.523599	2.881233	-2.582574	174	16	41	522.76
-0.523599	0.370812	-2.547742	173	26	46	522.71
-1.570796	0.866395	-2.492918	174	13	46	522.65
1.570796	1.606104	-0.451151	168	16	41	522.65
2.879793	1.374601	-2.456031	170	24	40	522.63
-1.047198	1.736875	3.023612	176	30	47	522.61
0.785398	1.741644	-2.695914	178	12	44	522.60
2.617994	2.041297	-2.664597	169	12	40	522.55
0.261799	2.587733	0.232235	164	20	37	522.55
1.308997	1.982574	-1.115518	171	15	41	522.50
-1.047198	0.961715	0.014085	168	15	39	522.50
-0.261799	2.251330	-2.330739	176	9	45	522.49
-2.879793	1.506530	1.988858	181	16	53	522.46
1.308997	1.948085	-2.363031	174	12	41	522.40
1.047198	1.812176	0.656819	53	181	169	522.36
2.617994	0.370812	-2.547742	176	5	43	522.34
1.570796	0.899350	-2.069907	166	24	37	522.31
-0.261799	1.617114	-1.572037	168	17	42	522.29
-1.832596	2.592629	0.909713	191	24	47	522.29
-0.261799	0.929350	-2.910676	171	17	44	522.28
2.879793	1.214854	-1.966664	181	24	46	522.23
-1.832596	1.374601	-2.456031	180	21	50	522.22
0.523599	0.700570	1.559208	186	35	44	522.22
-3.141593	2.164094	-2.991358	177	29	46	522.19
-1.047198	1.606104	-0.451151	173	25	41	522.19
-2.617994	0.640596	-2.797608	173	13	41	522.18
1.308997	2.881233	-2.582574	173	13	40	522.16
2.879793	1.242974	-2.977882	169	14	40	522.14
0.000000	1.998705	2.370472	170	9	40	522.12
-1.308997	1.510910	-0.740472	176	24	43	522.09
-1.832596	1.440580	2.260026	173	14	46	521.99
-0.785398	2.704512	1.488683	175	11	41	521.98
2.094395	2.719179	-1.780644	174	19	45	521.97
1.832596	0.866395	-2.492918	170	12	41	521.93
0.261799	1.488617	1.159546	179	14	47	521.89
-2.094395	1.413347	-1.339188	172	28	42	521.88
-1.308997	1.998705	2.370472	173	17	48	521.81
1.832596	0.615174	-0.666022	35	175	8	521.80
-0.523599	1.617114	-1.572037	186	23	48	521.78
-1.047198	1.134497	-1.109631	174	6	41	521.75
1.570796	1.374601	-2.456031	51	173	185	521.69
2.094395	2.251330	-2.330739	177	25	46	521.68
1.047198	2.104282	-0.813972	176	26	47	521.67
-1.047198	1.134796	2.434290	185	27	49	521.63
2.356194	1.909857	-0.381669	178	15	44	521.61
-1.570796	2.153910	-1.714959	180	14	48	521.61
-1.832596	1.448123	-2.163292	179	26	48	521.59
2.094395	1.904882	-1.478089	169	13	42	521.59
-2.879793	1.904882	-1.478089	174	15	42	521.59
1.832596	2.704512	1.488683	172	8	43	521.56
0.785398	1.909857	-0.381669	171	24	44	521.56
-1.832596	1.440580	2.260026	173	13	46	521.53
-2.356194	0.929350	-2.910676	181	21	50	521.48
0.523599	1.014500	0.906702	181	19	49	521.48
0.261799	2.704512	1.488683	170	16	37	521.46
1.047198	1.417623	-0.202254	175	18	44	521.46
1.047198	2.089241	-0.114193	171	20	45	521.42
1.047198	1.836682	-0.676006	171	23	44	521.39
-2.879793	1.606104	-0.451151	172	18	42	521.33
-1.832596	1.488617	1.159546	174	15	48	521.26
1.308997	0.906588	1.252948	177	18	48	521.26
-2.617994	1.301460	-0.509251	166	15	37	521.21
2.879793	2.073035	2.027405	179	21	47	521.11
2.879793	1.870545	-2.976234	180	28	48	521.11
-2.094395	2.760637	2.781135	168	10	37	521.08
-0.785398	0.899350	-2.069907	167	20	41	521.08
-2.617994	2.724429	-0.348782	178	17	45	521.05
-2.356194	1.195355	1.200319	176	6	45	521.05
-1.308997	2.863997	0.549740	174	24	43	521.05
1.047198	0.080730	-2.622036	173	21	47	521.03
-2.356194	2.153910	-1.714959	179	16	49	521.00
-0.785398	0.379747	-1.713059	166	23	41	520.98
-0.523599	2.664082	-1.071402	170	13	44	520.98
-1.047198	2.187132	-0.479875	176	6	39	520.90
-2.356194	2.063651	-2.044600	171	13	41	520.89
-0.785398	1.128190	-2.288622	168	17	42	520.88
2.617994	1.741644	-2.695914	186	26	49	520.85
-0.261799	1.488617	1.159546	174	12	45	520.85
2.879793	2.108018	1.311430	165	24	41	520.79
1.570796	0.960688	-0.577532	172	9	39	520.76
-2.879793	1.301460	-0.509251	176	13	45	520.76
-0.785398	1.242974	-2.977882	175	20	49	520.74
-1.832596	2.404280	-0.174044	171	21	42	520.73
-1.832596	0.961715	0.014085	172	7	41	520.71
-2.356194	2.138223	1.678323	171	16	50	520.70
-0.261799	2.588535	-2.976617	164	19	41	520.69
1.832596	2.724429	-0.348782	178	13	45	520.62
0.785398	0.961715	0.014085	171	16	39	520.62
2.617994	1.413347	-1.339188	181	31	41	520.60
-1.570796	0.762244	-0.273349	177	10	45	520.59
-1.047198	1.812176	0.656819	175	13	45	520.55
-2.356194	1.374601	-2.456031	174	22	45	520.52
-0.785398	2.719179	-1.780644	179	12	47	520.52
-1.570796	2.180315	-1.357379	180	20	48	520.52
-1.832596	1.569311	-3.003978	173	12	46	520.49
-0.785398	1.194549	-0.801900	169	11	40	520.48
-2.879793	0.929350	-2.910676	170	20	40	520.44
2.356194	2.588535	-2.976617	170	9	39	520.44
-0.523599	2.343981	-1.040456	172	18	47	520.42
2.879793	1.113094	-0.272241	178	7	40	520.40
-2.617994	1.982574	-1.115518	174	13	43	520.39
2.356194	0.619654	-2.216909	180	7	46	520.37
-2.879793	2.664082	-1.071402	179	16	49	520.37
-2.879793	1.134497	-1.109631	170	17	41	520.36
1.308997	1.599406	1.426070	175	20	42	520.33
-1.308997	2.104282	-0.813972	172	18	41	520.31
1.308997	0.618092	2.539118	174	19	47	520.31
1.047198	2.153910	-1.714959	175	23	45	520.24
1.308997	2.138223	1.678323	53	175	174	520.22
-0.523599	2.164094	-2.991358	169	7	39	520.22
0.261799	2.404280	-0.174044	173	22	46	520.15
2.617994	1.732874	-0.951685	174	16	43	520.15
1.570796	1.417623	-0.202254	167	17	39	520.11
1.832596	1.335669	0.897240	177	15	42	520.10
-2.617994	0.571433	-1.188419	171	14	41	520.09
2.356194	2.001437	0.381215	176	18	42	520.07
-3.141593	2.881233	-2.582574	166	23	40	520.05
2.356194	1.569311	-3.003978	177	22	47	520.03
-2.879793	1.683268	0.374177	169	22	43	520.02
-3.141593	1.875281	0.107086	172	24	41	520.02
-2.094395	2.180315	-1.357379	175	20	45	520.01
1.570796	2.295480	1.008277	177	17	44	519.98
-0.785398	2.881233	-2.582574	172	8	39	519.94
0.000000	2.001437	0.381215	176	7	39	519.89
-2.356194	1.325504	-1.671296	180	12	45	519.89
-0.785398	1.875281	0.107086	172	12	40	519.87
-0.261799	2.164094	-2.991358	161	18	38	519.87
1.832596	1.488617	1.159546	170	30	42	519.87
1.570796	0.458961	-0.107937	178	16	47	519.85
-3.141593	1.440580	2.260026	182	10	49	519.85
1.308997	1.824694	1.850876	182	20	50	519.85
-2.356194	1.846342	-1.796954	174	15	44	519.84
-2.879793	2.104282	-0.813972	168	20	37	519.84
0.785398	1.658653	-2.409879	54	174	167	519.81
2.617994	1.413347	-1.339188	177	17	46	519.78
-1.570796	0.992645	-1.723759	171	11	41	519.78
1.832596	1.662363	0.915448	172	14	39	519.70
1.832596	1.310100	1.488307	170	24	45	519.70
1.570796	2.001437	0.381215	169	10	40	519.70
-1.832596	2.073035	2.027405	173	14	48	519.67
-1.832596	0.685216	-1.712745	179	21	49	519.67
-0.523599	2.588535	-2.976617	164	24	41	519.67
1.832596	1.488617	1.159546	175	22	43	519.67
0.000000	0.685216	-1.712745	171	11	44	519.66
1.570796	0.733948	3.021411	175	9	45	519.57
1.308997	2.719179	-1.780644	177	23	46	519.55
-0.523599	1.982574	-1.115518	173	13	42	519.55
-2.094395	1.683268	0.374177	173	17	45	519.54
-2.879793	1.367556	0.358405	167	16	40	519.50
2.356194	0.203748	0.590255	166	18	42	519.46
1.832596	1.948085	-2.363031	171	27	43	519.45
0.261799	1.504028	0.636812	172	12	41	519.44
-1.308997	1.113094	-0.272241	172	8	39	519.44
-0.785398	2.299159	2.264663	170	8	41	519.43
0.261799	2.180315	-1.357379	179	14	49	519.43
-2.617994	2.588535	-2.976617	171	12	42	519.41
-3.141593	0.571433	-1.188419	172	16	41	519.40
-1.832596	1.948085	-2.363031	171	21	42	519.39
-2.094395	1.325504	-1.671296	47	188	161	519.38
2.617994	1.134497	-1.109631	171	25	41	519.37
-2.617994	1.977582	0.969896	165	6	37	519.36
-0.785398	1.440580	2.260026	171	24	45	519.34
-2.879793	2.299159	2.264663	180	28	49	519.33
-1.570796	1.506530	1.988858	174	9	45	519.31
-1.832596	1.301460	-0.509251	170	13	41	519.28
-1.047198	1.662363	0.915448	167	12	37	519.28
-1.047198	1.998705	2.370472	170	16	46	519.25
0.000000	2.407836	1.410646	178	32	43	519.25
-1.047198	0.379747	-1.713059	174	15	43	519.24
0.000000	1.510910	-0.740472	172	11	39	519.22
-0.523599	1.982574	-1.115518	49	171	179	519.21
1.308997	0.591903	2.010408	163	22	39	519.20
-2.617994	2.001437	0.381215	168	21	40	519.20
-2.879793	0.961715	0.014085	176	22	47	519.16
2.094395	2.138223	1.678323	182	25	48	519.11
-2.617994	0.591903	2.010408	169	12	43	519.10
0.000000	1.909857	-0.381669	174	14	43	519.10
-2.356194	0.831641	0.616218	181	23	48	519.04
-3.141593	0.080730	-2.622036	178	27	47	519.03
-1.047198	1.134497	-1.109631	34	181	6	519.03
0.000000	0.700570	1.559208	174	10	44	519.02
0.261799	1.184361	0.625864	171	15	40	519.01
-1.047198	1.450119	-2.739050	172	19	47	519.00
0.261799	2.587733	0.232235	173	19	45	518.99
-0.523599	2.592629	0.909713	171	21	40	518.95
1.047198	2.063651	-2.044600	175	16	44	518.94
2.094395	1.504028	0.636812	179	20	44	518.94
-0.261799	2.251330	-2.330739	170	5	38	518.93
-2.879793	1.510910	-0.740472	174	19	45	518.93
2.617994	0.674054	1.013609	178	21	49	518.93
2.879793	1.135813	-2.658866	177	10	43	518.92
-1.047198	2.760637	2.781135	165	22	42	518.88
-0.261799	1.256302	0.062705	173	6	40	518.87
1.570796	1.135834	-1.431087	173	21	44	518.86
0.261799	1.948085	-2.363031	51	184	173	518.85
2.094395	2.349581	-2.702517	170	21	43	518.84
-0.785398	2.247462	0.191623	176	21	45	518.82
0.261799	0.914445	2.687814	32	179	11	518.81
2.356194	1.766067	2.153843	176	14	43	518.81
-2.094395	1.569311	-3.003978	171	14	43	518.78
-0.261799	0.906588	1.252948	170	12	43	518.77
2.356194	2.115563	0.685730	178	5	42	518.70
0.261799	2.299159	2.264663	176	7	44	518.69
-2.879793	1.662363	0.915448	167	12	42	518.60
0.000000	1.699788	2.452890	174	13	47	518.59
-2.879793	1.367556	0.358405	170	21	44	518.53
-0.261799	1.683268	0.374177	175	12	42	518.49
-2.356194	1.732874	-0.951685	185	26	46	518.48
0.261799	2.979456	-1.009304	173	15	43	518.47
-3.141593	2.251330	-2.330739	185	25	46	518.46
1.832596	1.134796	2.434290	172	9	48	518.41
1.832596	1.374601	-2.456031	179	14	48	518.39
-0.261799	1.545873	-1.877082	167	13	41	518.36
-1.047198	1.683268	0.374177	175	20	45	518.35
2.356194	1.135813	-2.658866	176	13	46	518.35
0.261799	0.290380	-0.796960	174	15	44	518.32
1.832596	1.836682	-0.676006	172	18	44	518.29
2.094395	2.180315	-1.357379	170	15	42	518.25
-1.308997	1.599406	1.426070	170	13	42	518.25
-2.356194	0.992645	-1.723759	167	19	40	518.24
-3.141593	0.685216	-1.712745	177	22	47	518.23
2.617994	0.571433	-1.188419	168	20	38	518.23
0.785398	1.195355	1.200319	179	18	48	518.22
2.879793	1.045978	0.343692	166	20	39	518.20
-1.047198	1.168678	2.108595	170	20	43	518.19
-1.832596	2.455966	-0.641220	189	21	49	518.15
2.617994	1.836682	-0.676006	177	16	44	518.14
2.356194	1.135813	-2.658866	177	14	47	518.10
-2.879793	0.615174	-0.666022	173	16	44	518.09
1.047198	1.872854	1.543456	52	173	178	518.08
-0.785398	0.914445	2.687814	169	20	42	518.08
-1.308997	2.979456	-1.009304	179	18	50	518.07
-2.879793	1.699788	2.452890	174	26	46	518.06
0.523599	0.618092	2.539118	167	10	41	518.04
-2.094395	1.836682	-0.676006	158	164	189	518.02
-1.047198	1.569311	-3.003978	171	8	40	518.01
-1.047198	1.488617	1.159546	167	15	38	518.01
2.094395	1.242974	-2.977882	175	20	47	518.01
2.617994	1.904882	-1.478089	177	14	46	517.95
-2.356194	2.349581	-2.702517	177	12	44	517.93
1.832596	2.104282	-0.813972	172	12	43	517.91
-0.523599	1.824694	1.850876	171	14	45	517.89
1.832596	1.683268	0.374177	169	8	38	517.88
1.047198	2.251330	-2.330739	178	12	44	517.86
-1.832596	2.174483	2.653697	172	26	45	517.83
-3.141593	1.168678	2.108595	164	20	36	517.74
-2.879793	1.391910	3.030322	170	11	41	517.73
0.261799	0.619654	-2.216909	172	13	45	517.72
2.356194	1.450119	-2.739050	179	18	48	517.70
-3.141593	1.184361	0.625864	169	15	42	517.68
-3.141593	2.180315	-1.357379	174	20	43	517.67
2.617994	1.812176	0.656819	173	27	42	517.67
2.094395	1.045978	0.343692	172	19	40	517.62
-2.617994	0.899350	-2.069907	168	22	40	517.62
0.000000	2.393226	1.857173	178	5	42	517.61
2.617994	1.699788	2.452890	174	20	43	517.57
2.356194	0.866955	-0.931351	38	181	8	517.48
-2.617994	0.418037	1.360082	171	23	44	517.46
2.356194	1.014500	0.906702	172	19	44	517.46
-1.832596	1.683268	0.374177	170	7	40	517.45
-0.261799	2.587733	0.232235	174	16	43	517.43
2.356194	1.555207	1.708892	171	16	41	517.42
1.047198	2.073035	2.027405	186	14	50	517.37
1.047198	1.909857	-0.381669	171	10	42	517.34
2.879793	0.640596	-2.797608	176	6	44	517.30
-1.570796	2.164094	-2.991358	169	11	43	517.29
-2.879793	1.836682	-0.676006	169	19	38	517.25
1.308997	1.014500	0.906702	182	18	49	517.22
2.617994	2.164094	-2.991358	182	30	46	517.21
0.785398	0.866395	-2.492918	175	16	48	517.19
2.094395	2.343981	-1.040456	184	29	44	517.15
-2.879793	2.033014	2.977192	175	31	43	517.13
1.047198	1.555207	1.708892	180	23	49	517.11
0.000000	2.089241	-0.114193	174	15	43	517.07
-0.261799	2.115563	0.685730	177	29	43	517.04
-1.047198	1.310100	1.488307	174	13	45	517.00
2.617994	2.579248	-2.364801	174	18	47	517.00
1.047198	1.247695	1.809890	177	8	43	516.96
-1.308997	1.872854	1.543456	170	16	45	516.95
-0.261799	2.407836	1.410646	52	169	182	516.95
-1.047198	0.866955	-0.931351	172	16	46	516.95
-2.879793	2.295480	1.008277	176	33	41	516.92
-2.356194	0.418037	1.360082	176	30	45	516.88
-2.356194	1.135834	-1.431087	168	18	40	516.86
-0.785398	1.721184	-0.153948	182	17	47	516.86
2.094395	1.374601	-2.456031	166	21	39	516.85
1.832596	2.073035	2.027405	183	19	48	516.81
0.523599	2.456751	-1.503343	178	21	46	516.79
-0.785398	1.325504	-1.671296	173	6	41	516.78
0.000000	2.247462	0.191623	176	18	45	516.75
-2.617994	0.992645	-1.723759	175	24	46	516.74
-2.356194	2.407836	1.410646	165	11	41	516.72
-2.617994	0.458961	-0.107937	168	12	41	516.71
-1.570796	1.732874	-0.951685	176	19	43	516.67
1.047198	2.455966	-0.641220	181	23	49	516.67
2.094395	1.977582	0.969896	173	4	38	516.66
2.094395	1.367556	0.358405	176	9	40	516.65
2.094395	2.407836	1.410646	181	22	45	516.64
-2.356194	0.619654	-2.216909	169	17	41	516.64
2.879793	1.134497	-1.109631	181	12	45	516.59
-1.570796	1.909857	-0.381669	183	19	47	516.53
-1.570796	1.247695	1.809890	172	6	42	516.53
1.308997	1.766067	2.153843	181	19	53	516.48
2.879793	1.696674	-1.253233	181	20	47	516.46
-0.523599	1.413347	-1.339188	185	28	46	516.39
2.617994	2.174483	2.653697	171	18	41	516.36
-2.356194	2.089241	-0.114193	171	22	40	516.32
-0.523599	0.866955	-0.931351	168	15	40	516.32
-0.261799	1.699788	2.452890	174	15	47	516.31
-2.617994	2.343981	-1.040456	171	15	41	516.31
0.000000	2.138223	1.678323	177	5	43	516.28
0.785398	1.977582	0.969896	170	24	41	516.27
-1.832596	1.555207	1.708892	175	23	48	516.22
0.785398	1.413347	-1.339188	172	19	41	516.20
-2.094395	2.719179	-1.780644	169	19	43	516.18
2.879793	1.194549	-0.801900	174	8	38	516.17
2.617994	0.700570	1.559208	182	14	50	516.15
1.047198	2.760637	2.781135	174	26	45	516.12
1.570796	1.247695	1.809890	170	21	46	516.11
1.570796	1.128190	-2.288622	168	27	39	516.11
-2.356194	2.174483	2.653697	177	27	46	516.10
-1.047198	2.592629	0.909713	177	15	42	516.05
-2.094395	2.664082	-1.071402	184	20	50	516.04
-3.141593	1.977582	0.969896	168	22	43	516.03
-3.141593	1.870545	-2.976234	175	20	46	516.01
-1.047198	2.073035	2.027405	166	19	41	515.97
-2.879793	1.335669	0.897240	167	12	41	515.89
-0.785398	1.599406	1.426070	176	15	49	515.85
-2.879793	1.599406	1.426070	175	21	48	515.85
-1.047198	1.218453	2.777284	179	16	49	515.85
-2.094395	2.588535	-2.976617	186	33	42	515.82
2.879793	0.733948	3.021411	174	18	48	515.81
0.000000	0.203748	0.590255	178	22	48	515.81
-1.832596	1.325504	-1.671296	171	22	44	515.81
-2.356194	1.606104	-0.451151	166	22	38	515.80
-2.356194	1.506530	1.988858	170	16	45	515.79
1.308997	1.569311	-3.003978	174	0	41	515.77
0.785398	1.045978	0.343692	175	16	45	515.73
-0.261799	2.349581	-2.702517	176	18	44	515.72
-2.617994	2.984978	1.954446	180	20	45	515.71
1.308997	1.168678	2.108595	170	18	47	515.67
-0.523599	1.242974	-2.977882	175	18	49	515.63
1.570796	1.135813	-2.658866	173	17	45	515.54
-1.570796	1.194549	-0.801900	172	16	45	515.52
0.000000	0.080730	-2.622036	174	12	44	515.49
2.617994	0.080730	-2.622036	173	3	38	515.39
1.832596	0.992645	-1.723759	53	169	171	515.39
2.879793	0.418037	1.360082	170	23	44	515.34
-1.047198	1.812176	0.656819	175	14	45	515.33
-2.879793	0.203748	0.590255	174	7	44	515.32
2.094395	1.050534	3.042579	172	21	45	515.26
2.356194	1.766067	2.153843	177	13	43	515.19
0.000000	1.325504	-1.671296	167	12	41	515.16
0.785398	0.674054	1.013609	176	22	48	515.15
-2.879793	2.033014	2.977192	170	18	42	515.12
-2.094395	1.982574	-1.115518	179	22	46	515.12
1.832596	2.407836	1.410646	170	8	41	515.09
2.617994	0.910508	1.903534	175	24	47	515.05
-1.308997	1.247695	1.809890	172	19	45	515.02
-3.141593	1.569311	-3.003978	171	15	42	515.02
2.094395	2.407836	1.410646	180	21	45	514.98
-0.523599	1.756530	-2.105156	173	18	47	514.96
-1.832596	0.458961	-0.107937	175	12	44	514.95
-1.047198	2.187132	-0.479875	178	12	44	514.94
2.617994	0.418037	1.360082	177	12	48	514.93
-2.617994	2.174483	2.653697	176	21	44	514.92
1.047198	2.724429	-0.348782	177	7	43	514.92
-2.356194	0.418037	1.360082	169	8	40	514.87
-2.879793	1.732874	-0.951685	185	22	47	514.78
1.570796	0.960688	-0.577532	174	24	43	514.78
-1.570796	2.343981	-1.040456	179	23	47	514.76
-1.308997	1.014500	0.906702	169	19	41	514.76
0.785398	2.299159	2.264663	185	7	48	514.76
-1.832596	1.977582	0.969896	172	20	45	514.71
-0.785398	0.733948	3.021411	179	16	47	514.70
-3.141593	1.413430	2.550734	168	20	42	514.65
1.832596	1.766067	2.153843	181	13	47	514.61
2.617994	1.870545	-2.976234	181	28	48	514.59
2.356194	1.569311	-3.003978	175	18	45	514.59
1.832596	1.982574	-1.115518	170	15	44	514.55
-1.308997	1.014500	0.906702	177	10	44	514.53
0.523599	1.014500	0.906702	185	23	49	514.52
-1.832596	1.448123	-2.163292	174	22	45	514.52
0.785398	2.588535	-2.976617	172	16	41	514.46
2.617994	0.571433	-1.188419	176	22	46	514.43
1.308997	0.866395	-2.492918	177	6	43	514.42
-3.141593	1.809167	1.213774	179	27	48	514.41
-0.523599	1.741644	-2.695914	170	12	43	514.39
2.094395	1.721184	-0.153948	186	21	46	514.38
2.617994	2.164094	-2.991358	165	19	39	514.38
2.094395	2.153910	-1.714959	32	173	5	514.37
-2.094395	1.448123	-2.163292	175	24	45	514.34
2.094395	1.367556	0.358405	176	7	39	514.33
0.261799	2.404280	-0.174044	169	22	42	514.32
1.308997	0.733948	3.021411	170	11	43	514.27
-2.356194	2.592629	0.909713	169	12	41	514.26
-2.879793	1.374601	-2.456031	172	18	41	514.26
-0.523599	2.174483	2.653697	171	14	49	514.26
-0.261799	2.073035	2.027405	170	9	42	514.26
-2.879793	2.295480	1.008277	169	21	43	514.25
-2.094395	1.721184	-0.153948	167	22	40	514.25
-2.879793	2.104282	-0.813972	186	27	45	514.23
1.832596	1.732874	-0.951685	167	13	40	514.22
0.523599	2.396274	-1.959260	173	13	42	514.21
-1.047198	0.866955	-0.931351	164	17	35	514.16
0.261799	1.869911	2.701025	172	8	42	514.14
2.356194	2.760637	2.781135	163	22	36	514.13
-0.523599	1.135813	-2.658866	171	14	46	514.11
-3.141593	1.168678	2.108595	179	5	47	514.11
-2.617994	0.864993	2.278281	173	15	48	514.07
1.308997	1.554776	0.100351	179	15	46	514.07
1.832596	0.591903	2.010408	173	21	46	514.03
-0.523599	1.256302	0.062705	182	20	46	514.02
-2.879793	2.455966	-0.641220	181	11	46	513.99
-0.785398	1.135834	-1.431087	0	31	43	513.87
2.356194	1.433411	-1.035986	171	14	39	513.87
-2.617994	2.881233	-2.582574	168	14	37	513.87
0.000000	0.080730	-2.622036	175	14	44	513.86
1.308997	2.041297	-2.664597	174	16	41	513.83
1.047198	0.496451	0.593859	178	12	46	513.83
-0.261799	1.050534	3.042579	173	17	46	513.81
-2.094395	1.824694	1.850876	168	13	42	513.72
2.094395	2.164094	-2.991358	167	18	39	513.71
-1.047198	1.555207	1.708892	174	18	47	513.70
0.000000	2.704512	1.488683	175	23	44	513.69
2.617994	2.579248	-2.364801	176	20	46	513.66
-2.617994	1.045978	0.343692	172	16	46	513.66
-2.094395	1.606104	-0.451151	166	18	38	513.64
-0.785398	1.128190	-2.288622	167	17	40	513.60
2.879793	2.863997	0.549740	162	21	36	513.60
1.308997	1.014500	0.906702	178	14	44	513.58
1.047198	1.195355	1.200319	181	17	48	513.56
-1.832596	2.760637	2.781135	167	7	36	513.52
-1.308997	1.450119	-2.739050	170	13	42	513.49
2.094395	1.510910	-0.740472	173	16	42	513.49
-1.832596	1.025536	1.576859	175	15	44	513.45
-3.141593	0.080730	-2.622036	179	27	47	513.45
-1.308997	1.448123	-2.163292	177	25	48	513.44
-1.832596	1.982574	-1.115518	175	16	43	513.44
1.308997	2.379497	0.561089	169	12	41	513.44
0.000000	0.831641	0.616218	177	13	47	513.43
2.879793	1.554776	0.100351	172	23	42	513.42
0.261799	2.587733	0.232235	172	20	45	513.38
0.523599	2.164094	-2.991358	174	15	43	513.38
-0.261799	0.866395	-2.492918	167	17	41	513.31
-2.879793	1.909857	-0.381669	167	19	36	513.30
0.000000	1.450119	-2.739050	181	16	50	513.26
2.617994	0.458961	-0.107937	171	20	44	513.25
0.785398	1.869911	2.701025	172	8	45	513.18
2.094395	0.203748	0.590255	171	14	43	513.15
-3.141593	1.736875	3.023612	171	17	43	513.14
-1.047198	1.135834	-1.431087	176	22	46	513.12
2.094395	2.588535	-2.976617	172	22	44	513.12
2.356194	0.762244	-0.273349	175	15	45	513.05
0.785398	1.696674	-1.253233	173	16	42	513.04
-0.261799	2.343981	-1.040456	172	16	47	513.00
1.570796	2.404280	-0.174044	170	11	37	513.00
-2.879793	1.736875	3.023612	169	14	39	512.98
-1.832596	0.419640	2.974122	171	12	43	512.96
2.879793	2.001437	0.381215	163	19	34	512.96
0.000000	2.108018	1.311430	181	21	44	512.94
0.523599	2.478122	2.609777	177	2	43	512.92
-1.047198	2.863997	0.549740	174	22	43	512.84
-2.356194	0.960688	-0.577532	169	17	41	512.82
-2.356194	2.041297	-2.664597	175	15	43	512.82
-1.047198	1.658653	-2.409879	175	18	49	512.81
-2.094395	0.960688	-0.577532	176	22	47	512.80
-0.785398	1.184361	0.625864	169	12	40	512.80
-1.570796	1.134497	-1.109631	169	8	38	512.79
-2.617994	0.762244	-0.273349	172	16	44	512.79
2.094395	1.809167	1.213774	172	28	44	512.75
-2.879793	0.080730	-2.622036	174	9	39	512.74
0.000000	2.455966	-0.641220	179	21	48	512.70
-1.832596	2.478122	2.609777	169	23	41	512.66
1.308997	2.187132	-0.479875	176	22	47	512.64
-1.570796	0.961715	0.014085	175	5	41	512.63
-0.523599	1.662363	0.915448	174	11	44	512.62
-2.879793	1.391910	3.030322	172	11	42	512.61
1.308997	2.187132	-0.479875	174	19	47	512.61
-3.141593	2.637879	2.121598	179	33	45	512.59
1.832596	0.418037	1.360082	170	14	45	512.54
-2.879793	1.699788	2.452890	174	27	46	512.51
2.879793	1.732874	-0.951685	176	20	45	512.51
1.832596	1.134497	-1.109631	172	10	42	512.40
-0.523599	2.251330	-2.330739	171	9	43	512.37
0.000000	1.872854	1.543456	175	6	43	512.35
1.047198	0.685216	-1.712745	170	8	42	512.30
1.570796	0.419640	2.974122	170	8	41	512.29
0.523599	1.909857	-0.381669	172	25	43	512.28
-2.356194	0.992645	-1.723759	174	22	46	512.23
-2.617994	1.574060	2.783565	177	27	48	512.22
-0.261799	1.948085	-2.363031	179	16	48	512.22
0.000000	1.658653	-2.409879	179	15	49	512.22
2.356194	2.456751	-1.503343	172	16	45	512.17
1.570796	1.310100	1.488307	177	16	45	512.14
-1.570796	1.982574	-1.115518	178	23	46	512.11
-1.832596	2.356369	3.005869	178	33	45	512.07
-1.308997	2.001437	0.381215	181	29	44	512.06
1.308997	2.356369	3.005869	175	13	42	512.02
1.570796	1.134796	2.434290	170	12	48	512.00
2.094395	2.456751	-1.503343	170	18	42	511.99
2.356194	1.045978	0.343692	175	16	42	511.98
1.570796	1.510910	-0.740472	178	12	44	511.96
-2.094395	2.153910	-1.714959	178	15	47	511.96
-1.308997	2.356369	3.005869	170	27	44	511.95
-1.832596	1.683268	0.374177	169	15	43	511.86
-2.879793	1.025536	1.576859	173	5	46	511.82
1.570796	0.674054	1.013609	174	11	41	511.81
-0.523599	1.732874	-0.951685	50	171	172	511.81
1.570796	2.664082	-1.071402	174	13	41	511.76
-3.141593	1.194549	-0.801900	173	17	44	511.75
-3.141593	0.674054	1.013609	177	15	49	511.74
1.832596	1.214854	-1.966664	173	26	43	511.73
-1.832596	1.310100	1.488307	46	167	185	511.72
-2.617994	1.875281	0.107086	168	17	39	511.71
-2.356194	2.587733	0.232235	181	18	45	511.69
-1.832596	2.478122	2.609777	168	27	42	511.68
-2.094395	1.982574	-1.115518	179	25	46	511.67
-2.356194	0.733948	3.021411	179	14	49	511.67
2.617994	1.736875	3.023612	173	21	44	511.65
0.523599	1.756530	-2.105156	176	6	44	511.65
-2.356194	1.195355	1.200319	174	2	43	511.61
0.000000	2.881233	-2.582574	163	19	38	511.60
0.261799	2.664082	-1.071402	178	10	47	511.59
-0.261799	1.662363	0.915448	177	9	45	511.58
1.570796	0.618092	2.539118	177	22	49	511.56
1.832596	1.869911	2.701025	186	8	50	511.52
1.832596	2.587733	0.232235	178	8	45	511.50
-0.261799	2.180315	-1.357379	179	13	45	511.48
1.832596	2.356369	3.005869	169	20	41	511.47
-0.523599	1.448123	-2.163292	170	12	43	511.47
-1.570796	1.247695	1.809890	177	7	45	511.44
1.047198	0.914445	2.687814	164	14	43	511.43
-2.094395	2.979456	-1.009304	171	15	40	511.36
0.261799	1.367556	0.358405	169	16	36	511.28
2.617994	1.721184	-0.153948	180	14	45	511.26
0.785398	1.599406	1.426070	186	14	49	511.26
2.617994	0.080730	-2.622036	175	15	46	511.26
0.523599	2.637879	2.121598	175	29	44	511.22
1.570796	1.554776	0.100351	179	16	46	511.22
0.785398	1.574060	2.783565	168	10	43	511.21
-1.047198	1.134796	2.434290	183	16	50	511.19
-1.308997	1.555207	1.708892	174	22	49	511.15
1.047198	1.134796	2.434290	168	15	44	511.14
2.879793	1.721184	-0.153948	182	14	45	511.13
-0.523599	1.335669	0.897240	180	18	48	511.07
1.832596	2.033014	2.977192	179	23	45	511.02
-1.570796	1.242974	-2.977882	173	11	43	511.00
-2.879793	0.640596	-2.797608	172	15	41	510.95
2.094395	1.836682	-0.676006	181	22	46	510.94
1.570796	1.218453	2.777284	175	9	49	510.93
-2.617994	1.433411	-1.035986	187	22	46	510.92
0.523599	1.242974	-2.977882	186	22	50	510.85
2.879793	1.904882	-1.478089	179	13	46	510.82
-1.308997	2.343981	-1.040456	177	24	48	510.81
0.785398	2.979456	-1.009304	181	16	47	510.80
0.785398	1.242974	-2.977882	166	10	42	510.77
-2.356194	2.456751	-1.503343	183	10	48	510.75
0.523599	2.760637	2.781135	178	18	45	510.75
-1.832596	1.214854	-1.966664	171	19	44	510.73
-2.879793	0.961715	0.014085	177	22	47	510.71
0.000000	0.831641	0.616218	176	14	47	510.69
-2.356194	2.396274	-1.959260	174	15	46	510.65
0.261799	0.591903	2.010408	169	15	43	510.62
-0.261799	1.374601	-2.456031	183	24	49	510.59
-2.879793	0.419640	2.974122	175	26	46	510.59
2.356194	2.588535	-2.976617	57	170	177	510.59
-0.523599	1.554776	0.100351	177	13	44	510.57
-0.523599	2.579248	-2.364801	174	10	43	510.55
0.785398	0.370812	-2.547742	172	13	46	510.52
1.570796	2.247462	0.191623	172	9	42	510.48
1.570796	0.619654	-2.216909	175	12	47	510.45
1.832596	1.756530	-2.105156	171	23	44	510.45
0.523599	1.391910	3.030322	164	12	41	510.45
2.879793	2.104282	-0.813972	177	7	43	510.43
-2.617994	1.045978	0.343692	168	11	41	510.43
2.094395	0.640596	-2.797608	175	18	48	510.41
2.094395	1.741644	-2.695914	166	25	39	510.40
-1.047198	1.683268	0.374177	176	20	45	510.39
1.832596	0.674054	1.013609	173	19	47	510.39
-2.356194	2.343981	-1.040456	172	13	41	510.38
2.617994	0.297065	2.160177	172	7	41	510.36
2.094395	2.356369	3.005869	168	17	40	510.34
-1.308997	2.579248	-2.364801	166	16	38	510.33
-2.879793	0.899350	-2.069907	175	12	42	510.33
-2.617994	2.187132	-0.479875	168	22	38	510.33
1.308997	2.295480	1.008277	180	25	44	510.26
-1.570796	1.982574	-1.115518	176	10	41	510.23
-0.785398	2.979456	-1.009304	181	16	50	510.22
-2.356194	1.194549	-0.801900	166	18	38	510.22
-2.879793	2.138223	1.678323	168	20	45	510.18
-2.617994	2.001437	0.381215	169	21	41	510.17
-1.570796	2.592629	0.909713	179	17	44	510.11
2.879793	1.617114	-1.572037	164	161	4	510.10
-1.308997	1.736875	3.023612	168	13	43	510.10
-0.261799	1.050534	3.042579	174	16	46	510.05
0.261799	2.724429	-0.348782	170	16	44	510.02
-1.308997	0.591903	2.010408	168	10	40	510.01
-1.047198	1.440580	2.260026	182	21	50	510.00
-2.356194	1.766067	2.153843	167	20	43	509.99
0.000000	1.683268	0.374177	176	11	42	509.99
1.570796	1.658653	-2.409879	53	175	180	509.98
-1.047198	2.719179	-1.780644	175	7	40	509.98
1.308997	2.719179	-1.780644	177	16	44	509.96
1.570796	0.615174	-0.666022	179	18	45	509.94
-1.047198	1.050534	3.042579	179	22	50	509.93
2.617994	1.367556	0.358405	168	26	39	509.91
-1.308997	2.138223	1.678323	166	16	40	509.88
-1.570796	2.153910	-1.714959	179	14	47	509.86
2.094395	1.741644	-2.695914	165	26	38	509.86
-3.141593	2.664082	-1.071402	176	13	43	509.82
0.000000	2.063651	-2.044600	174	11	45	509.77
-0.261799	2.356369	3.005869	167	17	46	509.75
-0.261799	1.662363	0.915448	179	13	46	509.75
-1.832596	0.571433	-1.188419	180	19	49	509.74
-1.047198	1.134796	2.434290	169	22	42	509.73
0.785398	2.455966	-0.641220	178	19	47	509.72
-3.141593	1.569311	-3.003978	174	15	45	509.72
0.000000	1.374601	-2.456031	182	22	50	509.70
-1.832596	2.664082	-1.071402	183	15	50	509.69
1.047198	0.379747	-1.713059	177	17	47	509.67
0.261799	1.134497	-1.109631	178	19	45	509.67
-1.308997	1.875281	0.107086	174	17	44	509.66
-1.570796	1.721184	-0.153948	168	14	40	509.65
1.308997	2.164094	-2.991358	175	18	42	509.64
0.785398	2.592629	0.909713	171	12	40	509.60
-0.785398	0.618092	2.539118	170	23	43	509.57
-0.523599	0.370812	-2.547742	169	15	41	509.54
0.261799	2.104282	-0.813972	179	26	47	509.52
-0.523599	0.619654	-2.216909	169	21	44	509.52
2.356194	2.299159	2.264663	186	21	47	509.50
-3.141593	0.419640	2.974122	171	8	43	509.49
2.617994	2.979456	-1.009304	176	21	45	509.49
-2.356194	0.709924	0.218797	180	19	48	509.41
1.047198	1.504028	0.636812	182	14	45	509.38
2.879793	0.591903	2.010408	173	1	41	509.37
-0.261799	1.977582	0.969896	168	12	35	509.34
-1.832596	2.881233	-2.582574	166	18	35	509.33
-3.141593	1.374601	-2.456031	172	20	41	509.31
1.570796	2.299159	2.264663	179	19	45	509.30
-2.094395	1.194549	-0.801900	166	15	37	509.26
-2.617994	0.370812	-2.547742	174	15	46	509.25
-2.879793	1.736875	3.023612	173	23	47	509.24
-0.785398	2.592629	0.909713	177	26	44	509.23
-1.308997	0.571433	-1.188419	164	25	37	509.23
-0.523599	2.247462	0.191623	174	15	43	509.22
2.094395	2.001437	0.381215	176	19	43	509.22
2.879793	0.899350	-2.069907	33	182	10	509.20
2.094395	1.721184	-0.153948	173	12	43	509.18
0.261799	1.599406	1.426070	179	10	47	509.14
-2.094395	2.295480	1.008277	167	15	41	509.13
-0.261799	0.418037	1.360082	179	24	47	509.11
-2.879793	0.080730	-2.622036	177	8	42	509.07
0.523599	1.809167	1.213774	182	10	45	509.03
-1.047198	0.615174	-0.666022	165	16	37	509.02
2.356194	1.766067	2.153843	177	16	46	509.00
-1.308997	2.637879	2.121598	168	13	45	508.94
0.523599	1.134796	2.434290	171	17	44	508.91
-1.832596	0.290380	-0.796960	179	14	47	508.88
-2.617994	1.948085	-2.363031	51	173	178	508.88
-2.356194	0.379747	-1.713059	170	13	40	508.86
-2.879793	1.168678	2.108595	167	17	41	508.86
-2.094395	2.180315	-1.357379	174	21	45	508.84
0.000000	1.135834	-1.431087	166	13	40	508.79
0.261799	1.242974	-2.977882	186	21	50	508.78
1.308997	0.910508	1.903534	167	23	44	508.77
1.047198	1.545873	-1.877082	178	12	46	508.72
1.047198	2.881233	-2.582574	172	9	39	508.72
-0.785398	1.194549	-0.801900	176	25	43	508.69
1.047198	0.910508	1.903534	170	26	46	508.63
2.356194	1.134497	-1.109631	175	13	44	508.59
-1.570796	1.554776	0.100351	172	20	44	508.58
-3.141593	1.617114	-1.572037	173	13	41	508.56
-2.356194	1.998705	2.370472	179	22	50	508.56
1.047198	0.379747	-1.713059	170	10	42	508.54
1.308997	1.569311	-3.003978	171	20	40	508.51
1.832596	2.478122	2.609777	183	28	44	508.42
1.047198	0.685216	-1.712745	171	8	43	508.40
0.000000	1.391910	3.030322	167	22	46	508.38
-2.617994	2.587733	0.232235	180	18	45	508.37
-2.094395	2.001437	0.381215	168	10	39	508.37
1.308997	0.700570	1.559208	173	16	48	508.37
-1.047198	1.374601	-2.456031	168	16	41	508.36
1.570796	1.134497	-1.109631	174	15	44	508.35
-0.523599	2.073035	2.027405	180	9	51	508.30
-2.879793	1.836682	-0.676006	170	18	38	508.19
-2.617994	2.881233	-2.582574	166	15	40	508.13
-0.785398	1.948085	-2.363031	173	15	47	508.10
1.832596	1.809167	1.213774	176	20	43	508.10
-2.879793	0.709924	0.218797	168	15	44	508.05
0.261799	1.824694	1.850876	179	9	46	508.05
0.000000	1.812176	0.656819	174	16	44	507.94
-0.261799	1.699788	2.452890	175	16	50	507.93
0.261799	1.450119	-2.739050	182	15	50	507.93
0.261799	1.014500	0.906702	179	17	47	507.89
0.000000	2.349581	-2.702517	181	18	46	507.79
1.570796	0.960688	-0.577532	173	9	40	507.78
-2.356194	1.998705	2.370472	176	23	48	507.78
1.308997	2.664082	-1.071402	180	14	46	507.76
2.879793	2.704512	1.488683	172	33	42	507.76
-1.832596	0.297065	2.160177	171	11	42	507.74
-1.047198	2.760637	2.781135	53	173	177	507.68
0.261799	0.733948	3.021411	165	19	39	507.63
1.832596	1.510910	-0.740472	169	17	40	507.57
0.785398	1.977582	0.969896	169	21	40	507.56
1.570796	0.992645	-1.723759	175	4	41	507.56
1.308997	1.510910	-0.740472	171	11	43	507.54
-1.832596	1.846342	-1.796954	176	8	40	507.54
-1.570796	1.184361	0.625864	175	6	43	507.51
-1.308997	0.619654	-2.216909	181	15	48	507.48
1.832596	1.374601	-2.456031	178	14	47	507.45
1.832596	1.413347	-1.339188	51	183	167	507.45
1.570796	1.846342	-1.796954	178	20	48	507.44
-3.141593	2.664082	-1.071402	178	16	49	507.44
-2.879793	1.113094	-0.272241	167	16	39	507.43
0.523599	1.699788	2.452890	172	14	48	507.37
-2.094395	1.050534	3.042579	176	19	49	507.37
1.570796	1.310100	1.488307	176	19	47	507.34
-2.617994	1.195355	1.200319	173	8	44	507.31
-1.047198	2.356369	3.005869	169	29	46	507.26
-2.617994	1.413430	2.550734	171	17	45	507.24
-0.785398	2.979456	-1.009304	166	15	41	507.23
-1.047198	1.506530	1.988858	173	23	47	507.23
-2.094395	1.134497	-1.109631	170	20	44	507.20
2.879793	0.961715	0.014085	176	24	46	507.19
2.356194	2.404280	-0.174044	185	22	46	507.18
-2.617994	2.407836	1.410646	166	18	45	507.17
-0.523599	0.992645	-1.723759	165	15	38	507.14
0.261799	1.242974	-2.977882	185	21	50	507.11
2.094395	1.696674	-1.253233	168	11	40	507.11
-1.047198	1.732874	-0.951685	183	28	46	507.10
1.832596	0.929350	-2.910676	172	18	46	507.06
1.832596	0.709924	0.218797	176	23	46	507.01
1.570796	0.910508	1.903534	167	20	45	506.99
-3.141593	1.699788	2.452890	183	17	50	506.96
-2.356194	1.301460	-0.509251	168	11	38	506.93
-0.261799	1.256302	0.062705	177	9	45	506.91
1.047198	0.203748	0.590255	174	13	45	506.80
-1.308997	0.619654	-2.216909	178	10	46	506.77
1.047198	1.696674	-1.253233	172	13	40	506.77
2.356194	1.977582	0.969896	167	28	40	506.75
1.832596	0.203748	0.590255	169	15	39	506.74
2.879793	0.831641	0.616218	43	190	162	506.73
0.000000	2.174483	2.653697	171	8	45	506.72
-1.308997	2.349581	-2.702517	166	12	40	506.69
2.879793	0.618092	2.539118	166	16	39	506.66
0.000000	1.325504	-1.671296	172	23	44	506.66
-0.261799	1.510910	-0.740472	174	18	43	506.65
2.356194	1.812176	0.656819	176	3	38	506.65
2.879793	0.992645	-1.723759	169	13	39	506.64
1.308997	2.396274	-1.959260	178	16	45	506.59
0.000000	1.809167	1.213774	176	11	44	506.56
2.356194	1.374601	-2.456031	178	12	45	506.56
0.261799	1.977582	0.969896	171	21	40	506.54
-1.570796	1.256302	0.062705	173	5	40	506.50
0.261799	1.736875	3.023612	167	13	46	506.47
1.308997	0.992645	-1.723759	172	5	39	506.47
-0.523599	1.417623	-0.202254	169	22	37	506.42
1.308997	1.488617	1.159546	184	17	47	506.36
2.094395	2.455966	-0.641220	177	12	45	506.35
-2.094395	1.696674	-1.253233	177	13	43	506.34
-1.047198	2.379497	0.561089	171	22	41	506.33
2.879793	2.456751	-1.503343	183	22	48	506.33
-2.356194	2.456751	-1.503343	178	22	48	506.33
-3.141593	1.256302	0.062705	28	189	8	506.30
2.617994	2.724429	-0.348782	180	16	47	506.28
0.000000	1.696674	-1.253233	169	19	39	506.26
0.000000	0.899350	-2.069907	171	11	44	506.25
-0.785398	2.033014	2.977192	168	23	45	506.25
1.832596	1.128190	-2.288622	165	23	38	506.25
-2.879793	1.135813	-2.658866	172	21	42	506.23
-2.879793	2.299159	2.264663	176	22	44	506.23
-1.308997	0.571433	-1.188419	165	25	38	506.21
0.261799	1.982574	-1.115518	174	17	47	506.19
2.617994	0.906588	1.252948	165	17	43	506.18
-1.308997	0.591903	2.010408	171	24	43	506.14
-2.094395	2.704512	1.488683	168	18	44	506.14
-2.617994	0.866955	-0.931351	174	22	46	506.14
1.047198	2.588535	-2.976617	177	31	45	506.11
1.570796	1.242974	-2.977882	176	22	47	506.08
-2.094395	1.510910	-0.740472	160	162	191	506.05
-1.570796	0.615174	-0.666022	178	10	46	506.03
-2.879793	1.025536	1.576859	174	5	46	506.02
-3.141593	0.906588	1.252948	169	10	43	506.00
1.570796	2.251330	-2.330739	168	24	41	506.00
0.523599	1.194549	-0.801900	165	21	37	505.99
-2.356194	0.203748	0.590255	168	19	42	505.99
0.523599	1.448123	-2.163292	174	6	41	505.99
2.879793	0.831641	0.616218	167	15	40	505.92
-0.523599	0.297065	2.160177	176	23	46	505.90
-0.523599	2.588535	-2.976617	53	175	179	505.89
1.832596	1.391910	3.030322	178	26	47	505.88
1.308997	1.214854	-1.966664	174	7	42	505.85
2.094395	1.448123	-2.163292	177	27	43	505.85
2.094395	1.683268	0.374177	179	25	43	505.84
2.879793	0.700570	1.559208	165	7	41	505.72
-2.356194	0.290380	-0.796960	169	13	42	505.70
-0.523599	2.343981	-1.040456	173	15	43	505.69
0.000000	1.510910	-0.740472	175	15	43	505.66
-0.261799	0.591903	2.010408	172	12	43	505.66
-0.785398	0.571433	-1.188419	168	18	42	505.64
-1.832596	1.872854	1.543456	169	10	41	505.64
2.356194	1.256302	0.062705	173	21	41	505.63
2.879793	1.113094	-0.272241	178	13	45	505.63
1.308997	1.025536	1.576859	176	13	46	505.61
0.785398	1.875281	0.107086	167	22	40	505.59
0.523599	2.251330	-2.330739	179	20	45	505.59
-2.094395	0.418037	1.360082	167	9	39	505.57
0.261799	1.599406	1.426070	187	17	50	505.56
1.308997	1.721184	-0.153948	169	19	42	505.53
2.094395	1.872854	1.543456	177	24	47	505.50
-3.141593	0.929350	-2.910676	177	9	46	505.44
-3.141593	0.700570	1.559208	169	4	41	505.41
-1.047198	2.073035	2.027405	51	169	176	505.40
-2.617994	2.295480	1.008277	168	13	43	505.38
0.523599	2.247462	0.191623	169	21	41	505.37
-0.523599	2.664082	-1.071402	173	19	47	505.31
1.832596	2.478122	2.609777	169	19	42	505.30
1.308997	1.809167	1.213774	170	19	39	505.25
1.570796	0.864993	2.278281	183	27	49	505.22
-3.141593	1.242974	-2.977882	175	11	44	505.22
2.094395	2.588535	-2.976617	171	20	45	505.20
-1.832596	1.683268	0.374177	168	16	42	505.18
-2.879793	1.872854	1.543456	183	29	48	505.11
2.356194	2.587733	0.232235	162	24	32	505.11
-2.356194	1.683268	0.374177	173	19	45	505.05
-2.356194	0.762244	-0.273349	173	15	44	505.05
2.879793	1.134796	2.434290	175	21	48	505.04
0.785398	1.301460	-0.509251	176	19	44	505.02
-3.141593	0.418037	1.360082	166	13	40	504.99
-1.308997	1.128190	-2.288622	175	25	48	504.93
1.308997	1.824694	1.850876	181	20	49	504.93
1.308997	2.478122	2.609777	167	19	38	504.92
-1.570796	1.846342	-1.796954	165	18	36	504.87
-2.617994	2.349581	-2.702517	177	28	46	504.86
-1.308997	2.979456	-1.009304	165	23	40	504.86
2.356194	2.104282	-0.813972	179	20	46	504.84
0.261799	1.555207	1.708892	173	9	43	504.80
1.047198	1.413347	-1.339188	170	17	40	504.79
2.094395	2.592629	0.909713	182	12	47	504.78
2.879793	1.875281	0.107086	173	26	41	504.78
-0.523599	2.164094	-2.991358	54	177	176	504.77
0.000000	2.404280	-0.174044	164	21	39	504.77
1.832596	1.662363	0.915448	174	16	41	504.76
1.832596	1.998705	2.370472	189	16	52	504.76
0.785398	1.809167	1.213774	176	9	39	504.75
-0.523599	2.295480	1.008277	179	18	43	504.75
1.570796	1.195355	1.200319	180	17	48	504.74
-2.356194	2.299159	2.264663	171	24	45	504.72
-0.523599	0.700570	1.559208	170	16	44	504.69
-0.523599	2.396274	-1.959260	167	12	39	504.68
1.832596	2.153910	-1.714959	171	19	45	504.60
-2.879793	0.591903	2.010408	172	19	47	504.58
2.879793	2.588535	-2.976617	164	19	38	504.57
1.832596	2.404280	-0.174044	174	8	39	504.57
-2.879793	2.579248	-2.364801	167	19	42	504.57
2.879793	2.404280	-0.174044	180	11	46	504.52
2.356194	1.872854	1.543456	173	19	43	504.50
2.879793	1.417623	-0.202254	170	21	39	504.50
-3.141593	2.393226	1.857173	172	21	40	504.47
-0.785398	1.050534	3.042579	174	13	43	504.46
-2.879793	2.187132	-0.479875	174	14	40	504.43
-2.879793	0.379747	-1.713059	170	15	38	504.43
-3.141593	1.574060	2.783565	168	15	40	504.41
0.000000	0.910508	1.903534	173	14	45	504.40
1.832596	0.850607	-1.335383	172	16	41	504.37
-2.356194	0.906588	1.252948	178	13	47	504.37
1.047198	1.134796	2.434290	168	16	47	504.36
2.094395	1.977582	0.969896	175	36	43	504.35
0.000000	1.836682	-0.676006	172	13	40	504.30
0.523599	1.194549	-0.801900	179	24	45	504.29
-2.356194	1.413347	-1.339188	47	183	158	504.28
-0.523599	1.128190	-2.288622	166	16	41	504.27
1.047198	0.370812	-2.547742	175	14	48	504.26
-1.570796	1.448123	-2.163292	179	26	49	504.22
2.617994	1.134796	2.434290	181	7	50	504.21
-2.879793	2.587733	0.232235	179	17	44	504.16
1.308997	0.674054	1.013609	176	16	47	504.14
-0.523599	1.184361	0.625864	171	12	44	504.14
0.785398	2.041297	-2.664597	179	22	46	504.13
-0.523599	1.555207	1.708892	174	11	47	504.12
-2.356194	0.203748	0.590255	168	18	42	504.09
-2.356194	1.977582	0.969896	167	16	42	504.07
2.356194	2.247462	0.191623	179	4	42	504.07
-0.785398	0.866955	-0.931351	167	18	38	504.04
2.617994	1.545873	-1.877082	173	9	40	504.02
-1.570796	2.760637	2.781135	165	26	39	503.96
-1.308997	1.721184	-0.153948	171	15	42	503.93
0.000000	2.073035	2.027405	178	12	49	503.93
2.094395	0.419640	2.974122	172	14	47	503.92
1.047198	2.033014	2.977192	174	3	44	503.91
-1.047198	1.301460	-0.509251	175	27	41	503.84
-3.141593	1.301460	-0.509251	176	7	37	503.80
-1.047198	1.413347	-1.339188	188	25	46	503.73
1.570796	2.588535	-2.976617	169	18	40	503.68
0.523599	1.134497	-1.109631	167	24	37	503.64
1.570796	1.325504	-1.671296	52	169	177	503.63
-1.047198	1.113094	-0.272241	166	16	39	503.61
1.308997	0.080730	-2.622036	175	23	46	503.59
1.308997	0.674054	1.013609	175	14	45	503.53
-2.094395	1.683268	0.374177	166	10	39	503.51
2.094395	0.379747	-1.713059	181	16	48	503.48
2.617994	1.554776	0.100351	173	14	39	503.47
2.094395	2.356369	3.005869	175	21	44	503.41
-3.141593	2.592629	0.909713	161	19	35	503.40
-1.570796	1.662363	0.915448	170	9	41	503.36
-2.356194	0.496451	0.593859	185	20	49	503.33
0.261799	1.367556	0.358405	178	19	47	503.32
-2.617994	2.579248	-2.364801	168	15	42	503.32
0.261799	2.089241	-0.114193	172	26	44	503.28
-1.308997	0.864993	2.278281	184	11	49	503.26
2.356194	1.555207	1.708892	173	14	42	503.26
0.523599	0.700570	1.559208	172	16	45	503.22
1.047198	2.089241	-0.114193	169	9	39	503.22
2.356194	2.001437	0.381215	177	18	43	503.21
-1.570796	0.618092	2.539118	168	11	40	503.13
-1.308997	1.658653	-2.409879	175	20	49	503.11
-1.047198	1.555207	1.708892	171	13	43	503.03
1.570796	0.914445	2.687814	167	7	43	502.97
-1.047198	1.045978	0.343692	165	15	37	502.97
0.000000	1.247695	1.809890	173	13	47	502.95
2.356194	2.343981	-1.040456	181	26	45	502.93
-1.308997	1.135813	-2.658866	172	17	45	502.91
-1.308997	2.704512	1.488683	177	18	44	502.87
-2.879793	1.045978	0.343692	170	18	45	502.87
-1.308997	2.984978	1.954446	174	18	42	502.86
1.308997	2.033014	2.977192	174	23	42	502.81
-3.141593	2.033014	2.977192	173	26	45	502.80
0.785398	1.569311	-3.003978	170	11	43	502.80
-2.617994	0.961715	0.014085	176	21	47	502.80
-0.261799	2.579248	-2.364801	178	21	45	502.78
2.617994	2.592629	0.909713	167	29	39	502.74
1.832596	2.251330	-2.330739	167	20	41	502.74
-1.832596	0.700570	1.559208	174	27	44	502.68
1.570796	1.617114	-1.572037	174	15	45	502.66
-0.785398	1.448123	-2.163292	169	14	43	502.66
0.785398	0.370812	-2.547742	175	17	48	502.63
-1.308997	2.041297	-2.664597	170	14	45	502.63
-0.261799	2.356369	3.005869	165	12	43	502.61
-1.832596	2.588535	-2.976617	51	174	181	502.60
-3.141593	0.615174	-0.666022	174	16	44	502.57
-0.261799	2.349581	-2.702517	181	19	46	502.54
2.617994	1.135834	-1.431087	174	14	44	502.50
1.570796	1.504028	0.636812	175	15	41	502.50
-2.617994	1.683268	0.374177	165	17	40	502.46
-0.523599	1.809167	1.213774	172	6	39	502.46
-1.832596	0.080730	-2.622036	171	14	44	502.39
0.000000	1.214854	-1.966664	171	14	46	502.35
-2.617994	2.174483	2.653697	184	27	48	502.33
-0.261799	1.448123	-2.163292	179	25	48	502.33
-0.785398	1.809167	1.213774	176	10	47	502.32
1.570796	1.184361	0.625864	182	10	45	502.32
1.308997	1.555207	1.708892	179	23	49	502.30
-0.261799	1.310100	1.488307	170	15	44	502.23
-2.617994	1.870545	-2.976234	174	15	45	502.20
-0.785398	0.618092	2.539118	171	21	43	502.19
0.000000	1.391910	3.030322	166	17	42	502.19
-2.879793	2.033014	2.977192	169	18	43	502.15
-0.261799	1.846342	-1.796954	169	15	43	502.13
-2.094395	1.391910	3.030322	171	22	47	502.13
-1.570796	1.391910	3.030322	171	17	47	502.07
-3.141593	2.041297	-2.664597	182	27	48	502.04
-0.261799	1.510910	-0.740472	171	13	39	502.02
-2.617994	2.587733	0.232235	175	10	40	501.98
-1.570796	2.356369	3.005869	175	15	44	501.95
-2.879793	2.164094	-2.991358	175	27	46	501.94
-1.570796	1.325504	-1.671296	180	33	44	501.91
-2.879793	2.579248	-2.364801	168	15	37	501.90
-0.523599	1.662363	0.915448	174	10	44	501.88
-1.047198	2.063651	-2.044600	167	16	39	501.87
-0.523599	1.617114	-1.572037	185	24	48	501.85
-3.141593	2.041297	-2.664597	167	12	41	501.85
0.000000	1.195355	1.200319	176	15	47	501.84
-1.570796	2.579248	-2.364801	166	19	39	501.82
-1.570796	1.025536	1.576859	176	16	45	501.76
-1.570796	1.448123	-2.163292	168	15	41	501.73
2.879793	1.696674	-1.253233	168	17	40	501.73
-2.356194	1.510910	-0.740472	170	23	42	501.72
1.308997	1.736875	3.023612	175	3	44	501.62
-1.832596	0.674054	1.013609	175	14	44	501.61
-2.617994	2.984978	1.954446	169	24	38	501.60
-3.141593	0.591903	2.010408	173	22	47	501.59
1.570796	0.080730	-2.622036	174	17	47	501.56
-1.832596	1.134497	-1.109631	174	26	45	501.53
1.308997	2.637879	2.121598	168	15	39	501.52
-2.356194	1.025536	1.576859	181	18	49	501.52
-1.570796	1.242974	-2.977882	174	11	44	501.50
0.523599	1.214854	-1.966664	171	12	46	501.48
1.570796	2.001437	0.381215	171	12	43	501.47
-0.785398	1.218453	2.777284	179	16	50	501.44
2.617994	0.762244	-0.273349	175	11	42	501.43
2.094395	1.662363	0.915448	169	30	40	501.43
-2.617994	2.592629	0.909713	166	15	41	501.43
1.570796	2.349581	-2.702517	169	23	41	501.42
-0.785398	2.881233	-2.582574	171	14	41	501.35
-1.308997	1.256302	0.062705	171	10	41	501.33
-2.617994	1.417623	-0.202254	172	21	43	501.33
1.832596	1.510910	-0.740472	168	14	40	501.29
-1.308997	1.242974	-2.977882	172	14	45	501.28
-0.261799	1.413347	-1.339188	170	24	40	501.27
2.356194	2.760637	2.781135	173	14	46	501.21
-0.523599	1.982574	-1.115518	168	24	37	501.20
-2.356194	1.732874	-0.951685	183	21	46	501.16
-2.617994	1.872854	1.543456	180	26	48	501.15
2.617994	2.863997	0.549740	165	27	37	501.14
-1.047198	2.187132	-0.479875	177	12	43	501.13
-0.785398	2.579248	-2.364801	178	23	45	501.12
-0.785398	1.214854	-1.966664	166	17	40	501.10
1.308997	1.194549	-0.801900	172	14	42	501.01
-2.879793	2.393226	1.857173	171	21	42	500.98
0.261799	1.433411	-1.035986	170	24	43	500.98
1.047198	1.982574	-1.115518	173	10	38	500.94
-1.570796	1.869911	2.701025	172	21	46	500.91
-2.094395	0.458961	-0.107937	53	178	172	500.90
-1.047198	1.214854	-1.966664	166	20	40	500.87
-1.047198	0.080730	-2.622036	183	26	46	500.87
2.617994	1.545873	-1.877082	174	9	41	500.86
-1.832596	0.831641	0.616218	180	10	48	500.81
-1.570796	1.732874	-0.951685	179	17	45	500.80
0.785398	0.640596	-2.797608	40	178	7	500.77
-0.523599	1.113094	-0.272241	171	10	42	500.77
-2.094395	1.134497	-1.109631	175	26	45	500.76
0.261799	1.045978	0.343692	180	10	46	500.76
-0.785398	0.914445	2.687814	167	20	40	500.76
0.261799	1.812176	0.656819	173	22	42	500.75
2.879793	1.335669	0.897240	171	19	45	500.75
1.308997	1.606104	-0.451151	171	7	40	500.69
-0.523599	1.555207	1.708892	173	11	46	500.67
-0.785398	1.448123	-2.163292	177	24	49	500.67
-0.261799	1.135813	-2.658866	169	13	42	500.67
1.047198	0.914445	2.687814	164	13	42	500.62
2.879793	1.824694	1.850876	175	14	42	500.62
-2.094395	1.247695	1.809890	167	11	42	500.62
-2.617994	1.812176	0.656819	166	14	39	500.59
0.523599	1.413430	2.550734	169	17	48	500.59
2.879793	1.574060	2.783565	170	22	44	500.54
-2.094395	1.870545	-2.976234	169	16	45	500.48
-2.617994	0.203748	0.590255	168	19	41	500.44
2.617994	0.685216	-1.712745	174	13	43	500.44
-2.094395	1.756530	-2.105156	173	16	43	500.43
0.261799	2.881233	-2.582574	163	15	37	500.42
0.000000	1.247695	1.809890	172	14	47	500.39
-1.570796	0.906588	1.252948	177	14	45	500.39
-2.879793	1.135813	-2.658866	172	22	42	500.36
0.523599	2.579248	-2.364801	177	11	42	500.35
1.308997	1.846342	-1.796954	171	23	43	500.32
-2.617994	0.080730	-2.622036	176	24	47	500.30
-1.832596	1.812176	0.656819	168	10	42	500.23
-1.308997	0.370812	-2.547742	179	24	46	500.22
1.308997	0.960688	-0.577532	174	27	43	500.20
-0.261799	2.587733	0.232235	177	17	45	500.20
2.879793	2.592629	0.909713	163	25	38	500.19
-1.570796	0.864993	2.278281	178	8	46	500.18
-0.523599	1.554776	0.100351	34	168	4	500.17
2.094395	2.704512	1.488683	175	7	44	500.13
-2.617994	2.295480	1.008277	170	17	43	500.10
0.523599	1.506530	1.988858	180	18	49	500.07
-2.356194	2.356369	3.005869	186	32	45	500.06
1.832596	0.733948	3.021411	175	14	47	500.02
1.832596	1.741644	-2.695914	183	20	48	500.00
-2.356194	2.089241	-0.114193	173	21	42	499.99
1.832596	1.836682	-0.676006	171	16	44	499.99
0.000000	2.724429	-0.348782	166	15	40	499.98
-1.308997	2.637879	2.121598	168	14	46	499.91
2.879793	2.356369	3.005869	176	18	44	499.89
0.523599	2.379497	0.561089	168	22	43	499.87
-2.094395	2.033014	2.977192	167	12	41	499.84
-0.523599	2.115563	0.685730	168	13	36	499.79
0.523599	0.297065	2.160177	170	9	38	499.76
1.047198	2.251330	-2.330739	174	13	41	499.76
1.570796	1.599406	1.426070	174	19	42	499.73
2.879793	2.587733	0.232235	172	13	40	499.70
2.617994	2.073035	2.027405	180	21	47	499.68
-1.047198	1.014500	0.906702	167	17	40	499.68
1.570796	2.579248	-2.364801	53	183	166	499.64
-2.879793	2.404280	-0.174044	185	12	47	499.56
-2.879793	1.247695	1.809890	176	5	47	499.54
2.879793	2.393226	1.857173	178	26	46	499.49
0.000000	1.617114	-1.572037	168	16	42	499.49
0.785398	2.456751	-1.503343	178	18	45	499.49
2.356194	1.836682	-0.676006	179	17	46	499.47
1.570796	2.704512	1.488683	169	11	42	499.47
-2.094395	1.824694	1.850876	176	10	49	499.43
2.879793	2.180315	-1.357379	183	17	48	499.41
2.617994	1.554776	0.100351	173	24	41	499.39
1.308997	2.063651	-2.044600	175	18	44	499.38
1.308997	1.050534	3.042579	168	4	42	499.37
2.094395	2.295480	1.008277	175	5	41	499.36
2.617994	0.379747	-1.713059	178	12	44	499.36
-2.617994	0.960688	-0.577532	170	20	44	499.33
2.356194	2.073035	2.027405	182	21	49	499.30
1.832596	2.456751	-1.503343	170	21	42	499.27
0.000000	1.247695	1.809890	37	178	9	499.27
0.261799	1.195355	1.200319	177	14	47	499.23
1.308997	1.134497	-1.109631	178	21	46	499.22
2.617994	1.194549	-0.801900	177	27	44	499.22
1.308997	2.704512	1.488683	170	10	37	499.19
1.047198	1.433411	-1.035986	55	180	173	499.17
1.308997	1.872854	1.543456	33	187	11	499.15
-2.356194	1.413347	-1.339188	167	19	38	499.14
2.879793	0.297065	2.160177	173	16	47	499.13
-1.570796	0.831641	0.616218	170	24	43	499.13
-2.356194	2.863997	0.549740	174	13	41	499.12
0.261799	2.108018	1.311430	180	20	44	499.12
-2.879793	1.413430	2.550734	169	17	43	499.11
0.261799	1.488617	1.159546	179	13	47	499.10
-2.356194	0.992645	-1.723759	168	20	41	498.98
-1.308997	2.104282	-0.813972	174	18	43	498.93
-2.617994	2.456751	-1.503343	180	23	49	498.93
1.308997	2.478122	2.609777	170	25	42	498.89
-2.356194	2.041297	-2.664597	178	8	43	498.89
2.094395	0.618092	2.539118	173	10	44	498.85
-1.832596	0.418037	1.360082	171	23	44	498.83
-3.141593	1.909857	-0.381669	181	4	41	498.83
2.617994	2.104282	-0.813972	174	9	44	498.82
0.785398	2.138223	1.678323	166	22	36	498.80
-1.308997	2.592629	0.909713	171	9	39	498.79
-1.570796	0.899350	-2.069907	173	11	43	498.79
0.785398	1.721184	-0.153948	168	24	41	498.71
1.832596	2.592629	0.909713	175	8	43	498.71
-3.141593	2.455966	-0.641220	177	12	43	498.71
1.832596	0.297065	2.160177	172	22	45	498.67
1.832596	0.910508	1.903534	182	31	47	498.67
-1.047198	1.812176	0.656819	170	12	42	498.63
-2.879793	1.683268	0.374177	166	18	39	498.58
-1.570796	1.113094	-0.272241	173	11	43	498.50
-2.356194	2.356369	3.005869	186	31	45	498.50
2.617994	1.741644	-2.695914	187	27	49	498.48
1.570796	1.413347	-1.339188	52	179	167	498.46
0.261799	1.504028	0.636812	175	17	45	498.45
-2.617994	0.685216	-1.712745	169	20	43	498.44
0.000000	2.724429	-0.348782	169	20	44	498.41
1.570796	0.831641	0.616218	179	20	48	498.37
2.356194	2.041297	-2.664597	169	23	43	498.36
-2.094395	2.379497	0.561089	168	18	39	498.35
-2.617994	1.433411	-1.035986	179	34	41	498.35
1.832596	0.709924	0.218797	174	10	42	498.22
1.047198	1.875281	0.107086	168	19	42	498.22
-0.785398	1.824694	1.850876	169	17	46	498.22
-3.141593	2.407836	1.410646	165	24	41	498.21
2.879793	2.001437	0.381215	164	18	34	498.21
1.308997	1.998705	2.370472	183	9	48	498.19
-1.570796	2.251330	-2.330739	169	20	43	498.17
-1.308997	2.115563	0.685730	175	19	43	498.14
-1.308997	0.864993	2.278281	171	15	41	498.13
-0.785398	1.872854	1.543456	172	14	46	498.10
2.617994	0.615174	-0.666022	174	18	44	498.10
-3.141593	0.850607	-1.335383	178	8	42	498.09
-2.356194	1.683268	0.374177	165	14	40	498.07
-2.879793	1.242974	-2.977882	175	9	42	498.07
-1.832596	2.247462	0.191623	174	26	43	498.06
-0.261799	1.440580	2.260026	180	20	51	498.04
1.047198	1.510910	-0.740472	169	14	43	498.04
-1.570796	2.393226	1.857173	155	162	1	498.01
-0.785398	0.709924	0.218797	170	18	45	498.01
-1.047198	1.574060	2.783565	181	31	51	498.00
-1.047198	2.180315	-1.357379	179	19	47	497.95
2.879793	0.961715	0.014085	175	23	46	497.94
1.047198	1.413430	2.550734	170	12	46	497.94
-1.308997	1.256302	0.062705	172	9	41	497.92
-2.617994	1.050534	3.042579	176	21	49	497.81
1.308997	1.683268	0.374177	165	13	35	497.81
-1.570796	0.992645	-1.723759	175	18	46	497.80
2.879793	1.699788	2.452890	173	17	42	497.76
1.308997	1.367556	0.358405	182	14	47	497.73
-3.141593	1.732874	-0.951685	178	3	41	497.73
2.879793	1.732874	-0.951685	174	4	40	497.68
0.261799	1.504028	0.636812	173	11	41	497.66
0.000000	1.545873	-1.877082	174	21	46	497.63
-3.141593	1.599406	1.426070	174	23	48	497.63
-2.094395	1.440580	2.260026	172	16	47	497.56
-3.141593	2.343981	-1.040456	178	10	45	497.51
-3.141593	1.606104	-0.451151	172	19	41	497.48
-2.617994	0.850607	-1.335383	173	21	45	497.47
-2.617994	0.906588	1.252948	50	178	181	497.45
1.308997	1.869911	2.701025	179	26	44	497.42
-1.047198	1.301460	-0.509251	174	26	41	497.40
1.570796	2.664082	-1.071402	173	14	41	497.40
2.879793	0.418037	1.360082	179	11	48	497.37
-3.141593	2.251330	-2.330739	170	17	45	497.34
0.261799	1.195355	1.200319	176	13	46	497.34
-2.879793	1.869911	2.701025	169	22	43	497.33
-1.570796	2.863997	0.549740	178	14	43	497.33
-0.523599	1.699788	2.452890	177	19	52	497.30
-1.570796	0.866955	-0.931351	172	7	38	497.28
-2.617994	1.554776	0.100351	175	24	44	497.28
-3.141593	1.433411	-1.035986	184	16	47	497.28
-1.570796	2.299159	2.264663	169	16	44	497.27
1.047198	0.929350	-2.910676	180	22	50	497.26
1.832596	2.379497	0.561089	177	39	37	497.26
-2.094395	2.063651	-2.044600	175	11	44	497.21
-0.785398	2.393226	1.857173	189	32	42	497.21
2.617994	1.448123	-2.163292	174	26	43	497.21
2.094395	2.295480	1.008277	176	33	43	497.13
-0.785398	1.732874	-0.951685	173	18	43	497.12
0.261799	2.073035	2.027405	181	11	48	497.11
2.879793	1.662363	0.915448	166	23	42	497.10
1.047198	2.041297	-2.664597	173	6	39	497.10
-0.523599	2.089241	-0.114193	183	26	46	497.06
2.094395	2.592629	0.909713	179	8	46	497.04
1.047198	1.606104	-0.451151	178	20	46	497.04
-3.141593	1.195355	1.200319	178	18	49	497.04
-0.261799	0.864993	2.278281	170	16	43	497.01
1.308997	1.335669	0.897240	181	12	44	497.00
2.879793	2.863997	0.549740	162	22	36	497.00
-1.047198	1.510910	-0.740472	174	24	43	496.99
-1.308997	1.194549	-0.801900	173	5	37	496.96
0.523599	1.741644	-2.695914	178	18	46	496.94
0.261799	0.297065	2.160177	167	18	42	496.93
-3.141593	1.977582	0.969896	162	16	39	496.88
1.570796	0.831641	0.616218	175	18	44	496.87
-1.570796	0.864993	2.278281	176	8	45	496.86
2.094395	1.732874	-0.951685	171	16	43	496.86
-2.356194	1.606104	-0.451151	173	15	43	496.84
-1.570796	1.014500	0.906702	178	9	46	496.82
-2.617994	2.115563	0.685730	170	25	42	496.81
0.785398	1.683268	0.374177	172	10	37	496.78
1.047198	1.301460	-0.509251	166	13	38	496.77
-1.047198	2.033014	2.977192	172	21	45	496.73
-2.617994	0.203748	0.590255	179	10	46	496.73
1.047198	1.998705	2.370472	182	12	52	496.72
2.094395	0.080730	-2.622036	179	24	48	496.70
-2.879793	2.356369	3.005869	174	10	41	496.70
1.832596	2.478122	2.609777	168	17	42	496.68
0.261799	0.203748	0.590255	178	5	40	496.67
0.261799	1.448123	-2.163292	176	17	49	496.67
-0.523599	1.756530	-2.105156	171	16	46	496.64
1.832596	1.440580	2.260026	176	11	48	496.63
-2.617994	2.251330	-2.330739	181	26	46	496.61
-1.308997	1.555207	1.708892	173	18	46	496.60
2.356194	2.356369	3.005869	185	37	41	496.57
1.570796	1.909857	-0.381669	172	18	45	496.55
0.523599	1.413430	2.550734	171	13	43	496.55
1.308997	1.545873	-1.877082	173	23	45	496.53
1.308997	1.998705	2.370472	185	12	52	496.52
-0.261799	2.108018	1.311430	171	6	38	496.49
-3.141593	1.904882	-1.478089	173	17	42	496.47
-0.261799	2.104282	-0.813972	173	11	40	496.47
-2.617994	2.164094	-2.991358	173	8	40	496.45
-0.261799	0.297065	2.160177	175	24	46	496.43
-1.308997	1.135834	-1.431087	173	20	46	496.41
-2.879793	2.881233	-2.582574	166	19	41	496.35
-1.047198	2.724429	-0.348782	173	15	43	496.34
-2.356194	0.914445	2.687814	172	9	45	496.31
2.094395	2.393226	1.857173	181	22	45	496.24
-0.785398	2.349581	-2.702517	176	8	45	496.24
1.308997	2.863997	0.549740	170	10	40	496.24
1.308997	1.732874	-0.951685	172	26	43	496.21
-1.047198	0.571433	-1.188419	169	22	42	496.19
-0.523599	2.180315	-1.357379	178	14	45	496.12
-3.141593	2.089241	-0.114193	176	16	42	496.11
0.000000	0.290380	-0.796960	172	16	44	496.10
-0.785398	1.846342	-1.796954	168	22	42	496.05
2.617994	0.831641	0.616218	168	18	42	496.04
-3.141593	1.247695	1.809890	178	14	51	496.04
2.879793	2.115563	0.685730	164	21	38	496.01
2.879793	2.724429	-0.348782	176	14	42	495.99
-1.832596	2.719179	-1.780644	169	15	40	495.97
-0.261799	2.456751	-1.503343	170	19	41	495.95
-1.308997	1.310100	1.488307	172	15	44	495.94
1.308997	2.073035	2.027405	184	15	48	495.93
-2.356194	1.391910	3.030322	171	12	45	495.85
2.356194	2.041297	-2.664597	167	23	41	495.85
-0.261799	0.762244	-0.273349	176	14	45	495.80
-0.785398	2.587733	0.232235	178	21	46	495.80
-2.617994	0.591903	2.010408	170	12	45	495.69
2.617994	1.696674	-1.253233	171	16	41	495.68
-3.141593	1.242974	-2.977882	176	14	48	495.67
0.261799	0.899350	-2.069907	172	10	45	495.66
-1.570796	1.510910	-0.740472	178	24	44	495.65
-0.785398	1.658653	-2.409879	172	12	45	495.65
1.570796	0.591903	2.010408	162	17	38	495.60
0.785398	1.417623	-0.202254	174	15	42	495.59
-0.523599	1.812176	0.656819	175	24	43	495.58
2.617994	0.866395	-2.492918	169	21	38	495.52
-1.832596	1.433411	-1.035986	20	19	19	495.47
1.047198	1.998705	2.370472	34	190	6	495.44
-2.879793	1.569311	-3.003978	173	13	42	495.43
2.094395	2.407836	1.410646	173	6	41	495.43
-1.308997	1.335669	0.897240	180	22	48	495.37
1.832596	2.719179	-1.780644	172	21	43	495.33
2.617994	2.704512	1.488683	175	35	42	495.33
1.570796	2.001437	0.381215	170	11	42	495.30
1.308997	2.379497	0.561089	165	12	35	495.29
0.523599	2.881233	-2.582574	173	15	41	495.27
0.523599	1.413430	2.550734	171	14	44	495.23
1.047198	0.290380	-0.796960	179	12	47	495.20
-2.617994	2.396274	-1.959260	174	17	47	495.18
-0.261799	2.247462	0.191623	177	20	45	495.12
-1.570796	1.214854	-1.966664	171	17	44	495.12
2.094395	2.760637	2.781135	172	18	45	495.11
-0.523599	1.413430	2.550734	177	23	50	495.11
2.356194	2.719179	-1.780644	174	19	47	495.07
-0.261799	1.367556	0.358405	175	7	43	495.04
0.000000	1.977582	0.969896	168	10	35	494.98
2.094395	1.504028	0.636812	179	18	43	494.96
-1.570796	1.194549	-0.801900	170	8	38	494.95
0.785398	1.417623	-0.202254	178	22	46	494.95
-1.832596	1.218453	2.777284	172	16	47	494.94
-1.308997	0.618092	2.539118	177	28	45	494.94
1.308997	1.310100	1.488307	179	10	44	494.90
-0.261799	1.448123	-2.163292	21	0	9	494.88
2.094395	2.001437	0.381215	176	11	44	494.88
0.000000	2.343981	-1.040456	182	22	48	494.85
-2.094395	2.455966	-0.641220	174	19	45	494.81
-1.308997	1.836682	-0.676006	174	22	43	494.79
-1.832596	1.391910	3.030322	171	20	47	494.79
0.261799	0.418037	1.360082	55	173	171	494.79
2.356194	0.290380	-0.796960	174	18	46	494.78
1.047198	1.450119	-2.739050	178	7	43	494.76
2.356194	1.982574	-1.115518	177	20	45	494.76
-3.141593	0.203748	0.590255	168	8	39	494.75
0.261799	1.662363	0.915448	173	14	42	494.71
2.617994	1.732874	-0.951685	174	15	43	494.71
2.356194	2.343981	-1.040456	174	13	44	494.71
2.356194	2.455966	-0.641220	174	14	42	494.71
1.570796	2.456751	-1.503343	175	13	42	494.67
0.000000	0.685216	-1.712745	170	11	43	494.65
2.617994	2.579248	-2.364801	175	26	46	494.63
-2.617994	1.977582	0.969896	172	23	45	494.63
-2.879793	2.984978	1.954446	181	20	45	494.59
2.356194	2.063651	-2.044600	173	21	45	494.57
1.308997	1.045978	0.343692	175	12	43	494.57
1.047198	1.050534	3.042579	165	7	41	494.53
-2.356194	2.407836	1.410646	170	18	47	494.52
-2.617994	1.662363	0.915448	168	16	43	494.52
-0.523599	0.080730	-2.622036	165	13	39	494.52
0.523599	0.591903	2.010408	169	14	43	494.52
0.523599	1.433411	-1.035986	169	22	44	494.50
1.047198	0.700570	1.559208	172	15	45	494.50
1.047198	2.180315	-1.357379	171	12	39	494.50
2.879793	1.413430	2.550734	172	25	45	494.49
-2.617994	1.554776	0.100351	174	24	44	494.47
-1.047198	1.569311	-3.003978	170	16	46	494.44
0.785398	1.391910	3.030322	164	10	42	494.42
-1.832596	2.379497	0.561089	176	30	41	494.40
2.879793	0.961715	0.014085	176	23	46	494.37
2.356194	0.914445	2.687814	179	0	43	494.37
1.047198	1.168678	2.108595	171	21	47	494.36
1.832596	2.295480	1.008277	176	12	44	494.34
1.832596	0.864993	2.278281	181	27	49	494.30
-2.617994	0.961715	0.014085	168	14	42	494.28
0.261799	2.396274	-1.959260	181	23	46	494.25
0.000000	1.824694	1.850876	180	15	49	494.22
1.570796	2.247462	0.191623	174	13	45	494.22
1.832596	1.504028	0.636812	177	18	42	494.18
-0.523599	1.335669	0.897240	177	14	47	494.17
2.094395	1.135834	-1.431087	173	10	43	494.16
-2.356194	0.674054	1.013609	168	17	41	494.16
2.879793	2.138223	1.678323	172	19	41	494.14
-2.356194	1.812176	0.656819	169	9	38	494.11
2.879793	2.033014	2.977192	173	15	42	494.08
0.785398	1.756530	-2.105156	180	14	48	494.04
-0.523599	1.417623	-0.202254	172	23	41	494.00
2.356194	2.089241	-0.114193	179	14	46	493.97
1.047198	2.592629	0.909713	170	14	43	493.96
2.617994	0.961715	0.014085	171	18	40	493.95
-2.879793	0.419640	2.974122	174	23	46	493.93
2.617994	0.910508	1.903534	169	9	47	493.89
0.000000	0.685216	-1.712745	169	10	41	493.88
-2.356194	1.325504	-1.671296	170	21	40	493.85
0.785398	1.025536	1.576859	173	16	46	493.83
2.356194	1.696674	-1.253233	40	168	0	493.79
2.356194	2.760637	2.781135	174	17	45	493.78
1.047198	1.014500	0.906702	182	19	49	493.78
1.047198	1.135834	-1.431087	37	188	5	493.76
1.570796	2.404280	-0.174044	178	191	37	493.74
1.832596	1.732874	-0.951685	185	33	41	493.63
-0.523599	0.733948	3.021411	169	20	42	493.58
-0.261799	1.741644	-2.695914	170	11	43	493.57
0.523599	0.674054	1.013609	178	12	47	493.56
0.261799	0.618092	2.539118	167	13	42	493.56
0.785398	2.180315	-1.357379	180	28	48	493.56
2.617994	0.418037	1.360082	173	8	44	493.55
-2.356194	1.135834	-1.431087	45	187	159	493.55
1.047198	1.741644	-2.695914	175	13	42	493.54
2.356194	1.699788	2.452890	171	22	41	493.53
1.832596	1.875281	0.107086	170	6	38	493.53
0.000000	1.617114	-1.572037	167	16	42	493.53
-0.785398	2.407836	1.410646	169	6	38	493.49
1.570796	1.812176	0.656819	169	11	38	493.46
-0.523599	2.393226	1.857173	167	8	38	493.46
0.261799	1.948085	-2.363031	176	4	41	493.46
2.617994	2.587733	0.232235	163	22	34	493.43
2.356194	1.870545	-2.976234	185	30	48	493.41
-3.141593	1.310100	1.488307	175	19	48	493.41
1.308997	1.555207	1.708892	178	24	49	493.41
-1.047198	1.374601	-2.456031	169	16	44	493.41
-2.356194	0.906588	1.252948	179	13	47	493.40
-0.523599	1.325504	-1.671296	170	13	43	493.39
-3.141593	1.982574	-1.115518	177	6	44	493.39
0.261799	1.450119	-2.739050	183	16	50	493.37
-1.570796	0.571433	-1.188419	174	7	42	493.34
1.047198	1.325504	-1.671296	171	24	44	493.34
2.094395	1.554776	0.100351	173	9	40	493.32
2.617994	2.115563	0.685730	165	24	38	493.30
1.308997	0.458961	-0.107937	167	21	38	493.29
2.879793	2.404280	-0.174044	181	11	46	493.29
-3.141593	0.960688	-0.577532	176	15	45	493.23
-0.785398	2.187132	-0.479875	172	18	42	493.21
0.000000	2.379497	0.561089	173	18	43	493.11
-2.879793	2.407836	1.410646	166	22	45	493.09
0.000000	1.696674	-1.253233	173	21	41	493.04
-2.879793	0.850607	-1.335383	173	24	45	493.02
-1.047198	1.214854	-1.966664	170	8	39	492.97
2.356194	1.875281	0.107086	181	14	45	492.95
-1.308997	2.592629	0.909713	188	29	47	492.93
-2.094395	1.569311	-3.003978	172	13	44	492.92
-0.785398	1.184361	0.625864	170	12	42	492.87
-2.879793	0.203748	0.590255	173	5	41	492.86
-2.356194	2.637879	2.121598	167	26	43	492.84
1.570796	2.356369	3.005869	168	22	41	492.81
1.570796	2.349581	-2.702517	168	23	41	492.80
0.523599	2.089241	-0.114193	170	21	41	492.79
1.308997	1.736875	3.023612	175	2	44	492.78
-0.785398	2.456751	-1.503343	167	21	38	492.78
-2.617994	0.379747	-1.713059	170	17	44	492.77
1.570796	2.174483	2.653697	188	7	49	492.75
2.617994	1.824694	1.850876	176	18	47	492.71
2.879793	0.733948	3.021411	174	19	48	492.70
2.356194	0.618092	2.539118	175	9	45	492.68
1.832596	1.134497	-1.109631	173	10	42	492.58
-0.261799	1.374601	-2.456031	173	15	47	492.58
-2.094395	1.195355	1.200319	175	14	46	492.56
-2.094395	1.214854	-1.966664	171	22	45	492.56
0.785398	0.591903	2.010408	169	13	43	492.53
-0.523599	2.251330	-2.330739	173	10	44	492.51
2.094395	0.914445	2.687814	178	6	47	492.51
2.879793	2.478122	2.609777	170	21	41	492.49
-2.879793	1.554776	0.100351	168	19	40	492.47
-1.308997	1.869911	2.701025	172	18	45	492.42
0.523599	0.961715	0.014085	170	18	39	492.41
-3.141593	1.448123	-2.163292	189	19	49	492.37
-1.047198	1.374601	-2.456031	172	19	47	492.31
-2.356194	1.242974	-2.977882	175	14	48	492.30
1.570796	2.719179	-1.780644	177	22	46	492.28
0.261799	1.247695	1.809890	174	12	47	492.28
0.785398	0.379747	-1.713059	165	14	41	492.25
-2.617994	0.496451	0.593859	176	10	46	492.24
-1.308997	1.448123	-2.163292	170	11	41	492.24
2.617994	1.194549	-0.801900	176	26	44	492.24
0.261799	0.591903	2.010408	169	16	43	492.24
-1.308997	1.256302	0.062705	174	3	39	492.22
0.785398	1.569311	-3.003978	164	6	39	492.20
2.617994	2.164094	-2.991358	184	34	45	492.12
1.047198	0.685216	-1.712745	174	9	45	492.06
-0.523599	2.108018	1.311430	52	168	184	492.05
0.523599	1.195355	1.200319	183	17	50	492.04
-1.832596	2.379497	0.561089	176	29	41	492.02
2.879793	1.658653	-2.409879	182	16	47	491.97
-1.570796	1.617114	-1.572037	170	19	41	491.97
-2.617994	1.766067	2.153843	171	21	45	491.95
0.000000	1.025536	1.576859	171	15	44	491.95
-0.261799	0.419640	2.974122	170	19	44	491.93
2.617994	1.374601	-2.456031	184	15	50	491.93
1.570796	2.588535	-2.976617	171	23	43	491.84
-2.356194	2.724429	-0.348782	176	18	43	491.83
-2.356194	2.396274	-1.959260	171	17	45	491.82
2.094395	1.809167	1.213774	173	28	45	491.79
-0.785398	0.591903	2.010408	175	24	46	491.79
-2.879793	1.413430	2.550734	177	24	49	491.78
-1.832596	1.310100	1.488307	177	7	45	491.78
1.832596	2.760637	2.781135	170	13	40	491.76
2.617994	1.374601	-2.456031	186	19	50	491.74
-2.617994	1.050534	3.042579	176	20	49	491.72
-1.570796	2.343981	-1.040456	175	19	45	491.71
-0.785398	1.555207	1.708892	175	17	49	491.70
2.356194	1.374601	-2.456031	182	15	49	491.70
-2.617994	2.396274	-1.959260	175	18	48	491.70
-2.617994	1.606104	-0.451151	174	16	43	491.69
2.356194	2.108018	1.311430	173	14	40	491.67
-2.356194	2.984978	1.954446	176	12	42	491.66
2.879793	0.203748	0.590255	174	19	45	491.64
1.570796	1.440580	2.260026	178	21	53	491.63
-2.356194	1.367556	0.358405	168	11	41	491.62
-2.617994	2.104282	-0.813972	175	16	45	491.60
0.261799	0.906588	1.252948	176	19	48	491.59
1.308997	0.906588	1.252948	176	18	48	491.56
-0.523599	2.001437	0.381215	172	6	37	491.55
0.523599	1.168678	2.108595	175	22	47	491.55
1.832596	0.992645	-1.723759	172	22	42	491.54
0.261799	2.187132	-0.479875	175	24	45	491.54
-1.832596	1.658653	-2.409879	173	20	44	491.53
-1.047198	0.379747	-1.713059	168	26	42	491.52
-3.141593	0.618092	2.539118	166	12	40	491.52
1.832596	0.733948	3.021411	176	3	41	491.52
2.094395	1.045978	0.343692	181	23	48	491.52
1.832596	1.391910	3.030322	172	18	42	491.50
0.523599	1.721184	-0.153948	175	15	43	491.49
2.356194	1.417623	-0.202254	176	9	41	491.49
1.308997	2.295480	1.008277	166	13	39	491.46
-1.832596	0.992645	-1.723759	175	20	46	491.45
-2.879793	0.929350	-2.910676	179	14	50	491.44
0.261799	2.356369	3.005869	177	17	44	491.41
-1.832596	1.554776	0.100351	170	11	42	491.38
-1.308997	0.370812	-2.547742	184	23	48	491.33
0.785398	1.982574	-1.115518	177	30	46	491.31
1.832596	1.413430	2.550734	181	14	51	491.30
-2.356194	1.014500	0.906702	180	21	49	491.26
2.094395	2.379497	0.561089	179	8	46	491.26
-1.308997	2.295480	1.008277	52	175	172	491.22
0.261799	1.555207	1.708892	172	10	43	491.22
-1.308997	2.379497	0.561089	172	14	40	491.21
-2.617994	1.812176	0.656819	168	10	38	491.21
-0.523599	2.979456	-1.009304	167	11	41	491.18
0.785398	2.592629	0.909713	170	16	43	491.18
2.879793	0.458961	-0.107937	171	18	44	491.16
2.094395	2.664082	-1.071402	176	18	46	491.12
2.879793	1.904882	-1.478089	180	12	46	491.11
1.308997	1.721184	-0.153948	168	17	41	491.11
-2.617994	1.194549	-0.801900	172	24	44	491.04
-0.523599	1.413430	2.550734	178	25	50	491.04
1.308997	1.736875	3.023612	173	22	41	491.03
2.356194	2.295480	1.008277	179	4	42	491.02
1.570796	2.456751	-1.503343	173	21	45	491.02
2.879793	0.906588	1.252948	176	15	49	491.00
-2.356194	1.168678	2.108595	166	16	42	491.00
-3.141593	1.756530	-2.105156	174	9	43	490.99
0.785398	1.134796	2.434290	168	18	46	490.98
1.308997	0.910508	1.903534	169	24	46	490.97
-0.523599	1.736875	3.023612	172	14	46	490.97
2.094395	2.164094	-2.991358	174	19	43	490.96
-1.047198	2.001437	0.381215	172	17	43	490.93
-0.261799	2.247462	0.191623	179	25	46	490.92
-0.785398	2.760637	2.781135	167	21	43	490.92
-2.879793	1.875281	0.107086	168	21	39	490.92
1.047198	2.104282	-0.813972	174	22	47	490.87
-2.879793	2.187132	-0.479875	171	23	40	490.81
-0.261799	2.724429	-0.348782	165	20	40	490.79
-2.879793	2.164094	-2.991358	170	12	40	490.71
2.094395	1.045978	0.343692	180	9	43	490.70
-2.879793	2.396274	-1.959260	190	32	43	490.68
1.308997	1.335669	0.897240	179	13	43	490.67
-2.617994	1.450119	-2.739050	176	19	49	490.67
1.047198	0.203748	0.590255	168	16	38	490.64
-0.523599	2.407836	1.410646	49	165	184	490.63
-2.356194	1.301460	-0.509251	173	24	45	490.60
-2.356194	1.135813	-2.658866	31	177	11	490.59
0.785398	1.113094	-0.272241	174	17	42	490.55
2.879793	1.128190	-2.288622	173	19	42	490.52
2.094395	1.440580	2.260026	186	26	49	490.52
-1.047198	0.850607	-1.335383	178	20	48	490.52
2.879793	2.356369	3.005869	173	21	43	490.49
2.094395	1.741644	-2.695914	168	25	41	490.48
-1.047198	2.295480	1.008277	171	6	40	490.47
1.047198	1.606104	-0.451151	168	12	40	490.44
2.879793	1.554776	0.100351	173	21	42	490.42
-0.785398	1.050534	3.042579	175	12	44	490.42
-1.308997	2.108018	1.311430	168	12	43	490.41
2.879793	0.619654	-2.216909	175	17	44	490.40
-2.617994	0.960688	-0.577532	171	19	44	490.40
-1.308997	0.615174	-0.666022	164	20	37	490.39
-2.356194	1.242974	-2.977882	175	13	47	490.35
1.570796	1.872854	1.543456	180	21	46	490.34
2.879793	0.709924	0.218797	167	17	40	490.34
0.000000	2.664082	-1.071402	176	13	47	490.33
2.094395	1.504028	0.636812	178	18	43	490.30
2.617994	1.134497	-1.109631	178	12	45	490.29
0.000000	2.343981	-1.040456	173	13	46	490.26
-1.308997	2.001437	0.381215	171	8	40	490.24
-2.094395	1.875281	0.107086	166	15	39	490.21
1.570796	2.407836	1.410646	0	32	47	490.21
1.047198	2.356369	3.005869	178	21	44	490.20
0.261799	2.379497	0.561089	175	16	43	490.18
-0.785398	2.592629	0.909713	177	27	44	490.18
0.785398	0.914445	2.687814	164	17	43	490.17
0.785398	1.050534	3.042579	186	25	49	490.15
-0.523599	1.025536	1.576859	174	16	46	490.13
-0.523599	2.407836	1.410646	172	5	39	490.13
0.000000	1.506530	1.988858	177	18	48	490.11
0.000000	1.214854	-1.966664	169	6	38	490.02
-1.308997	1.506530	1.988858	168	20	42	490.02
-1.308997	0.910508	1.903534	168	23	40	490.01
2.094395	2.073035	2.027405	183	20	49	490.00
-0.261799	0.419640	2.974122	180	25	48	490.00
1.570796	1.732874	-0.951685	170	22	43	489.98
-1.047198	1.683268	0.374177	169	13	41	489.91
-3.141593	1.256302	0.062705	170	21	44	489.89
-2.094395	0.700570	1.559208	180	18	47	489.87
0.000000	1.413430	2.550734	172	17	46	489.85
0.785398	1.741644	-2.695914	173	10	41	489.85
-0.785398	0.866955	-0.931351	162	16	35	489.85
-2.094395	0.899350	-2.069907	172	17	45	489.82
2.879793	0.591903	2.010408	173	10	45	489.82
1.570796	1.658653	-2.409879	175	16	44	489.82
-0.785398	2.881233	-2.582574	176	18	44	489.80
2.879793	1.683268	0.374177	171	25	42	489.73
1.570796	1.982574	-1.115518	171	11	38	489.71
-1.570796	1.904882	-1.478089	183	19	49	489.63
-2.094395	2.063651	-2.044600	170	9	37	489.63
-0.785398	0.297065	2.160177	173	17	46	489.61
-3.141593	0.850607	-1.335383	168	19	39	489.61
-1.308997	0.615174	-0.666022	174	9	41	489.61
0.261799	0.418037	1.360082	173	9	42	489.58
-2.879793	1.948085	-2.363031	183	22	47	489.57
1.308997	0.674054	1.013609	175	7	40	489.49
0.000000	2.404280	-0.174044	174	23	46	489.48
2.617994	2.984978	1.954446	170	10	40	489.46
-1.308997	0.960688	-0.577532	175	7	41	489.46
-2.879793	1.658653	-2.409879	173	5	41	489.42
-2.094395	1.310100	1.488307	172	10	44	489.38
-0.785398	1.555207	1.708892	174	17	48	489.37
0.000000	2.153910	-1.714959	184	15	49	489.37
0.523599	2.247462	0.191623	167	21	38	489.36
1.832596	0.370812	-2.547742	171	13	45	489.28
-1.570796	0.866955	-0.931351	172	8	40	489.28
0.000000	1.168678	2.108595	169	14	45	489.26
-1.832596	1.554776	0.100351	171	10	42	489.25
0.000000	1.736875	3.023612	166	13	40	489.22
0.785398	1.599406	1.426070	181	9	45	489.19
0.785398	2.455966	-0.641220	176	11	45	489.19
2.356194	0.419640	2.974122	173	13	47	489.19
-1.570796	1.025536	1.576859	51	180	168	489.17
-2.094395	0.733948	3.021411	181	15	50	489.15
1.570796	0.496451	0.593859	175	10	41	489.14
-2.356194	0.914445	2.687814	173	8	45	489.13
2.617994	1.909857	-0.381669	180	13	45	489.10
1.570796	2.174483	2.653697	176	13	43	489.10
-1.308997	1.732874	-0.951685	170	22	39	489.10
0.000000	2.349581	-2.702517	179	15	45	489.10
0.000000	1.367556	0.358405	178	20	47	489.07
1.308997	0.203748	0.590255	171	12	39	489.06
-2.356194	2.153910	-1.714959	172	19	44	489.03
-0.785398	2.033014	2.977192	168	16	43	489.00
-0.785398	1.450119	-2.739050	174	16	48	488.96
0.523599	0.571433	-1.188419	179	31	41	488.96
-3.141593	1.683268	0.374177	170	24	42	488.93
1.832596	1.554776	0.100351	181	15	46	488.93
-1.570796	1.335669	0.897240	173	9	44	488.91
-2.356194	2.349581	-2.702517	175	26	46	488.89
1.047198	1.569311	-3.003978	172	5	44	488.82
-2.356194	1.325504	-1.671296	170	22	40	488.82
-1.047198	2.295480	1.008277	171	5	39	488.81
-1.047198	2.637879	2.121598	177	22	44	488.79
2.356194	2.881233	-2.582574	173	18	47	488.79
-1.832596	2.164094	-2.991358	166	14	40	488.78
2.617994	2.724429	-0.348782	181	15	47	488.78
0.000000	2.396274	-1.959260	173	8	41	488.72
-0.785398	1.732874	-0.951685	47	170	181	488.72
-0.261799	0.203748	0.590255	178	24	48	488.63
-3.141593	2.587733	0.232235	179	16	45	488.60
1.308997	2.251330	-2.330739	37	172	6	488.59
2.094395	2.295480	1.008277	175	6	42	488.54
2.356194	0.866955	-0.931351	171	22	41	488.52
-1.832596	0.571433	-1.188419	178	15	47	488.51
2.879793	0.700570	1.559208	171	22	45	488.50
-0.523599	2.033014	2.977192	165	20	44	488.41
-2.094395	2.041297	-2.664597	170	21	45	488.39
1.308997	2.587733	0.232235	174	11	45	488.36
0.785398	2.863997	0.549740	173	14	45	488.36
-2.617994	0.615174	-0.666022	172	15	44	488.32
-2.094395	2.881233	-2.582574	169	8	41	488.31
0.261799	1.872854	1.543456	181	10	46	488.30
-0.261799	0.080730	-2.622036	168	11	42	488.30
0.523599	1.214854	-1.966664	172	6	40	488.26
0.785398	1.870545	-2.976234	173	11	43	488.25
1.832596	1.948085	-2.363031	171	26	43	488.21
-0.785398	2.760637	2.781135	165	17	42	488.19
2.617994	1.699788	2.452890	171	20	41	488.18
-1.570796	1.134497	-1.109631	173	24	45	488.16
-0.261799	2.089241	-0.114193	170	16	39	488.15
-3.141593	0.850607	-1.335383	174	25	45	488.13
-2.879793	1.555207	1.708892	173	14	51	488.04
-1.308997	0.929350	-2.910676	176	15	46	487.95
2.094395	2.719179	-1.780644	173	19	43	487.91
2.617994	2.760637	2.781135	175	11	46	487.90
-1.308997	0.831641	0.616218	170	21	43	487.90
-2.879793	2.343981	-1.040456	181	11	48	487.89
0.785398	1.440580	2.260026	56	179	179	487.79
-0.261799	2.760637	2.781135	175	17	43	487.78
0.523599	1.736875	3.023612	177	20	45	487.74
-0.523599	0.762244	-0.273349	171	12	43	487.73
-2.617994	0.615174	-0.666022	169	17	41	487.72
-2.617994	2.393226	1.857173	169	22	45	487.71
1.308997	2.174483	2.653697	185	6	49	487.70
1.832596	1.606104	-0.451151	184	25	46	487.65
-1.832596	2.001437	0.381215	167	8	37	487.64
0.785398	1.982574	-1.115518	176	27	46	487.64
1.308997	1.872854	1.543456	189	32	50	487.61
-1.308997	0.831641	0.616218	167	19	40	487.57
-1.570796	0.961715	0.014085	176	5	42	487.55
-1.047198	0.685216	-1.712745	173	25	46	487.55
0.261799	1.413347	-1.339188	170	17	40	487.53
-1.570796	1.904882	-1.478089	52	176	179	487.31
-2.094395	1.413347	-1.339188	171	22	42	487.23
1.308997	1.214854	-1.966664	168	26	40	487.18
-1.570796	0.709924	0.218797	176	13	45	487.18
1.832596	1.809167	1.213774	178	24	45	487.17
-2.617994	1.184361	0.625864	175	20	48	487.15
-2.879793	1.977582	0.969896	175	28	45	487.12
-1.308997	1.128190	-2.288622	171	21	45	487.08
-1.047198	1.870545	-2.976234	173	11	46	487.07
2.617994	1.448123	-2.163292	174	22	43	487.07
-0.523599	2.349581	-2.702517	176	19	44	487.04
-2.356194	1.812176	0.656819	167	10	38	487.02
2.356194	1.413347	-1.339188	38	191	5	486.96
2.094395	0.910508	1.903534	180	30	47	486.95
0.785398	1.195355	1.200319	183	19	50	486.89
-2.094395	1.721184	-0.153948	179	22	47	486.89
-2.094395	0.418037	1.360082	174	28	45	486.88
-3.141593	1.836682	-0.676006	176	16	45	486.85
1.570796	1.617114	-1.572037	174	16	47	486.83
-2.879793	1.545873	-1.877082	172	14	42	486.83
0.261799	1.195355	1.200319	174	13	44	486.81
-2.094395	2.393226	1.857173	167	14	38	486.80
1.570796	1.417623	-0.202254	179	19	46	486.80
0.523599	0.418037	1.360082	178	23	48	486.78
0.523599	2.033014	2.977192	178	18	45	486.67
-2.617994	1.413430	2.550734	51	178	188	486.60
0.523599	1.909857	-0.381669	165	14	38	486.55
0.523599	2.592629	0.909713	173	14	40	486.51
1.047198	1.247695	1.809890	175	25	48	486.48
0.785398	0.899350	-2.069907	173	5	41	486.34
-2.617994	0.619654	-2.216909	170	19	41	486.32
-2.879793	1.256302	0.062705	171	18	44	486.28
1.570796	1.025536	1.576859	170	17	38	486.26
-2.094395	0.700570	1.559208	168	9	41	486.23
-3.141593	0.458961	-0.107937	172	17	45	486.17
0.785398	1.982574	-1.115518	178	31	45	486.17
2.879793	1.574060	2.783565	166	19	39	486.12
-0.261799	1.194549	-0.801900	174	21	44	486.09
-2.356194	2.455966	-0.641220	166	19	36	486.08
2.356194	2.104282	-0.813972	181	24	46	486.06
0.785398	0.203748	0.590255	173	15	46	486.05
-1.570796	0.370812	-2.547742	169	11	40	486.03
-2.094395	2.033014	2.977192	171	24	43	486.01
1.832596	2.247462	0.191623	177	15	47	486.01
2.617994	2.299159	2.264663	185	24	47	485.99
1.047198	0.297065	2.160177	179	29	47	485.96
-2.879793	2.407836	1.410646	165	20	42	485.94
1.832596	1.325504	-1.671296	169	13	39	485.94
-2.879793	2.704512	1.488683	166	26	42	485.89
2.879793	0.418037	1.360082	170	24	44	485.86
0.000000	2.174483	2.653697	172	6	42	485.86
-2.879793	1.721184	-0.153948	181	24	47	485.82
1.570796	1.440580	2.260026	174	12	47	485.82
-3.141593	1.440580	2.260026	29	186	13	485.81
-1.308997	0.685216	-1.712745	180	19	49	485.78
2.094395	1.948085	-2.363031	173	20	44	485.76
-1.570796	0.615174	-0.666022	176	8	43	485.73
0.785398	1.050534	3.042579	187	27	49	485.70
-1.047198	2.104282	-0.813972	178	26	46	485.69
-1.047198	0.080730	-2.622036	171	24	44	485.68
2.617994	1.214854	-1.966664	175	21	45	485.67
2.879793	2.407836	1.410646	170	21	39	485.67
-3.141593	1.433411	-1.035986	172	11	41	485.66
0.261799	1.247695	1.809890	173	9	43	485.66
-0.523599	1.374601	-2.456031	172	17	47	485.64
1.308997	1.374601	-2.456031	175	15	45	485.62
-2.617994	2.719179	-1.780644	171	11	39	485.54
-1.832596	1.869911	2.701025	171	21	45	485.53
0.523599	1.982574	-1.115518	179	29	46	485.50
0.261799	1.699788	2.452890	172	12	44	485.43
-3.141593	2.356369	3.005869	175	18	44	485.42
-0.261799	1.824694	1.850876	173	11	46	485.42
-0.261799	2.104282	-0.813972	171	21	46	485.40
1.832596	1.554776	0.100351	182	15	46	485.39
-2.356194	1.721184	-0.153948	173	20	43	485.35
-0.523599	0.762244	-0.273349	172	12	44	485.30
1.570796	1.904882	-1.478089	168	20	42	485.26
0.785398	1.736875	3.023612	177	16	46	485.25
-1.047198	1.504028	0.636812	179	16	47	485.25
2.094395	2.108018	1.311430	177	18	44	485.23
2.617994	1.870545	-2.976234	180	27	48	485.22
-1.832596	2.579248	-2.364801	171	21	43	485.22
0.000000	1.433411	-1.035986	177	16	44	485.21
-2.356194	1.242974	-2.977882	174	14	47	485.19
-2.879793	1.599406	1.426070	174	21	48	485.19
1.308997	0.618092	2.539118	175	20	48	485.19
1.570796	2.164094	-2.991358	167	23	39	485.18
2.617994	0.496451	0.593859	169	17	44	485.06
-2.356194	2.153910	-1.714959	176	16	46	485.04
-1.047198	2.407836	1.410646	167	8	36	485.04
-3.141593	1.325504	-1.671296	172	12	40	485.04
-0.261799	1.247695	1.809890	168	14	41	485.03
0.523599	0.906588	1.252948	177	17	47	485.02
-0.785398	0.591903	2.010408	171	18	44	485.01
1.047198	0.370812	-2.547742	34	182	9	484.96
2.617994	0.619654	-2.216909	180	4	42	484.86
-3.141593	1.301460	-0.509251	51	171	174	484.81
-1.570796	2.108018	1.311430	166	14	40	484.81
2.356194	0.203748	0.590255	165	19	42	484.79
2.094395	2.063651	-2.044600	173	23	45	484.76
-2.094395	2.719179	-1.780644	168	20	43	484.73
0.523599	1.977582	0.969896	171	18	40	484.70
-2.094395	1.195355	1.200319	173	14	43	484.66
-2.879793	1.433411	-1.035986	185	18	47	484.57
-1.047198	2.579248	-2.364801	165	13	38	484.56
1.570796	0.618092	2.539118	175	18	48	484.56
-2.356194	2.404280	-0.174044	170	18	38	484.52
0.785398	2.719179	-1.780644	177	12	43	484.52
-2.617994	1.218453	2.777284	175	22	49	484.48
2.617994	0.864993	2.278281	176	14	48	484.48
1.308997	0.700570	1.559208	175	16	49	484.48
0.261799	1.218453	2.777284	160	164	4	484.43
-2.617994	1.872854	1.543456	169	11	47	484.43
0.261799	1.325504	-1.671296	177	27	42	484.42
-1.308997	1.367556	0.358405	173	22	45	484.38
-2.879793	2.247462	0.191623	177	18	43	484.37
2.356194	0.419640	2.974122	172	14	47	484.37
2.094395	2.588535	-2.976617	169	12	39	484.31
-1.570796	1.242974	-2.977882	175	19	49	484.30
-3.141593	2.104282	-0.813972	171	14	37	484.29
0.261799	1.135813	-2.658866	172	9	44	484.26
1.047198	1.168678	2.108595	169	21	45	484.26
-2.617994	1.417623	-0.202254	165	17	38	484.18
-2.094395	1.433411	-1.035986	168	20	41	484.15
-2.879793	2.001437	0.381215	169	23	40	484.14
1.047198	1.869911	2.701025	175	6	45	484.09
0.261799	2.724429	-0.348782	177	16	48	484.07
-3.141593	1.325504	-1.671296	174	29	40	484.05
-2.094395	1.014500	0.906702	179	27	47	484.04
-1.308997	1.872854	1.543456	169	14	43	484.04
0.523599	0.418037	1.360082	56	176	170	484.03
1.570796	0.709924	0.218797	172	13	40	484.01
-2.094395	0.700570	1.559208	178	17	46	484.00
1.308997	1.606104	-0.451151	169	21	42	483.99
2.879793	1.440580	2.260026	171	20	42	483.98
-1.570796	2.356369	3.005869	172	28	43	483.98
-2.879793	1.574060	2.783565	170	19	45	483.91
2.879793	1.413430	2.550734	171	24	44	483.88
-1.308997	2.164094	-2.991358	178	20	46	483.87
1.047198	1.440580	2.260026	173	15	47	483.84
2.617994	0.906588	1.252948	181	20	51	483.81
1.570796	2.478122	2.609777	169	22	42	483.79
-1.832596	2.251330	-2.330739	171	21	43	483.71
2.356194	1.134497	-1.109631	174	13	43	483.66
2.617994	1.367556	0.358405	176	16	42	483.64
2.617994	2.863997	0.549740	164	26	37	483.64
-3.141593	0.700570	1.559208	170	3	42	483.62
-0.523599	1.721184	-0.153948	182	13	46	483.59
2.879793	2.187132	-0.479875	178	8	44	483.59
1.570796	0.640596	-2.797608	173	9	42	483.57
2.356194	2.343981	-1.040456	182	27	45	483.56
-2.879793	1.256302	0.062705	167	20	42	483.56
2.617994	0.961715	0.014085	53	185	175	483.50
-2.617994	1.766067	2.153843	172	19	45	483.40
-3.141593	0.762244	-0.273349	171	21	44	483.39
-1.047198	0.864993	2.278281	176	24	46	483.35
2.879793	0.906588	1.252948	181	19	51	483.30
2.356194	1.325504	-1.671296	178	23	46	483.26
0.261799	2.379497	0.561089	174	15	43	483.22
-1.570796	0.458961	-0.107937	167	17	40	483.21
2.356194	1.875281	0.107086	177	10	44	483.19
-2.356194	1.721184	-0.153948	166	15	38	483.19
0.000000	2.174483	2.653697	171	7	44	483.19
-0.261799	2.455966	-0.641220	167	19	43	483.16
-1.570796	1.367556	0.358405	174	8	44	483.15
2.094395	1.335669	0.897240	166	29	38	483.14
2.879793	1.247695	1.809890	178	18	50	483.11
-1.570796	1.872854	1.543456	172	7	41	483.11
-0.785398	0.960688	-0.577532	164	17	35	483.11
0.261799	1.374601	-2.456031	180	20	50	483.07
1.308997	1.948085	-2.363031	173	13	40	483.07
0.000000	2.180315	-1.357379	170	19	41	483.05
-1.308997	0.866955	-0.931351	176	7	43	483.04
-1.832596	1.574060	2.783565	175	24	48	483.04
1.570796	1.846342	-1.796954	174	21	46	482.99
1.047198	2.478122	2.609777	172	30	41	482.99
0.785398	2.579248	-2.364801	174	13	40	482.98
2.094395	2.115563	0.685730	177	10	44	482.97
1.047198	1.448123	-2.163292	175	10	45	482.97
0.785398	1.809167	1.213774	178	24	43	482.91
-1.570796	0.419640	2.974122	171	21	44	482.88
0.000000	2.407836	1.410646	172	28	41	482.86
1.570796	1.413430	2.550734	175	9	49	482.85
0.000000	2.407836	1.410646	173	13	39	482.85
0.000000	1.184361	0.625864	175	23	45	482.81
2.356194	2.164094	-2.991358	168	15	39	482.77
-1.308997	0.685216	-1.712745	171	25	43	482.77
1.832596	0.674054	1.013609	173	18	47	482.76
1.308997	2.073035	2.027405	188	19	52	482.74
-1.832596	2.001437	0.381215	176	24	43	482.69
1.570796	1.904882	-1.478089	169	20	43	482.68
0.785398	1.242974	-2.977882	185	21	50	482.63
-0.523599	2.104282	-0.813972	171	13	40	482.60
-1.308997	1.977582	0.969896	172	9	44	482.60
-1.832596	1.504028	0.636812	176	18	47	482.60
-2.617994	2.180315	-1.357379	184	20	49	482.59
-1.047198	2.115563	0.685730	171	13	42	482.58
0.785398	2.579248	-2.364801	177	11	42	482.54
2.094395	1.413430	2.550734	182	13	52	482.48
2.879793	0.297065	2.160177	173	3	38	482.48
1.832596	1.699788	2.452890	182	11	51	482.46
0.261799	1.310100	1.488307	174	10	44	482.45
2.094395	0.290380	-0.796960	175	16	43	482.43
0.785398	0.733948	3.021411	173	16	47	482.42
-1.047198	0.960688	-0.577532	178	29	42	482.42
-2.356194	1.135834	-1.431087	174	25	45	482.40
-1.570796	1.869911	2.701025	175	25	47	482.31
-1.570796	0.370812	-2.547742	180	24	46	482.24
-2.094395	1.256302	0.062705	31	179	8	482.22
-2.094395	1.869911	2.701025	170	16	43	482.21
-1.570796	2.588535	-2.976617	166	10	37	482.15
1.308997	1.599406	1.426070	174	21	42	482.13
1.832596	1.721184	-0.153948	171	14	43	482.12
2.617994	2.592629	0.909713	165	29	38	482.12
-2.617994	1.606104	-0.451151	175	15	44	482.11
0.261799	1.732874	-0.951685	181	34	43	482.10
1.570796	2.247462	0.191623	176	17	47	482.10
-3.141593	1.756530	-2.105156	190	22	48	482.07
-2.356194	0.864993	2.278281	169	14	44	482.06
1.832596	1.846342	-1.796954	174	19	47	482.05
-0.523599	1.184361	0.625864	171	9	39	482.03
-1.047198	2.637879	2.121598	176	22	44	482.03
-1.832596	2.073035	2.027405	173	13	47	481.98
0.000000	0.992645	-1.723759	169	8	40	481.97
1.832596	1.870545	-2.976234	183	24	47	481.95
-2.094395	1.732874	-0.951685	174	11	42	481.95
1.308997	0.379747	-1.713059	174	9	44	481.95
-2.879793	2.455966	-0.641220	182	13	48	481.93
-1.308997	0.961715	0.014085	167	20	41	481.90
0.785398	1.050534	3.042579	166	16	44	481.84
-1.570796	1.599406	1.426070	174	19	49	481.81
2.356194	2.349581	-2.702517	171	18	43	481.79
1.570796	1.662363	0.915448	171	14	39	481.77
-2.094395	2.719179	-1.780644	171	14	40	481.75
-0.523599	0.960688	-0.577532	173	14	46	481.74
0.523599	1.450119	-2.739050	184	16	50	481.74
2.094395	1.872854	1.543456	176	16	42	481.73
2.617994	2.724429	-0.348782	174	12	40	481.66
0.523599	0.961715	0.014085	172	17	40	481.66
0.523599	1.045978	0.343692	174	17	44	481.61
0.000000	1.325504	-1.671296	168	12	42	481.59
0.000000	1.696674	-1.253233	187	36	41	481.58
2.094395	0.700570	1.559208	182	18	50	481.56
-1.832596	2.251330	-2.330739	170	23	43	481.51
-2.617994	1.450119	-2.739050	170	22	40	481.48
-0.261799	1.506530	1.988858	169	12	44	481.48
2.879793	1.440580	2.260026	29	185	13	481.48
-1.308997	1.696674	-1.253233	186	24	48	481.48
-3.141593	2.115563	0.685730	165	19	39	481.48
-2.356194	1.545873	-1.877082	168	22	37	481.46
1.047198	1.870545	-2.976234	173	20	41	481.45
-1.047198	1.335669	0.897240	179	21	48	481.44
0.523599	1.809167	1.213774	170	18	38	481.40
2.356194	1.812176	0.656819	169	13	36	481.40
2.879793	0.906588	1.252948	167	13	43	481.40
-2.617994	2.404280	-0.174044	23	13	10	481.37
0.000000	1.869911	2.701025	52	179	177	481.36
-2.879793	1.766067	2.153843	50	176	173	481.34
-0.523599	1.904882	-1.478089	181	20	49	481.30
-3.141593	1.440580	2.260026	184	14	53	481.30
-1.570796	1.367556	0.358405	174	25	45	481.29
1.832596	2.407836	1.410646	187	30	46	481.27
-2.617994	1.135813	-2.658866	180	15	49	481.26
-2.617994	1.599406	1.426070	162	167	12	481.23
-1.832596	2.343981	-1.040456	177	11	44	481.22
0.523599	1.448123	-2.163292	174	5	41	481.21
-2.879793	1.134796	2.434290	167	14	41	481.19
-2.617994	1.374601	-2.456031	181	21	49	481.15
2.094395	2.587733	0.232235	181	12	48	481.15
1.570796	1.310100	1.488307	171	27	45	481.14
0.785398	2.033014	2.977192	180	17	45	481.12
0.261799	1.025536	1.576859	172	14	45	481.11
-1.570796	0.379747	-1.713059	181	15	48	481.11
0.785398	2.579248	-2.364801	176	12	42	481.08
-2.356194	0.419640	2.974122	175	23	46	481.08
-2.617994	1.506530	1.988858	180	10	51	481.06
-2.879793	0.850607	-1.335383	172	24	45	481.06
0.785398	2.588535	-2.976617	30	184	8	481.02
2.617994	2.881233	-2.582574	175	21	48	481.00
2.879793	1.135813	-2.658866	179	12	48	481.00
2.356194	1.662363	0.915448	166	26	40	480.99
2.094395	2.396274	-1.959260	170	18	44	480.96
-0.261799	2.174483	2.653697	51	177	175	480.96
1.570796	2.356369	3.005869	169	25	41	480.96
-2.617994	0.496451	0.593859	176	11	46	480.95
0.523599	2.115563	0.685730	55	174	176	480.87
1.308997	2.073035	2.027405	187	15	50	480.85
0.523599	2.379497	0.561089	166	22	36	480.81
1.308997	2.089241	-0.114193	172	17	45	480.79
-2.879793	0.615174	-0.666022	172	16	44	480.76
-2.094395	1.128190	-2.288622	170	18	43	480.75
0.785398	2.393226	1.857173	165	23	37	480.75
-1.047198	1.450119	-2.739050	171	11	43	480.74
-2.356194	1.741644	-2.695914	169	21	38	480.72
-2.356194	1.014500	0.906702	174	7	42	480.71
2.094395	0.618092	2.539118	173	11	45	480.67
-2.879793	1.870545	-2.976234	170	7	39	480.65
-0.261799	2.456751	-1.503343	179	10	48	480.63
-0.785398	1.662363	0.915448	175	7	44	480.58
-3.141593	2.664082	-1.071402	177	13	45	480.52
2.094395	2.664082	-1.071402	186	30	43	480.51
1.832596	0.906588	1.252948	173	16	45	480.45
0.785398	0.619654	-2.216909	170	9	42	480.43
-1.832596	1.014500	0.906702	175	11	46	480.42
-2.879793	0.379747	-1.713059	51	191	171	480.41
-2.617994	1.374601	-2.456031	175	23	45	480.38
-2.617994	1.256302	0.062705	171	15	44	480.36
-2.879793	2.704512	1.488683	166	27	42	480.36
2.617994	1.875281	0.107086	174	16	41	480.35
-1.047198	2.379497	0.561089	32	187	7	480.35
1.308997	0.591903	2.010408	169	25	45	480.33
1.570796	2.881233	-2.582574	172	21	43	480.31
-2.617994	0.290380	-0.796960	168	16	42	480.29
-1.832596	1.325504	-1.671296	179	30	44	480.26
0.785398	1.301460	-0.509251	177	22	44	480.21
0.785398	2.664082	-1.071402	177	17	46	480.20
0.785398	1.872854	1.543456	190	26	51	480.19
-2.617994	1.606104	-0.451151	173	16	43	480.15
-0.785398	1.555207	1.708892	172	13	46	480.14
1.308997	2.719179	-1.780644	177	15	44	480.14
0.523599	1.812176	0.656819	173	20	42	480.13
2.094395	1.367556	0.358405	177	21	43	480.12
1.832596	2.393226	1.857173	187	24	47	480.07
-2.617994	1.506530	1.988858	169	17	43	480.02
-2.356194	0.290380	-0.796960	177	15	48	480.00
1.308997	1.555207	1.708892	178	23	49	480.00
-1.570796	1.256302	0.062705	172	12	44	479.98
-2.356194	2.138223	1.678323	169	13	46	479.98
-2.879793	0.618092	2.539118	168	9	40	479.95
2.617994	1.658653	-2.409879	187	20	50	479.93
-3.141593	1.510910	-0.740472	169	18	37	479.92
-2.879793	1.569311	-3.003978	174	12	42	479.82
2.094395	0.831641	0.616218	174	14	40	479.78
-1.832596	2.404280	-0.174044	172	21	43	479.76
-1.570796	1.335669	0.897240	184	33	42	479.76
1.832596	1.875281	0.107086	171	10	41	479.76
2.094395	0.080730	-2.622036	173	9	45	479.75
1.308997	2.984978	1.954446	172	12	39	479.72
2.617994	1.872854	1.543456	172	20	44	479.64
-1.308997	2.108018	1.311430	165	11	38	479.63
0.000000	1.413430	2.550734	173	17	46	479.62
-2.879793	1.683268	0.374177	166	19	40	479.61
0.261799	1.488617	1.159546	179	12	47	479.59
2.094395	1.247695	1.809890	170	15	46	479.55
2.356194	2.407836	1.410646	176	32	44	479.52
-0.523599	2.108018	1.311430	175	6	43	479.39
1.047198	2.187132	-0.479875	173	14	44	479.29
-0.261799	2.089241	-0.114193	169	16	38	479.17
0.261799	0.700570	1.559208	190	35	44	479.16
1.832596	1.836682	-0.676006	169	11	41	479.12
-1.308997	1.732874	-0.951685	172	21	40	479.12
-1.832596	2.108018	1.311430	170	16	45	479.10
1.047198	2.592629	0.909713	169	14	42	479.09
-0.523599	1.948085	-2.363031	165	12	38	479.04
2.356194	0.733948	3.021411	166	18	41	479.03
-0.785398	1.982574	-1.115518	47	168	179	479.03
-0.785398	1.195355	1.200319	52	179	175	479.00
-2.094395	2.251330	-2.330739	176	7	45	479.00
-2.879793	0.866395	-2.492918	176	18	46	479.00
-2.879793	0.458961	-0.107937	166	15	41	478.95
2.094395	2.881233	-2.582574	170	17	41	478.93
-1.832596	1.045978	0.343692	175	8	45	478.93
0.261799	2.588535	-2.976617	174	18	42	478.91
2.617994	0.929350	-2.910676	175	13	48	478.89
0.261799	1.756530	-2.105156	173	8	44	478.88
-0.785398	1.242974	-2.977882	174	10	43	478.88
-1.570796	1.872854	1.543456	173	7	42	478.87
-2.879793	1.134796	2.434290	170	16	44	478.81
1.308997	0.866395	-2.492918	173	12	45	478.77
-0.523599	0.419640	2.974122	170	22	44	478.74
-3.141593	1.050534	3.042579	55	174	179	478.73
1.570796	0.929350	-2.910676	179	10	46	478.70
-2.617994	2.356369	3.005869	170	20	43	478.70
0.000000	1.195355	1.200319	175	14	46	478.70
0.523599	0.297065	2.160177	168	14	42	478.69
-3.141593	0.929350	-2.910676	176	6	42	478.67
0.261799	1.014500	0.906702	180	19	49	478.67
-0.261799	1.824694	1.850876	177	16	48	478.59
-2.879793	1.256302	0.062705	166	16	38	478.59
1.047198	1.574060	2.783565	172	9	48	478.52
-0.523599	0.866955	-0.931351	176	14	48	478.48
-0.523599	2.073035	2.027405	167	13	42	478.47
-2.879793	0.685216	-1.712745	169	18	38	478.44
-3.141593	0.914445	2.687814	168	13	42	478.43
2.617994	1.325504	-1.671296	178	22	46	478.39
0.000000	2.379497	0.561089	175	20	44	478.39
-1.308997	2.138223	1.678323	164	16	38	478.33
0.000000	1.599406	1.426070	174	13	45	478.26
2.879793	1.448123	-2.163292	189	16	49	478.26
0.261799	1.756530	-2.105156	177	15	48	478.22
-1.832596	1.256302	0.062705	172	18	45	478.20
0.523599	1.756530	-2.105156	178	15	48	478.19
2.879793	1.325504	-1.671296	178	4	44	478.13
-2.094395	1.256302	0.062705	173	21	46	478.10
1.570796	1.721184	-0.153948	168	13	41	478.03
2.617994	2.760637	2.781135	164	16	36	478.00
0.523599	2.180315	-1.357379	174	16	42	477.93
-1.832596	1.367556	0.358405	171	23	45	477.90
2.617994	2.404280	-0.174044	175	13	42	477.86
2.879793	1.574060	2.783565	168	19	41	477.84
-2.617994	1.242974	-2.977882	177	9	44	477.83
-0.785398	2.299159	2.264663	169	8	39	477.81
2.879793	2.579248	-2.364801	173	24	46	477.78
1.308997	2.404280	-0.174044	179	20	48	477.78
2.356194	1.617114	-1.572037	177	10	47	477.76
-1.308997	1.741644	-2.695914	167	13	40	477.76
-3.141593	1.699788	2.452890	184	16	50	477.70
1.308997	1.134796	2.434290	168	12	44	477.70
2.094395	2.478122	2.609777	170	14	42	477.67
-2.879793	2.349581	-2.702517	180	32	45	477.62
-1.832596	2.001437	0.381215	167	7	37	477.58
2.094395	1.128190	-2.288622	180	26	45	477.56
1.570796	2.041297	-2.664597	166	23	37	477.55
0.523599	1.045978	0.343692	173	18	44	477.52
0.000000	0.203748	0.590255	176	19	48	477.52
2.617994	0.619654	-2.216909	175	18	45	477.50
2.356194	1.417623	-0.202254	175	12	43	477.49
-2.356194	2.587733	0.232235	173	15	40	477.48
-3.141593	0.615174	-0.666022	173	17	44	477.45
-2.879793	0.864993	2.278281	166	13	39	477.41
-2.094395	2.881233	-2.582574	172	13	44	477.37
2.879793	1.184361	0.625864	174	24	47	477.34
-1.308997	0.929350	-2.910676	176	16	47	477.34
0.785398	0.674054	1.013609	171	19	42	477.33
0.261799	1.184361	0.625864	171	16	42	477.32
-3.141593	1.617114	-1.572037	172	14	41	477.32
-2.879793	1.732874	-0.951685	187	25	46	477.32
0.523599	0.619654	-2.216909	34	178	9	477.30
0.000000	0.203748	0.590255	177	19	48	477.26
-3.141593	2.180315	-1.357379	181	12	48	477.26
-2.356194	2.174483	2.653697	51	169	174	477.23
-2.879793	1.606104	-0.451151	176	16	45	477.22
-3.141593	2.187132	-0.479875	180	8	43	477.19
-0.261799	2.760637	2.781135	33	190	7	477.17
2.094395	2.041297	-2.664597	171	26	43	477.15
-1.047198	2.407836	1.410646	190	31	43	477.08
-1.570796	1.875281	0.107086	170	8	39	477.07
-0.785398	0.080730	-2.622036	165	15	39	477.05
-0.523599	2.404280	-0.174044	178	17	46	477.01
1.570796	2.478122	2.609777	54	171	187	476.99
2.094395	1.948085	-2.363031	173	24	45	476.96
2.617994	1.875281	0.107086	180	9	44	476.95
2.879793	2.349581	-2.702517	183	28	45	476.91
2.617994	0.864993	2.278281	177	13	48	476.89
1.047198	1.391910	3.030322	170	7	46	476.83
0.785398	1.736875	3.023612	167	7	43	476.82
-1.308997	1.113094	-0.272241	176	32	39	476.79
1.047198	1.218453	2.777284	168	10	45	476.78
-1.047198	1.510910	-0.740472	173	22	41	476.76
1.570796	0.080730	-2.622036	170	9	43	476.74
0.261799	1.904882	-1.478089	185	34	44	476.73
-0.523599	1.450119	-2.739050	171	15	46	476.72
0.000000	0.709924	0.218797	175	11	45	476.71
1.308997	1.247695	1.809890	176	8	40	476.69
-3.141593	1.184361	0.625864	170	17	45	476.69
2.356194	0.709924	0.218797	173	18	44	476.69
-0.523599	1.809167	1.213774	173	5	39	476.65
-0.523599	2.073035	2.027405	168	12	42	476.65
0.261799	1.766067	2.153843	176	16	49	476.63
-1.047198	0.866955	-0.931351	174	10	43	476.61
-2.094395	2.379497	0.561089	169	17	39	476.60
2.879793	1.440580	2.260026	28	185	13	476.59
2.879793	1.699788	2.452890	170	18	41	476.50
-0.523599	2.393226	1.857173	168	8	38	476.44
2.094395	1.450119	-2.739050	174	16	44	476.41
-0.785398	1.134497	-1.109631	172	10	44	476.37
-2.617994	0.418037	1.360082	51	177	178	476.37
0.785398	0.297065	2.160177	181	29	47	476.37
-1.308997	1.554776	0.100351	172	18	44	476.35
2.879793	0.618092	2.539118	181	33	43	476.35
-2.617994	1.135813	-2.658866	179	16	49	476.33
2.879793	1.683268	0.374177	168	24	39	476.31
2.356194	2.979456	-1.009304	181	22	48	476.26
2.094395	2.592629	0.909713	178	8	46	476.26
2.094395	2.404280	-0.174044	176	9	43	476.21
-2.094395	1.869911	2.701025	173	26	46	476.21
0.261799	1.909857	-0.381669	174	28	44	476.19
1.570796	1.135813	-2.658866	174	15	44	476.19
1.570796	1.168678	2.108595	169	15	45	476.16
-1.570796	1.128190	-2.288622	170	11	42	476.14
0.785398	2.153910	-1.714959	173	16	43	476.14
-2.094395	1.836682	-0.676006	175	15	44	476.13
-0.261799	2.664082	-1.071402	174	16	47	476.11
-2.879793	0.619654	-2.216909	171	21	42	476.06
-1.570796	1.555207	1.708892	179	10	49	476.04
1.308997	1.846342	-1.796954	175	22	47	476.01
-0.523599	0.640596	-2.797608	174	23	48	476.00
-2.879793	1.555207	1.708892	172	10	48	476.00
2.617994	1.214854	-1.966664	174	22	44	475.94
2.094395	0.290380	-0.796960	167	20	37	475.93
-1.832596	1.617114	-1.572037	168	24	40	475.91
1.308997	1.488617	1.159546	175	15	41	475.90
0.000000	1.506530	1.988858	176	19	48	475.89
-1.832596	2.247462	0.191623	166	13	37	475.88
0.523599	1.836682	-0.676006	167	15	42	475.88
-1.047198	0.961715	0.014085	167	16	40	475.87
2.879793	1.510910	-0.740472	176	10	41	475.87
-0.523599	1.846342	-1.796954	168	18	43	475.82
-2.879793	0.700570	1.559208	51	177	178	475.81
-1.047198	2.719179	-1.780644	177	14	47	475.81
-1.570796	1.367556	0.358405	171	20	45	475.75
-1.047198	2.349581	-2.702517	176	13	46	475.73
1.308997	1.168678	2.108595	171	19	49	475.67
2.879793	0.640596	-2.797608	179	14	49	475.63
1.047198	2.295480	1.008277	166	16	39	475.61
-1.047198	1.045978	0.343692	166	15	38	475.60
-0.523599	1.256302	0.062705	172	8	41	475.60
0.785398	1.184361	0.625864	178	18	45	475.57
-2.617994	2.407836	1.410646	164	16	42	475.52
1.832596	1.606104	-0.451151	181	22	46	475.51
-2.879793	0.709924	0.218797	180	20	49	475.48
-1.832596	1.256302	0.062705	171	7	40	475.48
-0.785398	1.909857	-0.381669	170	21	40	475.44
2.879793	1.824694	1.850876	174	15	42	475.43
2.617994	0.419640	2.974122	168	11	40	475.42
1.308997	1.904882	-1.478089	173	17	44	475.40
-0.261799	1.872854	1.543456	176	10	47	475.31
-0.523599	2.407836	1.410646	183	33	43	475.28
-0.785398	1.242974	-2.977882	173	11	43	475.25
-3.141593	0.709924	0.218797	168	18	43	475.23
1.570796	1.555207	1.708892	33	175	10	475.22
0.785398	0.640596	-2.797608	173	10	44	475.16
2.617994	1.872854	1.543456	171	21	44	475.12
2.879793	0.685216	-1.712745	176	12	43	475.09
-0.523599	1.998705	2.370472	172	12	46	475.09
-1.570796	0.290380	-0.796960	174	30	44	475.03
-0.523599	1.134497	-1.109631	166	13	37	475.02
1.047198	0.733948	3.021411	174	14	47	474.99
1.047198	1.433411	-1.035986	169	29	39	474.99
-3.141593	1.756530	-2.105156	191	24	48	474.96
-0.261799	1.554776	0.100351	167	19	34	474.93
1.308997	0.910508	1.903534	168	24	46	474.93
-0.785398	1.721184	-0.153948	180	12	46	474.91
1.308997	1.128190	-2.288622	173	12	45	474.89
0.785398	1.335669	0.897240	176	15	43	474.86
-1.047198	1.310100	1.488307	176	15	49	474.85
-2.356194	1.721184	-0.153948	168	15	40	474.84
-1.047198	2.588535	-2.976617	168	32	41	474.83
-0.785398	2.041297	-2.664597	165	12	38	474.83
-0.261799	1.050534	3.042579	175	16	48	474.81
1.308997	0.615174	-0.666022	173	19	41	474.79
-0.523599	2.180315	-1.357379	177	17	48	474.78
-0.523599	1.741644	-2.695914	168	13	43	474.78
-0.523599	1.134796	2.434290	173	25	45	474.77
-2.094395	0.674054	1.013609	166	16	40	474.76
2.094395	0.709924	0.218797	176	24	46	474.75
-2.356194	0.866395	-2.492918	186	27	49	474.70
0.523599	2.174483	2.653697	175	6	47	474.65
2.356194	2.863997	0.549740	166	30	37	474.65
1.308997	1.545873	-1.877082	174	21	44	474.63
-0.785398	0.297065	2.160177	173	15	46	474.63
-0.523599	0.929350	-2.910676	171	15	42	474.61
1.570796	1.413347	-1.339188	177	20	46	474.61
-2.094395	0.910508	1.903534	179	21	46	474.59
-2.617994	1.135834	-1.431087	170	14	38	474.58
0.785398	0.709924	0.218797	171	21	43	474.56
0.523599	1.184361	0.625864	172	13	42	474.54
1.308997	1.606104	-0.451151	168	20	41	474.54
-2.094395	1.870545	-2.976234	170	16	45	474.53
2.356194	2.393226	1.857173	173	4	40	474.52
-1.047198	2.592629	0.909713	186	29	47	474.52
2.094395	1.506530	1.988858	172	14	41	474.51
2.356194	1.741644	-2.695914	179	19	46	474.48
1.047198	1.732874	-0.951685	173	16	47	474.48
-0.785398	1.025536	1.576859	173	18	46	474.47
1.308997	2.579248	-2.364801	173	26	45	474.39
-1.047198	0.733948	3.021411	184	17	50	474.37
-2.356194	2.001437	0.381215	168	17	40	474.31
2.879793	2.356369	3.005869	175	19	44	474.29
2.356194	0.290380	-0.796960	175	18	47	474.28
-2.356194	1.658653	-2.409879	178	25	49	474.19
1.570796	1.128190	-2.288622	175	11	45	474.12
2.879793	0.297065	2.160177	169	11	43	474.10
0.261799	0.700570	1.559208	172	18	46	474.09
0.523599	0.297065	2.160177	167	15	41	474.08
0.523599	2.164094	-2.991358	175	16	43	474.03
2.879793	2.664082	-1.071402	174	15	43	474.00
-2.356194	0.910508	1.903534	166	14	42	473.97
0.261799	1.998705	2.370472	173	9	43	473.96
2.094395	0.419640	2.974122	171	16	47	473.91
-3.141593	1.025536	1.576859	172	26	44	473.88
0.785398	0.709924	0.218797	170	20	40	473.87
0.261799	1.869911	2.701025	173	7	42	473.87
1.308997	1.809167	1.213774	171	18	40	473.83
2.879793	2.984978	1.954446	173	8	40	473.82
2.094395	1.766067	2.153843	182	14	50	473.81
-1.570796	1.310100	1.488307	172	17	44	473.78
-1.047198	0.864993	2.278281	175	23	46	473.75
-1.832596	1.195355	1.200319	173	13	42	473.74
-2.879793	2.455966	-0.641220	175	9	38	473.74
2.356194	1.736875	3.023612	176	18	45	473.73
2.094395	2.704512	1.488683	176	8	45	473.71
2.617994	0.419640	2.974122	172	16	47	473.70
2.094395	2.001437	0.381215	182	25	43	473.70
2.356194	2.349581	-2.702517	171	26	44	473.63
0.261799	1.809167	1.213774	179	10	44	473.63
-1.308997	1.554776	0.100351	170	14	43	473.59
0.523599	2.592629	0.909713	172	13	40	473.58
1.832596	0.831641	0.616218	176	16	45	473.58
2.356194	1.184361	0.625864	170	24	41	473.57
2.617994	2.704512	1.488683	28	179	7	473.56
2.094395	1.872854	1.543456	177	23	46	473.55
-0.523599	2.760637	2.781135	165	8	40	473.54
-1.832596	1.554776	0.100351	170	10	41	473.52
2.879793	1.872854	1.543456	170	19	44	473.51
2.879793	0.674054	1.013609	172	10	44	473.50
1.308997	2.724429	-0.348782	182	17	50	473.48
-2.356194	2.404280	-0.174044	170	19	38	473.47
-2.879793	1.741644	-2.695914	179	17	47	473.43
-1.832596	1.413430	2.550734	169	13	44	473.36
-2.617994	0.080730	-2.622036	177	8	40	473.36
-0.523599	2.187132	-0.479875	171	15	41	473.35
-3.141593	1.824694	1.850876	50	177	180	473.34
-1.570796	2.588535	-2.976617	172	18	43	473.33
1.308997	2.138223	1.678323	53	176	175	473.32
2.617994	0.992645	-1.723759	175	18	45	473.31
-1.832596	2.063651	-2.044600	174	25	44	473.30
-1.570796	1.488617	1.159546	46	166	184	473.30
1.832596	2.456751	-1.503343	172	19	44	473.28
-1.570796	1.128190	-2.288622	171	15	45	473.28
-1.308997	0.864993	2.278281	176	25	46	473.27
1.570796	0.496451	0.593859	174	20	46	473.25
-3.141593	0.899350	-2.069907	179	19	46	473.25
1.047198	1.812176	0.656819	164	17	34	473.24
-2.617994	0.674054	1.013609	168	16	41	473.15
-1.832596	2.379497	0.561089	170	13	39	473.14
2.094395	1.658653	-2.409879	166	23	40	473.13
-2.356194	0.496451	0.593859	178	10	47	473.11
1.047198	1.872854	1.543456	188	28	51	473.11
1.047198	1.554776	0.100351	173	13	42	473.06
-2.617994	1.184361	0.625864	170	13	45	473.06
2.356194	1.741644	-2.695914	182	20	48	473.04
1.832596	2.001437	0.381215	174	13	44	473.03
-2.356194	2.041297	-2.664597	172	20	44	472.97
1.570796	1.335669	0.897240	177	14	42	472.97
2.356194	1.870545	-2.976234	182	26	47	472.97
1.570796	1.721184	-0.153948	168	14	41	472.96
2.879793	2.349581	-2.702517	168	19	43	472.95
2.094395	1.998705	2.370472	175	26	42	472.91
-0.261799	1.545873	-1.877082	173	22	46	472.91
-2.094395	2.356369	3.005869	51	173	176	472.88
-2.094395	0.866955	-0.931351	175	19	47	472.88
2.879793	0.619654	-2.216909	176	17	45	472.86
-0.261799	2.404280	-0.174044	176	23	46	472.85
-1.308997	0.615174	-0.666022	169	16	40	472.80
0.261799	2.456751	-1.503343	49	173	183	472.78
1.308997	1.247695	1.809890	178	6	40	472.78
1.832596	0.419640	2.974122	172	3	39	472.76
1.308997	0.733948	3.021411	171	11	43	472.75
2.094395	1.214854	-1.966664	174	23	43	472.74
-0.523599	2.760637	2.781135	54	179	174	472.71
0.261799	2.881233	-2.582574	174	18	42	472.69
-1.570796	2.664082	-1.071402	170	26	44	472.67
-1.308997	1.301460	-0.509251	176	29	41	472.67
2.094395	0.080730	-2.622036	176	20	47	472.57
2.356194	2.153910	-1.714959	167	14	43	472.56
2.617994	1.256302	0.062705	172	20	41	472.56
-0.261799	1.555207	1.708892	171	11	45	472.56
2.094395	0.370812	-2.547742	169	8	41	472.53
-1.047198	2.637879	2.121598	177	19	45	472.50
-1.047198	1.658653	-2.409879	167	13	40	472.50
0.785398	1.574060	2.783565	168	12	48	472.48
-0.523599	2.153910	-1.714959	169	18	42	472.47
-3.141593	0.961715	0.014085	174	21	46	472.46
1.047198	0.866955	-0.931351	165	17	37	472.46
-1.570796	1.413347	-1.339188	171	23	42	472.46
1.308997	1.977582	0.969896	167	13	39	472.44
-1.832596	1.662363	0.915448	170	11	44	472.43
-2.617994	0.290380	-0.796960	169	15	42	472.42
-1.308997	0.458961	-0.107937	173	22	45	472.41
0.785398	1.135813	-2.658866	180	20	50	472.41
-2.356194	2.299159	2.264663	171	21	42	472.40
-2.356194	1.545873	-1.877082	177	19	45	472.40
0.000000	1.846342	-1.796954	169	13	43	472.39
-1.047198	2.407836	1.410646	167	7	36	472.38
2.094395	0.700570	1.559208	176	29	45	472.35
-1.832596	2.073035	2.027405	176	18	53	472.35
2.879793	1.699788	2.452890	183	15	49	472.33
-1.308997	1.242974	-2.977882	175	21	49	472.33
1.308997	1.134497	-1.109631	178	22	46	472.32
1.570796	0.850607	-1.335383	166	15	39	472.30
0.785398	2.349581	-2.702517	175	12	41	472.27
-2.617994	1.450119	-2.739050	170	21	40	472.21
0.785398	0.674054	1.013609	176	21	48	472.19
-2.094395	1.617114	-1.572037	168	20	38	472.18
-0.785398	1.658653	-2.409879	175	16	49	472.15
-0.785398	2.719179	-1.780644	169	19	41	472.13
-0.261799	1.554776	0.100351	170	21	39	472.11
-0.523599	1.569311	-3.003978	172	14	47	472.10
1.308997	1.846342	-1.796954	179	21	48	472.04
0.261799	1.335669	0.897240	169	13	40	472.02
1.047198	1.948085	-2.363031	176	19	45	472.02
1.570796	0.992645	-1.723759	174	4	40	471.99
1.047198	0.203748	0.590255	171	15	42	471.99
-1.832596	0.709924	0.218797	177	7	45	471.91
-0.523599	1.870545	-2.976234	169	11	43	471.90
1.047198	1.721184	-0.153948	168	21	41	471.89
-2.094395	1.242974	-2.977882	176	24	49	471.89
-1.308997	1.662363	0.915448	171	7	40	471.86
0.523599	2.478122	2.609777	178	3	46	471.83
1.047198	1.301460	-0.509251	179	27	45	471.74
-0.523599	1.014500	0.906702	170	14	44	471.73
-1.308997	1.195355	1.200319	51	182	170	471.73
-1.832596	2.579248	-2.364801	174	7	44	471.71
-2.356194	2.115563	0.685730	165	13	37	471.69
-0.785398	2.073035	2.027405	166	16	42	471.66
2.094395	1.809167	1.213774	174	18	42	471.66
-2.094395	2.041297	-2.664597	28	178	8	471.63
1.832596	1.554776	0.100351	170	11	40	471.60
-2.617994	1.658653	-2.409879	182	19	48	471.59
-0.785398	1.256302	0.062705	168	11	39	471.57
1.308997	1.741644	-2.695914	172	16	40	471.57
-1.047198	1.696674	-1.253233	184	24	47	471.57
2.617994	1.606104	-0.451151	177	9	42	471.54
-1.832596	2.579248	-2.364801	178	13	46	471.51
-0.261799	1.555207	1.708892	171	10	44	471.48
0.523599	1.977582	0.969896	173	17	41	471.46
-2.094395	0.619654	-2.216909	168	15	41	471.45
2.879793	2.164094	-2.991358	182	33	45	471.44
2.094395	1.998705	2.370472	182	14	46	471.41
-0.261799	1.599406	1.426070	171	11	43	471.36
2.094395	1.168678	2.108595	183	28	48	471.33
-3.141593	1.214854	-1.966664	172	29	39	471.31
-1.832596	2.587733	0.232235	169	23	38	471.30
-2.617994	2.455966	-0.641220	168	21	37	471.29
2.094395	1.812176	0.656819	175	8	40	471.23
-2.879793	2.863997	0.549740	163	9	35	471.22
1.047198	2.724429	-0.348782	184	20	49	471.19
-2.094395	1.310100	1.488307	176	19	48	471.19
-1.308997	0.640596	-2.797608	180	19	47	471.18
-1.832596	2.984978	1.954446	166	23	41	471.17
-1.832596	2.456751	-1.503343	172	21	46	471.11
0.785398	2.979456	-1.009304	172	13	41	471.09
-1.047198	0.370812	-2.547742	181	23	47	471.09
2.094395	1.413430	2.550734	180	7	49	471.07
0.261799	2.760637	2.781135	180	29	44	471.04
0.000000	2.588535	-2.976617	165	17	41	471.04
2.617994	2.299159	2.264663	184	23	47	471.04
0.261799	1.025536	1.576859	173	13	45	471.01
2.094395	1.214854	-1.966664	167	15	42	470.98
-0.261799	2.164094	-2.991358	162	18	40	470.97
-2.094395	1.184361	0.625864	176	18	48	470.96
-1.832596	0.674054	1.013609	173	26	44	470.94
1.047198	2.343981	-1.040456	172	15	42	470.93
2.094395	1.554776	0.100351	183	15	46	470.93
-2.879793	1.506530	1.988858	50	174	169	470.93
2.879793	2.637879	2.121598	168	19	39	470.90
1.832596	1.658653	-2.409879	168	26	41	470.89
0.523599	2.180315	-1.357379	160	164	2	470.86
-1.832596	0.418037	1.360082	172	26	45	470.85
2.356194	0.709924	0.218797	174	18	45	470.85
-0.785398	0.762244	-0.273349	170	15	43	470.84
-0.261799	1.413347	-1.339188	169	23	40	470.82
-2.094395	1.756530	-2.105156	174	7	39	470.82
-2.356194	1.736875	3.023612	174	22	47	470.81
2.356194	1.982574	-1.115518	176	21	44	470.78
2.094395	2.108018	1.311430	175	13	42	470.77
1.832596	1.869911	2.701025	172	21	41	470.77
-2.094395	0.418037	1.360082	172	25	44	470.75
-2.356194	0.619654	-2.216909	175	16	47	470.74
2.879793	1.247695	1.809890	172	13	51	470.70
-3.141593	1.555207	1.708892	49	173	180	470.70
-1.570796	2.115563	0.685730	168	8	39	470.69
-2.094395	2.033014	2.977192	171	19	44	470.64
1.047198	1.870545	-2.976234	175	4	44	470.64
1.570796	1.504028	0.636812	177	20	43	470.62
-1.570796	1.555207	1.708892	174	21	46	470.53
-1.570796	2.664082	-1.071402	174	21	44	470.46
-2.879793	1.741644	-2.695914	175	16	44	470.46
0.785398	1.135834	-1.431087	55	176	175	470.45
-3.141593	1.025536	1.576859	169	4	43	470.45
-1.832596	2.343981	-1.040456	181	25	48	470.44
-3.141593	1.433411	-1.035986	172	10	39	470.41
1.832596	1.662363	0.915448	171	15	39	470.38
-1.832596	2.164094	-2.991358	168	14	43	470.37
-2.356194	2.349581	-2.702517	175	10	44	470.36
2.879793	1.504028	0.636812	176	27	47	470.31
0.000000	2.456751	-1.503343	181	9	48	470.31
1.832596	2.180315	-1.357379	172	17	46	470.30
0.261799	0.866955	-0.931351	174	9	41	470.25
-1.047198	2.588535	-2.976617	50	168	181	470.23
2.094395	0.418037	1.360082	177	32	44	470.20
2.094395	2.104282	-0.813972	183	25	46	470.19
-1.832596	1.310100	1.488307	175	8	44	470.19
-3.141593	1.025536	1.576859	176	13	48	470.19
-2.356194	1.450119	-2.739050	176	18	49	470.15
-3.141593	1.504028	0.636812	168	15	39	470.11
-2.617994	1.128190	-2.288622	173	13	41	470.10
1.308997	2.393226	1.857173	181	24	45	470.09
1.047198	1.756530	-2.105156	181	26	47	470.08
-2.094395	1.135813	-2.658866	179	27	49	470.07
2.094395	1.195355	1.200319	167	25	43	470.07
-2.879793	0.685216	-1.712745	171	17	39	470.06
1.047198	1.869911	2.701025	176	7	49	470.02
2.356194	1.824694	1.850876	174	17	43	469.99
1.308997	2.455966	-0.641220	173	13	42	469.88
-0.261799	1.506530	1.988858	168	12	44	469.88
-0.261799	1.025536	1.576859	174	12	44	469.86
-0.261799	1.812176	0.656819	171	12	39	469.85
0.000000	1.836682	-0.676006	180	30	44	469.84
-2.356194	2.379497	0.561089	168	21	39	469.84
2.617994	2.073035	2.027405	179	17	45	469.83
0.785398	1.809167	1.213774	36	172	7	469.80
-2.094395	1.413430	2.550734	170	17	46	469.75
-2.094395	1.025536	1.576859	181	19	48	469.74
2.356194	2.979456	-1.009304	180	21	47	469.71
1.047198	1.812176	0.656819	170	21	41	469.68
-0.523599	2.001437	0.381215	176	25	44	469.67
-0.523599	0.418037	1.360082	174	5	40	469.65
2.356194	2.592629	0.909713	27	181	8	469.63
-1.047198	1.417623	-0.202254	170	10	42	469.62
2.356194	1.998705	2.370472	190	22	53	469.59
0.785398	1.870545	-2.976234	175	13	43	469.58
-0.523599	1.904882	-1.478089	169	22	41	469.56
2.879793	1.135813	-2.658866	176	9	42	469.55
-0.523599	1.545873	-1.877082	176	27	46	469.55
-2.879793	2.089241	-0.114193	179	24	45	469.55
-0.261799	0.762244	-0.273349	176	13	47	469.47
-1.570796	1.374601	-2.456031	169	13	41	469.45
2.094395	1.909857	-0.381669	30	175	6	469.44
-2.879793	1.417623	-0.202254	169	17	39	469.43
-3.141593	0.203748	0.590255	170	8	42	469.42
-2.356194	1.134497	-1.109631	175	27	45	469.36
1.832596	0.203748	0.590255	177	14	48	469.33
-2.356194	0.458961	-0.107937	168	12	43	469.32
2.617994	1.662363	0.915448	168	25	43	469.31
-1.832596	1.128190	-2.288622	170	17	45	469.31
-2.617994	1.134497	-1.109631	170	21	43	469.30
-2.356194	1.134796	2.434290	171	16	47	469.29
1.047198	1.736875	3.023612	170	4	42	469.26
1.308997	2.356369	3.005869	170	26	41	469.26
2.094395	0.906588	1.252948	173	15	46	469.25
-1.832596	1.555207	1.708892	175	11	47	469.23
1.308997	0.992645	-1.723759	165	22	36	469.22
-1.570796	1.301460	-0.509251	170	11	42	469.19
0.000000	1.448123	-2.163292	176	19	49	469.19
1.047198	1.433411	-1.035986	55	181	172	469.15
0.261799	2.592629	0.909713	173	19	43	469.14
2.094395	0.831641	0.616218	173	14	40	469.09
1.832596	2.180315	-1.357379	170	17	43	469.06
-1.570796	0.571433	-1.188419	180	19	49	469.04
-2.356194	0.929350	-2.910676	182	22	50	469.04
-2.356194	2.174483	2.653697	50	173	168	469.03
2.617994	2.138223	1.678323	176	25	47	468.97
2.879793	1.909857	-0.381669	177	5	41	468.96
2.356194	2.984978	1.954446	190	32	41	468.96
0.523599	1.574060	2.783565	167	13	46	468.91
2.879793	1.488617	1.159546	168	22	45	468.91
2.879793	1.510910	-0.740472	174	13	43	468.90
2.356194	1.367556	0.358405	176	18	42	468.90
-2.094395	0.685216	-1.712745	170	15	43	468.89
0.523599	1.134796	2.434290	172	15	45	468.88
1.308997	2.760637	2.781135	169	19	40	468.85
2.094395	2.637879	2.121598	169	8	40	468.83
0.000000	0.290380	-0.796960	179	21	49	468.78
-1.047198	2.108018	1.311430	168	7	38	468.72
1.047198	2.719179	-1.780644	176	17	44	468.69
-1.047198	0.619654	-2.216909	181	10	47	468.68
0.261799	1.977582	0.969896	172	17	40	468.67
1.570796	2.033014	2.977192	174	22	43	468.66
-2.617994	2.138223	1.678323	168	16	45	468.65
1.832596	0.914445	2.687814	175	11	46	468.65
-1.308997	1.135813	-2.658866	173	16	45	468.65
-0.785398	0.910508	1.903534	173	20	46	468.63
2.617994	2.295480	1.008277	164	28	38	468.62
-2.879793	1.194549	-0.801900	174	27	45	468.60
2.356194	2.164094	-2.991358	184	28	46	468.52
-1.308997	0.640596	-2.797608	181	18	48	468.52
2.094395	2.704512	1.488683	175	8	45	468.48
-0.523599	1.214854	-1.966664	171	14	44	468.42
1.308997	0.914445	2.687814	165	10	43	468.42
1.308997	1.982574	-1.115518	170	14	40	468.33
-0.523599	1.195355	1.200319	169	11	41	468.29
1.570796	0.700570	1.559208	172	32	44	468.28
2.617994	1.413430	2.550734	169	17	40	468.27
-2.094395	2.984978	1.954446	161	21	36	468.22
2.879793	2.164094	-2.991358	179	29	46	468.21
1.308997	1.998705	2.370472	184	12	52	468.19
-2.617994	1.014500	0.906702	174	13	47	468.16
-3.141593	1.658653	-2.409879	175	27	41	468.15
2.879793	1.168678	2.108595	178	9	51	468.13
-2.617994	1.875281	0.107086	170	18	41	468.11
-2.094395	1.948085	-2.363031	172	22	41	468.09
-0.261799	0.866955	-0.931351	167	12	39	468.02
-0.785398	1.741644	-2.695914	167	15	43	468.01
-2.617994	2.041297	-2.664597	176	12	43	467.99
-3.141593	0.203748	0.590255	172	11	44	467.97
2.356194	1.732874	-0.951685	176	18	45	467.96
1.832596	1.504028	0.636812	177	19	43	467.95
2.617994	1.510910	-0.740472	177	28	44	467.88
-0.523599	2.299159	2.264663	174	7	47	467.82
-1.047198	1.433411	-1.035986	187	30	45	467.80
-2.617994	2.108018	1.311430	167	13	46	467.71
0.261799	2.760637	2.781135	179	29	45	467.71
-0.785398	1.218453	2.777284	174	11	44	467.70
-3.141593	1.555207	1.708892	49	172	179	467.67
1.308997	1.488617	1.159546	178	16	44	467.65
1.570796	1.488617	1.159546	179	16	44	467.64
-2.094395	1.391910	3.030322	172	10	45	467.64
-0.523599	1.214854	-1.966664	178	30	46	467.63
-2.617994	0.850607	-1.335383	168	18	39	467.62
1.047198	1.683268	0.374177	181	24	43	467.62
-2.879793	1.440580	2.260026	170	18	43	467.59
0.785398	2.187132	-0.479875	173	20	46	467.58
2.879793	1.683268	0.374177	167	25	39	467.57
1.308997	0.906588	1.252948	177	19	48	467.56
2.617994	1.135834	-1.431087	179	28	42	467.55
2.356194	2.295480	1.008277	169	30	40	467.55
-2.094395	1.218453	2.777284	172	7	43	467.52
2.879793	0.864993	2.278281	179	0	43	467.49
0.000000	0.850607	-1.335383	170	6	39	467.48
-0.523599	0.370812	-2.547742	173	18	44	467.47
1.308997	1.194549	-0.801900	168	11	40	467.38
0.785398	0.496451	0.593859	174	14	45	467.31
-1.047198	0.685216	-1.712745	179	13	48	467.30
-2.094395	1.545873	-1.877082	182	31	46	467.27
1.570796	2.404280	-0.174044	171	10	38	467.26
-2.094395	1.617114	-1.572037	175	11	41	467.24
-1.308997	1.869911	2.701025	173	25	48	467.22
1.832596	2.164094	-2.991358	169	20	41	467.21
-2.879793	2.001437	0.381215	163	15	34	467.19
2.879793	2.104282	-0.813972	176	7	42	467.10
-2.617994	0.619654	-2.216909	172	19	45	467.09
-3.141593	0.960688	-0.577532	174	10	42	467.05
-1.832596	2.760637	2.781135	171	9	38	467.03
1.570796	0.640596	-2.797608	175	7	43	467.01
0.261799	1.135813	-2.658866	168	10	42	467.01
-2.617994	1.736875	3.023612	172	21	47	466.98
-2.617994	1.555207	1.708892	175	12	51	466.98
-2.356194	2.089241	-0.114193	176	25	45	466.98
1.308997	1.025536	1.576859	175	13	46	466.98
2.356194	0.831641	0.616218	172	16	43	466.96
-2.879793	0.914445	2.687814	174	19	48	466.93
-2.879793	2.343981	-1.040456	180	11	48	466.93
0.785398	0.571433	-1.188419	174	7	42	466.92
2.094395	2.115563	0.685730	177	11	44	466.92
1.832596	2.251330	-2.330739	169	19	42	466.88
-1.832596	0.960688	-0.577532	170	10	40	466.86
2.617994	2.455966	-0.641220	173	11	39	466.83
-0.785398	1.732874	-0.951685	180	28	46	466.83
1.570796	0.914445	2.687814	168	8	44	466.83
-2.879793	0.418037	1.360082	171	25	44	466.81
1.047198	0.297065	2.160177	169	11	43	466.77
1.570796	0.700570	1.559208	171	12	42	466.74
-1.570796	0.571433	-1.188419	174	8	43	466.73
1.570796	2.637879	2.121598	56	180	180	466.72
-2.094395	1.545873	-1.877082	167	19	37	466.72
2.094395	0.290380	-0.796960	176	16	45	466.71
2.356194	2.108018	1.311430	173	13	40	466.71
-1.832596	2.251330	-2.330739	171	22	43	466.71
1.047198	2.393226	1.857173	167	17	37	466.69
-2.617994	1.301460	-0.509251	174	27	45	466.68
-0.523599	1.194549	-0.801900	175	23	44	466.65
-2.094395	2.379497	0.561089	167	8	36	466.64
1.047198	2.174483	2.653697	180	4	45	466.60
2.879793	1.134796	2.434290	176	21	49	466.59
-2.617994	0.929350	-2.910676	181	21	50	466.59
2.094395	0.419640	2.974122	176	2	39	466.57
-0.261799	1.812176	0.656819	173	16	44	466.56
-1.308997	1.683268	0.374177	185	30	43	466.55
-0.523599	0.733948	3.021411	168	19	42	466.47
1.832596	0.080730	-2.622036	177	22	47	466.46
-2.879793	1.948085	-2.363031	185	26	48	466.41
-1.047198	0.379747	-1.713059	179	16	47	466.38
0.000000	1.391910	3.030322	167	21	46	466.38
-2.617994	0.866955	-0.931351	175	20	47	466.36
2.617994	2.455966	-0.641220	175	13	42	466.32
-0.785398	1.870545	-2.976234	168	13	43	466.20
-1.308997	2.664082	-1.071402	168	24	44	466.19
0.000000	1.904882	-1.478089	188	33	44	466.18
2.617994	1.696674	-1.253233	172	17	42	466.17
0.523599	2.637879	2.121598	168	24	37	466.16
-0.523599	1.135813	-2.658866	172	13	46	466.15
-1.308997	0.709924	0.218797	166	20	38	466.15
-1.308997	1.335669	0.897240	176	8	46	466.13
2.094395	1.168678	2.108595	182	26	49	466.11
0.785398	2.407836	1.410646	170	13	37	466.11
-0.261799	1.982574	-1.115518	175	21	48	466.07
1.047198	1.413430	2.550734	169	12	45	466.07
1.832596	1.699788	2.452890	185	16	53	466.04
-1.308997	1.184361	0.625864	177	6	43	466.02
-1.047198	0.419640	2.974122	35	177	9	465.96
-0.261799	1.545873	-1.877082	168	13	42	465.95
-0.785398	1.554776	0.100351	179	15	46	465.92
1.832596	0.910508	1.903534	183	31	47	465.91
2.094395	1.836682	-0.676006	180	22	46	465.90
-2.617994	1.510910	-0.740472	174	17	45	465.87
-2.617994	0.571433	-1.188419	174	17	47	465.83
1.570796	2.587733	0.232235	176	9	45	465.78
-3.141593	1.658653	-2.409879	182	17	47	465.75
1.832596	1.413430	2.550734	178	7	49	465.74
2.356194	2.719179	-1.780644	172	16	42	465.63
2.879793	2.001437	0.381215	172	14	40	465.61
-0.523599	1.050534	3.042579	175	14	45	465.59
-1.308997	0.290380	-0.796960	165	21	40	465.56
2.356194	1.869911	2.701025	174	22	44	465.55
-2.617994	0.674054	1.013609	167	20	40	465.53
-1.047198	1.982574	-1.115518	180	23	47	465.52
-1.308997	1.195355	1.200319	51	171	181	465.50
-1.047198	0.733948	3.021411	177	16	46	465.47
1.047198	0.864993	2.278281	170	28	47	465.43
-1.570796	2.579248	-2.364801	165	20	38	465.42
-2.617994	0.831641	0.616218	182	22	48	465.41
1.832596	2.089241	-0.114193	173	6	38	465.38
2.879793	1.872854	1.543456	169	20	45	465.35
-3.141593	2.455966	-0.641220	181	13	48	465.30
-2.094395	2.295480	1.008277	166	15	40	465.24
-1.047198	1.696674	-1.253233	170	17	41	465.24
0.523599	2.760637	2.781135	177	190	39	465.22
-2.879793	0.619654	-2.216909	178	12	44	465.21
1.047198	1.214854	-1.966664	170	29	40	465.21
1.832596	1.014500	0.906702	178	25	49	465.19
-2.879793	1.824694	1.850876	173	14	43	465.15
1.308997	0.080730	-2.622036	173	19	47	465.14
-1.308997	0.379747	-1.713059	175	26	45	465.08
0.785398	1.756530	-2.105156	180	13	48	464.96
2.356194	0.618092	2.539118	173	7	43	464.95
2.094395	1.699788	2.452890	171	25	41	464.91
2.356194	1.506530	1.988858	172	14	41	464.90
0.785398	0.591903	2.010408	172	14	46	464.83
2.094395	1.824694	1.850876	159	162	188	464.80
-1.308997	1.836682	-0.676006	180	13	45	464.78
1.570796	1.555207	1.708892	175	23	47	464.77
-0.785398	1.050534	3.042579	179	22	50	464.70
2.356194	2.138223	1.678323	164	160	1	464.66
1.570796	0.640596	-2.797608	175	9	45	464.64
-1.832596	0.203748	0.590255	165	12	40	464.60
1.047198	1.909857	-0.381669	169	19	43	464.58
1.047198	2.033014	2.977192	175	23	42	464.58
-0.785398	1.504028	0.636812	180	15	48	464.56
-2.617994	0.864993	2.278281	170	16	46	464.49
1.308997	0.619654	-2.216909	184	22	49	464.48
1.832596	1.696674	-1.253233	177	9	47	464.43
-2.094395	1.184361	0.625864	171	8	42	464.38
1.832596	1.440580	2.260026	176	10	47	464.34
0.523599	2.379497	0.561089	170	21	44	464.33
-0.261799	0.419640	2.974122	31	183	10	464.33
0.523599	2.664082	-1.071402	172	18	43	464.31
0.523599	2.115563	0.685730	173	14	42	464.27
0.261799	2.396274	-1.959260	174	18	44	464.27
-1.308997	0.379747	-1.713059	28	190	10	464.24
-3.141593	0.458961	-0.107937	175	16	47	464.24
-1.832596	1.195355	1.200319	176	12	45	464.13
-1.832596	1.574060	2.783565	174	24	48	464.11
2.879793	1.256302	0.062705	175	22	45	464.04
-1.570796	1.448123	-2.163292	40	170	5	464.02
-0.261799	2.984978	1.954446	180	26	47	464.01
1.047198	0.615174	-0.666022	172	21	41	464.01
-1.047198	1.310100	1.488307	176	16	49	464.00
-0.523599	2.187132	-0.479875	169	15	39	463.99
-1.832596	1.247695	1.809890	171	8	42	463.99
-1.308997	0.640596	-2.797608	178	10	47	463.99
2.356194	2.174483	2.653697	177	23	44	463.97
-0.261799	1.617114	-1.572037	171	22	43	463.96
1.308997	2.760637	2.781135	172	23	44	463.95
-0.785398	2.073035	2.027405	177	9	50	463.89
-2.879793	0.618092	2.539118	173	14	47	463.86
2.094395	1.134497	-1.109631	175	14	44	463.85
-2.356194	0.080730	-2.622036	171	14	37	463.84
-1.570796	1.812176	0.656819	44	159	176	463.83
-2.617994	0.992645	-1.723759	46	164	181	463.79
0.785398	2.719179	-1.780644	176	17	44	463.78
0.785398	1.658653	-2.409879	174	11	41	463.73
-1.047198	1.741644	-2.695914	53	172	180	463.70
-3.141593	1.824694	1.850876	175	16	46	463.68
-2.094395	2.881233	-2.582574	171	13	44	463.65
1.832596	1.335669	0.897240	176	16	41	463.65
1.570796	1.872854	1.543456	182	26	48	463.63
-1.047198	1.982574	-1.115518	180	24	48	463.63
1.047198	2.979456	-1.009304	174	14	42	463.62
1.308997	1.374601	-2.456031	176	15	47	463.59
2.879793	1.606104	-0.451151	179	12	43	463.58
1.570796	2.164094	-2.991358	181	190	38	463.56
1.832596	0.290380	-0.796960	174	16	40	463.53
1.832596	0.866955	-0.931351	176	16	44	463.52
-2.617994	1.904882	-1.478089	176	11	42	463.45
1.308997	1.214854	-1.966664	170	26	42	463.44
-2.879793	2.180315	-1.357379	186	19	50	463.41
-2.356194	1.113094	-0.272241	170	19	43	463.38
-0.261799	0.914445	2.687814	181	17	49	463.33
2.094395	1.696674	-1.253233	167	11	38	463.33
-2.617994	1.510910	-0.740472	173	13	43	463.29
-2.356194	0.080730	-2.622036	177	27	46	463.28
-1.832596	1.417623	-0.202254	172	21	45	463.26
2.094395	1.310100	1.488307	169	20	44	463.25
-1.832596	1.869911	2.701025	177	25	48	463.22
2.879793	1.335669	0.897240	165	21	41	463.22
-1.570796	1.569311	-3.003978	171	9	39	463.19
1.047198	2.356369	3.005869	177	0	40	463.18
-2.356194	1.168678	2.108595	49	172	188	463.15
-1.047198	1.256302	0.062705	30	170	6	463.15
-2.356194	1.875281	0.107086	181	27	46	463.13
-2.879793	1.982574	-1.115518	171	14	41	463.12
1.047198	2.863997	0.549740	176	12	47	463.09
0.785398	1.367556	0.358405	182	20	46	463.08
1.832596	2.104282	-0.813972	174	8	39	463.05
2.617994	0.866395	-2.492918	178	8	46	463.03
-1.308997	2.579248	-2.364801	164	17	38	463.03
0.000000	0.899350	-2.069907	170	10	43	463.02
-3.141593	0.899350	-2.069907	179	18	46	462.98
-2.094395	1.741644	-2.695914	172	20	47	462.95
1.832596	0.640596	-2.797608	175	20	49	462.89
-2.617994	0.831641	0.616218	183	24	49	462.89
-0.785398	2.719179	-1.780644	166	17	37	462.86
0.785398	0.960688	-0.577532	175	22	43	462.86
0.000000	1.218453	2.777284	169	20	45	462.84
1.832596	2.247462	0.191623	175	11	46	462.82
0.785398	2.349581	-2.702517	174	18	42	462.81
2.617994	1.662363	0.915448	166	23	42	462.80
0.523599	2.295480	1.008277	171	14	39	462.77
-2.617994	2.588535	-2.976617	172	11	43	462.76
-2.879793	0.864993	2.278281	169	19	46	462.75
-1.047198	0.618092	2.539118	175	26	45	462.72
0.000000	0.866955	-0.931351	176	23	44	462.72
-0.261799	2.396274	-1.959260	169	10	40	462.71
-1.047198	0.290380	-0.796960	166	17	41	462.70
2.356194	1.247695	1.809890	23	8	6	462.64
1.047198	1.736875	3.023612	172	4	45	462.63
0.000000	0.992645	-1.723759	169	16	45	462.63
-2.879793	2.138223	1.678323	167	20	44	462.61
-0.261799	1.662363	0.915448	178	11	46	462.61
2.094395	1.134796	2.434290	179	14	50	462.59
-2.356194	2.455966	-0.641220	165	19	35	462.56
-0.523599	0.906588	1.252948	170	13	43	462.55
2.094395	1.696674	-1.253233	179	8	47	462.54
2.094395	1.836682	-0.676006	181	23	46	462.53
0.523599	2.174483	2.653697	173	6	45	462.53
-2.879793	1.194549	-0.801900	173	12	43	462.47
2.879793	1.448123	-2.163292	173	23	43	462.44
0.261799	1.982574	-1.115518	180	28	46	462.37
-2.094395	1.413347	-1.339188	167	19	40	462.36
-1.047198	0.297065	2.160177	173	18	46	462.33
-2.617994	2.349581	-2.702517	173	14	44	462.32
1.570796	2.979456	-1.009304	175	14	42	462.31
-2.879793	1.045978	0.343692	167	14	41	462.29
-3.141593	1.510910	-0.740472	174	21	45	462.28
-2.617994	1.417623	-0.202254	166	17	39	462.22
-0.261799	1.846342	-1.796954	187	20	49	462.22
1.570796	2.724429	-0.348782	183	18	50	462.19
1.308997	1.699788	2.452890	178	12	51	462.19
1.308997	0.370812	-2.547742	171	11	45	462.17
1.047198	0.866395	-2.492918	175	9	46	462.15
-1.570796	1.510910	-0.740472	179	23	44	462.15
-0.523599	2.637879	2.121598	173	1	41	462.15
-3.141593	2.984978	1.954446	168	18	39	462.13
-1.308997	0.618092	2.539118	178	28	45	462.08
-0.261799	0.297065	2.160177	171	9	41	462.06
0.261799	2.041297	-2.664597	177	12	44	462.05
-1.832596	0.850607	-1.335383	172	12	43	462.04
-2.094395	0.619654	-2.216909	169	15	42	462.02
2.617994	2.349581	-2.702517	169	23	44	461.97
-1.832596	1.662363	0.915448	171	12	46	461.93
2.094395	2.251330	-2.330739	174	25	45	461.90
1.570796	0.080730	-2.622036	29	184	9	461.85
-1.570796	0.762244	-0.273349	176	10	44	461.84
0.261799	1.617114	-1.572037	171	16	43	461.82
2.879793	0.864993	2.278281	173	16	47	461.79
1.308997	1.721184	-0.153948	167	17	40	461.75
-2.879793	1.824694	1.850876	173	16	49	461.74
-2.356194	0.674054	1.013609	50	177	181	461.72
1.047198	1.413430	2.550734	170	12	45	461.71
-2.094395	0.080730	-2.622036	171	15	44	461.70
0.785398	1.736875	3.023612	168	6	43	461.68
0.000000	2.456751	-1.503343	171	16	41	461.64
-1.308997	0.961715	0.014085	175	9	43	461.63
-2.879793	0.379747	-1.713059	171	19	45	461.57
-0.785398	1.554776	0.100351	170	9	41	461.50
2.356194	2.187132	-0.479875	182	20	46	461.41
0.000000	0.674054	1.013609	174	14	47	461.39
0.261799	1.135813	-2.658866	178	17	49	461.37
2.356194	2.393226	1.857173	173	14	41	461.37
2.879793	1.433411	-1.035986	186	20	47	461.35
-2.094395	0.379747	-1.713059	184	18	50	461.33
0.261799	0.297065	2.160177	171	11	43	461.25
-2.617994	1.721184	-0.153948	180	23	47	461.25
1.570796	2.760637	2.781135	169	16	40	461.23
1.308997	1.025536	1.576859	174	14	46	461.22
1.570796	2.396274	-1.959260	171	23	44	461.14
0.000000	0.906588	1.252948	175	19	47	461.12
-0.261799	1.904882	-1.478089	47	177	160	461.10
-3.141593	1.218453	2.777284	170	17	45	461.08
2.617994	2.478122	2.609777	171	4	37	461.05
-1.308997	1.184361	0.625864	165	20	38	461.05
1.570796	1.948085	-2.363031	173	28	43	461.03
-2.879793	1.113094	-0.272241	169	15	39	460.99
1.047198	1.977582	0.969896	170	22	40	460.99
1.570796	1.982574	-1.115518	170	16	43	460.94
0.000000	1.504028	0.636812	175	19	45	460.90
-2.094395	1.606104	-0.451151	167	18	39	460.87
-1.570796	0.640596	-2.797608	179	16	47	460.87
0.000000	2.393226	1.857173	186	6	49	460.82
0.523599	1.134796	2.434290	32	178	10	460.81
0.523599	1.574060	2.783565	171	14	50	460.81
-0.261799	1.367556	0.358405	175	8	43	460.78
-1.832596	2.164094	-2.991358	167	13	38	460.75
-1.570796	1.450119	-2.739050	187	40	38	460.75
-1.308997	0.709924	0.218797	178	21	49	460.74
1.047198	1.699788	2.452890	176	13	52	460.74
0.523599	1.184361	0.625864	41	10	187	460.71
0.000000	1.569311	-3.003978	163	20	42	460.67
0.261799	1.699788	2.452890	173	12	45	460.67
1.047198	0.733948	3.021411	165	14	42	460.67
-2.356194	2.587733	0.232235	181	19	45	460.60
-2.094395	1.812176	0.656819	171	1	36	460.59
-0.785398	1.683268	0.374177	175	18	45	460.55
-2.617994	0.618092	2.539118	172	12	45	460.55
-0.785398	0.080730	-2.622036	170	21	44	460.54
-2.356194	0.910508	1.903534	178	22	46	460.52
-1.832596	1.721184	-0.153948	168	18	40	460.50
-2.617994	1.998705	2.370472	174	23	45	460.48
1.570796	1.870545	-2.976234	174	7	39	460.48
2.617994	2.073035	2.027405	175	20	43	460.48
-1.570796	2.579248	-2.364801	167	19	40	460.46
-0.785398	2.138223	1.678323	168	12	43	460.39
0.523599	0.733948	3.021411	172	17	46	460.38
-1.308997	0.571433	-1.188419	177	7	43	460.35
-2.356194	0.866395	-2.492918	168	19	41	460.32
0.261799	2.456751	-1.503343	173	10	41	460.28
-0.785398	2.979456	-1.009304	169	19	44	460.10
1.832596	1.214854	-1.966664	166	18	40	460.08
-2.356194	0.910508	1.903534	185	21	49	460.07
-1.832596	1.256302	0.062705	172	19	45	460.04
-2.617994	1.569311	-3.003978	172	14	45	460.04
-1.570796	2.984978	1.954446	165	18	41	460.04
1.832596	1.440580	2.260026	177	14	52	460.04
0.785398	0.685216	-1.712745	167	12	43	460.00
-0.523599	1.194549	-0.801900	50	171	176	460.00
1.570796	2.478122	2.609777	166	15	37	459.99
-1.570796	1.310100	1.488307	48	169	186	459.94
-0.523599	1.417623	-0.202254	174	23	42	459.91
-2.617994	1.218453	2.777284	175	21	49	459.89
2.356194	2.138223	1.678323	178	18	45	459.88
-0.785398	0.866955	-0.931351	173	13	45	459.87
2.879793	1.766067	2.153843	178	16	46	459.86
1.832596	1.135834	-1.431087	54	171	168	459.82
1.308997	1.869911	2.701025	55	183	176	459.79
-0.261799	2.760637	2.781135	173	20	43	459.74
2.879793	0.674054	1.013609	176	17	49	459.70
-0.261799	2.637879	2.121598	183	31	44	459.69
-2.617994	0.910508	1.903534	169	14	44	459.69
1.570796	1.504028	0.636812	179	19	44	459.68
-2.617994	1.510910	-0.740472	171	27	42	459.65
1.308997	0.733948	3.021411	172	11	44	459.63
1.832596	1.134497	-1.109631	173	16	44	459.62
2.094395	0.733948	3.021411	26	179	12	459.56
-2.356194	1.846342	-1.796954	175	16	45	459.51
-0.523599	1.948085	-2.363031	169	8	40	459.49
-2.617994	2.343981	-1.040456	178	22	45	459.48
2.879793	2.108018	1.311430	176	8	38	459.48
2.879793	0.864993	2.278281	170	13	39	459.48
1.047198	0.906588	1.252948	178	15	48	459.48
0.785398	2.041297	-2.664597	179	20	46	459.44
0.523599	1.510910	-0.740472	166	18	39	459.42
-0.785398	1.617114	-1.572037	168	23	41	459.41
-2.094395	0.496451	0.593859	181	9	47	459.37
-3.141593	1.301460	-0.509251	177	19	46	459.36
0.000000	1.134497	-1.109631	166	11	38	459.30
-2.094395	1.696674	-1.253233	181	19	47	459.30
0.523599	1.134497	-1.109631	168	23	38	459.27
1.832596	2.704512	1.488683	188	31	43	459.26
1.832596	2.393226	1.857173	167	9	38	459.26
1.047198	1.948085	-2.363031	176	18	45	459.20
-1.308997	0.960688	-0.577532	167	15	36	459.19
1.570796	1.488617	1.159546	183	14	46	459.17
-1.047198	1.014500	0.906702	170	16	42	459.16
-1.832596	1.214854	-1.966664	170	20	45	459.10
-2.094395	1.335669	0.897240	175	4	41	459.09
2.617994	2.247462	0.191623	183	13	47	459.03
-1.047198	0.960688	-0.577532	169	11	36	459.00
-1.832596	2.587733	0.232235	53	175	174	458.96
-0.785398	1.569311	-3.003978	171	16	47	458.95
2.094395	0.674054	1.013609	173	19	48	458.93
0.785398	0.960688	-0.577532	178	29	43	458.92
-2.094395	2.356369	3.005869	165	13	39	458.92
1.832596	2.637879	2.121598	55	185	180	458.92
1.832596	2.455966	-0.641220	178	10	44	458.90
1.308997	1.045978	0.343692	174	12	42	458.90
-0.261799	1.014500	0.906702	181	22	49	458.89
0.000000	1.683268	0.374177	174	11	41	458.89
-1.047198	1.870545	-2.976234	169	12	43	458.80
-3.141593	1.045978	0.343692	165	17	40	458.77
2.617994	1.721184	-0.153948	178	7	42	458.76
-0.261799	2.704512	1.488683	179	29	45	458.75
1.832596	0.419640	2.974122	174	6	42	458.74
-1.832596	1.662363	0.915448	184	34	41	458.72
0.261799	1.214854	-1.966664	179	28	43	458.70
-1.570796	1.301460	-0.509251	169	9	38	458.66
-3.141593	1.391910	3.030322	171	13	42	458.62
1.832596	2.704512	1.488683	173	9	44	458.58
-0.785398	2.478122	2.609777	166	12	44	458.51
2.094395	2.979456	-1.009304	175	14	41	458.49
-3.141593	2.164094	-2.991358	175	18	44	458.45
0.785398	1.872854	1.543456	176	21	43	458.44
0.000000	2.299159	2.264663	178	5	46	458.42
-1.047198	1.184361	0.625864	164	17	37	458.39
2.094395	2.396274	-1.959260	169	18	44	458.39
-1.832596	2.407836	1.410646	171	7	46	458.37
-2.617994	1.367556	0.358405	171	19	45	458.34
2.879793	1.998705	2.370472	185	19	50	458.33
1.047198	1.599406	1.426070	183	12	46	458.32
2.356194	2.089241	-0.114193	182	19	46	458.30
1.570796	2.349581	-2.702517	173	11	39	458.30
-0.785398	2.587733	0.232235	173	20	43	458.28
2.356194	2.104282	-0.813972	180	21	46	458.27
2.356194	2.174483	2.653697	171	20	41	458.24
-0.261799	1.870545	-2.976234	186	24	46	458.24
-2.617994	0.992645	-1.723759	170	22	42	458.22
-1.832596	0.899350	-2.069907	167	13	40	458.20
1.832596	0.831641	0.616218	179	18	48	458.19
1.047198	2.033014	2.977192	176	23	43	458.18
-2.356194	1.948085	-2.363031	179	18	45	458.15
-2.094395	0.674054	1.013609	167	16	40	458.10
1.047198	2.349581	-2.702517	174	17	42	458.05
-0.261799	2.664082	-1.071402	175	17	47	458.03
-0.785398	2.407836	1.410646	177	8	44	458.02
2.879793	1.045978	0.343692	172	20	46	458.01
-1.570796	1.555207	1.708892	173	6	42	458.00
2.617994	2.299159	2.264663	173	20	43	457.95
-1.570796	1.045978	0.343692	177	8	45	457.94
1.308997	0.080730	-2.622036	175	24	46	457.94
-0.523599	1.870545	-2.976234	170	9	43	457.93
2.617994	0.496451	0.593859	169	15	43	457.86
2.879793	0.571433	-1.188419	174	22	46	457.82
-2.617994	2.251330	-2.330739	172	11	45	457.81
-1.832596	1.846342	-1.796954	175	9	40	457.80
-2.879793	1.025536	1.576859	175	6	47	457.80
2.356194	1.335669	0.897240	165	25	39	457.80
2.879793	1.195355	1.200319	168	18	45	457.80
-2.617994	1.194549	-0.801900	173	25	45	457.79
2.617994	2.587733	0.232235	49	177	165	457.79
2.356194	1.488617	1.159546	166	23	42	457.78
-2.094395	2.073035	2.027405	168	15	41	457.74
-2.094395	2.407836	1.410646	169	10	46	457.74
-2.617994	1.904882	-1.478089	176	20	46	457.73
1.308997	1.662363	0.915448	53	181	171	457.64
1.570796	1.025536	1.576859	177	17	50	457.63
-1.832596	1.242974	-2.977882	175	20	49	457.63
0.261799	1.168678	2.108595	181	29	51	457.63
0.785398	1.214854	-1.966664	172	6	39	457.63
0.785398	1.128190	-2.288622	175	5	42	457.62
-1.308997	2.396274	-1.959260	165	23	37	457.62
-1.570796	0.850607	-1.335383	181	27	47	457.62
2.356194	1.504028	0.636812	172	27	42	457.61
0.785398	1.135813	-2.658866	179	20	50	457.59
2.879793	1.977582	0.969896	162	21	39	457.59
1.308997	2.187132	-0.479875	174	18	48	457.56
2.617994	0.685216	-1.712745	176	24	44	457.55
0.785398	2.180315	-1.357379	173	19	44	457.49
-1.308997	0.379747	-1.713059	179	17	48	457.48
-2.094395	2.247462	0.191623	167	10	36	457.47
-0.785398	2.393226	1.857173	176	3	46	457.47
1.047198	0.615174	-0.666022	173	22	41	457.46
0.000000	1.134497	-1.109631	179	22	45	457.43
-2.879793	1.440580	2.260026	172	23	47	457.42
2.356194	1.741644	-2.695914	178	17	46	457.41
0.000000	0.418037	1.360082	174	16	47	457.35
1.570796	1.870545	-2.976234	54	181	176	457.28
-1.047198	1.732874	-0.951685	171	19	40	457.28
1.832596	1.335669	0.897240	182	18	47	457.27
-2.356194	2.299159	2.264663	172	23	45	457.20
1.570796	2.089241	-0.114193	174	17	46	457.19
-1.832596	1.846342	-1.796954	51	182	170	457.16
1.570796	1.904882	-1.478089	172	12	40	457.13
-2.879793	1.809167	1.213774	165	11	42	457.13
-2.617994	2.404280	-0.174044	187	16	49	457.11
2.617994	1.014500	0.906702	172	18	47	457.11
-0.523599	0.418037	1.360082	172	14	45	457.09
1.570796	1.696674	-1.253233	177	14	49	457.07
-3.141593	1.325504	-1.671296	173	14	43	457.06
-0.261799	2.153910	-1.714959	184	14	49	457.04
1.832596	1.184361	0.625864	28	188	10	456.98
-0.261799	1.982574	-1.115518	167	21	37	456.98
-1.570796	1.195355	1.200319	169	16	40	456.95
1.570796	1.184361	0.625864	54	175	170	456.94
-2.094395	0.910508	1.903534	178	21	46	456.83
-2.617994	2.379497	0.561089	169	24	39	456.82
-3.141593	0.910508	1.903534	175	1	43	456.78
2.356194	1.812176	0.656819	176	2	37	456.76
2.617994	2.404280	-0.174044	171	11	37	456.76
-2.356194	1.982574	-1.115518	178	17	45	456.73
-2.094395	0.906588	1.252948	179	14	48	456.63
-1.570796	1.824694	1.850876	172	8	42	456.62
-1.047198	0.864993	2.278281	170	25	43	456.61
-1.832596	1.113094	-0.272241	171	13	43	456.53
2.617994	1.766067	2.153843	178	15	46	456.33
-1.570796	1.606104	-0.451151	30	187	8	456.31
2.356194	2.063651	-2.044600	175	19	45	456.30
-2.094395	2.247462	0.191623	174	24	42	456.24
-0.785398	1.574060	2.783565	175	15	48	456.22
-0.261799	2.404280	-0.174044	179	15	46	456.22
-1.308997	1.335669	0.897240	52	180	174	456.21
-2.094395	1.555207	1.708892	167	11	41	456.20
0.785398	1.904882	-1.478089	178	16	46	456.14
1.832596	2.115563	0.685730	171	5	38	456.14
-0.523599	1.809167	1.213774	171	8	41	456.07
-2.617994	1.135834	-1.431087	49	168	181	456.05
-1.308997	1.195355	1.200319	168	20	41	456.01
-2.094395	0.080730	-2.622036	177	27	45	455.94
-0.261799	0.910508	1.903534	172	9	41	455.92
2.617994	0.379747	-1.713059	177	18	47	455.90
-0.523599	2.724429	-0.348782	165	24	40	455.89
-3.141593	2.001437	0.381215	163	15	34	455.73
-2.879793	2.379497	0.561089	164	10	35	455.72
0.261799	1.218453	2.777284	167	17	41	455.71
-0.523599	2.138223	1.678323	171	9	43	455.66
0.261799	1.214854	-1.966664	170	12	44	455.64
0.785398	1.510910	-0.740472	166	14	40	455.63
-2.879793	2.089241	-0.114193	175	15	41	455.63
-0.523599	2.637879	2.121598	186	31	44	455.62
-0.523599	1.413347	-1.339188	184	29	46	455.59
-2.356194	2.579248	-2.364801	178	25	45	455.56
2.879793	0.640596	-2.797608	179	27	47	455.52
1.570796	1.696674	-1.253233	167	17	40	455.51
-3.141593	0.700570	1.559208	168	14	43	455.50
2.356194	2.881233	-2.582574	174	18	47	455.45
-1.570796	1.391910	3.030322	172	15	47	455.42
1.047198	0.906588	1.252948	174	20	47	455.40
-2.617994	1.050534	3.042579	162	158	186	455.38
1.047198	1.606104	-0.451151	168	10	40	455.36
2.617994	2.174483	2.653697	179	24	45	455.35
1.308997	2.393226	1.857173	181	20	46	455.35
-2.617994	0.700570	1.559208	169	9	41	455.35
-0.523599	2.455966	-0.641220	169	21	44	455.32
-3.141593	1.683268	0.374177	169	22	41	455.31
-2.617994	1.113094	-0.272241	167	14	39	455.31
0.523599	0.850607	-1.335383	171	9	42	455.30
-2.094395	1.658653	-2.409879	172	22	42	455.29
-0.261799	2.637879	2.121598	177	0	43	455.29
-2.094395	0.379747	-1.713059	39	2	164	455.29
0.785398	1.870545	-2.976234	177	15	44	455.28
2.617994	0.685216	-1.712745	180	16	46	455.23
2.094395	2.393226	1.857173	170	7	40	455.23
-3.141593	1.214854	-1.966664	174	19	44	455.23
-3.141593	2.984978	1.954446	169	17	40	455.22
2.617994	2.033014	2.977192	178	20	46	455.20
-1.308997	0.458961	-0.107937	174	22	46	455.17
1.570796	1.025536	1.576859	170	27	46	455.13
2.094395	1.195355	1.200319	176	20	48	455.11
-1.570796	0.640596	-2.797608	185	22	50	455.11
0.261799	1.335669	0.897240	182	15	49	455.11
1.570796	1.134497	-1.109631	178	21	46	455.06
-2.094395	0.370812	-2.547742	169	15	42	455.05
-3.141593	2.089241	-0.114193	171	12	38	455.04
-0.261799	2.180315	-1.357379	177	16	49	455.00
1.832596	2.180315	-1.357379	175	10	41	454.97
-2.356194	0.419640	2.974122	174	21	46	454.93
0.000000	1.904882	-1.478089	169	17	41	454.91
-2.356194	0.458961	-0.107937	180	14	48	454.85
0.261799	1.256302	0.062705	170	23	40	454.84
0.523599	1.335669	0.897240	175	15	43	454.84
-1.308997	1.870545	-2.976234	179	37	43	454.83
-2.094395	2.164094	-2.991358	167	16	42	454.79
-1.570796	0.619654	-2.216909	179	15	48	454.78
-2.879793	0.831641	0.616218	52	181	167	454.77
1.570796	2.704512	1.488683	190	30	43	454.77
1.047198	1.977582	0.969896	163	18	35	454.68
-3.141593	2.404280	-0.174044	183	11	47	454.62
-3.141593	1.809167	1.213774	178	26	48	454.59
-1.047198	0.290380	-0.796960	171	25	44	454.58
1.832596	1.875281	0.107086	173	13	44	454.58
2.879793	2.187132	-0.479875	179	7	43	454.57
1.570796	2.579248	-2.364801	172	11	39	454.51
-0.523599	1.846342	-1.796954	171	20	45	454.45
2.617994	1.721184	-0.153948	178	9	42	454.45
1.308997	2.704512	1.488683	169	13	43	454.44
-3.141593	1.836682	-0.676006	172	12	37	454.42
0.000000	0.674054	1.013609	173	7	41	454.42
-0.523599	2.724429	-0.348782	166	24	41	454.41
1.832596	0.290380	-0.796960	30	174	9	454.37
1.047198	1.374601	-2.456031	174	13	43	454.37
-0.523599	0.419640	2.974122	171	23	44	454.36
2.617994	0.864993	2.278281	165	25	38	454.36
-2.356194	0.674054	1.013609	51	177	175	454.34
-1.570796	1.195355	1.200319	181	17	51	454.33
0.000000	2.299159	2.264663	171	5	38	454.31
2.356194	2.637879	2.121598	173	7	43	454.27
1.047198	2.063651	-2.044600	180	25	47	454.24
2.356194	1.721184	-0.153948	28	177	8	454.22
-2.094395	1.658653	-2.409879	172	21	42	454.18
1.570796	1.134497	-1.109631	169	12	42	454.17
-2.356194	2.180315	-1.357379	184	21	50	454.15
-3.141593	1.554776	0.100351	176	27	44	454.01
-1.570796	2.138223	1.678323	176	10	50	453.94
-3.141593	1.869911	2.701025	166	18	39	453.94
-2.356194	1.554776	0.100351	175	21	45	453.87
2.879793	2.984978	1.954446	168	21	39	453.83
1.832596	2.588535	-2.976617	169	20	43	453.81
-0.523599	1.506530	1.988858	50	181	164	453.77
-3.141593	1.510910	-0.740472	173	13	41	453.77
2.356194	2.180315	-1.357379	170	13	44	453.73
-2.094395	2.760637	2.781135	169	11	38	453.73
0.000000	0.618092	2.539118	180	25	47	453.72
0.523599	2.174483	2.653697	174	6	46	453.69
0.785398	0.591903	2.010408	169	14	44	453.66
1.308997	1.310100	1.488307	176	12	42	453.65
-0.523599	1.504028	0.636812	175	23	45	453.64
1.047198	1.756530	-2.105156	181	27	46	453.60
1.832596	1.948085	-2.363031	53	178	171	453.57
2.617994	2.033014	2.977192	178	18	46	453.56
2.356194	0.906588	1.252948	180	21	51	453.56
0.261799	0.709924	0.218797	181	17	49	453.56
2.356194	2.115563	0.685730	165	29	36	453.53
-2.879793	2.379497	0.561089	170	27	39	453.53
2.617994	2.138223	1.678323	175	23	45	453.53
-2.356194	0.458961	-0.107937	169	8	41	453.51
2.617994	2.180315	-1.357379	172	11	44	453.50
2.617994	2.180315	-1.357379	171	11	44	453.46
-1.570796	0.762244	-0.273349	178	12	46	453.41
1.570796	1.433411	-1.035986	52	181	169	453.40
1.308997	0.850607	-1.335383	166	19	39	453.39
-2.356194	2.984978	1.954446	165	29	40	453.38
1.832596	1.134796	2.434290	180	18	50	453.37
0.000000	1.504028	0.636812	174	20	45	453.37
0.261799	1.335669	0.897240	170	13	40	453.35
1.570796	2.587733	0.232235	172	9	40	453.34
-0.785398	0.960688	-0.577532	175	27	42	453.33
1.570796	1.599406	1.426070	176	28	47	453.27
1.570796	1.732874	-0.951685	172	24	43	453.24
-1.832596	1.195355	1.200319	45	164	183	453.19
2.617994	1.824694	1.850876	175	16	43	453.19
2.617994	1.699788	2.452890	170	20	41	453.17
1.047198	1.870545	-2.976234	176	10	43	453.11
0.785398	1.824694	1.850876	182	19	49	453.07
-0.785398	1.025536	1.576859	171	18	44	453.03
-2.356194	1.756530	-2.105156	172	11	41	452.99
-1.308997	1.696674	-1.253233	170	20	41	452.98
-0.523599	1.846342	-1.796954	174	25	45	452.96
-1.047198	0.297065	2.160177	173	19	46	452.91
-3.141593	0.379747	-1.713059	172	15	38	452.89
-3.141593	1.050534	3.042579	178	24	50	452.89
2.617994	1.506530	1.988858	172	13	40	452.85
0.261799	1.870545	-2.976234	163	11	40	452.84
-0.523599	0.929350	-2.910676	170	15	41	452.83
2.094395	1.766067	2.153843	174	16	43	452.83
2.356194	2.153910	-1.714959	182	19	50	452.81
-2.356194	0.419640	2.974122	172	11	41	452.80
-2.356194	1.134796	2.434290	169	18	46	452.75
-2.094395	0.619654	-2.216909	177	17	49	452.74
1.047198	2.063651	-2.044600	175	15	44	452.68
0.000000	1.050534	3.042579	174	16	47	452.64
-0.785398	0.419640	2.974122	173	27	44	452.62
-2.617994	0.619654	-2.216909	177	8	41	452.61
0.523599	2.588535	-2.976617	169	10	41	452.60
2.617994	1.869911	2.701025	175	18	44	452.58
-2.356194	1.756530	-2.105156	173	10	40	452.58
2.879793	2.247462	0.191623	186	13	47	452.54
-3.141593	0.906588	1.252948	168	10	43	452.53
-0.261799	2.295480	1.008277	175	28	42	452.51
-1.047198	2.164094	-2.991358	169	28	41	452.49
1.308997	2.588535	-2.976617	175	29	45	452.48
0.785398	1.218453	2.777284	165	13	42	452.46
0.785398	0.929350	-2.910676	181	24	50	452.44
-0.523599	0.733948	3.021411	171	21	43	452.44
1.308997	2.984978	1.954446	169	13	38	452.43
-1.832596	1.135813	-2.658866	168	14	42	452.42
0.261799	2.041297	-2.664597	180	23	46	452.41
2.879793	1.555207	1.708892	178	24	50	452.41
2.356194	0.290380	-0.796960	174	19	47	452.40
-1.832596	2.704512	1.488683	53	179	169	452.40
-2.617994	0.864993	2.278281	170	15	46	452.40
1.047198	1.721184	-0.153948	35	177	7	452.35
2.094395	2.073035	2.027405	178	18	45	452.34
-0.261799	1.504028	0.636812	172	6	39	452.34
-2.356194	2.164094	-2.991358	168	18	42	452.32
0.000000	2.456751	-1.503343	171	15	41	452.28
-0.785398	1.662363	0.915448	172	9	42	452.26
0.000000	0.571433	-1.188419	175	15	46	452.24
0.261799	2.979456	-1.009304	178	6	44	452.23
0.000000	2.247462	0.191623	177	19	45	452.21
-1.832596	1.555207	1.708892	174	22	47	452.21
0.261799	2.343981	-1.040456	183	27	49	452.19
2.356194	0.618092	2.539118	176	8	45	452.16
-2.094395	2.138223	1.678323	170	10	47	452.10
-3.141593	2.588535	-2.976617	168	19	42	452.06
-2.617994	2.041297	-2.664597	175	19	45	452.05
2.879793	1.909857	-0.381669	181	16	45	452.04
0.523599	0.929350	-2.910676	171	12	45	452.01
0.261799	2.456751	-1.503343	183	9	48	451.98
-2.617994	0.709924	0.218797	180	19	49	451.96
-1.570796	1.846342	-1.796954	170	27	40	451.94
-2.356194	2.033014	2.977192	171	23	44	451.82
-0.523599	1.574060	2.783565	172	24	49	451.81
-1.570796	2.108018	1.311430	164	15	38	451.78
-0.261799	1.812176	0.656819	173	7	39	451.78
0.785398	1.335669	0.897240	174	8	41	451.76
-2.094395	2.041297	-2.664597	169	19	37	451.71
-2.356194	1.014500	0.906702	178	16	50	451.67
2.356194	1.662363	0.915448	165	26	38	451.66
2.094395	1.699788	2.452890	186	16	54	451.65
-2.879793	1.417623	-0.202254	167	20	41	451.61
-1.308997	1.766067	2.153843	176	16	50	451.59
2.879793	1.766067	2.153843	178	15	46	451.58
0.261799	1.662363	0.915448	182	13	46	451.58
1.047198	0.571433	-1.188419	177	6	42	451.58
-3.141593	0.960688	-0.577532	174	11	42	451.57
2.879793	1.696674	-1.253233	55	183	168	451.54
-1.832596	1.872854	1.543456	168	11	41	451.53
-1.832596	1.504028	0.636812	177	20	48	451.52
-2.356194	2.295480	1.008277	166	19	41	451.51
2.094395	2.343981	-1.040456	173	15	44	451.50
-1.570796	1.504028	0.636812	52	176	179	451.48
-2.617994	1.741644	-2.695914	178	17	48	451.48
0.261799	1.662363	0.915448	172	13	42	451.43
-2.617994	1.599406	1.426070	175	15	49	451.41
1.308997	2.063651	-2.044600	175	19	44	451.40
1.047198	0.370812	-2.547742	173	11	46	451.39
0.261799	0.591903	2.010408	168	17	43	451.31
0.000000	2.478122	2.609777	32	2	5	451.29
-0.523599	0.640596	-2.797608	173	23	47	451.28
1.047198	1.218453	2.777284	170	14	49	451.22
1.308997	0.619654	-2.216909	173	14	47	451.15
0.523599	0.591903	2.010408	168	18	45	451.13
0.523599	1.662363	0.915448	174	11	42	451.13
-1.047198	2.393226	1.857173	52	170	176	451.12
2.094395	1.168678	2.108595	172	9	45	451.10
-2.879793	2.664082	-1.071402	180	16	48	451.07
1.308997	1.413430	2.550734	173	10	49	451.00
1.047198	1.662363	0.915448	178	15	43	450.98
-2.879793	2.396274	-1.959260	175	19	48	450.96
-0.785398	2.637879	2.121598	176	21	44	450.96
-0.785398	1.696674	-1.253233	175	17	45	450.95
2.094395	1.909857	-0.381669	55	176	174	450.95
-1.832596	0.700570	1.559208	180	18	47	450.91
2.094395	1.025536	1.576859	166	17	41	450.89
0.261799	1.128190	-2.288622	174	15	48	450.85
2.356194	1.413347	-1.339188	168	17	38	450.80
0.785398	1.134796	2.434290	167	19	46	450.77
-2.094395	2.251330	-2.330739	171	9	38	450.74
-0.785398	0.733948	3.021411	177	17	46	450.73
-2.356194	2.719179	-1.780644	171	21	44	450.73
2.356194	1.135834	-1.431087	177	9	44	450.72
-2.617994	1.256302	0.062705	174	26	46	450.70
-2.094395	1.433411	-1.035986	173	32	41	450.68
-2.356194	1.135813	-2.658866	181	28	49	450.67
-2.617994	0.914445	2.687814	170	11	45	450.56
1.832596	1.195355	1.200319	175	20	46	450.53
0.000000	2.664082	-1.071402	177	15	47	450.51
1.570796	0.866395	-2.492918	169	15	44	450.51
-1.570796	1.599406	1.426070	45	168	188	450.49
-2.879793	2.664082	-1.071402	179	15	48	450.48
1.832596	1.014500	0.906702	176	13	42	450.48
1.570796	2.407836	1.410646	167	10	38	450.35
-2.356194	2.295480	1.008277	170	10	43	450.33
0.000000	1.128190	-2.288622	174	18	48	450.30
1.832596	0.866955	-0.931351	172	12	41	450.26
1.308997	1.658653	-2.409879	52	171	181	450.25
2.094395	0.418037	1.360082	174	15	48	450.22
0.523599	1.135834	-1.431087	171	26	40	450.22
-2.094395	0.458961	-0.107937	53	177	172	450.19
-3.141593	0.914445	2.687814	31	176	11	450.19
0.523599	1.450119	-2.739050	179	10	47	450.17
1.832596	2.396274	-1.959260	169	21	44	450.14
-1.570796	2.108018	1.311430	167	161	10	450.14
-3.141593	1.875281	0.107086	168	24	39	450.12
1.570796	0.379747	-1.713059	178	7	43	450.11
-3.141593	1.218453	2.777284	170	15	43	450.09
-1.570796	0.906588	1.252948	175	15	44	450.08
-1.047198	1.982574	-1.115518	181	24	48	450.07
-0.261799	1.367556	0.358405	178	10	45	450.04
1.047198	0.906588	1.252948	177	16	48	450.04
-2.094395	1.448123	-2.163292	181	27	48	450.04
1.308997	2.404280	-0.174044	176	16	48	450.04
-0.261799	2.664082	-1.071402	176	17	46	450.03
-1.570796	1.683268	0.374177	172	5	41	450.02
-2.617994	1.599406	1.426070	175	19	48	450.00
-1.570796	1.872854	1.543456	171	8	41	449.97
0.785398	1.448123	-2.163292	180	30	44	449.96
-2.094395	2.247462	0.191623	176	28	43	449.96
-2.094395	2.407836	1.410646	52	177	166	449.93
-1.832596	1.977582	0.969896	173	20	45	449.93
-2.356194	1.948085	-2.363031	179	20	46	449.92
-0.261799	1.218453	2.777284	172	19	46	449.91
0.261799	0.290380	-0.796960	176	16	47	449.86
0.785398	0.290380	-0.796960	182	21	49	449.85
-0.261799	1.134497	-1.109631	165	14	37	449.84
-2.356194	2.404280	-0.174044	172	23	41	449.83
-0.261799	2.153910	-1.714959	169	14	42	449.80
1.047198	1.599406	1.426070	174	24	42	449.79
0.523599	0.929350	-2.910676	175	13	47	449.73
0.785398	1.450119	-2.739050	173	10	42	449.69
1.832596	2.396274	-1.959260	171	20	44	449.69
-2.879793	1.741644	-2.695914	180	23	50	449.67
-1.570796	2.073035	2.027405	177	17	53	449.67
-0.785398	1.391910	3.030322	51	174	185	449.66
2.879793	1.504028	0.636812	169	22	42	449.65
0.785398	2.664082	-1.071402	171	15	41	449.65
-0.523599	0.618092	2.539118	169	20	43	449.65
-1.570796	0.906588	1.252948	171	23	43	449.60
2.617994	0.419640	2.974122	170	17	46	449.59
-3.141593	1.869911	2.701025	167	18	40	449.58
0.261799	2.180315	-1.357379	179	13	48	449.56
1.308997	0.929350	-2.910676	178	15	49	449.56
-1.570796	2.984978	1.954446	162	10	36	449.54
1.308997	1.699788	2.452890	180	12	53	449.49
-1.832596	1.809167	1.213774	167	159	9	449.48
1.308997	0.850607	-1.335383	175	5	40	449.42
0.261799	0.866955	-0.931351	169	8	38	449.38
-1.308997	2.396274	-1.959260	166	21	36	449.35
1.047198	1.488617	1.159546	183	16	47	449.34
0.000000	2.187132	-0.479875	171	26	44	449.33
2.094395	0.850607	-1.335383	54	181	166	449.32
-3.141593	1.247695	1.809890	177	13	50	449.30
0.000000	1.982574	-1.115518	174	19	48	449.30
-1.308997	2.164094	-2.991358	178	21	46	449.29
-1.570796	0.929350	-2.910676	175	18	48	449.26
2.879793	1.977582	0.969896	169	25	44	449.23
0.785398	2.180315	-1.357379	175	12	42	449.18
1.832596	2.247462	0.191623	176	11	46	449.14
1.047198	1.504028	0.636812	181	13	45	449.11
-0.523599	1.555207	1.708892	169	13	45	449.06
1.832596	1.870545	-2.976234	183	23	47	449.02
0.000000	2.588535	-2.976617	165	15	41	449.01
2.356194	2.299159	2.264663	174	22	43	449.00
-1.832596	1.128190	-2.288622	165	157	183	449.00
2.617994	2.478122	2.609777	174	14	42	448.99
1.570796	1.506530	1.988858	177	20	52	448.93
-2.617994	1.555207	1.708892	174	8	48	448.93
2.356194	2.073035	2.027405	181	21	48	448.85
2.617994	1.658653	-2.409879	186	20	50	448.85
-1.308997	1.741644	-2.695914	166	14	40	448.84
-2.617994	2.180315	-1.357379	185	20	50	448.81
1.047198	1.417623	-0.202254	178	22	46	448.80
0.261799	0.618092	2.539118	166	13	41	448.79
-2.879793	0.418037	1.360082	171	22	45	448.77
1.308997	1.904882	-1.478089	172	17	43	448.77
1.570796	1.948085	-2.363031	177	27	45	448.75
-0.785398	2.407836	1.410646	178	13	44	448.73
2.094395	1.325504	-1.671296	171	10	40	448.67
2.879793	1.195355	1.200319	167	17	45	448.62
-1.832596	1.574060	2.783565	170	18	46	448.58
2.356194	1.413347	-1.339188	177	5	45	448.55
-0.785398	2.343981	-1.040456	34	181	9	448.52
1.570796	1.247695	1.809890	173	14	41	448.48
1.308997	1.367556	0.358405	184	19	46	448.47
-2.094395	2.104282	-0.813972	170	11	39	448.45
1.308997	1.135813	-2.658866	172	12	41	448.40
1.308997	1.504028	0.636812	177	8	42	448.39
-1.047198	1.504028	0.636812	26	186	8	448.36
0.785398	0.458961	-0.107937	181	16	49	448.30
-0.261799	0.914445	2.687814	179	36	46	448.26
-0.785398	0.419640	2.974122	172	26	44	448.18
0.785398	1.184361	0.625864	178	19	45	448.17
2.617994	1.836682	-0.676006	177	15	44	448.14
0.000000	1.870545	-2.976234	163	15	40	448.08
-1.570796	1.812176	0.656819	171	8	43	448.05
2.356194	2.138223	1.678323	179	25	47	448.04
-1.832596	1.184361	0.625864	173	7	42	448.00
-1.047198	0.685216	-1.712745	166	24	40	447.99
-2.617994	2.349581	-2.702517	175	15	44	447.96
2.356194	1.736875	3.023612	37	177	9	447.89
-0.785398	2.164094	-2.991358	174	15	44	447.87
2.617994	1.247695	1.809890	171	15	51	447.85
0.785398	2.356369	3.005869	180	22	45	447.80
1.047198	2.455966	-0.641220	179	20	49	447.78
-2.094395	1.247695	1.809890	168	11	42	447.78
0.261799	1.741644	-2.695914	175	6	43	447.77
2.094395	2.174483	2.653697	179	26	44	447.77
-2.356194	2.001437	0.381215	182	29	44	447.71
0.785398	1.218453	2.777284	166	13	45	447.70
1.570796	1.741644	-2.695914	174	14	42	447.64
-0.523599	1.135834	-1.431087	167	13	38	447.62
0.523599	1.736875	3.023612	185	21	47	447.62
-0.523599	1.134497	-1.109631	165	14	37	447.56
-2.879793	1.809167	1.213774	164	11	42	447.55
-0.785398	1.374601	-2.456031	168	13	41	447.54
-2.356194	1.218453	2.777284	174	20	49	447.52
1.047198	1.510910	-0.740472	169	13	43	447.51
1.832596	2.001437	0.381215	173	9	42	447.49
1.047198	1.310100	1.488307	179	13	46	447.44
-1.832596	0.379747	-1.713059	186	21	49	447.41
1.832596	1.658653	-2.409879	171	26	44	447.40
-1.308997	2.138223	1.678323	54	179	175	447.39
-0.523599	0.297065	2.160177	175	22	46	447.37
-1.570796	2.704512	1.488683	170	7	43	447.36
1.047198	2.393226	1.857173	166	18	37	447.36
-0.785398	0.961715	0.014085	169	13	41	447.34
-1.832596	1.113094	-0.272241	170	13	42	447.33
2.879793	2.760637	2.781135	164	12	37	447.30
2.356194	0.379747	-1.713059	176	13	44	447.29
1.047198	1.699788	2.452890	175	10	46	447.29
2.617994	2.356369	3.005869	175	20	44	447.25
-0.523599	1.554776	0.100351	173	7	41	447.24
2.356194	0.864993	2.278281	177	16	49	447.22
-0.261799	2.187132	-0.479875	168	23	43	447.20
0.785398	1.413430	2.550734	169	14	46	447.19
-1.570796	1.683268	0.374177	174	10	44	447.19
2.094395	0.203748	0.590255	171	13	42	447.18
1.570796	2.979456	-1.009304	174	16	41	447.15
2.094395	1.335669	0.897240	175	24	45	447.13
1.047198	2.407836	1.410646	167	13	36	447.08
-2.879793	0.496451	0.593859	173	13	47	447.08
1.308997	1.617114	-1.572037	176	3	39	447.05
-3.141593	1.809167	1.213774	164	15	41	447.03
-1.047198	1.113094	-0.272241	174	30	39	447.02
1.832596	1.721184	-0.153948	183	19	47	446.98
2.617994	1.413430	2.550734	187	13	52	446.96
-0.785398	1.214854	-1.966664	165	17	40	446.90
-0.261799	1.870545	-2.976234	164	20	42	446.89
2.617994	1.872854	1.543456	172	17	42	446.88
2.617994	2.247462	0.191623	176	20	43	446.85
-1.308997	1.367556	0.358405	175	3	39	446.82
-1.832596	0.290380	-0.796960	184	21	49	446.81
1.308997	1.982574	-1.115518	171	10	37	446.77
2.879793	2.349581	-2.702517	172	6	41	446.75
0.261799	0.379747	-1.713059	170	9	42	446.72
0.785398	1.948085	-2.363031	175	9	40	446.72
0.523599	2.041297	-2.664597	180	22	46	446.72
-0.785398	2.104282	-0.813972	172	15	41	446.69
-0.785398	2.349581	-2.702517	51	171	183	446.68
-2.879793	0.640596	-2.797608	171	16	41	446.67
-0.523599	1.872854	1.543456	172	6	42	446.65
1.570796	0.290380	-0.796960	178	13	46	446.63
-1.308997	2.073035	2.027405	169	14	45	446.59
-1.047198	0.419640	2.974122	174	29	44	446.57
2.356194	1.135834	-1.431087	172	17	44	446.56
-2.879793	2.588535	-2.976617	166	10	39	446.54
1.308997	0.899350	-2.069907	174	11	47	446.51
2.617994	1.504028	0.636812	170	25	42	446.50
-2.617994	1.134796	2.434290	172	13	45	446.49
-1.570796	0.929350	-2.910676	171	11	43	446.48
1.570796	1.662363	0.915448	172	17	40	446.44
-0.261799	1.450119	-2.739050	173	14	46	446.42
1.308997	0.960688	-0.577532	55	174	167	446.31
0.785398	2.063651	-2.044600	34	184	9	446.28
0.261799	0.379747	-1.713059	167	10	41	446.24
-3.141593	2.349581	-2.702517	180	28	45	446.23
0.261799	1.413347	-1.339188	173	23	41	446.17
0.261799	2.251330	-2.330739	177	19	46	446.15
-2.617994	0.866395	-2.492918	168	22	39	446.14
-2.879793	0.831641	0.616218	170	9	41	446.08
-0.523599	1.824694	1.850876	50	184	165	446.06
0.000000	1.977582	0.969896	171	19	40	446.05
-1.570796	0.929350	-2.910676	180	20	50	446.04
-2.094395	1.756530	-2.105156	175	26	43	446.01
-1.308997	0.850607	-1.335383	172	5	38	446.00
2.879793	0.458961	-0.107937	171	19	44	445.99
1.047198	0.618092	2.539118	163	17	41	445.95
2.356194	2.588535	-2.976617	172	17	45	445.94
-1.308997	0.419640	2.974122	177	30	44	445.92
1.832596	0.080730	-2.622036	164	14	40	445.90
-2.356194	2.637879	2.121598	170	10	37	445.89
-2.617994	1.367556	0.358405	172	19	46	445.86
-2.617994	1.025536	1.576859	180	18	49	445.85
1.570796	1.662363	0.915448	173	17	41	445.84
-3.141593	0.458961	-0.107937	171	17	45	445.84
1.047198	1.982574	-1.115518	174	26	46	445.82
1.308997	0.571433	-1.188419	54	173	161	445.82
0.261799	2.349581	-2.702517	180	15	45	445.80
-1.308997	2.881233	-2.582574	171	19	42	445.75
2.094395	1.617114	-1.572037	175	11	46	445.75
0.523599	2.180315	-1.357379	180	13	49	445.74
-2.617994	1.134796	2.434290	171	13	44	445.71
1.832596	0.418037	1.360082	171	14	46	445.62
0.785398	2.407836	1.410646	169	15	37	445.61
0.785398	2.187132	-0.479875	171	12	44	445.56
2.356194	2.455966	-0.641220	186	27	45	445.48
0.261799	2.138223	1.678323	179	6	43	445.48
-2.617994	1.367556	0.358405	170	18	45	445.47
0.261799	1.809167	1.213774	180	25	43	445.47
2.356194	1.875281	0.107086	173	18	41	445.42
-2.356194	2.719179	-1.780644	169	23	44	445.36
2.356194	1.721184	-0.153948	176	10	43	445.36
-1.570796	2.379497	0.561089	172	17	41	445.35
1.832596	1.658653	-2.409879	54	177	180	445.35
-1.308997	1.504028	0.636812	25	175	9	445.33
0.785398	0.618092	2.539118	176	23	48	445.33
-2.356194	1.875281	0.107086	181	26	46	445.33
-2.879793	1.301460	-0.509251	177	29	45	445.31
-2.879793	1.050534	3.042579	174	8	44	445.29
-0.261799	1.247695	1.809890	173	12	45	445.26
1.832596	1.555207	1.708892	174	20	45	445.25
-2.617994	1.242974	-2.977882	176	9	44	445.24
-2.356194	1.440580	2.260026	171	18	47	445.23
-3.141593	2.579248	-2.364801	171	22	46	445.23
-1.570796	1.732874	-0.951685	167	15	38	445.15
2.617994	0.619654	-2.216909	174	18	44	445.12
-2.094395	1.242974	-2.977882	177	13	49	445.11
-0.785398	1.135834	-1.431087	174	8	43	445.10
-1.308997	0.080730	-2.622036	172	27	44	445.06
-1.832596	0.458961	-0.107937	165	22	38	445.00
0.523599	1.812176	0.656819	54	177	176	445.00
2.617994	2.089241	-0.114193	183	19	46	444.99
0.000000	1.025536	1.576859	55	173	168	444.99
-2.879793	1.977582	0.969896	173	27	45	444.96
1.308997	1.599406	1.426070	174	22	42	444.96
2.879793	2.115563	0.685730	165	24	39	444.95
2.356194	0.685216	-1.712745	185	22	49	444.93
-0.261799	2.187132	-0.479875	173	13	42	444.90
2.356194	1.014500	0.906702	169	20	43	444.89
0.785398	1.335669	0.897240	177	14	43	444.87
-2.356194	2.637879	2.121598	169	28	45	444.86
2.356194	2.379497	0.561089	175	5	36	444.83
-1.047198	0.733948	3.021411	181	13	48	444.78
-2.094395	1.836682	-0.676006	171	11	40	444.70
-0.261799	1.736875	3.023612	166	20	45	444.69
0.261799	2.247462	0.191623	175	10	42	444.68
1.570796	2.041297	-2.664597	172	13	39	444.66
-1.308997	1.301460	-0.509251	173	5	38	444.62
0.261799	1.736875	3.023612	167	10	39	444.62
-1.570796	1.721184	-0.153948	167	14	39	444.59
0.000000	2.153910	-1.714959	177	18	45	444.56
0.261799	2.164094	-2.991358	167	13	43	444.52
1.570796	1.696674	-1.253233	181	20	47	444.50
2.879793	0.674054	1.013609	178	20	49	444.41
-2.356194	0.080730	-2.622036	165	161	1	444.40
-1.308997	1.374601	-2.456031	170	16	44	444.40
-0.785398	1.977582	0.969896	51	175	176	444.38
1.308997	0.370812	-2.547742	172	7	42	444.37
1.047198	0.571433	-1.188419	187	21	49	444.37
2.094395	1.413347	-1.339188	177	12	47	444.34
0.000000	1.242974	-2.977882	170	12	43	444.31
-2.879793	2.247462	0.191623	178	19	43	444.28
-1.047198	1.184361	0.625864	167	15	38	444.27
-2.617994	1.683268	0.374177	169	18	43	444.25
2.879793	0.914445	2.687814	170	17	45	444.23
-0.261799	1.506530	1.988858	177	20	49	444.22
-0.261799	1.134497	-1.109631	164	14	37	444.22
2.094395	2.089241	-0.114193	177	15	46	444.09
-0.523599	1.824694	1.850876	171	13	45	444.04
-2.879793	0.458961	-0.107937	177	15	48	444.04
-1.308997	2.407836	1.410646	165	11	36	444.01
1.832596	1.846342	-1.796954	168	19	42	444.00
1.832596	0.992645	-1.723759	171	22	42	443.97
-0.785398	1.335669	0.897240	179	19	48	443.93
-1.308997	2.041297	-2.664597	172	14	47	443.89
-0.261799	2.187132	-0.479875	31	173	6	443.89
0.261799	1.909857	-0.381669	164	19	39	443.86
-2.094395	1.413430	2.550734	168	10	42	443.81
2.094395	2.174483	2.653697	169	17	39	443.77
0.785398	2.063651	-2.044600	178	26	45	443.72
-3.141593	1.904882	-1.478089	53	188	167	443.71
1.832596	2.588535	-2.976617	166	169	6	443.71
1.832596	0.700570	1.559208	170	26	45	443.70
-2.617994	1.683268	0.374177	173	21	45	443.66
1.047198	2.478122	2.609777	172	28	42	443.64
2.356194	1.195355	1.200319	176	19	49	443.63
2.879793	2.478122	2.609777	178	24	44	443.58
2.617994	2.089241	-0.114193	183	18	46	443.49
-0.261799	2.108018	1.311430	54	172	183	443.45
2.094395	1.440580	2.260026	179	18	53	443.37
0.785398	1.134497	-1.109631	180	25	46	443.33
2.356194	2.180315	-1.357379	171	13	43	443.26
-0.785398	1.488617	1.159546	172	11	44	443.24
0.523599	0.899350	-2.069907	53	173	174	443.21
-2.356194	0.961715	0.014085	171	12	44	443.15
-1.308997	2.664082	-1.071402	170	22	44	443.11
0.261799	2.760637	2.781135	179	18	45	443.08
-0.523599	1.488617	1.159546	173	10	43	443.07
0.523599	2.349581	-2.702517	173	18	41	443.06
0.785398	1.450119	-2.739050	176	8	44	443.06
1.570796	2.164094	-2.991358	173	10	39	443.05
1.832596	1.134796	2.434290	183	22	50	443.04
-1.832596	0.458961	-0.107937	175	6	43	443.02
2.094395	1.662363	0.915448	174	14	41	443.02
0.523599	2.041297	-2.664597	181	24	46	442.94
0.785398	1.128190	-2.288622	174	6	42	442.93
2.356194	2.174483	2.653697	178	25	44	442.93
0.000000	1.683268	0.374177	35	170	5	442.90
0.523599	0.906588	1.252948	173	15	43	442.85
-2.094395	1.869911	2.701025	170	15	44	442.80
-1.047198	2.295480	1.008277	48	161	180	442.78
0.785398	0.899350	-2.069907	174	4	41	442.77
-0.785398	1.809167	1.213774	52	168	183	442.75
-0.523599	1.488617	1.159546	172	10	42	442.74
1.047198	1.599406	1.426070	175	22	42	442.73
1.570796	1.617114	-1.572037	34	179	6	442.59
-0.523599	0.640596	-2.797608	172	17	43	442.58
-2.356194	1.948085	-2.363031	180	23	48	442.56
0.000000	0.418037	1.360082	180	22	48	442.52
-1.047198	1.870545	-2.976234	173	10	46	442.51
-1.047198	2.343981	-1.040456	173	22	47	442.45
0.523599	0.866395	-2.492918	52	170	173	442.37
1.047198	0.929350	-2.910676	180	24	50	442.37
0.261799	2.033014	2.977192	178	20	45	442.34
-0.261799	1.555207	1.708892	176	15	49	442.33
2.094395	0.850607	-1.335383	54	179	165	442.21
2.094395	1.506530	1.988858	176	14	49	442.19
0.000000	1.662363	0.915448	180	13	46	442.13
-1.570796	0.831641	0.616218	172	12	41	442.11
-1.047198	1.195355	1.200319	170	16	43	442.11
-0.785398	1.741644	-2.695914	169	14	44	442.08
-1.832596	0.619654	-2.216909	178	16	48	442.07
-1.047198	1.391910	3.030322	179	29	47	441.98
1.832596	2.153910	-1.714959	168	19	41	441.94
-2.879793	2.180315	-1.357379	183	10	48	441.93
-2.617994	0.700570	1.559208	32	177	11	441.93
0.523599	2.138223	1.678323	167	26	36	441.84
2.094395	2.587733	0.232235	180	7	45	441.83
1.308997	1.310100	1.488307	180	12	46	441.82
1.308997	0.866395	-2.492918	29	169	8	441.79
1.047198	0.866955	-0.931351	189	18	48	441.78
-0.523599	1.504028	0.636812	169	9	40	441.76
-3.141593	0.961715	0.014085	169	17	43	441.76
-1.832596	1.824694	1.850876	177	9	49	441.72
-2.879793	1.599406	1.426070	173	17	49	441.70
0.261799	1.998705	2.370472	174	11	48	441.70
1.308997	2.407836	1.410646	180	21	45	441.70
-0.785398	1.450119	-2.739050	172	16	47	441.68
0.000000	0.591903	2.010408	186	37	44	441.68
-1.832596	0.419640	2.974122	172	11	44	441.65
-0.523599	2.455966	-0.641220	168	22	44	441.65
0.785398	2.719179	-1.780644	182	22	47	441.59
0.785398	2.343981	-1.040456	180	24	48	441.54
1.570796	0.866955	-0.931351	167	11	38	441.51
2.617994	1.696674	-1.253233	56	177	170	441.51
2.617994	1.195355	1.200319	166	21	44	441.46
-2.094395	0.290380	-0.796960	187	23	49	441.41
2.356194	1.025536	1.576859	185	19	51	441.33
-1.308997	1.683268	0.374177	170	21	42	441.32
0.523599	1.335669	0.897240	171	10	40	441.31
-0.523599	2.637879	2.121598	182	24	45	441.29
-1.308997	1.045978	0.343692	173	12	43	441.28
-2.617994	1.045978	0.343692	178	25	47	441.23
-0.785398	0.618092	2.539118	34	172	8	441.22
-2.879793	1.510910	-0.740472	170	15	39	440.92
0.785398	1.218453	2.777284	165	14	45	440.92
1.308997	1.195355	1.200319	180	18	48	440.91
2.356194	2.984978	1.954446	189	32	41	440.88
0.523599	1.982574	-1.115518	179	30	46	440.88
-0.785398	1.977582	0.969896	170	10	41	440.85
0.523599	1.194549	-0.801900	165	22	39	440.83
1.047198	2.295480	1.008277	167	15	39	440.83
1.047198	2.174483	2.653697	182	6	49	440.80
-3.141593	0.297065	2.160177	177	27	45	440.76
1.308997	1.504028	0.636812	176	9	42	440.74
2.879793	2.247462	0.191623	165	16	34	440.66
0.000000	1.135813	-2.658866	171	11	45	440.63
-2.879793	0.906588	1.252948	171	8	43	440.52
1.308997	1.134796	2.434290	172	21	50	440.52
2.094395	1.812176	0.656819	180	19	44	440.51
0.785398	0.379747	-1.713059	168	12	42	440.51
-1.570796	0.496451	0.593859	174	24	46	440.49
1.832596	2.863997	0.549740	167	17	37	440.42
0.785398	1.391910	3.030322	166	9	43	440.41
-3.141593	1.168678	2.108595	181	8	51	440.39
0.785398	1.504028	0.636812	181	16	45	440.37
-1.047198	1.256302	0.062705	30	165	3	440.34
1.308997	1.450119	-2.739050	177	20	47	440.34
-3.141593	2.349581	-2.702517	174	3	39	440.32
-1.832596	0.709924	0.218797	179	11	46	440.28
-1.308997	1.504028	0.636812	178	18	47	440.23
-2.094395	2.579248	-2.364801	178	17	46	440.21
-1.570796	1.014500	0.906702	28	171	9	440.19
-0.785398	1.721184	-0.153948	179	12	45	440.15
2.617994	1.195355	1.200319	167	21	45	440.14
-2.879793	1.510910	-0.740472	169	16	40	440.12
-2.356194	2.108018	1.311430	167	7	43	440.10
-1.047198	0.960688	-0.577532	177	29	42	440.05
0.523599	1.050534	3.042579	162	15	40	440.03
0.261799	2.174483	2.653697	174	4	42	440.02
-1.832596	1.617114	-1.572037	168	23	40	440.00
0.523599	1.909857	-0.381669	173	26	44	439.94
-0.523599	1.504028	0.636812	171	7	40	439.93
-1.832596	0.700570	1.559208	168	24	41	439.82
-2.094395	1.433411	-1.035986	172	26	42	439.81
-0.523599	1.599406	1.426070	53	175	184	439.79
-1.570796	1.504028	0.636812	172	6	40	439.75
2.356194	1.824694	1.850876	172	19	42	439.75
2.879793	1.014500	0.906702	172	16	47	439.75
-3.141593	0.831641	0.616218	170	12	43	439.75
-3.141593	0.496451	0.593859	32	191	9	439.72
2.094395	2.379497	0.561089	180	12	47	439.66
0.785398	0.418037	1.360082	176	21	48	439.56
-2.617994	2.588535	-2.976617	173	12	43	439.52
-2.356194	2.180315	-1.357379	174	23	45	439.52
0.261799	0.866395	-2.492918	51	172	175	439.50
2.617994	1.574060	2.783565	56	181	172	439.48
1.308997	2.455966	-0.641220	179	20	50	439.48
0.261799	2.180315	-1.357379	173	17	42	439.36
0.523599	2.979456	-1.009304	52	179	168	439.31
1.570796	2.724429	-0.348782	177	12	44	439.26
1.832596	2.863997	0.549740	175	8	41	439.18
0.785398	1.448123	-2.163292	178	30	43	439.10
1.570796	0.992645	-1.723759	165	18	38	439.08
0.523599	0.290380	-0.796960	171	8	41	439.02
0.000000	0.418037	1.360082	177	20	47	439.02
2.879793	0.080730	-2.622036	172	11	42	438.99
-2.094395	0.899350	-2.069907	168	16	40	438.91
0.785398	1.872854	1.543456	190	27	51	438.85
-1.308997	1.374601	-2.456031	169	18	44	438.83
0.523599	2.295480	1.008277	171	13	39	438.82
-2.356194	0.496451	0.593859	177	10	47	438.76
-2.094395	1.741644	-2.695914	169	18	39	438.76
0.261799	0.203748	0.590255	176	17	48	438.70
-2.094395	1.736875	3.023612	169	12	44	438.67
2.356194	2.299159	2.264663	187	21	48	438.67
-0.261799	0.910508	1.903534	173	15	45	438.66
2.094395	2.041297	-2.664597	168	27	41	438.65
-1.832596	0.961715	0.014085	173	7	41	438.62
1.832596	2.299159	2.264663	179	19	45	438.60
0.261799	1.433411	-1.035986	169	24	42	438.59
-1.047198	2.115563	0.685730	177	31	42	438.58
-1.570796	0.379747	-1.713059	177	27	45	438.55
-2.617994	1.658653	-2.409879	171	18	41	438.53
-1.832596	1.599406	1.426070	172	18	46	438.48
2.356194	1.809167	1.213774	173	16	42	438.44
1.832596	2.592629	0.909713	176	9	46	438.43
-2.094395	1.413430	2.550734	169	9	42	438.36
-1.570796	1.809167	1.213774	178	1	43	438.34
2.356194	0.831641	0.616218	172	24	47	438.28
-1.832596	2.295480	1.008277	168	11	41	438.26
0.785398	0.929350	-2.910676	181	23	50	438.26
0.000000	1.195355	1.200319	176	16	48	438.22
2.094395	1.875281	0.107086	173	3	38	438.20
-2.094395	1.875281	0.107086	167	15	40	438.13
1.570796	0.850607	-1.335383	166	16	39	438.12
1.308997	0.619654	-2.216909	174	15	48	438.11
-2.879793	1.658653	-2.409879	185	22	50	438.04
1.570796	1.741644	-2.695914	176	19	45	437.98
-0.785398	1.662363	0.915448	172	12	44	437.86
-1.308997	1.433411	-1.035986	0	31	45	437.82
0.000000	1.904882	-1.478089	177	20	47	437.77
-1.832596	1.812176	0.656819	173	12	45	437.76
0.523599	2.115563	0.685730	172	24	44	437.73
0.000000	2.180315	-1.357379	178	15	49	437.72
2.356194	1.555207	1.708892	172	15	42	437.66
1.308997	1.413430	2.550734	173	12	50	437.63
-2.356194	0.709924	0.218797	178	17	47	437.63
-0.785398	1.948085	-2.363031	169	9	40	437.56
-0.523599	1.736875	3.023612	168	23	46	437.55
-3.141593	2.033014	2.977192	171	21	43	437.52
-0.523599	2.393226	1.857173	183	20	46	437.49
2.617994	1.574060	2.783565	168	22	41	437.47
-2.617994	0.709924	0.218797	26	180	10	437.44
0.000000	1.194549	-0.801900	179	25	46	437.41
1.832596	0.379747	-1.713059	177	3	40	437.40
-0.785398	1.504028	0.636812	174	23	45	437.35
1.047198	1.135813	-2.658866	175	16	47	437.34
1.047198	1.194549	-0.801900	166	17	41	437.30
0.785398	1.741644	-2.695914	46	182	161	437.28
1.308997	1.440580	2.260026	175	17	52	437.26
-1.308997	2.115563	0.685730	169	15	42	437.26
-3.141593	0.914445	2.687814	169	14	44	437.25
1.570796	1.554776	0.100351	168	15	40	437.23
-1.832596	1.736875	3.023612	188	33	48	437.19
-0.261799	1.696674	-1.253233	179	24	48	437.07
-2.356194	1.554776	0.100351	171	16	44	437.07
-1.308997	1.982574	-1.115518	52	178	182	437.02
2.094395	1.335669	0.897240	176	23	46	436.99
0.261799	2.153910	-1.714959	175	16	44	436.91
-2.094395	0.496451	0.593859	180	9	47	436.88
2.356194	2.587733	0.232235	50	173	172	436.85
0.785398	2.356369	3.005869	174	1	42	436.82
-1.047198	2.719179	-1.780644	164	21	35	436.81
-2.094395	0.866955	-0.931351	169	13	42	436.77
-1.832596	1.732874	-0.951685	167	17	38	436.72
-1.308997	1.872854	1.543456	171	16	46	436.71
-1.570796	0.850607	-1.335383	177	23	48	436.70
-0.785398	1.812176	0.656819	174	8	42	436.68
0.261799	1.014500	0.906702	181	20	49	436.67
-1.308997	2.343981	-1.040456	176	24	48	436.67
-1.570796	2.704512	1.488683	21	5	14	436.61
-2.356194	2.719179	-1.780644	172	21	46	436.59
0.000000	2.187132	-0.479875	30	175	7	436.59
0.785398	0.458961	-0.107937	178	8	44	436.56
-2.617994	1.721184	-0.153948	167	19	40	436.54
1.570796	0.733948	3.021411	176	9	45	436.52
0.785398	1.756530	-2.105156	181	15	48	436.52
-0.785398	1.417623	-0.202254	172	9	43	436.44
2.356194	1.869911	2.701025	177	22	45	436.39
-3.141593	2.115563	0.685730	163	14	36	436.35
-0.785398	1.812176	0.656819	178	28	42	436.33
2.094395	2.637879	2.121598	57	178	170	436.30
-2.094395	0.685216	-1.712745	171	13	43	436.30
2.094395	0.674054	1.013609	172	12	40	436.30
-1.570796	1.870545	-2.976234	171	10	44	436.29
-2.879793	0.618092	2.539118	171	16	47	436.29
1.832596	1.909857	-0.381669	169	9	39	436.26
2.879793	2.478122	2.609777	176	13	43	436.22
-1.308997	2.164094	-2.991358	178	19	46	436.18
0.000000	1.440580	2.260026	174	19	48	436.15
0.523599	1.128190	-2.288622	171	7	42	436.14
0.000000	1.310100	1.488307	54	175	165	436.14
-2.617994	2.033014	2.977192	167	15	39	436.11
2.879793	0.370812	-2.547742	173	15	44	436.09
-1.570796	0.866955	-0.931351	8	32	36	436.07
1.308997	2.724429	-0.348782	172	13	41	436.04
-1.308997	1.836682	-0.676006	175	21	43	435.95
0.261799	2.393226	1.857173	181	6	43	435.94
-1.570796	0.674054	1.013609	175	23	46	435.92
-0.523599	2.760637	2.781135	167	16	43	435.91
-2.094395	0.080730	-2.622036	182	35	43	435.87
-0.523599	1.599406	1.426070	173	10	46	435.87
-3.141593	2.587733	0.232235	177	13	43	435.86
-2.617994	0.674054	1.013609	167	16	41	435.84
-2.356194	1.184361	0.625864	171	12	46	435.84
-3.141593	2.760637	2.781135	168	13	40	435.80
1.570796	0.685216	-1.712745	165	21	37	435.80
0.523599	1.504028	0.636812	176	16	45	435.77
2.094395	0.685216	-1.712745	180	5	42	435.73
1.047198	2.863997	0.549740	174	12	45	435.72
1.570796	2.724429	-0.348782	171	12	39	435.71
0.000000	0.906588	1.252948	173	10	44	435.69
2.879793	0.496451	0.593859	171	18	47	435.68
-1.308997	2.455966	-0.641220	176	14	45	435.61
-0.785398	1.948085	-2.363031	168	10	40	435.57
-1.832596	1.617114	-1.572037	50	181	167	435.46
-2.356194	2.033014	2.977192	171	24	44	435.46
-2.094395	1.721184	-0.153948	170	11	40	435.43
2.617994	1.168678	2.108595	179	24	49	435.41
-1.308997	1.617114	-1.572037	172	29	42	435.40
0.000000	1.135834	-1.431087	167	13	41	435.34
-0.785398	1.599406	1.426070	177	13	49	435.33
-2.879793	1.658653	-2.409879	31	177	8	435.33
0.000000	0.591903	2.010408	173	19	46	435.30
-2.617994	0.571433	-1.188419	169	15	41	435.27
0.523599	1.128190	-2.288622	174	11	46	435.19
-0.785398	1.488617	1.159546	171	11	43	435.16
0.523599	1.574060	2.783565	166	14	46	435.14
2.356194	1.554776	0.100351	29	191	8	435.07
1.832596	1.904882	-1.478089	168	17	42	435.07
-2.094395	1.699788	2.452890	173	21	47	435.03
0.261799	2.247462	0.191623	168	24	39	435.00
-1.832596	1.732874	-0.951685	160	159	187	434.90
2.879793	2.115563	0.685730	165	22	39	434.86
1.570796	2.379497	0.561089	173	11	46	434.80
1.308997	1.367556	0.358405	175	12	43	434.78
-0.261799	1.599406	1.426070	170	11	42	434.73
2.094395	1.135834	-1.431087	174	11	44	434.72
0.000000	2.187132	-0.479875	165	20	41	434.70
-0.261799	0.866955	-0.931351	177	26	44	434.68
-1.570796	2.704512	1.488683	183	20	46	434.60
2.356194	1.135834	-1.431087	176	9	44	434.53
1.570796	2.251330	-2.330739	167	24	41	434.52
-2.879793	0.700570	1.559208	163	160	6	434.50
2.617994	0.379747	-1.713059	22	4	8	434.50
-3.141593	2.404280	-0.174044	179	12	44	434.48
1.308997	1.128190	-2.288622	172	13	45	434.46
-0.785398	1.310100	1.488307	170	14	41	434.46
-2.617994	1.721184	-0.153948	166	19	39	434.41
2.879793	2.407836	1.410646	177	12	42	434.39
-3.141593	1.391910	3.030322	44	173	6	434.39
2.356194	1.699788	2.452890	188	18	53	434.37
-0.261799	1.025536	1.576859	173	12	44	434.32
1.047198	1.135834	-1.431087	167	21	40	434.29
-3.141593	0.496451	0.593859	171	15	47	434.25
0.261799	0.850607	-1.335383	166	11	39	434.20
0.785398	1.696674	-1.253233	174	15	42	434.19
-2.094395	1.555207	1.708892	168	11	42	434.16
0.785398	1.135813	-2.658866	179	15	48	434.15
-3.141593	2.104282	-0.813972	187	27	45	434.06
0.523599	0.290380	-0.796960	182	21	49	434.00
-0.785398	1.736875	3.023612	171	13	45	433.98
0.261799	0.906588	1.252948	175	17	47	433.97
-2.617994	1.824694	1.850876	165	19	39	433.92
1.570796	2.719179	-1.780644	173	23	43	433.92
1.047198	0.618092	2.539118	175	21	48	433.89
1.570796	0.674054	1.013609	173	24	48	433.89
0.523599	0.866395	-2.492918	175	15	49	433.85
2.879793	0.496451	0.593859	170	18	47	433.84
0.523599	0.700570	1.559208	185	35	44	433.79
1.047198	0.458961	-0.107937	169	21	38	433.78
-1.570796	2.001437	0.381215	168	12	40	433.72
-0.261799	1.247695	1.809890	171	15	47	433.72
0.785398	2.115563	0.685730	164	21	36	433.72
2.356194	2.247462	0.191623	182	14	47	433.69
-2.879793	2.108018	1.311430	179	32	45	433.67
2.617994	0.290380	-0.796960	172	17	44	433.64
1.570796	1.413347	-1.339188	171	12	45	433.61
-1.047198	2.881233	-2.582574	173	16	43	433.53
1.308997	0.370812	-2.547742	34	183	9	433.53
2.879793	0.458961	-0.107937	175	17	47	433.49
-1.570796	1.135813	-2.658866	172	19	46	433.48
-2.879793	1.050534	3.042579	173	16	48	433.48
-2.356194	0.906588	1.252948	178	14	48	433.48
-2.356194	1.050534	3.042579	174	9	45	433.48
1.047198	1.662363	0.915448	189	38	42	433.44
2.094395	1.440580	2.260026	171	14	40	433.43
0.523599	0.992645	-1.723759	170	6	39	433.41
-0.523599	2.664082	-1.071402	32	178	10	433.33
2.094395	2.760637	2.781135	173	20	45	433.32
2.879793	2.033014	2.977192	174	28	45	433.30
1.832596	1.168678	2.108595	186	29	48	433.30
0.000000	1.218453	2.777284	166	21	41	433.29
-1.047198	1.504028	0.636812	179	15	48	433.26
1.832596	0.370812	-2.547742	167	10	41	433.25
0.000000	1.732874	-0.951685	176	12	43	433.25
-2.094395	1.875281	0.107086	169	15	41	433.23
2.356194	0.379747	-1.713059	181	17	49	433.22
-2.094395	1.812176	0.656819	171	17	45	433.18
0.000000	1.367556	0.358405	177	19	47	433.14
2.356194	1.998705	2.370472	182	16	46	433.12
0.261799	1.909857	-0.381669	165	19	40	433.08
0.000000	1.128190	-2.288622	175	17	49	433.00
2.356194	1.662363	0.915448	167	27	41	432.97
-1.570796	1.135813	-2.658866	177	25	49	432.93
0.261799	1.569311	-3.003978	163	15	42	432.87
-2.356194	2.251330	-2.330739	179	27	46	432.86
0.785398	0.864993	2.278281	33	183	10	432.85
1.570796	2.063651	-2.044600	166	24	40	432.78
-3.141593	1.872854	1.543456	170	15	41	432.77
2.094395	1.662363	0.915448	170	31	42	432.72
-1.832596	2.664082	-1.071402	173	12	42	432.71
-0.523599	1.391910	3.030322	174	9	44	432.67
-2.094395	0.866955	-0.931351	174	18	46	432.59
-0.261799	1.195355	1.200319	173	16	46	432.58
1.047198	2.455966	-0.641220	180	22	50	432.56
0.785398	1.214854	-1.966664	173	5	39	432.55
-0.785398	1.195355	1.200319	172	15	45	432.53
-0.523599	1.310100	1.488307	179	13	50	432.52
0.523599	1.870545	-2.976234	165	7	41	432.45
-0.261799	1.391910	3.030322	171	29	47	432.45
-2.094395	1.977582	0.969896	172	23	45	432.41
0.000000	1.448123	-2.163292	178	24	48	432.41
0.000000	1.450119	-2.739050	175	11	46	432.41
-2.094395	0.458961	-0.107937	171	8	42	432.39
-0.785398	0.914445	2.687814	166	21	40	432.37
2.094395	1.242974	-2.977882	167	31	33	432.35
2.094395	2.180315	-1.357379	173	15	47	432.30
1.570796	0.709924	0.218797	173	14	42	432.28
0.000000	1.413347	-1.339188	170	22	40	432.24
2.617994	1.433411	-1.035986	31	176	8	432.22
1.047198	2.724429	-0.348782	181	17	50	432.22
2.356194	0.906588	1.252948	165	21	43	432.20
0.261799	0.831641	0.616218	168	21	40	432.16
1.832596	2.393226	1.857173	186	24	46	432.15
-2.617994	1.948085	-2.363031	182	23	48	432.15
-2.094395	1.014500	0.906702	175	10	45	432.13
1.570796	1.599406	1.426070	174	18	42	432.12
2.617994	0.992645	-1.723759	174	8	42	432.10
2.617994	1.766067	2.153843	175	15	43	432.09
-2.094395	1.846342	-1.796954	175	13	44	432.03
0.261799	0.850607	-1.335383	182	27	45	431.95
-1.308997	1.683268	0.374177	176	13	46	431.94
-1.570796	2.138223	1.678323	168	9	40	431.94
2.617994	2.478122	2.609777	178	23	44	431.93
-1.832596	1.135834	-1.431087	173	24	46	431.93
-2.356194	0.700570	1.559208	168	9	41	431.90
-2.617994	2.704512	1.488683	162	20	39	431.87
2.094395	2.404280	-0.174044	178	7	42	431.86
2.879793	2.174483	2.653697	171	16	41	431.79
-1.308997	0.762244	-0.273349	50	174	178	431.78
-1.308997	2.407836	1.410646	169	11	42	431.76
-0.523599	0.419640	2.974122	170	21	44	431.71
1.047198	1.696674	-1.253233	172	14	41	431.68
2.617994	1.440580	2.260026	183	17	53	431.67
1.308997	1.134796	2.434290	169	13	48	431.67
-2.617994	2.719179	-1.780644	170	12	39	431.66
2.879793	1.256302	0.062705	175	21	44	431.64
-1.308997	2.115563	0.685730	174	19	43	431.63
-1.832596	2.115563	0.685730	169	12	42	431.62
-2.617994	2.033014	2.977192	169	14	40	431.61
0.261799	2.063651	-2.044600	177	12	46	431.60
2.356194	2.455966	-0.641220	171	12	38	431.60
-0.785398	1.417623	-0.202254	174	26	41	431.58
0.261799	1.045978	0.343692	177	23	47	431.52
-2.617994	1.247695	1.809890	180	8	51	431.52
-0.261799	1.128190	-2.288622	182	30	47	431.36
2.356194	1.014500	0.906702	171	19	44	431.34
2.094395	1.732874	-0.951685	172	19	43	431.28
-1.570796	0.831641	0.616218	171	14	41	431.28
1.832596	2.115563	0.685730	173	7	42	431.27
2.879793	1.433411	-1.035986	169	14	40	431.27
-2.879793	1.050534	3.042579	177	23	50	431.26
0.261799	2.138223	1.678323	0	15	51	431.26
-0.261799	1.569311	-3.003978	167	28	44	431.23
0.261799	2.251330	-2.330739	52	183	175	431.22
-2.094395	2.592629	0.909713	171	7	41	431.15
2.879793	1.977582	0.969896	167	23	44	431.12
-2.094395	2.456751	-1.503343	176	20	47	431.08
2.094395	1.325504	-1.671296	173	16	46	431.07
-1.832596	1.809167	1.213774	169	15	44	431.01
-0.785398	1.736875	3.023612	172	12	46	431.00
2.094395	0.831641	0.616218	175	13	42	430.99
0.785398	2.115563	0.685730	166	21	41	430.96
2.356194	1.134796	2.434290	181	17	50	430.96
-0.785398	1.301460	-0.509251	174	25	41	430.92
-1.832596	0.496451	0.593859	167	13	40	430.90
-2.094395	1.440580	2.260026	174	17	48	430.89
-1.832596	1.872854	1.543456	168	21	43	430.88
1.308997	0.914445	2.687814	164	11	44	430.86
0.000000	0.591903	2.010408	172	19	46	430.85
-0.785398	1.977582	0.969896	168	11	40	430.83
-0.785398	1.569311	-3.003978	171	12	46	430.81
0.000000	1.242974	-2.977882	167	14	41	430.81
2.094395	2.299159	2.264663	177	29	42	430.80
-0.523599	1.569311	-3.003978	171	14	46	430.71
0.785398	0.571433	-1.188419	187	20	49	430.67
-2.617994	2.180315	-1.357379	175	17	44	430.64
-1.308997	2.579248	-2.364801	180	4	44	430.63
0.523599	1.391910	3.030322	168	18	47	430.59
0.261799	0.850607	-1.335383	163	12	37	430.58
-1.308997	1.374601	-2.456031	168	19	44	430.57
-0.785398	1.506530	1.988858	173	20	48	430.52
-2.617994	2.637879	2.121598	174	21	42	430.51
0.523599	1.736875	3.023612	166	9	42	430.51
-0.523599	0.866955	-0.931351	165	16	39	430.43
-2.617994	2.247462	0.191623	183	20	45	430.39
1.832596	0.866955	-0.931351	172	27	41	430.38
-1.047198	2.343981	-1.040456	172	19	44	430.34
-2.094395	2.251330	-2.330739	176	22	46	430.29
-0.785398	2.108018	1.311430	49	165	185	430.24
-1.832596	1.721184	-0.153948	166	18	39	430.18
-2.094395	1.870545	-2.976234	168	16	43	430.15
0.785398	1.812176	0.656819	170	24	41	430.14
-3.141593	0.709924	0.218797	167	18	43	430.07
-1.047198	1.488617	1.159546	51	175	178	430.05
-1.308997	0.762244	-0.273349	169	21	43	430.03
1.832596	1.721184	-0.153948	182	20	47	430.01
1.570796	2.396274	-1.959260	170	24	44	430.00
-2.356194	1.218453	2.777284	171	21	48	429.96
-1.832596	0.370812	-2.547742	182	23	47	429.96
-0.523599	1.450119	-2.739050	31	189	10	429.94
0.523599	2.393226	1.857173	168	25	38	429.94
1.047198	0.619654	-2.216909	169	11	42	429.94
-1.308997	1.766067	2.153843	175	11	46	429.93
-2.617994	1.658653	-2.409879	182	18	48	429.93
0.523599	2.349581	-2.702517	180	14	45	429.87
-2.617994	1.948085	-2.363031	181	23	48	429.78
-2.879793	0.674054	1.013609	179	15	49	429.78
-0.785398	2.108018	1.311430	173	8	44	429.73
1.308997	1.135834	-1.431087	168	21	44	429.70
-1.047198	2.343981	-1.040456	172	23	47	429.67
0.523599	2.295480	1.008277	168	22	41	429.64
1.308997	0.864993	2.278281	164	16	40	429.58
-1.570796	0.458961	-0.107937	173	24	45	429.53
-2.879793	0.591903	2.010408	171	11	45	429.43
2.094395	2.180315	-1.357379	173	16	47	429.43
-0.785398	2.041297	-2.664597	170	11	45	429.41
0.523599	0.203748	0.590255	166	22	36	429.38
-1.832596	0.419640	2.974122	173	11	45	429.35
2.879793	2.592629	0.909713	163	23	36	429.33
1.832596	0.370812	-2.547742	171	14	45	429.31
-2.356194	2.881233	-2.582574	167	12	41	429.22
2.879793	1.555207	1.708892	172	19	52	429.19
-2.094395	1.846342	-1.796954	175	9	38	429.17
1.570796	1.870545	-2.976234	176	17	44	429.17
-1.308997	1.658653	-2.409879	166	18	41	429.16
0.785398	1.662363	0.915448	2	35	41	429.12
0.785398	1.904882	-1.478089	177	16	45	429.12
-0.785398	2.164094	-2.991358	53	173	176	429.11
1.570796	1.168678	2.108595	170	15	47	429.10
-2.879793	1.433411	-1.035986	184	17	47	429.06
2.094395	1.134796	2.434290	181	18	50	429.04
0.785398	2.108018	1.311430	3	27	48	429.04
-0.785398	1.413430	2.550734	178	5	44	429.03
-2.879793	2.356369	3.005869	170	10	38	428.99
1.047198	1.413347	-1.339188	172	24	47	428.93
2.356194	1.599406	1.426070	170	17	41	428.89
0.523599	2.356369	3.005869	178	13	45	428.83
-3.141593	2.033014	2.977192	172	26	45	428.82
1.570796	0.674054	1.013609	31	175	9	428.78
0.785398	0.733948	3.021411	52	175	179	428.75
-2.356194	1.247695	1.809890	166	15	42	428.70
0.785398	1.504028	0.636812	180	16	45	428.68
1.047198	1.128190	-2.288622	177	7	44	428.65
0.261799	2.115563	0.685730	172	15	42	428.60
-1.832596	2.138223	1.678323	157	161	3	428.59
2.356194	1.599406	1.426070	171	16	41	428.50
-1.832596	1.696674	-1.253233	169	25	39	428.47
0.261799	0.674054	1.013609	173	8	41	428.47
-1.570796	1.809167	1.213774	167	13	42	428.41
2.094395	1.617114	-1.572037	49	185	164	428.39
-0.523599	1.574060	2.783565	176	13	48	428.37
1.832596	1.555207	1.708892	175	15	42	428.33
0.261799	0.929350	-2.910676	50	169	182	428.33
0.523599	2.588535	-2.976617	170	10	41	428.30
1.832596	1.506530	1.988858	175	16	48	428.30
-2.879793	0.496451	0.593859	170	8	41	428.24
-1.832596	1.812176	0.656819	168	11	43	428.23
-2.879793	2.164094	-2.991358	171	20	43	428.19
-1.047198	2.881233	-2.582574	171	16	42	428.19
-0.523599	1.574060	2.783565	177	4	42	428.16
1.832596	0.458961	-0.107937	171	16	41	428.15
2.094395	0.674054	1.013609	174	17	48	428.15
2.094395	2.073035	2.027405	187	24	53	428.15
-2.617994	1.218453	2.777284	23	15	30	428.10
2.094395	1.875281	0.107086	175	10	44	428.03
-1.047198	1.488617	1.159546	175	9	46	428.02
1.047198	2.407836	1.410646	182	25	45	427.98
-0.523599	1.870545	-2.976234	167	28	44	427.98
-2.879793	0.906588	1.252948	180	14	50	427.96
-2.879793	1.135813	-2.658866	184	28	49	427.96
-2.356194	1.872854	1.543456	171	8	47	427.91
0.261799	2.349581	-2.702517	181	17	46	427.89
-1.832596	1.335669	0.897240	172	10	42	427.88
0.261799	1.809167	1.213774	178	10	44	427.88
-3.141593	2.579248	-2.364801	167	19	37	427.82
1.832596	2.343981	-1.040456	172	11	38	427.82
0.785398	2.108018	1.311430	170	9	36	427.81
2.617994	0.709924	0.218797	175	21	47	427.81
0.785398	2.478122	2.609777	182	2	46	427.81
2.094395	2.089241	-0.114193	175	5	41	427.80
0.523599	0.290380	-0.796960	180	20	49	427.78
0.785398	1.128190	-2.288622	176	15	49	427.78
-2.879793	2.041297	-2.664597	180	27	48	427.74
-0.523599	0.618092	2.539118	53	178	171	427.74
2.617994	0.203748	0.590255	171	17	46	427.73
0.523599	0.850607	-1.335383	168	29	37	427.72
0.261799	1.683268	0.374177	168	18	38	427.72
2.617994	1.555207	1.708892	170	15	40	427.69
1.570796	2.592629	0.909713	166	11	36	427.67
1.570796	2.396274	-1.959260	55	170	174	427.65
2.879793	1.606104	-0.451151	177	14	45	427.61
-2.617994	2.637879	2.121598	171	23	40	427.59
-0.261799	2.153910	-1.714959	43	183	156	427.58
0.000000	2.356369	3.005869	177	20	44	427.56
-1.832596	0.496451	0.593859	51	181	176	427.54
2.356194	2.587733	0.232235	180	8	45	427.46
2.094395	0.496451	0.593859	173	20	47	427.40
1.047198	1.504028	0.636812	0	27	46	427.36
-1.832596	2.063651	-2.044600	171	30	43	427.32
0.785398	0.929350	-2.910676	182	24	50	427.30
2.094395	2.863997	0.549740	185	13	49	427.28
-1.047198	1.417623	-0.202254	169	10	41	427.25
1.308997	2.396274	-1.959260	176	25	47	427.25
0.000000	1.050534	3.042579	167	18	40	427.20
2.617994	2.104282	-0.813972	173	9	44	427.19
0.785398	2.664082	-1.071402	173	15	43	427.13
0.523599	0.709924	0.218797	171	23	42	427.10
0.785398	0.914445	2.687814	163	18	43	427.07
-1.832596	0.496451	0.593859	166	14	40	427.04
-1.308997	0.762244	-0.273349	49	172	179	427.04
-1.047198	2.592629	0.909713	182	16	45	426.98
1.308997	0.379747	-1.713059	177	15	47	426.74
-0.785398	1.569311	-3.003978	173	35	43	426.71
-2.356194	1.440580	2.260026	173	19	48	426.67
1.832596	1.195355	1.200319	167	28	40	426.66
-1.047198	2.164094	-2.991358	170	28	42	426.64
1.570796	0.866955	-0.931351	176	19	44	426.61
0.000000	2.041297	-2.664597	181	24	46	426.54
-2.879793	1.391910	3.030322	172	10	42	426.46
-0.261799	1.128190	-2.288622	169	11	43	426.42
-0.261799	1.569311	-3.003978	171	14	46	426.38
-2.094395	2.478122	2.609777	175	30	46	426.32
1.832596	0.700570	1.559208	178	17	50	426.30
-0.523599	2.247462	0.191623	173	8	39	426.29
1.047198	0.929350	-2.910676	179	24	49	426.26
2.879793	0.762244	-0.273349	172	21	44	426.25
-0.261799	1.904882	-1.478089	28	182	11	426.19
-1.570796	1.450119	-2.739050	55	172	168	426.12
2.617994	2.138223	1.678323	174	26	46	426.11
-1.047198	2.349581	-2.702517	170	9	43	426.09
2.356194	1.325504	-1.671296	175	13	46	426.07
0.261799	2.393226	1.857173	177	34	41	426.03
2.879793	0.910508	1.903534	172	6	47	426.00
-2.356194	1.683268	0.374177	169	16	43	425.97
1.047198	2.579248	-2.364801	179	27	47	425.96
0.261799	2.343981	-1.040456	180	22	48	425.93
-0.523599	1.599406	1.426070	173	11	46	425.92
-1.570796	1.113094	-0.272241	169	11	40	425.90
2.356194	1.168678	2.108595	181	26	49	425.89
0.000000	2.719179	-1.780644	169	16	40	425.89
2.617994	1.617114	-1.572037	181	26	46	425.88
-3.141593	1.545873	-1.877082	175	23	45	425.88
-2.356194	1.440580	2.260026	189	17	54	425.85
1.047198	2.356369	3.005869	173	15	42	425.82
1.832596	0.685216	-1.712745	180	4	43	425.81
2.879793	2.579248	-2.364801	175	16	47	425.70
0.523599	1.741644	-2.695914	176	14	44	425.69
1.047198	0.640596	-2.797608	174	7	43	425.69
-0.785398	1.824694	1.850876	170	14	45	425.68
-1.047198	2.164094	-2.991358	170	8	42	425.68
0.000000	1.135813	-2.658866	170	12	45	425.68
-2.356194	1.741644	-2.695914	172	23	47	425.67
-2.356194	1.128190	-2.288622	168	21	41	425.63
-0.785398	2.637879	2.121598	182	22	46	425.61
1.308997	2.724429	-0.348782	183	18	50	425.59
2.879793	2.579248	-2.364801	57	172	170	425.59
-1.570796	0.290380	-0.796960	166	24	40	425.55
1.832596	0.685216	-1.712745	31	176	9	425.52
2.617994	0.831641	0.616218	165	20	39	425.52
1.832596	1.696674	-1.253233	167	15	41	425.48
-2.617994	0.910508	1.903534	50	181	172	425.47
-1.570796	1.824694	1.850876	173	12	46	425.39
1.832596	2.041297	-2.664597	165	20	37	425.38
1.832596	0.709924	0.218797	176	13	44	425.38
-0.261799	1.135834	-1.431087	168	10	39	425.35
0.000000	1.367556	0.358405	173	16	43	425.30
-3.141593	2.343981	-1.040456	177	9	43	425.29
1.047198	1.741644	-2.695914	175	10	41	425.28
-1.832596	1.721184	-0.153948	172	9	41	425.26
-2.094395	1.812176	0.656819	168	3	36	425.21
0.523599	0.379747	-1.713059	31	179	9	425.19
0.261799	0.929350	-2.910676	174	14	48	425.11
-1.308997	2.455966	-0.641220	172	11	41	425.11
0.785398	2.299159	2.264663	166	24	34	425.10
-1.832596	1.335669	0.897240	176	13	49	425.07
-2.617994	0.080730	-2.622036	175	11	44	425.04
-2.879793	1.301460	-0.509251	176	28	45	425.01
2.094395	0.685216	-1.712745	185	20	49	425.00
0.785398	0.203748	0.590255	55	180	176	424.95
0.000000	2.251330	-2.330739	178	24	45	424.94
-1.047198	2.299159	2.264663	173	16	51	424.93
1.047198	2.407836	1.410646	166	16	38	424.86
-0.261799	2.343981	-1.040456	186	26	49	424.85
1.570796	1.554776	0.100351	52	173	168	424.83
2.094395	2.396274	-1.959260	171	18	44	424.77
1.047198	0.850607	-1.335383	164	21	35	424.71
-2.094395	1.736875	3.023612	50	181	169	424.70
-0.785398	2.104282	-0.813972	172	27	45	424.65
-2.879793	1.450119	-2.739050	179	13	47	424.64
-1.832596	1.045978	0.343692	175	17	47	424.61
-1.570796	0.674054	1.013609	169	15	40	424.60
0.261799	0.929350	-2.910676	170	14	45	424.57
1.832596	2.760637	2.781135	172	21	45	424.57
-1.832596	0.080730	-2.622036	171	13	43	424.53
-2.879793	1.374601	-2.456031	174	23	43	424.50
-3.141593	2.356369	3.005869	174	19	44	424.48
0.261799	0.297065	2.160177	168	12	38	424.46
-0.261799	2.455966	-0.641220	168	18	43	424.43
1.570796	1.488617	1.159546	179	15	44	424.40
-1.570796	0.496451	0.593859	169	17	41	424.35
-1.308997	2.393226	1.857173	173	11	49	424.30
-1.308997	2.343981	-1.040456	175	18	45	424.29
0.261799	2.033014	2.977192	169	6	38	424.28
-2.356194	1.247695	1.809890	167	14	43	424.25
-0.261799	2.073035	2.027405	173	11	45	424.13
-1.570796	1.450119	-2.739050	187	39	39	424.05
0.785398	2.108018	1.311430	170	25	41	424.01
0.000000	1.870545	-2.976234	162	15	38	424.00
1.570796	1.335669	0.897240	175	16	41	423.99
0.261799	1.128190	-2.288622	173	10	46	423.96
-2.617994	2.033014	2.977192	168	14	39	423.94
-0.785398	2.295480	1.008277	166	10	35	423.94
-1.308997	1.696674	-1.253233	185	24	48	423.93
-2.356194	1.504028	0.636812	169	14	44	423.92
2.879793	1.872854	1.543456	171	15	40	423.91
0.523599	1.569311	-3.003978	161	11	40	423.88
-2.356194	2.295480	1.008277	168	6	42	423.86
0.261799	2.247462	0.191623	170	25	43	423.83
-0.523599	1.413347	-1.339188	170	26	40	423.79
2.879793	2.760637	2.781135	177	9	46	423.78
-0.785398	1.872854	1.543456	171	9	43	423.66
0.785398	1.662363	0.915448	176	10	42	423.54
-1.570796	0.961715	0.014085	176	12	45	423.51
0.785398	1.413430	2.550734	168	15	46	423.49
2.356194	1.433411	-1.035986	170	14	39	423.47
-2.879793	0.910508	1.903534	167	14	40	423.40
-2.617994	2.001437	0.381215	166	16	39	423.40
-0.261799	1.310100	1.488307	171	15	45	423.39
-2.356194	2.881233	-2.582574	170	16	44	423.37
1.047198	1.194549	-0.801900	180	31	43	423.30
0.523599	0.674054	1.013609	55	174	169	423.27
-1.047198	2.881233	-2.582574	170	11	39	423.23
1.570796	0.866395	-2.492918	171	14	46	423.18
1.570796	1.335669	0.897240	54	176	168	423.17
1.308997	1.135813	-2.658866	172	20	46	423.11
0.261799	2.349581	-2.702517	179	15	45	423.10
1.047198	2.349581	-2.702517	173	16	41	423.10
0.785398	1.433411	-1.035986	169	20	46	423.06
1.047198	2.478122	2.609777	171	27	42	423.00
-2.094395	2.108018	1.311430	169	19	45	423.00
2.879793	0.571433	-1.188419	172	18	42	422.98
1.570796	1.135834	-1.431087	53	176	178	422.94
1.832596	2.863997	0.549740	175	7	40	422.88
0.261799	0.866395	-2.492918	171	10	43	422.87
-2.617994	0.914445	2.687814	169	12	45	422.86
-2.617994	1.824694	1.850876	173	14	49	422.85
-2.094395	2.984978	1.954446	160	21	35	422.82
-1.570796	2.073035	2.027405	159	165	6	422.82
0.785398	2.153910	-1.714959	177	21	46	422.81
-2.879793	1.756530	-2.105156	176	8	46	422.80
-2.356194	1.574060	2.783565	173	19	47	422.78
-2.094395	1.113094	-0.272241	32	173	6	422.78
-1.570796	2.760637	2.781135	163	28	39	422.72
-0.261799	0.297065	2.160177	174	19	46	422.68
-1.308997	0.866955	-0.931351	175	4	38	422.68
0.000000	2.478122	2.609777	171	4	45	422.66
1.308997	2.349581	-2.702517	176	16	43	422.64
1.832596	1.909857	-0.381669	172	15	45	422.56
0.785398	2.299159	2.264663	179	22	45	422.53
0.523599	2.664082	-1.071402	176	17	46	422.52
-2.094395	2.164094	-2.991358	50	180	171	422.52
-2.879793	1.218453	2.777284	174	18	48	422.52
-2.879793	1.554776	0.100351	175	26	44	422.50
2.094395	2.041297	-2.664597	166	19	40	422.49
-2.356194	1.135813	-2.658866	180	28	49	422.44
2.356194	1.998705	2.370472	174	24	42	422.43
1.570796	2.592629	0.909713	172	9	43	422.39
1.047198	1.809167	1.213774	177	23	43	422.39
1.308997	0.290380	-0.796960	180	12	48	422.33
1.308997	1.450119	-2.739050	179	18	48	422.30
2.356194	2.637879	2.121598	188	28	45	422.28
-1.308997	0.618092	2.539118	169	18	42	422.25
-3.141593	2.108018	1.311430	180	31	46	422.23
1.047198	0.619654	-2.216909	171	16	47	422.09
1.570796	0.910508	1.903534	165	19	42	422.09
-2.356194	1.569311	-3.003978	178	23	49	422.04
-0.261799	1.242974	-2.977882	171	12	42	422.03
-0.785398	1.809167	1.213774	173	6	43	422.01
-1.832596	2.063651	-2.044600	169	27	39	421.97
-0.523599	1.658653	-2.409879	181	22	49	421.93
-0.523599	2.724429	-0.348782	167	22	41	421.91
0.000000	2.881233	-2.582574	163	18	38	421.90
-1.570796	1.977582	0.969896	166	10	38	421.89
-2.879793	2.343981	-1.040456	179	12	48	421.87
-2.617994	1.374601	-2.456031	173	22	43	421.87
2.356194	0.458961	-0.107937	175	11	42	421.87
-1.308997	2.724429	-0.348782	173	15	43	421.84
1.570796	1.134796	2.434290	169	12	49	421.81
1.832596	2.299159	2.264663	179	30	42	421.77
0.785398	2.343981	-1.040456	180	11	49	421.72
-3.141593	0.297065	2.160177	176	26	45	421.71
0.785398	0.864993	2.278281	32	183	10	421.69
2.356194	0.864993	2.278281	176	15	48	421.67
-0.785398	1.335669	0.897240	175	16	47	421.58
0.261799	1.812176	0.656819	173	8	36	421.57
-1.832596	1.977582	0.969896	175	1	42	421.57
2.094395	2.724429	-0.348782	50	175	168	421.55
2.879793	2.760637	2.781135	165	12	37	421.54
-0.785398	1.982574	-1.115518	178	23	48	421.52
-0.523599	0.297065	2.160177	170	11	43	421.44
1.832596	1.168678	2.108595	170	12	45	421.43
-2.617994	1.756530	-2.105156	171	11	40	421.40
0.000000	1.433411	-1.035986	178	17	45	421.38
2.356194	1.433411	-1.035986	175	28	42	421.37
1.832596	1.617114	-1.572037	166	16	39	421.36
-2.094395	2.164094	-2.991358	31	177	7	421.35
-1.570796	2.001437	0.381215	174	22	43	421.22
-1.832596	2.295480	1.008277	174	1	42	421.11
1.308997	2.979456	-1.009304	51	182	173	421.10
-2.356194	1.050534	3.042579	177	20	50	421.04
-1.308997	1.510910	-0.740472	169	7	38	420.97
-1.832596	1.391910	3.030322	167	16	43	420.97
0.523599	2.033014	2.977192	169	5	41	420.95
-1.570796	1.736875	3.023612	178	31	46	420.92
-2.879793	0.685216	-1.712745	172	21	44	420.88
-2.094395	2.456751	-1.503343	175	20	46	420.81
-0.261799	2.719179	-1.780644	174	20	44	420.81
2.617994	1.325504	-1.671296	33	2	6	420.80
1.570796	2.637879	2.121598	183	31	42	420.79
2.617994	2.356369	3.005869	175	18	44	420.78
-3.141593	0.571433	-1.188419	171	20	44	420.70
-1.047198	0.297065	2.160177	173	22	46	420.69
0.000000	2.760637	2.781135	178	22	45	420.65
1.570796	2.379497	0.561089	177	15	47	420.63
0.261799	2.393226	1.857173	174	16	41	420.63
-0.785398	1.736875	3.023612	171	20	46	420.59
1.570796	0.866395	-2.492918	55	170	174	420.54
2.617994	1.574060	2.783565	34	183	11	420.50
-3.141593	1.545873	-1.877082	185	30	44	420.49
0.261799	0.571433	-1.188419	176	14	46	420.48
-3.141593	2.719179	-1.780644	175	10	44	420.48
-1.308997	2.588535	-2.976617	173	9	42	420.41
-1.308997	1.135813	-2.658866	172	10	43	420.41
-0.523599	2.456751	-1.503343	177	11	47	420.41
1.047198	1.510910	-0.740472	169	27	40	420.41
-0.785398	1.450119	-2.739050	30	189	10	420.39
-3.141593	2.760637	2.781135	178	16	45	420.38
0.523599	1.510910	-0.740472	175	7	39	420.31
-1.570796	1.504028	0.636812	173	11	46	420.28
-1.832596	1.606104	-0.451151	166	15	39	420.21
0.000000	1.050534	3.042579	51	186	184	420.15
2.879793	1.836682	-0.676006	177	4	41	420.11
-1.832596	1.184361	0.625864	176	11	47	420.10
-0.261799	2.724429	-0.348782	164	20	39	420.09
1.832596	0.906588	1.252948	28	176	10	420.07
2.617994	1.869911	2.701025	167	26	40	420.07
1.308997	1.135834	-1.431087	168	22	44	420.05
0.000000	1.872854	1.543456	172	9	42	419.98
2.617994	1.998705	2.370472	184	18	49	419.96
-2.879793	2.719179	-1.780644	179	18	49	419.96
0.261799	1.134497	-1.109631	170	25	38	419.92
-0.261799	1.554776	0.100351	168	20	37	419.82
-2.879793	1.450119	-2.739050	177	14	47	419.78
-1.047198	2.299159	2.264663	173	14	51	419.69
1.832596	2.089241	-0.114193	175	16	47	419.61
1.308997	0.929350	-2.910676	176	6	43	419.61
0.785398	1.658653	-2.409879	185	31	44	419.54
-2.879793	0.914445	2.687814	172	20	48	419.52
-3.141593	1.599406	1.426070	172	20	49	419.52
-1.570796	1.433411	-1.035986	171	25	42	419.50
0.261799	1.510910	-0.740472	167	22	41	419.45
-2.094395	1.555207	1.708892	168	10	41	419.44
-1.308997	1.617114	-1.572037	172	30	42	419.41
-1.832596	2.115563	0.685730	163	149	182	419.37
1.047198	1.134497	-1.109631	167	21	43	419.32
2.879793	0.910508	1.903534	173	6	47	419.30
-1.832596	1.696674	-1.253233	177	14	43	419.27
1.047198	0.290380	-0.796960	184	24	49	419.26
1.832596	2.299159	2.264663	1	19	51	419.22
2.879793	1.168678	2.108595	177	24	49	419.19
-2.879793	1.433411	-1.035986	171	19	42	419.18
-1.832596	1.696674	-1.253233	178	14	44	419.04
2.356194	1.440580	2.260026	173	13	42	418.99
2.356194	1.374601	-2.456031	176	14	46	418.93
1.047198	0.733948	3.021411	166	15	42	418.74
-3.141593	2.760637	2.781135	191	31	43	418.74
-3.141593	1.982574	-1.115518	171	17	43	418.71
2.356194	2.187132	-0.479875	181	19	47	418.70
-2.356194	1.809167	1.213774	172	17	46	418.70
2.356194	2.407836	1.410646	177	31	45	418.67
-2.356194	1.741644	-2.695914	169	22	38	418.65
2.356194	1.247695	1.809890	24	6	7	418.64
2.094395	2.104282	-0.813972	172	11	43	418.63
1.308997	0.591903	2.010408	164	23	42	418.60
-1.570796	1.195355	1.200319	52	179	171	418.56
0.785398	2.295480	1.008277	167	19	40	418.52
-1.570796	2.295480	1.008277	51	171	172	418.48
-2.356194	2.251330	-2.330739	173	9	45	418.46
0.523599	0.914445	2.687814	163	166	7	418.44
-2.356194	1.658653	-2.409879	177	20	46	418.33
0.785398	0.618092	2.539118	177	23	48	418.30
-3.141593	1.506530	1.988858	176	12	49	418.26
-1.308997	1.982574	-1.115518	177	22	46	418.22
-1.047198	2.299159	2.264663	170	11	46	418.21
-2.094395	1.247695	1.809890	172	11	45	418.21
-3.141593	0.496451	0.593859	171	16	47	418.17
-1.570796	1.736875	3.023612	166	17	43	418.16
2.617994	1.168678	2.108595	175	10	51	418.11
1.047198	2.592629	0.909713	168	15	43	418.10
2.617994	2.984978	1.954446	171	10	41	418.09
-2.617994	1.134497	-1.109631	181	32	45	418.03
-2.879793	2.349581	-2.702517	179	29	46	418.01
1.047198	1.194549	-0.801900	177	19	45	418.00
2.356194	2.153910	-1.714959	176	20	47	417.98
-2.879793	1.242974	-2.977882	174	10	44	417.98
-2.617994	0.419640	2.974122	169	14	38	417.96
-3.141593	0.762244	-0.273349	173	20	45	417.93
-1.047198	1.195355	1.200319	170	15	42	417.92
-2.094395	0.419640	2.974122	170	15	44	417.91
-3.141593	0.640596	-2.797608	178	4	43	417.90
2.094395	1.014500	0.906702	171	22	44	417.89
1.832596	1.683268	0.374177	181	23	44	417.86
2.356194	0.910508	1.903534	177	28	47	417.81
2.356194	1.904882	-1.478089	39	171	4	417.79
-2.094395	2.349581	-2.702517	178	7	44	417.78
1.570796	2.187132	-0.479875	171	11	39	417.74
0.261799	2.153910	-1.714959	175	15	44	417.73
-1.308997	2.295480	1.008277	168	7	39	417.71
0.000000	1.662363	0.915448	181	13	47	417.70
2.094395	1.014500	0.906702	55	184	175	417.63
0.523599	0.591903	2.010408	169	13	43	417.63
1.308997	2.760637	2.781135	168	19	39	417.60
-2.356194	0.591903	2.010408	38	166	5	417.53
1.832596	2.724429	-0.348782	182	12	48	417.48
-1.570796	1.569311	-3.003978	169	21	46	417.46
2.094395	1.982574	-1.115518	171	12	45	417.45
1.832596	2.979456	-1.009304	173	15	41	417.41
-1.308997	2.704512	1.488683	183	20	46	417.40
-1.570796	0.290380	-0.796960	185	24	49	417.37
-0.523599	1.135834	-1.431087	166	13	38	417.34
-2.094395	1.617114	-1.572037	169	27	40	417.21
-2.879793	2.588535	-2.976617	169	15	42	417.20
-0.785398	1.683268	0.374177	25	180	8	417.19
-1.832596	1.242974	-2.977882	175	23	49	417.15
-2.094395	1.014500	0.906702	174	10	43	417.07
0.523599	1.658653	-2.409879	175	4	41	417.03
-1.832596	2.407836	1.410646	170	8	46	417.02
-1.570796	1.736875	3.023612	173	23	47	417.00
-2.356194	1.184361	0.625864	176	19	48	416.96
0.000000	0.992645	-1.723759	189	27	45	416.96
0.785398	1.948085	-2.363031	175	21	45	416.95
-2.094395	0.379747	-1.713059	184	19	50	416.93
1.308997	1.440580	2.260026	52	179	186	416.87
1.832596	0.418037	1.360082	173	17	48	416.81
0.523599	0.992645	-1.723759	54	175	177	416.80
-0.785398	1.488617	1.159546	175	11	47	416.76
-0.261799	1.195355	1.200319	175	11	45	416.67
0.261799	2.343981	-1.040456	176	9	42	416.65
0.523599	2.033014	2.977192	168	6	42	416.64
-0.261799	2.719179	-1.780644	173	13	42	416.63
1.570796	2.063651	-2.044600	28	185	9	416.63
1.832596	0.290380	-0.796960	178	15	47	416.59
-1.832596	1.134497	-1.109631	168	10	39	416.51
2.356194	1.488617	1.159546	32	181	9	416.48
1.308997	0.496451	0.593859	176	12	45	416.47
-1.047198	2.393226	1.857173	52	169	175	416.46
0.261799	2.478122	2.609777	178	32	42	416.43
2.356194	0.906588	1.252948	173	15	47	416.42
-2.617994	0.591903	2.010408	173	18	47	416.38
0.000000	2.153910	-1.714959	173	18	44	416.38
0.785398	1.510910	-0.740472	168	18	43	416.33
-2.617994	0.914445	2.687814	174	17	48	416.30
-0.261799	1.766067	2.153843	168	15	44	416.27
-2.879793	2.349581	-2.702517	178	27	46	416.26
-0.261799	1.599406	1.426070	174	10	46	416.23
0.261799	1.135834	-1.431087	166	9	38	416.22
0.785398	0.866395	-2.492918	54	173	173	416.16
-2.094395	1.732874	-0.951685	183	23	47	416.10
1.832596	0.640596	-2.797608	167	15	39	416.09
-2.617994	0.906588	1.252948	178	14	48	416.07
2.879793	1.433411	-1.035986	171	25	42	416.00
-0.261799	1.413347	-1.339188	180	18	46	415.98
-2.617994	1.025536	1.576859	51	180	174	415.93
-2.617994	1.809167	1.213774	175	25	48	415.93
-0.785398	1.506530	1.988858	172	22	47	415.91
1.832596	2.343981	-1.040456	174	10	40	415.86
-3.141593	2.592629	0.909713	164	21	39	415.81
-2.094395	1.242974	-2.977882	175	12	46	415.80
-1.308997	1.812176	0.656819	177	29	43	415.68
2.356194	1.184361	0.625864	175	17	43	415.67
0.785398	2.356369	3.005869	173	1	40	415.65
0.000000	0.571433	-1.188419	169	8	41	415.62
-1.047198	1.741644	-2.695914	172	16	48	415.52
2.094395	2.299159	2.264663	172	16	42	415.51
2.617994	1.506530	1.988858	173	13	42	415.46
0.261799	1.128190	-2.288622	172	12	46	415.43
1.570796	2.393226	1.857173	2	23	50	415.41
2.879793	0.762244	-0.273349	171	25	44	415.41
-0.785398	1.510910	-0.740472	173	21	42	415.36
1.832596	2.760637	2.781135	173	23	45	415.36
2.617994	0.709924	0.218797	170	17	44	415.27
2.617994	1.045978	0.343692	171	19	43	415.22
-1.570796	0.080730	-2.622036	175	30	44	415.18
0.523599	0.992645	-1.723759	169	7	39	415.15
-0.785398	1.195355	1.200319	168	14	41	415.11
2.094395	2.153910	-1.714959	33	173	5	415.07
1.832596	2.637879	2.121598	167	12	41	415.02
-2.879793	0.961715	0.014085	174	20	46	414.99
0.523599	0.674054	1.013609	176	8	44	414.99
2.094395	1.721184	-0.153948	177	16	45	414.95
-0.785398	2.138223	1.678323	175	13	47	414.94
0.261799	1.736875	3.023612	170	18	48	414.93
-2.879793	1.872854	1.543456	168	14	46	414.91
-2.879793	0.700570	1.559208	170	9	42	414.91
2.356194	1.809167	1.213774	169	25	43	414.89
2.879793	1.510910	-0.740472	173	14	43	414.87
1.308997	0.290380	-0.796960	180	10	46	414.78
1.832596	0.674054	1.013609	33	175	9	414.78
2.617994	1.869911	2.701025	174	19	44	414.76
2.879793	1.488617	1.159546	167	22	45	414.72
1.570796	0.418037	1.360082	52	191	173	414.69
-3.141593	1.555207	1.708892	171	13	49	414.67
-0.261799	1.683268	0.374177	174	12	42	414.66
-2.879793	2.704512	1.488683	164	24	40	414.65
1.570796	0.906588	1.252948	177	10	44	414.55
-3.141593	2.247462	0.191623	177	18	43	414.51
0.785398	1.510910	-0.740472	169	19	44	414.49
2.879793	0.571433	-1.188419	173	23	46	414.49
-1.570796	0.674054	1.013609	50	179	166	414.47
-2.094395	0.571433	-1.188419	187	28	47	414.45
2.617994	1.025536	1.576859	185	20	51	414.44
0.261799	2.478122	2.609777	173	2	39	414.44
-1.570796	0.458961	-0.107937	53	183	171	414.43
-0.523599	2.704512	1.488683	185	34	45	414.40
-0.785398	1.113094	-0.272241	171	27	39	414.26
0.523599	1.870545	-2.976234	181	26	46	414.21
1.047198	1.134497	-1.109631	174	4	37	414.16
-2.356194	1.870545	-2.976234	170	16	44	414.09
-1.570796	1.374601	-2.456031	169	22	45	414.06
-2.879793	2.041297	-2.664597	181	29	48	414.00
1.047198	1.809167	1.213774	176	15	42	414.00
2.094395	2.108018	1.311430	173	13	41	414.00
2.094395	2.247462	0.191623	176	5	42	413.98
2.356194	2.247462	0.191623	181	13	47	413.93
2.617994	1.809167	1.213774	168	19	40	413.88
2.094395	2.299159	2.264663	176	26	43	413.87
-0.261799	1.872854	1.543456	185	16	49	413.85
1.047198	2.579248	-2.364801	53	170	174	413.82
-1.047198	2.393226	1.857173	0	31	42	413.82
-2.617994	0.709924	0.218797	179	19	48	413.78
-1.570796	1.417623	-0.202254	170	11	41	413.70
-3.141593	2.592629	0.909713	162	21	38	413.68
1.570796	2.356369	3.005869	167	21	40	413.67
-2.617994	0.906588	1.252948	164	161	7	413.62
-2.356194	1.574060	2.783565	171	13	45	413.58
-0.261799	0.618092	2.539118	171	8	41	413.58
1.570796	0.700570	1.559208	172	11	41	413.58
2.617994	1.982574	-1.115518	171	8	42	413.54
0.523599	1.870545	-2.976234	168	10	44	413.53
-1.308997	1.194549	-0.801900	191	33	41	413.52
2.879793	1.982574	-1.115518	175	6	42	413.52
0.523599	1.335669	0.897240	172	9	40	413.46
1.047198	0.899350	-2.069907	172	7	40	413.42
-0.523599	0.914445	2.687814	179	16	48	413.33
2.879793	0.910508	1.903534	174	25	47	413.33
1.570796	0.290380	-0.796960	170	19	38	413.32
0.785398	2.153910	-1.714959	176	22	45	413.31
-0.261799	1.135834	-1.431087	29	4	6	413.31
0.261799	2.033014	2.977192	168	9	46	413.24
-2.617994	2.041297	-2.664597	59	185	175	413.24
2.094395	1.824694	1.850876	159	161	188	413.18
1.047198	1.413347	-1.339188	26	191	8	413.18
-1.570796	0.619654	-2.216909	175	12	46	413.17
0.523599	2.979456	-1.009304	171	15	41	413.14
-1.570796	0.619654	-2.216909	180	15	48	413.11
0.523599	0.709924	0.218797	187	28	46	413.10
-2.879793	2.404280	-0.174044	178	13	43	413.06
2.356194	2.863997	0.549740	169	28	39	413.02
2.617994	1.134796	2.434290	167	25	40	412.95
0.261799	2.478122	2.609777	175	1	41	412.95
-0.523599	1.134497	-1.109631	178	23	45	412.92
-3.141593	2.719179	-1.780644	175	15	48	412.89
2.094395	2.863997	0.549740	176	11	44	412.87
-0.523599	2.704512	1.488683	176	4	39	412.85
0.785398	0.914445	2.687814	32	4	8	412.79
-2.617994	1.555207	1.708892	178	15	52	412.78
-1.570796	2.001437	0.381215	166	13	39	412.76
1.570796	2.153910	-1.714959	171	22	45	412.68
0.261799	1.574060	2.783565	171	17	50	412.67
-1.832596	1.135813	-2.658866	51	169	164	412.63
-1.832596	1.809167	1.213774	168	16	44	412.59
-1.570796	1.696674	-1.253233	178	14	44	412.49
2.356194	1.982574	-1.115518	177	25	45	412.48
-2.356194	1.025536	1.576859	177	18	46	412.48
0.000000	0.914445	2.687814	175	35	46	412.45
2.879793	1.413430	2.550734	188	12	52	412.43
-2.356194	1.413430	2.550734	158	170	7	412.35
-2.356194	0.379747	-1.713059	171	13	42	412.34
1.832596	2.664082	-1.071402	176	18	45	412.32
-1.047198	1.977582	0.969896	171	4	39	412.30
-0.785398	1.025536	1.576859	169	15	42	412.25
1.308997	1.413347	-1.339188	170	15	45	412.23
-3.141593	1.545873	-1.877082	178	6	45	412.21
1.570796	1.506530	1.988858	176	17	50	412.19
-0.523599	2.704512	1.488683	182	30	46	412.13
1.047198	1.741644	-2.695914	155	153	182	412.08
-2.356194	0.640596	-2.797608	185	20	50	412.07
2.094395	0.379747	-1.713059	177	4	39	412.07
0.523599	1.504028	0.636812	176	15	45	411.97
1.047198	1.904882	-1.478089	178	16	49	411.93
-2.356194	2.033014	2.977192	166	14	41	411.85
2.094395	1.904882	-1.478089	168	13	41	411.79
0.523599	1.869911	2.701025	170	10	47	411.77
0.000000	2.164094	-2.991358	162	13	39	411.77
-2.094395	2.295480	1.008277	170	25	41	411.73
-0.785398	1.391910	3.030322	174	17	49	411.70
-2.879793	0.960688	-0.577532	168	22	41	411.66
-0.261799	1.450119	-2.739050	172	14	46	411.64
1.570796	0.418037	1.360082	169	17	45	411.62
2.617994	2.881233	-2.582574	173	16	47	411.61
-0.523599	2.138223	1.678323	169	10	43	411.58
-1.047198	2.349581	-2.702517	176	14	46	411.57
-2.356194	0.640596	-2.797608	170	17	45	411.55
-1.047198	2.041297	-2.664597	173	12	47	411.55
2.617994	1.904882	-1.478089	173	20	43	411.49
1.570796	0.370812	-2.547742	170	16	46	411.41
2.356194	0.379747	-1.713059	177	13	44	411.39
1.308997	0.929350	-2.910676	177	16	49	411.30
-2.356194	1.184361	0.625864	175	20	48	411.26
2.617994	0.496451	0.593859	166	15	39	411.24
1.047198	1.809167	1.213774	55	180	172	411.22
1.832596	1.014500	0.906702	178	21	49	411.19
2.617994	1.982574	-1.115518	176	23	45	411.18
1.308997	2.393226	1.857173	41	179	9	411.10
-0.261799	1.195355	1.200319	175	17	48	411.04
1.308997	1.135834	-1.431087	166	18	41	410.94
1.832596	1.506530	1.988858	176	20	53	410.89
-2.617994	2.247462	0.191623	167	18	37	410.87
1.047198	0.899350	-2.069907	172	33	39	410.84
0.523599	1.050534	3.042579	188	26	49	410.81
2.356194	0.685216	-1.712745	27	9	6	410.81
1.570796	1.721184	-0.153948	182	20	47	410.73
-0.785398	1.504028	0.636812	179	11	47	410.67
-1.832596	2.356369	3.005869	166	10	39	410.67
-2.617994	2.108018	1.311430	165	11	43	410.63
-2.094395	0.831641	0.616218	178	12	48	410.63
2.617994	1.809167	1.213774	173	10	39	410.58
-0.785398	2.455966	-0.641220	174	15	44	410.52
1.570796	2.393226	1.857173	166	11	36	410.50
0.261799	0.899350	-2.069907	51	169	174	410.48
-2.094395	2.478122	2.609777	171	11	40	410.47
0.785398	1.812176	0.656819	172	28	40	410.44
2.879793	0.370812	-2.547742	178	21	48	410.41
-1.308997	1.812176	0.656819	173	16	45	410.36
2.094395	1.014500	0.906702	173	20	46	410.34
-0.261799	1.135834	-1.431087	164	17	40	410.31
-2.356194	1.875281	0.107086	26	185	8	410.30
0.785398	0.458961	-0.107937	180	7	44	410.29
-2.617994	2.587733	0.232235	166	22	35	410.28
-2.094395	0.290380	-0.796960	165	14	40	410.23
0.785398	1.504028	0.636812	54	180	178	410.14
2.617994	2.174483	2.653697	176	22	45	410.13
2.356194	1.488617	1.159546	54	184	170	410.12
1.832596	2.343981	-1.040456	174	15	45	410.11
0.523599	1.812176	0.656819	171	27	41	409.87
2.094395	2.247462	0.191623	174	6	41	409.79
-0.785398	2.455966	-0.641220	168	26	43	409.78
2.356194	0.685216	-1.712745	33	176	8	409.78
-0.261799	1.025536	1.576859	180	19	51	409.78
-2.356194	1.569311	-3.003978	173	12	41	409.71
-1.832596	1.599406	1.426070	169	20	46	409.65
2.094395	1.433411	-1.035986	179	31	42	409.51
-0.261799	0.866955	-0.931351	48	183	166	409.42
-1.308997	2.407836	1.410646	52	171	175	409.36
2.094395	0.906588	1.252948	180	21	51	409.33
1.047198	1.904882	-1.478089	178	15	46	409.32
2.094395	1.433411	-1.035986	169	18	39	409.30
-2.356194	1.599406	1.426070	175	18	48	409.26
-1.308997	0.850607	-1.335383	177	20	48	409.26
-1.570796	1.184361	0.625864	174	6	43	409.23
0.523599	1.662363	0.915448	174	10	42	409.21
-2.617994	1.134796	2.434290	173	19	49	409.19
0.261799	0.418037	1.360082	55	172	170	409.11
-0.785398	1.417623	-0.202254	34	166	2	409.06
-2.617994	1.756530	-2.105156	50	172	177	408.99
0.523599	2.456751	-1.503343	170	16	41	408.93
0.261799	0.709924	0.218797	177	9	45	408.91
2.356194	2.704512	1.488683	178	35	42	408.89
-1.570796	1.696674	-1.253233	171	22	41	408.88
2.094395	1.247695	1.809890	23	6	8	408.88
-0.261799	2.478122	2.609777	21	10	23	408.84
2.356194	1.134796	2.434290	180	17	49	408.81
1.570796	2.979456	-1.009304	176	14	43	408.81
2.879793	1.869911	2.701025	166	22	40	408.75
-2.356194	2.164094	-2.991358	169	16	41	408.70
-2.356194	1.809167	1.213774	170	17	45	408.67
0.785398	0.864993	2.278281	31	183	10	408.67
2.094395	2.863997	0.549740	176	10	43	408.61
2.617994	1.617114	-1.572037	172	7	40	408.61
-2.356194	0.571433	-1.188419	179	21	49	408.52
-1.308997	2.295480	1.008277	169	6	39	408.44
1.570796	2.187132	-0.479875	172	11	41	408.42
-0.785398	1.510910	-0.740472	168	9	39	408.36
1.308997	0.290380	-0.796960	27	174	9	408.33
0.261799	0.496451	0.593859	178	18	49	408.30
-2.879793	0.910508	1.903534	168	162	10	408.25
2.879793	1.025536	1.576859	173	16	47	408.13
-1.047198	1.909857	-0.381669	165	25	32	408.12
0.523599	2.041297	-2.664597	166	11	39	408.09
0.785398	2.295480	1.008277	169	14	39	408.06
1.047198	0.850607	-1.335383	164	22	36	408.04
1.832596	0.700570	1.559208	163	21	39	408.03
-3.141593	1.872854	1.543456	169	15	40	407.96
2.617994	1.195355	1.200319	182	25	50	407.93
-2.617994	1.128190	-2.288622	35	180	11	407.89
-1.308997	1.045978	0.343692	166	20	40	407.88
1.570796	0.203748	0.590255	172	10	38	407.84
1.832596	0.640596	-2.797608	165	17	38	407.83
-1.308997	1.662363	0.915448	175	10	47	407.69
-1.570796	2.115563	0.685730	176	30	41	407.68
-2.879793	1.872854	1.543456	170	13	42	407.65
-2.094395	2.104282	-0.813972	171	14	42	407.62
-2.879793	1.218453	2.777284	169	12	43	407.56
-0.261799	0.418037	1.360082	178	24	47	407.56
-2.617994	1.756530	-2.105156	175	24	43	407.49
0.523599	2.588535	-2.976617	161	168	4	407.40
-0.261799	2.073035	2.027405	169	10	42	407.35
0.000000	0.914445	2.687814	173	29	47	407.33
1.570796	0.906588	1.252948	175	16	47	407.31
2.356194	1.134796	2.434290	169	28	41	407.25
0.261799	0.674054	1.013609	175	13	47	407.23
2.879793	2.033014	2.977192	172	16	42	407.21
-2.356194	1.128190	-2.288622	36	181	11	407.15
-1.308997	0.419640	2.974122	176	30	44	407.08
-2.617994	0.910508	1.903534	169	13	44	407.07
0.785398	1.374601	-2.456031	179	14	50	407.07
-2.617994	2.138223	1.678323	30	174	5	407.06
-1.570796	1.417623	-0.202254	170	8	39	407.05
0.000000	2.588535	-2.976617	163	9	38	406.97
2.617994	1.134796	2.434290	172	17	43	406.96
-0.261799	1.977582	0.969896	169	8	35	406.75
1.832596	2.592629	0.909713	180	14	47	406.72
2.094395	1.025536	1.576859	177	29	46	406.72
-1.832596	0.290380	-0.796960	168	29	41	406.72
2.879793	1.617114	-1.572037	177	9	45	406.70
2.356194	2.379497	0.561089	181	8	46	406.67
-1.832596	1.367556	0.358405	172	7	43	406.65
0.261799	0.685216	-1.712745	171	9	44	406.64
-0.261799	1.569311	-3.003978	171	13	46	406.48
-3.141593	2.108018	1.311430	164	20	42	406.48
2.617994	2.984978	1.954446	187	34	41	406.46
1.308997	0.866955	-0.931351	175	18	45	406.46
-1.047198	0.419640	2.974122	36	176	9	406.44
-1.308997	1.617114	-1.572037	172	32	42	406.43
2.356194	2.984978	1.954446	178	10	48	406.43
0.523599	0.733948	3.021411	168	20	45	406.40
-0.785398	2.455966	-0.641220	173	14	43	406.39
2.879793	2.343981	-1.040456	175	10	43	406.37
-0.785398	1.310100	1.488307	180	19	51	406.33
0.785398	1.448123	-2.163292	177	31	43	406.32
-1.832596	1.242974	-2.977882	170	15	44	406.31
0.000000	1.766067	2.153843	172	11	45	406.29
-2.356194	0.700570	1.559208	50	175	170	406.27
1.308997	1.662363	0.915448	179	18	44	406.16
1.832596	1.904882	-1.478089	34	168	4	406.15
0.523599	1.050534	3.042579	163	14	40	406.10
2.356194	0.496451	0.593859	167	17	40	406.09
2.356194	1.696674	-1.253233	172	18	42	406.08
-1.308997	1.977582	0.969896	169	6	38	406.04
2.094395	2.247462	0.191623	177	9	46	406.03
-2.094395	2.349581	-2.702517	167	22	43	405.99
-2.356194	1.218453	2.777284	50	180	169	405.93
2.879793	1.812176	0.656819	163	20	38	405.87
-1.832596	0.370812	-2.547742	167	14	40	405.84
1.832596	0.571433	-1.188419	182	16	48	405.78
0.000000	1.134497	-1.109631	166	10	38	405.62
2.356194	1.325504	-1.671296	176	14	46	405.56
-2.617994	2.138223	1.678323	180	31	46	405.54
2.879793	1.506530	1.988858	179	20	53	405.52
1.047198	0.899350	-2.069907	169	12	44	405.50
-2.094395	2.349581	-2.702517	168	20	42	405.22
-2.879793	1.504028	0.636812	165	15	39	405.17
0.785398	0.733948	3.021411	50	176	172	405.14
-2.356194	2.407836	1.410646	166	14	45	405.07
0.523599	1.741644	-2.695914	53	169	172	405.06
1.047198	0.418037	1.360082	172	17	46	405.04
-0.523599	1.218453	2.777284	169	17	42	405.04
-0.523599	1.450119	-2.739050	178	16	50	405.04
-1.570796	1.510910	-0.740472	30	183	8	405.02
2.094395	1.433411	-1.035986	179	32	42	404.94
1.570796	1.195355	1.200319	176	15	44	404.87
1.570796	1.325504	-1.671296	169	18	43	404.86
1.832596	1.617114	-1.572037	174	13	45	404.75
-1.308997	1.812176	0.656819	168	14	42	404.75
-1.570796	0.080730	-2.622036	171	11	41	404.75
1.047198	1.904882	-1.478089	175	30	45	404.64
2.879793	2.455966	-0.641220	175	10	40	404.64
-1.570796	1.696674	-1.253233	177	15	44	404.58
1.832596	2.404280	-0.174044	175	8	40	404.53
-1.047198	1.194549	-0.801900	189	37	40	404.49
2.356194	1.504028	0.636812	174	13	40	404.38
1.308997	1.433411	-1.035986	171	14	45	404.37
0.261799	0.571433	-1.188419	177	14	48	404.37
-2.356194	1.128190	-2.288622	51	177	173	404.33
1.570796	2.637879	2.121598	171	20	44	404.30
0.785398	0.203748	0.590255	172	16	46	404.25
-2.094395	1.488617	1.159546	175	3	44	404.23
-1.832596	1.599406	1.426070	173	18	48	404.19
-1.832596	2.108018	1.311430	163	19	37	404.08
-1.308997	1.870545	-2.976234	172	10	45	404.08
-1.047198	1.335669	0.897240	167	14	38	404.04
-2.356194	1.413430	2.550734	170	20	47	404.02
-1.570796	1.569311	-3.003978	167	13	40	403.99
-0.785398	1.310100	1.488307	180	18	51	403.93
0.523599	1.658653	-2.409879	180	11	48	403.93
2.617994	1.325504	-1.671296	179	21	47	403.92
-2.094395	1.662363	0.915448	169	2	38	403.88
1.047198	2.251330	-2.330739	179	22	46	403.84
-1.832596	0.685216	-1.712745	172	12	44	403.80
2.094395	0.496451	0.593859	163	157	186	403.78
-3.141593	1.554776	0.100351	167	21	39	403.78
2.879793	1.168678	2.108595	177	5	47	403.70
2.879793	1.617114	-1.572037	181	25	46	403.69
0.523599	2.356369	3.005869	169	3	40	403.68
-2.617994	2.719179	-1.780644	172	10	39	403.68
-2.094395	1.488617	1.159546	172	16	47	403.64
-1.570796	0.419640	2.974122	179	31	44	403.60
-1.308997	2.588535	-2.976617	173	17	44	403.53
2.094395	2.984978	1.954446	163	14	36	403.48
2.094395	0.203748	0.590255	170	12	39	403.45
-2.094395	0.290380	-0.796960	165	13	40	403.43
-2.094395	2.104282	-0.813972	173	13	41	403.34
-0.523599	2.456751	-1.503343	171	21	42	403.31
2.879793	1.025536	1.576859	166	11	46	403.23
0.523599	1.869911	2.701025	171	8	44	403.23
1.832596	2.587733	0.232235	181	12	49	403.21
1.832596	1.025536	1.576859	166	21	42	403.21
-2.879793	1.218453	2.777284	170	11	42	403.08
-2.879793	0.960688	-0.577532	169	22	41	403.07
-1.832596	1.569311	-3.003978	174	13	48	403.07
-0.785398	1.870545	-2.976234	171	34	43	403.01
2.879793	1.506530	1.988858	173	14	49	402.96
0.523599	0.866395	-2.492918	176	13	49	402.85
1.047198	1.658653	-2.409879	174	17	45	402.85
0.523599	1.869911	2.701025	170	11	49	402.81
-0.261799	1.683268	0.374177	176	10	42	402.81
0.261799	0.203748	0.590255	175	9	44	402.79
2.617994	1.617114	-1.572037	35	5	3	402.76
-1.047198	1.909857	-0.381669	177	9	43	402.75
0.261799	1.045978	0.343692	177	5	41	402.75
-0.785398	2.295480	1.008277	172	17	41	402.73
-0.261799	1.218453	2.777284	54	179	180	402.68
2.356194	1.617114	-1.572037	182	27	46	402.63
-0.785398	2.295480	1.008277	186	32	44	402.61
-0.785398	2.637879	2.121598	178	18	45	402.53
0.261799	2.153910	-1.714959	173	11	43	402.45
0.785398	0.619654	-2.216909	171	8	42	402.32
-1.308997	2.393226	1.857173	174	10	49	402.30
-2.617994	0.458961	-0.107937	178	14	48	402.26
2.356194	1.184361	0.625864	175	19	45	402.22
-0.785398	2.104282	-0.813972	31	172	5	402.15
1.832596	2.637879	2.121598	168	11	41	402.13
-2.356194	0.591903	2.010408	166	13	40	402.10
2.879793	1.812176	0.656819	165	22	38	402.09
1.047198	1.135834	-1.431087	166	21	38	402.08
2.879793	1.195355	1.200319	178	17	50	401.96
1.570796	1.135834	-1.431087	168	18	44	401.91
2.879793	0.709924	0.218797	166	18	40	401.89
0.785398	2.063651	-2.044600	176	7	43	401.80
2.879793	1.982574	-1.115518	163	29	181	401.78
-1.570796	1.184361	0.625864	175	19	47	401.62
1.832596	2.588535	-2.976617	169	16	40	401.59
1.047198	1.658653	-2.409879	179	13	47	401.58
-2.356194	0.571433	-1.188419	184	24	49	401.56
-2.879793	0.960688	-0.577532	177	13	45	401.38
2.879793	2.104282	-0.813972	176	8	44	401.37
0.261799	1.135834	-1.431087	174	28	41	401.33
-2.094395	1.977582	0.969896	167	13	41	401.30
-2.879793	0.709924	0.218797	169	15	44	401.30
1.308997	1.662363	0.915448	168	15	38	401.29
1.308997	1.741644	-2.695914	177	20	46	401.18
0.261799	1.391910	3.030322	168	23	47	401.14
0.261799	0.685216	-1.712745	168	11	43	401.09
-2.094395	1.809167	1.213774	173	5	46	400.96
-1.047198	1.741644	-2.695914	43	170	2	400.95
1.570796	0.290380	-0.796960	179	12	47	400.90
0.523599	0.496451	0.593859	167	20	38	400.85
-2.094395	1.195355	1.200319	179	18	51	400.85
-2.094395	0.831641	0.616218	177	11	48	400.74
-2.617994	1.809167	1.213774	166	11	46	400.71
-3.141593	2.587733	0.232235	178	16	44	400.68
0.000000	2.180315	-1.357379	169	15	40	400.63
0.261799	2.664082	-1.071402	179	12	47	400.61
2.356194	0.419640	2.974122	167	14	42	400.53
0.785398	1.812176	0.656819	163	22	32	400.52
-1.570796	1.870545	-2.976234	172	11	46	400.48
0.000000	1.440580	2.260026	173	18	46	400.45
-1.832596	1.367556	0.358405	173	12	45	400.28
0.785398	0.685216	-1.712745	166	11	41	400.27
-3.141593	2.881233	-2.582574	173	9	41	400.26
0.000000	1.413347	-1.339188	181	17	46	400.23
-1.308997	1.741644	-2.695914	174	15	48	400.22
1.047198	0.290380	-0.796960	185	25	49	400.22
1.308997	0.418037	1.360082	169	19	45	400.20
1.832596	2.153910	-1.714959	171	18	45	400.14
2.617994	0.290380	-0.796960	171	18	44	400.13
1.308997	0.866955	-0.931351	170	14	40	399.90
1.047198	1.135813	-2.658866	179	20	51	399.81
-2.879793	0.591903	2.010408	170	13	45	399.80
0.261799	1.741644	-2.695914	177	19	46	399.80
-1.308997	2.881233	-2.582574	166	12	37	399.80
1.047198	0.866395	-2.492918	174	12	47	399.77
0.261799	1.812176	0.656819	172	9	39	399.72
-1.832596	0.379747	-1.713059	38	168	190	399.70
0.523599	1.391910	3.030322	35	0	9	399.67
0.523599	1.510910	-0.740472	167	17	37	399.66
0.261799	0.685216	-1.712745	31	175	9	399.63
1.832596	1.413347	-1.339188	54	171	167	399.60
1.047198	1.128190	-2.288622	172	14	47	399.58
-1.570796	1.606104	-0.451151	167	12	39	399.58
0.000000	0.571433	-1.188419	162	17	38	399.56
2.094395	0.906588	1.252948	181	22	51	399.56
1.832596	2.041297	-2.664597	164	19	37	399.50
0.261799	1.242974	-2.977882	163	18	41	399.44
1.047198	0.618092	2.539118	166	166	9	399.44
0.785398	0.619654	-2.216909	36	178	8	399.44
-2.356194	0.370812	-2.547742	170	16	42	399.43
1.832596	2.664082	-1.071402	177	18	46	399.40
-2.094395	1.135813	-2.658866	182	31	48	399.33
0.785398	0.685216	-1.712745	171	11	45	399.33
2.356194	2.404280	-0.174044	179	8	45	399.16
2.356194	1.617114	-1.572037	168	9	38	399.16
-1.832596	1.135813	-2.658866	169	14	42	399.14
0.523599	0.709924	0.218797	170	23	41	399.13
0.523599	1.977582	0.969896	172	28	41	399.08
-2.356194	1.569311	-3.003978	172	14	46	398.82
0.261799	1.569311	-3.003978	163	12	38	398.82
-1.308997	2.588535	-2.976617	171	7	41	398.80
2.617994	1.310100	1.488307	187	25	50	398.74
2.356194	2.379497	0.561089	165	28	36	398.72
2.356194	2.187132	-0.479875	186	25	46	398.57
1.832596	0.906588	1.252948	176	19	50	398.52
1.832596	0.685216	-1.712745	176	6	42	398.50
0.261799	2.063651	-2.044600	52	183	177	398.50
-1.832596	1.335669	0.897240	22	182	11	398.48
2.879793	2.592629	0.909713	164	26	39	398.28
2.617994	1.998705	2.370472	174	22	42	398.25
-1.832596	1.824694	1.850876	170	10	43	398.01
2.617994	1.904882	-1.478089	179	13	47	397.99
-2.356194	1.599406	1.426070	174	7	48	397.94
-3.141593	0.910508	1.903534	173	23	47	397.89
0.523599	2.349581	-2.702517	166	11	39	397.61
2.617994	1.025536	1.576859	53	183	175	397.61
0.000000	0.850607	-1.335383	167	8	39	397.49
-1.047198	1.977582	0.969896	173	7	44	397.45
-1.047198	1.335669	0.897240	52	173	175	397.31
0.000000	0.674054	1.013609	175	14	47	397.31
-2.356194	0.379747	-1.713059	177	17	49	397.22
1.832596	1.617114	-1.572037	174	14	47	397.19
-0.523599	1.218453	2.777284	180	20	50	397.15
-2.094395	1.504028	0.636812	168	10	42	397.09
2.356194	2.404280	-0.174044	178	9	44	396.91
-1.570796	2.115563	0.685730	168	7	39	396.87
-2.356194	1.025536	1.576859	169	9	42	396.87
2.356194	0.864993	2.278281	177	20	49	396.74
1.570796	2.393226	1.857173	39	183	9	396.54
-1.308997	1.606104	-0.451151	180	24	45	396.53
-2.617994	0.370812	-2.547742	176	15	48	396.52
-2.356194	2.108018	1.311430	54	172	174	396.51
2.356194	0.674054	1.013609	169	14	42	396.48
-0.523599	2.478122	2.609777	32	183	7	396.25
-0.785398	1.870545	-2.976234	170	32	44	396.23
0.785398	0.899350	-2.069907	171	15	47	396.21
-3.141593	0.709924	0.218797	167	19	44	396.19
-0.261799	1.870545	-2.976234	162	21	40	395.99
0.261799	1.433411	-1.035986	55	177	171	395.93
-2.617994	0.866395	-2.492918	171	22	46	395.93
-2.356194	1.870545	-2.976234	172	13	39	395.89
0.000000	2.719179	-1.780644	169	14	40	395.86
-2.617994	1.391910	3.030322	169	14	45	395.83
1.308997	2.407836	1.410646	181	25	45	395.82
-2.356194	1.870545	-2.976234	173	12	39	395.81
1.570796	0.906588	1.252948	174	17	47	395.74
-3.141593	2.295480	1.008277	161	19	37	395.72
0.000000	0.297065	2.160177	175	27	47	395.61
2.094395	1.310100	1.488307	168	21	44	395.58
0.000000	0.297065	2.160177	42	178	7	395.56
1.308997	2.704512	1.488683	168	14	43	395.51
-1.570796	0.370812	-2.547742	171	11	44	395.45
2.356194	1.506530	1.988858	176	18	53	395.44
0.000000	1.450119	-2.739050	174	12	46	395.44
-0.261799	2.478122	2.609777	169	5	42	395.41
0.000000	1.569311	-3.003978	167	26	43	395.37
0.785398	1.374601	-2.456031	29	176	12	395.33
0.261799	2.588535	-2.976617	30	0	7	395.31
2.356194	1.168678	2.108595	173	12	51	395.28
-2.617994	1.504028	0.636812	167	19	45	395.24
-1.832596	1.391910	3.030322	170	20	47	395.17
0.261799	1.998705	2.370472	172	10	43	395.17
-2.879793	2.356369	3.005869	174	11	41	395.15
-1.832596	2.108018	1.311430	174	5	47	395.07
2.617994	0.992645	-1.723759	174	6	41	395.06
-1.570796	1.606104	-0.451151	31	187	8	394.96
1.570796	0.929350	-2.910676	177	11	46	394.73
-0.523599	2.719179	-1.780644	176	17	45	394.67
1.570796	2.592629	0.909713	173	10	44	394.56
1.570796	2.187132	-0.479875	175	18	48	394.56
-2.617994	2.108018	1.311430	21	6	6	394.48
-2.356194	1.310100	1.488307	177	6	48	394.44
-0.261799	0.906588	1.252948	175	22	48	394.37
-0.523599	2.404280	-0.174044	179	17	46	394.31
-0.523599	1.218453	2.777284	174	29	48	394.30
0.000000	1.569311	-3.003978	163	16	38	394.21
1.047198	1.135813	-2.658866	177	3	42	394.13
0.000000	2.719179	-1.780644	169	13	40	394.06
-0.785398	1.184361	0.625864	171	12	44	393.93
-2.094395	1.977582	0.969896	170	3	41	393.88
0.000000	2.396274	-1.959260	173	19	44	393.84
-1.832596	2.138223	1.678323	164	25	39	393.74
-1.047198	1.662363	0.915448	52	164	177	393.51
1.047198	2.579248	-2.364801	175	27	45	393.26
2.617994	1.998705	2.370472	183	18	48	393.26
-1.047198	2.455966	-0.641220	171	16	42	393.25
0.261799	1.510910	-0.740472	169	28	43	393.24
2.356194	1.440580	2.260026	180	15	54	393.22
-2.094395	2.579248	-2.364801	172	8	39	393.20
-2.356194	0.370812	-2.547742	171	15	42	393.13
-0.785398	1.335669	0.897240	175	15	47	393.01
-1.308997	0.960688	-0.577532	172	7	39	392.93
0.785398	2.295480	1.008277	6	31	43	392.91
1.832596	1.195355	1.200319	174	23	47	392.77
2.356194	2.724429	-0.348782	173	12	39	392.68
-1.832596	1.488617	1.159546	171	14	44	392.62
1.308997	2.407836	1.410646	3	30	47	392.60
0.261799	1.699788	2.452890	171	16	49	392.59
2.879793	1.506530	1.988858	174	12	43	392.55
-2.879793	2.587733	0.232235	180	15	45	392.39
-0.523599	1.658653	-2.409879	178	17	50	392.15
1.832596	0.831641	0.616218	172	16	41	392.04
0.261799	0.899350	-2.069907	171	11	45	392.02
1.570796	2.251330	-2.330739	167	23	40	391.98
-1.308997	1.045978	0.343692	172	13	43	391.96
2.356194	1.809167	1.213774	174	15	42	391.92
0.261799	2.588535	-2.976617	163	5	36	391.83
-2.617994	0.370812	-2.547742	178	19	49	391.81
-1.570796	1.977582	0.969896	167	9	38	391.81
2.356194	1.025536	1.576859	54	179	175	391.74
2.879793	1.869911	2.701025	2	20	52	391.70
2.094395	2.187132	-0.479875	174	9	43	391.64
2.356194	2.704512	1.488683	166	21	37	391.62
-3.141593	1.113094	-0.272241	167	20	41	391.61
0.261799	1.135834	-1.431087	173	28	40	391.57
1.832596	1.025536	1.576859	167	22	44	391.34
-0.523599	1.195355	1.200319	176	13	47	391.18
-2.617994	0.379747	-1.713059	169	16	42	391.08
-0.261799	0.418037	1.360082	174	18	47	391.01
-1.047198	0.080730	-2.622036	174	12	46	391.01
0.000000	0.850607	-1.335383	181	26	46	390.95
2.617994	1.555207	1.708892	169	16	40	390.83
0.523599	1.948085	-2.363031	175	13	44	390.79
-1.832596	0.370812	-2.547742	168	14	42	390.67
0.000000	1.242974	-2.977882	171	11	43	390.63
1.570796	0.203748	0.590255	178	21	48	390.52
2.094395	2.089241	-0.114193	174	6	42	390.50
-2.356194	0.571433	-1.188419	35	172	2	390.35
-2.617994	0.419640	2.974122	173	5	40	390.17
0.261799	1.440580	2.260026	35	174	8	390.06
0.261799	1.510910	-0.740472	173	9	39	389.82
2.356194	1.696674	-1.253233	171	19	41	389.75
2.356194	1.247695	1.809890	179	29	47	389.67
2.094395	0.496451	0.593859	28	179	11	389.56
2.617994	1.045978	0.343692	43	170	190	389.51
-1.832596	2.295480	1.008277	171	2	41	389.41
0.261799	2.174483	2.653697	172	8	49	389.37
-2.356194	1.555207	1.708892	177	6	49	389.34
0.523599	2.153910	-1.714959	185	16	50	389.30
0.785398	0.866395	-2.492918	172	11	46	389.17
-2.879793	1.504028	0.636812	165	16	40	389.10
-2.617994	0.379747	-1.713059	167	17	40	389.10
0.261799	0.496451	0.593859	177	10	46	389.01
0.261799	0.992645	-1.723759	52	171	177	389.00
-0.523599	2.108018	1.311430	37	169	8	388.89
2.879793	2.089241	-0.114193	170	13	38	388.86
-2.879793	2.108018	1.311430	178	29	46	388.80
-3.141593	2.588535	-2.976617	165	14	39	388.71
-0.261799	0.618092	2.539118	166	21	44	388.69
-1.832596	2.592629	0.909713	190	22	47	388.57
2.879793	1.836682	-0.676006	176	17	45	388.53
-0.785398	1.982574	-1.115518	177	23	48	388.52
-0.523599	1.658653	-2.409879	53	181	184	388.39
1.832596	2.041297	-2.664597	53	182	172	388.35
0.523599	1.569311	-3.003978	167	15	44	388.29
-2.094395	1.488617	1.159546	25	4	7	388.27
-1.570796	2.295480	1.008277	26	162	4	388.19
-2.356194	1.310100	1.488307	177	5	48	388.17
1.832596	2.063651	-2.044600	26	184	9	388.15
2.094395	1.413347	-1.339188	178	13	47	388.09
1.047198	0.640596	-2.797608	173	9	44	388.09
1.832596	2.664082	-1.071402	53	176	167	387.98
0.261799	0.571433	-1.188419	181	33	41	387.97
1.832596	2.979456	-1.009304	177	23	45	387.91
0.523599	0.496451	0.593859	175	9	42	387.88
-2.094395	1.662363	0.915448	173	2	41	387.88
-3.141593	0.290380	-0.796960	171	14	43	387.79
0.261799	2.174483	2.653697	173	5	44	387.72
-0.261799	1.242974	-2.977882	172	12	46	387.61
-1.308997	1.194549	-0.801900	33	184	7	387.58
0.523599	2.343981	-1.040456	170	21	42	387.54
0.261799	2.356369	3.005869	176	17	44	387.48
-0.523599	1.391910	3.030322	175	7	43	387.39
-0.261799	1.242974	-2.977882	169	15	43	387.26
2.094395	1.555207	1.708892	23	19	15	387.25
0.523599	0.203748	0.590255	32	9	5	387.18
2.356194	1.504028	0.636812	175	14	41	387.06
1.047198	0.591903	2.010408	171	29	45	387.05
1.047198	1.374601	-2.456031	176	15	48	386.96
-2.356194	2.251330	-2.330739	179	17	46	386.89
0.523599	2.153910	-1.714959	181	17	48	386.74
-2.356194	1.310100	1.488307	178	10	49	386.70
0.523599	1.218453	2.777284	171	25	48	386.70
-2.094395	2.138223	1.678323	169	10	46	386.70
0.785398	1.134497	-1.109631	177	8	41	386.69
-2.094395	1.662363	0.915448	178	27	46	386.66
2.879793	1.310100	1.488307	49	178	164	386.64
-2.094395	1.504028	0.636812	177	20	48	386.59
-2.356194	2.881233	-2.582574	24	20	13	386.55
-0.523599	2.719179	-1.780644	51	175	166	386.50
-0.261799	1.977582	0.969896	173	5	37	386.41
2.617994	1.247695	1.809890	177	28	47	386.35
2.879793	0.496451	0.593859	33	189	9	386.34
0.785398	0.418037	1.360082	171	20	46	386.34
0.000000	2.356369	3.005869	165	8	41	386.21
1.047198	1.128190	-2.288622	174	10	44	386.14
0.000000	1.766067	2.153843	175	13	47	386.09
-1.570796	1.045978	0.343692	173	5	41	386.06
2.879793	0.370812	-2.547742	178	22	48	385.89
-0.261799	1.310100	1.488307	171	16	46	385.86
-1.832596	2.592629	0.909713	168	3	38	385.72
-2.879793	1.756530	-2.105156	176	7	43	385.63
-3.141593	1.554776	0.100351	163	24	37	385.31
2.617994	2.187132	-0.479875	183	20	47	385.23
-1.832596	1.045978	0.343692	176	10	45	385.21
0.261799	1.574060	2.783565	170	11	41	385.21
0.261799	0.992645	-1.723759	165	11	38	385.21
0.261799	0.992645	-1.723759	169	12	44	385.14
0.523599	0.496451	0.593859	168	21	40	385.11
0.523599	2.343981	-1.040456	179	22	48	385.07
0.261799	1.391910	3.030322	167	18	45	385.03
-3.141593	2.881233	-2.582574	165	24	41	384.92
2.617994	2.187132	-0.479875	177	8	44	384.92
0.523599	1.218453	2.777284	170	23	49	384.85
-1.308997	2.881233	-2.582574	172	18	43	384.81
-2.879793	1.756530	-2.105156	188	21	48	384.59
-1.570796	2.073035	2.027405	168	15	44	384.58
-0.261799	1.391910	3.030322	171	30	47	384.48
0.261799	1.391910	3.030322	166	18	46	384.45
-2.879793	0.290380	-0.796960	36	0	7	384.38
0.523599	0.685216	-1.712745	166	15	43	384.36
1.047198	2.349581	-2.702517	171	29	41	384.20
2.617994	1.310100	1.488307	169	19	49	384.07
1.047198	0.866395	-2.492918	174	8	44	383.83
-1.570796	1.045978	0.343692	177	7	45	383.78
1.832596	1.168678	2.108595	186	30	48	383.78
-1.570796	1.554776	0.100351	171	20	44	383.76
1.308997	1.741644	-2.695914	173	14	40	383.72
0.000000	1.135834	-1.431087	154	159	187	383.64
1.308997	1.134497	-1.109631	52	174	183	383.54
2.879793	1.014500	0.906702	177	23	49	383.19
1.308997	0.418037	1.360082	163	157	175	383.12
-2.356194	1.555207	1.708892	54	173	167	382.96
1.308997	0.640596	-2.797608	54	179	174	382.86
0.785398	0.618092	2.539118	168	24	45	382.86
-1.832596	0.685216	-1.712745	173	13	45	382.86
1.047198	0.850607	-1.335383	173	4	40	382.81
1.047198	1.374601	-2.456031	172	11	40	382.76
2.617994	1.168678	2.108595	175	11	51	382.72
2.094395	0.685216	-1.712745	181	3	41	382.52
-1.570796	1.554776	0.100351	170	18	43	382.51
-2.094395	1.948085	-2.363031	171	22	40	382.49
0.785398	1.450119	-2.739050	174	10	43	382.41
-1.308997	0.419640	2.974122	34	176	10	382.30
-2.356194	1.413430	2.550734	170	10	43	382.28
1.308997	1.413347	-1.339188	171	12	39	382.06
2.879793	2.089241	-0.114193	171	12	38	382.01
-0.785398	1.374601	-2.456031	173	18	48	381.93
0.523599	2.356369	3.005869	32	181	7	381.91
0.785398	2.343981	-1.040456	180	12	49	381.89
1.047198	0.458961	-0.107937	178	12	46	381.76
-2.356194	1.504028	0.636812	173	21	47	381.47
-0.523599	1.391910	3.030322	173	9	43	381.45
-1.570796	0.419640	2.974122	180	32	44	381.44
-1.047198	1.417623	-0.202254	170	11	43	381.44
-2.094395	2.579248	-2.364801	171	9	44	381.33
0.000000	1.413347	-1.339188	182	18	47	381.32
-2.094395	1.135813	-2.658866	168	17	42	381.23
-1.047198	2.455966	-0.641220	170	16	41	381.09
2.617994	2.187132	-0.479875	169	14	38	381.07
0.000000	0.914445	2.687814	170	25	45	381.03
0.523599	0.379747	-1.713059	168	8	41	381.00
-1.047198	1.909857	-0.381669	180	15	46	380.88
2.617994	1.045978	0.343692	171	18	42	380.61
2.356194	2.704512	1.488683	174	5	39	380.55
1.308997	1.696674	-1.253233	174	13	47	380.35
1.832596	0.864993	2.278281	167	10	45	380.34
-2.094395	1.574060	2.783565	161	168	9	380.26
1.047198	0.619654	-2.216909	173	5	41	380.25
1.832596	1.247695	1.809890	172	13	40	380.20
-2.094395	0.831641	0.616218	180	23	48	380.00
-2.356194	0.700570	1.559208	32	189	10	379.93
2.617994	0.709924	0.218797	174	22	47	379.87
0.000000	2.356369	3.005869	51	185	166	379.80
2.094395	1.555207	1.708892	171	17	42	379.70
2.879793	2.881233	-2.582574	174	15	48	379.59
1.832596	2.089241	-0.114193	171	8	41	379.49
2.879793	2.588535	-2.976617	171	7	41	379.32
2.617994	1.555207	1.708892	172	21	52	379.15
2.617994	0.906588	1.252948	182	21	51	378.85
1.047198	0.640596	-2.797608	54	175	174	378.83
2.879793	1.325504	-1.671296	163	157	0	378.67
1.047198	0.591903	2.010408	171	8	40	378.64
0.523599	0.899350	-2.069907	54	173	176	378.26
-2.356194	0.370812	-2.547742	172	14	42	378.23
2.356194	1.195355	1.200319	167	25	45	378.19
-2.094395	0.419640	2.974122	52	174	185	378.11
1.570796	1.168678	2.108595	170	18	50	378.00
2.094395	1.310100	1.488307	24	10	4	377.75
0.785398	0.571433	-1.188419	173	8	42	377.73
1.832596	1.025536	1.576859	167	21	44	377.39
-2.879793	0.290380	-0.796960	174	17	48	377.37
1.308997	1.433411	-1.035986	51	166	171	377.02
1.047198	1.450119	-2.739050	176	20	46	377.02
0.261799	1.134497	-1.109631	55	175	171	377.00
2.094395	1.025536	1.576859	24	9	5	377.00
-1.047198	1.662363	0.915448	169	11	42	376.96
1.570796	0.370812	-2.547742	166	17	44	376.89
0.261799	1.569311	-3.003978	181	23	47	376.86
0.523599	0.899350	-2.069907	171	11	45	376.84
2.356194	0.674054	1.013609	176	20	50	376.67
0.523599	0.685216	-1.712745	165	15	42	376.65
-0.261799	1.391910	3.030322	170	12	39	376.65
-1.832596	0.379747	-1.713059	179	28	45	376.65
-2.356194	1.391910	3.030322	170	13	45	376.54
1.308997	1.135813	-2.658866	174	15	44	376.45
-1.570796	2.138223	1.678323	163	21	39	376.33
2.094395	2.984978	1.954446	175	11	47	376.28
0.000000	0.906588	1.252948	174	19	47	376.11
2.356194	1.904882	-1.478089	171	12	44	375.97
2.094395	1.506530	1.988858	171	15	41	375.86
-2.356194	1.872854	1.543456	170	8	46	375.67
0.523599	0.203748	0.590255	182	27	47	375.66
-1.308997	0.080730	-2.622036	172	14	46	375.64
1.047198	0.591903	2.010408	169	10	40	375.63
-2.879793	1.184361	0.625864	169	16	45	375.53
-2.617994	1.809167	1.213774	170	20	46	375.44
-3.141593	2.579248	-2.364801	167	18	37	375.38
-0.523599	2.478122	2.609777	181	26	45	375.29
2.356194	2.724429	-0.348782	34	4	3	375.27
-2.879793	2.719179	-1.780644	177	14	48	374.93
0.523599	1.218453	2.777284	163	161	4	374.65
0.785398	1.413430	2.550734	169	18	50	374.63
0.261799	1.869911	2.701025	168	14	49	374.48
2.879793	0.709924	0.218797	168	15	40	374.39
-0.523599	0.914445	2.687814	54	178	177	374.18
0.523599	1.569311	-3.003978	162	10	39	374.06
-1.047198	2.455966	-0.641220	186	23	50	374.00
-2.094395	1.025536	1.576859	177	17	46	373.69
0.785398	1.374601	-2.456031	55	173	171	373.59
0.523599	1.948085	-2.363031	177	11	46	373.25
0.523599	1.504028	0.636812	40	10	189	373.16
0.785398	2.033014	2.977192	169	5	41	372.49
-2.356194	1.555207	1.708892	178	10	51	372.21
1.308997	1.433411	-1.035986	169	28	39	372.18
1.570796	2.063651	-2.044600	177	8	42	372.17
-2.617994	1.391910	3.030322	172	9	42	371.95
-1.047198	1.194549	-0.801900	32	185	7	371.88
-0.523599	1.195355	1.200319	172	15	45	371.83
0.523599	0.379747	-1.713059	169	7	42	371.80
-2.094395	2.108018	1.311430	168	19	44	371.80
2.879793	1.869911	2.701025	169	22	42	371.79
2.879793	1.247695	1.809890	173	13	51	371.59
0.785398	0.418037	1.360082	170	16	43	371.37
1.832596	1.247695	1.809890	169	18	46	371.35
1.308997	2.251330	-2.330739	38	172	6	371.16
-2.356194	2.138223	1.678323	170	17	49	371.04
1.832596	0.571433	-1.188419	29	3	9	370.92
-2.094395	1.948085	-2.363031	30	179	8	370.89
0.785398	0.379747	-1.713059	179	19	49	370.81
1.308997	0.571433	-1.188419	184	14	49	370.81
0.523599	1.948085	-2.363031	38	187	7	370.80
-2.094395	1.574060	2.783565	168	13	44	370.78
1.308997	0.571433	-1.188419	186	18	50	370.52
1.570796	0.571433	-1.188419	55	172	172	370.37
-2.617994	1.504028	0.636812	54	170	171	370.15
0.261799	2.664082	-1.071402	53	176	172	369.97
1.832596	2.063651	-2.044600	55	183	174	369.94
-1.570796	1.836682	-0.676006	190	33	45	369.84
2.617994	2.356369	3.005869	181	21	47	369.54
-1.308997	0.080730	-2.622036	173	28	44	369.44
0.523599	0.914445	2.687814	20	23	29	368.95
-1.308997	1.606104	-0.451151	176	25	43	368.86
2.879793	2.588535	-2.976617	167	23	42	368.83
1.832596	0.571433	-1.188419	181	17	48	368.67
1.570796	0.370812	-2.547742	167	12	41	368.56
-2.094395	1.599406	1.426070	173	19	47	368.54
1.047198	1.948085	-2.363031	30	191	8	368.48
-1.570796	2.393226	1.857173	172	13	49	368.41
-2.617994	1.391910	3.030322	170	11	43	368.38
-2.356194	1.658653	-2.409879	176	21	45	368.09
0.000000	1.662363	0.915448	168	13	39	367.96
1.308997	2.063651	-2.044600	174	18	44	367.87
1.570796	1.325504	-1.671296	171	21	47	367.67
1.047198	1.450119	-2.739050	177	20	47	367.57
1.832596	2.063651	-2.044600	169	22	44	367.46
-1.047198	1.194549	-0.801900	178	25	45	367.19
2.094395	2.455966	-0.641220	176	13	44	367.01
-1.570796	2.393226	1.857173	171	12	48	367.00
0.261799	2.356369	3.005869	32	180	7	366.87
0.000000	1.135813	-2.658866	175	14	49	366.67
-0.261799	0.618092	2.539118	181	39	43	366.63
1.832596	1.982574	-1.115518	169	15	42	366.25
-2.094395	1.335669	0.897240	174	14	49	366.07
-1.832596	1.184361	0.625864	175	26	46	365.93
1.308997	0.418037	1.360082	169	18	45	365.57
-3.141593	0.640596	-2.797608	170	19	41	365.36
2.356194	1.506530	1.988858	171	15	41	365.25
1.047198	0.458961	-0.107937	172	16	39	365.19
1.308997	1.696674	-1.253233	170	11	38	365.14
2.094395	2.153910	-1.714959	183	19	51	365.00
2.879793	1.809167	1.213774	48	175	161	364.71
-3.141593	0.640596	-2.797608	178	18	49	364.70
2.617994	1.599406	1.426070	170	15	41	364.58
2.094395	1.982574	-1.115518	175	23	44	364.44
2.617994	2.104282	-0.813972	178	20	46	364.40
-0.523599	2.478122	2.609777	51	168	180	364.35
-2.356194	1.599406	1.426070	173	3	45	364.03
-0.785398	1.741644	-2.695914	170	14	45	363.80
0.523599	0.685216	-1.712745	159	155	184	363.79
0.261799	1.741644	-2.695914	164	17	39	363.74
2.356194	2.180315	-1.357379	169	14	45	363.64
2.356194	0.496451	0.593859	166	18	41	363.55
1.570796	0.850607	-1.335383	167	15	40	363.37
-2.094395	1.809167	1.213774	188	36	37	363.19
-2.617994	1.504028	0.636812	172	21	47	362.68
1.832596	1.696674	-1.253233	49	184	164	361.61
2.617994	0.458961	-0.107937	171	22	44	361.21
-2.356194	2.108018	1.311430	168	10	46	361.14
2.617994	2.588535	-2.976617	185	34	42	360.99
1.570796	0.571433	-1.188419	55	176	160	360.79
-1.047198	2.041297	-2.664597	168	8	39	360.36
1.308997	2.592629	0.909713	2	38	41	360.25
2.356194	2.724429	-0.348782	173	16	42	360.15
-2.094395	1.809167	1.213774	163	160	9	360.03
-1.047198	2.041297	-2.664597	175	13	48	359.93
-1.047198	1.977582	0.969896	170	16	44	359.83
0.261799	1.050534	3.042579	165	16	40	359.64
1.308997	0.640596	-2.797608	173	14	47	359.64
2.617994	1.440580	2.260026	25	5	9	359.54
2.094395	2.455966	-0.641220	175	13	43	359.48
-2.356194	1.872854	1.543456	179	26	49	359.37
2.617994	0.458961	-0.107937	166	18	39	359.23
0.000000	1.998705	2.370472	175	8	46	359.22
1.832596	1.982574	-1.115518	171	15	45	359.13
-2.094395	2.108018	1.311430	159	163	9	359.11
2.879793	2.881233	-2.582574	173	14	48	359.11
2.356194	1.195355	1.200319	166	24	44	359.01
2.617994	1.488617	1.159546	167	24	45	358.94
0.261799	1.050534	3.042579	18	22	32	358.00
2.094395	1.413347	-1.339188	179	14	47	357.68
-2.094395	0.370812	-2.547742	171	14	44	357.66
1.308997	0.640596	-2.797608	173	13	47	357.47
0.000000	0.297065	2.160177	173	7	42	357.35
2.094395	2.187132	-0.479875	177	17	48	357.19
-0.261799	2.343981	-1.040456	187	26	50	357.11
-3.141593	1.113094	-0.272241	53	182	165	357.03
-2.094395	1.872854	1.543456	174	10	50	356.83
0.523599	0.914445	2.687814	53	179	170	356.52
0.523599	2.153910	-1.714959	178	18	46	356.22
-0.261799	2.478122	2.609777	166	7	39	356.13
2.094395	2.104282	-0.813972	182	25	46	355.85
1.832596	1.506530	1.988858	55	178	168	355.60
-0.261799	1.135813	-2.658866	173	13	48	355.59
-0.261799	1.766067	2.153843	169	14	45	355.45
-3.141593	1.113094	-0.272241	166	20	40	355.38
1.308997	2.251330	-2.330739	169	27	42	354.90
2.356194	0.496451	0.593859	169	19	45	354.04
0.523599	2.063651	-2.044600	179	28	45	354.03
-2.094395	1.599406	1.426070	176	7	49	353.78
1.308997	1.696674	-1.253233	49	184	158	353.59
-3.141593	0.290380	-0.796960	173	13	44	353.16
2.879793	1.310100	1.488307	173	21	48	353.00
2.356194	1.310100	1.488307	167	17	44	352.93
-1.570796	1.417623	-0.202254	169	10	40	352.74
-2.094395	1.335669	0.897240	170	13	45	351.72
2.094395	1.982574	-1.115518	179	24	46	351.19
-3.141593	2.588535	-2.976617	56	179	168	349.90
-2.094395	0.370812	-2.547742	170	14	43	349.83
-2.094395	2.138223	1.678323	53	181	174	348.92
-2.094395	1.872854	1.543456	25	183	11	348.59
-2.094395	1.599406	1.426070	169	23	46	348.57
2.356194	1.904882	-1.478089	40	172	4	348.53
0.523599	2.664082	-1.071402	173	16	44	348.29
-2.094395	2.592629	0.909713	182	17	46	348.16
-2.094395	2.592629	0.909713	0	23	47	347.22
2.617994	2.588535	-2.976617	57	177	174	347.12
2.879793	1.488617	1.159546	182	26	50	346.70
-1.308997	1.417623	-0.202254	174	18	45	346.54
-1.308997	1.606104	-0.451151	30	188	8	345.60
2.617994	1.247695	1.809890	170	16	51	344.93
-1.570796	2.407836	1.410646	174	5	46	344.29
2.879793	1.599406	1.426070	174	26	48	344.22
0.261799	1.050534	3.042579	166	23	45	343.85
-1.570796	2.407836	1.410646	176	7	47	342.97
2.617994	2.588535	-2.976617	172	15	45	342.95
-1.570796	2.407836	1.410646	169	6	45	342.03
-1.832596	1.569311	-3.003978	178	18	50	340.52
-1.308997	1.417623	-0.202254	174	14	46	340.50
1.570796	0.571433	-1.188419	185	14	49	340.07
2.094395	2.187132	-0.479875	176	7	40	338.98
0.523599	2.063651	-2.044600	52	166	172	338.73
2.879793	1.809167	1.213774	180	29	48	338.04
2.617994	1.310100	1.488307	19	27	19	336.98
-1.832596	2.138223	1.678323	174	11	51	336.70
2.617994	1.488617	1.159546	179	23	50	333.59
2.617994	1.599406	1.426070	31	3	10	330.91
2.879793	1.809167	1.213774	52	181	172	330.81
-2.094395	1.872854	1.543456	173	5	46	330.63
2.879793	1.555207	1.708892	173	20	52	330.00
-0.261799	1.135813	-2.658866	176	20	49	326.81
-2.879793	0.290380	-0.796960	175	17	48	325.70
0.523599	2.063651	-2.044600	175	21	45	324.89
2.356194	1.310100	1.488307	168	16	42	321.01
2.617994	1.488617	1.159546	31	181	9	316.96
2.879793	1.599406	1.426070	170	20	50	314.48
2.356194	1.310100	1.488307	169	22	49	313.63
-1.308997	1.417623	-0.202254	167	13	42	312.55
2.879793	1.599406	1.426070	52	180	170	306.70
2.617994	1.599406	1.426070	169	16	41	281.78
