pH,ionic_strength_mM,zeta_mV_predicted,V_max_kT
3.5,5.0,39.54558560761478,101.27330999804377
3.5677966101694913,5.0,39.47127175320075,100.81019029305476
3.635593220338983,5.0,39.384320212599434,100.26941916417816
3.7033898305084745,5.0,39.28261747778039,99.63842027391819
3.7711864406779663,5.0,39.16370976313924,98.9027446486136
3.8389830508474576,5.0,39.02475309655229,98.04585325260314
3.906779661016949,5.0,38.862457914249845,97.04889837951859
3.9745762711864407,5.0,38.67302827357676,95.890515395116
4.0423728813559325,5.0,38.45209615548971,94.5515456841864
4.110169491525424,5.0,38.19465184131917,93.00314711544897
4.177966101694915,5.0,37.89497205960407,91.21382469129071
4.245762711864407,5.0,37.5465485573815,89.1560269871155
4.313559322033898,5.0,37.142021005935916,86.79714019770547
4.38135593220339,5.0,36.67311974688623,84.09999187099224
4.4491525423728815,5.0,36.13062584433182,81.03203188603092
4.516949152542373,5.0,35.50435821659978,77.5620379310583
4.584745762711864,5.0,34.78320019206899,73.65749995534493
4.652542372881356,5.0,33.9551804750793,69.29585393220067
4.720338983050848,5.0,33.00762587361254,64.4652218180838
4.788135593220339,5.0,31.927404682997505,59.16706440246268
4.8559322033898304,5.0,30.701279558848682,53.42242077579467
4.923728813559322,5.0,29.31638604149765,47.2801545521583
4.991525423728813,5.0,27.760846465111598,40.81477329238549
5.059322033898305,5.0,26.024517710018856,34.1425891423661
5.127118644067797,5.0,24.099854463966352,27.419233753177778
5.194915254237288,5.0,21.982847591008422,20.838507764742204
5.262711864406779,5.0,19.673971594224824,14.635724660677166
5.330508474576272,5.0,17.179049661230792,9.077409379194009
5.398305084745763,5.0,14.509925023926954,4.450990381482093
5.466101694915254,5.0,11.684820227896367,1.0561422076288938
5.533898305084746,5.0,8.728277905600471,-0.039874560230895785
5.601694915254237,5.0,5.670611563687217,-0.0398745727126591
5.669491525423728,5.0,2.5468513759610403,-0.039874579989992845
5.73728813559322,5.0,-0.6047598121241506,-0.039874581725231395
5.805084745762712,5.0,-3.7445946536950245,-0.03987457785364941
5.872881355932203,5.0,-6.833613438396917,-0.03987456858984221
5.9406779661016955,5.0,-9.835274816465738,-0.03987455440497792
6.008474576271187,5.0,-12.717190533326857,2.1155716830458022
6.076271186440678,5.0,-15.452373548337842,5.928241010894301
6.1440677966101696,5.0,-18.01999479495553,10.817851030157714
6.211864406779661,5.0,-20.405636003990274,16.491162851091026
6.279661016949152,5.0,-22.60108939640481,22.67197891174978
6.347457627118644,5.0,-24.603799265393835,29.111237225391204
6.415254237288135,5.0,-26.416061581013278,35.59685070562775
6.483050847457627,5.0,-28.044097714169155,41.957638238900806
6.5508474576271185,5.0,-29.49710290085629,48.060609168771194
6.618644067796611,5.0,-30.786346131189898,53.81246614072864
6.686440677966102,5.0,-31.924372023370083,59.1524757454129
6.754237288135593,5.0,-32.92433142158767,64.04935759790828
6.822033898305085,5.0,-33.799448416267275,68.48864166629254
6.889830508474576,5.0,-34.562618006017544,72.48131467692222
6.9576271186440675,5.0,-35.2261203365697,76.04182972808925
7.025423728813559,5.0,-35.80143339245474,79.19917734705037
7.093220338983051,5.0,-36.29912502616254,81.98004838146468
7.161016949152542,5.0,-36.72880620708524,84.41750243078788
7.228813559322034,5.0,-37.099129481961505,86.54852880796469
7.296610169491526,5.0,-37.41781921996353,88.40260677467478
7.364406779661017,5.0,-37.69172284608986,90.00879983975815
7.432203389830509,5.0,-37.92687469681505,91.4036380031561
7.5,5.0,-38.12856623850745,92.60735307292505
3.5,5.322596738523791,39.54558560761478,100.52851073627868
3.5677966101694913,5.322596738523791,39.47127175320075,100.06616376449664
3.635593220338983,5.322596738523791,39.384320212599434,99.52629493324233
3.7033898305084745,5.322596738523791,39.28261747778039,98.89634888912735
3.7711864406779663,5.322596738523791,39.16370976313924,98.16190076716396
3.8389830508474576,5.322596738523791,39.02475309655229,97.30643912771392
3.906779661016949,5.322596738523791,38.862457914249845,96.31300728589704
3.9745762711864407,5.322596738523791,38.67302827357676,95.16239707119773
4.0423728813559325,5.322596738523791,38.45209615548971,93.82754079078065
4.110169491525424,5.322596738523791,38.19465184131917,92.28172829733722
4.177966101694915,5.322596738523791,37.89497205960407,90.4991719158661
4.245762711864407,5.322596738523791,37.5465485573815,88.45038838519213
4.313559322033898,5.322596738523791,37.142021005935916,86.09604754295303
4.38135593220339,5.322596738523791,36.67311974688623,83.41193572047641
4.4491525423728815,5.322596738523791,36.13062584433182,80.3552289650916
4.516949152542373,5.322596738523791,35.50435821659978,76.8955530273375
4.584745762711864,5.322596738523791,34.78320019206899,73.00558582030534
4.652542372881356,5.322596738523791,33.9551804750793,68.66279694676527
4.720338983050848,5.322596738523791,33.00762587361254,63.85240898886296
4.788135593220339,5.322596738523791,31.927404682997505,58.57667206191328
4.8559322033898304,5.322596738523791,30.701279558848682,52.85778048182385
4.923728813559322,5.322596738523791,29.31638604149765,46.742076249975476
4.991525423728813,5.322596738523791,27.760846465111598,40.30992573961939
5.059322033898305,5.322596738523791,26.024517710018856,33.67388394057454
5.127118644067797,5.322596738523791,24.099854463966352,26.989742083903398
5.194915254237288,5.322596738523791,21.982847591008422,20.45324374258859
5.262711864406779,5.322596738523791,19.673971594224824,14.298683862075691
5.330508474576272,5.322596738523791,17.179049661230792,8.793392940778864
5.398305084745763,5.322596738523791,14.509925023926954,4.224956952546789
5.466101694915254,5.322596738523791,11.684820227896367,0.8944937902862374
5.533898305084746,5.322596738523791,8.728277905600471,-0.042940024982318324
5.601694915254237,5.322596738523791,5.670611563687217,-0.04294003746408165
5.669491525423728,5.322596738523791,2.5468513759610403,-0.042940044741415384
5.73728813559322,5.322596738523791,-0.6047598121241506,-0.04294004647665394
5.805084745762712,5.322596738523791,-3.7445946536950245,-0.04294004260507195
5.872881355932203,5.322596738523791,-6.833613438396917,-0.04294003334126475
5.9406779661016955,5.322596738523791,-9.835274816465738,-0.04294001915640046
6.008474576271187,5.322596738523791,-12.717190533326857,1.9296943683877519
6.076271186440678,5.322596738523791,-15.452373548337842,5.681534859716777
6.1440677966101696,5.322596738523791,-18.01999479495553,10.516161840934535
6.211864406779661,5.322596738523791,-20.405636003990274,16.139085189573883
6.279661016949152,5.322596738523791,-22.60108939640481,22.273819939702015
6.347457627118644,5.322596738523791,-24.603799265393835,28.671671857316305
6.415254237288135,5.322596738523791,-26.416061581013278,35.120116629354534
6.483050847457627,5.322596738523791,-28.044097714169155,41.44638686151007
6.5508474576271185,5.322596738523791,-29.49710290085629,47.51946293119758
6.618644067796611,5.322596738523791,-30.786346131189898,53.24517390643481
6.686440677966102,5.322596738523791,-31.924372023370083,58.56218236029115
6.754237288135593,5.322596738523791,-32.92433142158767,63.43724398529092
6.822033898305085,5.322596738523791,-33.799448416267275,67.86103693129651
6.889830508474576,5.322596738523791,-34.562618006017544,71.83734070208804
6.9576271186440675,5.322596738523791,-35.2261203365697,75.38484988782533
7.025423728813559,5.322596738523791,-35.80143339245474,78.52822787102649
7.093220338983051,5.322596738523791,-36.29912502616254,81.29686101806088
7.161016949152542,5.322596738523791,-36.72880620708524,83.72891496157504
7.228813559322034,5.322596738523791,-37.099129481961505,85.84910840675394
7.296610169491526,5.322596738523791,-37.41781921996353,87.69822772409286
7.364406779661017,5.322596738523791,-37.69172284608986,89.30173559093448
7.432203389830509,5.322596738523791,-37.92687469681505,90.68771002289279
7.5,5.322596738523791,-38.12856623850745,91.88659529468737
3.5,5.666007208188818,39.54558560761478,99.76964590377297
3.5677966101694913,5.666007208188818,39.47127175320075,99.30809520196881
3.635593220338983,5.666007208188818,39.384320212599434,98.76915615152535
3.7033898305084745,5.666007208188818,39.28261747778039,98.14029502231892
3.7711864406779663,5.666007208188818,39.16370976313924,97.40913473718658
3.8389830508474576,5.666007208188818,39.02475309655229,96.55946038580277
3.906779661016949,5.666007208188818,38.862457914249845,95.57090222184998
3.9745762711864407,5.666007208188818,38.67302827357676,94.42227555164555
4.0423728813559325,5.666007208188818,38.45209615548971,93.08972043872438
4.110169491525424,5.666007208188818,38.19465184131917,91.55061530038792
4.177966101694915,5.666007208188818,37.89497205960407,89.77638077457792
4.245762711864407,5.666007208188818,37.5465485573815,87.73113256861761
4.313559322033898,5.666007208188818,37.142021005935916,85.38993302132383
4.38135593220339,5.666007208188818,36.67311974688623,82.71045728466765
4.4491525423728815,5.666007208188818,36.13062584433182,79.66789810346773
4.516949152542373,5.666007208188818,35.50435821659978,76.22285805295385
4.584745762711864,5.666007208188818,34.78320019206899,72.34806658128169
4.652542372881356,5.666007208188818,33.9551804750793,68.02103753669135
4.720338983050848,5.666007208188818,33.00762587361254,63.22912994744916
4.788135593220339,5.666007208188818,31.927404682997505,57.97591871873426
4.8559322033898304,5.666007208188818,30.701279558848682,52.2825828108719
4.923728813559322,5.666007208188818,29.31638604149765,46.19733693295697
4.991525423728813,5.666007208188818,27.760846465111598,39.79711275439542
5.059322033898305,5.666007208188818,26.024517710018856,33.19830244727018
5.127118644067797,5.666007208188818,24.099854463966352,26.554434676024442
5.194915254237288,5.666007208188818,21.982847591008422,20.06292436579297
5.262711864406779,5.666007208188818,19.673971594224824,13.95790597089734
5.330508474576272,5.666007208188818,17.179049661230792,8.506288047065718
5.398305084745763,5.666007208188818,14.509925023926954,3.99666570681829
5.466101694915254,5.666007208188818,11.684820227896367,0.7322062972799771
5.533898305084746,5.666007208188818,8.728277905600471,-0.04620398822383196
5.601694915254237,5.666007208188818,5.670611563687217,-0.04620400070559528
5.669491525423728,5.666007208188818,2.5468513759610403,-0.04620400798292902
5.73728813559322,5.666007208188818,-0.6047598121241506,-0.04620400971816757
5.805084745762712,5.666007208188818,-3.7445946536950245,-0.046204005846585586
5.872881355932203,5.666007208188818,-6.833613438396917,-0.046203996582778385
5.9406779661016955,5.666007208188818,-9.835274816465738,-0.046203982397914095
6.008474576271187,5.666007208188818,-12.717190533326857,1.7425248818636492
6.076271186440678,5.666007208188818,-15.452373548337842,5.432248448003216
6.1440677966101696,5.666007208188818,-18.01999479495553,10.210588465412078
6.211864406779661,5.666007208188818,-20.405636003990274,15.782413078997973
6.279661016949152,5.666007208188818,-22.60108939640481,21.870423896165697
6.347457627118644,5.666007208188818,-24.603799265393835,28.225998147787926
6.415254237288135,5.666007208188818,-26.416061581013278,34.63626991912533
6.483050847457627,5.666007208188818,-28.044097714169155,40.92867848399591
6.5508474576271185,5.666007208188818,-29.49710290085629,46.97111265019251
6.618644067796611,5.666007208188818,-30.786346131189898,52.66839746940034
6.686440677966102,5.666007208188818,-31.924372023370083,57.96145421016376
6.754237288135593,5.666007208188818,-32.92433142158767,62.81680069834178
6.822033898305085,5.666007208188818,-33.799448416267275,67.22066762388967
6.889830508474576,5.666007208188818,-34.562618006017544,71.18184507106584
6.9576271186440675,5.666007208188818,-35.2261203365697,74.71476923848974
7.025423728813559,5.666007208188818,-35.80143339245474,77.84614477074054
7.093220338983051,5.666007208188818,-36.29912502616254,80.60790218104952
7.161016949152542,5.666007208188818,-36.72880620708524,83.02688902884282
7.228813559322034,5.666007208188818,-37.099129481961505,85.14342040648583
7.296610169491526,5.666007208188818,-37.41781921996353,86.98184626526812
7.364406779661017,5.666007208188818,-37.69172284608986,88.58101071295289
7.432203389830509,5.666007208188818,-37.92687469681505,89.96459354541398
7.5,5.666007208188818,-38.12856623850745,91.15815866659469
3.5,6.031574297351619,39.54558560761478,98.9966453892019
3.5677966101694913,6.031574297351619,39.47127175320075,98.53775650502668
3.635593220338983,6.031574297351619,39.384320212599434,98.00249408897969
3.7033898305084745,6.031574297351619,39.28261747778039,97.37792304128868
3.7711864406779663,6.031574297351619,39.16370976313924,96.64974157670972
3.8389830508474576,6.031574297351619,39.02475309655229,95.80157913898628
3.906779661016949,6.031574297351619,38.862457914249845,94.81478001905991
3.9745762711864407,6.031574297351619,38.67302827357676,93.66819721936957
4.0423728813559325,6.031574297351619,38.45209615548971,92.34347279673555
4.110169491525424,6.031574297351619,38.19465184131917,90.8108652410581
4.177966101694915,6.031574297351619,37.89497205960407,89.03979084059272
4.245762711864407,6.031574297351619,37.5465485573815,87.00498157524596
4.313559322033898,6.031574297351619,37.142021005935916,84.67017847879983
4.38135593220339,6.031574297351619,36.67311974688623,82.0037709748646
4.4491525423728815,6.031574297351619,36.13062584433182,78.96862621984255
4.516949152542373,6.031574297351619,35.50435821659978,75.53689904918579
4.584745762711864,6.031574297351619,34.78320019206899,71.67745040188902
4.652542372881356,6.031574297351619,33.9551804750793,67.36882106045417
4.720338983050848,6.031574297351619,33.00762587361254,62.598910854724075
4.788135593220339,6.031574297351619,31.927404682997505,57.3687562972425
4.8559322033898304,6.031574297351619,30.701279558848682,51.701484025818104
4.923728813559322,6.031574297351619,29.31638604149765,45.64504297000394
4.991525423728813,6.031574297351619,27.760846465111598,39.277638966581684
5.059322033898305,6.031574297351619,26.024517710018856,32.71588002841127
5.127118644067797,6.031574297351619,24.099854463966352,26.113293826630215
5.194915254237288,6.031574297351619,21.982847591008422,19.667501923547903
5.262711864406779,6.031574297351619,19.673971594224824,13.61271817974825
5.330508474576272,6.031574297351619,17.179049661230792,8.21592359683846
5.398305084745763,6.031574297351619,14.509925023926954,3.766295596351792
5.466101694915254,6.031574297351619,11.684820227896367,0.5693757666396735
5.533898305084746,6.031574297351619,8.728277905600471,-0.049676642189703656
5.601694915254237,6.031574297351619,5.670611563687217,-0.04967665467146698
5.669491525423728,6.031574297351619,2.5468513759610403,-0.049676661948800716
5.73728813559322,6.031574297351619,-0.6047598121241506,-0.04967666368403927
5.805084745762712,6.031574297351619,-3.7445946536950245,-0.04967665981245729
5.872881355932203,6.031574297351619,-6.833613438396917,-0.049676650548650086
5.9406779661016955,6.031574297351619,-9.835274816465738,-0.04967663636378579
6.008474576271187,6.031574297351619,-12.717190533326857,1.5541752991894844
6.076271186440678,6.031574297351619,-15.452373548337842,5.180384555744661
6.1440677966101696,6.031574297351619,-18.01999479495553,9.901765976996021
6.211864406779661,6.031574297351619,-20.405636003990274,15.421084116176221
6.279661016949152,6.031574297351619,-22.60108939640481,21.461749348206858
6.347457627118644,6.031574297351619,-24.603799265393835,27.774212613564753
6.415254237288135,6.031574297351619,-26.416061581013278,34.14535872120115
6.483050847457627,6.031574297351619,-28.044097714169155,40.40279613865597
6.5508474576271185,6.031574297351619,-29.49710290085629,46.41344552134084
6.618644067796611,6.031574297351619,-30.786346131189898,52.0855265464507
6.686440677966102,6.031574297351619,-31.924372023370083,57.35439164988387
6.754237288135593,6.031574297351619,-32.92433142158767,62.18732089785968
6.822033898305085,6.031574297351619,-33.799448416267275,66.57395730400287
6.889830508474576,6.031574297351619,-34.562618006017544,70.51776233325488
6.9576271186440675,6.031574297351619,-35.2261203365697,74.03735501060254
7.025423728813559,6.031574297351619,-35.80143339245474,77.15728619697111
7.093220338983051,6.031574297351619,-36.29912502616254,79.90549590187003
7.161016949152542,6.031574297351619,-36.72880620708524,82.31803618821714
7.228813559322034,6.031574297351619,-37.099129481961505,84.42410535431398
7.296610169491526,6.031574297351619,-37.41781921996353,86.25925361033093
7.364406779661017,6.031574297351619,-37.69172284608986,87.84904781269914
7.432203389830509,6.031574297351619,-37.92687469681505,89.22766838181924
7.5,6.031574297351619,-38.12856623850745,90.41910761978949
3.5,6.4207275366495296,39.54558560761478,98.2182702112054
3.5677966101694913,6.4207275366495296,39.47127175320075,97.76071015365011
3.635593220338983,6.4207275366495296,39.384320212599434,97.22643086000859
3.7033898305084745,6.4207275366495296,39.28261747778039,96.6030069688755
3.7711864406779663,6.4207275366495296,39.16370976313924,95.87616296325422
3.8389830508474576,6.4207275366495296,39.02475309655229,95.02955835487018
3.906779661016949,6.4207275366495296,38.862457914249845,94.04664360956225
3.9745762711864407,6.4207275366495296,38.67302827357676,92.90795966297401
4.0423728813559325,6.4207275366495296,38.45209615548971,91.5869393920818
4.110169491525424,6.4207275366495296,38.19465184131917,90.05714950473966
4.177966101694915,6.4207275366495296,37.89497205960407,88.2947395998538
4.245762711864407,6.4207275366495296,37.5465485573815,86.26721587476821
4.313559322033898,6.4207275366495296,37.142021005935916,83.94020338680644
4.38135593220339,6.4207275366495296,36.67311974688623,81.28397516443775
4.4491525423728815,6.4207275366495296,36.13062584433182,78.2629961951846
4.516949152542373,6.4207275366495296,35.50435821659978,74.84417842026863
4.584745762711864,6.4207275366495296,34.78320019206899,71.0003725608974
4.652542372881356,6.4207275366495296,33.9551804750793,66.7091887172128
4.720338983050848,6.4207275366495296,33.00762587361254,61.95763071623062
4.788135593220339,6.4207275366495296,31.927404682997505,56.750558916158944
4.8559322033898304,6.4207275366495296,30.701279558848682,51.11076316613698
4.923728813559322,6.4207275366495296,29.31638604149765,45.083616562706105
4.991525423728813,6.4207275366495296,27.760846465111598,38.75159802726288
5.059322033898305,6.4207275366495296,26.024517710018856,32.226641925185646
5.127118644067797,6.4207275366495296,24.099854463966352,25.66632161871812
5.194915254237288,6.4207275366495296,21.982847591008422,19.266925927289183
5.262711864406779,6.4207275366495296,19.673971594224824,13.262985134041214
5.330508474576272,6.4207275366495296,17.179049661230792,7.922232026900864
5.398305084745763,6.4207275366495296,14.509925023926954,3.5337536628255495
5.466101694915254,6.4207275366495296,11.684820227896367,0.40618108288546884
5.533898305084746,6.4207275366495296,8.728277905600471,-0.0533685523323295
5.601694915254237,6.4207275366495296,5.670611563687217,-0.05336856481409282
5.669491525423728,6.4207275366495296,2.5468513759610403,-0.053368572091426564
5.73728813559322,6.4207275366495296,-0.6047598121241506,-0.05336857382666511
5.805084745762712,6.4207275366495296,-3.7445946536950245,-0.05336856995508313
5.872881355932203,6.4207275366495296,-6.833613438396917,-0.05336856069127592
5.9406779661016955,6.4207275366495296,-9.835274816465738,-0.05336854650641164
6.008474576271187,6.4207275366495296,-12.717190533326857,1.364707836701418
6.076271186440678,6.4207275366495296,-15.452373548337842,4.92598630127128
6.1440677966101696,6.4207275366495296,-18.01999479495553,9.58909209514318
6.211864406779661,6.4207275366495296,-20.405636003990274,15.055441590937285
6.279661016949152,6.4207275366495296,-22.60108939640481,21.04775154732699
6.347457627118644,6.4207275366495296,-24.603799265393835,27.31630520727256
6.415254237288135,6.4207275366495296,-26.416061581013278,33.64741984752304
6.483050847457627,6.4207275366495296,-28.044097714169155,39.86983899998765
6.5508474576271185,6.4207275366495296,-29.49710290085629,45.85034118325769
6.618644067796611,6.4207275366495296,-30.786346131189898,51.49212223972563
6.686440677966102,6.4207275366495296,-31.924372023370083,56.736220902496996
6.754237288135593,6.4207275366495296,-32.92433142158767,61.54890333052771
6.822033898305085,6.4207275366495296,-33.799448416267275,65.91579463250933
6.889830508474576,6.4207275366495296,-34.562618006017544,69.84430404752769
6.9576271186440675,6.4207275366495296,-35.2261203365697,73.34920394657729
7.025423728813559,6.4207275366495296,-35.80143339245474,76.4549958285627
7.093220338983051,6.4207275366495296,-36.29912502616254,79.19483531806291
7.161016949152542,6.4207275366495296,-36.72880620708524,81.59766150159427
7.228813559322034,6.4207275366495296,-37.099129481961505,83.69582955063214
7.296610169491526,6.4207275366495296,-37.41781921996353,85.52286023024917
7.364406779661017,6.4207275366495296,-37.69172284608986,87.10972882554348
7.432203389830509,6.4207275366495296,-37.92687469681505,88.4813212856962
7.5,6.4207275366495296,-38.12856623850745,89.66611212202169
3.5,6.8349886891041365,39.54558560761478,97.42600001476838
3.5677966101694913,6.8349886891041365,39.47127175320075,96.9693074404161
3.635593220338983,6.8349886891041365,39.384320212599434,96.43604108115396
3.7033898305084745,6.8349886891041365,39.28261747778039,95.81379913268603
3.7711864406779663,6.8349886891041365,39.16370976313924,95.09018602248574
3.8389830508474576,6.8349886891041365,39.02475309655229,94.24946508804318
3.906779661016949,6.8349886891041365,38.862457914249845,93.27132382486909
3.9745762711864407,6.8349886891041365,38.67302827357676,92.13480077232879
4.0423728813559325,6.8349886891041365,38.45209615548971,90.81628741729257
4.110169491525424,6.8349886891041365,38.19465184131917,89.2947272032468
4.177966101694915,6.8349886891041365,37.89497205960407,87.53920950738393
4.245762711864407,6.8349886891041365,37.5465485573815,85.51591602907074
4.313559322033898,6.8349886891041365,37.142021005935916,83.20164479644573
4.38135593220339,6.8349886891041365,36.67311974688623,80.55362507351488
4.4491525423728815,6.8349886891041365,36.13062584433182,77.54375723799902
4.516949152542373,6.8349886891041365,35.50435821659978,74.13979143519283
4.584745762711864,6.8349886891041365,34.78320019206899,70.31147417157185
4.652542372881356,6.8349886891041365,33.9551804750793,66.03765357787819
4.720338983050848,6.8349886891041365,33.00762587361254,61.3094195458775
4.788135593220339,6.8349886891041365,31.927404682997505,56.126369205582805
4.8559322033898304,6.8349886891041365,30.701279558848682,50.512154859993515
4.923728813559322,6.8349886891041365,29.31638604149765,44.51652107730564
4.991525423728813,6.8349886891041365,27.760846465111598,38.21758748964054
5.059322033898305,6.8349886891041365,26.024517710018856,31.731259995922567
5.127118644067797,6.8349886891041365,24.099854463966352,25.213717147082452
5.194915254237288,6.8349886891041365,21.982847591008422,18.8613329589164
5.262711864406779,6.8349886891041365,19.673971594224824,12.90954369442581
5.330508474576272,6.8349886891041365,17.179049661230792,7.62527046187188
5.398305084745763,6.8349886891041365,14.509925023926954,3.299305782899723
5.466101694915254,6.8349886891041365,11.684820227896367,0.24277377030933947
5.533898305084746,6.8349886891041365,8.728277905600471,-0.05729066555433456
5.601694915254237,6.8349886891041365,5.670611563687217,-0.05729067803609788
5.669491525423728,6.8349886891041365,2.5468513759610403,-0.05729068531343163
5.73728813559322,6.8349886891041365,-0.6047598121241506,-0.05729068704867017
5.805084745762712,6.8349886891041365,-3.7445946536950245,-0.05729068317708819
5.872881355932203,6.8349886891041365,-6.833613438396917,-0.05729067391328098
5.9406779661016955,6.8349886891041365,-9.835274816465738,-0.0572906597284167
6.008474576271187,6.8349886891041365,-12.717190533326857,1.1742139550681343
6.076271186440678,6.8349886891041365,-15.452373548337842,4.669230257662732
6.1440677966101696,6.8349886891041365,-18.01999479495553,9.272892085645045
6.211864406779661,6.8349886891041365,-20.405636003990274,14.685398483164077
6.279661016949152,6.8349886891041365,-22.60108939640481,20.628382697211183
6.347457627118644,6.8349886891041365,-24.603799265393835,26.85225988277591
6.415254237288135,6.8349886891041365,-26.416061581013278,33.143878551814616
6.483050847457627,6.8349886891041365,-28.044097714169155,39.33038479242013
6.5508474576271185,6.8349886891041365,-29.49710290085629,45.278067737603834
6.618644067796611,6.8349886891041365,-30.786346131189898,50.89278207932111
6.686440677966102,6.8349886891041365,-31.924372023370083,56.11213202152343
6.754237288135593,6.8349886891041365,-32.92433142158767,60.90147367005063
6.822033898305085,6.8349886891041365,-33.799448416267275,65.24981940685153
6.889830508474576,6.8349886891041365,-34.562618006017544,69.16000340437257
6.9576271186440675,6.8349886891041365,-35.2261203365697,72.65055529388076
7.025423728813559,6.8349886891041365,-35.80143339245474,75.74589668246745
7.093220338983051,6.8349886891041365,-36.29912502616254,78.47382294000671
7.161016949152542,6.8349886891041365,-36.72880620708524,80.86512353700527
7.228813559322034,6.8349886891041365,-37.099129481961505,82.95773559742737
7.296610169491526,6.8349886891041365,-37.41781921996353,84.77674586984243
7.364406779661017,6.8349886891041365,-37.69172284608986,86.35644969420233
7.432203389830509,6.8349886891041365,-37.92687469681505,87.72543677609254
7.5,6.8349886891041365,-38.12856623850745,88.90641068958398
3.5,7.275977700894534,39.54558560761478,96.61928443004105
3.5677966101694913,7.275977700894534,39.47127175320075,96.16476385557202
3.635593220338983,7.275977700894534,39.384320212599434,95.63523697390777
3.7033898305084745,7.275977700894534,39.28261747778039,95.01735843555626
3.7711864406779663,7.275977700894534,39.16370976313924,94.29697970418204
3.8389830508474576,7.275977700894534,39.02475309655229,93.45790564008219
3.906779661016949,7.275977700894534,38.862457914249845,92.48168043700761
3.9745762711864407,7.275977700894534,38.67302827357676,91.34738369528267
4.0423728813559325,7.275977700894534,38.45209615548971,90.03782654165654
4.110169491525424,7.275977700894534,38.19465184131917,88.52165971767018
4.177966101694915,7.275977700894534,37.89497205960407,86.7695841528266
4.245762711864407,7.275977700894534,37.5465485573815,84.75888251889333
4.313559322033898,7.275977700894534,37.142021005935916,82.44915330785145
4.38135593220339,7.275977700894534,36.67311974688623,79.81479197950009
4.4491525423728815,7.275977700894534,36.13062584433182,76.81664841635624
4.516949152542373,7.275977700894534,35.50435821659978,73.42527476378991
4.584745762711864,7.275977700894534,34.78320019206899,69.61366277003668
4.652542372881356,7.275977700894534,33.9551804750793,65.35953543017085
4.720338983050848,7.275977700894534,33.00762587361254,60.649903704695674
4.788135593220339,7.275977700894534,31.927404682997505,55.49052397091748
4.8559322033898304,7.275977700894534,30.701279558848682,49.90559091680022
4.923728813559322,7.275977700894534,29.31638604149765,43.940482383668375
4.991525423728813,7.275977700894534,27.760846465111598,37.67567666917122
5.059322033898305,7.275977700894534,26.024517710018856,31.229508408270043
5.127118644067797,7.275977700894534,24.099854463966352,24.755094786793443
5.194915254237288,7.275977700894534,21.982847591008422,18.450798919633517
5.262711864406779,7.275977700894534,19.673971594224824,12.55145622281818
5.330508474576272,7.275977700894534,17.179049661230792,7.325085682683022
5.398305084745763,7.275977700894534,14.509925023926954,3.062838631210749
5.466101694915254,7.275977700894534,11.684820227896367,0.07930189342450318
5.533898305084746,7.275977700894534,8.728277905600471,-0.06145431863892136
5.601694915254237,7.275977700894534,5.670611563687217,-0.061454331120684685
5.669491525423728,7.275977700894534,2.5468513759610403,-0.06145433839801843
5.73728813559322,7.275977700894534,-0.6047598121241506,-0.06145434013325697
5.805084745762712,7.275977700894534,-3.7445946536950245,-0.06145433626167499
5.872881355932203,7.275977700894534,-6.833613438396917,-0.061454326997867785
5.9406779661016955,7.275977700894534,-9.835274816465738,-0.0614543128130035
6.008474576271187,7.275977700894534,-12.717190533326857,0.9828124479767268
6.076271186440678,7.275977700894534,-15.452373548337842,4.409913942869278
6.1440677966101696,7.275977700894534,-18.01999479495553,8.953219852621874
6.211864406779661,7.275977700894534,-20.405636003990274,14.310538754588263
6.279661016949152,7.275977700894534,-22.60108939640481,20.203592205799577
6.347457627118644,7.275977700894534,-24.603799265393835,26.382055113831953
6.415254237288135,7.275977700894534,-26.416061581013278,32.63322701191601
6.483050847457627,7.275977700894534,-28.044097714169155,38.782755788647464
6.5508474576271185,7.275977700894534,-29.49710290085629,44.69745820896863
6.618644067796611,7.275977700894534,-30.786346131189898,50.283508075706884
6.686440677966102,7.275977700894534,-31.924372023370083,55.47638792296648
6.754237288135593,7.275977700894534,-32.92433142158767,60.24484904329887
6.822033898305085,7.275977700894534,-33.799448416267275,64.57325473732297
6.889830508474576,7.275977700894534,-34.562618006017544,68.46794770847919
6.9576271186440675,7.275977700894534,-35.2261203365697,71.94367385967898
7.025423728813559,7.275977700894534,-35.80143339245474,75.0248036166546
7.093220338983051,7.275977700894534,-36.29912502616254,77.74016099816384
7.161016949152542,7.275977700894534,-36.72880620708524,80.12567851304247
7.228813559322034,7.275977700894534,-37.099129481961505,82.20572280849052
7.296610169491526,7.275977700894534,-37.41781921996353,84.02116306551552
7.364406779661017,7.275977700894534,-37.69172284608986,85.593884171781
7.432203389830509,7.275977700894534,-37.92687469681505,86.95544627645022
7.5,7.275977700894534,-38.12856623850745,88.13410459554451
3.5,7.745419036070614,39.54558560761478,95.80586095481488
3.5677966101694913,7.745419036070614,39.47127175320075,95.35328786944552
3.635593220338983,7.745419036070614,39.384320212599434,94.82483171515568
3.7033898305084745,7.745419036070614,39.28261747778039,94.20820255523611
3.7711864406779663,7.745419036070614,39.16370976313924,93.48928046233354
3.8389830508474576,7.745419036070614,39.02475309655229,92.65190304405225
3.906779661016949,7.745419036070614,38.862457914249845,91.68029447226797
3.9745762711864407,7.745419036070614,38.67302827357676,90.55403486006409
4.0423728813559325,7.745419036070614,38.45209615548971,89.24742841982552
4.110169491525424,7.745419036070614,38.19465184131917,87.73433027662813
4.177966101694915,7.745419036070614,37.89497205960407,85.99308997221067
4.245762711864407,7.745419036070614,37.5465485573815,83.98771325835202
4.313559322033898,7.745419036070614,37.142021005935916,81.68921478391027
4.38135593220339,7.745419036070614,36.67311974688623,79.06203293844095
4.4491525423728815,7.745419036070614,36.13062584433182,76.07820540178199
4.516949152542373,7.745419036070614,35.50435821659978,72.70179264148324
4.584745762711864,7.745419036070614,34.78320019206899,68.90584260146733
4.652542372881356,7.745419036070614,33.9551804750793,64.66847955682441
4.720338983050848,7.745419036070614,33.00762587361254,59.983122468648354
4.788135593220339,7.745419036070614,31.927404682997505,54.848676446557775
4.8559322033898304,7.745419036070614,30.701279558848682,49.28895738337567
4.923728813559322,7.745419036070614,29.31638604149765,43.355669600722116
4.991525423728813,7.745419036070614,27.760846465111598,37.127949340988245
5.059322033898305,7.745419036070614,26.024517710018856,30.720811507487458
5.127118644067797,7.745419036070614,24.099854463966352,24.290423500838706
5.194915254237288,7.745419036070614,21.982847591008422,18.034999528321283
5.262711864406779,7.745419036070614,19.673971594224824,12.189298386609673
5.330508474576272,7.745419036070614,17.179049661230792,7.021715090486356
5.398305084745763,7.745419036070614,14.509925023926954,2.824448961009447
5.466101694915254,7.745419036070614,11.684820227896367,-0.06587122978812404
5.533898305084746,7.745419036070614,8.728277905600471,-0.0658712468981188
5.601694915254237,7.745419036070614,5.670611563687217,-0.06587125937988211
5.669491525423728,7.745419036070614,2.5468513759610403,-0.06587126665721586
5.73728813559322,7.745419036070614,-0.6047598121241506,-0.0658712683924544
5.805084745762712,7.745419036070614,-3.7445946536950245,-0.06587126452087243
5.872881355932203,7.745419036070614,-6.833613438396917,-0.0658712552570652
5.9406779661016955,7.745419036070614,-9.835274816465738,-0.06587124107220094
6.008474576271187,7.745419036070614,-12.717190533326857,0.790616814603238
6.076271186440678,7.745419036070614,-15.452373548337842,4.14826933922037
6.1440677966101696,7.745419036070614,-18.01999479495553,8.629865798642475
6.211864406779661,7.745419036070614,-20.405636003990274,13.931185891674469
6.279661016949152,7.745419036070614,-22.60108939640481,19.773326923763964
6.347457627118644,7.745419036070614,-24.603799265393835,25.9056643718724
6.415254237288135,7.745419036070614,-26.416061581013278,32.11543353005486
6.483050847457627,7.745419036070614,-28.044097714169155,38.22702381755569
6.5508474576271185,7.745419036070614,-29.49710290085629,44.11022397251069
6.618644067796611,7.745419036070614,-30.786346131189898,49.66610111442249
6.686440677966102,7.745419036070614,-31.924372023370083,54.83456927660429
6.754237288135593,7.745419036070614,-32.92433142158767,59.578893770983214
6.822033898305085,7.745419036070614,-33.799448416267275,63.88781614429302
6.889830508474576,7.745419036070614,-34.562618006017544,67.76326938971569
6.9576271186440675,7.745419036070614,-35.2261203365697,71.22368106253943
7.025423728813559,7.745419036070614,-35.80143339245474,74.29332815731412
7.093220338983051,7.745419036070614,-36.29912502616254,76.99984351698524
7.161016949152542,7.745419036070614,-36.72880620708524,79.37228905393937
7.228813559322034,7.745419036070614,-37.099129481961505,81.44751322359319
7.296610169491526,7.745419036070614,-37.41781921996353,83.2514883462195
7.364406779661017,7.745419036070614,-37.69172284608986,84.8210232865924
7.432203389830509,7.745419036070614,-37.92687469681505,86.17763359228843
7.5,7.745419036070614,-38.12856623850745,87.34793052422775
3.5,8.245148419977905,39.54558560761478,94.97877475089048
3.5677966101694913,8.245148419977905,39.47127175320075,94.52714631178874
3.635593220338983,8.245148419977905,39.384320212599434,93.99979319289776
3.7033898305084745,8.245148419977905,39.28261747778039,93.38445111003435
3.7711864406779663,8.245148419977905,39.16370976313924,92.66907058601774
3.8389830508474576,8.245148419977905,39.02475309655229,91.83768245953118
3.906779661016949,8.245148419977905,38.862457914249845,90.87039950163897
3.9745762711864407,8.245148419977905,38.67302827357676,89.74649294400491
4.0423728813559325,8.245148419977905,38.45209615548971,88.44261635061676
4.110169491525424,8.245148419977905,38.19465184131917,86.93953640178923
4.177966101694915,8.245148419977905,37.89497205960407,85.20352806287568
4.245762711864407,8.245148419977905,37.5465485573815,83.2054901727497
4.313559322033898,8.245148419977905,37.142021005935916,80.91696598728976
4.38135593220339,8.245148419977905,36.67311974688623,78.30221937159207
4.4491525423728815,8.245148419977905,36.13062584433182,75.32811474436518
4.516949152542373,8.245148419977905,35.50435821659978,71.96537123988377
4.584745762711864,8.245148419977905,34.78320019206899,68.18713967690822
4.652542372881356,8.245148419977905,33.9551804750793,63.97127118322003
4.720338983050848,8.245148419977905,33.00762587361254,59.30510518658784
4.788135593220339,8.245148419977905,31.927404682997505,54.195563347291895
4.8559322033898304,8.245148419977905,30.701279558848682,48.66621428346606
4.923728813559322,8.245148419977905,29.31638604149765,42.764654758824165
4.991525423728813,8.245148419977905,27.760846465111598,36.572215683039175
5.059322033898305,8.245148419977905,26.024517710018856,30.205171575789716
5.127118644067797,8.245148419977905,24.099854463966352,23.81966813755698
5.194915254237288,8.245148419977905,21.982847591008422,17.6138727994788
5.262711864406779,8.245148419977905,19.673971594224824,11.822715005598747
5.330508474576272,8.245148419977905,17.179049661230792,6.715187563038561
5.398305084745763,8.245148419977905,14.509925023926954,2.584218267306256
5.466101694915254,8.245148419977905,11.684820227896367,-0.07055357594904435
5.533898305084746,8.245148419977905,8.728277905600471,-0.0705535930590391
5.601694915254237,8.245148419977905,5.670611563687217,-0.07055360554080242
5.669491525423728,8.245148419977905,2.5468513759610403,-0.07055361281813617
5.73728813559322,8.245148419977905,-0.6047598121241506,-0.07055361455337471
5.805084745762712,8.245148419977905,-3.7445946536950245,-0.07055361068179274
5.872881355932203,8.245148419977905,-6.833613438396917,-0.07055360141798553
5.9406779661016955,8.245148419977905,-9.835274816465738,-0.07055358723312125
6.008474576271187,8.245148419977905,-12.717190533326857,0.59782401535646
6.076271186440678,8.245148419977905,-15.452373548337842,3.884182123106829
6.1440677966101696,8.245148419977905,-18.01999479495553,8.302901707814563
6.211864406779661,8.245148419977905,-20.405636003990274,13.54742651908847
6.279661016949152,8.245148419977905,-22.60108939640481,19.337531371246293
6.347457627118644,8.245148419977905,-24.603799265393835,25.423056568031818
6.415254237288135,8.245148419977905,-26.416061581013278,31.590509204296524
6.483050847457627,8.245148419977905,-28.044097714169155,37.66521492335393
6.5508474576271185,8.245148419977905,-29.49710290085629,43.513711783984746
6.618644067796611,8.245148419977905,-30.786346131189898,49.04061957015505
6.686440677966102,8.245148419977905,-31.924372023370083,54.18155837727949
6.754237288135593,8.245148419977905,-32.92433142158767,58.90379824675657
6.822033898305085,8.245148419977905,-33.799448416267275,63.19224947675152
6.889830508474576,8.245148419977905,-34.562618006017544,67.051990224982
6.9576271186440675,8.245148419977905,-35.2261203365697,70.49741826910912
7.025423728813559,8.245148419977905,-35.80143339245474,73.55275733502835
7.093220338983051,8.245148419977905,-36.29912502616254,76.24558098286417
7.161016949152542,8.245148419977905,-36.72880620708524,78.61024852865592
7.228813559322034,8.245148419977905,-37.099129481961505,80.67577036028602
7.296610169491526,8.245148419977905,-37.41781921996353,82.47454353057694
7.364406779661017,8.245148419977905,-37.69172284608986,84.03391245407038
7.432203389830509,8.245148419977905,-37.92687469681505,85.38768575731142
7.5,8.245148419977905,-38.12856623850745,86.55553531342359
3.5,8.777120017763798,39.54558560761478,94.13693848809375
3.5677966101694913,8.777120017763798,39.47127175320075,93.68735736429541
3.635593220338983,8.777120017763798,39.384320212599434,93.16381252774694
3.7033898305084745,8.777120017763798,39.28261747778039,92.55291413982876
3.7711864406779663,8.777120017763798,39.16370976313924,91.84067349968417
3.8389830508474576,8.777120017763798,39.02475309655229,91.01107842348983
3.906779661016949,8.777120017763798,38.862457914249845,90.04588159954041
3.9745762711864407,8.777120017763798,38.67302827357676,88.92531432827968
4.0423728813559325,8.777120017763798,38.45209615548971,87.6308648030773
4.110169491525424,8.777120017763798,38.19465184131917,86.1318448130267
4.177966101694915,8.777120017763798,37.89497205960407,84.40077955586057
4.245762711864407,8.777120017763798,37.5465485573815,82.41408221203498
4.313559322033898,8.777120017763798,37.142021005935916,80.13218292056634
4.38135593220339,8.777120017763798,36.67311974688623,77.52949972874036
4.4491525423728815,8.777120017763798,36.13062584433182,74.56978351379085
4.516949152542373,8.777120017763798,35.50435821659978,71.22213619614881
4.584745762711864,8.777120017763798,34.78320019206899,67.459767373894
4.652542372881356,8.777120017763798,33.9551804750793,63.2605778694732
4.720338983050848,8.777120017763798,33.00762587361254,58.6191846374966
4.788135593220339,8.777120017763798,31.927404682997505,53.53482975632862
4.8559322033898304,8.777120017763798,30.701279558848682,48.03313449536682
4.923728813559322,8.777120017763798,29.31638604149765,42.1644951910738
4.991525423728813,8.777120017763798,27.760846465111598,36.00850977075681
5.059322033898305,8.777120017763798,26.024517710018856,29.68258389022998
5.127118644067797,8.777120017763798,24.099854463966352,23.34278980200321
5.194915254237288,8.777120017763798,21.982847591008422,17.18735511708035
5.262711864406779,8.777120017763798,19.673971594224824,11.45201196009783
5.330508474576272,8.777120017763798,17.179049661230792,6.4055242180086855
5.398305084745763,8.777120017763798,14.509925023926954,2.342214361173526
5.466101694915254,8.777120017763798,11.684820227896367,-0.07551389929867788
5.533898305084746,8.777120017763798,8.728277905600471,-0.07551391640867262
5.601694915254237,8.777120017763798,5.670611563687217,-0.07551392889043596
5.669491525423728,8.777120017763798,2.5468513759610403,-0.07551393616776969
5.73728813559322,8.777120017763798,-0.6047598121241506,-0.07551393790300824
5.805084745762712,8.777120017763798,-3.7445946536950245,-0.07551393403142627
5.872881355932203,8.777120017763798,-6.833613438396917,-0.07551392476761905
5.9406779661016955,8.777120017763798,-9.835274816465738,-0.07551391058275476
6.008474576271187,8.777120017763798,-12.717190533326857,0.4045456658947999
6.076271186440678,8.777120017763798,-15.452373548337842,3.6179277945058534
6.1440677966101696,8.777120017763798,-18.01999479495553,7.972387634735036
6.211864406779661,8.777120017763798,-20.405636003990274,13.158669333233215
6.279661016949152,8.777120017763798,-22.60108939640481,18.896147954518604
6.347457627118644,8.777120017763798,-24.603799265393835,24.934196463916564
6.415254237288135,8.777120017763798,-26.416061581013278,31.05845731857141
6.483050847457627,8.777120017763798,-28.044097714169155,37.09531441396484
6.5508474576271185,8.777120017763798,-29.49710290085629,42.90906406338885
6.618644067796611,8.777120017763798,-30.786346131189898,48.40479203094781
6.686440677966102,8.777120017763798,-31.924372023370083,53.52085529894328
6.754237288135593,8.777120017763798,-32.92433142158767,58.218750447015545
6.822033898305085,8.777120017763798,-33.799448416267275,62.48711213706417
6.889830508474576,8.777120017763798,-34.562618006017544,66.32707984723623
6.9576271186440675,8.777120017763798,-35.2261203365697,69.75736400194107
7.025423728813559,8.777120017763798,-35.80143339245474,72.7987974807069
7.093220338983051,8.777120017763798,-36.29912502616254,75.48281770649005
7.161016949152542,8.777120017763798,-36.72880620708524,77.8368626843582
7.228813559322034,8.777120017763798,-37.099129481961505,79.89273524412923
7.296610169491526,8.777120017763798,-37.41781921996353,81.68471497281061
7.364406779661017,8.777120017763798,-37.69172284608986,83.23963025407983
7.432203389830509,8.777120017763798,-37.92687469681505,84.58360421782794
7.5,8.777120017763798,-38.12856623850745,85.74867268043418
3.5,9.343414076036293,39.54558560761478,93.28742398556662
3.5677966101694913,9.343414076036293,39.47127175320075,92.84005519766654
3.635593220338983,9.343414076036293,39.384320212599434,92.31767594700906
3.7033898305084745,9.343414076036293,39.28261747778039,91.70813762320013
3.7711864406779663,9.343414076036293,39.16370976313924,90.99748266890934
3.8389830508474576,9.343414076036293,39.02475309655229,90.1697345487893
3.906779661016949,9.343414076036293,38.862457914249845,89.21014296132267
3.9745762711864407,9.343414076036293,38.67302827357676,88.09684872648424
4.0423728813559325,9.343414076036293,38.45209615548971,86.8052837965531
4.110169491525424,9.343414076036293,38.19465184131917,85.3101190307167
4.177966101694915,9.343414076036293,37.89497205960407,83.59052103630508
4.245762711864407,9.343414076036293,37.5465485573815,81.6082550720929
4.313559322033898,9.343414076036293,37.142021005935916,79.33945229878854
4.38135593220339,9.343414076036293,36.67311974688623,76.74550557309712
4.4491525423728815,9.343414076036293,36.13062584433182,73.79735785071736
4.516949152542373,9.343414076036293,35.50435821659978,70.4649489016732
4.584745762711864,9.343414076036293,34.78320019206899,66.71997080618478
4.652542372881356,9.343414076036293,33.9551804750793,62.543561670596446
4.720338983050848,9.343414076036293,33.00762587361254,57.92237357572897
4.788135593220339,9.343414076036293,31.927404682997505,52.864119467278506
4.8559322033898304,9.343414076036293,30.701279558848682,47.39177698546212
4.923728813559322,9.343414076036293,29.31638604149765,41.55528882722481
4.991525423728813,9.343414076036293,27.760846465111598,35.43686765264078
5.059322033898305,9.343414076036293,26.024517710018856,29.153037369941227
5.127118644067797,9.343414076036293,24.099854463966352,22.859746203926562
5.194915254237288,9.343414076036293,21.982847591008422,16.75559846097216
5.262711864406779,9.343414076036293,19.673971594224824,11.076763505927177
5.330508474576272,9.343414076036293,17.179049661230792,6.092739095533751
5.398305084745763,9.343414076036293,14.509925023926954,2.0985539482057844
5.466101694915254,9.343414076036293,11.684820227896367,-0.0807651851081025
5.533898305084746,9.343414076036293,8.728277905600471,-0.08076520221809726
5.601694915254237,9.343414076036293,5.670611563687217,-0.08076521469986059
5.669491525423728,9.343414076036293,2.5468513759610403,-0.08076522197719432
5.73728813559322,9.343414076036293,-0.6047598121241506,-0.08076522371243287
5.805084745762712,9.343414076036293,-3.7445946536950245,-0.08076521984085089
5.872881355932203,9.343414076036293,-6.833613438396917,-0.08076521057704368
5.9406779661016955,9.343414076036293,-9.835274816465738,-0.0807651963921794
6.008474576271187,9.343414076036293,-12.717190533326857,0.21096415173959857
6.076271186440678,9.343414076036293,-15.452373548337842,3.3493934025397216
6.1440677966101696,9.343414076036293,-18.01999479495553,7.638398669230473
6.211864406779661,9.343414076036293,-20.405636003990274,12.76587404458214
6.279661016949152,9.343414076036293,-22.60108939640481,18.449729518047242
6.347457627118644,9.343414076036293,-24.603799265393835,24.439045055070174
6.415254237288135,9.343414076036293,-26.416061581013278,30.519629897669525
6.483050847457627,9.343414076036293,-28.044097714169155,36.51724160673472
6.5508474576271185,9.343414076036293,-29.49710290085629,42.297143915553995
6.618644067796611,9.343414076036293,-30.786346131189898,47.76259642782443
6.686440677966102,9.343414076036293,-31.924372023370083,52.85024834249367
6.754237288135593,9.343414076036293,-32.92433142158767,57.524893660159854
6.822033898305085,9.343414076036293,-33.799448416267275,61.771952905009606
6.889830508474576,9.343414076036293,-34.562618006017544,65.59561130499586
6.9576271186440675,9.343414076036293,-35.2261203365697,69.0096340264825
7.025423728813559,9.343414076036293,-35.80143339245474,72.0380835818559
7.093220338983051,9.343414076036293,-36.29912502616254,74.70835169858097
7.161016949152542,9.343414076036293,-36.72880620708524,77.05061647359173
7.228813559322034,9.343414076036293,-37.099129481961505,79.10053921558779
7.296610169491526,9.343414076036293,-37.41781921996353,80.8822897781149
7.364406779661017,9.343414076036293,-37.69172284608986,82.43196170795945
7.432203389830509,9.343414076036293,-37.92687469681505,83.77293790315338
7.5,9.343414076036293,-38.12856623850745,84.92974787315723
3.5,9.94624505755761,39.54558560761478,92.4241249260538
3.5677966101694913,9.94624505755761,39.47127175320075,91.97778430737604
3.635593220338983,9.94624505755761,39.384320212599434,91.45660561939172
3.7033898305084745,9.94624505755761,39.28261747778039,90.84846817235673
3.7711864406779663,9.94624505755761,39.16370976313924,90.14191813163156
3.8389830508474576,9.94624505755761,39.02475309655229,89.32027474956884
3.906779661016949,9.94624505755761,38.862457914249845,88.36432936664298
3.9745762711864407,9.94624505755761,38.67302827357676,87.25359617751332
4.0423728813559325,9.94624505755761,38.45209615548971,85.96593052240358
4.110169491525424,9.94624505755761,38.19465184131917,84.48129469261976
4.177966101694915,9.94624505755761,37.89497205960407,82.76565620290766
4.245762711864407,9.94624505755761,37.5465485573815,80.79393478498514
4.313559322033898,9.94624505755761,37.142021005935916,78.53229244225732
4.38135593220339,9.94624505755761,36.67311974688623,75.95212600818881
4.4491525423728815,9.94624505755761,36.13062584433182,73.01770916234194
4.516949152542373,9.94624505755761,35.50435821659978,69.70001305623626
4.584745762711864,9.94624505755761,34.78320019206899,65.97242589025176
4.652542372881356,9.94624505755761,33.9551804750793,61.81299296766807
4.720338983050848,9.94624505755761,33.00762587361254,57.21675427740325
4.788135593220339,9.94624505755761,31.927404682997505,52.18397178619044
4.8559322033898304,9.94624505755761,30.701279558848682,46.742119999084665
4.923728813559322,9.94624505755761,29.31638604149765,40.93968175574482
4.991525423728813,9.94624505755761,27.760846465111598,34.85868887400023
5.059322033898305,9.94624505755761,26.024517710018856,28.61651517192145
5.127118644067797,9.94624505755761,24.099854463966352,22.370491985382856
5.194915254237288,9.94624505755761,21.982847591008422,16.318924510063162
5.262711864406779,9.94624505755761,19.673971594224824,10.69762376440288
5.330508474576272,9.94624505755761,17.179049661230792,5.776839770568943
5.398305084745763,9.94624505755761,14.509925023926954,1.8533618419384572
5.466101694915254,9.94624505755761,11.684820227896367,-0.08632085435728007
5.533898305084746,9.94624505755761,8.728277905600471,-0.08632087146727482
5.601694915254237,9.94624505755761,5.670611563687217,-0.08632088394903814
5.669491525423728,9.94624505755761,2.5468513759610403,-0.08632089122637189
5.73728813559322,9.94624505755761,-0.6047598121241506,-0.08632089296161043
5.805084745762712,9.94624505755761,-3.7445946536950245,-0.08632088909002845
5.872881355932203,9.94624505755761,-6.833613438396917,-0.08632087982622125
5.9406779661016955,9.94624505755761,-9.835274816465738,-0.08632086564135696
6.008474576271187,9.94624505755761,-12.717190533326857,0.01735115516764795
6.076271186440678,9.94624505755761,-15.452373548337842,3.0786967134360923
6.1440677966101696,9.94624505755761,-18.01999479495553,7.3009370663917785
6.211864406779661,9.94624505755761,-20.405636003990274,12.367969512498963
6.279661016949152,9.94624505755761,-22.60108939640481,17.997662237808036
6.347457627118644,9.94624505755761,-24.603799265393835,23.937559930627977
6.415254237288135,9.94624505755761,-26.416061581013278,29.97403250713424
6.483050847457627,9.94624505755761,-28.044097714169155,35.93103465084037
6.5508474576271185,9.94624505755761,-29.49710290085629,41.67596417258275
6.618644067796611,9.94624505755761,-30.786346131189898,47.11016061838687
6.686440677966102,9.94624505755761,-31.924372023370083,52.17013289340256
6.754237288135593,9.94624505755761,-32.92433142158767,56.82019632496228
6.822033898305085,9.94624505755761,-33.799448416267275,61.04684985792663
6.889830508474576,9.94624505755761,-34.562618006017544,64.85066728868136
6.9576271186440675,9.94624505755761,-35.2261203365697,68.24935853332732
7.025423728813559,9.94624505755761,-35.80143339245474,71.26325043133086
7.093220338983051,9.94624505755761,-36.29912502616254,73.92195305256097
7.161016949152542,9.94624505755761,-36.72880620708524,76.25653306030358
7.228813559322034,9.94624505755761,-37.099129481961505,78.29392998737123
7.296610169491526,9.94624505755761,-37.41781921996353,80.07157410961374
7.364406779661017,9.94624505755761,-37.69172284608986,81.61155231581535
7.432203389830509,9.94624505755761,-37.92687469681505,82.94765304109585
7.5,9.94624505755761,-38.12856623850745,84.10179936847648
3.5,10.587970300782896,39.4349626893722,90.88545908587186
3.5677966101694913,10.587970300782896,39.360896967709834,90.44515838286411
3.635593220338983,10.587970300782896,39.2742357568889,89.93103175345496
3.7033898305084745,10.587970300782896,39.17287260584793,89.3311222185077
3.7711864406779663,10.587970300782896,39.05436192213271,88.63169230376644
3.8389830508474576,10.587970300782896,38.9158692295963,87.8170172787258
3.906779661016949,10.587970300782896,38.75411594826892,86.86917725381643
3.9745762711864407,10.587970300782896,38.565318810086254,85.77333376437993
4.0423728813559325,10.587970300782896,38.345124380749525,84.50217148099755
4.110169491525424,10.587970300782896,38.08853966895839,83.03011385305807
4.177966101694915,10.587970300782896,37.78986051316217,81.33576058973516
4.245762711864407,10.587970300782896,37.44260039134875,79.38480512860457
4.313559322033898,10.587970300782896,37.03942355082053,77.15040298506902
4.38135593220339,10.587970300782896,36.57208794545129,74.59686542366379
4.4491525423728815,10.587970300782896,36.03140542121747,71.69528758097422
4.516949152542373,10.587970300782896,35.40722889091241,68.41573576817137
4.584745762711864,10.587970300782896,34.68847880130073,64.7323458678518
4.652542372881356,10.587970300782896,33.863223828683914,60.623980210878734
4.720338983050848,10.587970300782896,32.918833096625846,56.08132084925495
4.788135593220339,10.587970300782896,31.84221874700374,51.110024426731066
4.8559322033898304,10.587970300782896,30.620187634709765,45.734982121282975
4.923728813559322,10.587970300782896,29.239918254297194,40.00709987184833
4.991525423728813,10.587970300782896,27.6895725992663,34.00649496943227
5.059322033898305,10.587970300782896,25.959041417657104,27.850975688712754
5.127118644067797,10.587970300782896,24.04080459089146,21.696612857904718
5.194915254237288,10.587970300782896,21.93086636946346,15.739978860107463
5.262711864406779,10.587970300782896,19.62969967209478,10.21738706302438
5.330508474576272,10.587970300782896,17.14310824287189,5.3967273520552705
5.398305084745763,10.587970300782896,14.482895769336643,1.5749101316833254
5.466101694915254,10.587970300782896,11.66722395228868,-0.09219477389836099
5.533898305084746,10.587970300782896,8.720553476738644,-0.09219479093007313
5.601694915254237,10.587970300782896,5.673096633028663,-0.09219480336563343
5.669491525423728,10.587970300782896,2.559766629782345,-0.09219481063226116
5.73728813559322,10.587970300782896,-0.5813213797855852,-0.09219481239407898
5.805084745762712,10.587970300782896,-3.7106723638687598,-0.09219480858631335
5.872881355932203,10.587970300782896,-6.789376965070652,-0.09219479942165641
5.9406779661016955,10.587970300782896,-9.781015844599931,-0.09219478536769278
6.008474576271187,10.587970300782896,-12.653308891737431,-0.09219476709937316
6.076271186440678,10.587970300782896,-15.379359175130652,2.706716823321567
6.1440677966101696,10.587970300782896,-17.938407176150978,6.808343490838408
6.211864406779661,10.587970300782896,-20.316082767975164,11.75804562639817
6.279661016949152,10.587970300782896,-22.50420557720671,17.274183089558512
6.347457627118644,10.587970300782896,-24.500228430503793,23.106630815815127
6.415254237288135,10.587970300782896,-26.30643963171564,29.040476552066643
6.483050847457627,10.587970300782896,-27.929039778691966,34.903153579028995
6.5508474576271185,10.587970300782896,-29.377193404684117,40.560284629284745
6.618644067796611,10.587970300782896,-30.66213187283251,45.914477205491394
6.686440677966102,10.587970300782896,-31.796357915061044,50.903022667633024
6.754237288135593,10.587970300782896,-32.7929784651056,55.488639027159245
6.822033898305085,10.587970300782896,-33.66517345836786,59.65573764653234
6.889830508474576,10.587970300782896,-34.42579483726578,63.41094222180419
6.9576271186440675,10.587970300782896,-35.08708174432362,66.76425851872813
7.025423728813559,10.587970300782896,-35.66047383926866,69.73921411881166
7.093220338983051,10.587970300782896,-36.15650368870312,72.36278583472127
7.161016949152542,10.587970300782896,-36.584750171148585,74.66533526996558
7.228813559322034,10.587970300782896,-36.95383694263086,76.67990241032464
7.296610169491526,10.587970300782896,-37.271462580779044,78.431481239278
7.364406779661017,10.587970300782896,-37.544451647150936,79.95515302249359
7.432203389830509,10.587970300782896,-37.77881832966972,81.2734468289446
7.5,10.587970300782896,-37.97983642658357,82.41069326613514
3.5,11.271099238106766,39.31390354591208,89.2840082616457
3.5677966101694913,11.271099238106766,39.24010936597779,88.84774042130489
3.635593220338983,11.271099238106766,39.15376587480385,88.33832222765754
3.7033898305084745,11.271099238106766,39.05277434405599,87.74390588417916
3.7711864406779663,11.271099238106766,38.93469814737644,87.05313352940568
3.8389830508474576,11.271099238106766,38.79671320045041,86.25003169628197
3.906779661016949,11.271099238106766,38.63555294332566,85.31565440628121
3.9745762711864407,11.271099238106766,38.44744797825631,84.22997593481594
4.0423728813559325,11.271099238106766,38.228060831620795,82.97214856727588
4.110169491525424,11.271099238106766,37.97241681755686,81.52099791824045
4.177966101694915,11.271099238106766,37.674832687263375,79.84404029622937
4.245762711864407,11.271099238106766,37.328845699788545,77.91841449166354
4.313559322033898,11.271099238106766,36.927146996967366,75.70773830418496
4.38135593220339,11.271099238106766,36.46152474988338,73.18809848000484
4.4491525423728815,11.271099238106766,35.92282449036885,70.32281903550955
4.516949152542373,11.271099238106766,35.30093633273937,67.08343652889168
4.584745762711864,11.271099238106766,34.584821343913745,63.443852321905354
4.652542372881356,11.271099238106766,33.76259194313123,59.387220595964656
4.720338983050848,11.271099238106766,32.82166356161247,54.90182507832968
4.788135593220339,11.271099238106766,31.74899632428985,49.99567924347972
4.8559322033898304,11.271099238106766,30.531445455116724,44.691596701725054
4.923728813559322,11.271099238106766,29.156236455192257,39.042268865354444
4.991525423728813,11.271099238106766,27.6115747188325,33.12622611018413
5.059322033898305,11.271099238106766,25.887388056887175,27.06171685621052
5.127118644067797,11.271099238106766,23.976183921237826,21.003091459054943
5.194915254237288,11.271099238106766,21.873981211702166,15.146728973589957
5.262711864406779,11.271099238106766,19.58125111317461,9.726620496662976
5.330508474576272,11.271099238106766,17.103776091899974,5.010138153144322
5.398305084745763,11.271099238106766,14.453316560425392,1.2939629851087595
5.466101694915254,11.271099238106766,11.647967634637702,-0.0984012665074399
5.533898305084746,11.271099238106766,8.712100321130485,-0.0984012834536466
5.601694915254237,11.271099238106766,5.675816145139635,-0.09840129583867983
5.669491525423728,11.271099238106766,2.573900315550304,-0.09840130309348719
5.73728813559322,11.271099238106766,-0.5556717532160818,-0.09840130488414316
5.805084745762712,11.271099238106766,-3.6735498270941846,-0.09840130114582363
5.872881355932203,11.271099238106766,-6.7409671992133795,-0.09840129208914704
5.9406779661016955,11.271099238106766,-9.72163805233546,-0.09840127817779189
6.008474576271187,11.271099238106766,-12.583400621945817,-0.09840126008134001
6.076271186440678,11.271099238106766,-15.299456586940448,2.328852792562771
6.1440677966101696,11.271099238106766,-17.849122537792706,6.30392652121844
6.211864406779661,11.271099238106766,-20.21808103182233,11.130656567834915
6.279661016949152,11.271099238106766,-22.398181686736365,16.527572482906663
6.347457627118644,11.271099238106766,-24.38688666770797,22.245664615725822
6.415254237288135,11.271099238106766,-26.18647588914564,28.073026661313726
6.483050847457627,11.271099238106766,-27.803127216101565,33.835323536723735
6.5508474576271185,11.271099238106766,-29.245971582570366,39.39978214869528
6.618644067796611,11.271099238106766,-30.526199174968777,44.66939971106234
6.686440677966102,11.271099238106766,-31.656266887370798,49.58184812477017
6.754237288135593,11.271099238106766,-32.64923360052158,54.098953724660916
6.822033898305085,11.271099238106766,-33.518230929191446,58.20580727267207
6.889830508474576,11.271099238106766,-34.27606369766358,61.905962671420745
6.9576271186440675,11.271099238106766,-34.934926176990864,65.21097861568916
7.025423728813559,11.271099238106766,-35.50621608651437,68.14420768395038
7.093220338983051,11.271099238106766,-36.000427378059186,70.7322493779244
7.161016949152542,11.271099238106766,-36.42710381180646,73.00310906001737
7.228813559322034,11.271099238106766,-36.794837427503836,74.98846774658966
7.296610169491526,11.271099238106766,-37.11129857804937,76.71821415711374
7.364406779661017,11.271099238106766,-37.383286804610904,78.21986169449492
7.432203389830509,11.271099238106766,-37.616794245735136,79.51851735388688
7.5,11.271099238106766,-37.81707536473017,80.64396571887707
3.5,11.998303208865005,39.19284440245201,87.67530941124568
3.5677966101694913,11.998303208865005,39.11932176424577,87.24528698523307
3.635593220338983,11.998303208865005,39.033295992718834,86.74316077515616
3.7033898305084745,11.998303208865005,38.932676082264095,86.15725225958707
3.7711864406779663,11.998303208865005,38.815034372620204,85.47414370902088
3.8389830508474576,11.998303208865005,38.67755717130456,84.67847614697808
3.906779661016949,11.998303208865005,38.51698993838242,83.75357044334415
3.9745762711864407,11.998303208865005,38.3295771464264,82.68343119603401
4.0423728813559325,11.998303208865005,38.11099728249208,81.44191987688168
4.110169491525424,11.998303208865005,37.85629396615536,80.00418823457392
4.177966101694915,11.998303208865005,37.55980486136461,78.35115341913018
4.245762711864407,11.998303208865005,37.215091008228384,76.4456745193372
4.313559322033898,11.998303208865005,36.814870443114245,74.26590314325134
4.38135593220339,11.998303208865005,36.350961554315504,71.77506785285053
4.4491525423728815,11.998303208865005,35.81424355952025,68.94433591362655
4.516949152542373,11.998303208865005,35.19464377456636,65.74557681631298
4.584745762711864,11.998303208865005,34.48116388652679,62.15299508809923
4.652542372881356,11.998303208865005,33.66196005757858,58.14604393520441
4.720338983050848,11.998303208865005,32.72449402659912,53.71940738756734
4.788135593220339,11.998303208865005,31.655773901575998,48.87780926645779
4.8559322033898304,11.998303208865005,30.442703275523712,43.645140436940196
4.923728813559322,11.998303208865005,29.07255465608735,38.074560915628844
4.991525423728813,11.998303208865005,27.53357683839873,32.24323142649779
5.059322033898305,11.998303208865005,25.81573469611726,26.26985043119058
5.127118644067797,11.998303208865005,23.91156325158422,20.307274056686044
5.194915254237288,11.998303208865005,21.817096053940894,14.551485510087167
5.262711864406779,11.998303208865005,19.53280255425446,9.234638649600765
5.330508474576272,11.998303208865005,17.064443940928072,4.623151342803125
5.398305084745763,11.998303208865005,14.423737351514163,1.0137828157384314
5.466101694915254,11.998303208865005,11.628711316986745,-0.10495512195733327
5.533898305084746,11.998303208865005,8.703647165522348,-0.10495513881820429
5.601694915254237,11.998303208865005,5.678535657250627,-0.10495515115274678
5.669491525423728,11.998303208865005,2.5880340013182774,-0.10495515839562468
5.73728813559322,11.998303208865005,-0.530022126646557,-0.10495516021485905
5.805084745762712,11.998303208865005,-3.6364272903196024,-0.10495515654557727
5.872881355932203,11.998303208865005,-6.692557433356093,-0.10495514759633362
5.9406779661016955,11.998303208865005,-9.662260260070983,-0.10495513382691662
6.008474576271187,11.998303208865005,-12.513492352154191,-0.10495511590156056
6.076271186440678,11.998303208865005,-15.219553998750236,1.955101418150436
6.1440677966101696,11.998303208865005,-17.759837899434427,5.80252310541355
6.211864406779661,11.998303208865005,-20.120079295669488,10.505627899693504
6.279661016949152,11.998303208865005,-22.292157796266014,15.783213643669304
6.347457627118644,11.998303208865005,-24.273544904912136,21.387546876649008
6.415254237288135,11.998303208865005,-26.06651214657564,27.10667923641982
6.483050847457627,11.998303208865005,-27.677214653511157,32.76885914800473
6.5508474576271185,11.998303208865005,-29.11474976045661,38.240748145972105
6.618644067796611,11.998303208865005,-30.39026647710504,43.42581163595521
6.686440677966102,11.998303208865005,-31.51617585968055,48.26190557336804
6.754237288135593,11.998303208865005,-32.505488735937575,52.710316690238315
6.822033898305085,11.998303208865005,-33.37128840001503,56.75668162169421
6.889830508474576,11.998303208865005,-34.126332558061385,60.401548790456516
6.9576271186440675,11.998303208865005,-34.78277060965811,63.65832402285066
7.025423728813559,11.998303208865005,-35.35195833376009,66.54950076342325
7.093220338983051,11.998303208865005,-35.844351067415246,69.10138482016885
7.161016949152542,11.998303208865005,-36.26945745246434,71.34199055709828
7.228813559322034,11.998303208865005,-36.63583791237681,73.29876673982479
7.296610169491526,11.998303208865005,-36.9511345753197,75.00516382760303
7.364406779661017,11.998303208865005,-37.22212196207088,76.48436409274652
7.432203389830509,11.998303208865005,-37.45477016180055,77.76869082387539
7.5,11.998303208865005,-37.654314302876784,78.87664306208558
3.5,12.772425905464882,39.071785258991916,86.06624486107899
3.5677966101694913,12.772425905464882,38.99853416251373,85.64025074618033
3.635593220338983,12.772425905464882,38.912826110633794,85.1428276758223
3.7033898305084745,12.772425905464882,38.81257782047219,84.56240619763224
3.7711864406779663,12.772425905464882,38.69537059786395,83.88872507945887
3.8389830508474576,12.772425905464882,38.55840114215871,83.10453437751038
3.906779661016949,12.772425905464882,38.398426933439175,82.19215513433717
3.9745762711864407,12.772425905464882,38.21170631459649,81.13203090038049
4.0423728813559325,12.772425905464882,37.993933733363356,79.90549200802427
4.110169491525424,12.772425905464882,37.740171114753856,78.48849359732995
4.177966101694915,12.772425905464882,37.44477703546584,76.85110846448038
4.245762711864407,12.772425905464882,37.1013363166682,74.97310595969397
4.313559322033898,12.772425905464882,36.70259388926112,72.81746386661479
4.38135593220339,12.772425905464882,36.24039835874762,70.35712423145948
4.4491525423728815,12.772425905464882,35.70566262867164,67.56288535671845
4.516949152542373,12.772425905464882,35.08835121639334,64.40381919718452
4.584745762711864,12.772425905464882,34.37750642913982,60.85732188745072
4.652542372881356,12.772425905464882,33.56132817202593,56.90342416277397
4.720338983050848,12.772425905464882,32.62732449158576,52.534927671022764
4.788135593220339,12.772425905464882,31.562551478862126,47.75658607372804
4.8559322033898304,12.772425905464882,30.353961095930693,42.59659653869384
4.923728813559322,12.772425905464882,28.988872856982418,37.104032892353096
4.991525423728813,12.772425905464882,27.455578957964953,31.357684340327502
5.059322033898305,12.772425905464882,25.744081335347353,25.47534856993649
5.127118644067797,12.772425905464882,23.8469425819306,19.609891298515613
5.194915254237288,12.772425905464882,21.760210896179615,13.954476336082948
5.262711864406779,12.772425905464882,19.48435399533431,8.741524135510204
5.330508474576272,12.772425905464882,17.02511178995617,4.235875866961639
5.398305084745763,12.772425905464882,14.394158142602926,0.734657628154539
5.466101694915254,12.772425905464882,11.609454999335782,-0.11187160807709473
5.533898305084746,12.772425905464882,8.695194009914204,-0.11187162485279978
5.601694915254237,12.772425905464882,5.681255169361606,-0.11187163713688784
5.669491525423728,12.772425905464882,2.6021676870862436,-0.11187164436772722
5.73728813559322,12.772425905464882,-0.5043725000770394,-0.11187164621528024
5.805084745762712,12.772425905464882,-3.59930475354502,-0.11187164261462784
5.872881355932203,12.772425905464882,-6.644147667498821,-0.11187163377226973
5.9406779661016955,12.772425905464882,-9.60288246780651,-0.11187162014412058
6.008474576271187,12.772425905464882,-12.443584082362573,-0.11187160238908836
6.076271186440678,12.772425905464882,-15.139651410560031,1.5856818342836776
6.1440677966101696,12.772425905464882,-17.670553261076158,5.304343952957726
6.211864406779661,12.772425905464882,-20.02207755951665,9.883094662603918
6.279661016949152,12.772425905464882,-22.186133905795668,15.04103477869953
6.347457627118644,12.772425905464882,-24.160203142116313,20.530788598235702
6.415254237288135,12.772425905464882,-25.946548404005643,26.14203106172969
6.483050847457627,12.772425905464882,-27.55130209092076,31.703758750796332
6.5508474576271185,12.772425905464882,-28.98352793834286,37.08322463217618
6.618644067796611,12.772425905464882,-30.25433377924131,42.18380219139619
6.686440677966102,12.772425905464882,-31.376084831990312,46.943351404454944
6.754237288135593,12.772425905464882,-32.36174387135357,51.32294264232539
6.822033898305085,12.772425905464882,-33.224345870838626,55.30848687422098
6.889830508474576,12.772425905464882,-33.97660141845919,58.898343880857475
6.9576271186440675,12.772425905464882,-34.63061504232536,62.109451991417366
7.025423728813559,12.772425905464882,-35.197700581005805,64.95895029284478
7.093220338983051,12.772425905464882,-35.688274756771314,67.47275790349312
7.161016949152542,12.772425905464882,-36.11181109312221,69.68058455848745
7.228813559322034,12.772425905464882,-36.476838397249786,71.61183647377729
7.296610169491526,12.772425905464882,-36.790970572590034,73.29145777134494
7.364406779661017,12.772425905464882,-37.060957119530855,74.75344129153125
7.432203389830509,12.772425905464882,-37.292746077865985,76.0176382020598
7.5,12.772425905464882,-37.4915532410234,77.10943225838446
3.5,13.59649449349283,38.95072611553184,84.45059266857082
3.5677966101694913,13.59649449349283,38.87774656078171,84.03079236859777
3.635593220338983,13.59649449349283,38.792356228548776,83.54060105563062
3.7033898305084745,13.59649449349283,38.6924795586803,82.96861716457649
3.7711864406779663,13.59649449349283,38.575706823107716,82.30174099203046
3.8389830508474576,13.59649449349283,38.43924511301285,81.52497735693908
3.906779661016949,13.59649449349283,38.279863928495935,80.62360332977086
3.9745762711864407,13.59649449349283,38.09383548276657,79.57889011814112
4.0423728813559325,13.59649449349283,37.876870184234654,78.3668685716849
4.110169491525424,13.59649449349283,37.62404826335236,76.96553521591134
4.177966101694915,13.59649449349283,37.329749209567076,75.35182892416402
4.245762711864407,13.59649449349283,36.98758162510804,73.49388588981829
4.313559322033898,13.59649449349283,36.590317335407995,71.36655917035493
4.38135593220339,13.59649449349283,36.12983516317974,68.93843561792649
4.4491525423728815,13.59649449349283,35.597081697823036,66.17898543589222
4.516949152542373,13.59649449349283,34.98205865822032,63.06067240619032
4.584745762711864,13.59649449349283,34.27384897175286,59.55823979355314
4.652542372881356,13.59649449349283,33.460696286473286,55.657255244858796
4.720338983050848,13.59649449349283,32.530154956572424,51.3466277692786
4.788135593220339,13.59649449349283,31.469329056148275,46.63343362850902
4.8559322033898304,13.59649449349283,30.26521891633768,41.544947671366266
4.923728813559322,13.59649449349283,28.90519105787751,36.1307323935214
4.991525423728813,13.59649449349283,27.37758107753117,30.470009890580215
5.059322033898305,13.59649449349283,25.672427974577452,24.67888893812731
5.127118644067797,13.59649449349283,23.78232191227699,18.909984236320142
5.194915254237288,13.59649449349283,21.703325738418343,13.356186313018082
5.262711864406779,13.59649449349283,19.43590543641416,8.247691371729637
5.330508474576272,13.59649449349283,16.98577963898427,3.8484927782558342
5.398305084745763,13.59649449349283,14.364578933691696,0.45687798643763305
5.466101694915254,13.59649449349283,11.590198681684825,-0.1191664822935972
5.533898305084746,13.59649449349283,8.68674085430606,-0.11916649898430604
5.601694915254237,13.59649449349283,5.683974681472598,-0.11916651121797601
5.669491525423728,13.59649449349283,2.616301372854217,-0.11916651843666776
5.73728813559322,13.59649449349283,-0.47872287350751463,-0.11916652031227966
5.805084745762712,13.59649449349283,-3.562182216770431,-0.11916651677984832
5.872881355932203,13.59649449349283,-6.595737901641538,-0.11916650804382836
5.9406779661016955,13.59649449349283,-9.543504675542028,-0.11916649455627672
6.008474576271187,13.59649449349283,-12.373675812570948,-0.11916647697079642
6.076271186440678,13.59649449349283,-15.05974882236982,1.2209482936776777
6.1440677966101696,13.59649449349283,-17.58126862271788,4.8098063612354665
6.211864406779661,13.59649449349283,-19.924075823363808,9.26369956654332
6.279661016949152,13.59649449349283,-22.080110015325314,14.30122890568314
6.347457627118644,13.59649449349283,-24.046861379320482,19.67625329010331
6.415254237288135,13.59649449349283,-25.82658466143564,25.17983216872275
6.483050847457627,13.59649449349283,-27.425389528330356,30.64001568089304
6.5508474576271185,13.59649449349283,-28.85230611622911,35.92724491883203
6.618644067796611,13.59649449349283,-30.118401081377574,40.94344763838265
6.686440677966102,13.59649449349283,-31.235993804300062,45.62632281216654
6.754237288135593,13.59649449349283,-32.21799900676956,49.93702137693217
6.822033898305085,13.59649449349283,-33.077403341662205,53.86147990624596
6.889830508474576,13.59649449349283,-33.826870278856994,57.398298490601405
6.9576271186440675,13.59649449349283,-34.478459474992604,60.56113594492155
7.025423728813559,13.59649449349283,-35.043442828251514,63.36870675767717
7.093220338983051,13.59649449349283,-35.532198446127374,65.84654750245957
7.161016949152542,13.59649449349283,-35.95416473378009,68.02156649864374
7.228813559322034,13.59649449349283,-36.317838882122764,69.92462584062692
7.296610169491526,13.59649449349283,-36.630806569860354,71.5823252849289
7.364406779661017,13.59649449349283,-36.89979227699082,73.02180182600425
7.432203389830509,13.59649449349283,-37.1307219939314,74.2677017430728
7.5,13.59649449349283,-37.32879217917,75.34660198773192
3.5,14.473731449284324,38.82966697207177,82.83358149483287
3.5677966101694913,14.473731449284324,38.756958959049676,82.4178060914305
3.635593220338983,14.473731449284324,38.67188634646376,81.93231395006286
3.7033898305084745,14.473731449284324,38.5723812968884,81.36682371289044
3.7711864406779663,14.473731449284324,38.45604304835148,80.70972146767299
3.8389830508474576,14.473731449284324,38.320089083866996,79.94434074224476
3.906779661016949,14.473731449284324,38.16130092355271,79.05384201080169
3.9745762711864407,14.473731449284324,37.97596465093667,78.01913565827121
4.0423728813559325,14.473731449284324,37.75980663510594,76.8242162687494
4.110169491525424,14.473731449284324,37.50792541195086,75.44118812697818
4.177966101694915,14.473731449284324,37.2147213836683,73.8459476509602
4.245762711864407,14.473731449284324,36.87382693354788,72.01295127166561
4.313559322033898,14.473731449284324,36.47804078155486,69.91246698731328
4.38135593220339,14.473731449284324,36.019271967611864,67.51405226472961
4.4491525423728815,14.473731449284324,35.48850076697445,64.7898325969994
4.516949152542373,14.473731449284324,34.87576610004731,61.71261551972336
4.584745762711864,14.473731449284324,34.170191514365904,58.25745701073006
4.652542372881356,14.473731449284324,33.36006440092063,54.407056679837666
4.720338983050848,14.473731449284324,32.432985421559074,50.154719972434364
4.788135593220339,14.473731449284324,31.37610663343441,45.507138763023676
4.8559322033898304,14.473731449284324,30.176476736744668,40.49027600258584
4.923728813559322,14.473731449284324,28.821509258772586,35.154698825644914
4.991525423728813,14.473731449284324,27.299583197097398,29.579743485304085
5.059322033898305,14.473731449284324,25.600774613807545,23.880406310776255
5.127118644067797,14.473731449284324,23.717701242623377,18.20875720446135
5.194915254237288,14.473731449284324,21.646440580657064,12.756464960288174
5.262711864406779,14.473731449284324,19.387456877494017,7.752843299879524
5.330508474576272,14.473731449284324,16.946447488012375,3.4610924292772824
5.398305084745763,14.473731449284324,14.334999724780467,0.18069884080392268
5.466101694915254,14.473731449284324,11.570942364033868,-0.12685600361557006
5.533898305084746,14.473731449284324,8.678287698697922,-0.1268560202214524
5.601694915254237,14.473731449284324,5.686694193583584,-0.12685603240474058
5.669491525423728,14.473731449284324,2.63043505862219,-0.12685603961117564
5.73728813559322,14.473731449284324,-0.453073246937997,-0.12685604151458665
5.805084745762712,14.473731449284324,-3.5250596799958487,-0.12685603804996803
5.872881355932203,14.473731449284324,-6.547328135784255,-0.12685602941973884
5.9406779661016955,14.473731449284324,-9.484126883277547,-0.12685601607211436
6.008474576271187,14.473731449284324,-12.303767542779322,-0.126855998655414
6.076271186440678,14.473731449284324,-14.979846234179604,0.8614064637038785
6.1440677966101696,14.473731449284324,-17.4919839843596,4.318821004061983
6.211864406779661,14.473731449284324,-19.826074087210966,8.647116183067691
6.279661016949152,14.473731449284324,-21.974086124854963,13.563955776697071
6.347457627118644,14.473731449284324,-23.93351961652465,18.824284148590337
6.415254237288135,14.473731449284324,-25.70662091886564,24.218959327108937
6.483050847457627,14.473731449284324,-27.29947696573995,29.57937019049178
6.5508474576271185,14.473731449284324,-28.72108429411535,34.77283469145889
6.618644067796611,14.473731449284324,-29.982468383513837,39.70481281326692
6.686440677966102,14.473731449284324,-31.095902776609815,44.31094000666197
6.754237288135593,14.473731449284324,-32.074254142185545,48.552720636491486
6.822033898305085,14.473731449284324,-32.93046081248579,52.41588893278043
6.889830508474576,14.473731449284324,-33.6771391392548,55.89925819049739
6.9576271186440675,14.473731449284324,-34.32630390765985,59.01372517611843
7.025423728813559,14.473731449284324,-34.88918507549723,61.77916985525939
7.093220338983051,14.473731449284324,-35.376122135483435,64.22074413375233
7.161016949152542,14.473731449284324,-35.79651837443796,66.3649588608484
7.228813559322034,14.473731449284324,-36.158839366995736,68.23839548371663
7.296610169491526,14.473731449284324,-36.47064256713068,69.87350003982392
7.364406779661017,14.473731449284324,-36.73862743445079,71.29065234146034
7.432203389830509,14.473731449284324,-36.96869790999683,72.52138048845663
7.5,14.473731449284324,-37.16603111731661,73.58310653104405
3.5,15.407567161245993,38.70860782861167,81.21206766356792
3.5677966101694913,15.407567161245993,38.63617135731764,80.80177693212642
3.635593220338983,15.407567161245993,38.551416464378725,80.32268852136625
3.7033898305084745,15.407567161245993,38.45228303509649,79.76365849262304
3.7711864406779663,15.407567161245993,38.33637927359522,79.11348600654576
3.8389830508474576,15.407567161245993,38.200933054721126,78.3582806872747
3.906779661016949,15.407567161245993,38.042737918609454,77.47961863198148
3.9745762711864407,15.407567161245993,37.858093819106735,76.45866289038413
4.0423728813559325,15.407567161245993,37.64274308597722,75.27713480433657
4.110169491525424,15.407567161245993,37.391802560549344,73.91262818657779
4.177966101694915,15.407567161245993,37.09969355776952,72.33641489688821
4.245762711864407,15.407567161245993,36.76007224198769,70.52814935216323
4.313559322033898,15.407567161245993,36.365764227701725,68.4539293428247
4.38135593220339,15.407567161245993,35.90870877204397,66.0861466149664
4.4491525423728815,15.407567161245993,35.37991983612583,63.3974078874027
4.516949152542373,15.407567161245993,34.769473541874284,60.36100205541656
4.584745762711864,15.407567161245993,34.06653405697893,56.95244342307159
4.652542372881356,15.407567161245993,33.25943251536797,53.15355601043575
4.720338983050848,15.407567161245993,32.33581588654571,48.95964593001364
4.788135593220339,15.407567161245993,31.282884210720546,44.37758607036782
4.8559322033898304,15.407567161245993,30.08773455715164,39.43271513950444
4.923728813559322,15.407567161245993,28.737827459667663,34.17599009041258
4.991525423728813,15.407567161245993,27.221585316663614,28.68675455392633
5.059322033898305,15.407567161245993,25.52912125303763,23.07948717296176
5.127118644067797,15.407567161245993,23.653080572969756,17.505388130244732
5.194915254237288,15.407567161245993,21.589555422895785,12.155138652624931
5.262711864406779,15.407567161245993,19.33900831857386,7.2572312271848105
5.330508474576272,15.407567161245993,16.907115337040466,3.073864228237901
5.398305084745763,15.407567161245993,14.30542051586923,-0.09344857825178726
5.466101694915254,15.407567161245993,11.551686046382905,-0.1297533859571729
5.533898305084746,15.407567161245993,8.669834543089777,-0.1297533970111654
5.601694915254237,15.407567161245993,5.6894137056945695,-0.1297534051290533
5.669491525423728,15.407567161245993,2.644568744390149,-0.12975340994244852
5.73728813559322,15.407567161245993,-0.42742362036847936,-0.12975341123440537
5.805084745762712,15.407567161245993,-3.4879371432212665,-0.12975340896140325
5.872881355932203,15.407567161245993,-6.4989183699269795,-0.12975340325752074
5.9406779661016955,15.407567161245993,-9.424749091013073,-0.12975339442008943
6.008474576271187,15.407567161245993,-12.2338592729877,-0.12975338287936478
6.076271186440678,15.407567161245993,-14.899943645989396,0.5074174492400608
6.1440677966101696,15.407567161245993,-17.402699346001327,3.832001089077715
6.211864406779661,15.407567161245993,-19.728072351058124,8.033721138336798
6.279661016949152,15.407567161245993,-21.868062234384613,12.829530088345415
6.347457627118644,15.407567161245993,-23.820177853728822,17.974249853825143
6.415254237288135,15.407567161245993,-25.58665717629564,23.260990893151742
6.483050847457627,15.407567161245993,-27.17356440314954,28.520209631599055
6.5508474576271185,15.407567161245993,-28.5898624720016,33.620366633682664
6.618644067796611,15.407567161245993,-29.846535685650103,38.46789589475684
6.686440677966102,15.407567161245993,-30.95581174891957,42.9973129396274
6.754237288135593,15.407567161245993,-31.930509277601534,47.17039158753887
6.822033898305085,15.407567161245993,-32.78351828330938,50.97225890306663
6.889830508474576,15.407567161245993,-33.527407999652596,54.40141902829364
6.9576271186440675,15.407567161245993,-34.17414834032709,57.468038010289426
7.025423728813559,15.407567161245993,-34.73492732274294,60.19152673279806
7.093220338983051,15.407567161245993,-35.220045824839495,62.59652000533702
7.161016949152542,15.407567161245993,-35.638872015095835,64.709006008869
7.228813559322034,15.407567161245993,-35.999839851868714,66.5550570849824
7.296610169491526,15.407567161245993,-36.31047856440101,68.16580682009825
7.364406779661017,15.407567161245993,-36.57746259191076,69.56274473285131
7.432203389830509,15.407567161245993,-36.806673826062244,70.7752885128056
7.5,15.407567161245993,-37.00327005546322,71.82133118132079
3.5,16.401653344206828,38.58754868515159,79.58414968085653
3.5677966101694913,16.401653344206828,38.5153837555856,79.18002627964097
3.635593220338983,16.401653344206828,38.430946582293686,78.70833958770523
3.7033898305084745,16.401653344206828,38.33218477330459,78.15794552135938
3.7711864406779663,16.401653344206828,38.21671549883898,77.51623757454263
3.8389830508474576,16.401653344206828,38.08177702557526,76.76878477262602
3.906779661016949,16.401653344206828,37.92417491366621,75.89914046157745
3.9745762711864407,16.401653344206828,37.74022298727682,74.89404669978288
4.0423728813559325,16.401653344206828,37.5256795368485,73.7280703087171
4.110169491525424,16.401653344206828,37.27567970914784,72.37808940756966
4.177966101694915,16.401653344206828,36.98466573187075,70.82610209292746
4.245762711864407,16.401653344206828,36.646317550427526,69.0377727827538
4.313559322033898,16.401653344206828,36.253487673848596,66.99233485564973
4.38135593220339,16.401653344206828,35.79814557647609,64.65698187136869
4.4491525423728815,16.401653344206828,35.27133890527722,62.00403852817468
4.516949152542373,16.401653344206828,34.66318098370127,59.00731483899972
4.584745762711864,16.401653344206828,33.962876599591965,55.64283069526244
4.652542372881356,16.401653344206828,33.15880062981532,51.897799369943094
4.720338983050848,16.401653344206828,32.23864635153235,47.76226543302398
4.788135593220339,16.401653344206828,31.189661788006674,43.2438793078114
4.8559322033898304,16.401653344206828,29.998992377558608,38.37145391145136
4.923728813559322,16.401653344206828,28.654145660562747,33.19431855853917
4.991525423728813,16.401653344206828,27.143587436229836,27.791490635027397
5.059322033898305,16.401653344206828,25.457467892267715,22.276290285359945
5.127118644067797,16.401653344206828,23.588459903316135,16.800044656976944
5.194915254237288,16.401653344206828,21.532670265134506,11.552874628519664
5.262711864406779,16.401653344206828,19.290559759653704,6.761157021311002
5.330508474576272,16.401653344206828,16.867783186068557,2.6869761809013593
5.398305084745763,16.401653344206828,14.275841306957993,-0.1297533910448951
5.466101694915254,16.401653344206828,11.532429728731941,-0.12975339807103892
5.533898305084746,16.401653344206828,8.661381387481626,-0.12975340382445724
5.601694915254237,16.401653344206828,5.692133217805548,-0.12975340805379051
5.669491525423728,16.401653344206828,2.6587024301581152,-0.12975341056759318
5.73728813559322,16.401653344206828,-0.4017739937989617,-0.12975341125304035
5.805084745762712,16.401653344206828,-3.4508146064466843,-0.12975341008735053
5.872881355932203,16.401653344206828,-6.450508604069707,-0.12975340713996228
5.9406779661016955,16.401653344206828,-9.365371298748599,-0.12975340256509377
6.008474576271187,16.401653344206828,-12.163951003196082,-0.12975339658600232
6.076271186440678,16.401653344206828,-14.820041057799191,0.15954188364554872
6.1440677966101696,16.401653344206828,-17.313414707643055,3.3494032552232134
6.211864406779661,16.401653344206828,-19.63007061490529,7.4240175805050335
6.279661016949152,16.401653344206828,-21.76203834391427,12.097928684780321
6.347457627118644,16.401653344206828,-23.706836090932995,17.127335737037114
6.415254237288135,16.401653344206828,-25.466693433725638,22.305026221707834
6.483050847457627,16.401653344206828,-27.047651840559144,27.462606555916263
6.5508474576271185,16.401653344206828,-28.458640649887847,32.470716236590164
6.618644067796611,16.401653344206828,-29.710602987786373,37.232529943612164
6.686440677966102,16.401653344206828,-30.81572072122933,41.6846608800858
6.754237288135593,16.401653344206828,-31.78676441301753,45.790512501702565
6.822033898305085,16.401653344206828,-32.63657575413297,49.53069916568407
6.889830508474576,16.401653344206828,-33.37767686005041,52.904449214827764
6.9576271186440675,16.401653344206828,-34.021992772994345,55.923694549640935
7.025423728813559,16.401653344206828,-34.580669569988665,58.60585084602806
7.093220338983051,16.401653344206828,-35.06396951419556,60.973556383233515
7.161016949152542,16.401653344206828,-35.48122565575372,63.053217632881605
7.228813559322034,16.401653344206828,-35.84084033674169,64.87425922120761
7.296610169491526,16.401653344206828,-36.150314561671344,66.45877477374468
7.364406779661017,16.401653344206828,-36.416297749370734,67.8374007636907
7.432203389830509,16.401653344206828,-36.64464974212767,69.02904202355248
7.5,16.401653344206828,-36.84050899360983,70.0618145443055
3.5,17.459877319254627,38.46648954169149,77.95752774228822
3.5677966101694913,17.459877319254627,38.39459615385357,77.55771126811186
3.635593220338983,17.459877319254627,38.31047670020865,77.0908522515458
3.7033898305084745,17.459877319254627,38.212086511512666,76.54609060597933
3.7711864406779663,17.459877319254627,38.09705172408272,75.91140670133463
3.8389830508474576,17.459877319254627,37.96262099642939,75.17573239365825
3.906779661016949,17.459877319254627,37.805611908722966,74.31979000138257
3.9745762711864407,17.459877319254627,37.62235215544689,73.32522752342666
4.0423728813559325,17.459877319254627,37.40861598771977,72.1729933411787
4.110169491525424,17.459877319254627,37.159556857746324,70.84421462399223
4.177966101694915,17.459877319254627,36.86963790597197,69.30862090729927
4.245762711864407,17.459877319254627,36.53256285886734,67.54734489019152
4.313559322033898,17.459877319254627,36.14121111999545,65.52658084985744
4.38135593220339,17.459877319254627,35.6875823809082,63.22135066413457
4.4491525423728815,17.459877319254627,35.1627579744286,60.604535098982424
4.516949152542373,17.459877319254627,34.55688842552824,57.647776959609224
4.584745762711864,17.459877319254627,33.85921914220499,54.33224584129816
4.652542372881356,17.459877319254627,33.05816874426266,50.63689624276811
4.720338983050848,17.459877319254627,32.14147681651899,46.560152597990815
4.788135593220339,17.459877319254627,31.09643936529281,42.109360105838995
4.8559322033898304,17.459877319254627,29.91025019796558,37.30904002816897
4.923728813559322,17.459877319254627,28.57046386145781,32.210335199067465
4.991525423728813,17.459877319254627,27.065589555796038,26.893318598159
5.059322033898305,17.459877319254627,25.3858145314978,21.471054182549278
5.127118644067797,17.459877319254627,23.523839233662514,16.093651818688237
5.194915254237288,17.459877319254627,21.47578510737322,10.949426523472757
5.262711864406779,17.459877319254627,19.242111200733547,6.26450252288281
5.330508474576272,17.459877319254627,16.82845103509665,2.3008148243784494
5.398305084745763,17.459877319254627,14.246262098046756,-0.12975340094697294
5.466101694915254,17.459877319254627,11.513173411080977,-0.12975340452757197
5.533898305084746,17.459877319254627,8.652928231873481,-0.129753407461104
5.601694915254237,17.459877319254627,5.6948527299165335,-0.1297534096196416
5.669491525423728,17.459877319254627,2.6728361159260814,-0.12975341090572162
5.73728813559322,17.459877319254627,-0.3761243672294512,-0.1297534112618642
5.805084745762712,17.459877319254627,-3.413692069672109,-0.12975341067638732
5.872881355932203,17.459877319254627,-6.402098838212428,-0.12975340918451853
5.9406779661016955,17.459877319254627,-9.305993506484125,-0.12975340686461495
6.008474576271187,17.459877319254627,-12.09404273340446,-0.1297534038301609
6.076271186440678,17.459877319254627,-14.740138469608983,-0.12975340021889453
6.1440677966101696,17.459877319254627,-17.224130069284783,2.8714183220752623
6.211864406779661,17.459877319254627,-19.53206887875245,6.817863533377849
6.279661016949152,17.459877319254627,-21.65601445344392,11.369623140155307
6.347457627118644,17.459877319254627,-23.59349432813717,16.28261073926587
6.415254237288135,17.459877319254627,-25.346729691155637,21.35156187530787
6.483050847457627,17.459877319254627,-26.92173927796874,26.40828560271296
6.5508474576271185,17.459877319254627,-28.327418827774096,31.322179528427604
6.618644067796611,17.459877319254627,-29.574670289922636,35.999701689844784
6.686440677966102,17.459877319254627,-30.675629693539083,40.37565112901356
6.754237288135593,17.459877319254627,-31.643019548433518,44.4110270884574
6.822033898305085,17.459877319254627,-32.489633224956556,48.090338968128535
6.889830508474576,17.459877319254627,-33.22794572044821,51.4109234379476
6.9576271186440675,17.459877319254627,-33.86983720566159,54.381989037500325
7.025423728813559,17.459877319254627,-34.426411817234374,57.021674727609096
7.093220338983051,17.459877319254627,-34.90789320355162,59.353419379443736
7.161016949152542,17.459877319254627,-35.32357929641159,61.402012003842245
7.228813559322034,17.459877319254627,-35.681840821614664,63.192360063972984
7.296610169491526,17.459877319254627,-35.990150558941664,64.75569444028386
7.364406779661017,17.459877319254627,-36.2551329068307,66.11063570028148
7.432203389830509,17.459877319254627,-36.48262565819309,67.28792996684341
7.5,17.459877319254627,-36.677747931756436,68.3035711763841
3.5,18.58637721489803,38.345430398231414,76.32256907916333
3.5677966101694913,18.58637721489803,38.27380855212154,75.92819792422566
3.635593220338983,18.58637721489803,38.190006818123635,75.46876205774093
3.7033898305084745,18.58637721489803,38.09198824972077,74.93266141905067
3.7711864406779663,18.58637721489803,37.977387949326484,74.30761605649516
3.8389830508474576,18.58637721489803,37.84346496728355,73.57956857628047
3.906779661016949,18.58637721489803,37.687048903779726,72.73249776335864
3.9745762711864407,18.58637721489803,37.504481323616986,71.75284249379713
4.0423728813559325,18.58637721489803,37.29155243859107,70.61753452299952
4.110169491525424,18.58637721489803,37.043434006344825,69.30275529845133
4.177966101694915,18.58637721489803,36.754610080073206,67.79120748632019
4.245762711864407,18.58637721489803,36.418808167307176,66.04972864144965
4.313559322033898,18.58637721489803,36.028934566142325,64.05888447465111
4.38135593220339,18.58637721489803,35.57701918534032,61.785440862557394
4.4491525423728815,18.58637721489803,35.05417704358001,59.203652787500396
4.516949152542373,18.58637721489803,34.45059586735523,56.28846821541248
4.584745762711864,18.58637721489803,33.75556168481803,53.01700761424658
4.652542372881356,18.58637721489803,32.957536858710014,49.37565654417901
4.720338983050848,18.58637721489803,32.04430728150564,45.35733326326504
4.788135593220339,18.58637721489803,31.003216942578945,40.970534783989166
4.8559322033898304,18.58637721489803,29.82150801837257,36.24278422673438
4.923728813559322,18.58637721489803,28.4867820623529,31.224356058760993
4.991525423728813,18.58637721489803,26.987591675362268,25.993748100993834
5.059322033898305,18.58637721489803,25.314161170727893,20.664449745763132
5.127118644067797,18.58637721489803,23.4592185640089,15.385530222502124
5.194915254237288,18.58637721489803,21.418899949611948,10.344772092150123
5.262711864406779,18.58637721489803,19.193662641813404,5.767653840723899
5.330508474576272,18.58637721489803,16.789118884124754,1.9155034242619045
5.398305084745763,18.58637721489803,14.216682889135527,-0.12975340611152417
5.466101694915254,18.58637721489803,11.49391709343002,-0.12975340789788065
5.533898305084746,18.58637721489803,8.644475076265337,-0.1297534093621813
5.601694915254237,18.58637721489803,5.697572242027519,-0.12975341044068736
5.669491525423728,18.58637721489803,2.6869698016940546,-0.12975341108482458
5.73728813559322,18.58637721489803,-0.35047474065992645,-0.12975341126592474
5.805084745762712,18.58637721489803,-3.37656953289752,-0.12975341097812348
5.872881355932203,18.58637721489803,-6.353689072355149,-0.1297534102389161
5.9406779661016955,18.58637721489803,-9.246615714219644,-0.1297534090872777
6.008474576271187,18.58637721489803,-12.024134463612835,-0.1297534075796801
6.076271186440678,18.58637721489803,-14.660235881418771,-0.12975340578467906
6.1440677966101696,18.58637721489803,-17.134845430926504,2.398363930782853
6.211864406779661,18.58637721489803,-19.434067142599606,6.215578350915887
6.279661016949152,18.58637721489803,-21.549990562973566,10.644288316250595
6.347457627118644,18.58637721489803,-23.480152565341335,15.44141946187405
6.415254237288135,18.58637721489803,-25.226765948585637,20.40075369151913
6.483050847457627,18.58637721489803,-26.795826715378332,25.355436293347495
6.5508474576271185,18.58637721489803,-28.19619700566034,30.176871459182397
6.618644067796611,18.58637721489803,-29.4387375920589,34.76859121059295
6.686440677966102,18.58637721489803,-30.535538665848836,39.06699753103292
6.754237288135593,18.58637721489803,-31.499274683849507,43.03510668556424
6.822033898305085,18.58637721489803,-32.34269069578014,46.65253916149819
6.889830508474576,18.58637721489803,-33.078214580846016,49.91785715471626
6.9576271186440675,18.58637721489803,-33.717681638328834,52.84106216414998
7.025423728813559,18.58637721489803,-34.272154064480084,55.43934821233872
7.093220338983051,18.58637721489803,-34.751816892907684,57.733637720512455
7.161016949152542,18.58637721489803,-35.16593293706946,59.75021104266633
7.228813559322034,18.58637721489803,-35.52284130648764,61.51558962031259
7.296610169491526,18.58637721489803,-35.82998655621199,63.051536087310176
7.364406779661017,18.58637721489803,-36.09396806429068,64.38938314448411
7.432203389830509,18.58637721489803,-36.32060157425851,65.54578687144539
7.5,18.58637721489803,-36.51498686990305,66.54688090465109
3.5,19.78555814899783,38.22437125477133,74.68851540621588
3.5677966101694913,19.78555814899783,38.15302095038952,74.29912044678345
3.635593220338983,19.78555814899783,38.0695369360386,73.84442928535807
3.7033898305084745,19.78555814899783,37.971889987928876,73.31386428031097
3.7711864406779663,19.78555814899783,37.85772417457024,72.69527186513372
3.8389830508474576,19.78555814899783,37.724308938137696,71.97899823121037
3.906779661016949,19.78555814899783,37.568485898836485,71.14566763392844
3.9745762711864407,19.78555814899783,37.38661049178708,70.17737331425758
4.0423728813559325,19.78555814899783,37.17448888946235,69.05488861282761
4.110169491525424,19.78555814899783,36.927311154943325,67.76167805663026
4.177966101694915,19.78555814899783,36.63958225417444,66.26717420261105
4.245762711864407,19.78555814899783,36.305053475747,64.55258573674213
4.313559322033898,19.78555814899783,35.916658012289204,62.58556576741006
4.38135593220339,19.78555814899783,35.46645598977244,60.34364179014342
4.4491525423728815,19.78555814899783,34.94559611273141,57.79817966341063
4.516949152542373,19.78555814899783,34.34430330918221,54.92302737716497
4.584745762711864,19.78555814899783,33.651904227431075,51.69902240262341
4.652542372881356,19.78555814899783,32.856904973157356,48.10932355383451
4.720338983050848,19.78555814899783,31.947137746492288,44.150042858348655
4.788135593220339,19.78555814899783,30.909994519865094,39.829217539755675
4.8559322033898304,19.78555814899783,29.732765838779557,35.174032270834026
4.923728813559322,19.78555814899783,28.403100263247993,30.23496182338397
4.991525423728813,19.78555814899783,26.909593794928497,25.09177997558214
5.059322033898305,19.78555814899783,25.242507809957985,19.855522117029548
5.127118644067797,19.78555814899783,23.394597894355293,14.675639526132446
5.194915254237288,19.78555814899783,21.36201479185067,9.73937405967549
5.262711864406779,19.78555814899783,19.145214082893254,5.27073813676509
5.330508474576272,19.78555814899783,16.749786733152852,1.531320018910264
5.398305084745763,19.78555814899783,14.187103680224297,-0.12975340874789562
5.466101694915254,19.78555814899783,11.474660775779064,-0.12975340961978352
5.533898305084746,19.78555814899783,8.6360219206572,-0.1297534103348567
5.601694915254237,19.78555814899783,5.700291754138512,-0.1297534108620467
5.669491525423728,19.78555814899783,2.701103487462028,-0.12975341117766975
5.73728813559322,19.78555814899783,-0.3248251140904017,-0.12975341126773754
5.805084745762712,19.78555814899783,-3.3394469961229376,-0.12975341112937003
5.872881355932203,19.78555814899783,-6.305279306497866,-0.12975341077106736
5.9406779661016955,19.78555814899783,-9.187237921955163,-0.12975341021179512
6.008474576271187,19.78555814899783,-11.95422619382121,-0.12975340947904498
6.076271186440678,19.78555814899783,-14.58033329322856,-0.12975340860619855
6.1440677966101696,19.78555814899783,-17.045560792568224,1.9307640434279079
6.211864406779661,19.78555814899783,-19.336065406446764,5.617493713608707
6.279661016949152,19.78555814899783,-21.443966672503215,9.923016966661649
6.347457627118644,19.78555814899783,-23.36681080254551,14.602701836558138
6.415254237288135,19.78555814899783,-25.106802206015633,19.452829215536102
6.483050847457627,19.78555814899783,-26.669914152787925,24.306168074499308
6.5508474576271185,19.78555814899783,-28.064975183546586,29.032988074585656
6.618644067796611,19.78555814899783,-29.302804894195162,33.54029042015654
6.686440677966102,19.78555814899783,-30.39544763815859,37.76236817308999
6.754237288135593,19.78555814899783,-31.35552981926549,41.659944624276584
6.822033898305085,19.78555814899783,-32.19574816660373,45.216455703058315
6.889830508474576,19.78555814899783,-32.92848344124381,48.428061109780984
6.9576271186440675,19.78555814899783,-33.56552607099608,51.30362503742776
7.025423728813559,19.78555814899783,-34.1178963117258,53.85946184749259
7.093220338983051,19.78555814899783,-34.595740582263744,56.11781689617718
7.161016949152542,19.78555814899783,-35.00828657772734,58.102281612037125
7.228813559322034,19.78555814899783,-35.36384179136061,59.83733812534263
7.296610169491526,19.78555814899783,-35.66982255348232,61.35286828273689
7.364406779661017,19.78555814899783,-35.932803221750646,62.66649122244885
7.432203389830509,19.78555814899783,-36.158577490323935,63.80766015322998
7.5,19.78555814899783,-36.35222580804965,64.79312880719775
3.5,21.06210945474573,38.10331211131125,73.04628511481697
3.5677966101694913,21.06210945474573,38.03223334865749,72.66234219668992
3.635593220338983,21.06210945474573,37.94906705395358,72.21509315181248
3.7033898305084745,21.06210945474573,37.85179172613697,71.69321132274976
3.7711864406779663,21.06210945474573,37.738060399813996,71.08474163690524
3.8389830508474576,21.06210945474573,37.60515290899183,70.37599837303932
3.906779661016949,21.06210945474573,37.44992289389324,69.55138359338993
3.9745762711864407,21.06210945474573,37.268739659957156,68.59771037505298
4.0423728813559325,21.06210945474573,37.057425340333644,67.49291969320146
4.110169491525424,21.06210945474573,36.81118830354182,66.21347159172079
4.177966101694915,21.06210945474573,36.52455442827567,64.74249099744034
4.245762711864407,21.06210945474573,36.191298784186834,63.0484415711439
4.313559322033898,21.06210945474573,35.80438145843606,61.1117290599245
4.38135593220339,21.06210945474573,35.35589279420456,58.900466850637734
4.4491525423728815,21.06210945474573,34.8370151818828,56.390046599460085
4.516949152542373,21.06210945474573,34.23801075100919,53.55656057697543
4.584745762711864,21.06210945474573,33.54824677004411,50.37823610953059
4.652542372881356,21.06210945474573,32.756273087604704,46.84104805839647
4.720338983050848,21.06210945474573,31.84996821147893,42.9403374169742
4.788135593220339,21.06210945474573,30.816772097151222,38.68561303930894
4.8559322033898304,21.06210945474573,29.644023659186537,34.10332636642377
4.923728813559322,21.06210945474573,28.319418464143062,29.244176909202668
4.991525423728813,21.06210945474573,26.831595914494706,24.186905621003493
5.059322033898305,21.06210945474573,25.170854449188077,19.04477414954366
5.127118644067797,21.06210945474573,23.329977224701672,13.96490974838405
5.194915254237288,21.06210945474573,21.30512963408939,9.13337545059091
5.262711864406779,21.06210945474573,19.096765523973097,4.7738368959600335
5.330508474576272,21.06210945474573,16.71045458218095,1.1486050982312825
5.398305084745763,21.06210945474573,14.15752447131306,-0.12975341006417912
5.466101694915254,21.06210945474573,11.4554044581281,-0.12975341048021719
5.533898305084746,21.06210945474573,8.627568765049055,-0.1297534108216076
5.601694915254237,21.06210945474573,5.70301126624949,-0.1297534110735453
5.669491525423728,21.06210945474573,2.715237173229994,-0.1297534112247407
5.73728813559322,21.06210945474573,-0.2991754875208841,-0.12975341126852113
5.805084745762712,21.06210945474573,-3.3023244593483554,-0.12975341120350375
5.872881355932203,21.06210945474573,-6.25686954064059,-0.12975341103372587
5.9406779661016955,21.06210945474573,-9.127860129690688,-0.12975341076820981
6.008474576271187,21.06210945474573,-11.884317924029592,-0.12975341042003963
6.076271186440678,21.06210945474573,-14.500430705038355,-0.12975341000510604
6.1440677966101696,21.06210945474573,-16.956276154209956,1.4689159933475011
6.211864406779661,21.06210945474573,-19.23806367029393,5.024064385864124
6.279661016949152,21.06210945474573,-21.33794278203287,9.205311139529307
6.347457627118644,21.06210945474573,-23.25346903974968,13.767985915550527
6.415254237288135,21.06210945474573,-24.986838463445636,18.50766567469212
6.483050847457627,21.06210945474573,-26.544001590197528,23.258496611366326
6.5508474576271185,21.06210945474573,-27.933753361432835,27.892821647709212
6.618644067796611,21.06210945474573,-29.166872196331433,32.31375229916445
6.686440677966102,21.06210945474573,-30.255356610468347,36.45797400768388
6.754237288135593,21.06210945474573,-31.211784954681487,40.288209606681946
6.822033898305085,21.06210945474573,-32.04880563742732,43.78259368524439
6.889830508474576,21.06210945474573,-32.778752301641624,46.939638933971885
6.9576271186440675,21.06210945474573,-33.41337050366333,49.76620505363079
7.025423728813559,21.06210945474573,-33.96363855897152,52.28054447666225
7.093220338983051,21.06210945474573,-34.43966427161981,54.50123859755562
7.161016949152542,21.06210945474573,-34.850640218385216,56.455197446478714
7.228813559322034,21.06210945474573,-35.2048422762336,58.16457607572535
7.296610169491526,21.06210945474573,-35.509658550752654,59.652821905273775
7.364406779661017,21.06210945474573,-35.77163837921062,60.94890718519285
7.432203389830509,21.06210945474573,-35.99655340638936,62.07034749932833
7.5,21.06210945474573,-36.189464746196265,63.03916150766069
3.5,22.421023018052132,37.98225296785116,71.4053206762667
3.5677966101694913,22.421023018052132,37.911445746925445,71.02628780088175
3.635593220338983,22.421023018052132,37.828597171868545,70.58369514626115
3.7033898305084745,22.421023018052132,37.731693464345064,70.06724592722585
3.7711864406779663,22.421023018052132,37.618396625057734,69.46533534915099
3.8389830508474576,22.421023018052132,37.48599687984596,68.76843208135328
3.906779661016949,22.421023018052132,37.33135988895,67.95759097191453
3.9745762711864407,22.421023018052132,37.15086882812724,67.01542292965242
4.0423728813559325,22.421023018052132,36.940361791204914,65.92322708469264
4.110169491525424,22.421023018052132,36.695065452140305,64.66540230939844
4.177966101694915,22.421023018052132,36.40952660237688,63.21177815525281
4.245762711864407,22.421023018052132,36.077544092626646,61.544296173609126
4.313559322033898,22.421023018052132,35.692104904582926,59.63136480409026
4.38135593220339,22.421023018052132,35.24532959863668,57.45245597556774
4.4491525423728815,22.421023018052132,34.72843425103418,54.97859779237564
4.516949152542373,22.421023018052132,34.13171819283617,52.18528081042819
4.584745762711864,22.421023018052132,33.444589312657136,49.05337472327372
4.652542372881356,22.421023018052132,32.655641202052045,45.569392080879304
4.720338983050848,22.421023018052132,31.75279867646558,41.728022180800956
4.788135593220339,22.421023018052132,30.723549674437358,37.53791354729934
4.8559322033898304,22.421023018052132,29.55528147959351,33.02856492479681
4.923728813559322,22.421023018052132,28.23573666503814,28.25079806559841
4.991525423728813,22.421023018052132,26.75359803406093,23.281473500178564
5.059322033898305,22.421023018052132,25.099201088418155,18.232976745277703
5.127118644067797,22.421023018052132,23.26535655504805,13.252893023899103
5.194915254237288,22.421023018052132,21.24824447632811,8.526455340164826
5.262711864406779,22.421023018052132,19.04831696505294,4.277357164612836
5.330508474576272,22.421023018052132,16.671122431209042,0.7677122380470492
5.398305084745763,22.421023018052132,14.127945262401823,-0.12975341070651453
5.466101694915254,22.421023018052132,11.436148140477137,-0.12975341090045645
5.533898305084746,22.421023018052132,8.619115609440904,-0.12975341105968438
5.601694915254237,22.421023018052132,5.705730778360476,-0.1297534111773059
5.669491525423728,22.421023018052132,2.72937085899796,-0.12975341124806378
5.73728813559322,22.421023018052132,-0.27352586095137355,-0.12975341126884832
5.805084745762712,22.421023018052132,-3.265201922573773,-0.1297534112390109
5.872881355932203,22.421023018052132,-6.208459774783314,-0.12975341116042494
5.9406779661016955,22.421023018052132,-9.068482337426214,-0.1297534110372833
6.008474576271187,22.421023018052132,-11.81440965423797,-0.1297534108756694
6.076271186440678,22.421023018052132,-14.420528116848146,-0.1297534106829732
6.1440677966101696,22.421023018052132,-16.86699151585168,1.0134291242195537
6.211864406779661,22.421023018052132,-19.140061934141087,4.435451891987273
6.279661016949152,22.421023018052132,-21.231918891562522,8.491487108825657
6.347457627118644,22.421023018052132,-23.140127276953855,12.936449188233656
6.415254237288135,22.421023018052132,-24.866874720875636,17.56617511240822
6.483050847457627,22.421023018052132,-26.418089027607124,22.21513691453682
6.5508474576271185,22.421023018052132,-27.802531539319084,26.753961542356947
6.618644067796611,22.421023018052132,-29.030939498467696,31.090787948013535
6.686440677966102,22.421023018052132,-30.1152655827781,35.15851408760432
6.754237288135593,22.421023018052132,-31.068040090097476,38.91815553963209
6.822033898305085,22.421023018052132,-31.901863108250904,42.35155973657697
6.889830508474576,22.421023018052132,-32.62902116203943,45.45370014382618
6.9576271186440675,22.421023018052132,-33.261214936330575,48.23379374290645
7.025423728813559,22.421023018052132,-33.809380806217234,50.70570366353264
7.093220338983051,22.421023018052132,-34.28358796097587,52.89048481384715
7.161016949152542,22.421023018052132,-34.69299385904309,54.8105331338194
7.228813559322034,22.421023018052132,-35.04584276110657,56.49145608012852
7.296610169491526,22.421023018052132,-35.34949454802298,57.95801153166306
7.364406779661017,22.421023018052132,-35.61047353667059,59.2312019895726
7.432203389830509,22.421023018052132,-35.834529322454785,60.335105241916274
7.5,22.421023018052132,-36.02670368434288,61.290648852176915
3.5,23.867612798050235,37.86119382439106,69.75552558149421
3.5677966101694913,23.867612798050235,37.79065814519341,69.38280098147905
3.635593220338983,23.867612798050235,37.70812728978351,68.94766669656175
3.7033898305084745,23.867612798050235,37.611595202553154,68.43991965723033
3.7711864406779663,23.867612798050235,37.49873285030149,67.847927779521
3.8389830508474576,23.867612798050235,37.36684085070009,67.15837486031579
3.906779661016949,23.867612798050235,37.21279688400674,66.35608379700486
3.9745762711864407,23.867612798050235,37.032997996297304,65.42903161096287
4.0423728813559325,23.867612798050235,36.823298242076184,64.35458698307185
4.110169491525424,23.867612798050235,36.57894260073879,63.11027214263946
4.177966101694915,23.867612798050235,36.2944987764781,61.68036898623774
4.245762711864407,23.867612798050235,35.96378940106647,60.03349645922089
4.313559322033898,23.867612798050235,35.57982835072979,58.151316863151294
4.38135593220339,23.867612798050235,35.13476640306879,56.002560131531304
4.4491525423728815,23.867612798050235,34.61985332018558,53.56376114623912
4.516949152542373,23.867612798050235,34.025425634663144,50.81216253575618
4.584745762711864,23.867612798050235,33.34093185527016,47.72710433140813
4.652542372881356,23.867612798050235,32.55500931649939,44.29464091252018
4.720338983050848,23.867612798050235,31.655629141452216,40.512002232088975
4.788135593220339,23.867612798050235,30.63032725172348,36.38973495689686
4.8559322033898304,23.867612798050235,29.466539300000484,31.953616294947093
4.923728813559322,23.867612798050235,28.152054865933216,27.254714774652086
4.991525423728813,23.867612798050235,26.675600153627137,22.373230913734023
5.059322033898305,23.867612798050235,25.02754772764824,17.41894938581558
5.127118644067797,23.867612798050235,23.20073588539443,12.539478706107541
5.194915254237288,23.867612798050235,21.191359318566825,7.919666362656683
5.262711864406779,23.867612798050235,18.999868406132784,3.7814117582691895
5.330508474576272,23.867612798050235,16.631790280237134,0.3890074206945476
5.398305084745763,23.867612798050235,14.09836605349058,-0.12975341101265958
5.466101694915254,23.867612798050235,11.416891822826173,-0.12975341110091743
5.533898305084746,23.867612798050235,8.61066245383276,-0.12975341117341624
5.601694915254237,23.867612798050235,5.708450290471454,-0.12975341122702366
5.669491525423728,23.867612798050235,2.7435045447659263,-0.12975341125934978
5.73728813559322,23.867612798050235,-0.2478762343818559,-0.1297534112689799
5.805084745762712,23.867612798050235,-3.228079385799198,-0.12975341125561704
5.872881355932203,23.867612798050235,-6.160050008926039,-0.12975341122010967
5.9406779661016955,23.867612798050235,-9.00910454516174,-0.12975341116436004
6.008474576271187,23.867612798050235,-11.744501384446348,-0.12975341109112926
6.076271186440678,23.867612798050235,-14.340625528657938,-0.12975341100377216
6.1440677966101696,23.867612798050235,-16.777706877493404,0.5647715522431169
6.211864406779661,23.867612798050235,-19.04206019798825,3.8520031191726423
6.279661016949152,23.867612798050235,-21.125895001092168,7.7822403666614886
6.347457627118644,23.867612798050235,-23.026785514158025,12.108554182778061
6.415254237288135,23.867612798050235,-24.746910978305635,16.627337644137192
6.483050847457627,23.867612798050235,-26.29217646501672,21.173811855182823
6.5508474576271185,23.867612798050235,-27.671309717205332,25.619794927332347
6.618644067796611,23.867612798050235,-28.89500680060396,29.86913585366096
6.686440677966102,23.867612798050235,-29.975174555087857,33.85975400008017
6.754237288135593,23.867612798050235,-30.924295225513465,37.55081762334404
6.822033898305085,23.867612798050235,-31.75492057907449,40.92179211612176
6.889830508474576,23.867612798050235,-32.47929002243723,43.970716497837735
6.9576271186440675,23.867612798050235,-33.109059368997826,46.70105432676654
7.025423728813559,23.867612798050235,-33.655123053462944,49.13036976022215
7.093220338983051,23.867612798050235,-34.12751165033194,51.27908194022995
7.161016949152542,23.867612798050235,-34.53534749970097,53.16894695811431
7.228813559322034,23.867612798050235,-34.88684324597954,54.82192330953736
7.296610169491526,23.867612798050235,-35.1893305452933,56.263522951388595
7.364406779661017,23.867612798050235,-35.44930869413056,57.516627654032284
7.432203389830509,23.867612798050235,-35.6725052385202,58.603400915798304
7.5,23.867612798050235,-35.86394262248948,59.54096891598805
3.5,25.40753560705016,37.74013468093098,68.10822941974489
3.5677966101694913,25.40753560705016,37.66987054346137,67.73949210548241
3.635593220338983,25.40753560705016,37.58765740769847,67.30892032816611
3.7033898305084745,25.40753560705016,37.49149694076125,66.80649637805925
3.7711864406779663,25.40753560705016,37.37906907554523,66.22208242160467
3.8389830508474576,25.40753560705016,37.24768482155423,65.54439360002009
3.906779661016949,25.40753560705016,37.094233879063495,64.7559043488726
3.9745762711864407,25.40753560705016,36.91512716446739,63.8397029009426
4.0423728813559325,25.40753560705016,36.706234692947476,62.77842964128711
4.110169491525424,25.40753560705016,36.462819749337285,61.55578422255799
4.177966101694915,25.40753560705016,36.17947095057933,60.14280182355373
4.245762711864407,25.40753560705016,35.85003470950629,58.522920852051655
4.313559322033898,25.40753560705016,35.46755179687666,56.664486960119774
4.38135593220339,25.40753560705016,35.0242032075009,54.54825939866428
4.4491525423728815,25.40753560705016,34.511272389336966,52.14630225854183
4.516949152542373,25.40753560705016,33.91913307649013,49.43504352523886
4.584745762711864,25.40753560705016,33.2372743978832,46.39595428912829
4.652542372881356,25.40753560705016,32.454377430946735,43.01775812156252
4.720338983050848,25.40753560705016,31.55845960643886,39.29481107314377
4.788135593220339,25.40753560705016,30.53710482900962,35.236813479077874
4.8559322033898304,25.40753560705016,29.37779712040745,30.87461169593714
4.923728813559322,25.40753560705016,28.068373066828286,26.257665883312853
4.991525423728813,25.40753560705016,26.59760227319336,21.463470117272422
5.059322033898305,25.40753560705016,24.955894366878326,16.604206806495327
5.127118644067797,25.40753560705016,23.13611521574081,11.825867704119267
5.194915254237288,25.40753560705016,21.134474160805546,7.3122494579256045
5.262711864406779,25.40753560705016,18.951419847212634,3.2861435823575693
5.330508474576272,25.40753560705016,16.592458129265225,0.012965115267111207
5.398305084745763,25.40753560705016,14.068786844579343,-0.1297534111550616
5.466101694915254,25.40753560705016,11.39763550517521,-0.1297534111942402
5.533898305084746,25.40753560705016,8.602209298224608,-0.12975341122644027
5.601694915254237,25.40753560705016,5.71116980258244,-0.12975341125027326
5.669491525423728,25.40753560705016,2.7576382305338853,-0.12975341126467935
5.73728813559322,25.40753560705016,-0.22222660781233827,-0.12975341126903073
5.805084745762712,25.40753560705016,-3.190956849024616,-0.12975341126319478
5.872881355932203,25.40753560705016,-6.111640243068763,-0.1297534112475463
5.9406779661016955,25.40753560705016,-8.949726752897266,-0.12975341122292722
6.008474576271187,25.40753560705016,-11.67459311465473,-0.12975341119055986
6.076271186440678,25.40753560705016,-14.26072294046773,-0.1297534111519299
6.1440677966101696,25.40753560705016,-16.688422239135136,0.12361895405900603
6.211864406779661,25.40753560705016,-18.944058461835414,3.274207792173851
6.279661016949152,25.40753560705016,-21.019871110621825,7.077682283811808
6.347457627118644,25.40753560705016,-22.913443751362202,11.285199856986772
6.415254237288135,25.40753560705016,-24.626947235735642,15.693057730692951
6.483050847457627,25.40753560705016,-26.166263902426323,20.13654105556041
6.5508474576271185,25.40753560705016,-27.54008789509158,24.48742362659438
6.618644067796611,25.40753560705016,-28.75907410274023,28.65237462017366
6.686440677966102,25.40753560705016,-29.835083527397614,32.56518511375316
6.754237288135593,25.40753560705016,-30.78055036092946,36.186711874526345
6.822033898305085,25.40753560705016,-31.607978049898083,39.496634916902075
6.889830508474576,25.40753560705016,-32.329558882835045,42.488732374864234
6.9576271186440675,25.40753560705016,-32.95690380166508,45.17336263518932
7.025423728813559,25.40753560705016,-33.50086530070866,47.561230580271555
7.093220338983051,25.40753560705016,-33.97143533968801,49.672204398185436
7.161016949152542,25.40753560705016,-34.377701140358845,51.52748714184432
7.228813559322034,25.40753560705016,-34.72784373085253,53.15474377224549
7.296610169491526,25.40753560705016,-35.02916654256364,54.571803457659364
7.364406779661017,25.40753560705016,-35.28814385159053,55.804915891380595
7.432203389830509,25.40753560705016,-35.51048115458563,56.87087971741501
7.5,25.40753560705016,-35.701181560636094,57.79676533549942
3.5,27.046813231202467,37.61907553747089,66.45225067373819
3.5677966101694913,27.046813231202467,37.54908294172935,66.08991249697779
3.635593220338983,27.046813231202467,37.467187525613454,65.66681237876158
3.7033898305084745,27.046813231202467,37.37139867896934,65.17310615441801
3.7711864406779663,27.046813231202467,37.259405300789,64.59748261037001
3.8389830508474576,27.046813231202467,37.12852879240839,63.926992646457954
3.906779661016949,27.046813231202467,36.975670874120254,63.14729475042692
3.9745762711864407,27.046813231202467,36.797256332637474,62.24719232913077
4.0423728813559325,27.046813231202467,36.58917114381876,61.202901218823584
4.110169491525424,27.046813231202467,36.346696897935786,59.99349711166262
4.177966101694915,27.046813231202467,36.064443124680565,58.60527030529025
4.245762711864407,27.046813231202467,35.73628001794613,57.00528908912487
4.313559322033898,27.046813231202467,35.35527524302353,55.17811551553715
4.38135593220339,27.046813231202467,34.913640011933026,53.09224804305236
4.4491525423728815,27.046813231202467,34.40269145848836,50.72537123690182
4.516949152542373,27.046813231202467,33.8128405183171,48.055883845045244
4.584745762711864,27.046813231202467,33.13361694049624,45.06424400100233
4.652542372881356,27.046813231202467,32.35374554539408,41.73715661946836
4.720338983050848,27.046813231202467,31.46129007142551,38.07311526200073
4.788135593220339,27.046813231202467,30.443882406295756,34.08373081575283
4.8559322033898304,27.046813231202467,29.289054940814438,29.794568573327815
4.923728813559322,27.046813231202467,27.984691267723377,25.257073754470525
4.991525423728813,27.046813231202467,26.519604392759582,20.552243244564497
5.059322033898305,27.046813231202467,24.884241006108425,15.787884711897087
5.127118644067797,27.046813231202467,23.0714945460872,11.11085677683284
5.194915254237288,27.046813231202467,21.077589003044274,6.7052459045398125
5.262711864406779,27.046813231202467,18.902971288292484,2.79221911507017
5.330508474576272,27.046813231202467,16.55312597829333,-0.12975341120037903
5.398305084745763,27.046813231202467,14.039207635668113,-0.12975341121965583
5.466101694915254,27.046813231202467,11.378379187524253,-0.12975341123660789
5.533898305084746,27.046813231202467,8.59375614261647,-0.12975341125054785
5.601694915254237,27.046813231202467,5.713889314693425,-0.12975341126087575
5.669491525423728,27.046813231202467,2.7717719163018586,-0.1297534112671335
5.73728813559322,27.046813231202467,-0.19657698124281353,-0.1297534112690495
5.805084745762712,27.046813231202467,-3.1538343122500265,-0.12975341126656603
5.872881355932203,27.046813231202467,-6.06323047721148,-0.12975341125984452
5.9406779661016955,27.046813231202467,-8.890348960632785,-0.12975341124924805
6.008474576271187,27.046813231202467,-11.604684844863105,-0.12975341123530418
6.076271186440678,27.046813231202467,-14.180820352277518,-0.12975341121865414
6.1440677966101696,27.046813231202467,-16.599137600776857,-0.12975341119999667
6.211864406779661,27.046813231202467,-18.846056725682573,2.7025081273992235
6.279661016949152,27.046813231202467,-20.913847220151474,6.37801643305602
6.347457627118644,27.046813231202467,-22.800101988566368,10.465854963749955
6.415254237288135,27.046813231202467,-24.506983493165635,14.762208454568896
6.483050847457627,27.046813231202467,-26.040351339835915,19.102614628121696
6.5508474576271185,27.046813231202467,-27.408866072977826,23.35907910022737
6.618644067796611,27.046813231202467,-28.623141404876492,27.437241375654715
6.686440677966102,27.046813231202467,-29.694992499707368,31.27295617626735
6.754237288135593,27.046813231202467,-30.63680549634545,34.82396178702652
6.822033898305085,27.046813231202467,-31.461035520721666,38.07209516679947
6.889830508474576,27.046813231202467,-32.17982774323284,41.01203524143634
6.9576271186440675,27.046813231202467,-32.80474823433232,43.64692936819166
7.025423728813559,27.046813231202467,-33.34660754795438,45.99221409811013
7.093220338983051,27.046813231202467,-33.81535902904407,48.06712589417409
7.161016949152542,27.046813231202467,-34.22005478101672,49.89223143858389
7.228813559322034,27.046813231202467,-34.5688442157255,51.488330061169044
7.296610169491526,27.046813231202467,-34.869002539833964,52.883706847095844
7.364406779661017,27.046813231202467,-35.1269790090505,54.093185887658066
7.432203389830509,27.046813231202467,-35.34845707065105,55.14561177423602
7.5,27.046813231202467,-35.538420498782706,56.05355539482453
3.5,28.79185597837206,37.49801639401082,64.7975108616315
3.5677966101694913,28.79185597837206,37.42829533999732,64.4389950919799
3.635593220338983,28.79185597837206,37.346717643528436,64.02035781256025
3.7033898305084745,28.79185597837206,37.25130041717745,63.53185840464718
3.7711864406779663,28.79185597837206,37.13974152603275,62.9658438402079
3.8389830508474576,28.79185597837206,37.00937276326253,62.30723710167019
3.906779661016949,28.79185597837206,36.85710786917703,61.54094588006746
3.9745762711864407,28.79185597837206,36.67938550080757,60.65053252199874
4.0423728813559325,28.79185597837206,36.47210759469006,59.62092168963252
4.110169491525424,28.79185597837206,36.23057404653429,58.43322376595749
4.177966101694915,28.79185597837206,35.9494152987818,57.06061578468914
4.245762711864407,28.79185597837206,35.622525326385954,55.48891599802684
4.313559322033898,28.79185597837206,35.242998689170406,53.68546170024752
4.38135593220339,28.79185597837206,34.80307681636515,51.63153615192676
4.4491525423728815,28.79185597837206,34.29411052763976,49.301831098257615
4.516949152542373,28.79185597837206,33.70654796014409,46.672894134704464
4.584745762711864,28.79185597837206,33.02995948310928,43.72745768042877
4.652542372881356,28.79185597837206,32.25311365984143,40.45512646729325
4.720338983050848,28.79185597837206,31.36412053641216,36.85118809177838
4.788135593220339,28.79185597837206,30.35065998358189,32.92630586562259
4.8559322033898304,28.79185597837206,29.200312761221426,28.71157062537445
4.923728813559322,28.79185597837206,27.901009468618454,24.256605683944226
4.991525423728813,28.79185597837206,26.441606512325805,19.63894341564073
5.059322033898305,28.79185597837206,24.812587645338517,14.970516344560142
5.127118644067797,28.79185597837206,23.006873876433588,10.396024893061812
5.194915254237288,28.79185597837206,21.020703845282995,6.09803534816681
5.262711864406779,28.79185597837206,18.85452272937234,2.2996672495204793
5.330508474576272,28.79185597837206,16.51379382732143,-0.1297534112400834
5.398305084745763,28.79185597837206,14.00962842675689,-0.12975341124820494
5.466101694915254,28.79185597837206,11.359122869873296,-0.1297534112553494
5.533898305084746,28.79185597837206,8.585302987008333,-0.12975341126122752
5.601694915254237,28.79185597837206,5.716608826804418,-0.12975341126558684
5.669491525423728,28.79185597837206,2.785905602069832,-0.1297534112682345
5.73728813559322,28.79185597837206,-0.1709273546732959,-0.12975341126905607
5.805084745762712,28.79185597837206,-3.1167117754754443,-0.12975341126802703
5.872881355932203,28.79185597837206,-6.014820711354201,-0.12975341126521514
5.9406779661016955,28.79185597837206,-8.830971168368304,-0.12975341126077292
6.008474576271187,28.79185597837206,-11.53477657507148,-0.1297534112549221
6.076271186440678,28.79185597837206,-14.100917764087306,-0.12975341124793224
6.1440677966101696,28.79185597837206,-16.509852962418577,-0.12975341124009723
6.211864406779661,28.79185597837206,-18.748054989529727,2.13723586872462
6.279661016949152,28.79185597837206,-20.80782332968112,5.683643794109733
6.347457627118644,28.79185597837206,-22.686760225770538,9.650916053809704
6.415254237288135,28.79185597837206,-24.387019750595634,13.83500688908058
6.483050847457627,28.79185597837206,-25.914438777245508,18.07179428699753
6.5508474576271185,28.79185597837206,-27.27764425086407,22.234199810091777
6.618644067796611,28.79185597837206,-28.487208707012755,26.22628021516458
6.686440677966102,28.79185597837206,-29.55490147201712,29.983517975046848
6.754237288135593,28.79185597837206,-30.493060631761438,33.466699981954704
6.822033898305085,28.79185597837206,-31.31409299154525,36.65269116294206
6.889830508474576,28.79185597837206,-32.030096603630646,39.535973253817446
6.9576271186440675,28.79185597837206,-32.65259266699957,42.123210287776814
7.025423728813559,28.79185597837206,-33.19234979520009,44.42687854877567
7.093220338983051,28.79185597837206,-33.65928271840013,46.46375594628067
7.161016949152542,28.79185597837206,-34.06240842167459,48.25692020235313
7.228813559322034,28.79185597837206,-34.40984470059848,49.8279507223299
7.296610169491526,28.79185597837206,-34.70883853710429,51.19536100256025
7.364406779661017,28.79185597837206,-34.96581416651048,52.38832442422499
7.432203389830509,28.79185597837206,-35.18643298671647,53.419920018036045
7.5,28.79185597837206,-35.37565943692931,54.312088911148315
3.5,30.649487745305965,37.37695725055072,63.136106430412994
3.5677966101694913,30.649487745305965,37.307507738265286,62.78399840176519
3.635593220338983,30.649487745305965,37.22624776144339,62.37284285658849
3.7033898305084745,30.649487745305965,37.13120215538554,61.893072970505756
3.7711864406779663,30.649487745305965,37.0200777512765,61.33369604167036
3.8389830508474576,30.649487745305965,36.89021673411666,60.68212738255249
3.906779661016949,30.649487745305965,36.73854486423377,59.92686339324656
3.9745762711864407,30.649487745305965,36.56151466897764,59.052572014888206
4.0423728813559325,30.649487745305965,36.35504404556133,58.03821940008743
4.110169491525424,30.649487745305965,36.11445119513277,56.865060572848186
4.177966101694915,30.649487745305965,35.83438747288302,55.51762603355474
4.245762711864407,30.649487745305965,35.50877063482578,53.964910447446485
4.313559322033898,30.649487745305965,35.13072213531727,52.192602864700035
4.38135593220339,30.649487745305965,34.69251362079726,50.170076773874825
4.4491525423728815,30.649487745305965,34.185529596791156,47.87547799585667
4.516949152542373,30.649487745305965,33.60025540197107,45.28836688825549
4.584745762711864,30.649487745305965,32.92630202572231,42.39032463127763
4.652542372881356,30.649487745305965,32.15248177428877,39.16936666944636
4.720338983050848,30.649487745305965,31.266951001398795,35.6245237880273
4.788135593220339,30.649487745305965,30.257437560868027,31.76849805943409
4.8559322033898304,30.649487745305965,29.1115705816284,27.627176185718483
4.923728813559322,30.649487745305965,27.81732766951353,23.252657705421186
4.991525423728813,30.649487745305965,26.36360863189202,18.725137323016288
5.059322033898305,30.649487745305965,24.740934284568603,14.15238593623951
5.127118644067797,30.649487745305965,22.942253206779966,9.68017691715473
5.194915254237288,30.649487745305965,20.963818687521716,5.491848940001469
5.262711864406779,30.649487745305965,18.806074170452185,1.808870842984584
5.330508474576272,30.649487745305965,16.47446167634952,-0.12975341125716428
5.398305084745763,30.649487745305965,13.980049217845647,-0.12975341126049358
5.466101694915254,30.649487745305965,11.339866552222333,-0.12975341126342338
5.533898305084746,30.649487745305965,8.576849831400182,-0.12975341126583517
5.601694915254237,30.649487745305965,5.719328338915403,-0.12975341126762557
5.669491525423728,30.649487745305965,2.800039287837798,-0.12975341126871556
5.73728813559322,30.649487745305965,-0.14527772810377826,-0.12975341126905826
5.805084745762712,30.649487745305965,-3.079589238700862,-0.12975341126864354
5.872881355932203,30.649487745305965,-5.966410945496925,-0.12975341126749904
5.9406779661016955,30.649487745305965,-8.77159337610383,-0.1297534112656871
6.008474576271187,30.649487745305965,-11.464868305279861,-0.12975341126329845
6.076271186440678,30.649487745305965,-14.021015175897098,-0.12975341126044335
6.1440677966101696,30.649487745305965,-16.420568324060305,-0.12975341125724196
6.211864406779661,30.649487745305965,-18.65005325337689,1.5789503210575222
6.279661016949152,30.649487745305965,-20.701799439210774,4.994979035983131
6.347457627118644,30.649487745305965,-22.573418462974708,8.841171244715802
6.415254237288135,30.649487745305965,-24.267056008025634,12.913202922816893
6.483050847457627,30.649487745305965,-25.788526214655104,17.046284964018543
6.5508474576271185,30.649487745305965,-27.14642242875032,21.11207170602649
6.618644067796611,30.649487745305965,-28.35127600914902,25.018853379163296
6.686440677966102,30.649487745305965,-29.414810444326875,28.698763996056208
6.754237288135593,30.649487745305965,-30.349315767177426,32.11090859991815
6.822033898305085,30.649487745305965,-31.167150462368838,35.235444952452475
6.889830508474576,30.649487745305965,-31.88036546402845,38.06455545686629
6.9576271186440675,30.649487745305965,-32.50043709966681,40.60398612097384
7.025423728813559,30.649487745305965,-33.038092042445804,42.865079610037725
7.093220338983051,30.649487745305965,-33.50320640775619,44.86589494834209
7.161016949152542,30.649487745305965,-33.904762062332466,46.62581328868567
7.228813559322034,30.649487745305965,-34.25084518547145,48.16766793866611
7.296610169491526,30.649487745305965,-34.54867453437461,49.514087271270036
7.364406779661017,30.649487745305965,-34.804649323970445,50.68337108232356
7.432203389830509,30.649487745305965,-35.02440890278189,51.69761931207608
7.5,30.649487745305965,-35.212898375075916,52.57623500686038
3.5,32.62697270211809,37.25589810709063,61.47340272543739
3.5677966101694913,32.62697270211809,37.18672013653325,61.12502659441576
3.635593220338983,32.62697270211809,37.10577787935836,60.71822822121889
3.7033898305084745,32.62697270211809,37.01110389359363,60.246132010624116
3.7711864406779663,32.62697270211809,36.90041397652024,59.69696994509883
3.8389830508474576,32.62697270211809,36.77106070497079,59.057298260345334
3.906779661016949,32.62697270211809,36.61998185929052,58.313034176428864
3.9745762711864407,32.62697270211809,36.44364383714772,57.44821057808209
4.0423728813559325,32.62697270211809,36.2379804964326,56.451121241426435
4.110169491525424,32.62697270211809,35.99832834373126,55.29811214263456
4.177966101694915,32.62697270211809,35.719359646984245,53.967031384474325
4.245762711864407,32.62697270211809,35.39501594326559,52.44273874924833
4.313559322033898,32.62697270211809,35.018445581464135,50.694829371311876
4.38135593220339,32.62697270211809,34.581950425229365,48.702778700109526
4.4491525423728815,32.62697270211809,34.07694866594254,46.44573904906477
4.516949152542373,32.62697270211809,33.493962843798045,43.899435046521184
4.584745762711864,32.62697270211809,32.822644568335335,41.048620388495586
4.652542372881356,32.62697270211809,32.051849888736115,37.88224490152549
4.720338983050848,32.62697270211809,31.16978146638543,34.397985480166014
4.788135593220339,32.62697270211809,30.164215138154162,30.60674378039363
4.8559322033898304,32.62697270211809,29.022828402035373,26.54043589891447
4.923728813559322,32.62697270211809,27.73364587040861,22.248746124191417
4.991525423728813,32.62697270211809,26.285610751458236,17.80916938257006
5.059322033898305,32.62697270211809,24.66928092379868,13.333323893823955
5.127118644067797,32.62697270211809,22.877632537126345,8.964951270812367
5.194915254237288,32.62697270211809,20.90693352976043,4.886158367055726
5.262711864406779,32.62697270211809,18.757625611532028,1.3202562951576313
5.330508474576272,32.62697270211809,16.43512952537761,-0.12975341126431564
5.398305084745763,32.62697270211809,13.95047000893441,-0.12975341126564147
5.466101694915254,32.62697270211809,11.320610234571369,-0.1297534112668086
5.533898305084746,32.62697270211809,8.568396675792037,-0.12975341126776987
5.601694915254237,32.62697270211809,5.722047851026382,-0.1297534112684842
5.669491525423728,32.62697270211809,2.814172973605764,-0.1297534112689201
5.73728813559322,32.62697270211809,-0.11962810153426062,-0.12975341126905893
5.805084745762712,32.62697270211809,-3.04246670192628,-0.1297534112688966
5.872881355932203,32.62697270211809,-5.918001179639646,-0.12975341126844414
5.9406779661016955,32.62697270211809,-8.712215583839356,-0.12975341126772622
6.008474576271187,32.62697270211809,-11.39496003548824,-0.12975341126677895
6.076271186440678,32.62697270211809,-13.94111258770689,-0.12975341126564607
6.1440677966101696,32.62697270211809,-16.33128368570203,-0.1297534112643754
6.211864406779661,32.62697270211809,-18.552051517224047,1.0284256888676324
6.279661016949152,32.62697270211809,-20.59577554874042,4.312449982994831
6.347457627118644,32.62697270211809,-22.46007670017888,8.036830616821193
6.415254237288135,32.62697270211809,-24.147092265455633,11.995708594960275
6.483050847457627,32.62697270211809,-25.6626136520647,16.024407790255097
6.5508474576271185,32.62697270211809,-27.01520060663656,19.995647836428088
6.618644067796611,32.62697270211809,-28.215343311285288,23.81402114467406
6.686440677966102,32.62697270211809,-29.27471941663663,27.416161828241897
6.754237288135593,32.62697270211809,-30.205570902593415,30.759232833165928
6.822033898305085,32.62697270211809,-31.020207933192424,33.8207559453523
6.889830508474576,32.62697270211809,-31.73063432442625,36.59622735602712
6.9576271186440675,32.62697270211809,-32.348281532334056,39.085761874982275
7.025423728813559,32.62697270211809,-32.883834289691514,41.304097965637574
7.093220338983051,32.62697270211809,-33.34713009711225,43.26867039956587
7.161016949152542,32.62697270211809,-33.74711570299034,44.998230312391215
7.228813559322034,32.62697270211809,-34.09184567034442,46.51180713496669
7.296610169491526,32.62697270211809,-34.38851053164494,47.833526598506765
7.364406779661017,32.62697270211809,-34.64348448143041,48.982091268672015
7.432203389830509,32.62697270211809,-34.86238481884731,49.97973884600529
7.5,32.62697270211809,-35.05013731322253,50.84043512860027
3.5,34.732043698439675,37.13483896363055,59.80731123041159
3.5677966101694913,34.732043698439675,37.06593253480121,59.46534847810626
3.635593220338983,34.732043698439675,36.98530799727333,59.06603845160507
3.7033898305084745,34.732043698439675,36.891005631801725,58.6000893878307
3.7711864406779663,34.732043698439675,36.780750201764,58.05682448522761
3.8389830508474576,34.732043698439675,36.65190467582493,57.424590284725966
3.906779661016949,34.732043698439675,36.50141885434727,56.69421612193141
3.9745762711864407,34.732043698439675,36.32577300531781,55.845529783480664
4.0423728813559325,34.732043698439675,36.12091694730389,54.86087699473935
4.110169491525424,34.732043698439675,35.88220549232975,53.725190326721425
4.177966101694915,34.732043698439675,35.60433182108546,52.4178571545132
4.245762711864407,34.732043698439675,35.28126125170542,50.91397404701884
4.313559322033898,34.732043698439675,34.90616902761099,49.195255902352876
4.38135593220339,34.732043698439675,34.47138722966148,47.23660137790971
4.4491525423728815,34.732043698439675,33.96836773509393,45.01469985862461
4.516949152542373,34.732043698439675,33.38767028562503,42.51027856770456
4.584745762711864,34.732043698439675,32.71898711094837,39.70604623417789
4.652542372881356,34.732043698439675,31.951218003183463,36.59208659353022
4.720338983050848,34.732043698439675,31.072611931372073,33.16713002095498
4.788135593220339,34.732043698439675,30.07099271544029,29.444997462225047
4.8559322033898304,34.732043698439675,28.934086222442353,25.4525078362978
4.923728813559322,34.732043698439675,27.649964071303685,21.241766867455507
4.991525423728813,34.732043698439675,26.207612871024452,16.893207229677465
5.059322033898305,34.732043698439675,24.597627563028773,12.5138987362512
5.127118644067797,34.732043698439675,22.813011867472724,8.249177396694494
5.194915254237288,34.732043698439675,20.85004837199915,4.281355345128069
5.262711864406779,34.732043698439675,18.70917705261187,0.834265836123801
5.330508474576272,34.732043698439675,16.39579737440571,-0.1297534112672201
5.398305084745763,34.732043698439675,13.920890800023173,-0.1297534112677334
5.466101694915254,34.732043698439675,11.301353916920405,-0.1297534112681854
5.533898305084746,34.732043698439675,8.559943520183886,-0.1297534112685579
5.601694915254237,34.732043698439675,5.724767363137367,-0.12975341126883497
5.669491525423728,34.732043698439675,2.8283066593737303,-0.12975341126900444
5.73728813559322,34.732043698439675,-0.09397847496474299,-0.1297534112690591
5.805084745762712,34.732043698439675,-3.0053441651517048,-0.12975341126899737
5.872881355932203,34.732043698439675,-5.8695914137823735,-0.12975341126882348
5.9406779661016955,34.732043698439675,-8.652837791574882,-0.12975341126854695
6.008474576271187,34.732043698439675,-11.325051765696621,-0.12975341126818174
6.076271186440678,34.732043698439675,-13.861209999516685,-0.12975341126774473
6.1440677966101696,34.732043698439675,-16.241999047343757,-0.12975341126725443
6.211864406779661,34.732043698439675,-18.454049781071213,0.48622832932478893
6.279661016949152,34.732043698439675,-20.489751658270077,3.6364969560605767
6.347457627118644,34.732043698439675,-22.346734937383054,7.2380259979363055
6.415254237288135,34.732043698439675,-24.027128522885636,11.082958418583592
6.483050847457627,34.732043698439675,-25.5367010894743,15.006589012955683
6.5508474576271185,34.732043698439675,-26.883978784522817,18.88268071186642
6.618644067796611,34.732043698439675,-28.079410613421558,22.61508143540625
6.686440677966102,34.732043698439675,-29.13462838894639,26.13840298164578
6.754237288135593,34.732043698439675,-30.06182603800941,29.411829409478
6.822033898305085,34.732043698439675,-30.873265404016017,32.41178014971568
6.889830508474576,34.732043698439675,-31.580903184824063,35.12945347749803
6.9576271186440675,34.732043698439675,-32.19612596500131,37.57315540403284
7.025423728813559,34.732043698439675,-32.72957653693723,39.74984769108903
7.093220338983051,34.732043698439675,-33.191053786468316,41.676206696800165
7.161016949152542,34.732043698439675,-33.58946934364822,43.371458257534634
7.228813559322034,34.732043698439675,-33.932846155217405,44.859766919467255
7.296610169491526,34.732043698439675,-34.228346528915274,46.15534730693449
7.364406779661017,34.732043698439675,-34.48231963889039,47.285417940044745
7.432203389830509,34.732043698439675,-34.700360734912735,48.26227143222707
7.5,34.732043698439675,-34.88737625136914,49.10962836358823
3.5,36.972932502316176,37.01377982017046,58.1360936943343
3.5677966101694913,36.972932502316176,36.945144933069194,57.797797473561
3.635593220338983,36.972932502316176,36.86483811518831,57.40600192910775
3.7033898305084745,36.972932502316176,36.77090737000983,56.94882066365827
3.7711864406779663,36.972932502316176,36.66108642700777,56.41577740108413
3.8389830508474576,36.972932502316176,36.532748646679075,55.79487834947766
3.906779661016949,36.972932502316176,36.382855849404045,55.07245260407202
3.9745762711864407,36.972932502316176,36.20790217348789,54.23529424731813
4.0423728813559325,36.972932502316176,36.003853398175174,53.26942472103593
4.110169491525424,36.972932502316176,35.76608264092825,52.150817629643214
4.177966101694915,36.972932502316176,35.489303995186695,50.86289130837714
4.245762711864407,36.972932502316176,35.16750656014526,49.384834392965914
4.313559322033898,36.972932502316176,34.79389247375787,47.693129649706215
4.38135593220339,36.972932502316176,34.3608240340936,45.76371258806906
4.4491525423728815,36.972932502316176,33.85978680424534,43.57858715680321
4.516949152542373,36.972932502316176,33.28137772745202,41.11528306440252
4.584745762711864,36.972932502316176,32.61532965356141,38.36020905177365
4.652542372881356,36.972932502316176,31.850586117630804,35.299897199334346
4.720338983050848,36.972932502316176,30.975442396358737,31.936083409513934
4.788135593220339,36.972932502316176,29.977770292726426,28.279073850244746
4.8559322033898304,36.972932502316176,28.84534404284934,24.362272315463905
4.923728813559322,36.972932502316176,27.56628227219877,20.2353017466296
4.991525423728813,36.972932502316176,26.129614990590674,15.975524870792146
5.059322033898305,36.972932502316176,24.525974202258865,11.694161248699022
5.127118644067797,36.972932502316176,22.748391197819117,7.534357029730478
5.194915254237288,36.972932502316176,20.79316321423788,3.678377537456196
5.262711864406779,36.972932502316176,18.66072849369172,0.35135665789519493
5.330508474576272,36.972932502316176,16.35646522343381,-0.12975341126836465
5.398305084745763,36.972932502316176,13.891311591111943,-0.12975341126855822
5.466101694915254,36.972932502316176,11.282097599269449,-0.12975341126872875
5.533898305084746,36.972932502316176,8.551490364575749,-0.12975341126886933
5.601694915254237,36.972932502316176,5.727486875248353,-0.129753411268974
5.669491525423728,36.972932502316176,2.8424403451417035,-0.1297534112690382
5.73728813559322,36.972932502316176,-0.06832884839522535,-0.12975341126905915
5.805084745762712,36.972932502316176,-2.9682216283771155,-0.1297534112690363
5.872881355932203,36.972932502316176,-5.821181647925091,-0.1297534112689712
5.9406779661016955,36.972932502316176,-8.5934599993104,-0.12975341126886744
6.008474576271187,36.972932502316176,-11.255143495904996,-0.1297534112687303
6.076271186440678,36.972932502316176,-13.78130741132647,-0.12975341126856613
6.1440677966101696,36.972932502316176,-16.15271440898548,-0.12975341126838183
6.211864406779661,36.972932502316176,-18.35604804491837,-0.046869698309623495
6.279661016949152,36.972932502316176,-20.383727767799726,2.9675719801553124
6.347457627118644,36.972932502316176,-22.233393174587228,6.4452125927020125
6.415254237288135,36.972932502316176,-23.907164780315632,10.175405778050054
6.483050847457627,36.972932502316176,-25.41078852688389,13.994661515260104
6.5508474576271185,36.972932502316176,-26.75275696240906,17.77354917911293
6.618644067796611,36.972932502316176,-27.94347791555782,21.419635181405813
6.686440677966102,36.972932502316176,-28.994537361256143,24.864910158047632
6.754237288135593,36.972932502316176,-29.9180811734254,28.066895297466917
6.822033898305085,36.972932502316176,-30.726322874839603,31.00493091030586
6.889830508474576,36.972932502316176,-31.431172045221864,33.669642634631806
6.9576271186440675,36.972932502316176,-32.04397039766855,36.063680239918796
7.025423728813559,36.972932502316176,-32.57531878418295,38.197613211843745
7.093220338983051,36.972932502316176,-33.03497747582438,40.08771123538672
7.161016949152542,36.972932502316176,-33.431822984306095,41.751549976488114
7.228813559322034,36.972932502316176,-33.773846640090376,43.20872298797161
7.296610169491526,36.972932502316176,-34.0681825261856,44.48354469361167
7.364406779661017,36.972932502316176,-34.321154796350356,45.589536944034776
7.432203389830509,36.972932502316176,-34.53833665097816,46.550917208569636
7.5,36.972932502316176,-34.724615189515745,47.38266136871161
3.5,39.358401990097654,36.89272067671038,56.466113416204344
3.5677966101694913,39.358401990097654,36.824357331337154,56.134202582578965
3.635593220338983,39.358401990097654,36.74436823310327,55.746629111550924
3.7033898305084745,39.358401990097654,36.65080910821793,55.294373791848024
3.7711864406779663,39.358401990097654,36.54142265225151,54.76718111294105
3.8389830508474576,39.358401990097654,36.413592617533226,54.15822668099474
3.906779661016949,39.358401990097654,36.2642928444608,53.44969680611616
3.9745762711864407,39.358401990097654,36.090031341657976,52.62638814825527
4.0423728813559325,39.358401990097654,35.886789849046465,51.67117173954957
4.110169491525424,39.358401990097654,35.64995978952675,50.573935805796445
4.177966101694915,39.358401990097654,35.374276169287924,49.30635992587845
4.245762711864407,39.358401990097654,35.05375186858508,47.85211123155999
4.313559322033898,39.358401990097654,34.68161591990474,46.186537551163134
4.38135593220339,39.358401990097654,34.25026083852572,44.292373778931655
4.4491525423728815,39.358401990097654,33.75120587339673,42.14366167333106
4.516949152542373,39.358401990097654,33.17508516927899,39.72230040308396
4.584745762711864,39.358401990097654,32.511672196174445,37.01213033345847
4.652542372881356,39.358401990097654,31.749954232078153,34.00616845761234
4.720338983050848,39.358401990097654,30.87827286134538,30.70188482963316
4.788135593220339,39.358401990097654,29.884547870012568,27.1142479017668
4.8559322033898304,39.358401990097654,28.756601863256307,23.271703909042955
4.923728813559322,39.358401990097654,27.482600473093846,19.2259159416933
4.991525423728813,39.358401990097654,26.051617110156897,15.057844139750978
5.059322033898305,39.358401990097654,24.45432084148895,10.873978837438358
5.127118644067797,39.358401990097654,22.683770528165496,6.819989312136171
5.194915254237288,39.358401990097654,20.7362780564766,3.077060149128191
5.262711864406779,39.358401990097654,18.61227993477157,-0.12766597462544732
5.330508474576272,39.358401990097654,16.317133072461907,-0.1297534112688071
5.398305084745763,39.358401990097654,13.861732382200707,-0.12975341126887727
5.466101694915254,39.358401990097654,11.262841281618485,-0.12975341126893908
5.533898305084746,39.358401990097654,8.543037208967604,-0.12975341126899007
5.601694915254237,39.358401990097654,5.730206387359338,-0.1297534112690281
5.669491525423728,39.358401990097654,2.8565740309096697,-0.12975341126905146
5.73728813559322,39.358401990097654,-0.042679221825707714,-0.12975341126905918
5.805084745762712,39.358401990097654,-2.9310990916025403,-0.12975341126905104
5.872881355932203,39.358401990097654,-5.772771882067815,-0.12975341126902762
5.9406779661016955,39.358401990097654,-8.534082207045927,-0.12975341126899023
6.008474576271187,39.358401990097654,-11.185235226113377,-0.12975341126894072
6.076271186440678,39.358401990097654,-13.701404823136265,-0.12975341126888143
6.1440677966101696,39.358401990097654,-16.06342977062721,-0.12975341126881487
6.211864406779661,39.358401990097654,-18.258046308765536,-0.12975341126874357
6.279661016949152,39.358401990097654,-20.27770387732938,2.3064173597169586
6.347457627118644,39.358401990097654,-22.1200514117914,5.658861262750562
6.415254237288135,39.358401990097654,-23.78720103774564,9.27421260624151
6.483050847457627,39.358401990097654,-25.284875964293494,12.987748959497948
6.5508474576271185,39.358401990097654,-26.621535140295315,16.670527772203922
6.618644067796611,39.358401990097654,-27.80754521769409,20.227881814527358
6.686440677966102,39.358401990097654,-28.854446333565903,23.59463705899243
6.754237288135593,39.358401990097654,-29.77433630884139,26.72747165107372
6.822033898305085,39.358401990097654,-30.579380345663193,29.602187432151794
6.889830508474576,39.358401990097654,-31.281440905619675,32.212219838835516
6.9576271186440675,39.358401990097654,-31.891814830335804,34.55619538435644
7.025423728813559,39.358401990097654,-32.421061031428664,36.64737984610413
7.093220338983051,39.358401990097654,-32.878901165180444,38.500814476676055
7.161016949152542,39.358401990097654,-33.27417662496398,40.1340677164755
7.228813559322034,39.358401990097654,-33.61484712496336,41.56420930604134
7.296610169491526,39.358401990097654,-33.90801852345593,42.81293226428215
7.364406779661017,39.358401990097654,-34.15998995381033,43.89943604774418
7.432203389830509,39.358401990097654,-34.376312567043584,44.842796017033514
7.5,39.358401990097654,-34.56185412766236,45.65666741606102
3.5,41.89778041320041,36.771661533250295,54.788627000374866
3.5677966101694913,41.89778041320041,36.703569729605135,54.46315275171741
3.635593220338983,41.89778041320041,36.623898351018255,54.083094772498995
3.7033898305084745,41.89778041320041,36.53071084642602,53.63960847067061
3.7711864406779663,41.89778041320041,36.42175887749528,53.12253064325317
3.8389830508474576,41.89778041320041,36.29443658838737,52.52022571066926
3.906779661016949,41.89778041320041,36.14572983951756,51.819733318190615
3.9745762711864407,41.89778041320041,35.97216050982806,51.01261999850245
4.0423728813559325,41.89778041320041,35.76972629991775,50.0761902202342
4.110169491525424,41.89778041320041,35.53383693812525,48.99166887772568
4.177966101694915,41.89778041320041,35.25924834338916,47.7478543097192
4.245762711864407,41.89778041320041,34.93999717702492,46.31562125137437
4.313559322033898,41.89778041320041,34.56933936605161,44.68088778549602
4.38135593220339,41.89778041320041,34.13969764295784,42.815993845206314
4.4491525423728815,41.89778041320041,33.642624942548125,40.70272132474186
4.516949152542373,41.89778041320041,33.06879261110598,38.323583526967454
4.584745762711864,41.89778041320041,32.408014738787486,35.663011928002256
4.652542372881356,41.89778041320041,31.64932234652551,32.708894453466634
4.720338983050848,41.89778041320041,30.78110332633203,29.466402655876834
4.788135593220339,41.89778041320041,29.791325447298703,25.945425326783344
4.8559322033898304,41.89778041320041,28.667859683663295,22.17821037787542
4.923728813559322,41.89778041320041,27.39891867398893,18.21756921301325
4.991525423728813,41.89778041320041,25.97361922972312,14.139484584641183
5.059322033898305,41.89778041320041,24.38266748071905,10.054670571627755
5.127118644067797,41.89778041320041,22.619149858511882,6.106236317949999
5.194915254237288,41.89778041320041,20.67939289871532,2.4778681422064452
5.262711864406779,41.89778041320041,18.56383137585142,-0.12975341126894338
5.330508474576272,41.89778041320041,16.277800921490005,-0.12975341126897014
5.398305084745763,41.89778041320041,13.832153173289477,-0.1297534112689949
5.466101694915254,41.89778041320041,11.243584963967528,-0.1297534112690167
5.533898305084746,41.89778041320041,8.53458405335946,-0.1297534112690347
5.601694915254237,41.89778041320041,5.732925899470324,-0.12975341126904813
5.669491525423728,41.89778041320041,2.870707716677636,-0.1297534112690564
5.73728813559322,41.89778041320041,-0.017029595256182972,-0.12975341126905918
5.805084745762712,41.89778041320041,-2.893976554827951,-0.12975341126905635
5.872881355932203,41.89778041320041,-5.724362116210532,-0.12975341126904816
5.9406779661016955,41.89778041320041,-8.474704414781446,-0.12975341126903506
6.008474576271187,41.89778041320041,-11.115326956321752,-0.12975341126901765
6.076271186440678,41.89778041320041,-13.621502234946053,-0.12975341126899684
6.1440677966101696,41.89778041320041,-15.97414513226893,-0.12975341126897344
6.211864406779661,41.89778041320041,-18.16004457261269,-0.12975341126894838
6.279661016949152,41.89778041320041,-20.171679986859026,1.6536948430705063
6.347457627118644,41.89778041320041,-22.00670964899557,4.879457933954314
6.415254237288135,41.89778041320041,-23.66723729517563,8.379039131749092
6.483050847457627,41.89778041320041,-25.15896340170309,11.98609396032656
6.5508474576271185,41.89778041320041,-26.490313318181556,15.572402490421029
6.618644067796611,41.89778041320041,-27.671612519830354,19.042351589150883
6.686440677966102,41.89778041320041,-28.714355305875653,22.329834833554017
6.754237288135593,41.89778041320041,-29.63059144425738,25.392642904392808
6.822033898305085,41.89778041320041,-30.43243781648678,28.205291907792265
6.889830508474576,41.89778041320041,-31.131709766017476,30.757405590621506
6.9576271186440675,41.89778041320041,-31.73965926300305,33.05567509884223
7.025423728813559,41.89778041320041,-32.26680327867438,35.10493421408056
7.093220338983051,41.89778041320041,-32.722824854536505,36.92011662702405
7.161016949152542,41.89778041320041,-33.11653026562185,38.518396894908044
7.228813559322034,41.89778041320041,-33.45584760983633,39.92301334788414
7.296610169491526,41.89778041320041,-33.74785452072626,41.14609781612842
7.364406779661017,41.89778041320041,-33.99882511127031,42.21342581287023
7.432203389830509,41.89778041320041,-34.21428848310901,43.13605752862609
7.5,41.89778041320041,-34.39909306580897,43.9371846195133
3.5,44.60099787573729,36.65060238979021,53.11269064493488
3.5677966101694913,44.60099787573729,36.58278212787309,52.790729516449694
3.635593220338983,44.60099787573729,36.50342846893322,52.41477329671447
3.7033898305084745,44.60099787573729,36.41061258463411,51.977680506010316
3.7711864406779663,44.60099787573729,36.30209510273902,51.47085702310645
3.8389830508474576,44.60099787573729,36.1752805592415,50.880495252712294
3.906779661016949,44.60099787573729,36.0271668345743,50.19359460416082
3.9745762711864407,44.60099787573729,35.85428967799814,49.39541397549664
4.0423728813559325,44.60099787573729,35.65266275078902,48.474390015179075
4.110169491525424,44.60099787573729,35.417714086723734,47.41168622326885
4.177966101694915,44.60099787573729,35.14422051749038,46.18348866258151
4.245762711864407,44.60099787573729,34.82624248546473,44.77980196365681
4.313559322033898,44.60099787573729,34.45706281219847,43.16901580869634
4.38135593220339,44.60099787573729,34.02913444738995,41.33792853253415
4.4491525423728815,44.60099787573729,33.53404401169951,39.2629816913323
4.516949152542373,44.60099787573729,32.96250005293295,36.92511663658485
4.584745762711864,44.60099787573729,32.30435728140051,34.30930909165515
4.652542372881356,44.60099787573729,31.54869046097285,31.412491609177888
4.720338983050848,44.60099787573729,30.683933791318665,28.22977982748178
4.788135593220339,44.60099787573729,29.69810302458484,24.777319573877506
4.8559322033898304,44.60099787573729,28.57911750407027,21.085970924968212
4.923728813559322,44.60099787573729,27.315236874884008,17.207226312416196
4.991525423728813,44.60099787573729,25.895621349289335,13.220532495153094
5.059322033898305,44.60099787573729,24.311014119949128,9.235073925023386
5.127118644067797,44.60099787573729,22.55452918885826,5.394352672812537
5.194915254237288,44.60099787573729,20.622507740954042,1.8813006582314398
5.262711864406779,44.60099787573729,18.515382816931265,-0.1297534112690173
5.330508474576272,44.60099787573729,16.238468770518097,-0.12975341126902695
5.398305084745763,44.60099787573729,13.80257396437824,-0.1297534112690359
5.466101694915254,44.60099787573729,11.224328646316565,-0.12975341126904377
5.533898305084746,44.60099787573729,8.526130897751315,-0.1297534112690503
5.601694915254237,44.60099787573729,5.735645411581309,-0.12975341126905515
5.669491525423728,44.60099787573729,2.884841402445602,-0.12975341126905815
5.73728813559322,44.60099787573729,0.008620031313327559,-0.12975341126905918
5.805084745762712,44.60099787573729,-2.856854018053369,-0.12975341126905818
5.872881355932203,44.60099787573729,-5.675952350353256,-0.12975341126905524
5.9406779661016955,44.60099787573729,-8.415326622516972,-0.12975341126905052
6.008474576271187,44.60099787573729,-11.04541868653013,-0.12975341126904427
6.076271186440678,44.60099787573729,-13.541599646755845,-0.12975341126903675
6.1440677966101696,44.60099787573729,-15.884860493910658,-0.12975341126902834
6.211864406779661,44.60099787573729,-18.062042836459852,-0.1297534112690193
6.279661016949152,44.60099787573729,-20.06565609638868,1.0097427811506523
6.347457627118644,44.60099787573729,-21.89336788619974,4.107502862811844
6.415254237288135,44.60099787573729,-23.54727355260563,7.490330378205924
6.483050847457627,44.60099787573729,-25.033050839112683,10.990194740696099
6.5508474576271185,44.60099787573729,-26.359091496067805,14.479327496995664
6.618644067796611,44.60099787573729,-27.535679821966617,17.86183974882427
6.686440677966102,44.60099787573729,-28.57426427818541,21.07048031988179
6.754237288135593,44.60099787573729,-29.48684657967337,24.061418490086556
6.822033898305085,44.60099787573729,-30.285495287310365,26.811632637288426
6.889830508474576,44.60099787573729,-30.981978626415277,29.310242388621827
6.9576271186440675,44.60099787573729,-31.587503695670293,31.5586480842504
7.025423728813559,44.60099787573729,-32.11254552592009,33.56494060879026
7.093220338983051,44.60099787573729,-32.566748543892565,35.34362601765246
7.161016949152542,44.60099787573729,-32.95888390627972,36.91049619909198
7.228813559322034,44.60099787573729,-33.296848094709304,38.28384912518656
7.296610169491526,44.60099787573729,-33.587690517996585,39.48588676961338
7.364406779661017,44.60099787573729,-33.837660268730275,40.52922715844099
7.432203389830509,44.60099787573729,-34.052264399174426,41.436315622655634
7.5,44.60099787573729,-34.236332003955575,42.221660590982836
3.5,47.478625165661164,36.52954324633011,51.432606756426864
3.5677966101694913,47.478625165661164,36.461994526141055,51.11707951126574
3.635593220338983,47.478625165661164,36.38295858684819,50.74863565910931
3.7033898305084745,47.478625165661164,36.2905143228422,50.31870035259276
3.7711864406779663,47.478625165661164,36.18243132798277,49.81742019887407
3.8389830508474576,47.478625165661164,36.05612453009563,49.23396626809812
3.906779661016949,47.478625165661164,35.90860382963106,48.56099963819166
3.9745762711864407,47.478625165661164,35.736418846168206,47.77900788868959
4.0423728813559325,47.478625165661164,35.535599201660304,46.87171789081686
4.110169491525424,47.478625165661164,35.30159123532222,45.825254292495394
4.177966101694915,47.478625165661164,35.029192691591604,44.622335251492125
4.245762711864407,47.478625165661164,34.71248779390456,43.237837897978245
4.313559322033898,47.478625165661164,34.34478625834534,41.658598389706505
4.38135593220339,47.478625165661164,33.91857125182206,39.858961182960016
4.4491525423728815,47.478625165661164,33.4254630808509,37.819516258933916
4.516949152542373,47.478625165661164,32.85620749475993,35.52395060852403
4.584745762711864,47.478625165661164,32.20069982401354,32.95782740919076
4.652542372881356,47.478625165661164,31.44805857542019,30.11166588883011
4.720338983050848,47.478625165661164,30.5867642563053,26.9898955410558
4.788135593220339,47.478625165661164,29.60488060187096,23.60694018467534
4.8559322033898304,47.478625165661164,28.49037532447724,19.99101710412846
4.923728813559322,47.478625165661164,27.231555075779077,16.19692195883919
4.991525423728813,47.478625165661164,25.817623468855544,12.302616386862534
5.059322033898305,47.478625165661164,24.239360759179213,8.416599605577337
5.127118644067797,47.478625165661164,22.48990851920464,4.684047621113833
5.194915254237288,47.478625165661164,20.565622583192756,1.2878758452973538
5.262711864406779,47.478625165661164,18.466934258011108,-0.12975341126904874
5.330508474576272,47.478625165661164,16.199136619546195,-0.12975341126905116
5.398305084745763,47.478625165661164,13.772994755467003,-0.12975341126905338
5.466101694915254,47.478625165661164,11.205072328665594,-0.12975341126905532
5.533898305084746,47.478625165661164,8.517677742143164,-0.12975341126905696
5.601694915254237,47.478625165661164,5.738364923692288,-0.12975341126905818
5.669491525423728,47.478625165661164,2.898975088213568,-0.12975341126905893
5.73728813559322,47.478625165661164,0.034269657882845195,-0.12975341126905918
5.805084745762712,47.478625165661164,-2.8197314812787937,-0.12975341126905893
5.872881355932203,47.478625165661164,-5.6275425844959805,-0.1297534112690582
5.9406779661016955,47.478625165661164,-8.355948830252498,-0.12975341126905704
6.008474576271187,47.478625165661164,-10.975510416738508,-0.12975341126905549
6.076271186440678,47.478625165661164,-13.461697058565637,-0.12975341126905365
6.1440677966101696,47.478625165661164,-15.795575855552382,-0.12975341126905154
6.211864406779661,47.478625165661164,-17.964041100307014,-0.12975341126904932
6.279661016949152,47.478625165661164,-19.95963220591833,0.375857039244236
6.347457627118644,47.478625165661164,-21.780026123403914,3.343509751577661
6.415254237288135,47.478625165661164,-23.42730981003563,6.608603471788552
6.483050847457627,47.478625165661164,-24.907138276522282,10.000570018940886
6.5508474576271185,47.478625165661164,-26.22786967395405,13.391813684470003
6.618644067796611,47.478625165661164,-27.39974712410288,16.686253195663028
6.686440677966102,47.478625165661164,-28.434173250495164,19.815549579765264
6.754237288135593,47.478625165661164,-29.343101715089357,22.73543990921724
6.822033898305085,47.478625165661164,-30.13855275813395,25.421925768475624
6.889830508474576,47.478625165661164,-30.83224748681308,27.86656709996273
6.9576271186440675,47.478625165661164,-31.43534812833754,30.064740345535743
7.025423728813559,47.478625165661164,-31.958287773165804,32.02786128254906
7.093220338983051,47.478625165661164,-32.41067223324863,33.76983441034566
7.161016949152542,47.478625165661164,-32.8012375469376,35.305841500997815
7.228813559322034,47.478625165661164,-33.13784857958228,36.651421825323126
7.296610169491526,47.478625165661164,-33.42752651526691,37.82793299594791
7.364406779661017,47.478625165661164,-33.67649542619024,38.85096651870456
7.432203389830509,47.478625165661164,-33.89024031523985,39.74061919089874
7.5,47.478625165661164,-34.07357094210218,40.508165449805226
3.5,50.541915091268336,36.325804450396575,49.36600947324571
3.5677966101694913,50.541915091268336,36.258660046753036,49.05824433572178
3.635593220338983,50.541915091268336,36.18009718138157,48.69886406566046
3.7033898305084745,50.541915091268336,36.088206247555206,48.279504600842515
3.7711864406779663,50.541915091268336,35.98077018935109,47.7905547197307
3.8389830508474576,50.541915091268336,35.855219407685325,47.221010531141914
3.906779661016949,50.541915091268336,35.70858170041198,46.55832881731778
3.9745762711864407,50.541915091268336,35.53742733955025,45.795267492537185
4.0423728813559325,50.541915091268336,35.337809711967466,44.91058028676228
4.110169491525424,50.541915091268336,35.10520241306331,43.88597264984021
4.177966101694915,50.541915091268336,34.83443432565953,42.710800371390555
4.245762711864407,50.541915091268336,34.519625082395265,41.35892311353891
4.313559322033898,50.541915091268336,34.15412444441368,39.8159473063795
4.38135593220339,50.541915091268336,33.73046057103697,38.05660509690869
4.4491525423728815,50.541915091268336,33.24030392589326,36.06453753664099
4.516949152542373,50.541915091268336,32.67445565013233,33.824118655056445
4.584745762711864,50.541915091268336,32.02287155626868,31.321567608715807
4.652542372881356,50.541915091268336,31.27473528288118,28.546383777453308
4.720338983050848,50.541915091268336,30.418596287846427,25.504550245906636
4.788135593220339,50.541915091268336,29.44258975152985,22.207645190434175
4.8559322033898304,50.541915091268336,28.334755406204827,18.690246720281756
4.923728813559322,50.541915091268336,27.083469894700023,15.00436772168224
4.991525423728813,50.541915091268336,25.678001452456726,11.22692448447737
5.059322033898305,50.541915091268336,24.10918552023078,7.467674716476921
5.127118644067797,50.541915091268336,22.370204721968534,3.8709724870653917
5.194915254237288,50.541915091268336,20.45743670428353,0.6207405066979241
5.262711864406779,50.541915091268336,18.371310192432553,-0.12975341126905918
5.330508474576272,50.541915091268336,16.117086580307955,-0.12975341126905918
5.398305084745763,50.541915091268336,13.705466520559881,-0.12975341126905918
5.466101694915254,50.541915091268336,11.152914533373576,-0.12975341126905918
5.533898305084746,50.541915091268336,8.481605493588454,-0.12975341126905918
5.601694915254237,50.541915091268336,5.718928403460836,-0.12975341126905918
5.669491525423728,50.541915091268336,2.89653389056447,-0.12975341126905918
5.73728813559322,50.541915091268336,0.04897531068856864,-0.12975341126905918
5.805084745762712,50.541915091268336,-2.7879430491363237,-0.12975341126905918
5.872881355932203,50.541915091268336,-5.578947845993877,-0.12975341126905918
5.9406779661016955,50.541915091268336,-8.291023067491963,-0.12975341126905918
6.008474576271187,50.541915091268336,-10.894905125358697,-0.12975341126905918
6.076271186440678,50.541915091268336,-13.366210561565577,-0.12975341126905918
6.1440677966101696,50.541915091268336,-15.686119799836824,-0.12975341126905918
6.211864406779661,50.541915091268336,-17.841605577706442,-0.12975341126905918
6.279661016949152,50.541915091268336,-19.82525196401273,-0.12975341126905918
6.347457627118644,50.541915091268336,-21.63474981450954,2.532628953848385
6.415254237288135,50.541915091268336,-23.272173594872264,5.6611254140135685
6.483050847457627,50.541915091268336,-24.74314446743495,8.927984091759027
6.5508474576271185,50.541915091268336,-26.055970555118996,12.2040690842319
6.618644067796611,50.541915091268336,-27.220833668932812,15.393844679729446
6.686440677966102,50.541915091268336,-28.249068181378327,18.42855121115271
6.754237288135593,50.541915091268336,-29.152556205118984,21.264683016843435
6.822033898305085,50.541915091268336,-29.943246032600257,23.875967579792203
6.889830508474576,50.541915091268336,-30.63278861368054,26.252335576388848
6.9576271186440675,50.541915091268336,-31.2322793634514,28.39156232005152
7.025423728813559,50.541915091268336,-31.752088924539876,30.30399433918457
7.093220338983051,50.541915091268336,-32.20176561278585,31.99905233035167
7.161016949152542,50.541915091268336,-32.58999317650731,33.49605574917248
7.228813559322034,50.541915091268336,-32.924589405473725,34.8089350122911
7.296610169491526,50.541915091268336,-33.212533458089375,35.95361322771724
7.364406779661017,50.541915091268336,-33.460012152029734,36.95347473617875
7.432203389830509,50.541915091268336,-33.672477659398695,37.819351097251065
7.5,50.541915091268336,-33.85471095080401,38.567508154918116
3.5,53.802846484706215,35.72520755734675,45.530790811450274
3.5677966101694913,53.802846484706215,35.65910478257193,45.236886232223036
3.635593220338983,53.802846484706215,35.58176068368196,44.89369178441966
3.7033898305084745,53.802846484706215,35.491295278183415,44.493220476660426
3.7711864406779663,53.802846484706215,35.385525903927544,44.026294486236104
3.8389830508474576,53.802846484706215,35.261922824699795,43.48572993033428
3.906779661016949,53.802846484706215,35.11755994691114,42.85930734908248
3.9745762711864407,53.802846484706215,34.94906074885684,42.13140216341692
4.0423728813559325,53.802846484706215,34.75253984225621,41.28686782371385
4.110169491525424,53.802846484706215,34.52354104181906,40.3162767405857
4.177966101694915,53.802846484706215,34.256973451273794,39.19732553807692
4.245762711864407,53.802846484706215,33.94704792695157,37.91313862621825
4.313559322033898,53.802846484706215,33.58721739690752,36.4451460749602
4.38135593220339,53.802846484706215,33.170125933101815,34.77672379957498
4.4491525423728815,53.802846484706215,32.68757321746044,32.88670475606104
4.516949152542373,53.802846484706215,32.1305030954602,30.760502446619995
4.584745762711864,53.802846484706215,31.489027197749067,28.38531000388225
4.652542372881356,53.802846484706215,30.75249695997759,25.75790448956391
4.720338983050848,53.802846484706215,29.90963947530679,22.878667443905318
4.788135593220339,53.802846484706215,28.94877398618295,19.764245254655908
4.8559322033898304,53.802846484706215,27.8581257676718,16.446111571467657
4.923728813559322,53.802846484706215,26.626251778811906,12.97677271973181
4.991525423728813,53.802846484706215,25.242586739742762,9.433644921674615
5.059322033898305,53.802846484706215,23.69810826344841,5.924082247181552
5.127118644067797,53.802846484706215,21.986104733630626,2.5911868480387645
5.194915254237288,53.802846484706215,20.10300999142781,-0.12975341126905918
5.262711864406779,53.802846484706215,18.049246111168593,-0.12975341126905918
5.330508474576272,53.802846484706215,15.829992865352175,-0.12975341126905918
5.398305084745763,53.802846484706215,13.455784904577754,-0.12975341126905918
5.466101694915254,53.802846484706215,10.942831330580134,-0.12975341126905918
5.533898305084746,53.802846484706215,8.312963013508224,-0.12975341126905918
5.601694915254237,53.802846484706215,5.593144062792042,-0.12975341126905918
5.669491525423728,53.802846484706215,2.8145341014598273,-0.12975341126905918
5.73728813559322,53.802846484706215,0.011150449965775522,-0.12975341126905918
5.805084745762712,53.802846484706215,-2.7817580460213556,-0.12975341126905918
5.872881355932203,53.802846484706215,-5.529465248270707,-0.12975341126905918
5.9406779661016955,53.802846484706215,-8.199467330510991,-0.12975341126905918
6.008474576271187,53.802846484706215,-10.76295467824465,-0.12975341126905918
6.076271186440678,53.802846484706215,-13.195922100468039,-0.12975341126905918
6.1440677966101696,53.802846484706215,-15.47984197396299,-0.12975341126905918
6.211864406779661,53.802846484706215,-17.60188913162708,-0.12975341126905918
6.279661016949152,53.802846484706215,-19.55476268759749,-0.12975341126905918
6.347457627118644,53.802846484706215,-21.33618931999269,1.4814249995721551
6.415254237288135,53.802846484706215,-22.94821131275412,4.3913201646907885
6.483050847457627,53.802846484706215,-24.396362625639803,7.451874069517545
6.5508474576271185,53.802846484706215,-25.688822495465818,10.535048132237764
6.618644067796611,53.802846484706215,-26.835614780117055,13.54516681535562
6.686440677966102,53.802846484706215,-27.84789801898104,16.416031201892903
6.754237288135593,53.802846484706215,-28.737369994369033,19.102807704578517
6.822033898305085,53.802846484706215,-29.515793641709855,21.580313818766964
6.889830508474576,53.802846484706215,-30.19463916659936,23.836955820215756
6.9576271186440675,53.802846484706215,-30.78482985802415,25.870902856480335
7.025423728813559,53.802846484706215,-31.296575476092958,27.68867764384721
7.093220338983051,53.802846484706215,-31.73927621110003,29.302684632152722
7.161016949152542,53.802846484706215,-32.121481098082036,30.726545747166604
7.228813559322034,53.802846484706215,-32.450886647370815,31.974249364757423
7.296610169491526,53.802846484706215,-32.73436374784291,33.06787292954017
7.364406779661017,53.802846484706215,-32.97800323943706,34.016831693175604
7.432203389830509,53.802846484706215,-33.187172713271195,34.84436117684164
7.5,53.802846484706215,-33.36657897149325,35.55830794296333
3.5,57.27417104455873,35.12461066429691,41.79291970431206
3.5677966101694913,57.27417104455873,35.05954951839081,41.51253484486143
3.635593220338983,57.27417104455873,34.983424185982344,41.18534139944012
3.7033898305084745,57.27417104455873,34.89438430881161,40.80729460929955
3.7711864406779663,57.27417104455873,34.790281618504,40.36651560252408
3.8389830508474576,57.27417104455873,34.66862624171425,39.85308590522993
3.906779661016949,57.27417104455873,34.526538193410275,39.255699931813965
3.9745762711864407,57.27417104455873,34.360694158163426,38.56153875691829
4.0423728813559325,57.27417104455873,34.16726997254496,37.764588793434044
4.110169491525424,57.27417104455873,33.94187967057481,36.84163380444908
4.177966101694915,57.27417104455873,33.67951257688803,35.77840255720405
4.245762711864407,57.27417104455873,33.37447077150786,34.56156648363502
4.313559322033898,57.27417104455873,33.02031034940134,33.1695970451525
4.38135593220339,57.27417104455873,32.60979129516666,31.58482548349819
4.4491525423728815,57.27417104455873,32.13484250902761,29.793864861725197
4.516949152542373,57.27417104455873,31.586550540788053,27.780565341374942
4.584745762711864,57.27417104455873,30.955182839229437,25.535699202980254
4.652542372881356,57.27417104455873,30.230258637074,23.049553637514336
4.720338983050848,57.27417104455873,29.40068266276713,20.331495895838366
4.788135593220339,57.27417104455873,28.454958220836033,17.39663404578908
4.8559322033898304,57.27417104455873,27.38149612913876,14.274726198066494
4.923728813559322,57.27417104455873,26.169033662923773,11.01913416901039
4.991525423728813,57.27417104455873,24.807172027028777,7.7067910659711165
5.059322033898305,57.27417104455873,23.287031006666034,4.44399266885337
5.127118644067797,57.27417104455873,21.60200474529271,1.3717888443562234
5.194915254237288,57.27417104455873,19.748583278572077,-0.12975341126905918
5.262711864406779,57.27417104455873,17.727182029904625,-0.12975341126905918
5.330508474576272,57.27417104455873,15.542899150396394,-0.12975341126905918
5.398305084745763,57.27417104455873,13.206103288595628,-0.12975341126905918
5.466101694915254,57.27417104455873,10.732748127786678,-0.12975341126905918
5.533898305084746,57.27417104455873,8.144320533427994,-0.12975341126905918
5.601694915254237,57.27417104455873,5.4673597221232555,-0.12975341126905918
5.669491525423728,57.27417104455873,2.7325343123551846,-0.12975341126905918
5.73728813559322,57.27417104455873,-0.026674410757017597,-0.12975341126905918
5.805084745762712,57.27417104455873,-2.7755730429063803,-0.12975341126905918
5.872881355932203,57.27417104455873,-5.47998265054753,-0.12975341126905918
5.9406779661016955,57.27417104455873,-8.10791159353002,-0.12975341126905918
6.008474576271187,57.27417104455873,-10.631004231130603,-0.12975341126905918
6.076271186440678,57.27417104455873,-13.025633639370493,-0.12975341126905918
6.1440677966101696,57.27417104455873,-15.273564148089154,-0.12975341126905918
6.211864406779661,57.27417104455873,-17.362172685547705,-0.12975341126905918
6.279661016949152,57.27417104455873,-19.28427341118224,-0.12975341126905918
6.347457627118644,57.27417104455873,-21.037628825475835,0.4733958830649593
6.415254237288135,57.27417104455873,-22.624249030635966,3.166545462331421
6.483050847457627,57.27417104455873,-24.049580783844647,6.02262447815707
6.5508474576271185,57.27417104455873,-25.321674435812632,8.915190930544638
6.618644067796611,57.27417104455873,-26.450395891301284,11.748973108075116
6.686440677966102,57.27417104455873,-27.44672785658375,14.457800313423727
6.754237288135593,57.27417104455873,-28.322183783619064,16.997981175209254
6.822033898305085,57.27417104455873,-29.08834125081944,19.343602169205916
6.889830508474576,57.27417104455873,-29.75648971951817,21.481208989587824
6.9576271186440675,57.27417104455873,-30.337380352596888,23.41164060221411
7.025423728813559,57.27417104455873,-30.84106202764603,25.13789337292326
7.093220338983051,57.27417104455873,-31.276786809414197,26.67033729090304
7.161016949152542,57.27417104455873,-31.65296901965675,28.021723511256265
7.228813559322034,57.27417104455873,-31.9771838892679,29.210528263990167
7.296610169491526,57.27417104455873,-32.256194037596444,30.248964136656316
7.364406779661017,57.27417104455873,-32.49599432684437,31.153320563286748
7.432203389830509,57.27417104455873,-32.70186776714368,31.937656513153254
7.5,57.27417104455873,-32.87844699218246,32.6193038815242
3.5,60.96946320068437,34.52401377124707,38.1585142490273
3.5677966101694913,60.96946320068437,34.45999425420972,37.89420213395428
3.635593220338983,60.96946320068437,34.38508768828275,37.585564371717915
3.7033898305084745,60.96946320068437,34.29747333943982,37.225418889513726
3.7711864406779663,60.96946320068437,34.195037333080464,36.80551298900079
3.8389830508474576,60.96946320068437,34.075329658728705,36.316398549812654
3.906779661016949,60.96946320068437,33.93551643990942,35.75167275884563
3.9745762711864407,60.96946320068437,33.772327567470015,35.097573376660264
4.0423728813559325,60.96946320068437,33.5820001028337,34.33867927030682
4.110169491525424,60.96946320068437,33.36021829933057,33.46345564649941
4.177966101694915,60.96946320068437,33.10205170250228,32.45875420887625
4.245762711864407,60.96946320068437,32.80189361606416,31.303849924281746
4.313559322033898,60.96946320068437,32.45340330189519,29.98678990137451
4.38135593220339,60.96946320068437,32.04945665723152,28.489780490621733
4.4491525423728815,60.96946320068437,31.582111800594774,26.79614094529289
4.516949152542373,60.96946320068437,31.042597986115922,24.893289647255706
4.584745762711864,60.96946320068437,30.421338480709828,22.77028912036778
4.652542372881356,60.96946320068437,29.708020314170405,20.428592483878013
4.720338983050848,60.96946320068437,28.891725850227488,17.86798526989601
4.788135593220339,60.96946320068437,27.96114245548913,15.10671476932596
4.8559322033898304,60.96946320068437,26.904866490605734,12.178191225678958
4.923728813559322,60.96946320068437,25.711815547035656,9.133182986397076
4.991525423728813,60.96946320068437,24.371757314314813,6.047717390754003
5.059322033898305,60.96946320068437,22.875953749883664,3.0289154597405443
5.127118644067797,60.96946320068437,21.217904756954802,0.21585603988568958
5.194915254237288,60.96946320068437,19.39415656571635,-0.12975341126905918
5.262711864406779,60.96946320068437,17.405117948640665,-0.12975341126905918
5.330508474576272,60.96946320068437,15.255805435440614,-0.12975341126905918
5.398305084745763,60.96946320068437,12.956421672613502,-0.12975341126905918
5.466101694915254,60.96946320068437,10.522664924993236,-0.12975341126905918
5.533898305084746,60.96946320068437,7.975678053347771,-0.12975341126905918
5.601694915254237,60.96946320068437,5.3415753814544615,-0.12975341126905918
5.669491525423728,60.96946320068437,2.650534523250549,-0.12975341126905918
5.73728813559322,60.96946320068437,-0.06449927147981782,-0.12975341126905918
5.805084745762712,60.96946320068437,-2.7693880397914086,-0.12975341126905918
5.872881355932203,60.96946320068437,-5.430500052824357,-0.12975341126905918
5.9406779661016955,60.96946320068437,-8.016355856549048,-0.12975341126905918
6.008474576271187,60.96946320068437,-10.499053784016557,-0.12975341126905918
6.076271186440678,60.96946320068437,-12.855345178272952,-0.12975341126905918
6.1440677966101696,60.96946320068437,-15.06728632221532,-0.12975341126905918
6.211864406779661,60.96946320068437,-17.12245623946834,-0.12975341126905918
6.279661016949152,60.96946320068437,-19.013784134767,-0.12975341126905918
6.347457627118644,60.96946320068437,-20.739068330958986,-0.12975341126905918
6.415254237288135,60.96946320068437,-22.300286748517824,1.9876635216693486
6.483050847457627,60.96946320068437,-23.702798942049505,4.6418290171415135
6.5508474576271185,60.96946320068437,-24.95452637615945,7.346044040926315
6.618644067796611,60.96946320068437,-26.065177002485527,10.005591167559194
6.686440677966102,60.96946320068437,-27.045557694186463,12.554786190057747
6.754237288135593,60.96946320068437,-27.906997572869113,14.951666195018893
6.822033898305085,60.96946320068437,-28.660888859929038,17.167215971971142
6.889830508474576,60.96946320068437,-29.318340272436995,19.19016925372332
6.9576271186440675,60.96946320068437,-29.889930847169637,21.016215563964973
7.025423728813559,60.96946320068437,-30.38554857919911,22.650517902269517
7.093220338983051,60.96946320068437,-30.814297407728375,24.103803551984083
7.161016949152542,60.96946320068437,-31.184456941231474,25.38792560431844
7.228813559322034,60.96946320068437,-31.503481131164992,26.51510289368483
7.296610169491526,60.96946320068437,-31.778024327349982,27.499409616406794
7.364406779661017,60.96946320068437,-32.013985414251685,28.3596099239677
7.432203389830509,60.96946320068437,-32.21656282101618,29.104957348617972
7.5,60.96946320068437,-32.390315012871696,29.74986225210519
3.5,64.90317319630182,33.92341687819722,34.62894189976711
3.5677966101694913,64.90317319630182,33.86043899002859,34.37742012241659
3.635593220338983,64.90317319630182,33.786751190583125,34.08371834180435
3.7033898305084745,64.90317319630182,33.700562370068006,33.74185273066936
3.7711864406779663,64.90317319630182,33.59979304765691,33.34676019187437
3.8389830508474576,64.90317319630182,33.48203307574315,32.88655056184365
3.906779661016949,64.90317319630182,33.34449468640856,32.35109188247375
3.9745762711864407,64.90317319630182,33.183960976776596,31.72889645390715
4.0423728813559325,64.90317319630182,32.99673023312244,31.013325994875842
4.110169491525424,64.90317319630182,32.778556928086296,30.18672018495428
4.177966101694915,64.90317319630182,32.52459082811651,29.234179778638893
4.245762711864407,64.90317319630182,32.229316460620446,28.145259974516023
4.313559322033898,64.90317319630182,31.88649625438901,26.900689315993663
4.38135593220339,64.90317319630182,31.489122019296353,25.485377681040596
4.4491525423728815,64.90317319630182,31.029381092161934,23.887023152170837
4.516949152542373,64.90317319630182,30.49864543144377,22.094010044345463
4.584745762711864,64.90317319630182,29.887494122190198,20.09629561878101
4.652542372881356,64.90317319630182,29.1857819912668,17.891530501002453
4.720338983050848,64.90317319630182,28.38276903768783,15.486264397806078
4.788135593220339,64.90317319630182,27.467326690142215,12.896765291728668
4.8559322033898304,64.90317319630182,26.428236852072686,10.158451842679566
4.923728813559322,64.90317319630182,25.254597431147523,7.320501534352543
4.991525423728813,64.90317319630182,23.93634260160082,4.460079693522569
5.059322033898305,64.90317319630182,22.46487649310128,1.6815313089477393
5.127118644067797,64.90317319630182,20.83380476861688,-0.12975341126905918
5.194915254237288,64.90317319630182,19.039729852860617,-0.12975341126905918
5.262711864406779,64.90317319630182,17.08305386737669,-0.12975341126905918
5.330508474576272,64.90317319630182,14.968711720484826,-0.12975341126905918
5.398305084745763,64.90317319630182,12.706740056631368,-0.12975341126905918
5.466101694915254,64.90317319630182,10.31258172219978,-0.12975341126905918
5.533898305084746,64.90317319630182,7.807035573267534,-0.12975341126905918
5.601694915254237,64.90317319630182,5.2157910407856605,-0.12975341126905918
5.669491525423728,64.90317319630182,2.5685347341458993,-0.12975341126905918
5.73728813559322,64.90317319630182,-0.10232413220261805,-0.12975341126905918
5.805084745762712,64.90317319630182,-2.7632030366764404,-0.12975341126905918
5.872881355932203,64.90317319630182,-5.3810174551011904,-0.12975341126905918
5.9406779661016955,64.90317319630182,-7.924800119568083,-0.12975341126905918
6.008474576271187,64.90317319630182,-10.367103336902517,-0.12975341126905918
6.076271186440678,64.90317319630182,-12.685056717175414,-0.12975341126905918
6.1440677966101696,64.90317319630182,-14.86100849634149,-0.12975341126905918
6.211864406779661,64.90317319630182,-16.882739793388975,-0.12975341126905918
6.279661016949152,64.90317319630182,-18.74329485835176,-0.12975341126905918
6.347457627118644,64.90317319630182,-20.440507836442137,-0.12975341126905918
6.415254237288135,64.90317319630182,-21.976324466399678,0.8574118149026805
6.483050847457627,64.90317319630182,-23.356017100254356,3.311540894484455
6.5508474576271185,64.90317319630182,-24.58737831650627,5.829357387503581
6.618644067796611,64.90317319630182,-25.679958113669763,8.317063817436546
6.686440677966102,64.90317319630182,-26.644387531789175,10.710619991538788
6.754237288135593,64.90317319630182,-27.491811362119154,12.9635159035188
6.822033898305085,64.90317319630182,-28.23343646903863,15.052002533770212
6.889830508474576,64.90317319630182,-28.88019082535581,16.960572918608836
6.9576271186440675,64.90317319630182,-29.442481341742383,18.68680818072249
7.025423728813559,64.90317319630182,-29.930035130752188,20.233172459853527
7.093220338983051,64.90317319630182,-30.35180800604255,21.607851847012874
7.161016949152542,64.90317319630182,-30.715944862806193,22.82189200929788
7.228813559322034,64.90317319630182,-31.02977837306208,23.888380069461856
7.296610169491526,64.90317319630182,-31.299854617103513,24.823814717197305
7.364406779661017,64.90317319630182,-31.531976501659006,25.635724478263175
7.432203389830509,64.90317319630182,-31.73125787488868,26.34460471291644
7.5,64.90317319630182,-31.902183033560917,26.957032427879184
3.5,69.09068359489612,33.32281998514738,31.202516084292434
3.5677966101694913,69.09068359489612,33.260883725847485,30.966217659463094
3.635593220338983,69.09068359489612,33.18841469288352,30.690292837241184
3.7033898305084745,69.09068359489612,33.103651400696215,30.368321451832557
3.7711864406779663,69.09068359489612,33.00454876223338,29.992926476012265
3.8389830508474576,69.09068359489612,32.88873649275761,29.555662561521054
3.906779661016949,69.09068359489612,32.753472932907705,29.05110700510615
3.9745762711864407,69.09068359489612,32.595594386083185,28.466830281926914
4.0423728813559325,69.09068359489612,32.4114603634112,27.788953744952895
4.110169491525424,69.09068359489612,32.19689555684206,27.00863586199321
4.177966101694915,69.09068359489612,31.947129953730773,26.111947357377815
4.245762711864407,69.09068359489612,31.65673930517675,25.083744269180134
4.313559322033898,69.09068359489612,31.319589206882853,23.909283051689297
4.38135593220339,69.09068359489612,30.928787381361197,22.57844906180756
4.4491525423728815,69.09068359489612,30.47665038372911,21.07428544876343
4.516949152542373,69.09068359489612,29.95469287677163,19.38605957044244
4.584745762711864,69.09068359489612,29.35364976367058,17.51033372285338
4.652542372881356,69.09068359489612,28.66354366836321,15.441119545430656
4.720338983050848,69.09068359489612,27.873812225148185,13.188792227472975
4.788135593220339,69.09068359489612,26.973510924795313,10.768887108930208
4.8559322033898304,69.09068359489612,25.95160721353966,8.217285042903043
4.923728813559322,69.09068359489612,24.797379315259406,5.583267353391703
4.991525423728813,69.09068359489612,23.500927888886856,2.944393033456038
5.059322033898305,69.09068359489612,22.05379923631891,0.4046627916922677
5.127118644067797,69.09068359489612,20.44970478027897,-0.12975341126905918
5.194915254237288,69.09068359489612,18.68530314000489,-0.12975341126905918
5.262711864406779,69.09068359489612,16.76098978611273,-0.12975341126905918
5.330508474576272,69.09068359489612,14.681618005529046,-0.12975341126905918
5.398305084745763,69.09068359489612,12.457058440649242,-0.12975341126905918
5.466101694915254,69.09068359489612,10.102498519406332,-0.12975341126905918
5.533898305084746,69.09068359489612,7.638393093187304,-0.12975341126905918
5.601694915254237,69.09068359489612,5.090006700116874,-0.12975341126905918
5.669491525423728,69.09068359489612,2.4865349450412566,-0.12975341126905918
5.73728813559322,69.09068359489612,-0.14014899292541827,-0.12975341126905918
5.805084745762712,69.09068359489612,-2.7570180335614687,-0.12975341126905918
5.872881355932203,69.09068359489612,-5.331534857378017,-0.12975341126905918
5.9406779661016955,69.09068359489612,-7.833244382587111,-0.12975341126905918
6.008474576271187,69.09068359489612,-10.23515288978847,-0.12975341126905918
6.076271186440678,69.09068359489612,-12.514768256077875,-0.12975341126905918
6.1440677966101696,69.09068359489612,-14.654730670467657,-0.12975341126905918
6.211864406779661,69.09068359489612,-16.643023347309608,-0.12975341126905918
6.279661016949152,69.09068359489612,-18.47280558193652,-0.12975341126905918
6.347457627118644,69.09068359489612,-20.141947341925288,-0.12975341126905918
6.415254237288135,69.09068359489612,-21.652362184281536,-0.12975341126905918
6.483050847457627,69.09068359489612,-23.00923525845921,2.0327336976797157
6.5508474576271185,69.09068359489612,-24.220230256853092,4.366776786934474
6.618644067796611,69.09068359489612,-25.294739224854005,6.685326819276306
6.686440677966102,69.09068359489612,-26.24321736939189,8.924598637597411
6.754237288135593,69.09068359489612,-27.0766251513692,11.038379995536472
6.822033898305085,69.09068359489612,-27.805984078148224,13.00111461616404
6.889830508474576,69.09068359489612,-28.442041378274634,14.797278164280833
6.9576271186440675,69.09068359489612,-28.995031836315132,16.423599253006344
7.025423728813559,69.09068359489612,-29.474521682305273,17.881020282322908
7.093220338983051,69.09068359489612,-29.88931860435673,19.178719248757776
7.161016949152542,69.09068359489612,-30.24743278438092,20.326908748501484
7.228813559322034,69.09068359489612,-30.556075614959173,21.336161617505322
7.296610169491526,69.09068359489612,-30.82168490685705,22.216912850572605
7.364406779661017,69.09068359489612,-31.049967589066327,22.98901843950217
7.432203389830509,69.09068359489612,-31.245952928761184,23.65643227840953
7.5,69.09068359489612,-31.414051054250148,24.237072504783495
3.5,73.54836943291461,32.72222309209755,27.885013419287972
3.5677966101694913,73.54836943291461,32.66132846166637,27.66076106431555
3.635593220338983,73.54836943291461,32.59007819518391,27.398903045618106
3.7033898305084745,73.54836943291461,32.50674043132442,27.096055735095533
3.7711864406779663,73.54836943291461,32.40930447680982,26.744098594373785
3.8389830508474576,73.54836943291461,32.29543990977207,26.33413696567773
3.906779661016949,73.54836943291461,32.16245117940686,25.857146808873978
3.9745762711864407,73.54836943291461,32.00722779538978,25.304189755793235
4.0423728813559325,73.54836943291461,31.826190493699936,24.668929719499847
4.110169491525424,73.54836943291461,31.61523418559781,23.93322962963304
4.177966101694915,73.54836943291461,31.369669079345012,23.08970456808581
4.245762711864407,73.54836943291461,31.08416214973305,22.121391109160236
4.313559322033898,73.54836943291461,30.75268215937668,21.020148488260798
4.38135593220339,73.54836943291461,30.368452743426044,19.768704246981425
4.4491525423728815,73.54836943291461,29.923919675296272,18.35655747740515
4.516949152542373,73.54836943291461,29.41074032209949,16.773861626550637
4.584745762711864,73.54836943291461,28.819805405150962,15.015248596814695
4.652542372881356,73.54836943291461,28.14130534545961,13.079902817848053
4.720338983050848,73.54836943291461,27.36485541260853,10.977828737319577
4.788135593220339,73.54836943291461,26.4796951594484,8.724991881707926
4.8559322033898304,73.54836943291461,25.474977575006623,6.356286006168231
4.923728813559322,73.54836943291461,24.340161199371277,3.92451073828321
4.991525423728813,73.54836943291461,23.065513176172875,1.5044372870078158
5.059322033898305,73.54836943291461,21.642721979536528,-0.12975341126905918
5.127118644067797,73.54836943291461,20.065604791941052,-0.12975341126905918
5.194915254237288,73.54836943291461,18.33087642714916,-0.12975341126905918
5.262711864406779,73.54836943291461,16.438925704848767,-0.12975341126905918
5.330508474576272,73.54836943291461,14.394524290573262,-0.12975341126905918
5.398305084745763,73.54836943291461,12.207376824667111,-0.12975341126905918
5.466101694915254,73.54836943291461,9.89241531661288,-0.12975341126905918
5.533898305084746,73.54836943291461,7.46975061310707,-0.12975341126905918
5.601694915254237,73.54836943291461,4.964222359448076,-0.12975341126905918
5.669491525423728,73.54836943291461,2.4045351559366104,-0.12975341126905918
5.73728813559322,73.54836943291461,-0.17797385364821494,-0.12975341126905918
5.805084745762712,73.54836943291461,-2.7508330304465005,-0.12975341126905918
5.872881355932203,73.54836943291461,-5.282052259654847,-0.12975341126905918
5.9406779661016955,73.54836943291461,-7.741688645606143,-0.12975341126905918
6.008474576271187,73.54836943291461,-10.103202442674426,-0.12975341126905918
6.076271186440678,73.54836943291461,-12.344479794980334,-0.12975341126905918
6.1440677966101696,73.54836943291461,-14.448452844593827,-0.12975341126905918
6.211864406779661,73.54836943291461,-16.403306901230245,-0.12975341126905918
6.279661016949152,73.54836943291461,-18.20231630552128,-0.12975341126905918
6.347457627118644,73.54836943291461,-19.843386847408443,-0.12975341126905918
6.415254237288135,73.54836943291461,-21.32839990216339,-0.12975341126905918
6.483050847457627,73.54836943291461,-22.662453416664064,0.8090126720118649
6.5508474576271185,73.54836943291461,-23.853082197199917,2.9600682713708686
6.618644067796611,73.54836943291461,-24.909520336038245,5.112196559821301
6.686440677966102,73.54836943291461,-25.842047206994604,7.198856104601263
6.754237288135593,73.54836943291461,-26.66143894061924,9.175185114638952
6.822033898305085,73.54836943291461,-27.37853168725782,11.013766044657169
6.889830508474576,73.54836943291461,-28.003891931193454,12.700239937190828
6.9576271186440675,73.54836943291461,-28.54758233088788,14.227456425041078
7.025423728813559,73.54836943291461,-29.019008233858354,15.60064807340873
7.093220338983051,73.54836943291461,-29.42682920267091,16.822808133735784
7.161016949152542,73.54836943291461,-29.778920705955642,17.903405951948933
7.228813559322034,73.54836943291461,-30.082372856856264,18.85427312692645
7.296610169491526,73.54836943291461,-30.34351519661059,19.688473234616882
7.364406779661017,73.54836943291461,-30.567958676473648,20.412943116133587
7.432203389830509,73.54836943291461,-30.76064798263368,21.046435006349153
7.5,73.54836943291461,-30.925919074939376,21.593351042227827
3.5,78.29366225347488,32.1216261990477,24.675302985328585
3.5677966101694913,78.29366225347488,32.06177319748525,24.46539915397878
3.635593220338983,78.29366225347488,31.99174169748428,24.220296445281505
3.7033898305084745,78.29366225347488,31.909829461952604,23.934292495432476
3.7711864406779663,78.29366225347488,31.814060191386275,23.600835239210205
3.8389830508474576,78.29366225347488,31.702143326786512,23.215703728268753
3.906779661016949,78.29366225347488,31.571429425905983,22.76944548394666
3.9745762711864407,78.29366225347488,31.418861204696356,22.25090840799193
4.0423728813559325,78.29366225347488,31.24092062398868,21.650984277049904
4.110169491525424,78.29366225347488,31.033572814353548,20.96301424771961
4.177966101694915,78.29366225347488,30.792208204959245,20.168469654446216
4.245762711864407,78.29366225347488,30.511584994289336,19.26341256341565
4.313559322033898,78.29366225347488,30.185775111870505,18.229588073520834
4.38135593220339,78.29366225347488,29.808118105490877,17.05675252588053
4.4491525423728815,78.29366225347488,29.37118896686343,15.735268819747075
4.516949152542373,78.29366225347488,28.86678776742734,14.256137109278544
4.584745762711864,78.29366225347488,28.285961046631336,12.61365326978745
4.652542372881356,78.29366225347488,27.61906702255601,10.810201477843247
4.720338983050848,78.29366225347488,26.855898600068876,8.85542105882618
4.788135593220339,78.29366225347488,25.985879394101488,6.766787016316184
4.8559322033898304,78.29366225347488,24.998347936473586,4.579424026626965
4.923728813559322,78.29366225347488,23.88294308348314,2.3461746651645874
4.991525423728813,78.29366225347488,22.630098463458893,0.14337966349250908
5.059322033898305,78.29366225347488,21.231644722754147,-0.12975341126905918
5.127118644067797,78.29366225347488,19.681504803603133,-0.12975341126905918
5.194915254237288,78.29366225347488,17.97644971429343,-0.12975341126905918
5.262711864406779,78.29366225347488,16.116861623584796,-0.12975341126905918
5.330508474576272,78.29366225347488,14.107430575617478,-0.12975341126905918
5.398305084745763,78.29366225347488,11.957695208684981,-0.12975341126905918
5.466101694915254,78.29366225347488,9.682332113819427,-0.12975341126905918
5.533898305084746,78.29366225347488,7.301108133026844,-0.12975341126905918
5.601694915254237,78.29366225347488,4.838438018779279,-0.12975341126905918
5.669491525423728,78.29366225347488,2.322535366831964,-0.12975341126905918
5.73728813559322,78.29366225347488,-0.21579871437101517,-0.12975341126905918
5.805084745762712,78.29366225347488,-2.744648027331529,-0.12975341126905918
5.872881355932203,78.29366225347488,-5.232569661931677,-0.12975341126905918
5.9406779661016955,78.29366225347488,-7.650132908625171,-0.12975341126905918
6.008474576271187,78.29366225347488,-9.971251995560383,-0.12975341126905918
6.076271186440678,78.29366225347488,-12.174191333882792,-0.12975341126905918
6.1440677966101696,78.29366225347488,-14.24217501871999,-0.12975341126905918
6.211864406779661,78.29366225347488,-16.163590455150874,-0.12975341126905918
6.279661016949152,78.29366225347488,-17.931827029106035,-0.12975341126905918
6.347457627118644,78.29366225347488,-19.54482635289159,-0.12975341126905918
6.415254237288135,78.29366225347488,-21.00443762004524,-0.12975341126905918
6.483050847457627,78.29366225347488,-22.31567157486891,-0.12975341126905918
6.5508474576271185,78.29366225347488,-23.48593413754673,1.6127526062680104
6.618644067796611,78.29366225347488,-24.52430144722248,3.5993568338404445
6.686440677966102,78.29366225347488,-25.44087704459731,5.535390655219488
6.754237288135593,78.29366225347488,-26.246252729869283,7.376041591308304
6.822033898305085,78.29366225347488,-26.95107929636741,9.09246728918057
6.889830508474576,78.29366225347488,-27.56574248411227,10.670432257274038
6.9576271186440675,78.29366225347488,-28.10013282546062,12.10300611805007
7.025423728813559,78.29366225347488,-28.56349478541143,13.390563338781115
7.093220338983051,78.29366225347488,-28.96433980098508,14.538209027492885
7.161016949152542,78.29366225347488,-29.310408627530357,15.55464662871641
7.228813559322034,78.29366225347488,-29.608670098753347,16.448929823976073
7.296610169491526,78.29366225347488,-29.865345486364117,17.23190777634709
7.364406779661017,78.29366225347488,-30.08594976388096,17.917043337703696
7.432203389830509,78.29366225347488,-30.275343036506175,18.510898883523176
7.5,78.29366225347488,-30.437787095628597,19.026777950272546
3.5,83.34511827148567,31.521029305997857,21.573435163898697
3.5677966101694913,83.34511827148567,31.46221793330414,21.37739315141021
3.635593220338983,83.34511827148567,31.393405199784667,21.148477369732255
3.7033898305084745,83.34511827148567,31.312918492580806,20.881362362617743
3.7711864406779663,83.34511827148567,31.218815905962728,20.56992922316742
3.8389830508474576,83.34511827148567,31.108846743800967,20.207173272787717
3.906779661016949,83.34511827148567,30.98040767240513,19.787759857477386
3.9745762711864407,83.34511827148567,30.830494614002944,19.303708979126412
4.0423728813559325,83.34511827148567,30.655650754277424,18.742125765825545
4.110169491525424,83.34511827148567,30.451911443109296,18.09694428473809
4.177966101694915,83.34511827148567,30.214747330573488,17.355128685633577
4.245762711864407,83.34511827148567,29.939007838845633,16.507707505657812
4.313559322033898,83.34511827148567,29.618868064364342,15.540852500261808
4.38135593220339,83.34511827148567,29.24778346755572,14.445647165598702
4.4491525423728815,83.34511827148567,28.818458258430596,13.213279645590612
4.516949152542373,83.34511827148567,28.3228352127552,11.835556230516499
4.584745762711864,83.34511827148567,27.752116688111713,10.307914640032797
4.652542372881356,83.34511827148567,27.096828699652413,8.634099925304499
4.720338983050848,83.34511827148567,26.346941787529225,6.8233885364493
4.788135593220339,83.34511827148567,25.49206362875458,4.895760511687328
4.8559322033898304,83.34511827148567,24.521718297940552,2.887584228759758
4.923728813559322,83.34511827148567,23.425724967595016,0.8515939879240636
4.991525423728813,83.34511827148567,22.19468375074492,-0.12975341126905918
5.059322033898305,83.34511827148567,20.820567465971777,-0.12975341126905918
5.127118644067797,83.34511827148567,19.297404815265217,-0.12975341126905918
5.194915254237288,83.34511827148567,17.622023001437704,-0.12975341126905918
5.262711864406779,83.34511827148567,15.794797542320829,-0.12975341126905918
5.330508474576272,83.34511827148567,13.82033686066169,-0.12975341126905918
5.398305084745763,83.34511827148567,11.708013592702848,-0.12975341126905918
5.466101694915254,83.34511827148567,9.472248911025979,-0.12975341126905918
5.533898305084746,83.34511827148567,7.132465652946607,-0.12975341126905918
5.601694915254237,83.34511827148567,4.712653678110485,-0.12975341126905918
5.669491525423728,83.34511827148567,2.2405355777273144,-0.12975341126905918
5.73728813559322,83.34511827148567,-0.2536235750938154,-0.12975341126905918
5.805084745762712,83.34511827148567,-2.7384630242165606,-0.12975341126905918
5.872881355932203,83.34511827148567,-5.183087064208507,-0.12975341126905918
5.9406779661016955,83.34511827148567,-7.5585771716442025,-0.12975341126905918
6.008474576271187,83.34511827148567,-9.83930154844634,-0.12975341126905918
6.076271186440678,83.34511827148567,-12.003902872785254,-0.12975341126905918
6.1440677966101696,83.34511827148567,-14.03589719284616,-0.12975341126905918
6.211864406779661,83.34511827148567,-15.923874009071513,-0.12975341126905918
6.279661016949152,83.34511827148567,-17.661337752690798,-0.12975341126905918
6.347457627118644,83.34511827148567,-19.24626585837474,-0.12975341126905918
6.415254237288135,83.34511827148567,-20.6804753379271,-0.12975341126905918
6.483050847457627,83.34511827148567,-21.968889733073766,-0.12975341126905918
6.5508474576271185,83.34511827148567,-23.118786077893553,0.3262619423443911
6.618644067796611,83.34511827148567,-24.139082558406724,2.148344872174886
6.686440677966102,83.34511827148567,-25.03970688220003,3.9360510273655405
6.754237288135593,83.34511827148567,-25.83106651911933,5.643076022287475
6.822033898305085,83.34511827148567,-26.52362690547701,7.2395688082337175
6.889830508474576,83.34511827148567,-27.127593037031094,8.710440377308874
6.9576271186440675,83.34511827148567,-27.652683320033372,10.04898151748001
7.025423728813559,83.34511827148567,-28.10798133696451,11.252413090923769
7.093220338983051,83.34511827148567,-28.50185039929926,12.326555830275353
7.161016949152542,83.34511827148567,-28.841896549105083,13.279381198068245
7.228813559322034,83.34511827148567,-29.13496734065044,14.119205474406776
7.296610169491526,83.34511827148567,-29.387175776117658,14.854279698172455
7.364406779661017,83.34511827148567,-29.603940851288282,15.496456253870175
7.432203389830509,83.34511827148567,-29.790038090378676,16.05493724618685
7.5,83.34511827148567,-29.949655116317828,16.5401547201335
3.5,88.7224909367379,30.92043241294801,18.5877951395464
3.5677966101694913,88.7224909367379,30.862662669123026,18.402631013098514
3.635593220338983,88.7224909367379,30.795068702085054,18.187325790538083
3.7033898305084745,88.7224909367379,30.716007523209,17.938425296433117
3.7711864406779663,88.7224909367379,30.62357162053918,17.648229828400453
3.8389830508474576,88.7224909367379,30.515550160815415,17.31021295125396
3.906779661016949,88.7224909367379,30.38938591890426,16.91693651891185
3.9745762711864407,88.7224909367379,30.242128023309526,16.46490846769819
4.0423728813559325,88.7224909367379,30.070380884566163,15.941892997350731
4.110169491525424,88.7224909367379,29.870250071865044,15.338400368105415
4.177966101694915,88.7224909367379,29.63728645618773,14.647886546705324
4.245762711864407,88.7224909367379,29.366430683401923,13.857425116540531
4.313559322033898,88.7224909367379,29.051961016858172,12.956896537957363
4.38135593220339,88.7224909367379,28.687448829620564,11.938153831057763
4.4491525423728815,88.7224909367379,28.265727549997756,10.793170672263782
4.516949152542373,88.7224909367379,27.778882658083056,9.514518002059656
4.584745762711864,88.7224909367379,27.21827232959209,8.100138111074452
4.652542372881356,88.7224909367379,26.57459037674881,6.553430014137649
4.720338983050848,88.7224909367379,25.837984974989567,4.884930525827641
4.788135593220339,88.7224909367379,24.998247863407663,3.1173934165826256
4.8559322033898304,88.7224909367379,24.04508865940751,1.2854965828784757
4.923728813559322,88.7224909367379,22.96850685170689,-0.12975341126905918
4.991525423728813,88.7224909367379,21.759269038030936,-0.12975341126905918
5.059322033898305,88.7224909367379,20.409490209189393,-0.12975341126905918
5.127118644067797,88.7224909367379,18.913304826927295,-0.12975341126905918
5.194915254237288,88.7224909367379,17.26759628858197,-0.12975341126905918
5.262711864406779,88.7224909367379,15.472733461056862,-0.12975341126905918
5.330508474576272,88.7224909367379,13.53324314570591,-0.12975341126905918
5.398305084745763,88.7224909367379,11.458331976720721,-0.12975341126905918
5.466101694915254,88.7224909367379,9.26216570823253,-0.12975341126905918
5.533898305084746,88.7224909367379,6.963823172866377,-0.12975341126905918
5.601694915254237,88.7224909367379,4.586869337441691,-0.12975341126905918
5.669491525423728,88.7224909367379,2.1585357886226717,-0.12975341126905918
5.73728813559322,88.7224909367379,-0.29144843581661206,-0.12975341126905918
5.805084745762712,88.7224909367379,-2.7322780211015925,-0.12975341126905918
5.872881355932203,88.7224909367379,-5.133604466485334,-0.12975341126905918
5.9406779661016955,88.7224909367379,-7.467021434663234,-0.12975341126905918
6.008474576271187,88.7224909367379,-9.707351101332296,-0.12975341126905918
6.076271186440678,88.7224909367379,-11.833614411687712,-0.12975341126905918
6.1440677966101696,88.7224909367379,-13.829619366972327,-0.12975341126905918
6.211864406779661,88.7224909367379,-15.684157562992146,-0.12975341126905918
6.279661016949152,88.7224909367379,-17.39084847627555,-0.12975341126905918
6.347457627118644,88.7224909367379,-18.947705363857892,-0.12975341126905918
6.415254237288135,88.7224909367379,-20.356513055808954,-0.12975341126905918
6.483050847457627,88.7224909367379,-21.622107891278617,-0.12975341126905918
6.5508474576271185,88.7224909367379,-22.75163801824037,-0.12975341126905918
6.618644067796611,88.7224909367379,-23.75386366959096,0.7637304034713686
6.686440677966102,88.7224909367379,-24.638536719802737,2.4040155582095886
6.754237288135593,88.7224909367379,-25.41588030836937,3.9782462070553732
6.822033898305085,88.7224909367379,-26.0961745145866,5.457246605034751
6.889830508474576,88.7224909367379,-26.68944358994991,6.8226694764675555
6.9576271186440675,88.7224909367379,-27.205233814606114,8.06803016918829
7.025423728813559,88.7224909367379,-27.652467888517588,9.18899836402091
7.093220338983051,88.7224909367379,-28.039360997613436,10.19211448236305
7.161016949152542,88.7224909367379,-28.373384470679802,11.08136978353823
7.228813559322034,88.7224909367379,-28.66126458254753,11.866361446660694
7.296610169491526,88.7224909367379,-28.90900606587119,12.555294870118887
7.364406779661017,88.7224909367379,-29.1219319386956,13.154774577021891
7.432203389830509,88.7224909367379,-29.304733144251173,13.679562026851146
7.5,88.7224909367379,-29.461523137007052,14.132292420713881
3.5,94.4468081787175,30.319835519898167,15.715402769546804
3.5677966101694913,94.4468081787175,30.26310740494191,15.54319000705386
3.635593220338983,94.4468081787175,30.196732204385437,15.342100480381303
3.7033898305084745,94.4468081787175,30.119096553837206,15.108996270068799
3.7711864406779663,94.4468081787175,30.02832733511563,14.83924018348917
3.8389830508474576,94.4468081787175,29.922253577829867,14.525032376101441
3.906779661016949,94.4468081787175,29.798364165403402,14.159459379619104
3.9745762711864407,94.4468081787175,29.65376143261611,13.73777607341447
4.0423728813559325,94.4468081787175,29.485111014854905,13.251860760572471
4.110169491525424,94.4468081787175,29.28858870062079,12.690433412714665
4.177966101694915,94.4468081787175,29.05982558180197,12.04924553289585
4.245762711864407,94.4468081787175,28.793853527958216,11.315396154271133
4.313559322033898,94.4468081787175,28.485053969352,10.480364415648946
4.38135593220339,94.4468081787175,28.127114191685404,9.536735331320191
4.4491525423728815,94.4468081787175,27.712996841564927,8.477227522855335
4.516949152542373,94.4468081787175,27.234930103410914,7.295134444616044
4.584745762711864,94.4468081787175,26.684427971072463,5.992151168582836
4.652542372881356,94.4468081787175,26.05235205384521,4.569828776078142
4.720338983050848,94.4468081787175,25.32902816244992,3.0429374375507936
4.788135593220339,94.4468081787175,24.504432098060757,1.4330781678255387
4.8559322033898304,94.4468081787175,23.568459020874474,-0.12975341126905918
4.923728813559322,94.4468081787175,22.511288735818763,-0.12975341126905918
4.991525423728813,94.4468081787175,21.32385432531696,-0.12975341126905918
5.059322033898305,94.4468081787175,19.99841295240702,-0.12975341126905918
5.127118644067797,94.4468081787175,18.529204838589383,-0.12975341126905918
5.194915254237288,94.4468081787175,16.91316957572624,-0.12975341126905918
5.262711864406779,94.4468081787175,15.150669379792891,-0.12975341126905918
5.330508474576272,94.4468081787175,13.246149430750126,-0.12975341126905918
5.398305084745763,94.4468081787175,11.208650360738591,-0.12975341126905918
5.466101694915254,94.4468081787175,9.052082505439078,-0.12975341126905918
5.533898305084746,94.4468081787175,6.795180692786143,-0.12975341126905918
5.601694915254237,94.4468081787175,4.461084996772893,-0.12975341126905918
5.669491525423728,94.4468081787175,2.0765359995180255,-0.12975341126905918
5.73728813559322,94.4468081787175,-0.3292732965394123,-0.12975341126905918
5.805084745762712,94.4468081787175,-2.7260930179866207,-0.12975341126905918
5.872881355932203,94.4468081787175,-5.084121868762164,-0.12975341126905918
5.9406779661016955,94.4468081787175,-7.375465697682266,-0.12975341126905918
6.008474576271187,94.4468081787175,-9.575400654218253,-0.12975341126905918
6.076271186440678,94.4468081787175,-11.663325950590174,-0.12975341126905918
6.1440677966101696,94.4468081787175,-13.623341541098494,-0.12975341126905918
6.211864406779661,94.4468081787175,-15.444441116912781,-0.12975341126905918
6.279661016949152,94.4468081787175,-17.12035919986031,-0.12975341126905918
6.347457627118644,94.4468081787175,-18.649144869341043,-0.12975341126905918
6.415254237288135,94.4468081787175,-20.032550773690808,-0.12975341126905918
6.483050847457627,94.4468081787175,-21.27532604948347,-0.12975341126905918
6.5508474576271185,94.4468081787175,-22.384489958587192,-0.12975341126905918
6.618644067796611,94.4468081787175,-23.3686447807752,-0.12975341126905918
6.686440677966102,94.4468081787175,-24.23736655740545,0.9413143005860736
6.754237288135593,94.4468081787175,-25.000694097619416,2.3853240887260974
6.822033898305085,94.4468081787175,-25.66872212369619,3.7474866578743797
6.889830508474576,94.4468081787175,-26.25129414286873,5.009329345190445
6.9576271186440675,94.4468081787175,-26.757784309178863,6.162598663089103
7.025423728813559,94.4468081787175,-27.19695444007067,7.2029137149649545
7.093220338983051,94.4468081787175,-27.57687159592761,8.135646670281576
7.161016949152542,94.4468081787175,-27.904872392254525,8.963467921279824
7.228813559322034,94.4468081787175,-28.18756182444462,9.693445210414485
7.296610169491526,94.4468081787175,-28.430836355624724,10.336271798527576
7.364406779661017,94.4468081787175,-28.639923026102917,10.896681513161532
7.432203389830509,94.4468081787175,-28.819428198123674,11.385180617573832
7.5,94.4468081787175,-28.97339115769628,11.808291819148067
3.5,100.54045463520472,29.71923862684833,12.959248250695234
3.5677966101694913,100.54045463520472,29.663552140760807,12.79948042913959
3.635593220338983,100.54045463520472,29.598395706685828,12.612923181619976
3.7033898305084745,100.54045463520472,29.52218558446541,12.396223196355802
3.7711864406779663,100.54045463520472,29.433083049692094,12.146097628956444
3.8389830508474576,100.54045463520472,29.328956994844326,11.85475657692443
3.906779661016949,100.54045463520472,29.20734241190255,11.515790432520651
3.9745762711864407,100.54045463520472,29.065394841922704,11.125226333515863
4.0423728813559325,100.54045463520472,28.899841145143654,10.674924926973118
4.110169491525424,100.54045463520472,28.70692732937654,10.155749505054878
4.177966101694915,100.54045463520472,28.482364707416224,9.561887633311969
4.245762711864407,100.54045463520472,28.221276372514517,8.88411733287991
4.313559322033898,100.54045463520472,27.91814692184584,8.113573546126055
4.38135593220339,100.54045463520472,27.56677955375026,7.2435349306975425
4.4491525423728815,100.54045463520472,27.160266133132097,6.267423855126185
4.516949152542373,100.54045463520472,26.69097754873878,5.1824203892198355
4.584745762711864,100.54045463520472,26.15058361255285,3.9879479569740917
4.652542372881356,100.54045463520472,25.530113730941615,2.689907937842643
4.720338983050848,100.54045463520472,24.820071349910272,1.301501931755639
4.788135593220339,100.54045463520472,24.01061633271385,-0.12975341126905918
4.8559322033898304,100.54045463520472,23.091829382341444,-0.12975341126905918
4.923728813559322,100.54045463520472,22.05407061993064,-0.12975341126905918
4.991525423728813,100.54045463520472,20.888439612602987,-0.12975341126905918
5.059322033898305,100.54045463520472,19.587335695624645,-0.12975341126905918
5.127118644067797,100.54045463520472,18.14510485025147,-0.12975341126905918
5.194915254237288,100.54045463520472,16.558742862870517,-0.12975341126905918
5.262711864406779,100.54045463520472,14.828605298528927,-0.12975341126905918
5.330508474576272,100.54045463520472,12.959055715794342,-0.12975341126905918
5.398305084745763,100.54045463520472,10.958968744756461,-0.12975341126905918
5.466101694915254,100.54045463520472,8.841999302645632,-0.12975341126905918
5.533898305084746,100.54045463520472,6.626538212705917,-0.12975341126905918
5.601694915254237,100.54045463520472,4.335300656104103,-0.12975341126905918
5.669491525423728,100.54045463520472,1.9945362104133828,-0.12975341126905918
5.73728813559322,100.54045463520472,-0.36709815726220896,-0.12975341126905918
5.805084745762712,100.54045463520472,-2.719908014871649,-0.12975341126905918
5.872881355932203,100.54045463520472,-5.034639271038991,-0.12975341126905918
5.9406779661016955,100.54045463520472,-7.283909960701294,-0.12975341126905918
6.008474576271187,100.54045463520472,-9.443450207104206,-0.12975341126905918
6.076271186440678,100.54045463520472,-11.493037489492632,-0.12975341126905918
6.1440677966101696,100.54045463520472,-13.417063715224662,-0.12975341126905918
6.211864406779661,100.54045463520472,-15.204724670833414,-0.12975341126905918
6.279661016949152,100.54045463520472,-16.84986992344507,-0.12975341126905918
6.347457627118644,100.54045463520472,-18.350584374824194,-0.12975341126905918
6.415254237288135,100.54045463520472,-19.708588491572662,-0.12975341126905918
6.483050847457627,100.54045463520472,-20.928544207688326,-0.12975341126905918
6.5508474576271185,100.54045463520472,-22.017341898934013,-0.12975341126905918
6.618644067796611,100.54045463520472,-22.98342589195944,-0.12975341126905918
6.686440677966102,100.54045463520472,-23.836196395008166,-0.12975341126905918
6.754237288135593,100.54045463520472,-24.585507886869458,0.8656728587740478
6.822033898305085,100.54045463520472,-25.24126973280579,2.1120684639003984
6.889830508474576,100.54045463520472,-25.81314469578755,3.2724179563602824
6.9576271186440675,100.54045463520472,-26.31033480375161,4.334916614708166
7.025423728813559,100.54045463520472,-26.741440991623747,5.296531226224305
7.093220338983051,100.54045463520472,-27.114382194241788,6.15885887358917
7.161016949152542,100.54045463520472,-27.436360313829248,6.926152215802171
7.228813559322034,100.54045463520472,-27.713859066341712,7.603269465060533
7.296610169491526,100.54045463520472,-27.95266664537826,8.200172785239772
7.364406779661017,100.54045463520472,-28.157914113510238,8.721336094459803
7.432203389830509,100.54045463520472,-28.33412325199617,9.174933462096464
7.5,100.54045463520472,-28.48525917838551,9.569512470164044
3.5,107.02725918620801,29.11864173379849,10.322305129477673
3.5677966101694913,107.02725918620801,29.063996876579687,10.174469837227287
3.635593220338983,107.02725918620801,29.000059208986208,10.00184647325308
3.7033898305084745,107.02725918620801,28.925274615093606,9.802871425189986
3.7711864406779663,107.02725918620801,28.83783876426854,9.571558381987161
3.8389830508474576,107.02725918620801,28.73566041185878,9.302131137321336
3.906779661016949,107.02725918620801,28.61632065840169,8.98866289485426
3.9745762711864407,107.02725918620801,28.477028251229285,8.629802941387279
4.0423728813559325,107.02725918620801,28.314571275432392,8.213613237168596
4.110169491525424,107.02725918620801,28.12526595813228,7.736693065699089
4.177966101694915,107.02725918620801,27.90490383303046,7.188520927582217
4.245762711864407,107.02725918620801,27.648699217070813,6.565734239778233
4.313559322033898,107.02725918620801,27.35123987433967,5.858497019076559
4.38135593220339,107.02725918620801,27.006444915815095,5.060358640123605
4.4491525423728815,107.02725918620801,26.607535424699257,4.168013563656493
4.516949152542373,107.02725918620801,26.147024994066633,3.176849667502514
4.584745762711864,107.02725918620801,25.61673925403322,2.090555394052875
4.652542372881356,107.02725918620801,25.007875408038018,0.9150879340043844
4.720338983050848,107.02725918620801,24.311114537370614,-0.12975341126905918
4.788135593220339,107.02725918620801,23.516800567366936,-0.12975341126905918
4.8559322033898304,107.02725918620801,22.615199743808404,-0.12975341126905918
4.923728813559322,107.02725918620801,21.59685250404251,-0.12975341126905918
4.991525423728813,107.02725918620801,20.45302489988901,-0.12975341126905918
5.059322033898305,107.02725918620801,19.176258438842268,-0.12975341126905918
5.127118644067797,107.02725918620801,17.761004861913555,-0.12975341126905918
5.194915254237288,107.02725918620801,16.204316150014783,-0.12975341126905918
5.262711864406779,107.02725918620801,14.50654121726496,-0.12975341126905918
5.330508474576272,107.02725918620801,12.671962000838562,-0.12975341126905918
5.398305084745763,107.02725918620801,10.709287128774335,-0.12975341126905918
5.466101694915254,107.02725918620801,8.631916099852177,-0.12975341126905918
5.533898305084746,107.02725918620801,6.457895732625687,-0.12975341126905918
5.601694915254237,107.02725918620801,4.209516315435309,-0.12975341126905918
5.669491525423728,107.02725918620801,1.9125364213087366,-0.12975341126905918
5.73728813559322,107.02725918620801,-0.4049230179850092,-0.12975341126905918
5.805084745762712,107.02725918620801,-2.713723011756681,-0.12975341126905918
5.872881355932203,107.02725918620801,-4.985156673315821,-0.12975341126905918
5.9406779661016955,107.02725918620801,-7.192354223720326,-0.12975341126905918
6.008474576271187,107.02725918620801,-9.311499759990163,-0.12975341126905918
6.076271186440678,107.02725918620801,-11.322749028395094,-0.12975341126905918
6.1440677966101696,107.02725918620801,-13.210785889350829,-0.12975341126905918
6.211864406779661,107.02725918620801,-14.965008224754047,-0.12975341126905918
6.279661016949152,107.02725918620801,-16.57938064702983,-0.12975341126905918
6.347457627118644,107.02725918620801,-18.052023880307342,-0.12975341126905918
6.415254237288135,107.02725918620801,-19.384626209454517,-0.12975341126905918
6.483050847457627,107.02725918620801,-20.581762365893177,-0.12975341126905918
6.5508474576271185,107.02725918620801,-21.65019383928083,-0.12975341126905918
6.618644067796611,107.02725918620801,-22.598207003143674,-0.12975341126905918
6.686440677966102,107.02725918620801,-23.435026232610873,-0.12975341126905918
6.754237288135593,107.02725918620801,-24.1703216761195,-0.12975341126905918
6.822033898305085,107.02725918620801,-24.81381734191538,0.5567315281024762
6.889830508474576,107.02725918620801,-25.374995248706366,1.6145716156879608
6.9576271186440675,107.02725918620801,-25.862885298324354,2.587690694131458
7.025423728813559,107.02725918620801,-26.285927543176825,3.471983276801153
7.093220338983051,107.02725918620801,-26.651892792555962,4.265235261160226
7.161016949152542,107.02725918620801,-26.967848235403967,4.9721334144692175
7.228813559322034,107.02725918620801,-27.2401563082388,5.5983841214195955
7.296610169491526,107.02725918620801,-27.474496935131793,6.149702212737503
7.364406779661017,107.02725918620801,-27.675905200917555,6.631594416650615
7.432203389830509,107.02725918620801,-27.84881830586867,7.051696130687009
7.5,107.02725918620801,-27.997127199074733,7.417187155062024
3.5,113.93258813553018,28.518044840748658,7.807139504448838
3.5677966101694913,113.93258813553018,28.464441612398588,7.671088378087252
3.635593220338983,113.93258813553018,28.40172271128661,7.514279186877354
3.7033898305084745,113.93258813553018,28.328363645721815,7.331306454307738
3.7711864406779663,113.93258813553018,28.242594478845007,7.1179804177880355
3.8389830508474576,113.93258813553018,28.142363828873243,6.869505274956989
3.906779661016949,113.93258813553018,28.025298904900836,6.584308450751337
3.9745762711864407,113.93258813553018,27.888661660535888,6.253661075068871
4.0423728813559325,113.93258813553018,27.729301405721145,5.872481957250248
4.110169491525424,113.93258813553018,27.543604586888044,5.435228786325148
4.177966101694915,113.93258813553018,27.327442958644717,4.935342741284356
4.245762711864407,113.93258813553018,27.076122061627117,4.365362963927662
4.313559322033898,113.93258813553018,26.784332826833506,3.7199732004141604
4.38135593220339,113.93258813553018,26.446110277879946,2.9937657071893504
4.4491525423728815,113.93258813553018,26.054804716266432,2.181938492637243
4.516949152542373,113.93258813553018,25.603072439394502,1.2852913705530544
4.584745762711864,113.93258813553018,25.08289489551361,0.30577785872792673
4.652542372881356,113.93258813553018,24.485637085134428,-0.12975341126905918
4.720338983050848,113.93258813553018,23.80215772483097,-0.12975341126905918
4.788135593220339,113.93258813553018,23.022984802020034,-0.12975341126905918
4.8559322033898304,113.93258813553018,22.138570105275377,-0.12975341126905918
4.923728813559322,113.93258813553018,21.13963438815439,-0.12975341126905918
4.991525423728813,113.93258813553018,20.017610187175038,-0.12975341126905918
5.059322033898305,113.93258813553018,18.765181182059898,-0.12975341126905918
5.127118644067797,113.93258813553018,17.37690487357564,-0.12975341126905918
5.194915254237288,113.93258813553018,15.849889437159057,-0.12975341126905918
5.262711864406779,113.93258813553018,14.184477136001,-0.12975341126905918
5.330508474576272,113.93258813553018,12.384868285882781,-0.12975341126905918
5.398305084745763,113.93258813553018,10.459605512792209,-0.12975341126905918
5.466101694915254,113.93258813553018,8.421832897058728,-0.12975341126905918
5.533898305084746,113.93258813553018,6.289253252545457,-0.12975341126905918
5.601694915254237,113.93258813553018,4.083731974766522,-0.12975341126905918
5.669491525423728,113.93258813553018,1.8305366322040975,-0.12975341126905918
5.73728813559322,113.93258813553018,-0.44274787870780585,-0.12975341126905918
5.805084745762712,113.93258813553018,-2.707538008641709,-0.12975341126905918
5.872881355932203,113.93258813553018,-4.935674075592647,-0.12975341126905918
5.9406779661016955,113.93258813553018,-7.100798486739354,-0.12975341126905918
6.008474576271187,113.93258813553018,-9.179549312876116,-0.12975341126905918
6.076271186440678,113.93258813553018,-11.152460567297553,-0.12975341126905918
6.1440677966101696,113.93258813553018,-13.004508063476996,-0.12975341126905918
6.211864406779661,113.93258813553018,-14.725291778674682,-0.12975341126905918
6.279661016949152,113.93258813553018,-16.30889137061459,-0.12975341126905918
6.347457627118644,113.93258813553018,-17.753463385790496,-0.12975341126905918
6.415254237288135,113.93258813553018,-19.06066392733637,-0.12975341126905918
6.483050847457627,113.93258813553018,-20.234980524098027,-0.12975341126905918
6.5508474576271185,113.93258813553018,-21.283045779627656,-0.12975341126905918
6.618644067796611,113.93258813553018,-22.212988114327917,-0.12975341126905918
6.686440677966102,113.93258813553018,-23.03385607021359,-0.12975341126905918
6.754237288135593,113.93258813553018,-23.755135465369545,-0.12975341126905918
6.822033898305085,113.93258813553018,-24.386364951024976,-0.12975341126905918
6.889830508474576,113.93258813553018,-24.93684580162519,0.04055491475146045
6.9576271186440675,113.93258813553018,-25.415435792897103,0.9257104260713063
7.025423728813559,113.93258813553018,-25.83041409472991,1.7311444095749713
7.093220338983051,113.93258813553018,-26.189403390870144,2.458161085647927
7.161016949152542,113.93258813553018,-26.499336156978693,3.1064262152292463
7.228813559322034,113.93258813553018,-26.766453550135893,3.681081369802391
7.296610169491526,113.93258813553018,-26.99632722488533,4.187289050795435
7.364406779661017,113.93258813553018,-27.193896288324876,4.630033246789184
7.432203389830509,113.93258813553018,-27.36351335974117,5.018062111585845
7.5,113.93258813553018,-27.508995219763964,5.354060253472427
3.5,121.28344440434951,27.917447947698808,5.419428096810182
3.5677966101694913,121.28344440434951,27.864886348217464,5.295934026395128
3.635593220338983,121.28344440434951,27.803386213586986,5.151734225668781
3.7033898305084745,121.28344440434951,27.731452676350006,4.983475427804433
3.7711864406779663,121.28344440434951,27.647350193421456,4.788722571250862
3.8389830508474576,121.28344440434951,27.549067245887688,4.5639392243796655
3.906779661016949,121.28344440434951,27.43427715139997,4.30241577479215
3.9745762711864407,121.28344440434951,27.300295069842466,4.001297209268835
4.0423728813559325,121.28344440434951,27.144031536009887,3.6545101440963434
4.110169491525424,121.28344440434951,26.96194321564378,3.2570940554608367
4.177966101694915,121.28344440434951,26.74998208425895,2.8021314851571106
4.245762711864407,121.28344440434951,26.503544906183404,2.285120302553463
4.313559322033898,121.28344440434951,26.217425779327332,1.7013346307121213
4.38135593220339,121.28344440434951,25.885775639944786,1.0459855187987097
4.4491525423728815,121.28344440434951,25.50207400783359,0.3156106609312675
4.516949152542373,121.28344440434951,25.059119884722353,-0.12975341126905918
4.584745762711864,121.28344440434951,24.549050536993985,-0.12975341126905918
4.652542372881356,121.28344440434951,23.96339876223082,-0.12975341126905918
4.720338983050848,121.28344440434951,23.293200912291315,-0.12975341126905918
4.788135593220339,121.28344440434951,22.52916903667312,-0.12975341126905918
4.8559322033898304,121.28344440434951,21.661940466742333,-0.12975341126905918
4.923728813559322,121.28344440434951,20.682416272266256,-0.12975341126905918
4.991525423728813,121.28344440434951,19.582195474461056,-0.12975341126905918
5.059322033898305,121.28344440434951,18.354103925277517,-0.12975341126905918
5.127118644067797,121.28344440434951,16.99280488523772,-0.12975341126905918
5.194915254237288,121.28344440434951,15.495462724303326,-0.12975341126905918
5.262711864406779,121.28344440434951,13.86241305473703,-0.12975341126905918
5.330508474576272,121.28344440434951,12.097774570926997,-0.12975341126905918
5.398305084745763,121.28344440434951,10.209923896810071,-0.12975341126905918
5.466101694915254,121.28344440434951,8.211749694265276,-0.12975341126905918
5.533898305084746,121.28344440434951,6.1206107724652234,-0.12975341126905918
5.601694915254237,121.28344440434951,3.9579476340977244,-0.12975341126905918
5.669491525423728,121.28344440434951,1.7485368430994512,-0.12975341126905918
5.73728813559322,121.28344440434951,-0.4805727394306061,-0.12975341126905918
5.805084745762712,121.28344440434951,-2.7013530055267374,-0.12975341126905918
5.872881355932203,121.28344440434951,-4.8861914778694775,-0.12975341126905918
5.9406779661016955,121.28344440434951,-7.009242749758386,-0.12975341126905918
6.008474576271187,121.28344440434951,-9.047598865762073,-0.12975341126905918
6.076271186440678,121.28344440434951,-10.98217210620001,-0.12975341126905918
6.1440677966101696,121.28344440434951,-12.79823023760316,-0.12975341126905918
6.211864406779661,121.28344440434951,-14.485575332595314,-0.12975341126905918
6.279661016949152,121.28344440434951,-16.03840209419934,-0.12975341126905918
6.347457627118644,121.28344440434951,-17.45490289127364,-0.12975341126905918
6.415254237288135,121.28344440434951,-18.736701645218226,-0.12975341126905918
6.483050847457627,121.28344440434951,-19.88819868230288,-0.12975341126905918
6.5508474576271185,121.28344440434951,-20.91589771997447,-0.12975341126905918
6.618644067796611,121.28344440434951,-21.82776922551215,-0.12975341126905918
6.686440677966102,121.28344440434951,-22.6326859078163,-0.12975341126905918
6.754237288135593,121.28344440434951,-23.339949254619583,-0.12975341126905918
6.822033898305085,121.28344440434951,-23.958912560134564,-0.12975341126905918
6.889830508474576,121.28344440434951,-24.498696354544006,-0.12975341126905918
6.9576271186440675,121.28344440434951,-24.96798628746984,-0.12975341126905918
7.025423728813559,121.28344440434951,-25.374900646282985,0.08072247521268708
7.093220338983051,121.28344440434951,-25.726913989184315,0.7396206715095212
7.161016949152542,121.28344440434951,-26.030824078553408,1.3292968619283045
7.228813559322034,121.28344440434951,-26.292750792032976,1.8533537858786195
7.296610169491526,121.28344440434951,-26.51815751463886,2.3151788813379577
7.364406779661017,121.28344440434951,-26.71188737573219,2.7218034373453337
7.432203389830509,121.28344440434951,-26.878208413613663,3.076324227077116
7.5,121.28344440434951,-27.020863240453185,3.3846298386419327
3.5,129.10857312470438,27.316851054648964,3.160574315026436
3.5677966101694913,129.10857312470438,27.265331084036347,3.048216289010709
3.635593220338983,129.10857312470438,27.20504971588737,2.918239360129698
3.7033898305084745,129.10857312470438,27.134541706978204,2.766577080840352
3.7711864406779663,129.10857312470438,27.052105907997905,2.5897572812688665
3.8389830508474576,129.10857312470438,26.95577066290214,2.385420364073583
3.906779661016949,129.10857312470438,26.843255397899114,2.149854228724337
3.9745762711864407,129.10857312470438,26.71192847914905,1.8766013335632663
4.0423728813559325,129.10857312470438,26.55876166629863,1.564448548154715
4.110169491525424,129.10857312470438,26.380281844399526,1.2057307487926858
4.177966101694915,129.10857312470438,26.17252120987319,0.7962898465069255
4.245762711864407,129.10857312470438,25.930967750739697,0.33213670360214304
4.313559322033898,129.10857312470438,25.650518731821165,-0.12975341126905918
4.38135593220339,129.10857312470438,25.325441002009626,-0.12975341126905918
4.4491525423728815,129.10857312470438,24.949343299400752,-0.12975341126905918
4.516949152542373,129.10857312470438,24.51516733005021,-0.12975341126905918
4.584745762711864,129.10857312470438,24.015206178474358,-0.12975341126905918
4.652542372881356,129.10857312470438,23.44116043932722,-0.12975341126905918
4.720338983050848,129.10857312470438,22.78424409975166,-0.12975341126905918
4.788135593220339,129.10857312470438,22.03535327132621,-0.12975341126905918
4.8559322033898304,129.10857312470438,21.185310828209296,-0.12975341126905918
4.923728813559322,129.10857312470438,20.225198156378134,-0.12975341126905918
4.991525423728813,129.10857312470438,19.14678076174708,-0.12975341126905918
5.059322033898305,129.10857312470438,17.943026668495136,-0.12975341126905918
5.127118644067797,129.10857312470438,16.60870489689981,-0.12975341126905918
5.194915254237288,129.10857312470438,15.141036011447596,-0.12975341126905918
5.262711864406779,129.10857312470438,13.540348973473058,-0.12975341126905918
5.330508474576272,129.10857312470438,11.810680855971214,-0.12975341126905918
5.398305084745763,129.10857312470438,9.960242280827941,-0.12975341126905918
5.466101694915254,129.10857312470438,8.001666491471823,-0.12975341126905918
5.533898305084746,129.10857312470438,5.95196829238499,-0.12975341126905918
5.601694915254237,129.10857312470438,3.832163293428927,-0.12975341126905918
5.669491525423728,129.10857312470438,1.666537053994805,-0.12975341126905918
5.73728813559322,129.10857312470438,-0.5183976001534027,-0.12975341126905918
5.805084745762712,129.10857312470438,-2.6951680024117692,-0.12975341126905918
5.872881355932203,129.10857312470438,-4.836708880146304,-0.12975341126905918
5.9406779661016955,129.10857312470438,-6.917687012777414,-0.12975341126905918
6.008474576271187,129.10857312470438,-8.91564841864803,-0.12975341126905918
6.076271186440678,129.10857312470438,-10.811883645102473,-0.12975341126905918
6.1440677966101696,129.10857312470438,-12.591952411729329,-0.12975341126905918
6.211864406779661,129.10857312470438,-14.245858886515949,-0.12975341126905918
6.279661016949152,129.10857312470438,-15.7679128177841,-0.12975341126905918
6.347457627118644,129.10857312470438,-17.15634239675679,-0.12975341126905918
6.415254237288135,129.10857312470438,-18.41273936310008,-0.12975341126905918
6.483050847457627,129.10857312470438,-19.54141684050773,-0.12975341126905918
6.5508474576271185,129.10857312470438,-20.548749660321292,-0.12975341126905918
6.618644067796611,129.10857312470438,-21.442550336696392,-0.12975341126905918
6.686440677966102,129.10857312470438,-22.23151574541901,-0.12975341126905918
6.754237288135593,129.10857312470438,-22.924763043869625,-0.12975341126905918
6.822033898305085,129.10857312470438,-23.531460169244163,-0.12975341126905918
6.889830508474576,129.10857312470438,-24.060546907462825,-0.12975341126905918
6.9576271186440675,129.10857312470438,-24.52053678204259,-0.12975341126905918
7.025423728813559,129.10857312470438,-24.919387197836063,-0.12975341126905918
7.093220338983051,129.10857312470438,-25.264424587498493,-0.12975341126905918
7.161016949152542,129.10857312470438,-25.56231200012813,-0.12975341126905918
7.228813559322034,129.10857312470438,-25.819048033930066,0.12166542773422302
7.296610169491526,129.10857312470438,-26.039987804392396,0.5404675967608296
7.364406779661017,129.10857312470438,-26.22987846313951,0.908145197652117
7.432203389830509,129.10857312470438,-26.39290346748616,1.2307810603155211
7.5,129.10857312470438,-26.532731261142413,1.511577236894998
3.5,137.43857404580245,26.716254161599124,1.0378368754737133
3.5677966101694913,137.43857404580245,26.66577581985524,0.9363229350410882
3.635593220338983,137.43857404580245,26.606713218187757,0.8196933754788448
3.7033898305084745,137.43857404580245,26.537630737606406,0.6836059345854955
3.7711864406779663,137.43857404580245,26.456861622574365,0.5249453192638031
3.8389830508474576,137.43857404580245,26.362474079916595,0.34193498794571286
3.906779661016949,137.43857404580245,26.25223364439826,0.13071069143960126
3.9745762711864407,137.43857404580245,26.12356188845564,-0.11315128875526738
4.0423728813559325,137.43857404580245,25.973491796587375,-0.12975341126905918
4.110169491525424,137.43857404580245,25.79862047315528,-0.12975341126905918
4.177966101694915,137.43857404580245,25.59506033548744,-0.12975341126905918
4.245762711864407,137.43857404580245,25.358390595295994,-0.12975341126905918
4.313559322033898,137.43857404580245,25.083611684315002,-0.12975341126905918
4.38135593220339,137.43857404580245,24.76510636407447,-0.12975341126905918
4.4491525423728815,137.43857404580245,24.396612590967926,-0.12975341126905918
4.516949152542373,137.43857404580245,23.971214775378073,-0.12975341126905918
4.584745762711864,137.43857404580245,23.481361819954742,-0.12975341126905918
4.652542372881356,137.43857404580245,22.91892211642363,-0.12975341126905918
4.720338983050848,137.43857404580245,22.275287287212016,-0.12975341126905918
4.788135593220339,137.43857404580245,21.541537505979306,-0.12975341126905918
4.8559322033898304,137.43857404580245,20.708681189676263,-0.12975341126905918
4.923728813559322,137.43857404580245,19.76798004049001,-0.12975341126905918
4.991525423728813,137.43857404580245,18.711366049033103,-0.12975341126905918
5.059322033898305,137.43857404580245,17.53194941171276,-0.12975341126905918
5.127118644067797,137.43857404580245,16.224604908561894,-0.12975341126905918
5.194915254237288,137.43857404580245,14.78660929859187,-0.12975341126905918
5.262711864406779,137.43857404580245,13.218284892209098,-0.12975341126905918
5.330508474576272,137.43857404580245,11.523587141015433,-0.12975341126905918
5.398305084745763,137.43857404580245,9.710560664845815,-0.12975341126905918
5.466101694915254,137.43857404580245,7.791583288678382,-0.12975341126905918
5.533898305084746,137.43857404580245,5.783325812304767,-0.12975341126905918
5.601694915254237,137.43857404580245,3.7063789527601365,-0.12975341126905918
5.669491525423728,137.43857404580245,1.5845372648901623,-0.12975341126905918
5.73728813559322,137.43857404580245,-0.5562224608761994,-0.12975341126905918
5.805084745762712,137.43857404580245,-2.688982999296794,-0.12975341126905918
5.872881355932203,137.43857404580245,-4.787226282423131,-0.12975341126905918
5.9406779661016955,137.43857404580245,-6.826131275796442,-0.12975341126905918
6.008474576271187,137.43857404580245,-8.783697971533982,-0.12975341126905918
6.076271186440678,137.43857404580245,-10.641595184004927,-0.12975341126905918
6.1440677966101696,137.43857404580245,-12.385674585855494,-0.12975341126905918
6.211864406779661,137.43857404580245,-14.006142440436578,-0.12975341126905918
6.279661016949152,137.43857404580245,-15.497423541368857,-0.12975341126905918
6.347457627118644,137.43857404580245,-16.857781902239942,-0.12975341126905918
6.415254237288135,137.43857404580245,-18.088777080981934,-0.12975341126905918
6.483050847457627,137.43857404580245,-19.19463499871258,-0.12975341126905918
6.5508474576271185,137.43857404580245,-20.18160160066811,-0.12975341126905918
6.618644067796611,137.43857404580245,-21.057331447880628,-0.12975341126905918
6.686440677966102,137.43857404580245,-21.83034558302172,-0.12975341126905918
6.754237288135593,137.43857404580245,-22.509576833119667,-0.12975341126905918
6.822033898305085,137.43857404580245,-23.104007778353754,-0.12975341126905918
6.889830508474576,137.43857404580245,-23.62239746038164,-0.12975341126905918
6.9576271186440675,137.43857404580245,-24.073087276615333,-0.12975341126905918
7.025423728813559,137.43857404580245,-24.46387374938914,-0.12975341126905918
7.093220338983051,137.43857404580245,-24.801935185812667,-0.12975341126905918
7.161016949152542,137.43857404580245,-25.093799921702846,-0.12975341126905918
7.228813559322034,137.43857404580245,-25.345345275827153,-0.12975341126905918
7.296610169491526,137.43857404580245,-25.56181809414593,-0.12975341126905918
7.364406779661017,137.43857404580245,-25.747869550546824,-0.12975341126905918
7.432203389830509,137.43857404580245,-25.907598521358658,-0.12975341126905918
7.5,137.43857404580245,-26.044599281831637,-0.12975341126905918
3.5,146.30602119270964,26.115657268549285,-0.12975341126905918
3.5677966101694913,146.30602119270964,26.06622055567413,-0.12975341126905918
3.635593220338983,146.30602119270964,26.00837672048815,-0.12975341126905918
3.7033898305084745,146.30602119270964,25.940719768234608,-0.12975341126905918
3.7711864406779663,146.30602119270964,25.86161733715082,-0.12975341126905918
3.8389830508474576,146.30602119270964,25.76917749693105,-0.12975341126905918
3.906779661016949,146.30602119270964,25.661211890897405,-0.12975341126905918
3.9745762711864407,146.30602119270964,25.53519529776223,-0.12975341126905918
4.0423728813559325,146.30602119270964,25.38822192687612,-0.12975341126905918
4.110169491525424,146.30602119270964,25.21695910191103,-0.12975341126905918
4.177966101694915,146.30602119270964,25.017599461101682,-0.12975341126905918
4.245762711864407,146.30602119270964,24.78581343985229,-0.12975341126905918
4.313559322033898,146.30602119270964,24.516704636808832,-0.12975341126905918
4.38135593220339,146.30602119270964,24.20477172613932,-0.12975341126905918
4.4491525423728815,146.30602119270964,23.843881882535094,-0.12975341126905918
4.516949152542373,146.30602119270964,23.427262220705934,-0.12975341126905918
4.584745762711864,146.30602119270964,22.94751746143512,-0.12975341126905918
4.652542372881356,146.30602119270964,22.396683793520033,-0.12975341126905918
4.720338983050848,146.30602119270964,21.766330474672365,-0.12975341126905918
4.788135593220339,146.30602119270964,21.047721740632397,-0.12975341126905918
4.8559322033898304,146.30602119270964,20.23205155114323,-0.12975341126905918
4.923728813559322,146.30602119270964,19.310761924601884,-0.12975341126905918
4.991525423728813,146.30602119270964,18.275951336319125,-0.12975341126905918
5.059322033898305,146.30602119270964,17.12087215493039,-0.12975341126905918
5.127118644067797,146.30602119270964,15.840504920223978,-0.12975341126905918
5.194915254237288,146.30602119270964,14.432182585736136,-0.12975341126905918
5.262711864406779,146.30602119270964,12.896220810945131,-0.12975341126905918
5.330508474576272,146.30602119270964,11.236493426059646,-0.12975341126905918
5.398305084745763,146.30602119270964,9.460879048863688,-0.12975341126905918
5.466101694915254,146.30602119270964,7.581500085884926,-0.12975341126905918
5.533898305084746,146.30602119270964,5.6146833322245335,-0.12975341126905918
5.601694915254237,146.30602119270964,3.5805946120913426,-0.12975341126905918
5.669491525423728,146.30602119270964,1.502537475785516,-0.12975341126905918
5.73728813559322,146.30602119270964,-0.5940473215989996,-0.12975341126905918
5.805084745762712,146.30602119270964,-2.682797996181826,-0.12975341126905918
5.872881355932203,146.30602119270964,-4.737743684699961,-0.12975341126905918
5.9406779661016955,146.30602119270964,-6.7345755388154735,-0.12975341126905918
6.008474576271187,146.30602119270964,-8.651747524419939,-0.12975341126905918
6.076271186440678,146.30602119270964,-10.471306722907391,-0.12975341126905918
6.1440677966101696,146.30602119270964,-12.179396759981664,-0.12975341126905918
6.211864406779661,146.30602119270964,-13.766425994357215,-0.12975341126905918
6.279661016949152,146.30602119270964,-15.226934264953618,-0.12975341126905918
6.347457627118644,146.30602119270964,-16.559221407723093,-0.12975341126905918
6.415254237288135,146.30602119270964,-17.76481479886379,-0.12975341126905918
6.483050847457627,146.30602119270964,-18.847853156917438,-0.12975341126905918
6.5508474576271185,146.30602119270964,-19.81445354101493,-0.12975341126905918
6.618644067796611,146.30602119270964,-20.67211255906487,-0.12975341126905918
6.686440677966102,146.30602119270964,-21.42917542062444,-0.12975341126905918
6.754237288135593,146.30602119270964,-22.094390622369716,-0.12975341126905918
6.822033898305085,146.30602119270964,-22.67655538746335,-0.12975341126905918
6.889830508474576,146.30602119270964,-23.184248013300465,-0.12975341126905918
6.9576271186440675,146.30602119270964,-23.625637771188085,-0.12975341126905918
7.025423728813559,146.30602119270964,-24.008360300942226,-0.12975341126905918
7.093220338983051,146.30602119270964,-24.339445784126845,-0.12975341126905918
7.161016949152542,146.30602119270964,-24.625287843277572,-0.12975341126905918
7.228813559322034,146.30602119270964,-24.87164251772425,-0.12975341126905918
7.296610169491526,146.30602119270964,-25.08364838389947,-0.12975341126905918
7.364406779661017,146.30602119270964,-25.265860637954148,-0.12975341126905918
7.432203389830509,146.30602119270964,-25.42229357523116,-0.12975341126905918
7.5,146.30602119270964,-25.55646730252087,-0.12975341126905918
3.5,155.74559024534173,25.876134364444713,-0.12975341126905918
3.5677966101694913,155.74559024534173,25.827113061596688,-0.12975341126905918
3.635593220338983,155.74559024534173,25.769755280352133,-0.12975341126905918
3.7033898305084745,155.74559024534173,25.70266684033852,-0.12975341126905918
3.7711864406779663,155.74559024534173,25.624229096308778,-0.12975341126905918
3.8389830508474576,155.74559024534173,25.532566015592227,-0.12975341126905918
3.906779661016949,155.74559024534173,25.42550762997683,-0.12975341126905918
3.9745762711864407,155.74559024534173,25.300549937268666,-0.12975341126905918
4.0423728813559325,155.74559024534173,25.154811563785028,-0.12975341126905918
4.110169491525424,155.74559024534173,24.984987837227333,-0.12975341126905918
4.177966101694915,155.74559024534173,24.78730338857744,-0.12975341126905918
4.245762711864407,155.74559024534173,24.557465033986613,-0.12975341126905918
4.313559322033898,155.74559024534173,24.290617515900674,-0.12975341126905918
4.38135593220339,155.74559024534173,23.981305735386226,-0.12975341126905918
4.4491525423728815,155.74559024534173,23.623448400438097,-0.12975341126905918
4.516949152542373,155.74559024534173,23.210329537407215,-0.12975341126905918
4.584745762711864,155.74559024534173,22.73461600861017,-0.12975341126905918
4.652542372881356,155.74559024534173,22.188410921675203,-0.12975341126905918
4.720338983050848,155.74559024534173,21.563354376703796,-0.12975341126905918
4.788135593220339,155.74559024534173,20.850784014884457,-0.12975341126905918
4.8559322033898304,155.74559024534173,20.04196779192826,-0.12975341126905918
4.923728813559322,155.74559024534173,19.128419637796785,-0.12975341126905918
4.991525423728813,155.74559024534173,18.102304423246512,-0.12975341126905918
5.059322033898305,155.74559024534173,16.956931216348668,-0.12975341126905918
5.127118644067797,155.74559024534173,15.687322734738384,-0.12975341126905918
5.194915254237288,155.74559024534173,14.290834342783445,-0.12975341126905918
5.262711864406779,155.74559024534173,12.7677790475181,-0.12975341126905918
5.330508474576272,155.74559024534173,11.121998127878552,-0.12975341126905918
5.398305084745763,155.74559024534173,9.361303998686733,-0.12975341126905918
5.466101694915254,155.74559024534173,7.497717203524093,-0.12975341126905918
5.533898305084746,155.74559024534173,5.547427345635768,-0.12975341126905918
5.601694915254237,155.74559024534173,3.5304307985310075,-0.12975341126905918
5.669491525423728,155.74559024534173,1.4698352959214631,-0.12975341126905918
5.73728813559322,155.74559024534173,-0.6091321823309102,-0.12975341126905918
5.805084745762712,155.74559024534173,-2.6803313668583364,-0.12975341126905918
5.872881355932203,155.74559024534173,-4.718009624057213,-0.12975341126905918
5.9406779661016955,155.74559024534173,-6.698062369561875,-0.12975341126905918
6.008474576271187,155.74559024534173,-8.59912461768101,-0.12975341126905918
6.076271186440678,155.74559024534173,-10.403394305761076,-0.12975341126905918
6.1440677966101696,155.74559024534173,-12.097131492749291,-0.12975341126905918
6.211864406779661,155.74559024534173,-13.670825134627506,-0.12975341126905918
6.279661016949152,155.74559024534173,-15.11906095131204,-0.12975341126905918
6.347457627118644,155.74559024534173,-16.440153065004182,-0.12975341126905918
6.415254237288135,155.74559024534173,-17.635616017565994,-0.12975341126905918
6.483050847457627,155.74559024534173,-18.709553750445792,-0.12975341126905918
6.5508474576271185,155.74559024534173,-19.668031921952057,-0.12975341126905918
6.618644067796611,155.74559024534173,-20.51848414700875,-0.12975341126905918
6.686440677966102,155.74559024534173,-21.269185511503267,-0.12975341126905918
6.754237288135593,155.74559024534173,-21.92881099967468,-0.12975341126905918
6.822033898305085,155.74559024534173,-22.506083912806528,-0.12975341126905918
6.889830508474576,155.74559024534173,-23.0095104660185,-0.12975341126905918
6.9576271186440675,155.74559024534173,-23.447191285333226,-0.12975341126905918
7.025423728813559,155.74559024534173,-23.82669784931572,-0.12975341126905918
7.093220338983051,155.74559024534173,-24.155001265862943,-0.12975341126905918
7.161016949152542,155.74559024534173,-24.438441432763128,-0.12975341126905918
7.228813559322034,155.74559024534173,-24.682726022124363,-0.12975341126905918
7.296610169491526,155.74559024534173,-24.892950431614906,-0.12975341126905918
7.364406779661017,155.74559024534173,-25.073631580687103,-0.12975341126905918
7.432203389830509,155.74559024534173,-25.22875003310177,-0.12975341126905918
7.5,155.74559024534173,-25.361796316666922,-0.12975341126905918
3.5,165.7941941358638,25.876134364444713,-0.12975341126905918
3.5677966101694913,165.7941941358638,25.827113061596688,-0.12975341126905918
3.635593220338983,165.7941941358638,25.769755280352133,-0.12975341126905918
3.7033898305084745,165.7941941358638,25.70266684033852,-0.12975341126905918
3.7711864406779663,165.7941941358638,25.624229096308778,-0.12975341126905918
3.8389830508474576,165.7941941358638,25.532566015592227,-0.12975341126905918
3.906779661016949,165.7941941358638,25.42550762997683,-0.12975341126905918
3.9745762711864407,165.7941941358638,25.300549937268666,-0.12975341126905918
4.0423728813559325,165.7941941358638,25.154811563785028,-0.12975341126905918
4.110169491525424,165.7941941358638,24.984987837227333,-0.12975341126905918
4.177966101694915,165.7941941358638,24.78730338857744,-0.12975341126905918
4.245762711864407,165.7941941358638,24.557465033986613,-0.12975341126905918
4.313559322033898,165.7941941358638,24.290617515900674,-0.12975341126905918
4.38135593220339,165.7941941358638,23.981305735386226,-0.12975341126905918
4.4491525423728815,165.7941941358638,23.623448400438097,-0.12975341126905918
4.516949152542373,165.7941941358638,23.210329537407215,-0.12975341126905918
4.584745762711864,165.7941941358638,22.73461600861017,-0.12975341126905918
4.652542372881356,165.7941941358638,22.188410921675203,-0.12975341126905918
4.720338983050848,165.7941941358638,21.563354376703796,-0.12975341126905918
4.788135593220339,165.7941941358638,20.850784014884457,-0.12975341126905918
4.8559322033898304,165.7941941358638,20.04196779192826,-0.12975341126905918
4.923728813559322,165.7941941358638,19.128419637796785,-0.12975341126905918
4.991525423728813,165.7941941358638,18.102304423246512,-0.12975341126905918
5.059322033898305,165.7941941358638,16.956931216348668,-0.12975341126905918
5.127118644067797,165.7941941358638,15.687322734738384,-0.12975341126905918
5.194915254237288,165.7941941358638,14.290834342783445,-0.12975341126905918
5.262711864406779,165.7941941358638,12.7677790475181,-0.12975341126905918
5.330508474576272,165.7941941358638,11.121998127878552,-0.12975341126905918
5.398305084745763,165.7941941358638,9.361303998686733,-0.12975341126905918
5.466101694915254,165.7941941358638,7.497717203524093,-0.12975341126905918
5.533898305084746,165.7941941358638,5.547427345635768,-0.12975341126905918
5.601694915254237,165.7941941358638,3.5304307985310075,-0.12975341126905918
5.669491525423728,165.7941941358638,1.4698352959214631,-0.12975341126905918
5.73728813559322,165.7941941358638,-0.6091321823309102,-0.12975341126905918
5.805084745762712,165.7941941358638,-2.6803313668583364,-0.12975341126905918
5.872881355932203,165.7941941358638,-4.718009624057213,-0.12975341126905918
5.9406779661016955,165.7941941358638,-6.698062369561875,-0.12975341126905918
6.008474576271187,165.7941941358638,-8.59912461768101,-0.12975341126905918
6.076271186440678,165.7941941358638,-10.403394305761076,-0.12975341126905918
6.1440677966101696,165.7941941358638,-12.097131492749291,-0.12975341126905918
6.211864406779661,165.7941941358638,-13.670825134627506,-0.12975341126905918
6.279661016949152,165.7941941358638,-15.11906095131204,-0.12975341126905918
6.347457627118644,165.7941941358638,-16.440153065004182,-0.12975341126905918
6.415254237288135,165.7941941358638,-17.635616017565994,-0.12975341126905918
6.483050847457627,165.7941941358638,-18.709553750445792,-0.12975341126905918
6.5508474576271185,165.7941941358638,-19.668031921952057,-0.12975341126905918
6.618644067796611,165.7941941358638,-20.51848414700875,-0.12975341126905918
6.686440677966102,165.7941941358638,-21.269185511503267,-0.12975341126905918
6.754237288135593,165.7941941358638,-21.92881099967468,-0.12975341126905918
6.822033898305085,165.7941941358638,-22.506083912806528,-0.12975341126905918
6.889830508474576,165.7941941358638,-23.0095104660185,-0.12975341126905918
6.9576271186440675,165.7941941358638,-23.447191285333226,-0.12975341126905918
7.025423728813559,165.7941941358638,-23.82669784931572,-0.12975341126905918
7.093220338983051,165.7941941358638,-24.155001265862943,-0.12975341126905918
7.161016949152542,165.7941941358638,-24.438441432763128,-0.12975341126905918
7.228813559322034,165.7941941358638,-24.682726022124363,-0.12975341126905918
7.296610169491526,165.7941941358638,-24.892950431614906,-0.12975341126905918
7.364406779661017,165.7941941358638,-25.073631580687103,-0.12975341126905918
7.432203389830509,165.7941941358638,-25.22875003310177,-0.12975341126905918
7.5,165.7941941358638,-25.361796316666922,-0.12975341126905918
3.5,176.4911273947457,25.876134364444713,-0.12975341126905918
3.5677966101694913,176.4911273947457,25.827113061596688,-0.12975341126905918
3.635593220338983,176.4911273947457,25.769755280352133,-0.12975341126905918
3.7033898305084745,176.4911273947457,25.70266684033852,-0.12975341126905918
3.7711864406779663,176.4911273947457,25.624229096308778,-0.12975341126905918
3.8389830508474576,176.4911273947457,25.532566015592227,-0.12975341126905918
3.906779661016949,176.4911273947457,25.42550762997683,-0.12975341126905918
3.9745762711864407,176.4911273947457,25.300549937268666,-0.12975341126905918
4.0423728813559325,176.4911273947457,25.154811563785028,-0.12975341126905918
4.110169491525424,176.4911273947457,24.984987837227333,-0.12975341126905918
4.177966101694915,176.4911273947457,24.78730338857744,-0.12975341126905918
4.245762711864407,176.4911273947457,24.557465033986613,-0.12975341126905918
4.313559322033898,176.4911273947457,24.290617515900674,-0.12975341126905918
4.38135593220339,176.4911273947457,23.981305735386226,-0.12975341126905918
4.4491525423728815,176.4911273947457,23.623448400438097,-0.12975341126905918
4.516949152542373,176.4911273947457,23.210329537407215,-0.12975341126905918
4.584745762711864,176.4911273947457,22.73461600861017,-0.12975341126905918
4.652542372881356,176.4911273947457,22.188410921675203,-0.12975341126905918
4.720338983050848,176.4911273947457,21.563354376703796,-0.12975341126905918
4.788135593220339,176.4911273947457,20.850784014884457,-0.12975341126905918
4.8559322033898304,176.4911273947457,20.04196779192826,-0.12975341126905918
4.923728813559322,176.4911273947457,19.128419637796785,-0.12975341126905918
4.991525423728813,176.4911273947457,18.102304423246512,-0.12975341126905918
5.059322033898305,176.4911273947457,16.956931216348668,-0.12975341126905918
5.127118644067797,176.4911273947457,15.687322734738384,-0.12975341126905918
5.194915254237288,176.4911273947457,14.290834342783445,-0.12975341126905918
5.262711864406779,176.4911273947457,12.7677790475181,-0.12975341126905918
5.330508474576272,176.4911273947457,11.121998127878552,-0.12975341126905918
5.398305084745763,176.4911273947457,9.361303998686733,-0.12975341126905918
5.466101694915254,176.4911273947457,7.497717203524093,-0.12975341126905918
5.533898305084746,176.4911273947457,5.547427345635768,-0.12975341126905918
5.601694915254237,176.4911273947457,3.5304307985310075,-0.12975341126905918
5.669491525423728,176.4911273947457,1.4698352959214631,-0.12975341126905918
5.73728813559322,176.4911273947457,-0.6091321823309102,-0.12975341126905918
5.805084745762712,176.4911273947457,-2.6803313668583364,-0.12975341126905918
5.872881355932203,176.4911273947457,-4.718009624057213,-0.12975341126905918
5.9406779661016955,176.4911273947457,-6.698062369561875,-0.12975341126905918
6.008474576271187,176.4911273947457,-8.59912461768101,-0.12975341126905918
6.076271186440678,176.4911273947457,-10.403394305761076,-0.12975341126905918
6.1440677966101696,176.4911273947457,-12.097131492749291,-0.12975341126905918
6.211864406779661,176.4911273947457,-13.670825134627506,-0.12975341126905918
6.279661016949152,176.4911273947457,-15.11906095131204,-0.12975341126905918
6.347457627118644,176.4911273947457,-16.440153065004182,-0.12975341126905918
6.415254237288135,176.4911273947457,-17.635616017565994,-0.12975341126905918
6.483050847457627,176.4911273947457,-18.709553750445792,-0.12975341126905918
6.5508474576271185,176.4911273947457,-19.668031921952057,-0.12975341126905918
6.618644067796611,176.4911273947457,-20.51848414700875,-0.12975341126905918
6.686440677966102,176.4911273947457,-21.269185511503267,-0.12975341126905918
6.754237288135593,176.4911273947457,-21.92881099967468,-0.12975341126905918
6.822033898305085,176.4911273947457,-22.506083912806528,-0.12975341126905918
6.889830508474576,176.4911273947457,-23.0095104660185,-0.12975341126905918
6.9576271186440675,176.4911273947457,-23.447191285333226,-0.12975341126905918
7.025423728813559,176.4911273947457,-23.82669784931572,-0.12975341126905918
7.093220338983051,176.4911273947457,-24.155001265862943,-0.12975341126905918
7.161016949152542,176.4911273947457,-24.438441432763128,-0.12975341126905918
7.228813559322034,176.4911273947457,-24.682726022124363,-0.12975341126905918
7.296610169491526,176.4911273947457,-24.892950431614906,-0.12975341126905918
7.364406779661017,176.4911273947457,-25.073631580687103,-0.12975341126905918
7.432203389830509,176.4911273947457,-25.22875003310177,-0.12975341126905918
7.5,176.4911273947457,-25.361796316666922,-0.12975341126905918
3.5,187.87821980993215,25.876134364444713,-0.12975341126905918
3.5677966101694913,187.87821980993215,25.827113061596688,-0.12975341126905918
3.635593220338983,187.87821980993215,25.769755280352133,-0.12975341126905918
3.7033898305084745,187.87821980993215,25.70266684033852,-0.12975341126905918
3.7711864406779663,187.87821980993215,25.624229096308778,-0.12975341126905918
3.8389830508474576,187.87821980993215,25.532566015592227,-0.12975341126905918
3.906779661016949,187.87821980993215,25.42550762997683,-0.12975341126905918
3.9745762711864407,187.87821980993215,25.300549937268666,-0.12975341126905918
4.0423728813559325,187.87821980993215,25.154811563785028,-0.12975341126905918
4.110169491525424,187.87821980993215,24.984987837227333,-0.12975341126905918
4.177966101694915,187.87821980993215,24.78730338857744,-0.12975341126905918
4.245762711864407,187.87821980993215,24.557465033986613,-0.12975341126905918
4.313559322033898,187.87821980993215,24.290617515900674,-0.12975341126905918
4.38135593220339,187.87821980993215,23.981305735386226,-0.12975341126905918
4.4491525423728815,187.87821980993215,23.623448400438097,-0.12975341126905918
4.516949152542373,187.87821980993215,23.210329537407215,-0.12975341126905918
4.584745762711864,187.87821980993215,22.73461600861017,-0.12975341126905918
4.652542372881356,187.87821980993215,22.188410921675203,-0.12975341126905918
4.720338983050848,187.87821980993215,21.563354376703796,-0.12975341126905918
4.788135593220339,187.87821980993215,20.850784014884457,-0.12975341126905918
4.8559322033898304,187.87821980993215,20.04196779192826,-0.12975341126905918
4.923728813559322,187.87821980993215,19.128419637796785,-0.12975341126905918
4.991525423728813,187.87821980993215,18.102304423246512,-0.12975341126905918
5.059322033898305,187.87821980993215,16.956931216348668,-0.12975341126905918
5.127118644067797,187.87821980993215,15.687322734738384,-0.12975341126905918
5.194915254237288,187.87821980993215,14.290834342783445,-0.12975341126905918
5.262711864406779,187.87821980993215,12.7677790475181,-0.12975341126905918
5.330508474576272,187.87821980993215,11.121998127878552,-0.12975341126905918
5.398305084745763,187.87821980993215,9.361303998686733,-0.12975341126905918
5.466101694915254,187.87821980993215,7.497717203524093,-0.12975341126905918
5.533898305084746,187.87821980993215,5.547427345635768,-0.12975341126905918
5.601694915254237,187.87821980993215,3.5304307985310075,-0.12975341126905918
5.669491525423728,187.87821980993215,1.4698352959214631,-0.12975341126905918
5.73728813559322,187.87821980993215,-0.6091321823309102,-0.12975341126905918
5.805084745762712,187.87821980993215,-2.6803313668583364,-0.12975341126905918
5.872881355932203,187.87821980993215,-4.718009624057213,-0.12975341126905918
5.9406779661016955,187.87821980993215,-6.698062369561875,-0.12975341126905918
6.008474576271187,187.87821980993215,-8.59912461768101,-0.12975341126905918
6.076271186440678,187.87821980993215,-10.403394305761076,-0.12975341126905918
6.1440677966101696,187.87821980993215,-12.097131492749291,-0.12975341126905918
6.211864406779661,187.87821980993215,-13.670825134627506,-0.12975341126905918
6.279661016949152,187.87821980993215,-15.11906095131204,-0.12975341126905918
6.347457627118644,187.87821980993215,-16.440153065004182,-0.12975341126905918
6.415254237288135,187.87821980993215,-17.635616017565994,-0.12975341126905918
6.483050847457627,187.87821980993215,-18.709553750445792,-0.12975341126905918
6.5508474576271185,187.87821980993215,-19.668031921952057,-0.12975341126905918
6.618644067796611,187.87821980993215,-20.51848414700875,-0.12975341126905918
6.686440677966102,187.87821980993215,-21.269185511503267,-0.12975341126905918
6.754237288135593,187.87821980993215,-21.92881099967468,-0.12975341126905918
6.822033898305085,187.87821980993215,-22.506083912806528,-0.12975341126905918
6.889830508474576,187.87821980993215,-23.0095104660185,-0.12975341126905918
6.9576271186440675,187.87821980993215,-23.447191285333226,-0.12975341126905918
7.025423728813559,187.87821980993215,-23.82669784931572,-0.12975341126905918
7.093220338983051,187.87821980993215,-24.155001265862943,-0.12975341126905918
7.161016949152542,187.87821980993215,-24.438441432763128,-0.12975341126905918
7.228813559322034,187.87821980993215,-24.682726022124363,-0.12975341126905918
7.296610169491526,187.87821980993215,-24.892950431614906,-0.12975341126905918
7.364406779661017,187.87821980993215,-25.073631580687103,-0.12975341126905918
7.432203389830509,187.87821980993215,-25.22875003310177,-0.12975341126905918
7.5,187.87821980993215,-25.361796316666922,-0.12975341126905918
3.5,200.0,25.876134364444713,-0.12975341126905918
3.5677966101694913,200.0,25.827113061596688,-0.12975341126905918
3.635593220338983,200.0,25.769755280352133,-0.12975341126905918
3.7033898305084745,200.0,25.70266684033852,-0.12975341126905918
3.7711864406779663,200.0,25.624229096308778,-0.12975341126905918
3.8389830508474576,200.0,25.532566015592227,-0.12975341126905918
3.906779661016949,200.0,25.42550762997683,-0.12975341126905918
3.9745762711864407,200.0,25.300549937268666,-0.12975341126905918
4.0423728813559325,200.0,25.154811563785028,-0.12975341126905918
4.110169491525424,200.0,24.984987837227333,-0.12975341126905918
4.177966101694915,200.0,24.78730338857744,-0.12975341126905918
4.245762711864407,200.0,24.557465033986613,-0.12975341126905918
4.313559322033898,200.0,24.290617515900674,-0.12975341126905918
4.38135593220339,200.0,23.981305735386226,-0.12975341126905918
4.4491525423728815,200.0,23.623448400438097,-0.12975341126905918
4.516949152542373,200.0,23.210329537407215,-0.12975341126905918
4.584745762711864,200.0,22.73461600861017,-0.12975341126905918
4.652542372881356,200.0,22.188410921675203,-0.12975341126905918
4.720338983050848,200.0,21.563354376703796,-0.12975341126905918
4.788135593220339,200.0,20.850784014884457,-0.12975341126905918
4.8559322033898304,200.0,20.04196779192826,-0.12975341126905918
4.923728813559322,200.0,19.128419637796785,-0.12975341126905918
4.991525423728813,200.0,18.102304423246512,-0.12975341126905918
5.059322033898305,200.0,16.956931216348668,-0.12975341126905918
5.127118644067797,200.0,15.687322734738384,-0.12975341126905918
5.194915254237288,200.0,14.290834342783445,-0.12975341126905918
5.262711864406779,200.0,12.7677790475181,-0.12975341126905918
5.330508474576272,200.0,11.121998127878552,-0.12975341126905918
5.398305084745763,200.0,9.361303998686733,-0.12975341126905918
5.466101694915254,200.0,7.497717203524093,-0.12975341126905918
5.533898305084746,200.0,5.547427345635768,-0.12975341126905918
5.601694915254237,200.0,3.5304307985310075,-0.12975341126905918
5.669491525423728,200.0,1.4698352959214631,-0.12975341126905918
5.73728813559322,200.0,-0.6091321823309102,-0.12975341126905918
5.805084745762712,200.0,-2.6803313668583364,-0.12975341126905918
5.872881355932203,200.0,-4.718009624057213,-0.12975341126905918
5.9406779661016955,200.0,-6.698062369561875,-0.12975341126905918
6.008474576271187,200.0,-8.59912461768101,-0.12975341126905918
6.076271186440678,200.0,-10.403394305761076,-0.12975341126905918
6.1440677966101696,200.0,-12.097131492749291,-0.12975341126905918
6.211864406779661,200.0,-13.670825134627506,-0.12975341126905918
6.279661016949152,200.0,-15.11906095131204,-0.12975341126905918
6.347457627118644,200.0,-16.440153065004182,-0.12975341126905918
6.415254237288135,200.0,-17.635616017565994,-0.12975341126905918
6.483050847457627,200.0,-18.709553750445792,-0.12975341126905918
6.5508474576271185,200.0,-19.668031921952057,-0.12975341126905918
6.618644067796611,200.0,-20.51848414700875,-0.12975341126905918
6.686440677966102,200.0,-21.269185511503267,-0.12975341126905918
6.754237288135593,200.0,-21.92881099967468,-0.12975341126905918
6.822033898305085,200.0,-22.506083912806528,-0.12975341126905918
6.889830508474576,200.0,-23.0095104660185,-0.12975341126905918
6.9576271186440675,200.0,-23.447191285333226,-0.12975341126905918
7.025423728813559,200.0,-23.82669784931572,-0.12975341126905918
7.093220338983051,200.0,-24.155001265862943,-0.12975341126905918
7.161016949152542,200.0,-24.438441432763128,-0.12975341126905918
7.228813559322034,200.0,-24.682726022124363,-0.12975341126905918
7.296610169491526,200.0,-24.892950431614906,-0.12975341126905918
7.364406779661017,200.0,-25.073631580687103,-0.12975341126905918
7.432203389830509,200.0,-25.22875003310177,-0.12975341126905918
7.5,200.0,-25.361796316666922,-0.12975341126905918
