192	1.20
	0.000000	0.000000	0.000000
zein_blocked.pdb	-3.799501	-6.831500	-12.378501
alphaS1_casein_frag.pdb	-0.250500	2.795000	-0.287499
0.000000	2.724429	-0.348782	164	11	24	1071.28
-1.570796	0.203748	0.590255	166	28	36	1052.17
-1.047198	2.164094	-2.991358	180	188	32	996.97
1.570796	0.080730	-2.622036	169	29	40	974.37
0.785398	0.379747	-1.713059	171	24	47	964.48
-0.785398	0.685216	-1.712745	186	22	52	964.13
-2.617994	1.413347	-1.339188	181	24	41	957.08
-2.617994	1.134497	-1.109631	184	23	42	953.42
-2.094395	2.881233	-2.582574	162	14	26	933.89
-0.523599	2.979456	-1.009304	164	12	25	932.71
0.785398	1.872854	1.543456	178	19	54	931.36
1.570796	1.870545	-2.976234	0	33	36	928.15
-1.570796	2.164094	-2.991358	169	0	32	925.61
0.785398	1.766067	2.153843	167	12	46	921.83
-0.261799	0.370812	-2.547742	4	22	48	915.00
-0.523599	1.168678	2.108595	179	33	43	914.44
-0.785398	1.766067	2.153843	179	32	51	911.12
-0.523599	1.736875	3.023612	170	38	36	907.67
-0.785398	1.998705	2.370472	174	32	49	900.73
-0.785398	2.174483	2.653697	171	34	45	898.82
-1.047198	2.719179	-1.780644	164	8	31	896.21
-0.523599	2.295480	1.008277	183	10	50	894.38
-2.617994	2.881233	-2.582574	161	24	25	891.74
-1.308997	0.571433	-1.188419	186	29	50	890.82
1.832596	2.063651	-2.044600	1	24	40	888.72
1.047198	2.592629	0.909713	4	22	50	888.52
-0.785398	2.979456	-1.009304	163	17	25	886.81
-0.785398	2.115563	0.685730	189	9	48	886.54
-0.785398	2.174483	2.653697	172	34	46	883.72
-2.617994	1.510910	-0.740472	185	28	38	882.14
-1.832596	1.836682	-0.676006	173	37	38	881.16
-2.356194	0.571433	-1.188419	189	19	47	879.03
-2.356194	1.135834	-1.431087	181	21	43	874.79
-2.617994	1.433411	-1.035986	183	26	40	873.60
2.356194	2.251330	-2.330739	188	34	38	873.27
-2.879793	1.510910	-0.740472	187	27	38	869.57
0.785398	2.089241	-0.114193	186	25	33	863.26
-2.094395	2.579248	-2.364801	159	18	31	861.63
1.047198	2.592629	0.909713	4	21	50	859.22
-1.832596	1.909857	-0.381669	175	40	33	857.02
-1.047198	0.685216	-1.712745	187	21	52	856.27
-1.308997	2.719179	-1.780644	161	13	31	853.23
-2.879793	1.982574	-1.115518	184	28	36	851.61
1.832596	0.640596	-2.797608	174	29	42	849.16
-2.356194	2.881233	-2.582574	160	19	25	848.72
-0.785398	1.824694	1.850876	181	26	54	846.73
1.047198	0.619654	-2.216909	176	26	45	846.66
0.000000	0.906588	1.252948	183	17	35	846.12
-2.617994	1.113094	-0.272241	189	33	39	845.83
-2.094395	0.961715	0.014085	180	18	34	843.62
-2.094395	2.251330	-2.330739	160	19	38	843.04
-1.308997	2.164094	-2.991358	175	190	32	841.82
-0.523599	1.736875	3.023612	170	37	36	841.54
0.785398	1.824694	1.850876	172	15	52	838.88
-0.785398	2.349581	-2.702517	181	17	33	838.76
-1.308997	0.379747	-1.713059	0	22	50	837.74
-1.047198	2.979456	-1.009304	161	22	24	836.97
-1.832596	2.579248	-2.364801	161	13	32	836.06
2.094395	2.153910	-1.714959	2	23	40	834.65
-0.523599	0.910508	1.903534	181	18	35	833.82
2.094395	2.251330	-2.330739	191	32	38	832.42
-0.785398	2.979456	-1.009304	162	17	25	831.44
-0.785398	0.640596	-2.797608	190	7	46	831.06
0.523599	1.506530	1.988858	167	20	46	830.82
-1.308997	2.579248	-2.364801	167	3	32	830.08
-2.356194	2.881233	-2.582574	161	19	26	830.01
1.570796	0.866395	-2.492918	178	27	46	828.84
-0.785398	0.370812	-2.547742	2	15	48	827.87
-0.261799	0.619654	-2.216909	191	21	51	825.46
1.047198	2.089241	-0.114193	184	25	33	824.42
-2.879793	1.433411	-1.035986	185	25	40	823.80
0.261799	1.310100	1.488307	179	22	39	823.26
-1.047198	2.251330	-2.330739	172	2	39	822.99
-0.785398	1.869911	2.701025	174	38	43	822.89
1.570796	0.370812	-2.547742	171	28	43	821.08
1.570796	0.640596	-2.797608	177	31	43	820.78
-2.356194	0.961715	0.014085	180	19	34	819.41
-1.832596	2.719179	-1.780644	160	24	31	818.10
-1.570796	0.379747	-1.713059	0	19	50	816.97
-2.356194	1.242974	-2.977882	162	10	41	816.82
-1.570796	2.041297	-2.664597	166	4	39	815.55
1.308997	1.374601	-2.456031	189	24	44	814.73
1.832596	2.863997	0.549740	186	32	42	814.59
1.832596	2.863997	0.549740	185	30	40	812.16
-0.523599	0.619654	-2.216909	0	19	51	811.72
1.570796	1.948085	-2.363031	0	25	40	810.64
2.356194	1.696674	-1.253233	5	20	47	810.23
-2.356194	1.045978	0.343692	181	20	34	810.17
-2.356194	1.948085	-2.363031	162	22	44	809.47
-0.523599	1.812176	0.656819	2	16	48	809.46
-2.617994	2.588535	-2.976617	160	18	26	808.64
-2.356194	1.134497	-1.109631	182	24	42	808.38
-0.785398	1.869911	2.701025	174	37	43	805.72
-1.047198	0.850607	-1.335383	179	25	52	805.70
0.785398	2.587733	0.232235	191	26	38	804.29
-2.879793	2.104282	-0.813972	186	28	34	803.65
2.356194	1.948085	-2.363031	185	32	42	802.77
2.356194	0.733948	3.021411	171	31	38	802.77
2.356194	1.948085	-2.363031	185	31	41	801.83
-2.356194	1.741644	-2.695914	161	16	42	801.25
-3.141593	2.984978	1.954446	190	31	42	800.24
0.261799	1.184361	0.625864	189	27	39	799.99
2.356194	2.251330	-2.330739	187	34	38	798.51
-2.094395	2.579248	-2.364801	159	19	32	798.49
-1.047198	1.195355	1.200319	0	19	44	797.86
2.617994	0.762244	-0.273349	164	24	26	797.29
2.879793	2.704512	1.488683	185	29	48	796.91
0.785398	2.187132	-0.479875	185	26	32	796.73
-3.141593	1.909857	-0.381669	163	6	31	796.12
-2.094395	2.063651	-2.044600	163	23	44	794.72
0.523599	2.404280	-0.174044	0	29	36	793.13
0.785398	1.977582	0.969896	187	26	53	790.90
0.000000	0.640596	-2.797608	5	18	47	790.39
-2.356194	1.218453	2.777284	159	11	32	789.83
0.000000	0.866395	-2.492918	1	17	49	789.45
-2.617994	0.458961	-0.107937	185	22	38	788.88
-0.785398	2.033014	2.977192	174	39	40	788.84
1.047198	2.041297	-2.664597	3	22	37	788.55
1.832596	2.180315	-1.357379	161	19	23	788.46
-2.617994	0.618092	2.539118	161	22	39	787.57
2.617994	2.407836	1.410646	184	23	49	787.28
-1.832596	2.396274	-1.959260	160	21	38	786.68
-2.617994	1.875281	0.107086	171	2	41	785.48
-0.785398	2.041297	-2.664597	182	190	39	785.03
2.094395	1.948085	-2.363031	187	25	37	784.63
1.570796	2.041297	-2.664597	0	28	37	784.33
1.308997	1.658653	-2.409879	1	23	45	783.54
0.000000	0.906588	1.252948	182	17	35	783.45
0.523599	1.555207	1.708892	171	23	49	783.18
-1.570796	2.579248	-2.364801	162	8	32	782.91
-3.141593	2.456751	-1.503343	184	28	33	782.41
0.523599	1.310100	1.488307	173	29	49	781.49
-2.617994	1.050534	3.042579	159	15	38	781.28
-2.356194	2.579248	-2.364801	160	24	31	780.18
-0.523599	0.899350	-2.069907	187	15	52	779.74
-2.879793	2.089241	-0.114193	166	5	38	779.23
1.832596	0.370812	-2.547742	169	25	43	778.31
-1.832596	1.606104	-0.451151	176	39	38	777.90
-0.785398	2.033014	2.977192	173	39	39	777.03
-2.094395	2.349581	-2.702517	159	13	33	776.77
-1.308997	0.850607	-1.335383	181	25	52	774.00
-1.832596	2.579248	-2.364801	160	13	32	773.32
2.617994	2.704512	1.488683	188	27	47	772.92
-0.523599	1.606104	-0.451151	159	16	37	772.77
2.356194	1.696674	-1.253233	6	20	48	772.08
-1.308997	2.881233	-2.582574	170	1	26	770.91
-1.570796	2.579248	-2.364801	163	8	32	770.11
1.308997	2.041297	-2.664597	2	25	37	769.96
0.785398	2.295480	1.008277	0	21	53	769.81
-2.356194	1.658653	-2.409879	164	19	47	768.07
-1.308997	0.418037	1.360082	161	13	37	767.65
2.879793	1.836682	-0.676006	162	9	24	767.20
1.308997	0.370812	-2.547742	174	30	43	766.83
-1.570796	0.418037	1.360082	160	19	37	765.07
-1.308997	2.588535	-2.976617	175	189	27	765.05
1.308997	0.619654	-2.216909	174	25	46	764.37
-2.617994	1.450119	-2.739050	162	18	44	764.00
2.617994	0.864993	2.278281	186	188	37	763.85
-1.047198	1.741644	-2.695914	180	1	42	763.55
0.261799	2.724429	-0.348782	2	27	37	763.25
-0.523599	2.579248	-2.364801	180	17	32	763.18
2.617994	0.418037	1.360082	0	32	37	762.79
0.523599	1.413347	-1.339188	181	6	53	762.30
0.785398	1.909857	-0.381669	185	26	31	761.94
-2.094395	1.948085	-2.363031	162	17	44	761.59
1.047198	2.587733	0.232235	189	28	39	761.50
0.261799	0.906588	1.252948	183	17	35	761.15
1.308997	0.370812	-2.547742	175	30	44	761.06
1.308997	1.948085	-2.363031	1	22	40	761.06
-1.047198	0.379747	-1.713059	0	25	50	760.87
0.523599	1.824694	1.850876	172	17	52	760.67
0.261799	1.014500	0.906702	184	17	35	760.59
-2.879793	1.433411	-1.035986	186	25	41	760.19
1.570796	1.948085	-2.363031	1	25	40	759.90
0.000000	0.640596	-2.797608	4	18	47	759.71
-3.141593	2.089241	-0.114193	164	11	38	759.60
1.308997	0.297065	2.160177	161	10	28	759.53
-1.308997	2.588535	-2.976617	175	190	28	758.70
2.879793	2.455966	-0.641220	162	9	35	758.54
1.832596	1.948085	-2.363031	190	27	40	758.05
0.523599	1.824694	1.850876	171	17	51	757.93
0.785398	2.295480	1.008277	191	20	53	757.75
-2.094395	1.606104	-0.451151	180	40	37	757.17
-1.308997	2.579248	-2.364801	166	3	32	756.80
2.356194	0.618092	2.539118	184	186	30	756.76
-0.523599	1.128190	-2.288622	188	8	51	756.67
-3.141593	0.618092	2.539118	165	33	39	756.65
1.570796	2.863997	0.549740	188	29	40	756.22
-1.308997	2.041297	-2.664597	171	0	39	756.11
0.785398	2.455966	-0.641220	184	25	32	756.04
-2.617994	1.433411	-1.035986	183	27	41	755.88
-0.523599	1.168678	2.108595	176	29	40	755.54
-2.617994	2.664082	-1.071402	183	29	31	755.49
1.047198	1.766067	2.153843	168	9	49	754.60
-2.356194	1.050534	3.042579	161	9	39	753.29
0.000000	0.700570	1.559208	183	18	36	752.67
-1.570796	2.719179	-1.780644	160	18	31	752.46
-3.141593	2.719179	-1.780644	182	29	31	752.44
-2.879793	1.721184	-0.153948	166	2	33	752.06
-1.308997	0.418037	1.360082	161	14	37	751.96
-1.308997	1.574060	2.783565	178	11	33	751.21
-1.570796	2.588535	-2.976617	170	0	27	751.13
1.570796	1.569311	-3.003978	180	8	32	750.95
2.617994	1.836682	-0.676006	161	15	25	750.92
-1.047198	1.374601	-2.456031	183	7	50	750.56
2.094395	1.948085	-2.363031	188	30	41	749.24
0.785398	2.592629	0.909713	4	18	50	748.69
2.356194	2.343981	-1.040456	160	13	29	748.42
0.000000	1.732874	-0.951685	168	2	44	748.34
-0.523599	0.619654	-2.216909	0	18	51	748.24
-2.356194	1.569311	-3.003978	160	12	38	747.62
-0.261799	1.606104	-0.451151	160	9	34	747.55
1.832596	1.870545	-2.976234	187	34	36	747.34
2.094395	1.433411	-1.035986	4	10	48	746.85
1.047198	2.404280	-0.174044	184	25	33	746.71
2.094395	1.606104	-0.451151	161	28	24	745.84
-0.785398	1.741644	-2.695914	185	1	43	745.49
-0.523599	0.992645	-1.723759	181	17	54	745.02
-2.356194	1.374601	-2.456031	167	15	50	745.01
0.785398	1.809167	1.213774	181	24	53	744.82
1.047198	1.658653	-2.409879	191	21	43	744.82
-0.785398	0.866395	-2.492918	188	8	49	744.72
1.832596	0.929350	-2.910676	178	32	42	744.26
2.094395	2.063651	-2.044600	191	27	41	744.21
-1.047198	2.174483	2.653697	176	36	46	744.03
-3.141593	1.982574	-1.115518	1	35	43	744.00
-1.047198	0.700570	1.559208	166	5	31	743.17
-2.356194	1.135813	-2.658866	167	11	48	743.17
-2.094395	2.579248	-2.364801	160	19	32	743.11
1.308997	2.407836	1.410646	190	15	53	743.10
-2.879793	0.674054	1.013609	179	1	38	742.92
-0.785398	1.869911	2.701025	175	38	43	742.77
-2.356194	1.134497	-1.109631	183	24	43	742.72
0.785398	2.108018	1.311430	185	18	55	742.71
-0.261799	0.640596	-2.797608	3	14	47	742.53
2.094395	2.349581	-2.702517	32	191	187	741.92
1.047198	0.379747	-1.713059	169	21	47	741.74
-0.261799	1.168678	2.108595	175	32	44	741.63
0.000000	2.979456	-1.009304	190	30	36	741.36
-0.785398	0.379747	-1.713059	191	27	50	740.91
0.261799	2.587733	0.232235	9	22	46	739.96
-2.879793	1.413347	-1.339188	183	23	41	739.11
2.094395	1.836682	-0.676006	160	25	23	739.07
-1.308997	1.699788	2.452890	183	33	44	737.69
0.785398	1.809167	1.213774	182	25	54	737.54
-0.785398	1.310100	1.488307	186	23	45	737.53
1.832596	0.866395	-2.492918	178	28	50	737.26
1.047198	0.899350	-2.069907	179	22	49	736.99
-0.523599	0.640596	-2.797608	1	10	47	736.74
-0.261799	0.899350	-2.069907	187	17	52	736.44
-0.785398	0.899350	-2.069907	187	14	53	736.36
1.047198	1.374601	-2.456031	191	22	46	736.34
1.832596	1.050534	3.042579	182	8	33	736.06
-2.356194	2.041297	-2.664597	159	18	38	735.70
-2.617994	0.831641	0.616218	182	20	35	735.48
1.047198	2.187132	-0.479875	183	26	32	735.37
-1.832596	2.153910	-1.714959	163	25	44	735.33
2.094395	0.080730	-2.622036	165	21	40	734.96
-1.047198	2.979456	-1.009304	162	22	25	734.91
-3.141593	2.180315	-1.357379	185	27	35	734.37
1.047198	1.374601	-2.456031	190	22	45	734.15
1.308997	1.870545	-2.976234	1	28	36	733.82
1.832596	1.050534	3.042579	183	19	36	733.64
-1.570796	2.349581	-2.702517	166	3	33	733.42
2.094395	2.396274	-1.959260	2	28	37	733.28
-2.356194	1.658653	-2.409879	164	18	47	733.16
-2.094395	2.396274	-1.959260	161	26	38	733.04
2.356194	1.134796	2.434290	184	189	40	732.69
-1.832596	1.909857	-0.381669	175	39	33	732.20
2.356194	2.153910	-1.714959	0	26	39	731.79
-2.879793	0.960688	-0.577532	0	27	43	731.70
1.308997	1.367556	0.358405	175	33	38	731.23
2.094395	1.658653	-2.409879	185	28	43	730.96
-2.094395	0.709924	0.218797	181	190	31	730.02
0.523599	2.073035	2.027405	171	12	51	729.96
-1.047198	0.619654	-2.216909	189	14	50	728.84
-0.785398	1.870545	-2.976234	186	190	37	728.72
1.570796	0.618092	2.539118	0	29	38	728.50
2.617994	1.448123	-2.163292	181	20	35	728.37
1.308997	0.866395	-2.492918	181	27	45	728.35
1.570796	2.041297	-2.664597	182	16	33	727.83
-0.785398	1.555207	1.708892	187	29	53	727.53
-2.094395	2.881233	-2.582574	161	14	26	727.41
1.308997	1.658653	-2.409879	191	23	43	726.89
-1.832596	2.349581	-2.702517	162	8	33	726.81
2.094395	2.041297	-2.664597	186	33	38	726.52
-0.785398	1.606104	-0.451151	159	22	37	726.33
0.785398	1.869911	2.701025	161	9	43	725.78
2.094395	0.640596	-2.797608	172	28	45	724.77
1.832596	2.349581	-2.702517	183	16	33	724.58
1.832596	2.251330	-2.330739	1	28	37	724.50
-1.047198	1.683268	0.374177	1	9	43	724.39
-1.570796	2.396274	-1.959260	161	15	38	723.99
-2.094395	2.343981	-1.040456	170	37	34	723.95
-0.261799	0.496451	0.593859	1	25	34	723.84
0.785398	1.045978	0.343692	181	190	31	723.66
-2.356194	1.836682	-0.676006	184	39	39	723.59
1.570796	2.164094	-2.991358	1	33	34	723.51
-0.785398	2.664082	-1.071402	162	15	31	723.17
-2.356194	1.433411	-1.035986	181	26	40	722.99
-1.047198	2.587733	0.232235	187	1	43	722.86
0.261799	0.733948	3.021411	162	22	29	722.47
-0.523599	1.301460	-0.509251	161	19	42	722.18
-0.523599	1.504028	0.636812	5	20	46	722.06
1.570796	1.050534	3.042579	186	24	38	721.32
0.785398	0.899350	-2.069907	180	22	48	721.00
-2.356194	0.831641	0.616218	182	0	37	720.86
1.308997	0.866395	-2.492918	180	27	45	720.53
-1.047198	1.870545	-2.976234	181	189	37	720.09
1.047198	1.128190	-2.288622	185	22	46	720.06
-1.570796	2.637879	2.121598	175	19	33	719.97
2.094395	0.640596	-2.797608	171	27	43	719.74
-0.523599	0.619654	-2.216909	191	19	51	719.65
-0.261799	0.929350	-2.910676	3	8	45	719.42
-0.261799	1.301460	-0.509251	161	12	41	718.62
-1.570796	0.866955	-0.931351	180	31	49	718.58
-1.047198	2.579248	-2.364801	178	18	32	718.33
1.308997	1.184361	0.625864	189	4	25	718.03
1.047198	1.367556	0.358405	185	12	33	717.96
-1.047198	2.174483	2.653697	175	36	46	717.86
-1.832596	1.606104	-0.451151	175	38	37	717.60
-1.308997	2.349581	-2.702517	171	0	33	717.47
2.617994	2.863997	0.549740	174	26	36	717.34
-2.617994	1.194549	-0.801900	185	26	40	716.86
1.832596	0.297065	2.160177	167	0	28	716.34
1.570796	1.135813	-2.658866	183	29	45	715.36
1.832596	2.041297	-2.664597	190	32	38	715.33
-0.261799	2.588535	-2.976617	164	28	34	715.17
1.570796	1.433411	-1.035986	189	4	47	715.12
-0.785398	1.736875	3.023612	175	41	36	715.00
-0.523599	1.977582	0.969896	187	15	51	714.56
-0.785398	0.992645	-1.723759	181	17	53	714.21
-2.879793	2.247462	0.191623	167	11	45	713.89
2.356194	2.396274	-1.959260	0	31	37	713.73
1.832596	2.863997	0.549740	184	30	40	713.40
-1.570796	2.104282	-0.813972	165	32	36	713.39
-1.047198	2.356369	3.005869	176	39	41	713.33
1.570796	1.658653	-2.409879	191	26	44	713.28
2.356194	2.592629	0.909713	181	28	43	713.13
-1.832596	2.456751	-1.503343	162	30	37	713.04
0.261799	0.910508	1.903534	182	11	32	712.96
2.356194	0.992645	-1.723759	179	16	54	712.68
-1.832596	2.396274	-1.959260	161	21	38	712.53
0.785398	2.138223	1.678323	180	12	54	712.26
0.261799	2.724429	-0.348782	1	27	36	712.14
2.617994	2.456751	-1.503343	2	30	36	711.63
1.832596	2.041297	-2.664597	191	32	38	711.50
-0.261799	1.135813	-2.658866	0	7	46	710.95
-2.094395	0.961715	0.014085	180	19	34	710.72
1.570796	2.041297	-2.664597	182	15	33	710.00
-1.308997	2.164094	-2.991358	174	189	32	709.95
-1.308997	0.910508	1.903534	175	14	34	709.90
0.000000	0.379747	-1.713059	181	19	40	709.36
0.261799	0.674054	1.013609	181	189	32	709.16
2.617994	2.104282	-0.813972	161	12	27	709.15
2.879793	1.218453	2.777284	167	29	33	708.71
-1.308997	0.674054	1.013609	159	19	32	708.66
-1.832596	0.571433	-1.188419	189	26	51	708.44
2.094395	0.929350	-2.910676	182	17	35	708.26
-0.785398	0.619654	-2.216909	191	16	51	708.24
-1.047198	2.349581	-2.702517	176	190	34	708.10
-2.617994	1.948085	-2.363031	163	26	43	708.10
-2.879793	1.732874	-0.951685	0	33	44	707.53
-1.570796	1.836682	-0.676006	168	34	39	707.10
-1.570796	2.456751	-1.503343	160	24	37	706.87
0.785398	0.379747	-1.713059	170	24	46	706.44
1.832596	0.370812	-2.547742	170	25	45	706.38
1.570796	1.741644	-2.695914	190	29	40	706.30
-0.785398	2.115563	0.685730	188	9	48	706.22
1.832596	1.741644	-2.695914	187	31	40	706.07
-0.785398	1.440580	2.260026	179	32	44	705.57
-1.308997	1.736875	3.023612	183	30	35	705.56
2.094395	0.618092	2.539118	183	25	37	705.52
1.832596	1.812176	0.656819	180	18	31	705.48
-1.832596	1.998705	2.370472	186	27	43	705.07
1.832596	1.732874	-0.951685	4	8	44	704.87
0.785398	1.128190	-2.288622	187	20	47	704.86
0.523599	0.709924	0.218797	189	30	33	704.60
2.356194	2.063651	-2.044600	189	29	41	704.33
-1.570796	2.719179	-1.780644	159	18	31	704.27
0.785398	1.555207	1.708892	170	21	51	703.90
-0.785398	2.349581	-2.702517	181	189	34	703.86
-1.047198	1.741644	-2.695914	179	0	43	703.85
0.785398	2.138223	1.678323	179	12	53	703.64
1.047198	2.299159	2.264663	176	3	50	703.57
1.832596	1.658653	-2.409879	187	27	43	703.37
-1.047198	0.733948	3.021411	184	14	39	703.23
-2.356194	0.458961	-0.107937	188	30	42	703.08
0.523599	1.025536	1.576859	183	11	32	703.07
-0.523599	1.247695	1.809890	181	31	46	702.98
2.094395	1.696674	-1.253233	5	16	48	702.81
2.356194	1.606104	-0.451151	162	23	28	702.80
0.785398	2.592629	0.909713	5	18	51	702.80
-2.356194	2.356369	3.005869	173	17	30	702.76
-1.832596	2.033014	2.977192	176	14	32	702.73
2.617994	1.696674	-1.253233	4	24	48	702.69
1.047198	2.138223	1.678323	181	11	53	702.65
-1.308997	2.164094	-2.991358	174	190	32	702.62
-2.617994	1.413347	-1.339188	180	25	43	702.45
-0.261799	1.504028	0.636812	3	23	45	702.20
-1.570796	2.396274	-1.959260	160	15	38	701.99
-1.832596	2.881233	-2.582574	163	9	26	701.95
0.785398	1.413347	-1.339188	184	6	53	701.85
0.261799	1.247695	1.809890	182	11	30	701.59
0.261799	2.724429	-0.348782	166	8	25	701.51
-1.047198	1.870545	-2.976234	181	190	37	701.49
-0.785398	2.295480	1.008277	181	9	51	701.15
-0.785398	1.998705	2.370472	173	32	49	700.65
-0.523599	0.591903	2.010408	182	38	37	700.53
1.832596	1.948085	-2.363031	189	23	37	700.02
-2.879793	1.194549	-0.801900	187	25	40	699.98
1.308997	2.251330	-2.330739	3	21	37	699.65
2.356194	2.579248	-2.364801	184	15	33	699.45
-2.094395	2.881233	-2.582574	163	14	27	699.21
1.570796	0.733948	3.021411	182	19	36	699.10
0.261799	2.393226	1.857173	176	8	53	699.05
0.000000	1.184361	0.625864	190	25	39	698.94
-0.785398	1.195355	1.200319	191	21	44	698.93
-0.785398	1.870545	-2.976234	186	189	37	698.90
0.785398	2.404280	-0.174044	177	9	28	698.73
-0.785398	2.073035	2.027405	175	25	53	698.69
-0.261799	0.619654	-2.216909	191	22	51	698.61
2.094395	1.721184	-0.153948	160	29	31	698.51
1.570796	2.587733	0.232235	178	38	44	698.12
2.617994	1.168678	2.108595	185	0	45	698.05
2.879793	2.396274	-1.959260	184	15	32	697.90
-1.047198	0.674054	1.013609	160	13	32	697.82
2.094395	2.063651	-2.044600	191	26	40	697.77
-1.047198	2.349581	-2.702517	176	189	34	697.69
1.047198	2.863997	0.549740	191	24	39	697.63
-0.523599	0.866395	-2.492918	190	11	49	697.59
1.832596	1.433411	-1.035986	0	7	47	697.52
1.308997	1.741644	-2.695914	0	26	40	697.47
0.785398	1.721184	-0.153948	185	26	32	697.41
-2.094395	2.104282	-0.813972	175	39	37	697.41
1.570796	2.349581	-2.702517	1	28	34	697.39
0.785398	1.872854	1.543456	178	18	54	697.34
1.570796	0.370812	-2.547742	173	29	47	697.14
-1.832596	1.721184	-0.153948	179	23	34	696.96
0.785398	2.089241	-0.114193	176	3	28	696.94
0.785398	1.554776	0.100351	183	12	33	696.60
-2.094395	1.736875	3.023612	174	16	34	696.40
2.356194	1.194549	-0.801900	166	24	18	696.26
-1.832596	1.417623	-0.202254	183	187	26	696.21
1.832596	1.948085	-2.363031	191	28	41	695.66
-2.617994	1.134497	-1.109631	185	23	43	695.17
0.523599	2.587733	0.232235	8	26	46	695.13
-0.523599	2.979456	-1.009304	163	12	25	695.11
-0.785398	1.699788	2.452890	177	36	46	694.97
1.047198	0.733948	3.021411	183	19	36	694.74
-1.308997	1.247695	1.809890	187	21	41	694.61
-0.785398	1.135834	-1.431087	174	19	52	694.49
0.523599	1.247695	1.809890	167	26	46	693.95
1.570796	1.256302	0.062705	171	34	33	693.66
0.785398	1.128190	-2.288622	186	21	47	693.44
1.832596	0.080730	-2.622036	166	26	42	693.39
0.785398	1.506530	1.988858	165	18	48	693.36
2.617994	0.419640	2.974122	167	27	39	693.32
-1.047198	1.998705	2.370472	176	34	49	693.31
1.570796	0.297065	2.160177	164	5	29	693.14
2.879793	2.719179	-1.780644	184	15	33	693.00
-1.308997	1.135834	-1.431087	176	21	51	692.61
-0.523599	1.662363	0.915448	190	20	48	692.03
1.308997	2.704512	1.488683	3	12	50	692.00
-0.523599	0.866395	-2.492918	191	11	49	691.84
-0.523599	1.440580	2.260026	173	27	40	691.49
1.308997	0.619654	-2.216909	177	26	51	691.39
-1.047198	0.418037	1.360082	163	8	37	691.24
-0.261799	0.866955	-0.931351	167	19	48	691.12
-0.261799	0.929350	-2.910676	2	8	45	691.07
1.308997	1.658653	-2.409879	190	24	43	690.97
2.617994	2.984978	1.954446	191	24	39	690.86
-2.617994	2.407836	1.410646	177	19	36	690.64
0.000000	1.194549	-0.801900	166	10	47	690.56
-0.261799	0.910508	1.903534	179	35	42	690.51
1.570796	2.164094	-2.991358	182	16	34	690.31
-1.570796	2.164094	-2.991358	168	0	32	690.07
2.879793	2.456751	-1.503343	191	32	36	689.99
2.879793	2.456751	-1.503343	186	28	33	689.93
-0.785398	2.187132	-0.479875	158	20	30	689.79
-1.308997	2.396274	-1.959260	163	10	38	689.68
-2.617994	1.732874	-0.951685	187	35	44	689.62
-1.570796	1.870545	-2.976234	169	1	37	689.46
1.308997	2.138223	1.678323	182	11	53	689.25
-1.308997	1.168678	2.108595	187	24	39	688.70
-2.356194	2.704512	1.488683	175	20	35	688.63
2.094395	2.343981	-1.040456	159	19	29	688.40
1.570796	1.741644	-2.695914	191	29	40	688.19
-1.308997	2.356369	3.005869	181	40	41	687.90
2.879793	0.615174	-0.666022	166	24	22	687.43
-1.570796	2.588535	-2.976617	171	0	27	687.19
-1.308997	1.875281	0.107086	188	2	36	686.33
-2.617994	2.349581	-2.702517	159	23	32	686.10
-0.523599	1.195355	1.200319	189	23	44	686.01
0.785398	0.733948	3.021411	164	11	29	685.77
0.785398	1.599406	1.426070	175	23	52	685.75
-1.570796	1.194549	-0.801900	176	22	38	685.68
-2.617994	0.866955	-0.931351	188	24	46	685.42
-0.261799	1.662363	0.915448	190	22	48	685.21
-1.047198	1.433411	-1.035986	165	23	47	685.19
1.047198	1.699788	2.452890	164	6	43	685.16
1.832596	2.104282	-0.813972	161	28	26	685.12
-1.570796	1.413347	-1.339188	175	18	37	685.01
-1.832596	2.251330	-2.330739	161	14	39	684.74
0.523599	1.599406	1.426070	177	26	52	684.63
-0.785398	0.290380	-0.796960	178	20	38	684.61
-0.523599	1.310100	1.488307	184	24	45	684.36
2.094395	2.104282	-0.813972	160	23	27	684.31
-1.047198	0.571433	-1.188419	182	30	51	684.11
2.356194	0.458961	-0.107937	165	27	26	684.11
1.047198	1.440580	2.260026	162	10	43	684.10
-1.047198	0.674054	1.013609	160	14	32	683.86
1.570796	1.812176	0.656819	181	20	33	683.53
-1.570796	0.571433	-1.188419	187	28	51	683.49
-2.617994	1.242974	-2.977882	160	15	41	683.23
-2.617994	2.393226	1.857173	181	23	42	682.91
2.356194	0.709924	0.218797	163	22	32	682.66
2.356194	2.104282	-0.813972	161	18	28	682.58
-2.094395	2.396274	-1.959260	161	27	38	682.44
0.785398	1.488617	1.159546	179	35	52	682.35
0.785398	2.187132	-0.479875	184	26	32	681.93
-2.617994	2.588535	-2.976617	159	19	26	681.65
-2.879793	2.456751	-1.503343	184	11	30	681.46
-2.356194	1.732874	-0.951685	182	36	44	681.45
2.617994	1.732874	-0.951685	7	22	44	681.38
-1.047198	1.869911	2.701025	178	39	43	680.87
1.570796	1.128190	-2.288622	182	21	41	680.81
0.523599	1.872854	1.543456	178	20	54	680.80
-0.523599	1.135834	-1.431087	174	17	53	680.78
1.308997	2.164094	-2.991358	2	29	33	680.60
-2.617994	2.247462	0.191623	169	6	45	680.28
1.308997	2.349581	-2.702517	4	27	34	680.09
0.523599	2.299159	2.264663	169	8	49	680.05
1.308997	1.948085	-2.363031	2	22	40	679.93
0.785398	1.662363	0.915448	183	30	51	679.75
0.261799	2.979456	-1.009304	189	35	39	679.72
-0.523599	2.041297	-2.664597	187	191	39	679.58
-2.617994	2.579248	-2.364801	161	29	32	679.34
-2.094395	2.637879	2.121598	178	25	39	678.90
-1.308997	0.700570	1.559208	163	10	31	678.27
-1.308997	2.349581	-2.702517	170	0	33	678.25
-1.832596	0.615174	-0.666022	186	33	47	678.13
0.000000	0.831641	0.616218	179	14	35	678.06
-0.785398	2.138223	1.678323	178	18	55	677.91
2.879793	1.982574	-1.115518	5	31	43	677.42
2.617994	1.045978	0.343692	157	13	31	677.41
1.832596	1.413347	-1.339188	0	11	51	677.35
-2.356194	1.756530	-2.105156	168	26	50	677.05
-0.785398	1.168678	2.108595	182	34	43	676.85
-2.879793	1.982574	-1.115518	188	37	43	676.53
-1.308997	1.218453	2.777284	175	185	29	676.51
2.356194	1.554776	0.100351	158	23	34	676.44
1.570796	1.732874	-0.951685	181	16	31	676.33
-2.356194	0.709924	0.218797	181	19	35	676.30
0.785398	0.899350	-2.069907	181	22	51	676.00
-0.523599	1.510910	-0.740472	161	15	42	676.00
-1.832596	2.579248	-2.364801	159	13	32	675.94
-3.141593	1.606104	-0.451151	163	6	26	675.85
1.570796	0.080730	-2.622036	178	16	34	675.59
-2.356194	0.914445	2.687814	159	12	34	675.52
-1.047198	2.033014	2.977192	178	41	39	675.38
-1.570796	2.396274	-1.959260	161	16	38	674.94
-2.094395	0.762244	-0.273349	181	18	35	674.82
-2.617994	1.135834	-1.431087	182	20	43	674.40
1.047198	1.824694	1.850876	173	12	49	674.12
0.261799	0.685216	-1.712745	178	23	53	674.07
-1.047198	0.685216	-1.712745	186	21	52	673.81
0.523599	2.719179	-1.780644	165	36	34	673.67
-3.141593	0.733948	3.021411	164	27	44	673.66
-0.523599	1.301460	-0.509251	161	18	42	673.23
-2.356194	2.251330	-2.330739	161	24	39	673.10
1.832596	2.180315	-1.357379	160	18	23	672.91
-1.047198	2.187132	-0.479875	160	26	30	672.84
-0.261799	1.134796	2.434290	170	32	39	672.71
1.570796	2.349581	-2.702517	2	31	34	672.60
2.617994	1.325504	-1.671296	184	22	53	672.40
-0.523599	1.909857	-0.381669	158	15	32	672.18
1.570796	2.393226	1.857173	188	8	51	672.06
1.047198	0.379747	-1.713059	168	21	46	672.02
1.570796	1.948085	-2.363031	191	22	37	671.93
-1.047198	2.041297	-2.664597	176	190	39	671.75
-3.141593	0.419640	2.974122	164	25	45	671.70
-0.785398	2.349581	-2.702517	180	17	33	671.60
-2.879793	1.134497	-1.109631	185	22	43	671.59
-2.617994	2.881233	-2.582574	160	25	25	671.58
0.785398	1.599406	1.426070	175	24	52	671.51
-1.832596	2.478122	2.609777	183	36	46	671.39
0.785398	1.998705	2.370472	166	8	47	671.34
1.047198	1.870545	-2.976234	2	25	36	671.06
1.832596	1.413347	-1.339188	191	11	50	671.06
-3.141593	1.113094	-0.272241	166	13	29	671.06
-1.832596	2.760637	2.781135	183	31	39	670.98
0.523599	1.721184	-0.153948	187	25	32	670.90
-1.047198	1.301460	-0.509251	165	29	43	670.63
1.570796	2.251330	-2.330739	3	25	37	670.59
-0.785398	2.356369	3.005869	171	37	41	670.56
-0.785398	0.850607	-1.335383	177	24	53	670.50
-0.261799	0.831641	0.616218	177	15	35	670.46
-0.261799	2.356369	3.005869	163	29	41	670.42
-0.523599	0.685216	-1.712745	184	24	53	670.35
-3.141593	2.153910	-1.714959	182	27	36	670.25
0.000000	0.929350	-2.910676	163	22	25	670.21
-0.261799	0.290380	-0.796960	168	25	41	670.19
0.785398	2.592629	0.909713	5	19	50	669.88
2.094395	1.301460	-0.509251	166	28	23	669.81
0.523599	0.379747	-1.713059	173	26	47	669.64
1.832596	2.041297	-2.664597	190	31	37	669.58
0.785398	1.699788	2.452890	162	11	44	669.55
2.094395	1.510910	-0.740472	165	26	21	669.44
0.785398	2.587733	0.232235	0	26	40	669.25
-1.832596	2.033014	2.977192	166	2	28	669.22
-0.523599	2.033014	2.977192	168	36	39	669.21
2.356194	2.396274	-1.959260	187	26	34	669.19
-2.094395	1.982574	-1.115518	172	34	41	668.77
-1.308997	1.335669	0.897240	174	18	31	668.68
-1.047198	2.041297	-2.664597	177	191	39	668.47
1.047198	1.736875	3.023612	2	27	34	668.29
1.308997	0.733948	3.021411	182	19	36	668.23
1.308997	1.450119	-2.739050	0	28	43	668.13
-1.047198	2.115563	0.685730	186	7	48	667.93
-0.261799	0.866395	-2.492918	0	14	49	667.67
-0.261799	1.510910	-0.740472	163	10	43	667.46
-2.356194	2.001437	0.381215	175	3	47	667.37
0.523599	1.872854	1.543456	177	19	53	667.30
0.000000	2.393226	1.857173	174	10	54	667.10
-2.879793	0.496451	0.593859	171	2	33	667.10
-1.047198	2.041297	-2.664597	178	191	40	667.00
0.261799	2.187132	-0.479875	174	12	32	666.99
0.785398	0.619654	-2.216909	179	27	48	666.66
-0.523599	2.664082	-1.071402	163	10	31	666.65
0.261799	2.637879	2.121598	171	4	49	666.65
-0.785398	0.685216	-1.712745	185	23	53	666.57
1.308997	2.407836	1.410646	190	16	53	666.42
-0.785398	0.899350	-2.069907	186	14	52	666.36
-0.523599	1.812176	0.656819	1	15	46	666.33
-0.261799	1.168678	2.108595	173	27	40	666.30
-0.261799	1.247695	1.809890	177	26	43	666.26
1.308997	1.870545	-2.976234	181	16	34	666.09
-2.617994	2.760637	2.781135	190	25	38	666.05
2.617994	1.256302	0.062705	157	16	28	666.01
1.832596	0.929350	-2.910676	178	31	42	665.94
-2.094395	2.063651	-2.044600	163	24	45	665.92
-3.141593	1.904882	-1.478089	184	26	38	665.73
1.570796	1.741644	-2.695914	191	30	41	665.72
-0.785398	0.619654	-2.216909	190	17	51	665.53
0.785398	1.256302	0.062705	178	190	33	665.38
-1.308997	1.977582	0.969896	186	7	52	665.36
-0.261799	2.033014	2.977192	164	32	40	665.23
1.832596	2.180315	-1.357379	160	19	23	665.05
-0.261799	2.407836	1.410646	176	10	49	664.92
1.832596	1.812176	0.656819	180	19	33	664.87
1.570796	1.696674	-1.253233	1	8	47	664.74
2.617994	1.948085	-2.363031	31	163	177	664.63
-1.308997	0.571433	-1.188419	185	29	51	664.55
2.094395	1.413347	-1.339188	0	14	50	664.44
1.308997	2.033014	2.977192	182	17	35	664.24
2.879793	0.419640	2.974122	166	30	45	664.15
-1.570796	1.134497	-1.109631	177	20	38	663.97
1.832596	2.637879	2.121598	1	6	48	663.67
0.785398	1.335669	0.897240	180	36	48	663.63
1.832596	2.456751	-1.503343	160	17	29	663.51
-1.047198	0.370812	-2.547742	0	12	49	663.46
-1.308997	1.683268	0.374177	190	6	43	663.31
-1.308997	2.349581	-2.702517	171	191	33	663.26
0.523599	2.138223	1.678323	178	13	54	663.22
-2.094395	2.299159	2.264663	184	27	43	663.13
1.832596	0.640596	-2.797608	174	30	44	662.93
1.308997	2.349581	-2.702517	3	26	34	662.91
-0.261799	1.869911	2.701025	167	23	34	662.53
-0.785398	0.674054	1.013609	162	9	32	662.50
0.785398	0.906588	1.252948	184	11	32	662.46
-0.523599	1.440580	2.260026	175	30	44	662.38
0.523599	2.299159	2.264663	169	7	48	661.98
2.617994	2.704512	1.488683	187	28	48	661.93
-2.879793	1.510910	-0.740472	186	27	38	661.86
-2.879793	2.063651	-2.044600	177	21	31	661.83
-2.356194	0.762244	-0.273349	187	32	42	661.47
2.617994	1.374601	-2.456031	179	21	35	661.42
-0.785398	1.247695	1.809890	184	30	46	661.38
2.356194	1.904882	-1.478089	0	21	41	661.34
2.617994	2.153910	-1.714959	190	29	40	661.23
1.047198	2.407836	1.410646	189	13	53	661.08
1.308997	2.637879	2.121598	185	2	47	660.70
1.832596	2.456751	-1.503343	159	15	29	660.70
1.832596	2.456751	-1.503343	159	16	29	660.20
-2.356194	1.135813	-2.658866	167	10	48	660.13
0.261799	2.587733	0.232235	0	20	39	659.90
0.261799	1.045978	0.343692	190	28	36	659.90
-1.570796	0.203748	0.590255	165	30	41	659.87
2.879793	1.756530	-2.105156	180	22	35	659.76
-2.356194	1.391910	3.030322	160	11	36	659.55
2.879793	2.704512	1.488683	184	30	49	659.43
-2.617994	0.961715	0.014085	189	33	37	659.35
1.832596	2.251330	-2.330739	2	29	38	659.30
0.523599	0.674054	1.013609	184	18	36	659.18
1.570796	0.618092	2.539118	0	30	38	659.14
1.832596	1.413347	-1.339188	190	12	51	659.09
-0.785398	0.700570	1.559208	178	12	35	659.08
0.785398	1.014500	0.906702	179	25	37	659.08
0.523599	1.310100	1.488307	172	28	48	659.05
1.047198	1.736875	3.023612	2	26	34	659.01
-2.356194	0.290380	-0.796960	187	20	41	658.99
2.879793	2.063651	-2.044600	182	26	36	658.93
-2.617994	0.496451	0.593859	176	1	32	658.87
-0.785398	2.404280	-0.174044	160	25	23	658.77
-1.047198	2.760637	2.781135	168	31	39	658.73
-2.879793	1.732874	-0.951685	191	33	44	658.57
0.261799	1.310100	1.488307	178	22	39	658.53
-0.523599	0.674054	1.013609	165	4	32	658.06
1.832596	2.164094	-2.991358	188	35	34	658.05
-1.570796	1.948085	-2.363031	166	8	44	657.71
-0.785398	0.899350	-2.069907	187	13	53	657.70
0.785398	0.864993	2.278281	156	19	33	657.66
-2.617994	1.134497	-1.109631	183	23	42	657.64
-0.523599	1.014500	0.906702	191	23	40	657.63
-1.047198	2.979456	-1.009304	161	21	24	657.59
-2.356194	2.579248	-2.364801	159	24	32	657.46
-2.617994	2.349581	-2.702517	160	23	33	657.44
-1.308997	1.218453	2.777284	178	12	35	657.40
0.785398	2.724429	-0.348782	189	34	38	657.40
2.094395	1.617114	-1.572037	2	20	50	656.97
1.570796	2.164094	-2.991358	0	32	33	656.92
-0.523599	1.195355	1.200319	190	28	47	656.91
-2.617994	0.914445	2.687814	158	17	34	656.48
2.356194	1.325504	-1.671296	185	21	54	656.45
2.617994	2.063651	-2.044600	186	31	42	656.43
-1.832596	2.063651	-2.044600	163	19	45	656.26
2.094395	2.251330	-2.330739	190	31	38	656.15
-0.785398	0.864993	2.278281	183	23	37	655.97
2.879793	2.396274	-1.959260	183	28	34	655.96
-0.261799	2.724429	-0.348782	162	17	24	655.68
-1.308997	2.033014	2.977192	181	29	36	655.67
-0.261799	0.685216	-1.712745	182	24	53	655.63
-0.785398	1.736875	3.023612	174	41	36	655.49
2.617994	2.396274	-1.959260	183	15	31	655.34
-0.261799	0.914445	2.687814	168	26	31	655.21
-1.047198	1.440580	2.260026	183	32	45	655.16
0.523599	1.977582	0.969896	189	25	54	655.02
-3.141593	2.180315	-1.357379	184	28	35	654.93
-2.617994	1.836682	-0.676006	185	27	36	654.67
0.785398	1.872854	1.543456	177	18	53	654.65
1.047198	1.554776	0.100351	185	12	33	654.60
-1.570796	2.356369	3.005869	186	39	41	654.60
0.785398	1.247695	1.809890	17	184	9	654.57
0.523599	2.592629	0.909713	3	14	51	654.55
1.047198	1.909857	-0.381669	183	26	32	654.36
-2.094395	1.574060	2.783565	161	6	28	654.20
-1.047198	1.741644	-2.695914	179	191	43	654.12
-1.570796	2.588535	-2.976617	170	191	27	654.05
2.356194	1.836682	-0.676006	162	21	27	653.94
-2.879793	2.153910	-1.714959	176	30	37	653.84
1.832596	1.721184	-0.153948	163	34	30	653.83
2.094395	2.592629	0.909713	183	27	43	653.76
2.356194	0.418037	1.360082	164	4	32	653.65
0.523599	1.812176	0.656819	0	32	50	653.54
-2.094395	0.618092	2.539118	5	28	34	653.36
2.094395	1.391910	3.030322	184	42	38	653.27
-2.094395	0.290380	-0.796960	186	22	41	653.18
0.523599	2.379497	0.561089	5	24	50	653.12
0.523599	2.138223	1.678323	179	13	55	652.78
2.094395	0.733948	3.021411	181	18	36	652.75
-0.523599	0.370812	-2.547742	3	17	48	652.74
2.879793	1.433411	-1.035986	187	21	40	652.65
1.832596	2.587733	0.232235	173	37	44	652.52
0.785398	2.073035	2.027405	173	9	51	652.49
-3.141593	0.733948	3.021411	164	26	44	652.19
2.356194	1.909857	-0.381669	158	22	29	652.15
-0.785398	1.683268	0.374177	3	13	43	652.06
-0.261799	0.910508	1.903534	176	30	39	652.04
-0.261799	0.960688	-0.577532	163	17	46	652.01
-1.832596	1.574060	2.783565	1	32	38	652.00
-0.523599	1.168678	2.108595	178	33	43	651.97
2.094395	0.709924	0.218797	164	27	32	651.91
-1.570796	0.591903	2.010408	164	9	35	651.87
-2.617994	1.846342	-1.796954	177	20	33	651.86
1.570796	2.251330	-2.330739	2	25	38	651.83
0.785398	1.766067	2.153843	166	12	46	651.79
-1.832596	0.866955	-0.931351	183	31	50	651.71
-0.785398	2.001437	0.381215	3	9	46	651.61
-2.617994	1.846342	-1.796954	172	28	43	651.60
-2.879793	0.709924	0.218797	179	20	35	651.58
-2.094395	2.588535	-2.976617	162	8	27	651.50
-0.261799	0.992645	-1.723759	181	17	54	651.40
1.047198	2.295480	1.008277	190	22	53	651.35
2.617994	0.458961	-0.107937	164	22	26	651.28
0.000000	1.433411	-1.035986	169	7	48	651.26
-1.308997	1.870545	-2.976234	174	190	37	651.25
-1.832596	0.418037	1.360082	160	25	37	651.19
-0.261799	2.979456	-1.009304	0	27	36	650.89
-1.047198	1.555207	1.708892	189	27	53	650.85
-2.356194	2.760637	2.781135	3	32	45	650.73
-0.785398	1.741644	-2.695914	184	191	43	650.71
0.785398	1.736875	3.023612	158	10	36	650.70
-0.261799	0.640596	-2.797608	4	14	47	650.68
2.094395	2.349581	-2.702517	188	36	35	650.67
2.094395	2.251330	-2.330739	183	15	32	650.33
0.523599	1.195355	1.200319	179	23	37	650.31
-1.832596	1.982574	-1.115518	168	30	39	650.31
0.785398	2.108018	1.311430	184	18	54	650.30
2.356194	0.419640	2.974122	170	30	40	650.29
-2.356194	0.831641	0.616218	179	187	34	650.19
0.523599	2.404280	-0.174044	182	22	33	650.16
-2.094395	1.045978	0.343692	180	19	35	649.94
-1.308997	0.203748	0.590255	164	23	34	649.94
1.308997	1.741644	-2.695914	191	22	37	649.84
-1.570796	0.615174	-0.666022	181	25	41	649.82
2.094395	2.343981	-1.040456	160	20	29	649.70
0.261799	2.979456	-1.009304	172	1	25	649.62
-1.047198	0.914445	2.687814	181	12	37	649.51
1.570796	2.063651	-2.044600	1	21	40	649.50
1.570796	1.904882	-1.478089	164	21	17	649.17
1.570796	1.050534	3.042579	183	19	36	648.77
1.570796	2.153910	-1.714959	161	17	22	648.73
2.356194	0.914445	2.687814	186	187	33	648.73
-0.523599	2.356369	3.005869	167	31	40	648.61
-2.094395	2.455966	-0.641220	182	187	33	648.51
-1.832596	1.194549	-0.801900	178	34	46	648.41
-1.308997	1.367556	0.358405	1	8	41	648.29
-2.617994	2.760637	2.781135	191	25	38	648.28
-0.523599	2.089241	-0.114193	158	18	25	648.24
-2.356194	1.391910	3.030322	159	11	35	648.15
2.617994	1.247695	1.809890	180	3	49	647.84
1.308997	2.356369	3.005869	184	18	35	647.81
1.047198	1.128190	-2.288622	186	21	46	647.58
-0.785398	2.001437	0.381215	2	9	45	647.14
2.094395	2.592629	0.909713	181	32	49	647.03
0.261799	2.379497	0.561089	5	20	50	646.99
1.570796	1.904882	-1.478089	182	17	33	646.91
-2.617994	1.569311	-3.003978	159	18	39	646.90
1.308997	0.370812	-2.547742	174	29	42	646.88
0.261799	1.732874	-0.951685	172	191	44	646.63
2.356194	1.135834	-1.431087	186	14	53	646.42
-1.832596	0.960688	-0.577532	180	36	45	646.42
2.094395	0.419640	2.974122	179	17	35	646.39
-0.785398	1.683268	0.374177	4	12	43	646.23
-3.141593	2.343981	-1.040456	1	31	36	646.21
-2.879793	2.180315	-1.357379	182	27	35	646.20
-1.832596	2.174483	2.653697	186	30	41	646.19
2.094395	1.242974	-2.977882	181	38	43	646.13
1.308997	1.504028	0.636812	179	23	36	646.09
1.570796	0.640596	-2.797608	176	31	42	646.07
1.832596	1.870545	-2.976234	187	35	37	646.02
0.261799	2.719179	-1.780644	180	16	32	645.69
0.261799	2.637879	2.121598	172	4	50	645.51
-1.308997	2.881233	-2.582574	169	1	26	645.51
2.356194	1.606104	-0.451151	159	22	24	645.46
1.570796	2.704512	1.488683	4	16	50	645.08
-0.785398	1.555207	1.708892	188	29	53	644.88
-1.570796	2.579248	-2.364801	163	7	32	644.84
0.523599	1.045978	0.343692	188	30	36	644.82
0.000000	2.138223	1.678323	175	15	53	644.82
0.785398	1.134796	2.434290	157	15	35	644.79
1.570796	1.870545	-2.976234	191	33	37	644.68
-2.617994	1.391910	3.030322	158	17	36	644.45
-2.617994	0.615174	-0.666022	191	24	45	644.23
-0.523599	2.592629	0.909713	182	4	47	644.19
1.832596	0.297065	2.160177	191	29	40	644.10
0.261799	1.045978	0.343692	179	13	35	643.98
-2.094395	0.615174	-0.666022	187	27	45	643.90
-1.047198	1.836682	-0.676006	161	24	38	643.72
1.047198	1.417623	-0.202254	185	14	35	643.70
-2.094395	0.831641	0.616218	185	187	34	643.61
0.785398	2.108018	1.311430	184	17	54	643.40
0.785398	0.619654	-2.216909	182	28	52	643.36
-3.141593	2.174483	2.653697	164	21	23	643.25
-3.141593	2.637879	2.121598	0	25	47	642.97
-0.785398	2.579248	-2.364801	175	190	33	642.84
-1.047198	1.504028	0.636812	1	13	45	642.62
-0.785398	2.881233	-2.582574	179	189	26	642.62
-2.094395	0.709924	0.218797	180	191	31	642.60
0.523599	0.379747	-1.713059	172	26	45	642.48
-0.261799	1.909857	-0.381669	159	9	32	642.48
-1.832596	1.766067	2.153843	187	24	45	642.32
-2.879793	1.510910	-0.740472	188	27	39	642.24
2.094395	1.433411	-1.035986	2	10	47	642.23
-2.879793	1.417623	-0.202254	0	33	36	642.14
0.261799	1.247695	1.809890	169	29	46	641.89
-2.879793	0.571433	-1.188419	187	14	44	641.86
-2.356194	1.756530	-2.105156	167	25	50	641.85
-1.308997	2.247462	0.191623	187	1	43	641.84
0.261799	1.450119	-2.739050	183	13	36	641.83
0.000000	0.685216	-1.712745	180	24	53	641.69
2.356194	2.041297	-2.664597	182	35	39	641.64
1.308997	0.899350	-2.069907	178	21	48	641.62
-2.617994	1.658653	-2.409879	165	24	48	641.56
2.879793	2.180315	-1.357379	0	30	38	641.56
-0.785398	1.506530	1.988858	181	28	48	641.55
-1.570796	0.379747	-1.713059	185	16	41	641.53
-3.141593	2.637879	2.121598	188	24	41	641.50
-0.785398	1.168678	2.108595	181	34	43	641.45
-1.308997	2.478122	2.609777	173	33	42	641.42
-1.047198	1.870545	-2.976234	182	190	38	641.41
1.570796	2.393226	1.857173	189	8	52	641.33
-1.308997	0.290380	-0.796960	183	25	41	641.28
1.047198	1.135813	-2.658866	190	25	45	641.17
-2.094395	1.736875	3.023612	173	16	34	640.98
1.047198	1.721184	-0.153948	183	37	34	640.95
-1.047198	2.349581	-2.702517	179	18	33	640.52
2.617994	1.194549	-0.801900	166	25	21	640.39
-2.879793	2.664082	-1.071402	185	28	31	640.39
-2.356194	2.251330	-2.330739	160	24	39	640.37
-3.141593	0.866955	-0.931351	187	18	42	640.07
-1.832596	0.290380	-0.796960	0	31	48	639.82
1.832596	0.929350	-2.910676	177	32	42	639.79
1.570796	2.863997	0.549740	187	29	40	639.75
-0.523599	1.606104	-0.451151	159	15	37	639.74
-2.094395	2.719179	-1.780644	161	29	31	639.68
-1.570796	1.574060	2.783565	176	12	33	639.64
-1.832596	2.719179	-1.780644	159	25	31	639.54
-0.785398	1.766067	2.153843	179	31	51	639.49
2.617994	2.063651	-2.044600	185	26	37	639.44
-1.832596	1.736875	3.023612	3	38	36	639.37
-1.047198	2.247462	0.191623	191	3	43	639.35
2.356194	2.664082	-1.071402	162	16	35	639.35
-1.047198	2.356369	3.005869	177	39	42	639.33
1.308997	1.736875	3.023612	2	32	34	639.30
2.617994	1.214854	-1.966664	177	23	53	639.29
-1.570796	0.203748	0.590255	165	29	39	639.26
-2.617994	0.850607	-1.335383	184	18	44	639.24
-0.523599	0.864993	2.278281	178	36	39	639.21
0.523599	2.174483	2.653697	162	11	45	638.91
1.570796	0.619654	-2.216909	174	24	50	638.81
0.000000	1.242974	-2.977882	162	23	26	638.78
-1.570796	2.719179	-1.780644	160	19	31	638.54
-0.785398	0.709924	0.218797	159	19	35	638.54
1.832596	2.251330	-2.330739	184	18	34	638.31
-0.523599	1.506530	1.988858	178	27	47	638.31
-2.356194	1.448123	-2.163292	171	21	53	638.25
-2.356194	1.128190	-2.288622	173	13	54	638.22
1.047198	0.866395	-2.492918	184	27	47	638.13
-1.047198	1.195355	1.200319	191	19	44	638.12
-2.617994	1.050534	3.042579	158	15	38	638.09
0.000000	2.404280	-0.174044	164	13	26	638.05
-1.570796	0.379747	-1.713059	0	18	50	637.92
-2.617994	2.180315	-1.357379	176	38	40	637.62
-2.094395	2.153910	-1.714959	165	30	44	637.54
-1.308997	1.195355	1.200319	191	15	43	637.34
-2.879793	1.696674	-1.253233	183	26	40	637.27
-2.879793	2.343981	-1.040456	185	28	33	637.24
-1.570796	0.571433	-1.188419	188	27	51	637.07
1.308997	0.080730	-2.622036	178	17	35	637.01
-2.879793	0.733948	3.021411	159	18	40	636.98
0.523599	1.662363	0.915448	188	32	52	636.91
-3.141593	0.640596	-2.797608	162	16	44	636.86
-2.879793	1.134497	-1.109631	186	22	43	636.84
-2.356194	1.574060	2.783565	158	11	27	636.84
2.617994	0.419640	2.974122	167	26	38	636.78
2.356194	2.104282	-0.813972	161	19	28	636.76
-2.356194	1.448123	-2.163292	170	19	52	636.68
-1.308997	1.606104	-0.451151	166	33	38	636.64
-2.094395	0.709924	0.218797	180	18	35	636.63
0.523599	2.187132	-0.479875	177	9	32	636.61
0.261799	2.187132	-0.479875	2	32	33	636.55
-1.570796	2.881233	-2.582574	166	5	27	636.43
1.308997	1.374601	-2.456031	188	24	44	636.28
2.617994	0.418037	1.360082	191	32	37	636.25
-2.094395	1.184361	0.625864	183	188	39	636.25
1.047198	1.721184	-0.153948	185	13	34	636.15
0.523599	1.506530	1.988858	166	20	45	636.14
0.785398	2.153910	-1.714959	1	6	44	636.08
-2.879793	2.588535	-2.976617	160	24	27	636.07
1.832596	1.658653	-2.409879	188	28	45	635.86
-0.785398	2.001437	0.381215	1	9	44	635.81
-0.785398	2.379497	0.561089	187	5	47	635.69
-2.094395	0.960688	-0.577532	182	27	40	635.61
-1.047198	1.812176	0.656819	189	11	47	635.42
2.094395	1.870545	-2.976234	182	36	37	635.38
-2.617994	1.948085	-2.363031	163	27	44	635.16
2.879793	1.617114	-1.572037	186	28	51	635.15
-1.047198	2.588535	-2.976617	180	188	27	634.99
-0.785398	1.440580	2.260026	178	32	44	634.96
-2.617994	1.242974	-2.977882	161	15	42	634.90
2.879793	1.113094	-0.272241	166	19	30	634.84
-0.261799	1.836682	-0.676006	161	6	36	634.66
0.523599	1.721184	-0.153948	188	25	33	634.57
-2.094395	1.732874	-0.951685	177	35	44	634.54
1.047198	1.448123	-2.163292	189	18	48	634.51
2.617994	1.050534	3.042579	170	31	40	634.50
-2.879793	0.961715	0.014085	179	20	34	634.48
1.832596	1.982574	-1.115518	161	23	20	634.36
1.570796	0.929350	-2.910676	182	32	43	634.12
1.047198	1.736875	3.023612	181	18	35	633.81
-0.261799	2.108018	1.311430	180	15	52	633.78
1.308997	2.863997	0.549740	190	27	39	633.68
-1.308997	2.033014	2.977192	177	189	29	633.60
-1.832596	2.164094	-2.991358	164	4	32	633.55
2.094395	1.113094	-0.272241	165	28	26	633.52
-1.047198	1.574060	2.783565	180	10	33	633.18
-2.356194	1.875281	0.107086	175	191	41	633.12
1.832596	2.247462	0.191623	168	35	41	633.02
1.308997	1.904882	-1.478089	2	10	47	632.99
-0.261799	0.591903	2.010408	178	36	37	632.86
-1.570796	0.591903	2.010408	165	9	35	632.83
1.570796	1.870545	-2.976234	190	31	36	632.80
-1.308997	1.736875	3.023612	184	32	35	632.76
-2.356194	2.637879	2.121598	181	28	42	632.54
2.356194	1.134796	2.434290	183	189	40	632.54
-0.523599	1.325504	-1.671296	176	11	52	632.39
-1.047198	2.299159	2.264663	174	28	52	632.38
1.570796	0.618092	2.539118	182	18	36	632.28
2.094395	1.696674	-1.253233	4	16	47	632.27
-1.047198	2.001437	0.381215	190	6	44	632.26
-2.356194	0.762244	-0.273349	187	31	41	632.23
-0.523599	0.591903	2.010408	182	37	37	632.20
-0.785398	1.168678	2.108595	182	21	37	632.17
-3.141593	1.433411	-1.035986	186	23	40	632.14
0.523599	1.045978	0.343692	182	13	35	631.90
0.785398	1.184361	0.625864	184	12	34	631.85
-1.308997	1.870545	-2.976234	175	190	37	631.85
-2.617994	1.606104	-0.451151	186	30	36	631.84
2.356194	2.089241	-0.114193	159	25	37	631.75
-2.094395	0.458961	-0.107937	183	27	40	631.62
-1.047198	2.664082	-1.071402	160	21	31	631.62
0.785398	1.658653	-2.409879	191	17	42	631.60
1.570796	1.658653	-2.409879	190	26	44	631.38
1.832596	2.349581	-2.702517	0	33	35	631.37
2.617994	2.456751	-1.503343	3	30	36	631.12
1.308997	1.870545	-2.976234	2	30	37	630.96
-2.094395	2.719179	-1.780644	161	30	31	630.96
-0.785398	0.866955	-0.931351	176	17	38	630.96
-1.832596	2.881233	-2.582574	0	26	36	630.89
0.785398	2.379497	0.561089	3	27	50	630.79
-2.879793	1.875281	0.107086	167	6	41	630.71
-0.785398	1.736875	3.023612	176	42	36	630.69
1.570796	1.450119	-2.739050	188	29	42	630.60
2.094395	1.696674	-1.253233	6	16	48	630.60
-1.047198	2.115563	0.685730	184	8	47	630.52
-1.047198	2.379497	0.561089	184	3	46	630.48
-2.879793	2.664082	-1.071402	189	33	32	630.44
-2.879793	1.846342	-1.796954	174	31	44	630.14
-2.617994	1.014500	0.906702	180	2	43	630.12
-0.785398	1.574060	2.783565	177	41	40	630.07
-2.879793	0.618092	2.539118	162	28	39	630.04
2.094395	0.419640	2.974122	173	32	39	629.86
1.047198	1.869911	2.701025	164	4	43	629.85
2.356194	1.510910	-0.740472	165	26	24	629.83
0.523599	1.367556	0.358405	188	29	38	629.82
1.047198	2.001437	0.381215	184	23	36	629.80
0.785398	1.741644	-2.695914	2	20	40	629.70
-1.570796	1.050534	3.042579	172	188	38	629.59
0.785398	2.089241	-0.114193	189	34	37	629.59
1.832596	2.115563	0.685730	181	20	34	629.53
-0.523599	2.979456	-1.009304	162	12	25	629.52
-1.047198	0.910508	1.903534	189	34	42	629.29
2.094395	2.180315	-1.357379	162	15	23	629.29
1.047198	1.872854	1.543456	177	17	54	629.28
0.261799	1.014500	0.906702	185	29	40	629.27
1.832596	1.909857	-0.381669	163	33	30	629.22
-0.523599	0.910508	1.903534	182	35	42	629.07
0.000000	0.700570	1.559208	182	18	36	629.06
0.785398	1.554776	0.100351	185	26	34	629.04
-3.141593	1.869911	2.701025	164	23	26	629.04
1.832596	1.696674	-1.253233	3	12	47	629.00
-1.832596	2.588535	-2.976617	167	4	28	628.96
-0.523599	1.574060	2.783565	171	37	40	628.86
-2.356194	2.343981	-1.040456	176	40	36	628.45
-0.523599	2.588535	-2.976617	168	36	39	628.39
-0.785398	0.370812	-2.547742	168	21	26	628.34
-1.308997	2.579248	-2.364801	6	37	34	628.29
-2.094395	2.180315	-1.357379	167	31	37	628.22
-3.141593	2.456751	-1.503343	183	29	33	628.19
-1.832596	0.961715	0.014085	182	187	26	628.17
1.570796	0.929350	-2.910676	181	32	42	627.91
0.785398	2.299159	2.264663	172	5	49	627.51
-1.308997	2.174483	2.653697	179	27	38	627.38
-1.047198	1.134796	2.434290	182	22	37	627.32
-0.523599	1.812176	0.656819	1	16	47	627.30
-1.570796	2.349581	-2.702517	165	3	33	627.17
-0.785398	1.506530	1.988858	179	29	47	627.12
-0.785398	0.419640	2.974122	187	2	42	627.02
-1.047198	0.864993	2.278281	177	6	34	627.01
1.047198	0.619654	-2.216909	177	26	48	626.98
-1.047198	2.164094	-2.991358	179	17	34	626.98
-2.617994	2.247462	0.191623	169	5	45	626.85
0.785398	2.033014	2.977192	4	25	31	626.82
2.356194	2.251330	-2.330739	183	14	32	626.80
0.261799	1.824694	1.850876	170	19	47	626.73
-1.570796	1.998705	2.370472	182	31	46	626.51
-0.785398	2.164094	-2.991358	185	188	33	626.37
-0.523599	1.014500	0.906702	180	18	36	626.29
1.047198	1.374601	-2.456031	188	23	45	626.18
-1.308997	2.396274	-1.959260	177	21	33	626.07
2.617994	1.696674	-1.253233	3	24	48	625.98
0.261799	1.599406	1.426070	178	26	52	625.85
-2.617994	2.251330	-2.330739	162	29	39	625.81
2.094395	0.733948	3.021411	174	34	38	625.73
2.356194	0.419640	2.974122	171	31	40	625.64
-2.879793	1.194549	-0.801900	186	25	40	625.56
0.000000	2.719179	-1.780644	180	17	31	625.52
1.308997	1.450119	-2.739050	190	27	41	625.28
0.261799	1.413347	-1.339188	178	7	53	625.25
1.308997	0.866395	-2.492918	179	28	45	625.23
0.000000	0.831641	0.616218	179	13	35	625.00
-0.785398	1.325504	-1.671296	174	13	52	624.95
-1.570796	2.115563	0.685730	182	1	48	624.93
-0.785398	0.591903	2.010408	186	38	37	624.88
-0.523599	1.184361	0.625864	7	24	43	624.84
-1.047198	0.992645	-1.723759	181	17	54	624.82
-2.617994	0.290380	-0.796960	183	19	39	624.74
-2.356194	1.982574	-1.115518	177	36	41	624.65
-1.308997	2.174483	2.653697	179	37	46	624.62
1.832596	1.135813	-2.658866	180	29	44	624.59
0.000000	0.496451	0.593859	0	28	34	624.57
2.617994	1.732874	-0.951685	9	22	45	624.55
1.832596	2.579248	-2.364801	3	30	34	624.46
-2.617994	1.732874	-0.951685	183	28	38	624.37
-2.356194	2.456751	-1.503343	167	35	34	624.35
1.047198	1.506530	1.988858	165	14	49	624.25
0.523599	2.104282	-0.813972	186	26	30	624.19
1.832596	2.393226	1.857173	190	10	52	624.09
1.570796	1.134497	-1.109631	183	5	49	624.07
2.879793	1.846342	-1.796954	185	28	44	624.02
-2.094395	0.929350	-2.910676	177	17	41	624.00
-1.832596	1.050534	3.042579	167	191	38	623.98
0.523599	1.872854	1.543456	180	23	57	623.96
-1.047198	2.579248	-2.364801	171	0	33	623.90
-0.261799	0.910508	1.903534	179	34	42	623.87
2.094395	1.413347	-1.339188	191	15	51	623.73
0.261799	2.138223	1.678323	176	14	53	623.70
0.785398	1.998705	2.370472	167	9	50	623.66
0.785398	0.370812	-2.547742	182	20	39	623.53
1.047198	1.168678	2.108595	159	14	41	623.53
1.047198	1.569311	-3.003978	1	26	38	623.46
1.047198	0.864993	2.278281	157	12	33	623.42
1.047198	1.699788	2.452890	166	5	38	623.27
-2.094395	0.618092	2.539118	163	12	39	623.21
2.879793	1.732874	-0.951685	5	27	44	623.13
-2.094395	2.104282	-0.813972	178	22	33	623.05
-0.785398	2.979456	-1.009304	161	17	25	622.99
0.261799	1.135813	-2.658866	3	15	47	622.92
1.570796	0.866395	-2.492918	178	26	45	622.78
2.617994	1.242974	-2.977882	170	28	39	622.71
1.570796	0.080730	-2.622036	169	30	44	622.70
-1.308997	0.379747	-1.713059	0	21	50	622.65
-0.523599	2.719179	-1.780644	180	18	32	622.65
1.308997	2.455966	-0.641220	187	189	28	622.63
-0.523599	1.135813	-2.658866	2	8	50	622.58
-2.617994	1.325504	-1.671296	182	27	56	622.47
-2.356194	2.180315	-1.357379	185	7	26	622.37
2.094395	1.135834	-1.431087	185	13	53	622.18
-0.523599	0.379747	-1.713059	188	29	51	622.17
0.261799	0.831641	0.616218	189	30	37	622.12
-1.047198	1.998705	2.370472	177	33	50	622.08
-0.785398	0.700570	1.559208	169	2	31	622.05
-0.785398	2.033014	2.977192	174	40	40	621.93
0.523599	0.379747	-1.713059	171	27	45	621.87
-1.308997	2.033014	2.977192	183	41	40	621.79
0.785398	1.417623	-0.202254	175	185	33	621.77
-1.570796	1.909857	-0.381669	169	37	33	621.75
1.047198	1.998705	2.370472	169	5	49	621.62
2.356194	1.732874	-0.951685	7	17	44	621.42
2.094395	1.948085	-2.363031	188	29	40	621.42
-1.047198	0.618092	2.539118	180	5	39	621.16
2.617994	0.418037	1.360082	181	19	36	621.07
0.261799	2.979456	-1.009304	187	32	37	620.99
-1.047198	2.033014	2.977192	179	41	40	620.99
-0.785398	1.214854	-1.966664	180	10	53	620.99
2.617994	1.904882	-1.478089	191	24	42	620.92
2.617994	1.617114	-1.572037	189	27	51	620.80
-1.832596	2.478122	2.609777	183	30	40	620.64
-1.047198	0.910508	1.903534	188	24	39	620.50
0.523599	2.724429	-0.348782	191	30	37	620.41
-0.785398	0.910508	1.903534	175	5	31	620.40
-2.094395	2.164094	-2.991358	160	9	32	620.37
-3.141593	0.674054	1.013609	182	20	36	620.36
-2.617994	1.433411	-1.035986	182	27	41	620.35
1.308997	1.256302	0.062705	186	14	35	620.35
-2.617994	0.615174	-0.666022	1	28	48	620.34
1.047198	1.184361	0.625864	175	33	41	620.32
2.879793	2.153910	-1.714959	187	31	41	620.22
0.785398	0.899350	-2.069907	181	21	49	620.20
1.308997	1.050534	3.042579	191	29	39	620.17
-1.047198	2.138223	1.678323	178	18	54	619.90
1.047198	1.242974	-2.977882	174	10	31	619.89
2.094395	0.591903	2.010408	169	191	35	619.81
-3.141593	2.724429	-0.348782	163	10	42	619.80
-2.617994	1.450119	-2.739050	161	17	43	619.79
-2.356194	2.588535	-2.976617	160	13	27	619.79
2.879793	2.863997	0.549740	169	34	48	619.72
-2.879793	0.831641	0.616218	180	19	35	619.42
-2.094395	2.033014	2.977192	177	17	33	619.35
-2.356194	2.153910	-1.714959	168	35	44	619.31
-1.308997	1.809167	1.213774	188	13	54	619.31
-1.832596	2.180315	-1.357379	165	26	35	619.19
0.261799	1.247695	1.809890	170	29	47	619.01
-0.523599	1.025536	1.576859	186	33	45	618.99
0.523599	2.115563	0.685730	2	26	51	618.98
0.261799	1.014500	0.906702	186	28	39	618.88
0.785398	1.440580	2.260026	161	15	43	618.84
-2.879793	1.982574	-1.115518	184	26	36	618.73
0.261799	1.310100	1.488307	179	21	38	618.68
1.308997	2.041297	-2.664597	182	17	34	618.61
1.047198	2.404280	-0.174044	185	25	34	618.57
-3.141593	0.640596	-2.797608	163	16	46	618.53
2.356194	1.413347	-1.339188	0	17	51	618.42
2.879793	1.875281	0.107086	159	13	39	618.35
-3.141593	0.297065	2.160177	167	31	37	618.34
2.879793	2.153910	-1.714959	184	27	36	618.22
-0.523599	0.290380	-0.796960	176	20	38	618.12
-1.047198	2.033014	2.977192	178	28	36	618.09
-0.523599	2.063651	-2.044600	176	188	41	617.97
2.617994	0.899350	-2.069907	172	18	52	617.92
2.356194	1.904882	-1.478089	5	26	47	617.84
1.832596	1.218453	2.777284	182	9	36	617.77
-2.356194	1.113094	-0.272241	184	29	38	617.33
-1.047198	1.506530	1.988858	182	28	47	617.32
2.879793	0.591903	2.010408	180	25	36	617.25
2.094395	1.433411	-1.035986	3	10	48	617.18
-1.570796	1.683268	0.374177	179	23	33	617.16
2.617994	1.606104	-0.451151	161	17	28	617.09
-1.047198	0.203748	0.590255	162	24	43	617.01
2.094395	1.135813	-2.658866	179	24	39	616.96
-1.308997	2.299159	2.264663	177	21	39	616.94
-0.785398	1.977582	0.969896	185	14	51	616.88
1.832596	2.073035	2.027405	183	5	52	616.85
-2.617994	1.128190	-2.288622	172	16	54	616.72
1.047198	1.367556	0.358405	179	35	40	616.70
2.356194	1.050534	3.042579	175	36	41	616.54
0.785398	1.554776	0.100351	188	30	36	616.47
-2.617994	0.615174	-0.666022	186	22	41	616.43
0.785398	2.979456	-1.009304	175	39	40	616.32
1.570796	2.349581	-2.702517	3	31	34	616.27
2.094395	1.050534	3.042579	182	19	36	616.04
2.094395	2.104282	-0.813972	159	23	26	615.69
-1.832596	1.948085	-2.363031	163	13	44	615.59
-1.047198	1.683268	0.374177	177	15	32	615.57
2.094395	0.929350	-2.910676	177	33	46	615.48
0.785398	2.153910	-1.714959	163	31	19	615.31
-2.617994	2.180315	-1.357379	178	30	36	615.19
1.570796	2.180315	-1.357379	161	24	23	615.15
-0.261799	1.812176	0.656819	2	17	46	615.14
2.094395	1.301460	-0.509251	165	28	23	615.11
-2.879793	2.153910	-1.714959	178	28	37	615.05
1.047198	1.184361	0.625864	185	12	33	614.97
-2.356194	0.866955	-0.931351	184	23	42	614.95
2.879793	2.153910	-1.714959	184	26	36	614.95
-2.356194	2.041297	-2.664597	160	18	39	614.84
-3.141593	2.456751	-1.503343	187	33	36	614.83
-3.141593	2.664082	-1.071402	1	32	32	614.74
-2.879793	2.588535	-2.976617	161	23	27	614.48
1.308997	0.619654	-2.216909	177	21	40	614.36
-1.570796	2.187132	-0.479875	168	36	32	614.24
-2.879793	2.295480	1.008277	173	21	55	614.16
-1.308997	2.881233	-2.582574	191	35	39	614.13
2.356194	0.618092	2.539118	181	22	37	614.09
2.356194	1.417623	-0.202254	158	23	25	614.08
1.047198	1.555207	1.708892	169	18	51	614.03
-2.094395	1.014500	0.906702	188	190	40	613.94
-2.356194	0.899350	-2.069907	180	12	55	613.93
-0.523599	1.977582	0.969896	186	15	50	613.93
2.094395	0.080730	-2.622036	166	28	47	613.84
-0.261799	1.194549	-0.801900	165	15	48	613.81
-0.785398	0.419640	2.974122	188	2	43	613.79
-2.094395	2.104282	-0.813972	177	19	30	613.76
-0.785398	1.658653	-2.409879	180	190	45	613.70
1.832596	1.135834	-1.431087	183	12	53	613.68
2.879793	2.456751	-1.503343	185	28	33	613.63
2.094395	0.591903	2.010408	0	32	36	613.59
-1.832596	2.664082	-1.071402	164	33	28	613.57
-1.570796	1.168678	2.108595	187	23	40	613.56
-0.785398	1.510910	-0.740472	161	20	42	613.48
-0.785398	1.812176	0.656819	1	12	48	613.47
-1.832596	2.343981	-1.040456	165	33	34	613.36
-2.879793	0.674054	1.013609	181	16	36	613.24
-0.785398	1.599406	1.426070	183	19	46	613.14
-2.356194	1.113094	-0.272241	180	19	34	613.12
1.047198	2.138223	1.678323	180	11	52	613.02
1.047198	1.741644	-2.695914	1	24	40	613.00
1.308997	1.554776	0.100351	177	36	37	612.83
1.047198	2.041297	-2.664597	4	23	39	612.81
1.308997	1.050534	3.042579	191	30	39	612.61
-2.356194	0.762244	-0.273349	183	23	38	612.59
-2.356194	2.001437	0.381215	175	2	47	612.56
0.000000	2.456751	-1.503343	176	185	33	612.46
-1.047198	2.579248	-2.364801	0	37	34	612.45
-3.141593	1.732874	-0.951685	187	26	38	612.41
2.094395	1.741644	-2.695914	184	19	34	612.40
-0.523599	2.349581	-2.702517	186	189	34	612.35
-0.261799	0.290380	-0.796960	167	26	43	612.34
0.000000	2.247462	0.191623	188	18	36	612.16
-2.356194	1.982574	-1.115518	176	36	41	612.16
0.523599	1.599406	1.426070	176	25	52	612.15
-2.356194	1.256302	0.062705	180	19	34	612.13
-1.308997	2.588535	-2.976617	183	33	36	612.03
-2.879793	2.153910	-1.714959	177	29	37	612.02
1.047198	0.591903	2.010408	160	19	36	611.93
-1.832596	2.063651	-2.044600	162	19	45	611.84
-3.141593	0.961715	0.014085	6	32	38	611.68
-1.832596	0.864993	2.278281	3	28	38	611.62
-2.879793	1.696674	-1.253233	183	27	40	611.61
-0.785398	1.699788	2.452890	178	37	47	611.55
-1.308997	1.658653	-2.409879	174	6	48	611.46
-0.523599	0.850607	-1.335383	175	23	53	611.21
0.785398	1.870545	-2.976234	157	11	31	611.19
2.879793	1.982574	-1.115518	4	31	43	611.15
-1.308997	0.685216	-1.712745	186	20	53	611.14
-2.879793	2.664082	-1.071402	184	28	31	611.03
0.523599	1.504028	0.636812	187	26	41	610.96
2.356194	0.709924	0.218797	162	22	32	610.96
0.523599	0.619654	-2.216909	185	27	52	610.94
1.047198	2.393226	1.857173	182	6	51	610.93
0.785398	1.448123	-2.163292	189	16	49	610.78
0.523599	1.045978	0.343692	175	191	32	610.73
-2.356194	0.709924	0.218797	180	19	35	610.62
-1.832596	2.455966	-0.641220	177	17	28	610.54
-0.785398	1.574060	2.783565	176	40	40	610.53
-1.832596	2.356369	3.005869	191	37	41	610.51
2.617994	0.899350	-2.069907	172	19	52	610.48
2.094395	0.992645	-1.723759	178	17	54	610.44
-1.047198	0.418037	1.360082	162	9	37	610.38
2.356194	0.419640	2.974122	179	16	33	610.15
1.832596	0.914445	2.687814	185	25	37	610.11
1.047198	0.866395	-2.492918	184	27	48	610.04
1.570796	1.450119	-2.739050	187	29	41	609.92
-2.094395	1.766067	2.153843	190	24	47	609.86
0.000000	2.138223	1.678323	178	15	56	609.79
-1.832596	0.700570	1.559208	159	21	31	609.66
-2.617994	2.299159	2.264663	186	23	41	609.65
2.617994	1.658653	-2.409879	180	22	35	609.53
-0.523599	2.455966	-0.641220	161	17	31	609.39
-2.879793	1.014500	0.906702	176	4	43	609.24
-2.879793	2.456751	-1.503343	180	187	26	609.20
1.047198	2.108018	1.311430	184	18	54	609.15
-1.570796	2.033014	2.977192	171	190	29	609.10
0.261799	0.929350	-2.910676	6	17	46	609.03
-2.879793	0.496451	0.593859	181	18	35	608.89
-2.617994	1.875281	0.107086	170	0	40	608.82
-1.832596	2.073035	2.027405	181	26	49	608.81
-0.523599	1.504028	0.636812	4	20	45	608.72
1.832596	1.128190	-2.288622	181	21	41	608.58
-2.094395	1.045978	0.343692	180	187	33	608.54
-2.617994	0.496451	0.593859	179	14	34	608.51
-2.094395	0.203748	0.590255	174	32	40	608.28
0.000000	2.033014	2.977192	161	28	40	608.14
-1.308997	0.674054	1.013609	159	18	31	608.11
1.832596	1.904882	-1.478089	6	17	47	608.08
1.832596	1.870545	-2.976234	179	3	32	608.07
-2.879793	1.417623	-0.202254	165	1	28	608.01
-2.356194	2.881233	-2.582574	162	19	27	607.91
0.523599	2.379497	0.561089	5	23	50	607.91
2.356194	0.297065	2.160177	181	13	35	607.90
0.523599	2.404280	-0.174044	0	30	36	607.87
1.570796	1.569311	-3.003978	182	19	35	607.82
-2.879793	1.721184	-0.153948	166	3	34	607.54
2.617994	0.762244	-0.273349	164	23	26	607.40
-3.141593	1.554776	0.100351	162	6	36	607.39
-0.261799	0.640596	-2.797608	3	13	47	607.25
1.047198	2.180315	-1.357379	0	3	42	607.21
-0.785398	0.700570	1.559208	174	9	33	607.19
2.094395	0.496451	0.593859	162	21	32	607.17
0.785398	1.448123	-2.163292	190	15	49	607.15
0.000000	1.510910	-0.740472	165	5	43	607.13
-1.832596	2.881233	-2.582574	164	9	27	607.04
-1.308997	0.615174	-0.666022	179	24	41	607.01
2.094395	1.982574	-1.115518	161	19	20	606.89
0.000000	0.571433	-1.188419	171	23	50	606.86
1.047198	1.599406	1.426070	174	27	55	606.83
-0.785398	0.290380	-0.796960	178	18	36	606.77
1.832596	1.433411	-1.035986	2	6	48	606.73
-1.570796	0.906588	1.252948	161	19	26	606.62
-2.356194	1.113094	-0.272241	180	18	33	606.60
-2.617994	1.325504	-1.671296	181	26	56	606.48
-2.094395	0.762244	-0.273349	182	28	39	606.38
-0.261799	2.396274	-1.959260	181	18	33	606.33
1.832596	2.001437	0.381215	167	34	43	606.28
0.261799	2.587733	0.232235	8	21	46	606.28
0.785398	1.869911	2.701025	3	25	30	606.21
1.832596	0.297065	2.160177	177	14	34	606.20
-0.261799	0.290380	-0.796960	167	27	45	606.13
-0.261799	0.591903	2.010408	179	38	37	606.05
-1.570796	2.299159	2.264663	178	23	40	605.97
-1.570796	0.290380	-0.796960	187	27	44	605.91
-0.785398	2.455966	-0.641220	160	23	31	605.90
1.832596	1.134497	-1.109631	187	6	50	605.78
-2.617994	0.290380	-0.796960	4	21	48	605.73
-0.261799	2.396274	-1.959260	179	185	34	605.65
-1.047198	1.812176	0.656819	190	10	48	605.51
2.094395	0.929350	-2.910676	174	30	42	605.50
-1.047198	1.374601	-2.456031	184	8	50	605.48
-0.523599	1.504028	0.636812	3	20	45	605.48
1.570796	1.134796	2.434290	165	4	41	605.45
2.356194	1.904882	-1.478089	1	21	42	605.21
-0.261799	1.809167	1.213774	183	21	51	605.20
-3.141593	1.014500	0.906702	171	6	43	605.20
0.261799	0.591903	2.010408	182	11	32	605.15
0.785398	2.724429	-0.348782	188	35	39	605.12
-3.141593	0.709924	0.218797	189	26	38	605.09
-1.570796	2.404280	-0.174044	186	190	39	605.04
-2.879793	1.977582	0.969896	175	14	55	605.03
0.523599	1.433411	-1.035986	176	2	49	604.98
1.047198	2.343981	-1.040456	187	189	33	604.78
1.832596	1.741644	-2.695914	188	31	41	604.71
-2.356194	2.396274	-1.959260	163	32	38	604.68
2.094395	0.419640	2.974122	175	33	42	604.65
-1.832596	2.073035	2.027405	182	25	46	604.60
1.308997	2.393226	1.857173	186	7	52	604.50
-0.785398	0.370812	-2.547742	184	14	39	604.48
1.047198	1.599406	1.426070	173	23	53	604.46
-0.523599	1.506530	1.988858	179	27	48	604.38
-2.094395	1.301460	-0.509251	182	38	41	604.22
-0.261799	0.700570	1.559208	181	6	34	604.10
-1.308997	1.574060	2.783565	183	29	37	604.00
-1.570796	1.869911	2.701025	186	31	40	603.96
-1.570796	1.413430	2.550734	183	23	37	603.81
-2.094395	0.571433	-1.188419	188	21	48	603.77
-2.356194	2.104282	-0.813972	181	40	38	603.67
-0.261799	0.866395	-2.492918	1	13	50	603.67
-0.523599	1.948085	-2.363031	182	187	40	603.66
-2.356194	0.290380	-0.796960	3	24	48	603.64
0.261799	0.619654	-2.216909	187	26	52	603.63
-2.879793	1.554776	0.100351	167	2	38	603.62
-1.047198	2.379497	0.561089	183	4	46	603.56
-2.879793	1.433411	-1.035986	184	26	40	603.54
1.047198	2.187132	-0.479875	183	8	32	603.46
1.047198	2.108018	1.311430	184	19	54	603.44
1.047198	1.367556	0.358405	184	13	33	603.42
-1.832596	0.700570	1.559208	158	18	27	603.39
-2.356194	1.506530	1.988858	191	17	47	603.36
0.523599	2.089241	-0.114193	0	32	37	603.33
-2.094395	2.343981	-1.040456	177	18	28	603.28
-1.047198	1.766067	2.153843	182	32	50	603.26
-1.832596	1.662363	0.915448	185	4	50	603.24
2.617994	2.396274	-1.959260	185	27	34	603.23
-1.570796	2.164094	-2.991358	170	0	33	603.21
1.308997	0.080730	-2.622036	172	31	40	603.07
0.261799	2.863997	0.549740	7	12	46	603.05
-2.356194	1.696674	-1.253233	178	31	46	602.96
2.094395	1.875281	0.107086	161	30	37	602.79
0.523599	1.869911	2.701025	159	15	43	602.70
-0.261799	1.413430	2.550734	167	29	40	602.59
-0.785398	1.450119	-2.739050	188	3	46	602.51
-2.094395	2.760637	2.781135	190	35	45	602.51
2.879793	1.599406	1.426070	39	177	182	602.40
1.570796	2.174483	2.653697	177	189	46	602.39
-0.261799	0.618092	2.539118	169	27	31	602.39
0.261799	1.045978	0.343692	180	13	35	602.37
1.047198	1.741644	-2.695914	1	23	40	602.31
0.523599	1.732874	-0.951685	177	189	45	602.29
1.308997	2.724429	-0.348782	175	39	39	602.22
2.356194	2.407836	1.410646	184	23	51	602.21
0.523599	2.379497	0.561089	6	24	50	602.20
1.047198	0.866395	-2.492918	182	27	45	602.17
2.094395	0.961715	0.014085	165	30	32	602.17
0.000000	1.606104	-0.451151	162	4	37	602.13
2.094395	2.180315	-1.357379	162	14	24	602.06
-0.785398	1.812176	0.656819	191	13	47	602.05
-0.261799	1.134497	-1.109631	168	15	49	602.02
-0.523599	1.194549	-0.801900	165	20	48	601.95
0.785398	1.128190	-2.288622	185	22	48	601.93
-2.356194	1.433411	-1.035986	181	32	47	601.91
1.308997	1.417623	-0.202254	186	14	36	601.90
-2.617994	2.001437	0.381215	171	5	46	601.87
1.047198	2.138223	1.678323	43	177	174	601.85
0.785398	0.640596	-2.797608	190	24	44	601.79
-1.308997	1.413430	2.550734	182	23	37	601.64
0.785398	1.824694	1.850876	172	16	53	601.62
-3.141593	2.251330	-2.330739	190	190	23	601.62
1.308997	1.367556	0.358405	185	9	30	601.60
-1.308997	1.569311	-3.003978	184	32	32	601.56
1.570796	0.733948	3.021411	179	8	32	601.50
-2.094395	2.704512	1.488683	174	18	33	601.39
-2.879793	0.733948	3.021411	163	22	43	601.31
1.832596	2.343981	-1.040456	159	25	29	601.27
0.785398	1.574060	2.783565	158	11	39	601.26
-2.094395	1.335669	0.897240	185	1	46	601.22
0.261799	1.909857	-0.381669	166	190	32	601.17
2.356194	2.104282	-0.813972	160	18	27	601.14
-0.523599	0.458961	-0.107937	161	19	40	601.09
-2.356194	2.180315	-1.357379	171	35	39	600.93
-1.308997	2.251330	-2.330739	178	20	34	600.87
2.879793	0.618092	2.539118	167	30	34	600.86
-1.308997	1.025536	1.576859	1	22	43	600.84
1.047198	2.247462	0.191623	185	24	36	600.76
1.047198	1.014500	0.906702	185	9	29	600.76
0.000000	2.138223	1.678323	174	16	53	600.71
-0.261799	2.108018	1.311430	180	16	52	600.67
0.000000	1.045978	0.343692	177	14	35	600.61
-0.261799	0.866395	-2.492918	0	13	49	600.61
-1.832596	1.574060	2.783565	2	33	39	600.57
1.308997	1.450119	-2.739050	191	28	43	600.55
-1.047198	2.164094	-2.991358	180	17	34	600.53
2.617994	2.153910	-1.714959	186	25	36	600.39
0.785398	0.619654	-2.216909	179	26	47	600.37
-1.308997	1.510910	-0.740472	166	30	44	600.35
1.047198	2.153910	-1.714959	4	10	44	600.35
2.356194	2.349581	-2.702517	30	191	187	600.35
-1.047198	1.736875	3.023612	179	29	35	600.25
-2.094395	2.396274	-1.959260	160	27	38	600.23
-0.785398	2.760637	2.781135	166	28	42	600.16
-0.785398	0.203748	0.590255	161	19	43	600.11
0.261799	1.335669	0.897240	186	25	42	600.09
-2.617994	2.588535	-2.976617	159	18	26	600.08
-1.308997	0.700570	1.559208	162	10	31	599.92
2.356194	1.301460	-0.509251	163	23	23	599.69
1.047198	1.721184	-0.153948	183	26	33	599.67
1.308997	2.247462	0.191623	183	24	35	599.64
-0.785398	2.881233	-2.582574	179	40	40	599.54
1.832596	1.741644	-2.695914	187	32	41	599.50
-1.832596	1.836682	-0.676006	172	37	38	599.43
1.047198	1.909857	-0.381669	183	27	32	599.37
1.570796	1.569311	-3.003978	189	31	38	599.37
-2.094395	0.914445	2.687814	161	6	34	599.36
-2.617994	2.478122	2.609777	189	24	39	599.36
1.570796	2.180315	-1.357379	160	23	23	599.33
-2.617994	1.014500	0.906702	180	3	43	599.31
0.523599	1.554776	0.100351	187	24	34	599.30
-3.141593	2.180315	-1.357379	183	24	34	599.28
-1.570796	1.417623	-0.202254	171	36	36	599.26
-1.308997	0.418037	1.360082	160	15	37	599.23
-2.879793	1.836682	-0.676006	187	29	36	599.20
0.000000	0.571433	-1.188419	170	23	50	599.13
2.879793	1.194549	-0.801900	189	21	42	599.06
1.047198	1.554776	0.100351	184	13	33	599.05
1.570796	1.658653	-2.409879	189	26	44	599.00
0.785398	1.736875	3.023612	4	24	34	598.92
-1.047198	2.396274	-1.959260	178	20	33	598.90
1.047198	1.554776	0.100351	182	36	37	598.90
0.523599	1.836682	-0.676006	174	187	38	598.83
2.879793	2.001437	0.381215	163	17	47	598.80
-2.617994	2.001437	0.381215	172	7	47	598.71
-2.879793	1.134497	-1.109631	186	21	43	598.63
-1.832596	1.732874	-0.951685	172	33	44	598.56
-0.523599	0.910508	1.903534	180	18	35	598.56
0.261799	0.290380	-0.796960	165	17	41	598.47
-2.617994	1.658653	-2.409879	165	23	48	598.45
1.832596	0.080730	-2.622036	168	31	47	598.44
-0.261799	0.864993	2.278281	172	29	36	598.41
0.000000	1.014500	0.906702	189	27	40	598.35
-0.523599	1.194549	-0.801900	164	19	47	598.35
0.261799	1.606104	-0.451151	166	191	36	598.32
-3.141593	2.719179	-1.780644	184	16	33	598.29
1.047198	2.089241	-0.114193	184	36	37	598.23
-0.785398	0.458961	-0.107937	162	25	41	598.20
2.617994	1.982574	-1.115518	7	27	43	598.18
-1.047198	2.664082	-1.071402	161	21	31	598.14
-0.523599	1.545873	-1.877082	177	5	50	598.07
-1.308997	0.864993	2.278281	188	27	38	597.99
2.356194	1.658653	-2.409879	181	24	37	597.96
2.094395	2.863997	0.549740	181	30	40	597.85
-1.570796	1.050534	3.042579	177	14	38	597.79
-2.356194	1.732874	-0.951685	181	35	43	597.78
2.617994	1.982574	-1.115518	8	26	43	597.77
-2.879793	1.696674	-1.253233	182	27	39	597.58
-1.047198	1.736875	3.023612	179	42	36	597.54
-1.308997	1.736875	3.023612	168	162	189	597.54
-1.308997	1.413347	-1.339188	170	21	50	597.50
-1.832596	0.571433	-1.188419	188	27	51	597.46
-1.047198	0.864993	2.278281	176	5	34	597.42
-0.785398	2.073035	2.027405	174	25	53	597.40
2.617994	1.391910	3.030322	171	33	37	597.37
0.785398	2.393226	1.857173	181	6	53	597.30
-2.094395	2.033014	2.977192	174	14	32	597.22
0.785398	2.404280	-0.174044	177	7	28	597.20
2.617994	0.419640	2.974122	169	34	45	597.10
1.570796	1.391910	3.030322	180	8	34	597.09
-0.523599	2.396274	-1.959260	173	186	34	597.05
-2.617994	1.696674	-1.253233	180	27	39	597.01
-0.523599	1.869911	2.701025	170	35	44	597.00
2.356194	2.719179	-1.780644	2	30	33	597.00
0.785398	1.736875	3.023612	157	10	35	596.91
2.356194	2.863997	0.549740	173	35	46	596.90
-0.261799	0.591903	2.010408	179	37	37	596.88
1.832596	2.588535	-2.976617	184	16	34	596.78
-2.617994	2.881233	-2.582574	161	23	25	596.73
0.785398	0.961715	0.014085	188	32	33	596.69
-1.570796	1.504028	0.636812	188	8	46	596.65
-1.570796	1.506530	1.988858	0	28	51	596.56
2.094395	2.349581	-2.702517	183	16	33	596.53
-1.570796	0.290380	-0.796960	187	26	44	596.49
-2.879793	1.617114	-1.572037	179	25	41	596.47
-2.879793	2.588535	-2.976617	160	23	25	596.38
-0.261799	1.045978	0.343692	1	22	36	596.31
1.832596	2.115563	0.685730	172	32	49	596.29
0.523599	0.709924	0.218797	173	1	38	596.29
2.094395	1.450119	-2.739050	180	32	43	596.21
0.261799	1.875281	0.107086	188	22	35	596.20
-1.832596	2.251330	-2.330739	160	14	39	596.14
-2.879793	1.658653	-2.409879	166	27	48	596.04
2.617994	2.343981	-1.040456	162	8	29	596.02
-2.094395	0.762244	-0.273349	183	28	40	596.02
2.356194	2.704512	1.488683	189	26	48	595.94
-2.879793	1.875281	0.107086	167	5	41	595.88
1.570796	2.724429	-0.348782	169	37	39	595.81
-2.094395	1.836682	-0.676006	178	38	38	595.77
1.832596	0.866395	-2.492918	178	22	40	595.72
-0.261799	1.732874	-0.951685	164	6	43	595.71
1.832596	0.640596	-2.797608	181	16	35	595.65
0.261799	1.909857	-0.381669	173	12	33	595.64
-0.523599	0.615174	-0.666022	166	25	47	595.63
-2.356194	2.579248	-2.364801	161	24	33	595.57
1.570796	1.982574	-1.115518	182	17	33	595.56
0.523599	0.640596	-2.797608	2	26	48	595.53
-1.308997	0.618092	2.539118	180	14	38	595.49
2.617994	1.606104	-0.451151	160	17	27	595.42
0.000000	0.831641	0.616218	191	28	37	595.38
-1.570796	1.948085	-2.363031	179	22	35	595.37
-1.308997	2.001437	0.381215	186	4	43	595.36
1.308997	2.174483	2.653697	172	191	46	595.23
-1.047198	0.290380	-0.796960	180	21	39	595.23
-2.094395	0.615174	-0.666022	189	32	47	595.16
2.356194	0.864993	2.278281	179	188	37	595.14
2.617994	2.343981	-1.040456	162	7	29	594.95
1.308997	1.982574	-1.115518	0	4	43	594.95
1.832596	1.982574	-1.115518	162	23	21	594.88
1.047198	0.733948	3.021411	0	27	40	594.79
-1.570796	2.349581	-2.702517	167	3	34	594.68
0.000000	0.591903	2.010408	33	170	191	594.66
1.047198	2.073035	2.027405	175	7	51	594.62
-1.570796	1.606104	-0.451151	170	36	38	594.62
-1.047198	2.115563	0.685730	185	8	48	594.62
-0.261799	0.831641	0.616218	0	25	37	594.59
-0.261799	1.812176	0.656819	1	19	47	594.54
1.308997	2.349581	-2.702517	4	26	34	594.49
-2.356194	1.545873	-1.877082	173	25	54	594.44
2.094395	1.510910	-0.740472	163	26	18	594.44
-3.141593	0.960688	-0.577532	1	24	43	594.25
2.879793	1.545873	-1.877082	179	29	51	594.21
-2.356194	0.992645	-1.723759	185	20	57	594.13
-1.308997	1.134796	2.434290	177	12	34	594.13
1.570796	0.866395	-2.492918	181	29	51	594.12
-2.617994	1.242974	-2.977882	161	16	43	594.12
-1.047198	0.899350	-2.069907	184	13	53	594.03
-2.879793	0.458961	-0.107937	4	30	44	594.00
-0.785398	1.506530	1.988858	180	28	47	593.89
1.832596	2.396274	-1.959260	4	24	38	593.88
-2.617994	1.050534	3.042579	160	15	40	593.85
2.094395	0.615174	-0.666022	49	164	187	593.81
0.785398	1.214854	-1.966664	184	16	51	593.69
2.617994	1.836682	-0.676006	161	16	26	593.66
0.523599	0.709924	0.218797	172	1	38	593.60
-0.261799	1.504028	0.636812	3	24	45	593.56
-2.356194	0.831641	0.616218	181	17	35	593.53
2.094395	1.732874	-0.951685	184	17	33	593.44
-0.523599	0.618092	2.539118	186	191	38	593.43
-3.141593	1.732874	-0.951685	4	31	45	593.43
0.000000	2.247462	0.191623	13	27	45	593.41
1.832596	2.579248	-2.364801	2	30	34	593.37
1.570796	1.417623	-0.202254	173	36	32	593.28
-0.523599	0.591903	2.010408	183	38	37	593.25
1.832596	1.982574	-1.115518	6	12	43	593.23
-2.356194	0.709924	0.218797	176	0	32	593.18
-2.356194	0.496451	0.593859	181	190	32	593.13
0.261799	0.571433	-1.188419	169	19	47	593.07
-2.356194	0.418037	1.360082	165	31	34	593.05
-2.356194	1.256302	0.062705	180	20	34	593.04
-0.261799	0.831641	0.616218	1	25	37	593.01
-1.047198	1.812176	0.656819	189	10	47	592.98
2.094395	1.909857	-0.381669	160	28	30	592.96
1.570796	1.982574	-1.115518	4	8	43	592.96
-2.617994	2.343981	-1.040456	176	188	27	592.88
-1.832596	0.379747	-1.713059	191	17	51	592.82
-1.047198	0.914445	2.687814	180	12	37	592.81
-1.570796	2.881233	-2.582574	5	34	40	592.78
-0.785398	2.356369	3.005869	180	10	29	592.76
-1.832596	1.870545	-2.976234	4	38	32	592.72
-2.094395	1.869911	2.701025	186	26	38	592.49
-2.879793	2.115563	0.685730	170	14	52	592.46
-3.141593	2.379497	0.561089	166	20	51	592.46
-0.785398	2.356369	3.005869	170	37	41	592.42
-2.356194	2.073035	2.027405	184	21	43	592.37
-0.785398	1.014500	0.906702	191	20	40	592.32
2.356194	0.961715	0.014085	164	25	32	592.26
1.047198	1.870545	-2.976234	3	26	37	592.17
2.356194	1.433411	-1.035986	4	13	47	592.14
-2.879793	1.606104	-0.451151	188	29	36	592.14
-2.879793	1.194549	-0.801900	188	25	41	592.13
-2.094395	0.591903	2.010408	158	15	31	592.08
-1.832596	2.041297	-2.664597	163	8	39	592.02
-0.523599	0.700570	1.559208	174	191	31	592.00
-2.879793	2.404280	-0.174044	165	6	40	591.92
-3.141593	2.404280	-0.174044	164	13	41	591.86
0.785398	1.374601	-2.456031	0	19	46	591.83
1.308997	2.724429	-0.348782	174	40	39	591.82
-3.141593	1.982574	-1.115518	0	35	43	591.78
-1.308997	0.864993	2.278281	188	26	38	591.67
2.356194	1.741644	-2.695914	179	33	41	591.67
-1.047198	0.615174	-0.666022	176	20	37	591.66
-1.570796	0.618092	2.539118	191	35	34	591.62
-3.141593	0.866955	-0.931351	188	18	43	591.57
0.523599	2.089241	-0.114193	187	24	34	591.43
-1.832596	2.349581	-2.702517	177	19	33	591.41
-2.094395	1.113094	-0.272241	179	18	33	591.39
1.570796	0.419640	2.974122	183	23	39	591.36
2.094395	1.736875	3.023612	182	183	35	591.35
-1.570796	2.251330	-2.330739	163	9	39	591.30
-2.094395	1.195355	1.200319	190	3	46	591.23
-2.617994	0.762244	-0.273349	0	33	43	591.22
-1.832596	2.041297	-2.664597	162	8	39	591.20
-0.523599	1.699788	2.452890	170	26	39	590.99
2.094395	1.741644	-2.695914	183	33	41	590.89
2.617994	1.367556	0.358405	157	14	36	590.89
-3.141593	0.297065	2.160177	168	29	35	590.84
-2.356194	0.864993	2.278281	158	17	30	590.81
-2.617994	0.960688	-0.577532	191	32	46	590.71
-2.356194	2.104282	-0.813972	180	40	37	590.69
1.308997	1.135813	-2.658866	185	29	45	590.68
-2.356194	1.247695	1.809890	167	22	24	590.67
0.785398	1.448123	-2.163292	187	15	42	590.66
-2.879793	1.606104	-0.451151	189	29	36	590.63
2.617994	0.619654	-2.216909	167	15	50	590.45
0.523599	1.417623	-0.202254	188	25	32	590.40
0.261799	1.606104	-0.451151	166	0	38	590.38
1.308997	1.367556	0.358405	184	9	29	590.37
-1.308997	1.433411	-1.035986	173	18	35	590.30
1.047198	1.050534	3.042579	1	26	39	590.29
1.308997	1.256302	0.062705	185	14	35	590.23
-0.523599	0.290380	-0.796960	177	17	34	589.99
1.570796	2.579248	-2.364801	4	27	34	589.98
-0.261799	0.864993	2.278281	173	35	39	589.97
2.094395	1.050534	3.042579	184	187	29	589.96
-0.523599	1.732874	-0.951685	162	11	43	589.89
2.094395	1.242974	-2.977882	177	33	41	589.84
1.832596	2.063651	-2.044600	2	24	42	589.80
2.879793	1.846342	-1.796954	183	34	49	589.80
-2.879793	0.419640	2.974122	164	20	45	589.61
2.356194	0.762244	-0.273349	165	28	27	589.52
0.523599	1.809167	1.213774	182	23	53	589.48
2.094395	1.812176	0.656819	164	27	46	589.46
0.523599	2.587733	0.232235	0	23	39	589.45
0.261799	1.256302	0.062705	179	13	35	589.44
-2.617994	1.413347	-1.339188	179	25	42	589.40
-1.308997	0.496451	0.593859	160	24	34	589.38
-3.141593	1.050534	3.042579	164	30	41	589.22
1.570796	1.134497	-1.109631	44	176	179	589.19
-0.785398	0.290380	-0.796960	175	28	43	589.15
-2.094395	2.251330	-2.330739	159	19	38	589.11
1.047198	1.948085	-2.363031	1	18	40	589.07
1.047198	2.174483	2.653697	168	2	46	588.88
2.879793	1.732874	-0.951685	6	26	44	588.83
1.570796	2.587733	0.232235	182	31	40	588.79
-2.879793	0.733948	3.021411	163	21	44	588.73
-1.047198	0.571433	-1.188419	182	29	51	588.72
2.356194	2.455966	-0.641220	158	19	35	588.59
-2.879793	0.290380	-0.796960	183	18	39	588.46
2.094395	1.846342	-1.796954	190	22	43	588.41
-1.832596	2.719179	-1.780644	160	23	31	588.35
0.523599	1.606104	-0.451151	171	188	38	588.34
-2.094395	1.732874	-0.951685	176	34	43	588.26
2.879793	2.637879	2.121598	189	22	41	588.19
0.523599	1.909857	-0.381669	186	25	32	588.18
2.094395	2.396274	-1.959260	3	28	38	588.18
-1.570796	0.571433	-1.188419	187	26	50	588.14
-0.261799	1.335669	0.897240	0	28	47	588.07
2.617994	0.992645	-1.723759	179	16	54	588.06
2.356194	2.343981	-1.040456	160	14	29	588.06
0.261799	1.184361	0.625864	190	27	40	588.03
-2.094395	2.033014	2.977192	175	16	32	587.98
-0.785398	2.478122	2.609777	168	28	45	587.96
0.785398	2.407836	1.410646	187	11	53	587.91
1.047198	1.658653	-2.409879	1	20	45	587.88
1.047198	1.904882	-1.478089	191	7	47	587.83
1.832596	1.134796	2.434290	170	0	41	587.81
2.879793	0.831641	0.616218	175	18	36	587.78
-2.617994	0.709924	0.218797	188	34	38	587.71
1.308997	1.256302	0.062705	176	37	35	587.71
2.617994	1.982574	-1.115518	8	27	43	587.65
-1.308997	2.396274	-1.959260	178	21	33	587.57
1.308997	2.104282	-0.813972	189	190	35	587.57
2.879793	0.899350	-2.069907	172	16	52	587.53
2.879793	0.419640	2.974122	165	22	38	587.49
0.785398	1.683268	0.374177	184	24	36	587.48
-2.356194	2.153910	-1.714959	167	29	37	587.47
2.356194	0.674054	1.013609	162	12	38	587.45
2.094395	1.741644	-2.695914	183	19	35	587.44
1.570796	0.831641	0.616218	166	30	38	587.41
-2.879793	1.846342	-1.796954	174	32	48	587.39
0.261799	1.367556	0.358405	190	27	38	587.37
2.879793	0.733948	3.021411	166	31	44	587.20
1.832596	0.866395	-2.492918	175	26	46	587.16
-1.570796	2.104282	-0.813972	165	31	36	587.11
-1.308997	2.251330	-2.330739	167	4	39	587.02
-2.094395	0.571433	-1.188419	190	23	51	587.01
-0.261799	1.184361	0.625864	191	22	39	586.98
-0.785398	1.504028	0.636812	2	16	45	586.98
1.832596	2.033014	2.977192	178	185	40	586.92
2.094395	2.108018	1.311430	177	21	54	586.90
-1.047198	0.591903	2.010408	175	9	36	586.89
-2.356194	1.870545	-2.976234	159	14	36	586.70
-2.617994	1.606104	-0.451151	186	29	36	586.70
-0.785398	1.504028	0.636812	3	16	45	586.66
2.617994	0.618092	2.539118	179	18	35	586.64
2.094395	1.721184	-0.153948	161	29	32	586.63
1.308997	1.812176	0.656819	181	22	37	586.60
0.523599	1.128190	-2.288622	186	17	43	586.57
2.879793	2.760637	2.781135	162	23	20	586.56
0.785398	2.664082	-1.071402	172	41	34	586.49
-2.617994	2.153910	-1.714959	178	19	29	586.44
2.094395	1.904882	-1.478089	6	22	47	586.27
-2.617994	0.458961	-0.107937	185	21	38	586.24
0.785398	1.256302	0.062705	183	13	35	586.21
1.832596	2.704512	1.488683	4	19	50	586.12
-0.523599	2.356369	3.005869	166	33	41	586.10
1.047198	1.504028	0.636812	179	31	45	586.07
2.617994	1.050534	3.042579	169	29	37	586.02
0.523599	1.417623	-0.202254	181	13	35	586.01
0.000000	2.881233	-2.582574	164	30	36	585.96
-2.617994	1.014500	0.906702	181	3	43	585.95
2.094395	2.115563	0.685730	169	29	49	585.91
2.879793	1.606104	-0.451151	160	11	25	585.90
2.356194	1.741644	-2.695914	183	20	35	585.85
-3.141593	0.496451	0.593859	166	6	33	585.85
0.000000	1.741644	-2.695914	163	25	22	585.85
-0.785398	1.909857	-0.381669	158	21	32	585.83
-1.570796	0.591903	2.010408	180	21	36	585.82
-2.879793	2.984978	1.954446	185	36	46	585.80
-2.617994	0.762244	-0.273349	1	34	43	585.80
-0.785398	2.588535	-2.976617	186	188	28	585.78
-2.879793	1.875281	0.107086	168	6	42	585.75
-2.879793	0.831641	0.616218	171	3	38	585.72
-3.141593	0.762244	-0.273349	167	18	30	585.71
-1.832596	1.869911	2.701025	0	36	44	585.67
-2.617994	0.961715	0.014085	179	20	34	585.62
-0.523599	2.295480	1.008277	182	10	49	585.53
-1.047198	1.869911	2.701025	176	35	42	585.52
-0.785398	0.080730	-2.622036	5	16	47	585.43
0.000000	0.591903	2.010408	174	35	37	585.36
1.570796	0.496451	0.593859	184	15	37	585.26
2.356194	0.899350	-2.069907	173	20	54	585.16
-2.617994	1.374601	-2.456031	166	19	50	585.14
-1.308997	0.700570	1.559208	164	10	32	585.14
-0.261799	1.014500	0.906702	181	18	36	584.96
1.047198	2.180315	-1.357379	191	0	38	584.93
-1.047198	1.218453	2.777284	180	11	35	584.91
1.308997	1.242974	-2.977882	187	22	38	584.90
2.617994	1.732874	-0.951685	6	23	44	584.89
-0.261799	1.977582	0.969896	187	16	50	584.85
0.523599	2.063651	-2.044600	2	8	45	584.84
1.308997	0.914445	2.687814	182	18	36	584.82
0.785398	1.569311	-3.003978	2	23	38	584.82
-2.617994	1.756530	-2.105156	169	29	50	584.77
-1.832596	2.349581	-2.702517	162	7	33	584.77
0.523599	0.685216	-1.712745	174	22	50	584.64
-2.356194	0.615174	-0.666022	191	30	48	584.60
0.000000	0.619654	-2.216909	189	24	52	584.53
-1.308997	1.809167	1.213774	187	13	54	584.49
1.047198	1.218453	2.777284	182	19	36	584.46
-0.261799	0.700570	1.559208	182	18	36	584.44
-2.356194	1.135834	-1.431087	180	21	43	584.39
-1.047198	0.866395	-2.492918	185	7	50	584.30
2.617994	2.456751	-1.503343	187	26	34	584.25
-0.523599	0.685216	-1.712745	184	23	53	584.22
-0.261799	1.766067	2.153843	171	21	42	584.16
1.308997	2.251330	-2.330739	3	22	38	584.15
-1.570796	0.618092	2.539118	177	14	38	584.14
2.617994	2.719179	-1.780644	186	28	31	584.12
0.261799	2.164094	-2.991358	158	24	36	584.07
-1.570796	1.413430	2.550734	185	26	39	584.06
2.617994	0.960688	-0.577532	165	25	23	584.05
1.570796	0.619654	-2.216909	176	20	39	584.04
-0.785398	1.135813	-2.658866	190	6	50	584.04
2.356194	2.456751	-1.503343	187	22	33	583.98
-1.570796	1.367556	0.358405	189	5	41	583.92
-2.617994	2.180315	-1.357379	176	37	40	583.90
0.785398	2.704512	1.488683	190	6	50	583.90
1.308997	0.419640	2.974122	188	26	41	583.89
2.879793	2.724429	-0.348782	161	16	42	583.88
2.617994	2.984978	1.954446	2	24	42	583.84
1.570796	1.050534	3.042579	180	8	33	583.77
-2.094395	0.866955	-0.931351	184	26	46	583.70
-2.094395	1.218453	2.777284	161	5	32	583.66
-0.523599	1.247695	1.809890	180	27	43	583.64
1.308997	2.164094	-2.991358	2	30	34	583.56
-0.523599	0.419640	2.974122	168	25	26	583.47
1.047198	0.685216	-1.712745	176	17	40	583.47
0.000000	0.290380	-0.796960	165	22	43	583.46
-2.356194	2.138223	1.678323	181	20	45	583.44
-2.356194	1.218453	2.777284	158	11	31	583.42
1.308997	1.335669	0.897240	171	35	48	583.38
-0.523599	0.864993	2.278281	182	189	31	583.35
-1.047198	2.356369	3.005869	183	188	26	583.35
2.879793	2.393226	1.857173	189	20	48	583.33
0.000000	0.850607	-1.335383	173	19	52	583.33
-2.617994	1.417623	-0.202254	171	191	31	583.28
0.000000	1.450119	-2.739050	182	13	37	583.28
-3.141593	1.721184	-0.153948	5	33	32	583.24
-1.047198	2.001437	0.381215	189	6	43	583.22
1.308997	1.721184	-0.153948	177	37	34	583.09
1.570796	2.153910	-1.714959	162	17	23	582.95
0.785398	1.374601	-2.456031	190	20	45	582.86
2.879793	1.256302	0.062705	158	10	29	582.86
2.356194	2.343981	-1.040456	161	15	29	582.78
2.094395	1.554776	0.100351	159	29	33	582.77
-0.523599	1.450119	-2.739050	0	3	46	582.75
2.356194	0.864993	2.278281	182	10	38	582.63
-1.832596	2.251330	-2.330739	161	13	38	582.60
2.879793	2.637879	2.121598	1	22	46	582.54
0.000000	2.979456	-1.009304	168	4	26	582.40
2.094395	1.569311	-3.003978	184	40	40	582.35
0.523599	1.488617	1.159546	181	31	51	582.30
2.879793	0.203748	0.590255	162	8	27	582.24
0.785398	1.374601	-2.456031	189	21	45	582.20
1.832596	1.569311	-3.003978	182	20	35	582.19
-0.785398	0.674054	1.013609	161	9	32	582.15
1.047198	0.370812	-2.547742	178	30	43	582.06
-0.523599	0.674054	1.013609	191	23	37	582.03
0.785398	1.135834	-1.431087	181	13	56	582.03
-3.141593	1.909857	-0.381669	163	5	31	581.99
1.047198	0.370812	-2.547742	181	20	38	581.94
2.094395	1.809167	1.213774	170	19	53	581.84
2.356194	0.929350	-2.910676	171	28	42	581.80
-0.523599	1.736875	3.023612	183	6	31	581.79
-2.879793	0.866955	-0.931351	189	22	46	581.76
-2.879793	1.256302	0.062705	1	35	34	581.67
1.308997	0.733948	3.021411	182	18	36	581.65
-0.261799	0.615174	-0.666022	165	22	47	581.65
0.785398	1.045978	0.343692	184	14	35	581.64
-2.356194	2.664082	-1.071402	183	187	32	581.56
0.785398	1.488617	1.159546	177	28	50	581.48
-2.879793	1.721184	-0.153948	1	34	32	581.47
2.617994	1.168678	2.108595	185	191	45	581.46
1.308997	0.297065	2.160177	160	10	28	581.44
0.785398	1.683268	0.374177	187	29	40	581.43
2.879793	0.458961	-0.107937	167	21	30	581.37
1.047198	0.929350	-2.910676	190	27	43	581.31
2.617994	0.297065	2.160177	179	21	37	581.15
-3.141593	0.290380	-0.796960	191	12	45	581.14
0.785398	2.407836	1.410646	188	12	53	581.14
1.832596	0.419640	2.974122	181	22	38	581.14
0.785398	2.724429	-0.348782	185	25	34	581.11
-0.523599	0.674054	1.013609	178	15	36	581.04
-2.356194	2.251330	-2.330739	160	23	38	580.99
-0.523599	1.846342	-1.796954	173	1	46	580.96
2.094395	2.187132	-0.479875	159	27	32	580.94
2.094395	0.864993	2.278281	189	31	35	580.92
-1.832596	1.875281	0.107086	179	24	33	580.88
2.879793	1.617114	-1.572037	187	23	46	580.78
-1.047198	0.080730	-2.622036	182	16	38	580.78
-1.308997	0.591903	2.010408	176	15	37	580.75
-1.308997	1.506530	1.988858	190	30	51	580.75
-1.570796	0.910508	1.903534	164	10	28	580.75
2.879793	1.050534	3.042579	167	34	42	580.71
-1.832596	0.864993	2.278281	163	10	33	580.66
-1.832596	2.356369	3.005869	161	164	184	580.46
-1.570796	0.458961	-0.107937	176	20	35	580.44
-1.570796	1.014500	0.906702	3	13	43	580.43
-0.523599	0.700570	1.559208	178	7	34	580.34
-1.308997	0.458961	-0.107937	176	19	35	580.27
-2.617994	1.194549	-0.801900	187	29	44	580.26
1.570796	1.433411	-1.035986	188	4	46	580.13
-2.879793	1.554776	0.100351	167	3	38	580.06
1.047198	0.685216	-1.712745	175	18	52	580.03
-2.879793	1.846342	-1.796954	176	27	40	580.01
0.261799	0.297065	2.160177	167	25	30	579.89
0.000000	0.866955	-0.931351	168	18	51	579.87
-2.356194	1.391910	3.030322	159	10	34	579.87
-1.047198	0.960688	-0.577532	174	18	36	579.86
0.261799	1.662363	0.915448	186	26	49	579.75
-0.785398	2.719179	-1.780644	167	4	32	579.61
-0.261799	2.455966	-0.641220	163	11	31	579.53
-1.047198	0.700570	1.559208	170	12	34	579.49
-1.832596	1.569311	-3.003978	4	38	30	579.47
-2.094395	0.618092	2.539118	164	12	39	579.47
2.094395	2.637879	2.121598	4	10	49	579.46
-1.308997	1.134497	-1.109631	176	19	38	579.44
-2.094395	2.041297	-2.664597	160	13	39	579.32
0.261799	0.831641	0.616218	188	30	37	579.19
-2.094395	2.174483	2.653697	186	26	39	579.14
-3.141593	0.496451	0.593859	166	5	33	579.13
-1.832596	1.909857	-0.381669	174	40	33	579.11
-0.523599	1.247695	1.809890	179	27	43	579.03
-2.094395	2.760637	2.781135	189	35	43	578.93
1.832596	2.979456	-1.009304	161	26	43	578.85
2.094395	2.104282	-0.813972	161	23	28	578.83
0.000000	2.063651	-2.044600	186	3	45	578.82
-0.785398	0.864993	2.278281	182	37	39	578.67
-1.832596	0.685216	-1.712745	184	15	48	578.64
-3.141593	0.674054	1.013609	189	34	34	578.62
-0.785398	2.174483	2.653697	170	34	46	578.53
-0.785398	1.025536	1.576859	189	31	45	578.51
-1.832596	1.875281	0.107086	179	23	33	578.51
1.308997	1.050534	3.042579	163	191	26	578.49
-1.047198	2.396274	-1.959260	7	36	28	578.48
2.094395	0.618092	2.539118	181	8	34	578.46
-2.094395	1.504028	0.636812	180	190	43	578.43
0.523599	2.295480	1.008277	0	18	54	578.37
-2.617994	2.343981	-1.040456	177	188	28	578.37
-1.047198	0.864993	2.278281	175	5	34	578.33
1.570796	0.297065	2.160177	163	4	28	578.33
-0.785398	1.606104	-0.451151	159	21	37	578.33
-1.832596	0.571433	-1.188419	187	22	47	578.27
-2.094395	1.417623	-0.202254	182	41	35	578.16
-2.879793	0.571433	-1.188419	186	15	44	578.09
-1.570796	1.417623	-0.202254	171	38	36	578.07
-2.617994	2.760637	2.781135	6	28	45	578.03
-2.356194	2.033014	2.977192	177	19	34	577.97
-1.570796	2.478122	2.609777	179	27	38	577.97
0.785398	1.756530	-2.105156	1	11	47	577.96
-0.523599	2.579248	-2.364801	180	189	33	577.91
2.879793	1.113094	-0.272241	164	18	29	577.88
-1.832596	1.045978	0.343692	186	187	32	577.85
-2.879793	0.960688	-0.577532	191	26	43	577.82
1.047198	2.247462	0.191623	186	32	41	577.81
0.523599	0.899350	-2.069907	182	21	49	577.80
1.832596	2.588535	-2.976617	32	191	185	577.79
1.832596	2.587733	0.232235	177	30	39	577.77
2.094395	2.108018	1.311430	178	21	54	577.71
-1.832596	1.413430	2.550734	187	25	39	577.67
1.832596	1.134497	-1.109631	188	5	49	577.59
1.047198	2.704512	1.488683	1	9	50	577.51
-2.879793	2.180315	-1.357379	181	39	41	577.50
-1.570796	0.866955	-0.931351	179	32	50	577.40
-1.047198	1.218453	2.777284	181	11	36	577.32
-3.141593	2.881233	-2.582574	187	159	4	577.26
1.047198	0.080730	-2.622036	181	21	39	577.21
-1.308997	0.831641	0.616218	159	24	27	577.20
-2.617994	2.073035	2.027405	185	20	43	577.20
-2.094395	0.615174	-0.666022	187	26	44	577.11
-2.617994	2.115563	0.685730	172	11	52	577.10
-1.308997	1.977582	0.969896	185	8	52	577.09
-2.356194	0.850607	-1.335383	184	19	45	577.07
-1.047198	2.478122	2.609777	169	30	41	576.97
1.832596	1.134796	2.434290	183	14	38	576.94
2.617994	2.033014	2.977192	173	38	31	576.90
-1.570796	0.496451	0.593859	41	167	187	576.89
-0.523599	0.370812	-2.547742	187	16	41	576.86
2.879793	2.393226	1.857173	190	20	50	576.83
1.047198	2.724429	-0.348782	181	40	40	576.79
0.000000	2.719179	-1.780644	176	42	34	576.63
0.261799	0.831641	0.616218	173	191	32	576.53
1.308997	1.135813	-2.658866	186	28	45	576.49
-2.879793	0.615174	-0.666022	0	21	45	576.44
1.047198	1.574060	2.783565	2	27	32	576.34
-2.617994	1.135813	-2.658866	165	14	48	576.31
-1.570796	2.881233	-2.582574	167	5	27	576.27
-2.617994	0.290380	-0.796960	4	22	48	576.24
-1.047198	0.591903	2.010408	178	13	37	576.23
0.785398	2.456751	-1.503343	190	190	34	576.23
2.094395	1.510910	-0.740472	164	26	20	576.22
1.308997	2.063651	-2.044600	7	20	45	576.07
-2.356194	1.256302	0.062705	180	20	33	576.00
-0.523599	2.115563	0.685730	191	10	46	575.95
-0.785398	1.606104	-0.451151	160	22	38	575.91
-0.261799	1.510910	-0.740472	162	10	43	575.88
-0.523599	2.881233	-2.582574	184	189	26	575.84
2.094395	1.875281	0.107086	162	30	39	575.81
-2.879793	1.904882	-1.478089	180	34	45	575.69
-3.141593	2.343981	-1.040456	186	27	34	575.66
0.000000	2.637879	2.121598	169	7	50	575.61
-3.141593	0.458961	-0.107937	6	26	44	575.59
-0.785398	2.719179	-1.780644	179	18	32	575.59
-1.570796	0.674054	1.013609	159	22	27	575.52
0.523599	1.135813	-2.658866	191	19	44	575.50
2.879793	1.218453	2.777284	168	38	35	575.42
-2.094395	2.187132	-0.479875	179	23	32	575.42
-1.047198	1.135834	-1.431087	175	20	52	575.41
0.523599	2.174483	2.653697	161	11	44	575.39
1.832596	0.618092	2.539118	178	9	35	575.27
-2.879793	1.732874	-0.951685	190	33	43	575.25
0.523599	2.164094	-2.991358	157	17	36	575.23
0.523599	0.864993	2.278281	159	24	36	575.19
-2.356194	2.108018	1.311430	181	16	58	575.19
-1.047198	1.391910	3.030322	180	29	35	575.18
-2.617994	2.456751	-1.503343	178	19	29	575.18
-0.785398	2.295480	1.008277	180	10	51	575.12
-1.047198	0.496451	0.593859	159	19	35	574.95
0.261799	2.407836	1.410646	182	10	53	574.92
-1.570796	1.134796	2.434290	175	14	34	574.84
0.785398	2.349581	-2.702517	157	13	32	574.80
-2.356194	1.194549	-0.801900	183	26	41	574.73
0.785398	1.506530	1.988858	166	16	45	574.73
2.879793	0.496451	0.593859	163	10	33	574.70
-1.832596	1.440580	2.260026	3	27	46	574.62
0.000000	2.455966	-0.641220	3	29	34	574.61
2.879793	2.033014	2.977192	168	32	32	574.60
-0.261799	1.168678	2.108595	174	32	43	574.55
-2.356194	2.063651	-2.044600	165	29	45	574.46
0.523599	1.256302	0.062705	181	13	35	574.44
-2.617994	2.984978	1.954446	180	30	40	574.42
-1.047198	2.174483	2.653697	176	25	38	574.27
0.785398	2.164094	-2.991358	158	10	34	574.25
-1.308997	1.310100	1.488307	189	19	45	574.25
-2.617994	1.904882	-1.478089	179	22	34	574.24
1.308997	2.033014	2.977192	2	32	31	574.18
0.523599	1.998705	2.370472	165	13	50	574.16
0.000000	1.014500	0.906702	188	27	40	574.11
2.617994	1.721184	-0.153948	157	16	29	574.09
-3.141593	0.709924	0.218797	5	31	39	574.07
-0.785398	1.374601	-2.456031	183	1	48	574.04
2.094395	1.050534	3.042579	176	35	38	574.02
-1.308997	1.310100	1.488307	187	17	41	574.01
0.785398	1.045978	0.343692	181	189	32	573.92
0.523599	2.407836	1.410646	185	10	53	573.88
1.308997	1.696674	-1.253233	189	6	47	573.82
0.523599	0.992645	-1.723759	183	20	57	573.80
-1.047198	1.134497	-1.109631	171	25	51	573.77
-1.308997	0.864993	2.278281	184	23	37	573.74
0.000000	0.700570	1.559208	183	19	36	573.65
-2.879793	0.910508	1.903534	167	30	27	573.63
-0.261799	1.545873	-1.877082	40	167	190	573.62
0.785398	1.310100	1.488307	170	25	47	573.60
2.879793	1.310100	1.488307	175	191	47	573.60
-0.523599	1.310100	1.488307	185	27	48	573.55
-2.356194	1.658653	-2.409879	165	19	48	573.52
0.523599	2.979456	-1.009304	181	40	40	573.52
2.356194	2.187132	-0.479875	158	21	31	573.49
-2.617994	2.343981	-1.040456	182	27	33	573.44
-3.141593	1.756530	-2.105156	178	21	33	573.29
-1.047198	2.138223	1.678323	178	19	55	573.20
-0.261799	1.367556	0.358405	175	14	33	573.13
-1.832596	2.588535	-2.976617	166	3	27	573.12
-2.879793	0.571433	-1.188419	185	15	42	573.05
-0.523599	2.349581	-2.702517	187	188	34	572.94
-1.308997	1.869911	2.701025	182	40	44	572.91
1.047198	1.658653	-2.409879	0	20	43	572.75
1.047198	2.979456	-1.009304	187	189	21	572.71
-2.094395	0.866395	-2.492918	176	6	51	572.60
-1.308997	2.108018	1.311430	180	13	55	572.54
-1.047198	1.168678	2.108595	185	33	44	572.53
0.785398	2.664082	-1.071402	183	188	29	572.38
0.261799	2.247462	0.191623	187	20	36	572.37
-1.047198	0.080730	-2.622036	167	22	27	572.36
-1.832596	1.195355	1.200319	165	24	21	572.31
2.879793	0.831641	0.616218	162	4	35	572.30
-0.785398	2.664082	-1.071402	161	15	31	572.27
2.094395	1.606104	-0.451151	162	28	25	572.24
1.047198	0.591903	2.010408	156	18	32	572.21
1.047198	1.450119	-2.739050	2	25	44	572.21
2.617994	1.050534	3.042579	171	37	41	572.21
1.832596	0.370812	-2.547742	170	27	48	572.18
2.617994	2.251330	-2.330739	182	28	35	572.17
2.617994	2.863997	0.549740	173	26	36	572.12
2.356194	2.407836	1.410646	184	24	54	572.11
1.832596	2.664082	-1.071402	159	25	36	572.10
2.094395	2.033014	2.977192	184	184	38	572.09
-2.617994	2.153910	-1.714959	177	20	29	572.09
-0.523599	1.904882	-1.478089	167	3	44	572.08
1.308997	0.080730	-2.622036	171	32	40	572.08
1.308997	1.741644	-2.695914	1	27	41	572.06
2.617994	1.574060	2.783565	172	38	32	572.03
-1.047198	1.555207	1.708892	181	23	45	572.02
-2.617994	2.104282	-0.813972	187	40	38	572.02
-2.879793	1.301460	-0.509251	191	31	41	572.02
0.785398	1.756530	-2.105156	0	11	46	571.98
-2.356194	1.846342	-1.796954	171	32	49	571.96
-1.308997	1.836682	-0.676006	161	30	37	571.89
-1.047198	2.063651	-2.044600	170	7	45	571.83
0.523599	2.108018	1.311430	184	17	55	571.82
-1.832596	0.850607	-1.335383	182	21	48	571.73
1.308997	1.662363	0.915448	181	19	34	571.73
-1.047198	1.504028	0.636812	1	14	45	571.71
-0.785398	1.134796	2.434290	180	6	32	571.71
0.000000	0.619654	-2.216909	190	24	52	571.69
-2.617994	2.637879	2.121598	187	31	51	571.66
0.000000	0.571433	-1.188419	172	26	53	571.64
1.832596	2.299159	2.264663	187	2	49	571.59
2.617994	1.736875	3.023612	173	38	34	571.59
0.523599	1.756530	-2.105156	184	12	37	571.57
2.356194	1.836682	-0.676006	159	19	23	571.53
1.047198	1.014500	0.906702	184	12	33	571.52
2.879793	0.618092	2.539118	167	29	33	571.50
2.617994	0.910508	1.903534	179	190	42	571.48
1.832596	1.135834	-1.431087	185	11	53	571.46
-1.832596	2.404280	-0.174044	180	189	39	571.44
-1.308997	0.571433	-1.188419	184	29	51	571.44
-2.094395	2.349581	-2.702517	190	26	33	571.33
0.000000	2.637879	2.121598	168	7	48	571.27
1.832596	2.349581	-2.702517	191	33	35	571.16
1.047198	2.407836	1.410646	190	14	54	571.14
1.570796	2.724429	-0.348782	186	190	23	571.14
-1.308997	1.555207	1.708892	190	25	53	571.11
-1.832596	2.089241	-0.114193	179	23	32	571.08
2.094395	0.733948	3.021411	175	33	39	571.06
2.356194	1.214854	-1.966664	178	24	53	571.06
-2.356194	0.906588	1.252948	189	191	41	570.94
-1.570796	1.050534	3.042579	185	27	34	570.82
-0.261799	2.724429	-0.348782	161	17	25	570.82
-0.785398	0.674054	1.013609	175	17	36	570.81
2.879793	2.881233	-2.582574	190	190	37	570.81
-1.832596	0.866955	-0.931351	184	30	49	570.78
-0.785398	2.041297	-2.664597	182	189	39	570.76
-1.047198	0.910508	1.903534	190	33	42	570.74
-3.141593	0.615174	-0.666022	0	18	45	570.63
0.523599	1.721184	-0.153948	186	25	33	570.63
-2.094395	1.045978	0.343692	181	1	37	570.60
0.000000	1.367556	0.358405	177	13	33	570.57
2.356194	0.733948	3.021411	170	31	38	570.54
-1.047198	0.591903	2.010408	190	36	37	570.51
-0.261799	2.251330	-2.330739	181	18	34	570.49
-0.523599	1.699788	2.452890	171	26	40	570.48
-0.785398	2.579248	-2.364801	179	17	32	570.46
0.785398	0.685216	-1.712745	175	20	52	570.44
-1.047198	2.881233	-2.582574	183	33	36	570.42
0.000000	2.349581	-2.702517	162	33	34	570.40
0.523599	2.138223	1.678323	177	13	53	570.29
-2.879793	1.113094	-0.272241	2	34	41	570.21
-0.785398	1.824694	1.850876	181	27	54	570.21
-1.047198	2.299159	2.264663	176	18	35	570.17
-2.356194	2.063651	-2.044600	164	29	45	570.16
-0.785398	2.251330	-2.330739	174	186	35	570.10
-1.570796	2.456751	-1.503343	161	25	37	570.10
0.523599	1.824694	1.850876	170	17	51	570.10
-1.308997	1.812176	0.656819	187	8	48	570.07
-1.832596	0.418037	1.360082	159	22	34	570.05
-3.141593	2.104282	-0.813972	6	34	38	569.98
0.523599	0.866395	-2.492918	187	19	43	569.89
0.000000	2.379497	0.561089	10	20	51	569.88
2.617994	2.704512	1.488683	186	29	49	569.87
-0.523599	1.869911	2.701025	169	35	44	569.85
-1.047198	1.658653	-2.409879	178	5	48	569.80
-2.879793	2.089241	-0.114193	165	4	38	569.75
-0.523599	0.733948	3.021411	168	26	26	569.69
-2.094395	1.756530	-2.105156	166	21	50	569.56
2.356194	2.724429	-0.348782	161	26	42	569.53
1.308997	0.899350	-2.069907	179	19	41	569.50
-2.094395	2.455966	-0.641220	169	189	186	569.50
1.832596	2.153910	-1.714959	2	19	40	569.47
-1.570796	1.417623	-0.202254	185	0	29	569.45
-0.785398	0.615174	-0.666022	176	17	35	569.44
-1.308997	1.870545	-2.976234	172	186	32	569.38
-1.832596	1.417623	-0.202254	177	40	36	569.27
0.000000	0.864993	2.278281	169	32	39	569.26
-2.356194	2.104282	-0.813972	179	187	27	569.24
0.523599	2.153910	-1.714959	189	4	44	569.19
-2.094395	0.850607	-1.335383	183	21	48	569.09
2.356194	1.948085	-2.363031	184	31	41	569.00
0.000000	2.251330	-2.330739	166	37	27	568.94
-3.141593	1.325504	-1.671296	183	20	48	568.92
1.308997	2.187132	-0.479875	185	188	27	568.90
-0.785398	1.870545	-2.976234	187	190	38	568.89
1.047198	0.619654	-2.216909	176	27	47	568.84
-0.523599	2.579248	-2.364801	179	17	32	568.83
-1.570796	2.174483	2.653697	183	30	40	568.83
0.785398	1.948085	-2.363031	0	15	40	568.82
-1.047198	1.948085	-2.363031	175	3	44	568.80
-2.356194	1.128190	-2.288622	173	14	54	568.78
2.617994	0.674054	1.013609	176	18	37	568.76
-2.617994	1.301460	-0.509251	188	33	41	568.71
0.000000	0.297065	2.160177	181	12	35	568.67
0.261799	1.504028	0.636812	188	24	41	568.61
-1.308997	2.404280	-0.174044	191	191	39	568.56
-2.617994	1.875281	0.107086	170	191	40	568.53
-2.356194	1.545873	-1.877082	177	17	34	568.47
-0.785398	1.812176	0.656819	0	13	48	568.46
2.094395	0.914445	2.687814	179	187	33	568.38
0.785398	2.153910	-1.714959	1	5	44	568.37
-0.523599	1.413430	2.550734	171	33	41	568.33
-1.570796	0.674054	1.013609	160	24	32	568.28
-1.047198	1.909857	-0.381669	160	27	32	568.26
-2.879793	0.961715	0.014085	177	18	33	568.26
2.094395	0.640596	-2.797608	171	26	42	568.14
2.879793	2.760637	2.781135	165	21	22	568.11
-1.570796	1.113094	-0.272241	185	191	26	568.10
0.000000	1.504028	0.636812	1	27	46	568.06
-2.879793	1.450119	-2.739050	162	23	45	568.02
-2.879793	1.617114	-1.572037	180	24	41	567.98
1.308997	2.724429	-0.348782	181	21	33	567.97
2.094395	2.063651	-2.044600	190	23	38	567.93
2.617994	0.297065	2.160177	180	24	37	567.91
2.617994	2.719179	-1.780644	191	32	33	567.88
-1.047198	2.760637	2.781135	169	32	43	567.87
1.832596	2.115563	0.685730	173	31	49	567.87
-1.570796	1.218453	2.777284	169	188	31	567.86
-1.308997	1.569311	-3.003978	177	191	40	567.77
-2.617994	2.153910	-1.714959	173	28	36	567.76
-2.356194	0.961715	0.014085	181	19	35	567.75
-1.570796	1.869911	2.701025	188	38	44	567.70
1.832596	2.588535	-2.976617	177	185	39	567.64
0.523599	1.374601	-2.456031	1	15	47	567.63
2.094395	1.413347	-1.339188	0	13	50	567.60
-2.356194	0.866955	-0.931351	185	23	43	567.60
1.047198	2.001437	0.381215	184	24	37	567.58
-0.261799	0.618092	2.539118	170	29	34	567.56
-1.308997	1.836682	-0.676006	164	30	39	567.52
-1.047198	0.418037	1.360082	163	7	37	567.51
0.523599	1.699788	2.452890	161	17	46	567.47
-0.785398	1.128190	-2.288622	185	6	51	567.46
1.832596	1.218453	2.777284	174	189	36	567.41
2.356194	2.637879	2.121598	5	14	50	567.39
-0.523599	1.617114	-1.572037	171	7	49	567.33
-0.785398	0.418037	1.360082	166	4	37	567.33
0.000000	2.579248	-2.364801	166	37	34	567.25
-1.832596	1.113094	-0.272241	180	0	28	567.23
-2.094395	1.870545	-2.976234	188	28	33	567.20
2.879793	0.831641	0.616218	164	11	38	567.20
-1.570796	1.736875	3.023612	177	13	34	567.18
1.308997	1.599406	1.426070	172	26	55	567.17
0.261799	0.674054	1.013609	183	18	36	567.15
-2.617994	1.904882	-1.478089	176	28	39	567.14
0.785398	0.674054	1.013609	184	15	37	567.07
-0.785398	1.504028	0.636812	3	15	45	567.04
-2.356194	2.180315	-1.357379	177	19	29	567.00
2.617994	2.396274	-1.959260	189	33	37	566.95
0.000000	0.203748	0.590255	0	26	33	566.94
-1.047198	0.831641	0.616218	158	18	27	566.94
0.785398	1.335669	0.897240	181	39	48	566.85
1.308997	0.379747	-1.713059	168	17	47	566.82
1.047198	0.709924	0.218797	185	191	38	566.80
1.570796	2.637879	2.121598	189	3	47	566.80
1.832596	0.203748	0.590255	169	28	32	566.76
0.000000	2.587733	0.232235	13	22	47	566.75
2.356194	2.404280	-0.174044	160	26	40	566.73
-2.617994	2.295480	1.008277	174	18	55	566.72
-0.785398	1.195355	1.200319	190	21	43	566.67
-0.261799	0.906588	1.252948	187	28	41	566.61
2.356194	1.413430	2.550734	187	190	42	566.60
-1.832596	2.396274	-1.959260	160	22	38	566.58
-1.047198	1.050534	3.042579	183	14	38	566.56
-2.617994	0.674054	1.013609	181	187	36	566.54
-0.523599	2.588535	-2.976617	180	10	28	566.49
1.047198	1.683268	0.374177	182	24	36	566.39
-3.141593	2.637879	2.121598	1	26	50	566.27
0.000000	1.836682	-0.676006	164	2	39	566.24
1.570796	1.134497	-1.109631	183	5	50	566.21
-1.832596	0.906588	1.252948	160	24	22	566.18
2.617994	1.134796	2.434290	190	190	41	566.16
-2.617994	1.195355	1.200319	35	1	161	566.11
0.000000	2.587733	0.232235	9	18	46	566.08
-3.141593	0.831641	0.616218	167	7	38	565.89
2.879793	1.194549	-0.801900	188	21	41	565.88
-2.094395	2.187132	-0.479875	180	187	33	565.82
-2.879793	0.615174	-0.666022	1	21	46	565.80
1.570796	1.736875	3.023612	190	33	34	565.72
0.261799	2.138223	1.678323	44	178	168	565.66
0.785398	1.214854	-1.966664	183	16	48	565.65
-1.047198	1.135834	-1.431087	174	21	53	565.65
-2.356194	0.297065	2.160177	161	21	41	565.62
2.094395	1.242974	-2.977882	182	18	35	565.59
-1.047198	0.992645	-1.723759	180	18	54	565.48
0.261799	2.881233	-2.582574	162	24	34	565.46
0.523599	1.977582	0.969896	190	26	54	565.29
-2.617994	1.194549	-0.801900	184	26	40	565.26
-1.308997	1.836682	-0.676006	164	29	39	565.24
0.261799	1.982574	-1.115518	175	188	42	565.19
-1.047198	0.619654	-2.216909	189	13	51	565.18
1.570796	1.391910	3.030322	188	24	37	565.13
-0.785398	0.080730	-2.622036	184	16	39	565.11
-1.832596	2.588535	-2.976617	189	30	36	565.08
-1.308997	1.134497	-1.109631	173	27	51	565.06
2.879793	0.297065	2.160177	179	20	37	564.92
-1.308997	1.413430	2.550734	186	35	41	564.89
-2.094395	0.961715	0.014085	177	0	31	564.88
-1.570796	2.063651	-2.044600	164	14	45	564.83
-2.879793	0.831641	0.616218	181	20	35	564.79
-2.094395	2.984978	1.954446	174	24	36	564.78
-1.308997	0.203748	0.590255	163	28	43	564.77
-1.047198	1.569311	-3.003978	182	189	40	564.74
-1.308997	2.456751	-1.503343	161	18	37	564.72
-0.261799	0.370812	-2.547742	3	22	49	564.70
2.879793	2.984978	1.954446	0	28	42	564.62
1.570796	0.929350	-2.910676	182	31	42	564.60
-1.832596	2.104282	-0.813972	176	17	28	564.48
-3.141593	1.998705	2.370472	185	18	38	564.45
-2.879793	1.869911	2.701025	164	22	29	564.45
-2.617994	0.960688	-0.577532	185	26	40	564.44
-2.094395	0.290380	-0.796960	186	21	41	564.38
1.047198	1.569311	-3.003978	1	27	38	564.33
2.356194	1.050534	3.042579	172	33	38	564.31
0.785398	1.195355	1.200319	173	31	47	564.26
-1.832596	1.256302	0.062705	182	0	34	564.24
2.356194	2.579248	-2.364801	188	35	34	564.18
-2.879793	1.904882	-1.478089	180	27	38	564.18
0.785398	0.458961	-0.107937	169	190	40	564.14
-2.356194	1.045978	0.343692	174	188	34	564.11
0.785398	2.393226	1.857173	179	6	51	564.07
2.094395	1.982574	-1.115518	161	18	21	564.03
-2.094395	1.846342	-1.796954	169	28	50	564.02
-3.141593	1.732874	-0.951685	3	30	44	564.01
-1.832596	1.135834	-1.431087	179	20	43	563.98
1.832596	0.961715	0.014085	187	20	37	563.97
2.617994	0.674054	1.013609	163	3	36	563.97
-1.308997	1.413430	2.550734	184	26	38	563.97
-1.308997	1.683268	0.374177	189	5	42	563.92
2.094395	0.914445	2.687814	183	7	35	563.88
-2.094395	2.164094	-2.991358	177	19	34	563.88
-2.356194	1.756530	-2.105156	168	27	50	563.86
-2.094395	2.164094	-2.991358	161	9	33	563.81
-1.047198	1.574060	2.783565	181	12	34	563.70
1.047198	2.247462	0.191623	186	31	40	563.69
-0.523599	1.413347	-1.339188	169	12	49	563.62
-3.141593	2.153910	-1.714959	179	38	42	563.59
-3.141593	0.418037	1.360082	177	187	32	563.59
0.000000	0.496451	0.593859	180	14	38	563.53
1.308997	1.184361	0.625864	188	4	24	563.50
0.261799	1.135834	-1.431087	178	14	56	563.49
0.000000	1.662363	0.915448	188	24	49	563.46
1.047198	1.904882	-1.478089	190	3	44	563.43
-0.785398	1.998705	2.370472	173	31	49	563.43
-1.570796	2.664082	-1.071402	163	32	31	563.29
1.832596	2.984978	1.954446	164	23	19	563.12
-2.617994	2.592629	0.909713	169	22	53	563.05
-1.832596	2.637879	2.121598	176	24	39	562.89
1.832596	1.606104	-0.451151	166	32	27	562.80
0.000000	0.290380	-0.796960	167	27	49	562.80
-1.047198	2.404280	-0.174044	163	30	24	562.79
1.308997	2.153910	-1.714959	182	18	34	562.75
0.785398	2.478122	2.609777	168	3	46	562.68
1.832596	1.045978	0.343692	166	30	38	562.67
-0.261799	2.138223	1.678323	178	16	56	562.65
-1.570796	2.478122	2.609777	178	36	46	562.61
0.000000	2.247462	0.191623	13	26	45	562.56
2.617994	1.545873	-1.877082	182	29	52	562.52
2.094395	2.180315	-1.357379	162	15	24	562.51
-2.879793	2.343981	-1.040456	184	28	34	562.51
0.785398	1.574060	2.783565	4	25	32	562.44
-2.094395	2.343981	-1.040456	169	37	34	562.41
-1.308997	1.242974	-2.977882	179	0	44	562.29
0.785398	1.948085	-2.363031	158	18	21	562.28
-1.047198	1.599406	1.426070	190	21	54	562.24
0.261799	1.554776	0.100351	178	12	33	562.22
-0.523599	2.033014	2.977192	184	5	27	562.15
0.261799	2.404280	-0.174044	2	27	37	562.10
-1.832596	1.391910	3.030322	187	28	34	562.06
0.785398	0.618092	2.539118	162	18	34	562.06
2.094395	2.295480	1.008277	177	28	53	562.00
2.356194	1.367556	0.358405	158	21	38	561.96
-1.308997	1.113094	-0.272241	168	26	37	561.95
2.617994	2.637879	2.121598	5	18	50	561.94
-1.570796	2.063651	-2.044600	163	14	45	561.92
-2.356194	2.187132	-0.479875	32	12	186	561.91
-1.047198	1.872854	1.543456	184	19	55	561.89
2.094395	0.914445	2.687814	183	24	37	561.89
2.617994	1.168678	2.108595	184	0	45	561.83
-1.570796	2.637879	2.121598	174	22	39	561.81
-0.785398	0.379747	-1.713059	190	25	50	561.79
0.000000	1.045978	0.343692	178	14	35	561.78
0.000000	1.450119	-2.739050	163	22	21	561.76
2.879793	2.187132	-0.479875	161	11	34	561.74
0.261799	0.733948	3.021411	161	19	29	561.74
0.785398	2.187132	-0.479875	185	27	32	561.73
2.094395	0.992645	-1.723759	177	17	53	561.71
-2.094395	0.203748	0.590255	178	20	36	561.71
-1.570796	1.721184	-0.153948	185	0	32	561.69
-1.570796	0.709924	0.218797	173	22	35	561.68
2.094395	0.618092	2.539118	184	25	38	561.68
2.356194	2.063651	-2.044600	188	29	41	561.64
-1.832596	1.699788	2.452890	189	28	42	561.61
-1.832596	0.961715	0.014085	182	191	31	561.52
-1.308997	1.450119	-2.739050	177	2	46	561.51
-0.261799	2.343981	-1.040456	3	30	30	561.51
-1.308997	0.080730	-2.622036	170	28	29	561.47
-0.261799	1.545873	-1.877082	40	168	191	561.43
-2.879793	0.866955	-0.931351	187	20	43	561.35
-2.356194	2.041297	-2.664597	159	19	39	561.35
-1.832596	0.496451	0.593859	175	22	36	561.29
2.356194	1.391910	3.030322	177	38	38	561.25
-3.141593	2.724429	-0.348782	163	11	42	561.24
1.832596	1.433411	-1.035986	1	6	48	561.21
0.000000	1.683268	0.374177	4	24	43	561.19
2.094395	1.658653	-2.409879	184	29	44	561.17
0.523599	1.510910	-0.740472	173	190	43	561.13
-2.094395	0.290380	-0.796960	2	28	48	561.09
-1.308997	1.134497	-1.109631	176	18	38	561.08
-1.308997	2.719179	-1.780644	162	14	31	560.99
0.261799	0.640596	-2.797608	4	21	47	560.97
-0.261799	1.574060	2.783565	167	24	32	560.92
2.356194	0.864993	2.278281	184	27	36	560.79
2.094395	1.569311	-3.003978	185	41	40	560.76
1.832596	1.135834	-1.431087	185	10	52	560.69
1.047198	2.033014	2.977192	3	28	31	560.69
-1.832596	0.290380	-0.796960	190	26	45	560.66
2.879793	0.297065	2.160177	24	2	2	560.61
0.000000	2.664082	-1.071402	180	18	32	560.58
2.617994	0.914445	2.687814	171	34	36	560.47
0.523599	1.554776	0.100351	180	11	33	560.44
1.308997	1.184361	0.625864	177	23	34	560.41
1.308997	2.247462	0.191623	182	32	40	560.37
-2.094395	1.134497	-1.109631	181	23	42	560.37
-0.261799	1.391910	3.030322	164	29	32	560.25
-2.617994	2.704512	1.488683	175	24	39	560.24
-0.785398	1.301460	-0.509251	162	24	43	560.21
1.308997	1.218453	2.777284	173	8	36	560.20
1.832596	1.756530	-2.105156	189	23	44	560.17
1.047198	2.187132	-0.479875	183	7	32	560.13
2.094395	1.488617	1.159546	164	16	49	560.12
-1.570796	0.458961	-0.107937	177	19	35	560.10
0.785398	1.335669	0.897240	180	23	38	560.09
-2.879793	1.256302	0.062705	177	16	34	560.06
-2.879793	1.113094	-0.272241	0	31	39	560.02
-2.094395	2.588535	-2.976617	175	17	31	560.00
-1.308997	1.335669	0.897240	172	17	29	559.94
0.523599	2.396274	-1.959260	162	33	26	559.88
1.308997	2.247462	0.191623	183	23	34	559.88
0.000000	2.724429	-0.348782	163	12	25	559.86
0.261799	0.496451	0.593859	173	0	38	559.84
2.094395	0.961715	0.014085	165	29	32	559.83
-1.570796	1.870545	-2.976234	191	41	32	559.81
-0.785398	2.588535	-2.976617	173	39	39	559.76
2.617994	2.984978	1.954446	191	23	39	559.70
2.356194	1.836682	-0.676006	161	20	26	559.66
-0.523599	2.349581	-2.702517	172	41	34	559.62
0.261799	2.187132	-0.479875	2	31	33	559.60
-2.617994	1.417623	-0.202254	189	38	36	559.59
1.047198	1.128190	-2.288622	184	23	48	559.52
0.523599	1.554776	0.100351	164	159	185	559.48
-1.308997	0.910508	1.903534	0	31	42	559.47
-2.617994	1.417623	-0.202254	170	190	30	559.46
1.047198	1.450119	-2.739050	1	25	43	559.45
0.523599	0.080730	-2.622036	186	25	41	559.42
1.308997	1.488617	1.159546	172	30	53	559.41
2.617994	0.733948	3.021411	168	28	39	559.37
-1.570796	0.914445	2.687814	171	8	37	559.29
-1.047198	1.135813	-2.658866	186	5	50	559.26
1.047198	1.050534	3.042579	1	27	39	559.23
0.785398	1.809167	1.213774	183	29	56	559.18
-2.617994	1.545873	-1.877082	176	30	53	559.11
-1.308997	1.391910	3.030322	184	31	34	559.10
2.094395	0.864993	2.278281	172	190	38	559.03
1.570796	2.587733	0.232235	178	37	43	559.03
2.094395	2.164094	-2.991358	31	191	188	558.96
-1.047198	1.869911	2.701025	175	35	41	558.92
-1.308997	2.299159	2.264663	174	30	50	558.78
1.047198	0.674054	1.013609	184	12	35	558.77
-3.141593	1.904882	-1.478089	185	35	47	558.70
-0.261799	2.719179	-1.780644	175	190	32	558.70
0.785398	1.184361	0.625864	183	41	43	558.69
0.523599	2.108018	1.311430	183	17	54	558.68
1.832596	2.343981	-1.040456	158	23	28	558.61
2.356194	0.700570	1.559208	167	2	39	558.61
0.000000	0.674054	1.013609	176	190	33	558.59
-2.879793	0.290380	-0.796960	2	15	47	558.54
2.879793	2.343981	-1.040456	188	27	34	558.54
-1.832596	1.766067	2.153843	188	26	48	558.47
-1.308997	1.134796	2.434290	175	8	32	558.47
1.832596	1.134497	-1.109631	186	6	49	558.41
1.832596	1.569311	-3.003978	182	18	35	558.41
1.308997	1.128190	-2.288622	183	24	48	558.39
-0.523599	2.724429	-0.348782	161	23	25	558.39
1.832596	2.379497	0.561089	175	34	47	558.38
-1.308997	1.574060	2.783565	182	28	37	558.38
-1.308997	1.683268	0.374177	189	6	42	558.34
-2.356194	2.349581	-2.702517	158	18	33	558.33
-1.832596	1.440580	2.260026	191	28	44	558.31
1.308997	1.242974	-2.977882	181	18	36	558.24
0.785398	0.866395	-2.492918	186	26	48	558.24
1.832596	0.700570	1.559208	164	15	41	558.24
0.785398	1.824694	1.850876	171	15	52	558.22
-1.047198	2.001437	0.381215	191	6	45	558.21
-0.523599	1.756530	-2.105156	179	191	46	558.19
0.000000	0.370812	-2.547742	4	25	49	558.19
2.094395	1.325504	-1.671296	186	20	54	558.15
0.785398	2.343981	-1.040456	182	189	35	558.13
-0.785398	0.910508	1.903534	186	35	42	558.12
-1.570796	2.033014	2.977192	183	29	36	558.10
-2.617994	0.709924	0.218797	180	19	35	558.05
-1.308997	0.370812	-2.547742	189	8	48	558.05
1.308997	0.640596	-2.797608	179	32	43	557.97
-0.785398	1.134497	-1.109631	169	22	50	557.91
2.356194	1.510910	-0.740472	185	18	34	557.89
0.523599	0.685216	-1.712745	179	16	38	557.86
-1.047198	1.736875	3.023612	180	31	35	557.86
-3.141593	1.367556	0.358405	164	5	40	557.84
1.570796	2.984978	1.954446	4	6	44	557.81
0.523599	0.618092	2.539118	158	20	30	557.78
2.617994	0.864993	2.278281	185	188	38	557.75
-1.570796	0.864993	2.278281	168	11	34	557.75
0.000000	1.977582	0.969896	187	18	50	557.68
-2.879793	2.456751	-1.503343	181	27	33	557.67
1.570796	2.404280	-0.174044	169	38	37	557.64
-0.523599	1.870545	-2.976234	170	39	32	557.54
2.356194	2.153910	-1.714959	0	27	40	557.53
-1.832596	1.756530	-2.105156	166	17	50	557.52
-2.617994	2.478122	2.609777	6	26	47	557.52
0.785398	0.733948	3.021411	165	12	29	557.46
-2.356194	1.242974	-2.977882	162	11	41	557.46
-1.832596	0.618092	2.539118	166	7	39	557.42
2.094395	1.569311	-3.003978	180	35	39	557.40
0.523599	1.662363	0.915448	187	32	52	557.36
-1.570796	1.699788	2.452890	187	32	44	557.31
1.570796	2.073035	2.027405	180	5	52	557.26
2.617994	0.297065	2.160177	181	23	38	557.24
-0.261799	1.696674	-1.253233	168	5	46	557.20
-1.570796	2.001437	0.381215	182	3	45	557.13
0.785398	2.174483	2.653697	164	6	45	556.99
-2.094395	2.073035	2.027405	184	23	45	556.93
2.094395	0.591903	2.010408	179	14	36	556.90
-0.261799	1.014500	0.906702	191	25	40	556.88
0.261799	2.664082	-1.071402	185	25	33	556.86
0.785398	2.404280	-0.174044	186	25	34	556.86
-0.523599	2.251330	-2.330739	181	190	39	556.82
1.570796	1.417623	-0.202254	187	15	36	556.77
2.356194	1.194549	-0.801900	167	29	21	556.76
-1.047198	0.700570	1.559208	2	27	39	556.66
-3.141593	0.929350	-2.910676	162	21	45	556.61
2.879793	2.001437	0.381215	162	16	46	556.59
-3.141593	2.664082	-1.071402	186	28	31	556.55
1.832596	1.872854	1.543456	41	177	187	556.53
-1.832596	0.733948	3.021411	170	191	42	556.51
2.617994	1.948085	-2.363031	181	26	36	556.50
-2.356194	1.904882	-1.478089	173	30	42	556.49
2.617994	1.128190	-2.288622	171	26	51	556.48
-2.879793	1.256302	0.062705	180	20	34	556.46
-0.523599	0.992645	-1.723759	180	17	54	556.45
2.879793	2.592629	0.909713	175	23	36	556.43
0.785398	2.379497	0.561089	3	26	50	556.42
-1.832596	1.134796	2.434290	1	31	40	556.36
-1.308997	1.504028	0.636812	191	10	45	556.31
-0.523599	2.001437	0.381215	4	12	45	556.30
0.785398	1.869911	2.701025	4	26	29	556.28
1.047198	0.733948	3.021411	1	26	41	556.26
-2.879793	1.554776	0.100351	168	3	39	556.25
-0.523599	2.033014	2.977192	169	35	40	556.21
-0.785398	1.413430	2.550734	176	35	41	556.19
2.617994	1.617114	-1.572037	188	21	45	556.17
-2.879793	2.637879	2.121598	186	26	42	556.14
-3.141593	2.033014	2.977192	166	28	32	556.01
2.879793	2.724429	-0.348782	163	18	41	555.99
1.832596	1.168678	2.108595	167	5	45	555.98
-2.879793	0.496451	0.593859	180	18	35	555.89
2.094395	2.396274	-1.959260	188	24	34	555.87
-2.879793	2.343981	-1.040456	182	15	31	555.84
1.047198	2.587733	0.232235	189	26	39	555.74
-2.356194	0.591903	2.010408	158	21	30	555.70
2.094395	2.343981	-1.040456	161	21	30	555.66
-1.570796	1.836682	-0.676006	167	34	39	555.65
0.785398	0.992645	-1.723759	177	16	51	555.64
1.047198	2.724429	-0.348782	180	41	40	555.63
-0.261799	1.413430	2.550734	168	25	35	555.58
-2.094395	1.998705	2.370472	185	24	41	555.43
-1.308997	0.591903	2.010408	167	4	35	555.42
1.832596	0.080730	-2.622036	167	29	46	555.34
0.785398	1.504028	0.636812	186	38	47	555.34
-2.879793	2.180315	-1.357379	181	29	36	555.33
-1.570796	0.906588	1.252948	160	20	26	555.17
-1.308997	2.719179	-1.780644	162	13	32	555.16
0.000000	1.310100	1.488307	178	32	49	555.16
2.356194	2.138223	1.678323	183	15	54	555.15
1.047198	1.506530	1.988858	165	13	48	555.14
2.356194	1.721184	-0.153948	158	24	31	555.11
0.261799	2.404280	-0.174044	1	27	36	555.10
-2.094395	2.349581	-2.702517	160	13	34	555.08
-1.308997	1.134796	2.434290	173	6	31	555.05
2.879793	0.496451	0.593859	173	15	34	555.03
-0.261799	1.045978	0.343692	175	16	35	555.00
-0.261799	1.433411	-1.035986	167	11	49	554.99
-1.308997	2.478122	2.609777	172	33	42	554.98
2.356194	1.450119	-2.739050	183	17	34	554.96
1.047198	1.741644	-2.695914	160	11	26	554.96
0.523599	2.455966	-0.641220	188	36	34	554.86
0.261799	1.325504	-1.671296	40	177	170	554.85
-1.047198	0.496451	0.593859	160	20	38	554.84
-2.879793	0.418037	1.360082	184	183	26	554.83
-0.523599	2.115563	0.685730	190	10	46	554.79
-1.308997	1.417623	-0.202254	166	26	33	554.68
0.785398	0.733948	3.021411	183	19	36	554.63
2.356194	2.404280	-0.174044	161	27	41	554.61
-1.832596	0.615174	-0.666022	183	25	42	554.61
-0.785398	1.413430	2.550734	174	35	40	554.60
-3.141593	1.846342	-1.796954	178	33	47	554.54
-1.047198	2.881233	-2.582574	174	190	26	554.52
0.785398	0.685216	-1.712745	176	18	40	554.48
-0.523599	0.906588	1.252948	190	26	41	554.44
1.570796	1.982574	-1.115518	162	27	18	554.41
2.879793	2.063651	-2.044600	181	27	36	554.40
-2.094395	0.864993	2.278281	158	11	29	554.40
-0.785398	1.683268	0.374177	179	17	34	554.39
-0.785398	1.050534	3.042579	183	13	38	554.36
-2.356194	0.615174	-0.666022	191	29	48	554.32
-0.523599	0.418037	1.360082	172	2	37	554.32
2.617994	2.247462	0.191623	161	22	44	554.32
1.308997	0.640596	-2.797608	182	22	40	554.30
0.523599	1.335669	0.897240	184	37	48	554.30
-1.047198	0.203748	0.590255	163	18	34	554.28
2.617994	1.574060	2.783565	173	38	32	554.24
0.261799	2.247462	0.191623	11	33	45	554.21
-2.617994	0.297065	2.160177	162	26	41	554.21
-2.094395	1.506530	1.988858	1	19	48	554.16
-3.141593	1.617114	-1.572037	183	29	51	554.16
1.570796	0.910508	1.903534	187	24	35	554.11
-2.617994	1.977582	0.969896	176	9	55	554.11
-2.356194	1.301460	-0.509251	185	38	42	554.04
2.356194	2.579248	-2.364801	184	16	33	554.03
-1.047198	0.685216	-1.712745	185	22	53	554.00
2.617994	0.762244	-0.273349	163	24	27	553.99
-2.094395	2.041297	-2.664597	161	13	39	553.99
1.832596	2.089241	-0.114193	165	35	38	553.91
0.261799	2.863997	0.549740	164	23	18	553.89
-1.832596	1.741644	-2.695914	180	22	36	553.84
-1.308997	1.766067	2.153843	184	32	52	553.78
1.570796	0.866955	-0.931351	180	2	49	553.78
-2.094395	1.050534	3.042579	163	4	38	553.77
-1.570796	1.875281	0.107086	179	22	33	553.76
2.094395	0.080730	-2.622036	164	23	45	553.67
-1.570796	1.113094	-0.272241	186	189	22	553.67
-2.879793	1.869911	2.701025	164	21	29	553.51
-2.356194	2.115563	0.685730	175	9	52	553.51
-1.308997	0.685216	-1.712745	185	21	53	553.49
-2.356194	2.478122	2.609777	187	26	39	553.48
0.261799	1.948085	-2.363031	182	11	34	553.34
1.832596	0.864993	2.278281	185	26	36	553.34
2.094395	2.587733	0.232235	168	34	44	553.29
0.523599	2.295480	1.008277	191	18	53	553.28
2.879793	2.984978	1.954446	1	28	43	553.23
-2.617994	0.906588	1.252948	187	2	44	553.20
1.047198	1.335669	0.897240	176	38	48	553.15
-0.261799	0.992645	-1.723759	180	17	54	553.11
-1.308997	2.356369	3.005869	179	189	28	552.98
-0.785398	1.696674	-1.253233	163	13	46	552.98
1.570796	1.909857	-0.381669	180	15	28	552.98
-2.356194	1.242974	-2.977882	161	9	40	552.95
-1.308997	0.899350	-2.069907	182	12	53	552.94
0.261799	1.554776	0.100351	179	13	33	552.93
-1.570796	2.001437	0.381215	183	2	45	552.87
-2.094395	0.960688	-0.577532	184	36	45	552.71
-0.523599	0.700570	1.559208	189	36	40	552.71
2.617994	2.153910	-1.714959	191	29	41	552.71
-2.617994	0.458961	-0.107937	191	29	42	552.69
1.047198	1.909857	-0.381669	182	38	32	552.67
-1.570796	1.014500	0.906702	164	24	27	552.56
2.879793	1.696674	-1.253233	1	28	48	552.50
0.785398	0.866395	-2.492918	184	26	45	552.49
-0.523599	1.662363	0.915448	191	20	50	552.36
0.261799	1.367556	0.358405	168	2	27	552.35
-2.094395	2.588535	-2.976617	176	18	31	552.33
-1.832596	0.914445	2.687814	164	1	34	552.29
0.785398	1.909857	-0.381669	184	26	32	552.19
0.785398	1.135813	-2.658866	189	20	42	552.11
0.261799	0.709924	0.218797	191	29	33	552.10
-0.523599	1.448123	-2.163292	183	3	50	552.07
-1.047198	1.555207	1.708892	190	27	53	552.00
0.261799	2.295480	1.008277	189	15	53	551.95
-0.785398	0.906588	1.252948	1	24	42	551.94
2.356194	1.218453	2.777284	179	42	35	551.92
-2.879793	2.356369	3.005869	164	22	30	551.92
2.879793	0.203748	0.590255	10	34	42	551.90
1.570796	1.025536	1.576859	159	14	42	551.89
-0.523599	2.164094	-2.991358	179	11	31	551.87
-2.879793	2.984978	1.954446	186	33	44	551.84
-1.832596	2.356369	3.005869	176	14	31	551.80
-3.141593	2.033014	2.977192	164	24	30	551.80
-0.523599	1.301460	-0.509251	160	17	41	551.78
-2.879793	0.866955	-0.931351	185	21	42	551.76
-1.832596	1.050534	3.042579	176	15	38	551.74
-2.094395	0.203748	0.590255	177	20	36	551.74
-0.523599	0.914445	2.687814	170	29	32	551.71
0.523599	1.736875	3.023612	5	22	34	551.61
0.785398	2.863997	0.549740	8	22	47	551.58
-2.879793	1.417623	-0.202254	2	37	36	551.57
-2.094395	1.310100	1.488307	1	11	51	551.52
-2.094395	2.984978	1.954446	173	25	36	551.48
2.356194	0.992645	-1.723759	179	16	55	551.48
-2.617994	1.756530	-2.105156	170	30	50	551.47
-1.047198	1.134796	2.434290	182	21	37	551.46
-2.356194	2.356369	3.005869	190	25	37	551.39
1.570796	0.640596	-2.797608	181	33	48	551.38
-0.785398	2.115563	0.685730	187	9	47	551.36
0.523599	0.961715	0.014085	190	30	33	551.34
1.570796	1.756530	-2.105156	190	21	44	551.24
-1.308997	1.218453	2.777284	174	185	30	551.21
1.832596	0.418037	1.360082	160	15	33	551.18
-1.832596	2.187132	-0.479875	178	22	32	551.17
1.570796	0.297065	2.160177	176	16	35	551.09
0.523599	2.863997	0.549740	9	17	47	551.08
-0.523599	1.134497	-1.109631	168	18	49	551.07
-2.617994	1.982574	-1.115518	182	37	42	550.87
1.570796	0.850607	-1.335383	176	9	52	550.84
0.523599	1.310100	1.488307	173	30	49	550.75
-1.832596	1.413430	2.550734	1	31	41	550.74
-1.570796	2.033014	2.977192	164	163	186	550.68
1.832596	1.836682	-0.676006	162	29	21	550.63
2.094395	2.356369	3.005869	187	186	42	550.58
1.047198	2.393226	1.857173	184	6	53	550.56
-3.141593	1.417623	-0.202254	163	7	31	550.54
-2.879793	1.113094	-0.272241	1	31	40	550.53
0.261799	1.982574	-1.115518	174	188	41	550.51
1.832596	0.379747	-1.713059	166	12	48	550.50
-0.523599	1.510910	-0.740472	162	15	44	550.42
2.879793	1.732874	-0.951685	7	27	45	550.41
-0.785398	1.510910	-0.740472	162	20	44	550.40
0.000000	0.615174	-0.666022	164	16	46	550.38
-0.261799	1.335669	0.897240	188	21	41	550.28
-0.523599	1.948085	-2.363031	183	1	45	550.19
-2.356194	1.982574	-1.115518	178	21	33	550.15
-0.261799	2.033014	2.977192	164	31	40	550.15
1.047198	0.379747	-1.713059	169	22	50	550.14
-1.832596	0.591903	2.010408	160	14	35	550.08
-0.523599	1.569311	-3.003978	1	1	41	550.08
-1.832596	1.113094	-0.272241	179	17	34	550.08
-2.879793	0.674054	1.013609	180	2	38	550.05
1.832596	2.063651	-2.044600	1	23	40	550.04
2.879793	1.448123	-2.163292	174	28	51	550.00
-1.570796	2.456751	-1.503343	160	23	37	549.95
-2.617994	2.041297	-2.664597	159	23	38	549.91
-2.094395	1.869911	2.701025	168	8	29	549.91
-2.356194	0.866955	-0.931351	186	26	46	549.89
2.356194	1.450119	-2.739050	176	31	43	549.81
2.879793	0.297065	2.160177	172	33	38	549.77
2.094395	1.325504	-1.671296	185	20	54	549.73
-1.570796	1.440580	2.260026	185	23	40	549.69
2.356194	2.396274	-1.959260	191	31	37	549.66
2.617994	2.404280	-0.174044	159	20	39	549.60
1.832596	2.164094	-2.991358	188	34	34	549.59
2.879793	0.762244	-0.273349	167	22	30	549.56
0.261799	1.433411	-1.035986	172	4	49	549.53
-1.570796	2.356369	3.005869	185	32	38	549.49
1.570796	2.343981	-1.040456	161	30	29	549.38
-2.094395	1.506530	1.988858	190	20	46	549.29
-0.261799	0.496451	0.593859	2	26	34	549.29
0.000000	2.407836	1.410646	178	9	49	549.29
-1.570796	2.299159	2.264663	176	30	46	549.24
-2.094395	2.984978	1.954446	170	31	41	549.24
0.523599	1.766067	2.153843	167	19	52	549.20
-0.785398	0.640596	-2.797608	190	8	48	549.13
2.617994	0.591903	2.010408	183	26	37	549.10
-2.879793	2.089241	-0.114193	166	6	39	549.08
-3.141593	0.866955	-0.931351	187	19	43	549.07
0.000000	0.910508	1.903534	174	34	42	549.03
-3.141593	2.063651	-2.044600	178	27	37	549.02
2.356194	1.218453	2.777284	178	42	35	549.00
-2.356194	2.396274	-1.959260	163	31	38	549.00
2.356194	1.545873	-1.877082	186	28	53	548.96
2.879793	2.984978	1.954446	189	26	39	548.94
1.308997	1.606104	-0.451151	187	14	36	548.87
0.785398	1.310100	1.488307	170	27	49	548.85
-1.047198	0.370812	-2.547742	169	24	26	548.84
2.879793	2.664082	-1.071402	188	27	31	548.81
-1.570796	0.910508	1.903534	2	26	42	548.80
2.617994	2.592629	0.909713	178	26	43	548.79
1.570796	2.404280	-0.174044	185	190	22	548.75
-1.570796	2.356369	3.005869	174	190	27	548.72
-1.047198	1.699788	2.452890	181	37	46	548.68
-1.308997	0.619654	-2.216909	187	11	51	548.64
0.000000	0.709924	0.218797	1	27	33	548.62
0.261799	1.184361	0.625864	188	27	39	548.58
-2.356194	1.450119	-2.739050	163	13	45	548.57
-1.570796	1.766067	2.153843	187	31	52	548.52
0.785398	1.846342	-1.796954	191	11	49	548.48
0.523599	2.247462	0.191623	191	26	39	548.48
0.523599	2.455966	-0.641220	178	8	31	548.47
-2.094395	0.866955	-0.931351	184	27	47	548.45
1.047198	1.824694	1.850876	172	13	53	548.45
0.523599	1.555207	1.708892	171	24	52	548.43
-1.832596	1.732874	-0.951685	171	32	42	548.41
1.047198	1.545873	-1.877082	188	13	48	548.41
0.523599	0.618092	2.539118	157	20	29	548.40
0.785398	1.574060	2.783565	158	10	37	548.34
-3.141593	1.113094	-0.272241	167	17	30	548.33
-2.356194	2.478122	2.609777	3	30	48	548.29
0.523599	1.606104	-0.451151	182	13	36	548.27
-0.785398	2.587733	0.232235	191	3	43	548.26
0.785398	1.599406	1.426070	176	28	55	548.26
-0.261799	2.115563	0.685730	0	12	46	548.25
-1.308997	2.664082	-1.071402	161	26	31	548.22
2.356194	1.554776	0.100351	157	23	33	548.20
2.356194	1.242974	-2.977882	176	36	44	548.20
0.261799	2.138223	1.678323	175	14	53	548.19
-2.879793	1.904882	-1.478089	179	34	44	548.18
-2.094395	1.247695	1.809890	4	14	48	548.18
-3.141593	2.356369	3.005869	165	26	30	548.17
1.047198	2.164094	-2.991358	4	26	34	548.16
-3.141593	1.696674	-1.253233	183	27	40	548.16
0.785398	2.073035	2.027405	174	11	54	548.09
1.570796	0.419640	2.974122	182	23	38	548.04
-1.308997	0.910508	1.903534	168	10	31	548.04
-1.570796	0.700570	1.559208	158	12	27	548.04
1.308997	2.587733	0.232235	186	32	42	548.01
-2.094395	0.866395	-2.492918	176	5	51	547.99
1.832596	1.335669	0.897240	165	28	48	547.93
-0.785398	1.374601	-2.456031	184	1	48	547.93
-0.785398	1.310100	1.488307	185	23	45	547.87
2.356194	0.733948	3.021411	172	32	41	547.86
-1.832596	0.866955	-0.931351	182	24	42	547.86
2.617994	2.724429	-0.348782	161	22	42	547.86
1.308997	1.736875	3.023612	164	191	35	547.84
2.356194	1.506530	1.988858	180	5	52	547.78
0.261799	1.504028	0.636812	5	38	46	547.74
-3.141593	0.961715	0.014085	161	6	28	547.64
2.879793	1.417623	-0.202254	161	12	31	547.61
2.879793	0.496451	0.593859	162	8	32	547.61
2.879793	2.478122	2.609777	9	12	48	547.59
-2.617994	2.579248	-2.364801	162	29	33	547.58
-2.879793	2.104282	-0.813972	1	37	38	547.50
-1.308997	1.741644	-2.695914	173	1	43	547.50
-3.141593	1.134796	2.434290	165	26	27	547.47
2.879793	0.591903	2.010408	185	187	35	547.47
0.785398	0.992645	-1.723759	179	15	40	547.46
-0.523599	0.866395	-2.492918	191	10	49	547.45
-1.832596	0.914445	2.687814	175	16	37	547.42
0.261799	1.870545	-2.976234	159	28	33	547.41
0.523599	2.108018	1.311430	187	20	57	547.39
0.000000	2.979456	-1.009304	0	32	39	547.36
-1.832596	1.699788	2.452890	191	30	43	547.31
1.308997	2.063651	-2.044600	161	17	22	547.30
2.094395	0.960688	-0.577532	168	30	20	547.29
-3.141593	1.134497	-1.109631	185	20	41	547.20
1.832596	1.606104	-0.451151	165	32	26	547.17
-2.617994	0.203748	0.590255	184	28	40	547.17
1.047198	2.063651	-2.044600	177	16	30	547.11
-1.308997	2.356369	3.005869	181	31	38	547.05
1.047198	1.184361	0.625864	184	12	33	547.04
-1.308997	2.664082	-1.071402	161	27	31	547.01
0.523599	2.187132	-0.479875	191	34	33	546.99
1.832596	0.419640	2.974122	177	35	41	546.95
-0.785398	1.440580	2.260026	176	29	41	546.92
1.047198	1.045978	0.343692	181	27	35	546.89
-1.570796	1.569311	-3.003978	191	41	30	546.89
-1.047198	1.440580	2.260026	181	33	44	546.88
0.785398	2.393226	1.857173	180	6	52	546.85
-2.094395	1.545873	-1.877082	172	24	54	546.81
0.000000	2.108018	1.311430	180	15	51	546.77
2.617994	2.041297	-2.664597	177	28	34	546.67
-1.570796	1.875281	0.107086	178	22	33	546.63
-0.785398	0.910508	1.903534	186	34	42	546.61
-2.094395	1.506530	1.988858	191	20	47	546.57
-1.832596	1.574060	2.783565	174	14	33	546.52
-3.141593	0.914445	2.687814	164	32	38	546.50
2.879793	1.325504	-1.671296	44	185	1	546.48
-0.785398	2.724429	-0.348782	162	28	25	546.44
-0.261799	1.184361	0.625864	0	22	40	546.43
2.094395	1.683268	0.374177	161	28	40	546.39
-1.570796	1.218453	2.777284	176	13	35	546.34
2.356194	1.721184	-0.153948	158	23	31	546.32
2.879793	1.417623	-0.202254	158	11	26	546.23
-0.523599	2.393226	1.857173	172	14	53	546.23
1.308997	2.396274	-1.959260	159	19	28	546.13
-2.617994	0.906588	1.252948	185	190	42	546.09
-1.308997	0.379747	-1.713059	185	18	42	546.04
-1.832596	1.658653	-2.409879	167	11	48	546.01
-0.523599	2.174483	2.653697	167	30	46	545.98
1.308997	1.417623	-0.202254	188	16	36	545.93
1.570796	2.063651	-2.044600	7	24	45	545.93
-3.141593	0.709924	0.218797	174	17	33	545.91
1.832596	0.419640	2.974122	181	21	38	545.86
-1.308997	1.247695	1.809890	186	21	41	545.85
1.570796	2.704512	1.488683	4	15	50	545.82
-1.047198	0.080730	-2.622036	167	21	26	545.79
1.570796	1.450119	-2.739050	188	30	43	545.78
0.523599	2.187132	-0.479875	176	8	32	545.71
-0.523599	1.134796	2.434290	174	35	40	545.68
2.617994	1.554776	0.100351	157	17	34	545.67
2.617994	2.089241	-0.114193	158	18	37	545.64
0.785398	0.379747	-1.713059	169	24	45	545.63
0.523599	1.662363	0.915448	187	31	52	545.63
0.523599	0.831641	0.616218	184	32	37	545.61
2.879793	2.724429	-0.348782	162	17	42	545.60
0.000000	1.014500	0.906702	186	28	40	545.59
2.356194	2.033014	2.977192	190	185	38	545.58
0.785398	1.510910	-0.740472	178	188	44	545.50
-2.617994	1.554776	0.100351	171	191	38	545.45
0.785398	1.662363	0.915448	183	32	52	545.42
1.308997	2.251330	-2.330739	4	21	38	545.41
1.047198	1.310100	1.488307	168	28	51	545.39
-1.570796	2.478122	2.609777	179	26	38	545.32
1.308997	1.374601	-2.456031	187	25	45	545.27
-1.308997	2.174483	2.653697	179	26	39	545.24
-0.523599	2.138223	1.678323	178	17	56	545.23
2.094395	1.194549	-0.801900	168	28	19	545.20
0.523599	0.640596	-2.797608	191	21	44	545.17
2.356194	2.979456	-1.009304	164	20	41	545.16
2.617994	1.367556	0.358405	158	15	38	545.15
-0.261799	2.979456	-1.009304	3	29	39	545.15
-0.261799	0.866955	-0.931351	167	18	47	545.09
-1.308997	1.741644	-2.695914	174	2	43	545.05
2.356194	1.301460	-0.509251	163	24	23	545.02
0.523599	1.417623	-0.202254	169	188	34	544.91
2.094395	2.379497	0.561089	171	32	47	544.85
-2.094395	1.135834	-1.431087	178	22	47	544.84
-1.047198	1.218453	2.777284	181	10	36	544.82
-1.832596	1.870545	-2.976234	4	37	32	544.71
-0.523599	1.440580	2.260026	174	31	45	544.67
1.308997	1.135813	-2.658866	184	29	44	544.63
-1.308997	2.760637	2.781135	172	34	41	544.60
-0.785398	1.545873	-1.877082	174	6	50	544.58
-2.879793	2.592629	0.909713	170	26	53	544.49
1.308997	2.356369	3.005869	184	19	35	544.46
-2.617994	1.301460	-0.509251	187	29	39	544.41
-2.356194	1.374601	-2.456031	167	16	50	544.41
1.047198	1.045978	0.343692	184	13	35	544.40
1.047198	0.370812	-2.547742	177	31	43	544.28
1.047198	1.756530	-2.105156	1	14	46	544.25
1.047198	1.870545	-2.976234	3	27	37	544.24
-2.617994	1.135813	-2.658866	166	15	49	544.24
-3.141593	1.510910	-0.740472	188	26	39	544.20
-1.832596	1.846342	-1.796954	167	22	50	544.13
-3.141593	2.863997	0.549740	167	30	48	544.05
1.047198	0.297065	2.160177	159	15	28	544.00
2.617994	1.214854	-1.966664	177	24	53	544.00
1.047198	1.256302	0.062705	185	190	34	543.97
0.261799	0.850607	-1.335383	175	20	55	543.93
-0.261799	1.662363	0.915448	190	21	49	543.90
-1.570796	0.914445	2.687814	188	28	36	543.82
-1.047198	2.187132	-0.479875	159	26	29	543.80
-0.785398	1.569311	-3.003978	189	0	41	543.80
-1.308997	1.335669	0.897240	173	18	30	543.74
2.094395	2.407836	1.410646	184	23	52	543.72
2.617994	1.869911	2.701025	172	37	28	543.56
0.261799	1.977582	0.969896	2	27	55	543.56
2.356194	2.863997	0.549740	176	29	39	543.55
-2.879793	0.960688	-0.577532	0	26	44	543.46
-1.308997	2.295480	1.008277	180	5	52	543.41
-1.570796	1.741644	-2.695914	169	3	43	543.39
-0.785398	2.664082	-1.071402	162	16	31	543.39
1.308997	0.866955	-0.931351	175	3	49	543.37
-1.832596	2.164094	-2.991358	4	36	35	543.37
-0.785398	1.128190	-2.288622	186	6	52	543.30
-0.523599	2.041297	-2.664597	182	18	35	543.27
-0.785398	0.418037	1.360082	167	5	37	543.15
2.094395	0.992645	-1.723759	179	16	54	543.12
0.523599	0.674054	1.013609	183	15	37	543.09
0.000000	1.732874	-0.951685	167	2	44	543.06
0.261799	1.872854	1.543456	179	21	55	543.06
0.785398	2.704512	1.488683	189	6	50	543.06
-2.356194	1.014500	0.906702	182	189	40	543.04
-0.261799	1.433411	-1.035986	166	10	46	543.02
2.356194	2.299159	2.264663	1	6	49	542.99
2.617994	1.617114	-1.572037	188	27	51	542.98
2.356194	0.674054	1.013609	163	14	39	542.97
-1.570796	1.134497	-1.109631	176	28	50	542.90
-2.094395	1.721184	-0.153948	26	181	187	542.84
1.570796	1.218453	2.777284	166	188	33	542.84
-3.141593	0.929350	-2.910676	166	25	48	542.78
-1.570796	1.554776	0.100351	185	1	35	542.76
2.356194	0.591903	2.010408	171	185	30	542.74
-0.261799	1.812176	0.656819	1	18	46	542.74
1.047198	2.041297	-2.664597	182	17	35	542.73
-0.785398	0.929350	-2.910676	186	2	42	542.72
2.879793	0.674054	1.013609	168	6	39	542.72
1.308997	0.618092	2.539118	1	28	38	542.70
-1.308997	2.001437	0.381215	185	4	43	542.70
1.308997	2.393226	1.857173	185	7	51	542.67
1.832596	0.619654	-2.216909	172	21	49	542.63
0.785398	1.756530	-2.105156	187	13	39	542.62
-1.570796	1.134796	2.434290	187	26	39	542.58
-0.785398	0.992645	-1.723759	180	17	53	542.56
0.785398	2.664082	-1.071402	179	16	31	542.56
-0.785398	0.733948	3.021411	185	0	39	542.54
-0.261799	1.014500	0.906702	190	25	40	542.52
2.094395	2.863997	0.549740	178	36	45	542.51
-0.523599	0.290380	-0.796960	171	27	42	542.51
-2.879793	0.419640	2.974122	163	19	45	542.50
2.356194	1.870545	-2.976234	181	41	38	542.47
0.785398	1.606104	-0.451151	176	185	36	542.42
2.094395	1.504028	0.636812	161	24	44	542.41
-2.879793	0.080730	-2.622036	167	1	42	542.32
1.047198	0.929350	-2.910676	190	26	42	542.31
0.261799	2.104282	-0.813972	176	10	36	542.30
-2.356194	0.080730	-2.622036	177	188	42	542.28
0.785398	0.866395	-2.492918	184	27	47	542.25
0.000000	2.724429	-0.348782	162	12	25	542.23
0.261799	2.063651	-2.044600	190	4	45	542.21
2.094395	0.674054	1.013609	161	17	38	542.18
-0.261799	0.674054	1.013609	179	14	36	542.13
-1.570796	1.554776	0.100351	186	1	37	542.10
2.094395	2.592629	0.909713	181	31	48	542.08
1.047198	2.164094	-2.991358	3	25	34	542.07
2.356194	0.458961	-0.107937	184	19	39	542.06
-2.094395	1.824694	1.850876	186	20	50	541.94
-2.879793	2.001437	0.381215	169	10	47	541.94
1.832596	2.455966	-0.641220	161	31	35	541.86
-2.617994	0.762244	-0.273349	187	26	39	541.81
-0.261799	2.724429	-0.348782	163	17	26	541.74
1.832596	1.417623	-0.202254	168	32	31	541.74
1.047198	2.664082	-1.071402	188	189	29	541.74
-0.523599	1.606104	-0.451151	158	15	36	541.69
-1.832596	0.864993	2.278281	164	10	33	541.67
-1.570796	0.496451	0.593859	162	29	33	541.65
-1.308997	1.875281	0.107086	177	17	32	541.59
1.047198	1.335669	0.897240	175	36	48	541.55
0.523599	2.979456	-1.009304	183	32	37	541.54
1.047198	1.417623	-0.202254	184	12	36	541.48
-0.785398	0.496451	0.593859	159	17	38	541.46
-0.523599	0.640596	-2.797608	1	11	48	541.41
1.832596	2.587733	0.232235	181	20	33	541.39
-0.261799	0.615174	-0.666022	166	24	48	541.38
-0.261799	2.719179	-1.780644	180	17	32	541.35
-2.356194	1.948085	-2.363031	162	21	44	541.35
0.523599	2.247462	0.191623	6	31	46	541.33
1.570796	2.984978	1.954446	9	9	48	541.31
2.356194	0.899350	-2.069907	172	20	52	541.28
2.879793	0.866395	-2.492918	166	20	49	541.26
-1.047198	0.618092	2.539118	184	25	36	541.20
-2.617994	0.929350	-2.910676	162	11	44	541.19
0.523599	1.134796	2.434290	156	22	35	541.16
-0.785398	1.247695	1.809890	182	27	43	541.14
2.356194	0.700570	1.559208	178	16	38	541.08
0.523599	2.393226	1.857173	175	7	50	541.06
-1.308997	1.998705	2.370472	180	34	50	541.02
-1.832596	2.033014	2.977192	1	37	40	540.95
0.261799	2.404280	-0.174044	183	21	33	540.92
2.356194	2.664082	-1.071402	161	14	36	540.87
1.047198	0.961715	0.014085	183	191	38	540.84
-1.047198	1.574060	2.783565	181	42	40	540.80
-2.879793	0.762244	-0.273349	4	31	44	540.80
1.308997	2.393226	1.857173	185	6	51	540.78
-2.617994	2.356369	3.005869	164	17	30	540.70
-1.570796	1.574060	2.783565	175	12	33	540.68
2.879793	2.637879	2.121598	1	21	45	540.67
0.785398	1.195355	1.200319	173	32	47	540.55
0.261799	1.875281	0.107086	187	22	35	540.55
-1.570796	2.251330	-2.330739	178	21	34	540.47
-1.570796	2.455966	-0.641220	165	34	28	540.42
-3.141593	1.256302	0.062705	6	35	34	540.39
0.000000	2.984978	1.954446	172	191	46	540.39
-1.570796	1.413430	2.550734	186	27	38	540.33
1.832596	2.104282	-0.813972	160	28	26	540.30
1.570796	0.370812	-2.547742	173	30	48	540.29
-1.832596	2.456751	-1.503343	162	29	37	540.25
2.356194	1.982574	-1.115518	8	22	43	540.23
-1.047198	1.504028	0.636812	0	14	45	540.12
-3.141593	2.153910	-1.714959	179	30	37	540.06
0.261799	2.115563	0.685730	7	28	52	539.99
-1.832596	1.413430	2.550734	181	19	36	539.96
0.261799	1.909857	-0.381669	4	31	33	539.96
0.000000	1.948085	-2.363031	180	11	34	539.88
0.523599	1.335669	0.897240	184	25	41	539.85
-0.261799	0.864993	2.278281	171	29	36	539.82
2.879793	1.606104	-0.451151	161	11	26	539.71
-1.047198	1.374601	-2.456031	179	0	47	539.70
-2.356194	1.413347	-1.339188	178	24	42	539.63
-1.047198	1.134796	2.434290	179	10	34	539.61
-1.047198	0.899350	-2.069907	185	13	53	539.59
2.094395	1.982574	-1.115518	162	19	22	539.55
1.047198	0.910508	1.903534	157	19	38	539.55
-0.785398	1.948085	-2.363031	176	188	41	539.51
-0.261799	2.979456	-1.009304	165	8	26	539.50
1.047198	0.080730	-2.622036	177	31	42	539.50
-1.308997	0.914445	2.687814	178	13	37	539.46
-1.047198	2.299159	2.264663	173	28	51	539.44
0.523599	2.704512	1.488683	185	4	48	539.41
0.000000	2.881233	-2.582574	164	29	36	539.39
-2.617994	0.850607	-1.335383	183	19	43	539.35
-3.141593	1.909857	-0.381669	183	23	33	539.34
1.308997	0.419640	2.974122	182	21	38	539.22
1.570796	2.104282	-0.813972	163	33	26	539.21
2.617994	1.736875	3.023612	172	35	35	539.16
1.308997	2.404280	-0.174044	175	41	39	539.15
-0.523599	2.881233	-2.582574	173	38	40	539.08
1.832596	2.164094	-2.991358	175	184	35	539.06
2.879793	1.242974	-2.977882	29	181	190	539.05
0.523599	1.448123	-2.163292	185	14	42	539.04
-2.356194	1.545873	-1.877082	174	27	54	538.99
-2.879793	0.910508	1.903534	176	18	32	538.88
0.000000	0.674054	1.013609	182	18	36	538.85
2.094395	1.836682	-0.676006	161	25	24	538.84
-2.617994	0.961715	0.014085	177	15	33	538.83
-2.356194	1.732874	-0.951685	180	35	43	538.79
1.308997	1.766067	2.153843	170	6	49	538.78
-1.047198	0.496451	0.593859	159	18	34	538.78
-1.308997	1.310100	1.488307	186	21	45	538.77
-1.308997	0.619654	-2.216909	186	10	48	538.73
-3.141593	2.164094	-2.991358	167	30	35	538.69
-1.570796	1.875281	0.107086	183	1	36	538.69
-1.832596	0.418037	1.360082	158	22	33	538.68
-0.785398	1.448123	-2.163292	179	4	50	538.67
-2.617994	1.732874	-0.951685	186	35	44	538.61
1.047198	1.510910	-0.740472	183	188	44	538.59
1.308997	1.335669	0.897240	171	34	48	538.54
0.523599	2.393226	1.857173	180	8	55	538.48
-2.617994	1.606104	-0.451151	189	38	38	538.45
-0.261799	0.866955	-0.931351	168	21	51	538.42
-2.879793	2.115563	0.685730	169	12	52	538.31
-2.094395	0.929350	-2.910676	169	4	45	538.24
1.832596	1.450119	-2.739050	184	31	43	538.22
0.785398	1.606104	-0.451151	184	14	36	538.19
2.094395	0.297065	2.160177	179	13	34	537.98
-0.785398	0.906588	1.252948	179	18	36	537.97
1.047198	1.440580	2.260026	161	10	43	537.96
1.308997	2.456751	-1.503343	161	29	30	537.93
0.000000	1.168678	2.108595	170	30	44	537.88
1.570796	2.033014	2.977192	172	187	40	537.87
-3.141593	0.906588	1.252948	178	4	44	537.86
2.617994	1.846342	-1.796954	187	26	44	537.79
2.617994	2.407836	1.410646	183	23	50	537.78
-1.570796	2.115563	0.685730	183	1	49	537.70
0.785398	1.658653	-2.409879	0	17	43	537.70
2.879793	1.184361	0.625864	163	6	42	537.69
-2.356194	0.297065	2.160177	161	22	41	537.69
1.308997	2.704512	1.488683	2	12	50	537.67
2.094395	2.579248	-2.364801	0	33	34	537.66
-1.570796	2.104282	-0.813972	164	32	36	537.64
1.570796	0.961715	0.014085	187	19	37	537.58
1.047198	2.704512	1.488683	0	9	49	537.50
2.094395	1.909857	-0.381669	159	27	28	537.49
-2.879793	1.301460	-0.509251	188	27	39	537.47
2.879793	0.640596	-2.797608	162	20	45	537.47
1.570796	2.478122	2.609777	183	190	48	537.46
-2.356194	2.760637	2.781135	188	28	39	537.45
-1.832596	2.760637	2.781135	185	37	46	537.45
-3.141593	1.504028	0.636812	167	5	46	537.42
0.000000	2.587733	0.232235	8	17	46	537.40
-1.832596	1.440580	2.260026	186	23	40	537.39
-2.879793	1.014500	0.906702	175	3	43	537.37
0.785398	2.396274	-1.959260	159	27	26	537.35
-1.832596	1.417623	-0.202254	176	39	36	537.34
1.047198	2.164094	-2.991358	4	27	34	537.31
-2.879793	0.203748	0.590255	189	30	41	537.29
-0.785398	1.699788	2.452890	174	31	44	537.27
0.000000	1.450119	-2.739050	181	13	36	537.25
0.523599	1.128190	-2.288622	186	19	47	537.19
-2.356194	1.450119	-2.739050	162	13	44	537.18
1.832596	0.733948	3.021411	183	23	39	537.17
1.047198	1.699788	2.452890	164	8	47	537.15
1.308997	1.904882	-1.478089	2	11	47	537.13
-2.356194	0.290380	-0.796960	3	23	48	537.08
2.617994	1.554776	0.100351	157	16	33	537.08
-2.356194	1.448123	-2.163292	171	22	53	537.07
-3.141593	1.325504	-1.671296	182	21	50	537.07
0.523599	1.374601	-2.456031	1	16	48	537.01
1.047198	1.846342	-1.796954	0	9	46	537.01
-0.523599	1.413430	2.550734	170	28	36	536.98
1.047198	0.591903	2.010408	158	19	35	536.95
1.832596	1.247695	1.809890	166	12	49	536.92
-0.523599	1.184361	0.625864	6	24	43	536.91
-0.261799	1.218453	2.777284	167	25	31	536.86
2.879793	0.992645	-1.723759	42	177	1	536.69
1.832596	1.617114	-1.572037	1	17	51	536.69
-1.570796	0.914445	2.687814	176	14	37	536.67
2.356194	2.001437	0.381215	161	25	43	536.64
0.523599	1.195355	1.200319	180	23	38	536.53
2.879793	2.164094	-2.991358	170	33	35	536.49
2.094395	1.218453	2.777284	185	43	35	536.42
-1.308997	0.496451	0.593859	161	25	37	536.37
0.523599	1.683268	0.374177	189	27	40	536.35
-1.832596	1.218453	2.777284	164	0	31	536.29
-1.308997	1.194549	-0.801900	174	19	36	536.28
1.047198	1.256302	0.062705	185	13	35	536.25
-2.356194	0.914445	2.687814	158	12	34	536.24
1.047198	2.478122	2.609777	185	20	35	536.23
-2.356194	2.407836	1.410646	177	24	57	536.19
0.785398	1.836682	-0.676006	32	8	182	536.16
1.832596	1.450119	-2.739050	184	32	43	536.12
0.523599	1.977582	0.969896	0	30	55	536.10
1.832596	1.909857	-0.381669	162	33	28	536.10
-1.832596	1.554776	0.100351	181	0	36	536.09
-1.570796	0.418037	1.360082	160	18	37	536.08
-3.141593	1.194549	-0.801900	189	23	42	536.08
1.570796	1.417623	-0.202254	172	35	31	536.06
0.523599	1.214854	-1.966664	183	15	50	536.05
-3.141593	1.433411	-1.035986	186	24	41	536.04
2.356194	2.704512	1.488683	189	27	49	535.98
2.356194	2.592629	0.909713	180	27	43	535.95
-0.261799	2.073035	2.027405	171	21	54	535.95
-2.617994	1.184361	0.625864	182	22	35	535.94
-2.879793	2.295480	1.008277	172	19	56	535.92
1.047198	1.247695	1.809890	163	19	47	535.89
0.000000	1.134497	-1.109631	171	14	53	535.86
-3.141593	0.674054	1.013609	173	3	39	535.85
-1.047198	0.674054	1.013609	159	14	32	535.84
2.094395	1.325504	-1.671296	184	21	53	535.84
-2.617994	0.418037	1.360082	169	34	34	535.70
1.047198	1.135813	-2.658866	184	23	40	535.67
-0.523599	1.214854	-1.966664	182	10	53	535.66
1.832596	0.618092	2.539118	177	8	34	535.64
-0.261799	0.674054	1.013609	179	13	36	535.56
-2.617994	0.297065	2.160177	162	27	41	535.50
2.879793	2.704512	1.488683	183	30	49	535.47
0.523599	2.295480	1.008277	190	17	53	535.45
-2.094395	1.846342	-1.796954	168	27	50	535.42
-0.261799	1.440580	2.260026	172	26	43	535.41
-1.047198	2.073035	2.027405	176	26	53	535.40
-1.570796	0.685216	-1.712745	185	16	49	535.38
-1.047198	2.588535	-2.976617	177	41	39	535.33
-1.832596	1.367556	0.358405	185	187	35	535.33
2.094395	2.704512	1.488683	188	23	42	535.32
-0.261799	2.041297	-2.664597	0	0	40	535.24
0.000000	1.617114	-1.572037	40	177	171	535.22
0.523599	0.080730	-2.622036	188	28	44	535.21
0.523599	1.683268	0.374177	186	23	36	535.15
0.785398	1.875281	0.107086	186	24	35	535.15
0.000000	0.640596	-2.797608	9	21	50	535.11
-3.141593	0.866395	-2.492918	165	16	48	535.10
-1.832596	1.134497	-1.109631	179	23	42	535.09
-3.141593	2.104282	-0.813972	188	28	35	535.09
-1.570796	1.574060	2.783565	184	28	37	535.07
-1.047198	1.824694	1.850876	183	26	55	535.00
-1.308997	0.906588	1.252948	2	18	42	534.97
-2.879793	0.906588	1.252948	183	3	44	534.95
1.308997	1.545873	-1.877082	189	14	48	534.89
-2.617994	2.984978	1.954446	181	30	40	534.75
-2.879793	2.063651	-2.044600	186	9	25	534.72
0.261799	1.872854	1.543456	177	20	54	534.72
0.785398	1.184361	0.625864	182	40	43	534.69
2.356194	2.063651	-2.044600	187	25	37	534.68
-0.785398	2.760637	2.781135	165	27	39	534.68
0.261799	0.906588	1.252948	179	26	37	534.66
-1.832596	0.733948	3.021411	170	191	41	534.66
-1.570796	1.699788	2.452890	187	29	43	534.62
-2.879793	0.297065	2.160177	164	30	41	534.60
-2.094395	0.960688	-0.577532	183	27	41	534.56
0.523599	0.370812	-2.547742	188	25	45	534.56
1.047198	0.700570	1.559208	161	28	39	534.54
1.832596	1.242974	-2.977882	182	33	41	534.50
-1.047198	1.450119	-2.739050	182	1	46	534.47
-1.047198	1.599406	1.426070	183	19	46	534.45
-2.617994	2.104282	-0.813972	187	39	38	534.44
1.308997	2.073035	2.027405	178	5	51	534.43
-0.261799	1.699788	2.452890	169	23	40	534.41
-0.261799	2.089241	-0.114193	158	12	25	534.35
2.879793	1.721184	-0.153948	160	12	33	534.30
-0.785398	1.374601	-2.456031	186	6	51	534.30
1.047198	0.899350	-2.069907	179	21	47	534.28
-2.094395	0.906588	1.252948	163	28	24	534.27
-1.308997	2.073035	2.027405	178	27	53	534.25
0.000000	2.407836	1.410646	179	9	51	534.24
0.785398	1.875281	0.107086	185	25	35	534.24
1.570796	0.961715	0.014085	171	35	31	534.10
0.785398	0.674054	1.013609	188	0	31	534.06
0.000000	1.025536	1.576859	183	17	36	533.98
0.261799	1.417623	-0.202254	164	0	35	533.91
-2.617994	1.846342	-1.796954	173	27	42	533.82
2.879793	2.349581	-2.702517	191	189	28	533.69
-1.047198	1.325504	-1.671296	173	14	51	533.64
-1.047198	1.683268	0.374177	0	7	42	533.54
0.523599	1.812176	0.656819	191	31	50	533.52
2.356194	0.914445	2.687814	178	41	38	533.48
1.570796	0.203748	0.590255	171	31	32	533.47
2.356194	0.618092	2.539118	183	186	30	533.42
-0.785398	1.134497	-1.109631	168	22	50	533.38
2.356194	1.741644	-2.695914	180	26	36	533.38
0.523599	1.998705	2.370472	164	12	47	533.30
-0.785398	1.413430	2.550734	175	35	41	533.18
-0.261799	0.674054	1.013609	176	8	34	533.18
2.356194	1.325504	-1.671296	184	22	54	533.17
0.000000	0.850607	-1.335383	173	18	51	533.15
-3.141593	2.478122	2.609777	7	17	46	533.04
2.617994	2.356369	3.005869	5	191	42	533.02
-2.094395	1.756530	-2.105156	167	21	50	533.00
1.308997	2.587733	0.232235	185	31	40	532.97
1.832596	0.496451	0.593859	163	25	32	532.95
-2.617994	1.301460	-0.509251	186	29	38	532.91
-2.879793	0.961715	0.014085	188	28	37	532.85
1.308997	0.640596	-2.797608	181	31	44	532.83
0.000000	2.404280	-0.174044	163	13	26	532.81
-1.308997	2.478122	2.609777	175	34	46	532.79
-1.570796	0.850607	-1.335383	182	24	51	532.77
0.261799	0.571433	-1.188419	171	23	53	532.76
-0.261799	2.407836	1.410646	177	9	50	532.74
2.094395	1.736875	3.023612	184	21	35	532.73
0.785398	1.367556	0.358405	180	190	27	532.71
2.356194	2.592629	0.909713	177	32	50	532.68
-2.094395	1.545873	-1.877082	172	23	54	532.58
-2.617994	1.545873	-1.877082	176	29	54	532.56
2.094395	1.218453	2.777284	181	188	36	532.54
1.570796	1.135813	-2.658866	182	29	44	532.51
1.570796	1.904882	-1.478089	4	15	47	532.48
-1.832596	2.637879	2.121598	176	23	38	532.47
0.523599	2.349581	-2.702517	157	20	33	532.47
-2.356194	0.960688	-0.577532	188	35	46	532.46
-2.617994	0.929350	-2.910676	163	12	45	532.44
0.261799	1.168678	2.108595	165	28	43	532.44
-1.570796	1.014500	0.906702	160	25	21	532.39
-0.261799	1.488617	1.159546	186	27	50	532.36
1.047198	1.574060	2.783565	2	26	32	532.34
0.000000	1.135813	-2.658866	2	11	47	532.30
0.785398	2.251330	-2.330739	157	19	25	532.29
-0.523599	1.574060	2.783565	168	32	37	532.27
-1.308997	0.762244	-0.273349	175	20	37	532.16
-2.094395	1.413430	2.550734	3	28	41	532.04
0.523599	1.599406	1.426070	179	30	55	532.02
-2.356194	1.194549	-0.801900	183	27	41	531.97
-2.356194	1.506530	1.988858	190	17	46	531.95
0.000000	1.025536	1.576859	178	25	38	531.95
1.308997	1.683268	0.374177	180	24	36	531.94
1.570796	2.247462	0.191623	173	38	43	531.89
0.523599	2.299159	2.264663	168	8	49	531.83
1.047198	1.982574	-1.115518	186	191	39	531.81
-0.785398	1.555207	1.708892	180	23	46	531.81
2.356194	0.992645	-1.723759	178	16	53	531.75
-0.261799	2.881233	-2.582574	168	33	37	531.73
-2.617994	1.448123	-2.163292	170	22	52	531.72
-0.785398	2.579248	-2.364801	178	18	32	531.68
-1.047198	0.379747	-1.713059	191	23	50	531.59
1.832596	2.984978	1.954446	163	24	19	531.56
0.523599	1.135834	-1.431087	180	14	56	531.51
-0.785398	0.709924	0.218797	159	18	34	531.50
-1.832596	1.510910	-0.740472	175	34	43	531.48
-2.879793	1.325504	-1.671296	42	179	171	531.45
2.094395	1.417623	-0.202254	164	28	31	531.36
-1.832596	2.153910	-1.714959	164	26	44	531.34
0.261799	1.875281	0.107086	174	11	29	531.32
-2.094395	2.456751	-1.503343	165	36	37	531.31
-0.523599	0.618092	2.539118	172	31	33	531.24
2.356194	2.407836	1.410646	185	22	51	531.22
2.094395	0.379747	-1.713059	167	9	49	531.22
1.832596	1.242974	-2.977882	181	18	35	531.18
2.879793	1.417623	-0.202254	158	10	25	531.15
-2.094395	2.979456	-1.009304	186	189	37	531.12
-2.879793	1.135834	-1.431087	183	19	42	531.09
1.832596	1.658653	-2.409879	187	28	44	530.97
0.785398	1.450119	-2.739050	0	22	42	530.96
-2.879793	2.247462	0.191623	166	10	45	530.86
2.617994	2.664082	-1.071402	163	7	36	530.85
2.617994	1.836682	-0.676006	160	15	25	530.81
1.308997	0.961715	0.014085	176	37	32	530.80
-1.832596	1.025536	1.576859	160	21	25	530.80
-2.094395	2.704512	1.488683	171	26	54	530.78
-2.879793	1.683268	0.374177	168	4	44	530.73
-2.356194	0.496451	0.593859	182	190	33	530.71
-0.261799	2.455966	-0.641220	163	10	31	530.66
-2.879793	1.836682	-0.676006	0	36	39	530.65
-3.141593	1.617114	-1.572037	185	25	47	530.63
0.523599	2.979456	-1.009304	180	40	40	530.63
-3.141593	0.762244	-0.273349	6	28	44	530.61
-0.785398	1.450119	-2.739050	189	4	46	530.59
0.523599	1.025536	1.576859	183	10	30	530.59
-0.785398	2.588535	-2.976617	172	39	39	530.44
0.785398	1.367556	0.358405	179	190	27	530.43
-1.832596	2.299159	2.264663	178	31	45	530.42
-2.617994	1.247695	1.809890	3	12	49	530.41
-0.523599	0.419640	2.974122	169	27	29	530.38
2.879793	2.719179	-1.780644	188	35	33	530.36
-1.570796	2.073035	2.027405	180	27	53	530.34
1.570796	2.001437	0.381215	181	20	33	530.31
2.356194	1.433411	-1.035986	5	14	49	530.30
-0.523599	0.615174	-0.666022	165	25	46	530.27
-0.261799	2.881233	-2.582574	189	190	26	530.26
-1.047198	1.194549	-0.801900	174	17	35	530.20
-1.047198	1.214854	-1.966664	179	10	53	530.18
-0.523599	1.732874	-0.951685	161	11	43	530.12
2.879793	1.696674	-1.253233	0	28	48	530.11
1.308997	2.404280	-0.174044	181	21	33	530.09
-0.261799	1.135834	-1.431087	174	15	53	530.08
0.523599	2.407836	1.410646	189	13	56	530.02
-2.356194	1.875281	0.107086	175	189	41	529.98
-3.141593	2.704512	1.488683	179	26	39	529.97
0.261799	2.393226	1.857173	175	8	53	529.91
2.617994	2.063651	-2.044600	185	31	42	529.91
-0.785398	0.906588	1.252948	2	27	43	529.83
-3.141593	1.812176	0.656819	168	12	50	529.82
-0.785398	0.379747	-1.713059	190	27	51	529.75
1.832596	0.914445	2.687814	172	189	33	529.74
0.785398	2.343981	-1.040456	168	3	185	529.73
2.094395	1.909857	-0.381669	161	28	31	529.69
-2.094395	1.194549	-0.801900	181	26	40	529.69
-2.356194	0.960688	-0.577532	186	31	43	529.67
-0.523599	1.766067	2.153843	173	24	45	529.67
-1.832596	1.699788	2.452890	191	29	44	529.66
1.832596	1.736875	3.023612	183	21	35	529.66
-2.356194	1.247695	1.809890	177	18	34	529.64
-1.308997	1.440580	2.260026	185	32	44	529.63
-0.785398	1.756530	-2.105156	175	0	47	529.63
1.047198	1.135813	-2.658866	188	27	45	529.58
-0.785398	1.433411	-1.035986	164	19	47	529.57
0.523599	1.809167	1.213774	182	24	54	529.56
-0.523599	0.914445	2.687814	171	36	35	529.54
1.832596	1.904882	-1.478089	5	18	47	529.52
0.785398	1.504028	0.636812	185	36	47	529.50
2.617994	2.104282	-0.813972	184	21	32	529.46
-0.785398	1.218453	2.777284	183	9	36	529.40
-2.094395	1.417623	-0.202254	176	189	28	529.40
1.047198	0.899350	-2.069907	178	22	48	529.38
-3.141593	1.194549	-0.801900	190	22	42	529.37
-1.308997	0.203748	0.590255	162	25	40	529.35
-0.523599	0.864993	2.278281	177	36	39	529.24
2.879793	2.863997	0.549740	170	35	48	529.19
-1.308997	1.812176	0.656819	186	9	47	529.19
-1.570796	2.115563	0.685730	181	2	48	529.19
-1.832596	2.984978	1.954446	169	33	49	529.18
-2.356194	1.948085	-2.363031	163	22	45	529.17
-1.570796	0.496451	0.593859	163	28	33	529.17
1.047198	1.569311	-3.003978	181	16	34	529.16
-2.094395	2.251330	-2.330739	160	18	39	529.15
-3.141593	1.696674	-1.253233	184	26	40	529.15
0.523599	1.870545	-2.976234	158	21	33	529.10
1.047198	2.478122	2.609777	172	0	46	529.09
-1.308997	1.555207	1.708892	182	23	46	528.93
-1.047198	1.658653	-2.409879	174	191	45	528.93
0.785398	1.391910	3.030322	157	10	32	528.87
0.261799	2.073035	2.027405	171	16	54	528.86
1.308997	2.187132	-0.479875	179	16	30	528.85
-0.261799	0.960688	-0.577532	162	15	43	528.84
1.047198	0.961715	0.014085	184	190	37	528.79
2.356194	1.846342	-1.796954	189	22	40	528.79
0.523599	1.335669	0.897240	185	37	48	528.77
-1.832596	0.709924	0.218797	31	171	188	528.76
0.523599	0.418037	1.360082	187	1	35	528.71
-2.094395	1.488617	1.159546	162	174	168	528.70
2.094395	2.863997	0.549740	180	30	40	528.67
2.094395	1.335669	0.897240	164	24	48	528.61
-1.570796	1.440580	2.260026	185	24	40	528.52
0.785398	1.766067	2.153843	167	15	52	528.51
-2.617994	1.450119	-2.739050	163	18	45	528.44
-1.832596	2.724429	-0.348782	181	189	40	528.43
-2.617994	1.545873	-1.877082	175	28	54	528.43
2.356194	2.456751	-1.503343	188	24	34	528.40
-2.879793	1.242974	-2.977882	160	21	43	528.37
2.094395	1.450119	-2.739050	178	32	42	528.31
-1.047198	1.909857	-0.381669	161	28	33	528.27
-2.879793	0.762244	-0.273349	168	15	30	528.23
-1.047198	2.455966	-0.641220	161	29	31	528.21
-2.617994	2.637879	2.121598	183	27	42	528.20
0.785398	2.478122	2.609777	168	2	45	528.20
1.047198	1.875281	0.107086	185	35	41	528.18
2.879793	1.045978	0.343692	159	7	33	528.13
0.785398	2.587733	0.232235	190	27	39	528.08
1.047198	1.875281	0.107086	185	34	40	528.03
1.570796	1.218453	2.777284	190	32	35	528.03
-1.308997	1.367556	0.358405	0	9	41	528.00
-2.356194	1.050534	3.042579	160	9	38	527.98
1.308997	2.356369	3.005869	169	189	40	527.97
2.879793	0.762244	-0.273349	166	20	28	527.97
-2.356194	1.869911	2.701025	175	17	32	527.97
-3.141593	1.256302	0.062705	6	33	34	527.97
-0.523599	0.640596	-2.797608	2	10	47	527.96
1.047198	2.299159	2.264663	176	2	50	527.95
2.879793	0.203748	0.590255	161	8	26	527.92
2.094395	1.391910	3.030322	183	20	36	527.92
-0.523599	1.510910	-0.740472	162	16	44	527.91
1.570796	0.850607	-1.335383	177	8	51	527.87
1.570796	0.619654	-2.216909	174	23	49	527.85
1.047198	1.256302	0.062705	185	14	35	527.84
-1.308997	1.869911	2.701025	182	39	44	527.81
-2.617994	1.721184	-0.153948	170	190	34	527.76
-3.141593	2.063651	-2.044600	177	27	37	527.76
-1.832596	1.504028	0.636812	185	190	42	527.75
1.832596	1.617114	-1.572037	2	17	51	527.73
-1.570796	1.599406	1.426070	190	16	54	527.72
-0.523599	1.413430	2.550734	171	29	38	527.69
-2.356194	1.214854	-1.966664	176	17	56	527.67
1.047198	1.662363	0.915448	181	21	39	527.65
2.879793	2.664082	-1.071402	176	14	34	527.64
-3.141593	1.756530	-2.105156	178	22	33	527.64
-1.570796	1.335669	0.897240	173	19	29	527.58
-0.261799	2.393226	1.857173	172	12	53	527.55
-2.356194	2.588535	-2.976617	161	13	27	527.54
1.832596	0.674054	1.013609	161	22	38	527.54
2.094395	1.846342	-1.796954	3	27	49	527.42
2.879793	1.721184	-0.153948	159	12	33	527.41
-2.094395	2.356369	3.005869	188	27	37	527.36
1.570796	0.733948	3.021411	184	24	38	527.34
-0.523599	1.824694	1.850876	179	25	54	527.34
0.261799	0.914445	2.687814	161	23	34	527.29
1.832596	1.875281	0.107086	165	34	39	527.27
-2.356194	2.343981	-1.040456	183	7	30	527.26
1.832596	2.724429	-0.348782	169	39	42	527.26
2.879793	0.419640	2.974122	166	29	45	527.25
-2.617994	1.448123	-2.163292	171	23	53	527.23
-1.308997	0.591903	2.010408	177	15	37	527.23
0.523599	0.619654	-2.216909	184	27	52	527.23
-0.785398	2.251330	-2.330739	187	37	29	527.22
-1.832596	0.290380	-0.796960	1	31	48	527.22
0.523599	1.812176	0.656819	1	34	49	527.20
-0.523599	2.108018	1.311430	180	16	54	527.15
-2.094395	1.256302	0.062705	178	188	32	527.14
-2.879793	2.704512	1.488683	177	25	39	527.14
-1.308997	0.370812	-2.547742	189	7	48	527.13
-1.570796	2.001437	0.381215	181	3	43	527.13
1.308997	1.846342	-1.796954	3	16	49	527.09
-1.570796	0.418037	1.360082	159	20	37	527.08
2.356194	1.168678	2.108595	180	0	46	527.08
2.617994	2.760637	2.781135	10	9	47	527.05
-2.617994	0.960688	-0.577532	189	28	43	526.98
2.617994	0.674054	1.013609	165	10	39	526.91
1.047198	2.664082	-1.071402	166	37	33	526.89
-0.261799	2.404280	-0.174044	162	18	26	526.88
0.523599	2.073035	2.027405	170	12	51	526.80
1.832596	0.203748	0.590255	183	17	38	526.79
-2.617994	0.709924	0.218797	185	29	38	526.78
1.308997	1.417623	-0.202254	178	38	32	526.75
0.000000	2.456751	-1.503343	26	180	187	526.72
0.000000	0.866395	-2.492918	5	21	53	526.72
0.000000	1.875281	0.107086	171	13	29	526.67
-1.308997	0.914445	2.687814	179	13	37	526.65
2.879793	1.014500	0.906702	167	8	43	526.64
0.261799	1.510910	-0.740472	168	1	44	526.55
-3.141593	2.592629	0.909713	174	21	34	526.54
2.356194	1.214854	-1.966664	179	24	53	526.52
0.000000	0.297065	2.160177	170	29	32	526.52
-1.308997	1.699788	2.452890	185	37	47	526.48
0.261799	0.290380	-0.796960	164	18	45	526.44
-1.047198	1.450119	-2.739050	183	1	46	526.43
-3.141593	2.033014	2.977192	165	27	32	526.41
0.261799	0.700570	1.559208	181	12	35	526.41
1.832596	1.050534	3.042579	182	7	33	526.40
-1.308997	2.073035	2.027405	179	27	53	526.39
0.785398	1.450119	-2.739050	0	21	41	526.36
2.094395	2.041297	-2.664597	184	18	35	526.33
-1.832596	1.335669	0.897240	189	1	44	526.31
1.832596	1.599406	1.426070	168	15	51	526.28
2.356194	2.863997	0.549740	177	29	39	526.27
0.523599	2.664082	-1.071402	183	24	33	526.25
2.879793	2.396274	-1.959260	182	28	34	526.24
2.356194	2.153910	-1.714959	1	27	41	526.23
-3.141593	1.683268	0.374177	164	8	43	526.22
2.617994	0.458961	-0.107937	163	22	26	526.19
2.094395	1.721184	-0.153948	159	28	28	526.18
0.523599	0.961715	0.014085	168	188	34	526.16
-2.879793	0.929350	-2.910676	161	16	44	526.14
1.832596	0.733948	3.021411	178	35	39	526.13
-1.047198	1.335669	0.897240	189	14	42	526.12
-0.523599	0.419640	2.974122	1	7	45	526.11
1.308997	0.379747	-1.713059	169	17	46	526.04
-1.832596	0.615174	-0.666022	187	34	47	526.02
0.261799	2.108018	1.311430	182	17	54	525.94
2.617994	0.618092	2.539118	171	33	36	525.84
-1.047198	1.836682	-0.676006	160	24	38	525.81
2.879793	2.164094	-2.991358	171	34	35	525.77
0.261799	2.592629	0.909713	1	11	51	525.76
-0.785398	1.836682	-0.676006	159	18	38	525.70
-3.141593	1.433411	-1.035986	185	25	41	525.66
0.000000	2.592629	0.909713	190	8	51	525.63
1.308997	2.164094	-2.991358	182	17	34	525.56
0.261799	1.554776	0.100351	188	23	34	525.54
1.308997	0.960688	-0.577532	180	189	45	525.54
-3.141593	1.504028	0.636812	167	6	47	525.54
-1.570796	2.299159	2.264663	178	31	51	525.52
-1.047198	0.906588	1.252948	179	18	36	525.51
-0.785398	0.864993	2.278281	181	37	38	525.47
0.000000	1.194549	-0.801900	166	11	48	525.45
0.785398	0.418037	1.360082	183	13	36	525.44
-0.785398	0.685216	-1.712745	184	23	53	525.44
2.356194	1.184361	0.625864	158	16	40	525.38
-0.785398	1.574060	2.783565	173	35	39	525.34
0.523599	2.664082	-1.071402	178	42	34	525.33
2.094395	2.001437	0.381215	164	30	44	525.32
1.832596	1.488617	1.159546	168	24	53	525.32
-0.523599	0.685216	-1.712745	183	24	53	525.31
-2.356194	2.356369	3.005869	174	17	31	525.30
0.261799	2.164094	-2.991358	158	23	36	525.27
-0.785398	2.089241	-0.114193	159	24	26	525.21
-2.356194	1.998705	2.370472	189	24	43	525.19
2.617994	0.458961	-0.107937	184	20	39	525.16
2.094395	1.836682	-0.676006	162	26	26	525.16
2.617994	1.904882	-1.478089	0	25	43	525.15
0.523599	1.256302	0.062705	169	187	30	525.13
0.523599	0.899350	-2.069907	181	22	51	525.07
-0.523599	2.719179	-1.780644	182	23	34	525.02
-1.308997	1.168678	2.108595	186	24	40	525.00
-3.141593	0.418037	1.360082	181	14	36	524.99
-1.308997	0.866955	-0.931351	177	30	50	524.97
-2.094395	2.187132	-0.479875	176	19	30	524.95
1.308997	2.455966	-0.641220	179	16	30	524.93
1.308997	1.335669	0.897240	177	21	36	524.89
-1.308997	1.869911	2.701025	182	28	39	524.83
2.094395	2.478122	2.609777	189	0	44	524.83
-0.261799	2.719179	-1.780644	28	179	186	524.82
-1.308997	0.762244	-0.273349	175	18	33	524.82
2.356194	1.391910	3.030322	176	37	38	524.68
0.785398	1.555207	1.708892	171	25	54	524.67
-1.570796	1.301460	-0.509251	172	36	42	524.66
2.094395	1.134796	2.434290	182	10	39	524.60
-1.570796	1.721184	-0.153948	171	38	32	524.59
2.879793	0.615174	-0.666022	165	25	22	524.59
1.047198	0.080730	-2.622036	177	24	39	524.58
2.617994	1.756530	-2.105156	183	28	45	524.51
-1.570796	1.736875	3.023612	190	41	36	524.50
-2.356194	2.115563	0.685730	174	8	52	524.50
-3.141593	1.134497	-1.109631	187	19	43	524.49
1.832596	0.733948	3.021411	179	34	39	524.49
1.570796	0.700570	1.559208	157	14	36	524.49
2.879793	2.379497	0.561089	166	23	51	524.46
-2.617994	1.696674	-1.253233	179	28	40	524.46
2.879793	1.440580	2.260026	1	2	48	524.43
2.094395	1.218453	2.777284	180	188	36	524.42
-3.141593	0.418037	1.360082	179	0	35	524.41
0.000000	1.045978	0.343692	178	13	35	524.37
-1.832596	2.478122	2.609777	184	30	40	524.29
-2.356194	2.704512	1.488683	173	30	54	524.28
-1.308997	0.290380	-0.796960	181	21	40	524.26
-1.832596	0.961715	0.014085	183	188	29	524.24
2.356194	2.393226	1.857173	189	16	51	524.22
-3.141593	1.168678	2.108595	1	3	46	524.12
-2.094395	1.699788	2.452890	186	24	40	524.11
-0.785398	1.545873	-1.877082	35	168	0	524.11
0.523599	2.664082	-1.071402	177	189	30	524.03
2.356194	1.134796	2.434290	185	190	40	524.00
2.879793	1.904882	-1.478089	189	27	43	523.93
1.308997	0.733948	3.021411	185	23	39	523.92
0.523599	1.488617	1.159546	183	36	52	523.91
2.094395	2.587733	0.232235	174	26	35	523.84
2.356194	2.041297	-2.664597	184	20	35	523.82
-0.261799	1.413347	-1.339188	172	10	52	523.79
-1.832596	0.906588	1.252948	162	24	26	523.75
-0.523599	0.379747	-1.713059	188	30	51	523.71
1.308997	2.588535	-2.976617	3	30	30	523.68
0.523599	2.089241	-0.114193	191	29	36	523.65
-0.261799	1.135813	-2.658866	1	7	47	523.63
-0.785398	1.662363	0.915448	189	13	45	523.62
-1.047198	1.448123	-2.163292	176	4	50	523.59
2.356194	2.984978	1.954446	9	22	47	523.56
-0.261799	2.579248	-2.364801	180	16	33	523.53
-2.356194	2.115563	0.685730	175	7	52	523.49
0.000000	2.456751	-1.503343	27	180	187	523.48
-0.523599	0.866955	-0.931351	168	23	50	523.47
-0.785398	0.733948	3.021411	174	172	2	523.43
0.785398	2.033014	2.977192	5	25	31	523.43
-1.308997	2.041297	-2.664597	187	33	30	523.42
-2.356194	1.450119	-2.739050	163	14	45	523.39
1.047198	2.033014	2.977192	2	26	32	523.35
0.785398	1.218453	2.777284	181	20	36	523.32
1.047198	2.455966	-0.641220	181	189	29	523.30
-2.356194	0.458961	-0.107937	191	36	44	523.28
2.879793	2.063651	-2.044600	181	26	36	523.26
-1.047198	0.899350	-2.069907	183	13	52	523.25
-1.570796	1.433411	-1.035986	174	20	36	523.13
-1.308997	1.599406	1.426070	190	19	54	523.10
-1.570796	2.073035	2.027405	180	21	42	523.08
-1.832596	1.812176	0.656819	182	0	47	523.07
-1.047198	1.025536	1.576859	189	21	41	523.06
-1.570796	0.910508	1.903534	163	9	28	523.02
-1.832596	0.709924	0.218797	175	21	34	522.97
1.308997	0.864993	2.278281	187	25	36	522.97
-1.308997	0.906588	1.252948	160	15	27	522.95
-2.356194	0.960688	-0.577532	187	35	46	522.94
2.617994	0.866395	-2.492918	167	23	49	522.92
-1.832596	1.998705	2.370472	184	31	46	522.87
-2.094395	1.736875	3.023612	188	27	36	522.86
-1.308997	0.762244	-0.273349	176	17	33	522.86
-1.570796	0.700570	1.559208	160	15	31	522.85
-3.141593	2.404280	-0.174044	163	11	40	522.80
1.047198	1.218453	2.777284	3	27	35	522.79
0.261799	0.685216	-1.712745	178	23	52	522.78
2.879793	1.909857	-0.381669	160	11	31	522.77
-1.308997	1.440580	2.260026	184	32	44	522.77
0.523599	2.704512	1.488683	38	187	161	522.76
-1.047198	1.134497	-1.109631	175	17	37	522.75
1.570796	2.393226	1.857173	188	7	51	522.73
1.047198	1.045978	0.343692	186	191	32	522.60
-2.356194	1.998705	2.370472	189	23	43	522.59
2.879793	1.014500	0.906702	163	0	37	522.58
-1.570796	1.683268	0.374177	186	4	44	522.58
-1.832596	2.164094	-2.991358	163	4	32	522.56
1.570796	2.089241	-0.114193	180	17	30	522.54
-0.523599	0.960688	-0.577532	163	22	46	522.47
-3.141593	2.863997	0.549740	166	28	48	522.47
0.523599	1.504028	0.636812	0	40	46	522.45
0.785398	2.637879	2.121598	44	186	163	522.44
-3.141593	1.194549	-0.801900	0	24	45	522.43
-1.570796	0.290380	-0.796960	189	31	48	522.41
-0.785398	1.134796	2.434290	179	36	40	522.40
-2.879793	2.637879	2.121598	190	28	48	522.35
1.047198	1.050534	3.042579	160	4	27	522.33
-2.879793	1.606104	-0.451151	166	2	27	522.33
-2.094395	1.909857	-0.381669	179	23	33	522.31
-0.785398	2.247462	0.191623	3	6	43	522.29
0.261799	2.393226	1.857173	172	9	50	522.26
2.094395	0.418037	1.360082	161	9	33	522.23
-0.261799	2.349581	-2.702517	180	10	31	522.22
-0.523599	1.433411	-1.035986	164	14	45	522.17
-3.141593	1.413430	2.550734	180	23	36	522.17
-2.617994	1.658653	-2.409879	164	23	47	522.07
2.094395	2.393226	1.857173	191	12	52	522.02
2.094395	1.134796	2.434290	176	189	41	521.97
-3.141593	2.001437	0.381215	164	12	47	521.97
1.832596	1.374601	-2.456031	184	26	43	521.92
0.785398	1.488617	1.159546	179	21	39	521.88
1.308997	2.033014	2.977192	181	17	35	521.87
0.785398	1.367556	0.358405	184	12	34	521.84
1.308997	1.218453	2.777284	1	30	35	521.83
-1.047198	2.664082	-1.071402	159	21	31	521.80
1.570796	0.571433	-1.188419	171	6	49	521.80
-2.094395	1.846342	-1.796954	168	26	50	521.77
1.047198	0.297065	2.160177	158	16	28	521.71
-1.832596	1.948085	-2.363031	163	14	44	521.69
1.047198	0.992645	-1.723759	181	15	55	521.68
2.879793	1.113094	-0.272241	183	20	36	521.68
1.832596	1.696674	-1.253233	4	12	48	521.68
2.356194	2.073035	2.027405	188	7	51	521.65
0.523599	2.724429	-0.348782	182	22	34	521.60
1.308997	1.569311	-3.003978	191	28	38	521.57
-2.879793	2.404280	-0.174044	165	5	41	521.54
-0.523599	2.115563	0.685730	190	11	48	521.53
-3.141593	1.014500	0.906702	168	188	37	521.49
-2.879793	1.325504	-1.671296	184	28	56	521.40
-1.570796	2.724429	-0.348782	186	189	38	521.40
0.261799	0.961715	0.014085	0	28	33	521.35
0.785398	0.929350	-2.910676	0	23	43	521.33
0.000000	1.809167	1.213774	182	21	51	521.22
2.356194	2.089241	-0.114193	158	24	36	521.17
2.617994	1.554776	0.100351	157	17	35	521.14
2.094395	1.870545	-2.976234	183	21	35	521.09
1.047198	1.450119	-2.739050	191	25	41	521.09
2.879793	1.184361	0.625864	160	4	36	521.08
-1.047198	1.824694	1.850876	182	26	54	521.07
-1.570796	1.569311	-3.003978	171	1	41	521.03
-2.356194	0.929350	-2.910676	166	8	46	521.00
1.570796	1.374601	-2.456031	184	27	45	520.98
-2.356194	2.704512	1.488683	174	20	35	520.98
1.308997	1.812176	0.656819	182	21	34	520.98
-1.832596	1.836682	-0.676006	173	38	39	520.96
-3.141593	1.872854	1.543456	40	181	180	520.91
-0.261799	2.299159	2.264663	167	19	51	520.88
-0.523599	0.960688	-0.577532	163	21	46	520.88
-2.617994	1.256302	0.062705	180	20	34	520.86
-1.832596	1.606104	-0.451151	175	37	38	520.85
1.570796	1.374601	-2.456031	187	25	43	520.82
-1.047198	1.335669	0.897240	191	13	43	520.81
1.832596	0.203748	0.590255	167	25	30	520.79
2.879793	0.866395	-2.492918	16	182	13	520.78
-2.094395	2.356369	3.005869	176	17	31	520.70
-3.141593	2.187132	-0.479875	183	23	32	520.63
2.094395	1.391910	3.030322	182	20	35	520.61
1.570796	2.407836	1.410646	190	17	52	520.61
-0.261799	2.073035	2.027405	172	21	54	520.60
-2.356194	0.418037	1.360082	27	183	191	520.57
1.570796	2.456751	-1.503343	159	22	29	520.54
-2.094395	2.356369	3.005869	3	33	40	520.54
-0.261799	1.982574	-1.115518	165	2	41	520.53
-0.261799	1.113094	-0.272241	160	11	36	520.50
-1.047198	0.370812	-2.547742	181	14	38	520.47
-2.356194	1.699788	2.452890	186	21	39	520.47
0.261799	2.299159	2.264663	168	11	51	520.46
-2.094395	0.914445	2.687814	164	11	38	520.46
-1.308997	1.448123	-2.163292	176	12	53	520.44
-0.523599	1.014500	0.906702	190	23	40	520.38
2.617994	1.025536	1.576859	174	2	45	520.30
1.570796	1.128190	-2.288622	181	24	48	520.27
-2.356194	2.164094	-2.991358	158	14	31	520.25
0.785398	0.674054	1.013609	183	12	35	520.24
1.047198	1.836682	-0.676006	183	28	30	520.19
-1.047198	0.619654	-2.216909	188	11	48	520.18
0.261799	2.396274	-1.959260	167	38	27	520.17
0.261799	1.872854	1.543456	181	23	57	520.13
2.617994	1.683268	0.374177	160	18	43	520.12
1.570796	2.180315	-1.357379	160	24	23	519.99
-2.356194	1.195355	1.200319	187	2	48	519.95
2.094395	1.732874	-0.951685	5	13	44	519.93
-2.617994	0.850607	-1.335383	184	19	47	519.90
2.094395	2.579248	-2.364801	191	33	34	519.86
-1.570796	2.724429	-0.348782	186	190	38	519.86
1.047198	2.588535	-2.976617	4	27	31	519.85
1.832596	1.113094	-0.272241	168	32	26	519.85
-2.356194	1.417623	-0.202254	175	188	31	519.84
1.570796	1.413347	-1.339188	188	9	51	519.81
-1.570796	2.404280	-0.174044	186	189	39	519.79
-2.356194	0.571433	-1.188419	188	19	47	519.78
0.000000	1.982574	-1.115518	169	190	41	519.78
-1.047198	2.881233	-2.582574	182	41	39	519.74
-0.785398	1.218453	2.777284	182	11	36	519.69
2.356194	1.413347	-1.339188	191	17	51	519.68
0.261799	0.910508	1.903534	182	10	31	519.66
0.785398	2.637879	2.121598	180	1	51	519.59
-2.094395	1.195355	1.200319	191	4	48	519.59
0.523599	1.488617	1.159546	180	30	51	519.58
-1.832596	1.488617	1.159546	188	6	48	519.56
-2.617994	0.866955	-0.931351	185	22	42	519.48
0.523599	0.685216	-1.712745	176	21	52	519.46
-1.047198	0.640596	-2.797608	186	4	46	519.42
1.047198	0.960688	-0.577532	174	190	44	519.41
-2.879793	1.948085	-2.363031	2	4	18	519.39
1.832596	0.618092	2.539118	179	10	34	519.37
0.785398	2.033014	2.977192	159	8	38	519.33
-2.617994	0.831641	0.616218	176	0	38	519.30
-2.356194	1.247695	1.809890	3	11	49	519.30
1.308997	1.247695	1.809890	162	14	46	519.26
0.000000	1.574060	2.783565	162	23	37	519.21
1.570796	1.194549	-0.801900	45	175	177	519.20
-2.356194	1.846342	-1.796954	172	32	50	519.18
1.832596	1.510910	-0.740472	166	29	14	519.18
1.047198	1.214854	-1.966664	183	17	49	519.15
-1.570796	1.335669	0.897240	166	24	20	519.13
1.047198	1.904882	-1.478089	165	28	13	519.12
2.094395	2.187132	-0.479875	161	28	34	519.09
-1.570796	2.637879	2.121598	174	21	38	519.05
-3.141593	1.134497	-1.109631	186	21	44	519.04
0.261799	1.721184	-0.153948	164	191	29	518.97
-1.832596	0.700570	1.559208	160	21	31	518.93
1.047198	2.587733	0.232235	188	29	39	518.93
0.523599	0.831641	0.616218	179	189	31	518.90
-0.785398	1.488617	1.159546	188	17	46	518.89
1.832596	0.961715	0.014085	42	170	0	518.84
-0.523599	2.251330	-2.330739	180	185	35	518.84
2.617994	0.864993	2.278281	182	27	36	518.83
-2.356194	0.418037	1.360082	26	183	191	518.83
1.047198	0.640596	-2.797608	187	25	43	518.82
-0.785398	1.247695	1.809890	181	27	43	518.79
2.879793	1.617114	-1.572037	185	28	50	518.79
2.617994	2.251330	-2.330739	180	29	35	518.78
-2.094395	0.831641	0.616218	186	0	38	518.71
-0.261799	2.863997	0.549740	0	4	46	518.71
0.261799	0.619654	-2.216909	186	26	52	518.70
-1.308997	2.664082	-1.071402	160	26	31	518.69
1.570796	2.396274	-1.959260	5	20	38	518.67
1.832596	1.756530	-2.105156	191	23	46	518.62
0.261799	2.719179	-1.780644	185	189	31	518.58
2.094395	0.615174	-0.666022	47	167	183	518.57
1.308997	2.187132	-0.479875	184	189	28	518.43
1.832596	1.977582	0.969896	173	26	51	518.42
-0.523599	1.662363	0.915448	189	21	49	518.40
-2.356194	0.419640	2.974122	4	30	30	518.36
-2.617994	2.393226	1.857173	180	23	42	518.33
2.617994	1.504028	0.636812	159	13	42	518.33
-1.570796	1.756530	-2.105156	168	14	50	518.32
0.261799	0.709924	0.218797	167	4	38	518.27
-2.617994	1.982574	-1.115518	182	38	43	518.27
0.785398	2.164094	-2.991358	5	23	34	518.25
-0.261799	0.685216	-1.712745	181	24	53	518.17
0.000000	2.104282	-0.813972	166	191	37	518.17
0.785398	1.699788	2.452890	161	11	43	518.16
-2.094395	2.174483	2.653697	188	28	41	518.16
0.523599	0.619654	-2.216909	182	23	45	518.15
0.261799	1.134497	-1.109631	172	11	53	518.12
-0.785398	0.640596	-2.797608	169	24	25	518.08
2.617994	2.719179	-1.780644	0	33	33	518.06
-2.617994	0.992645	-1.723759	184	19	57	518.06
-1.308997	0.866955	-0.931351	178	22	41	518.05
2.356194	1.574060	2.783565	177	40	32	518.03
-1.832596	0.458961	-0.107937	178	18	35	517.97
-2.094395	1.050534	3.042579	175	18	38	517.95
2.617994	1.325504	-1.671296	183	22	53	517.91
-2.094395	1.135834	-1.431087	179	21	43	517.88
0.785398	2.001437	0.381215	0	33	48	517.87
1.047198	1.948085	-2.363031	7	22	45	517.86
0.785398	2.719179	-1.780644	161	31	34	517.85
-2.356194	2.164094	-2.991358	158	15	33	517.85
-0.261799	1.448123	-2.163292	186	5	50	517.85
0.523599	1.367556	0.358405	186	17	35	517.76
1.047198	2.760637	2.781135	191	30	27	517.75
0.261799	2.588535	-2.976617	159	20	39	517.70
1.832596	2.356369	3.005869	180	185	40	517.67
-0.523599	2.138223	1.678323	177	18	56	517.67
-2.879793	1.658653	-2.409879	165	26	46	517.67
-3.141593	2.984978	1.954446	190	32	42	517.65
-0.261799	2.881233	-2.582574	190	189	22	517.63
-2.617994	0.591903	2.010408	162	31	35	517.61
0.261799	2.396274	-1.959260	166	38	26	517.61
2.356194	0.418037	1.360082	165	8	35	517.56
0.785398	0.929350	-2.910676	0	24	43	517.50
-2.094395	2.379497	0.561089	174	5	51	517.42
1.570796	1.809167	1.213774	172	23	53	517.41
-2.356194	2.073035	2.027405	184	22	43	517.41
2.879793	1.413347	-1.339188	190	23	53	517.30
1.308997	0.203748	0.590255	189	3	42	517.22
0.261799	1.325504	-1.671296	40	178	171	517.19
-0.261799	2.041297	-2.664597	179	11	33	517.19
-3.141593	2.478122	2.609777	6	18	46	517.18
1.047198	2.393226	1.857173	183	6	52	517.15
-0.523599	1.870545	-2.976234	170	175	190	516.90
2.879793	2.174483	2.653697	181	17	33	516.89
-2.094395	2.393226	1.857173	176	25	46	516.87
1.570796	1.247695	1.809890	164	15	49	516.86
1.832596	1.256302	0.062705	42	170	188	516.79
-2.356194	0.733948	3.021411	161	7	39	516.79
-1.570796	1.658653	-2.409879	170	9	49	516.76
-2.356194	1.869911	2.701025	173	16	31	516.69
1.832596	1.836682	-0.676006	163	30	25	516.69
1.832596	2.187132	-0.479875	161	32	30	516.64
-1.308997	1.741644	-2.695914	170	189	39	516.63
1.570796	2.664082	-1.071402	161	30	36	516.63
2.879793	1.045978	0.343692	158	7	31	516.61
-2.879793	2.115563	0.685730	169	14	52	516.60
-3.141593	0.929350	-2.910676	161	21	44	516.57
-2.879793	1.301460	-0.509251	0	30	41	516.54
1.570796	2.863997	0.549740	189	31	44	516.39
-0.785398	0.619654	-2.216909	0	16	52	516.38
-0.785398	1.134796	2.434290	181	0	32	516.33
-2.617994	1.113094	-0.272241	190	37	41	516.30
-2.356194	0.615174	-0.666022	185	24	41	516.30
1.570796	1.247695	1.809890	164	16	49	516.28
-0.785398	0.615174	-0.666022	175	18	36	516.23
-3.141593	1.756530	-2.105156	179	22	35	516.22
-1.570796	1.569311	-3.003978	184	30	33	516.18
-0.261799	1.869911	2.701025	166	32	44	516.16
-1.570796	1.683268	0.374177	185	4	43	516.15
-0.785398	1.836682	-0.676006	159	19	38	516.11
2.094395	1.113094	-0.272241	44	174	3	516.09
2.879793	2.180315	-1.357379	0	29	40	516.08
2.356194	1.569311	-3.003978	178	38	41	516.00
0.000000	1.554776	0.100351	159	5	25	515.99
-0.261799	0.379747	-1.713059	183	23	43	515.97
-3.141593	0.203748	0.590255	186	22	39	515.85
1.570796	1.736875	3.023612	181	9	36	515.83
-2.879793	2.104282	-0.813972	174	8	29	515.73
-0.261799	0.370812	-2.547742	3	20	48	515.71
0.523599	1.836682	-0.676006	173	187	38	515.70
1.832596	1.809167	1.213774	171	21	52	515.66
-1.047198	1.766067	2.153843	176	27	44	515.61
0.523599	1.809167	1.213774	184	26	54	515.59
1.047198	2.704512	1.488683	2	9	51	515.57
0.000000	1.247695	1.809890	176	22	37	515.56
0.261799	1.836682	-0.676006	169	190	39	515.53
1.047198	2.455966	-0.641220	182	189	30	515.52
-0.785398	2.104282	-0.813972	159	15	37	515.39
-2.617994	1.741644	-2.695914	160	20	41	515.39
0.785398	1.569311	-3.003978	157	10	28	515.35
-2.094395	1.909857	-0.381669	179	24	33	515.34
2.094395	0.685216	-1.712745	172	13	53	515.32
-1.308997	2.724429	-0.348782	166	34	23	515.27
1.570796	1.310100	1.488307	165	21	51	515.25
1.832596	1.325504	-1.671296	185	19	54	515.24
-0.261799	1.904882	-1.478089	171	0	44	515.23
1.832596	1.417623	-0.202254	166	32	29	515.18
0.261799	0.571433	-1.188419	171	24	53	515.15
0.785398	1.846342	-1.796954	184	11	37	515.10
-1.570796	1.184361	0.625864	0	9	42	515.10
-3.141593	1.014500	0.906702	171	5	43	515.08
-1.308997	0.914445	2.687814	175	5	37	515.06
-0.523599	1.335669	0.897240	1	23	47	515.05
-1.570796	1.870545	-2.976234	179	19	35	515.05
1.832596	2.396274	-1.959260	163	6	29	515.01
-0.523599	2.164094	-2.991358	169	38	35	514.99
2.356194	2.393226	1.857173	191	15	52	514.97
-3.141593	2.984978	1.954446	186	29	40	514.97
0.261799	1.335669	0.897240	185	25	42	514.96
1.047198	2.033014	2.977192	183	20	35	514.95
0.000000	0.674054	1.013609	183	19	36	514.94
-0.261799	1.045978	0.343692	175	15	35	514.92
-1.047198	1.134497	-1.109631	170	25	50	514.91
1.047198	2.724429	-0.348782	182	22	33	514.90
2.356194	1.696674	-1.253233	3	21	48	514.89
-0.261799	2.180315	-1.357379	168	190	39	514.87
1.570796	1.301460	-0.509251	45	175	173	514.87
-1.832596	1.218453	2.777284	168	10	35	514.82
-2.094395	1.242974	-2.977882	164	3	38	514.80
-0.523599	1.025536	1.576859	184	28	42	514.78
-2.617994	2.115563	0.685730	172	10	52	514.76
0.261799	1.256302	0.062705	164	191	29	514.74
-3.141593	2.704512	1.488683	178	26	39	514.74
1.570796	2.979456	-1.009304	165	34	42	514.73
-2.879793	2.108018	1.311430	180	20	57	514.70
0.523599	1.756530	-2.105156	183	12	37	514.69
-0.785398	2.379497	0.561089	188	4	44	514.69
1.570796	2.379497	0.561089	184	22	37	514.68
0.000000	2.404280	-0.174044	2	24	37	514.68
0.785398	1.870545	-2.976234	157	10	30	514.63
0.261799	0.685216	-1.712745	177	22	51	514.58
0.261799	2.719179	-1.780644	170	40	34	514.58
0.785398	2.343981	-1.040456	181	189	34	514.54
-1.570796	1.134796	2.434290	175	13	34	514.53
-0.261799	2.115563	0.685730	1	16	52	514.51
0.261799	1.450119	-2.739050	5	11	44	514.50
-2.879793	1.045978	0.343692	179	20	34	514.46
2.879793	0.418037	1.360082	179	14	36	514.46
1.570796	1.242974	-2.977882	186	33	41	514.45
-0.785398	1.450119	-2.739050	187	1	46	514.45
-2.617994	0.297065	2.160177	163	27	41	514.37
0.785398	0.906588	1.252948	184	10	31	514.34
0.785398	1.836682	-0.676006	185	13	36	514.32
0.000000	1.982574	-1.115518	169	190	40	514.32
-2.356194	2.984978	1.954446	176	27	37	514.32
-0.523599	2.588535	-2.976617	167	36	39	514.28
-0.261799	2.164094	-2.991358	164	35	36	514.27
-2.356194	0.961715	0.014085	179	19	34	514.24
-0.523599	1.335669	0.897240	2	22	46	514.21
1.570796	2.247462	0.191623	181	21	33	514.20
-2.617994	0.496451	0.593859	176	191	33	514.20
-0.261799	2.349581	-2.702517	166	37	33	514.18
-2.617994	0.906588	1.252948	184	190	42	514.14
2.356194	2.704512	1.488683	187	24	42	514.09
2.879793	1.875281	0.107086	160	14	40	514.08
2.094395	2.153910	-1.714959	1	23	40	514.07
0.523599	2.719179	-1.780644	190	190	30	514.05
-1.308997	1.809167	1.213774	187	14	54	514.03
0.000000	0.709924	0.218797	163	8	38	514.00
2.356194	1.391910	3.030322	178	41	38	513.97
1.570796	2.455966	-0.641220	164	35	34	513.97
2.617994	2.724429	-0.348782	160	20	42	513.95
1.308997	2.343981	-1.040456	164	35	29	513.94
2.879793	0.418037	1.360082	172	189	32	513.92
2.617994	2.299159	2.264663	2	10	50	513.91
1.832596	1.662363	0.915448	166	26	49	513.90
0.000000	0.619654	-2.216909	0	27	54	513.88
2.879793	0.619654	-2.216909	168	12	49	513.81
0.523599	1.504028	0.636812	191	38	46	513.77
-3.141593	2.164094	-2.991358	167	29	35	513.72
2.094395	1.450119	-2.739050	180	31	42	513.67
0.523599	0.618092	2.539118	162	23	34	513.66
1.832596	1.113094	-0.272241	170	36	29	513.66
-1.570796	0.685216	-1.712745	186	18	53	513.62
2.356194	2.719179	-1.780644	3	30	33	513.60
-2.094395	1.766067	2.153843	188	23	45	513.57
2.356194	2.041297	-2.664597	181	35	39	513.57
-1.308997	2.979456	-1.009304	162	26	24	513.56
0.000000	1.948085	-2.363031	0	5	45	513.50
-1.047198	0.906588	1.252948	179	19	36	513.46
-2.879793	0.290380	-0.796960	3	16	48	513.44
0.785398	1.440580	2.260026	160	15	43	513.41
-3.141593	0.496451	0.593859	165	3	31	513.37
-2.356194	2.724429	-0.348782	190	33	28	513.37
-2.617994	2.104282	-0.813972	172	189	26	513.36
2.356194	1.617114	-1.572037	0	24	51	513.35
-2.617994	1.374601	-2.456031	167	19	51	513.34
1.570796	1.045978	0.343692	168	31	35	513.33
-1.832596	0.929350	-2.910676	173	0	45	513.31
-2.617994	1.982574	-1.115518	180	37	41	513.26
-2.356194	1.134796	2.434290	158	14	28	513.26
-2.617994	2.456751	-1.503343	177	19	27	513.24
-1.308997	0.290380	-0.796960	184	28	45	513.24
-0.785398	2.089241	-0.114193	158	24	25	513.24
-1.308997	1.391910	3.030322	184	30	34	513.22
0.261799	1.504028	0.636812	4	37	46	513.20
0.785398	1.014500	0.906702	183	10	32	513.19
2.094395	2.455966	-0.641220	160	26	36	513.19
0.523599	2.456751	-1.503343	186	190	37	513.14
-0.523599	1.184361	0.625864	191	19	39	513.10
0.785398	0.992645	-1.723759	183	20	57	513.08
-2.617994	1.904882	-1.478089	175	29	38	513.03
1.308997	1.045978	0.343692	187	3	31	512.98
-1.832596	0.297065	2.160177	181	23	37	512.98
2.617994	1.014500	0.906702	165	14	43	512.97
1.570796	2.187132	-0.479875	166	37	33	512.97
-2.356194	0.850607	-1.335383	183	19	44	512.95
2.356194	1.050534	3.042579	171	33	37	512.91
-2.094395	2.393226	1.857173	178	22	42	512.90
2.356194	1.301460	-0.509251	165	27	26	512.90
-2.094395	1.574060	2.783565	7	32	40	512.90
1.570796	2.984978	1.954446	5	7	46	512.89
-2.356194	1.904882	-1.478089	172	30	41	512.88
-2.094395	1.554776	0.100351	180	24	34	512.86
0.785398	1.741644	-2.695914	159	16	26	512.78
0.000000	1.335669	0.897240	187	24	42	512.75
2.356194	0.418037	1.360082	163	4	32	512.73
-1.308997	1.301460	-0.509251	168	33	43	512.73
-2.617994	2.456751	-1.503343	177	29	34	512.70
1.832596	2.592629	0.909713	185	26	43	512.69
1.308997	0.297065	2.160177	159	10	28	512.68
1.570796	2.588535	-2.976617	185	19	35	512.65
0.785398	1.741644	-2.695914	8	23	44	512.64
2.879793	1.256302	0.062705	159	11	33	512.59
2.879793	0.418037	1.360082	174	1	35	512.56
0.523599	2.724429	-0.348782	191	29	37	512.55
1.308997	2.089241	-0.114193	184	7	29	512.53
-1.047198	2.407836	1.410646	175	10	53	512.45
1.308997	1.836682	-0.676006	186	189	34	512.44
0.523599	0.906588	1.252948	182	12	33	512.40
1.570796	0.864993	2.278281	186	26	36	512.39
-2.094395	1.836682	-0.676006	179	21	34	512.37
1.308997	2.478122	2.609777	177	189	46	512.36
-1.570796	0.864993	2.278281	164	0	29	512.34
1.047198	1.998705	2.370472	169	6	50	512.34
-1.832596	0.831641	0.616218	172	23	32	512.31
-0.523599	2.664082	-1.071402	163	11	31	512.31
1.832596	1.545873	-1.877082	191	22	52	512.31
1.308997	2.404280	-0.174044	182	23	33	512.28
0.785398	1.050534	3.042579	186	19	38	512.27
-2.879793	2.637879	2.121598	185	26	42	512.27
1.570796	1.606104	-0.451151	189	17	36	512.21
2.356194	2.664082	-1.071402	160	13	36	512.21
-1.047198	2.588535	-2.976617	179	40	39	512.20
-1.570796	2.863997	0.549740	32	160	188	512.11
0.261799	1.599406	1.426070	177	26	52	512.06
2.879793	1.948085	-2.363031	177	27	37	512.00
-1.047198	2.704512	1.488683	53	182	158	511.91
-2.617994	1.948085	-2.363031	162	26	43	511.85
1.308997	2.104282	-0.813972	188	190	34	511.85
-2.356194	1.836682	-0.676006	177	188	27	511.84
-0.785398	0.866395	-2.492918	187	6	46	511.82
2.356194	1.218453	2.777284	176	37	35	511.80
-1.308997	1.569311	-3.003978	176	191	40	511.79
1.832596	2.881233	-2.582574	171	187	39	511.79
0.000000	0.910508	1.903534	181	13	34	511.77
0.785398	2.180315	-1.357379	186	191	40	511.75
0.261799	0.733948	3.021411	161	18	29	511.74
1.047198	1.875281	0.107086	183	34	38	511.71
2.356194	1.875281	0.107086	160	25	40	511.69
1.570796	1.736875	3.023612	182	20	35	511.64
1.570796	1.909857	-0.381669	168	36	31	511.62
0.523599	1.448123	-2.163292	186	13	41	511.60
-3.141593	2.089241	-0.114193	163	10	38	511.59
-1.047198	1.948085	-2.363031	170	190	41	511.57
0.523599	1.448123	-2.163292	187	12	41	511.57
0.785398	1.504028	0.636812	182	24	38	511.56
2.617994	0.831641	0.616218	162	16	38	511.50
1.047198	1.014500	0.906702	187	5	25	511.48
-3.141593	2.115563	0.685730	167	15	52	511.47
0.000000	1.242974	-2.977882	163	24	28	511.46
1.308997	1.982574	-1.115518	179	15	30	511.45
-2.356194	0.992645	-1.723759	184	18	57	511.41
-3.141593	1.606104	-0.451151	167	15	30	511.41
0.261799	1.683268	0.374177	2	28	44	511.37
0.785398	1.168678	2.108595	160	19	42	511.30
0.785398	2.001437	0.381215	190	29	45	511.29
1.570796	0.899350	-2.069907	179	19	41	511.27
-0.523599	2.041297	-2.664597	181	18	35	511.27
0.000000	2.089241	-0.114193	160	6	25	511.26
2.356194	1.606104	-0.451151	161	23	27	511.26
-1.308997	1.599406	1.426070	182	19	46	511.24
0.785398	2.455966	-0.641220	182	22	33	511.23
-2.356194	1.025536	1.576859	2	5	45	511.21
-2.094395	1.699788	2.452890	3	28	46	511.18
-3.141593	2.343981	-1.040456	187	28	33	511.18
2.356194	1.683268	0.374177	158	22	39	511.10
-0.523599	1.134796	2.434290	173	35	39	511.07
2.879793	1.214854	-1.966664	176	22	54	511.06
-1.832596	2.063651	-2.044600	162	17	45	511.05
0.785398	0.709924	0.218797	179	191	38	511.05
-1.047198	1.450119	-2.739050	178	189	43	511.04
-0.523599	1.699788	2.452890	169	29	43	511.04
2.617994	1.417623	-0.202254	157	17	26	511.02
-1.832596	2.104282	-0.813972	169	35	36	510.99
1.570796	2.579248	-2.364801	175	14	33	510.96
-0.261799	0.850607	-1.335383	173	21	52	510.95
0.261799	2.356369	3.005869	160	18	42	510.94
2.879793	0.700570	1.559208	179	2	41	510.93
-2.617994	1.448123	-2.163292	172	25	53	510.93
2.356194	1.184361	0.625864	159	16	41	510.91
0.261799	2.456751	-1.503343	182	1	37	510.90
-1.570796	0.709924	0.218797	174	21	35	510.83
-2.356194	1.335669	0.897240	38	187	168	510.82
2.356194	0.458961	-0.107937	164	27	26	510.80
-2.356194	0.496451	0.593859	181	189	32	510.80
0.261799	0.961715	0.014085	179	14	37	510.73
2.617994	1.014500	0.906702	165	13	43	510.72
1.308997	1.045978	0.343692	185	13	35	510.72
1.047198	2.637879	2.121598	180	1	46	510.66
-2.356194	0.992645	-1.723759	40	181	167	510.63
-0.523599	1.325504	-1.671296	39	177	175	510.61
-2.356194	2.063651	-2.044600	164	30	45	510.60
1.570796	1.732874	-0.951685	1	3	44	510.59
-3.141593	2.187132	-0.479875	163	5	33	510.59
-2.356194	0.618092	2.539118	161	17	39	510.56
-0.523599	1.335669	0.897240	1	25	47	510.54
0.261799	1.367556	0.358405	191	26	39	510.52
1.308997	2.760637	2.781135	178	188	46	510.52
-2.356194	0.864993	2.278281	157	17	29	510.42
-1.832596	2.404280	-0.174044	181	189	40	510.41
0.523599	2.587733	0.232235	191	24	39	510.41
-2.879793	1.683268	0.374177	169	5	45	510.40
-0.261799	1.195355	1.200319	187	25	44	510.39
-2.356194	0.458961	-0.107937	185	27	40	510.39
1.047198	2.407836	1.410646	188	12	52	510.36
-2.094395	2.760637	2.781135	185	30	39	510.35
-1.308997	1.014500	0.906702	4	15	44	510.34
1.308997	2.719179	-1.780644	161	26	35	510.33
2.356194	0.591903	2.010408	174	188	35	510.30
1.308997	0.961715	0.014085	188	0	38	510.29
-2.617994	0.866955	-0.931351	188	23	45	510.28
2.094395	1.194549	-0.801900	3	5	48	510.26
-3.141593	1.045978	0.343692	189	28	35	510.26
-1.047198	1.998705	2.370472	175	29	46	510.22
-1.308997	1.510910	-0.740472	167	30	45	510.19
-2.356194	1.184361	0.625864	177	189	40	510.13
-1.047198	1.824694	1.850876	183	27	54	510.08
1.832596	1.450119	-2.739050	183	31	42	510.01
-2.879793	2.984978	1.954446	184	30	40	510.00
2.356194	0.685216	-1.712745	173	11	52	509.97
-2.617994	2.187132	-0.479875	186	29	33	509.91
-0.523599	2.356369	3.005869	165	29	37	509.87
1.570796	1.194549	-0.801900	187	0	46	509.87
0.523599	1.367556	0.358405	3	43	39	509.87
-0.261799	0.571433	-1.188419	172	26	51	509.84
2.617994	1.128190	-2.288622	22	187	15	509.84
0.523599	0.929350	-2.910676	5	21	46	509.83
-1.308997	0.685216	-1.712745	187	19	53	509.82
1.308997	1.904882	-1.478089	180	15	32	509.82
1.308997	1.504028	0.636812	180	19	32	509.81
-3.141593	1.836682	-0.676006	4	32	39	509.78
2.094395	1.134497	-1.109631	190	7	49	509.71
1.047198	1.846342	-1.796954	1	13	49	509.69
2.094395	1.574060	2.783565	180	184	38	509.68
0.785398	1.545873	-1.877082	186	11	49	509.64
-0.523599	1.310100	1.488307	186	27	49	509.61
0.000000	0.906588	1.252948	184	29	41	509.51
-3.141593	0.961715	0.014085	160	6	28	509.50
1.832596	1.836682	-0.676006	162	31	24	509.47
1.308997	2.664082	-1.071402	162	33	33	509.43
2.356194	2.180315	-1.357379	9	27	42	509.43
-2.356194	1.135834	-1.431087	186	25	57	509.43
-1.047198	2.251330	-2.330739	178	20	34	509.42
0.785398	1.433411	-1.035986	180	1	50	509.41
2.094395	2.108018	1.311430	179	19	52	509.40
0.785398	2.456751	-1.503343	189	190	33	509.38
2.094395	1.756530	-2.105156	187	25	44	509.36
0.785398	1.699788	2.452890	162	10	40	509.36
2.094395	2.478122	2.609777	0	0	47	509.35
-0.785398	1.413347	-1.339188	168	16	50	509.24
-0.523599	0.496451	0.593859	1	24	34	509.23
1.308997	2.001437	0.381215	182	23	36	509.23
-1.308997	1.599406	1.426070	183	18	46	509.20
-3.141593	1.367556	0.358405	163	4	38	509.17
-2.879793	1.045978	0.343692	186	26	36	509.17
2.094395	0.297065	2.160177	174	2	31	509.13
1.832596	1.574060	2.783565	174	185	38	509.13
2.356194	1.242974	-2.977882	188	0	26	509.06
0.523599	2.592629	0.909713	7	18	53	508.98
0.261799	0.899350	-2.069907	185	20	53	508.97
1.047198	2.356369	3.005869	2	28	30	508.95
-2.356194	2.349581	-2.702517	159	18	34	508.91
-0.261799	1.242974	-2.977882	163	27	26	508.90
-3.141593	1.977582	0.969896	173	17	55	508.77
0.261799	1.948085	-2.363031	184	12	37	508.73
-1.308997	0.850607	-1.335383	182	24	50	508.71
2.617994	1.756530	-2.105156	183	24	39	508.68
2.879793	1.128190	-2.288622	21	185	15	508.66
-1.570796	1.391910	3.030322	166	166	0	508.65
1.308997	1.846342	-1.796954	3	15	49	508.65
-1.047198	1.836682	-0.676006	158	25	37	508.62
1.832596	1.606104	-0.451151	168	32	29	508.60
1.308997	1.128190	-2.288622	184	22	46	508.60
-1.570796	1.699788	2.452890	189	36	47	508.59
-2.617994	2.174483	2.653697	190	23	40	508.58
-2.617994	1.510910	-0.740472	188	35	44	508.55
1.570796	1.617114	-1.572037	0	14	51	508.52
-0.785398	1.846342	-1.796954	169	3	47	508.49
-2.617994	2.089241	-0.114193	169	0	39	508.48
1.047198	2.637879	2.121598	181	1	47	508.46
2.356194	1.014500	0.906702	164	18	43	508.44
-1.047198	1.128190	-2.288622	181	6	51	508.41
0.000000	1.875281	0.107086	187	21	35	508.39
1.832596	1.824694	1.850876	176	7	52	508.38
-2.094395	0.571433	-1.188419	184	20	42	508.37
-1.570796	2.455966	-0.641220	164	34	27	508.37
-0.523599	1.870545	-2.976234	182	6	33	508.34
-2.094395	0.929350	-2.910676	169	4	46	508.31
1.308997	1.554776	0.100351	186	3	30	508.28
-1.047198	2.719179	-1.780644	0	28	33	508.25
0.261799	1.809167	1.213774	183	23	54	508.25
-2.617994	1.554776	0.100351	172	0	39	508.24
-1.832596	1.683268	0.374177	182	2	44	508.24
1.570796	0.850607	-1.335383	175	10	53	508.23
1.308997	2.041297	-2.664597	183	19	35	508.14
-2.617994	2.664082	-1.071402	183	11	33	508.14
-1.832596	1.134796	2.434290	2	30	40	508.13
-0.261799	0.418037	1.360082	186	23	36	508.12
0.000000	2.719179	-1.780644	180	189	31	508.07
-3.141593	0.290380	-0.796960	182	18	39	507.98
2.617994	0.866955	-0.931351	48	176	183	507.96
1.047198	0.458961	-0.107937	188	24	34	507.95
-0.785398	0.297065	2.160177	184	37	33	507.93
-1.308997	1.699788	2.452890	182	33	44	507.90
1.570796	2.153910	-1.714959	160	17	22	507.86
-2.094395	1.909857	-0.381669	181	41	34	507.75
0.261799	1.450119	-2.739050	4	12	44	507.75
1.832596	0.831641	0.616218	163	28	38	507.73
0.000000	2.455966	-0.641220	4	29	34	507.72
2.356194	0.591903	2.010408	180	14	37	507.71
-2.617994	1.113094	-0.272241	191	37	40	507.70
1.570796	1.134796	2.434290	176	12	39	507.69
-2.356194	2.760637	2.781135	2	32	45	507.69
0.523599	2.041297	-2.664597	157	21	28	507.64
1.047198	1.606104	-0.451151	185	14	36	507.60
2.617994	1.569311	-3.003978	171	31	38	507.59
-0.785398	2.063651	-2.044600	170	190	42	507.48
-0.261799	0.571433	-1.188419	176	18	38	507.38
-2.094395	1.184361	0.625864	184	3	42	507.37
2.356194	2.456751	-1.503343	187	21	33	507.36
-1.047198	1.413430	2.550734	180	20	36	507.35
0.000000	2.073035	2.027405	171	18	54	507.34
-2.094395	1.574060	2.783565	160	6	28	507.34
-1.308997	0.370812	-2.547742	188	7	47	507.33
-2.094395	2.063651	-2.044600	162	24	45	507.27
-1.570796	0.458961	-0.107937	175	23	37	507.27
0.523599	0.419640	2.974122	8	23	45	507.25
-0.261799	2.587733	0.232235	163	25	20	507.24
-2.094395	1.836682	-0.676006	179	38	39	507.21
1.832596	0.864993	2.278281	176	11	38	507.20
1.570796	2.379497	0.561089	183	29	44	507.16
2.617994	2.393226	1.857173	190	18	53	507.16
-2.356194	2.478122	2.609777	187	27	40	507.16
2.617994	2.592629	0.909713	177	25	39	507.11
-2.617994	1.836682	-0.676006	184	30	36	507.11
1.308997	1.736875	3.023612	0	30	34	507.03
-1.570796	1.606104	-0.451151	185	0	26	507.01
-0.523599	1.721184	-0.153948	158	17	31	507.01
-1.570796	2.393226	1.857173	172	22	48	506.99
-2.356194	2.174483	2.653697	187	25	39	506.99
2.094395	2.455966	-0.641220	159	26	35	506.98
-1.308997	1.367556	0.358405	1	7	41	506.97
2.879793	2.455966	-0.641220	161	8	35	506.89
1.047198	2.251330	-2.330739	157	13	26	506.88
0.523599	1.909857	-0.381669	171	187	33	506.87
-1.047198	1.606104	-0.451151	162	28	39	506.85
-2.356194	0.571433	-1.188419	189	18	47	506.83
0.785398	2.138223	1.678323	178	11	52	506.81
-1.570796	1.617114	-1.572037	171	21	54	506.80
-1.832596	2.760637	2.781135	182	31	39	506.79
-2.094395	2.637879	2.121598	177	25	39	506.77
2.356194	1.870545	-2.976234	180	39	38	506.75
2.879793	0.992645	-1.723759	179	15	54	506.71
-0.261799	1.128190	-2.288622	190	10	52	506.70
2.617994	0.850607	-1.335383	185	9	53	506.70
2.356194	2.455966	-0.641220	160	21	36	506.68
1.047198	0.618092	2.539118	163	12	34	506.64
2.617994	0.910508	1.903534	179	189	42	506.64
2.356194	1.658653	-2.409879	181	29	44	506.63
1.832596	2.379497	0.561089	182	22	37	506.62
0.785398	0.685216	-1.712745	177	17	41	506.57
-0.261799	2.349581	-2.702517	167	37	34	506.56
-0.261799	1.184361	0.625864	181	17	36	506.56
0.523599	1.128190	-2.288622	187	19	49	506.56
2.094395	1.606104	-0.451151	160	27	22	506.53
1.570796	2.396274	-1.959260	160	12	29	506.51
2.617994	2.349581	-2.702517	177	29	32	506.51
2.617994	2.041297	-2.664597	176	29	34	506.48
1.832596	1.242974	-2.977882	182	18	35	506.46
1.308997	2.592629	0.909713	187	24	42	506.44
-3.141593	0.297065	2.160177	167	29	34	506.44
1.047198	1.977582	0.969896	184	27	54	506.44
0.261799	2.455966	-0.641220	0	33	34	506.42
1.308997	0.866955	-0.931351	176	3	49	506.38
1.308997	2.455966	-0.641220	186	189	28	506.37
2.094395	1.335669	0.897240	160	19	44	506.34
1.047198	1.488617	1.159546	175	33	53	506.29
0.261799	0.929350	-2.910676	5	18	46	506.21
2.094395	1.875281	0.107086	23	184	188	506.19
-2.356194	1.510910	-0.740472	181	29	39	506.15
-2.356194	1.135813	-2.658866	166	9	47	506.13
1.570796	0.866955	-0.931351	181	1	47	506.13
-0.261799	0.571433	-1.188419	174	28	53	506.03
-1.047198	1.872854	1.543456	185	20	56	506.03
-2.356194	1.014500	0.906702	183	189	41	506.02
1.570796	2.343981	-1.040456	160	29	28	506.02
1.308997	1.134497	-1.109631	43	174	179	506.01
-1.308997	2.299159	2.264663	173	28	46	506.01
-1.047198	0.615174	-0.666022	177	18	36	505.92
2.617994	0.618092	2.539118	170	33	35	505.91
-1.047198	1.569311	-3.003978	183	191	41	505.91
-1.047198	0.297065	2.160177	171	187	36	505.84
2.617994	2.393226	1.857173	190	19	54	505.83
0.785398	1.909857	-0.381669	184	13	34	505.79
-2.879793	0.458961	-0.107937	184	22	39	505.78
0.785398	1.545873	-1.877082	187	10	48	505.77
-0.785398	2.719179	-1.780644	166	4	32	505.75
1.570796	1.374601	-2.456031	186	25	43	505.73
-1.047198	0.458961	-0.107937	165	28	41	505.68
-2.356194	1.045978	0.343692	180	19	35	505.67
-2.094395	1.413347	-1.339188	180	29	55	505.66
-2.879793	0.419640	2.974122	159	16	41	505.62
0.000000	1.168678	2.108595	171	30	45	505.61
-0.785398	1.310100	1.488307	187	25	48	505.57
2.094395	2.164094	-2.991358	184	19	35	505.48
0.523599	0.899350	-2.069907	189	26	56	505.47
0.523599	1.184361	0.625864	186	28	39	505.47
0.000000	0.419640	2.974122	158	23	23	505.45
-2.356194	1.301460	-0.509251	183	29	39	505.43
1.047198	1.413430	2.550734	160	7	38	505.35
-2.356194	2.033014	2.977192	173	18	32	505.33
-1.308997	2.587733	0.232235	182	0	45	505.32
-2.356194	0.899350	-2.069907	181	12	56	505.30
0.785398	1.256302	0.062705	182	13	35	505.29
-3.141593	2.587733	0.232235	163	19	47	505.28
-2.094395	0.297065	2.160177	162	16	42	505.25
2.356194	1.569311	-3.003978	183	18	35	505.24
0.523599	1.256302	0.062705	180	12	35	505.21
-0.261799	2.138223	1.678323	174	17	54	505.15
1.047198	2.153910	-1.714959	160	25	19	505.03
0.785398	1.014500	0.906702	178	25	36	505.02
1.308997	1.045978	0.343692	185	14	35	504.96
1.047198	1.574060	2.783565	160	5	38	504.94
1.832596	1.374601	-2.456031	182	27	45	504.87
1.047198	1.617114	-1.572037	186	7	47	504.86
2.617994	2.108018	1.311430	176	19	55	504.84
1.832596	0.850607	-1.335383	177	9	51	504.84
-1.832596	1.391910	3.030322	164	169	0	504.82
2.617994	1.128190	-2.288622	172	25	52	504.81
-3.141593	1.050534	3.042579	164	29	42	504.81
-1.308997	1.504028	0.636812	191	11	46	504.78
-3.141593	1.904882	-1.478089	187	29	44	504.76
-2.356194	2.073035	2.027405	183	21	42	504.73
0.000000	1.433411	-1.035986	170	8	50	504.70
0.261799	0.906588	1.252948	184	17	36	504.69
2.617994	1.606104	-0.451151	159	17	26	504.68
1.832596	1.732874	-0.951685	3	8	44	504.67
-2.617994	1.741644	-2.695914	161	21	43	504.62
0.523599	2.456751	-1.503343	185	189	36	504.61
0.523599	1.194549	-0.801900	171	3	49	504.45
1.047198	1.335669	0.897240	174	29	45	504.41
1.832596	2.104282	-0.813972	163	29	28	504.40
-0.785398	0.203748	0.590255	161	18	43	504.38
-3.141593	0.762244	-0.273349	167	19	30	504.34
1.832596	0.591903	2.010408	177	16	37	504.32
-0.261799	1.194549	-0.801900	164	13	45	504.29
-1.047198	0.914445	2.687814	171	170	0	504.27
0.785398	2.247462	0.191623	189	28	39	504.24
-2.879793	1.812176	0.656819	170	8	50	504.23
-2.094395	1.413430	2.550734	2	28	41	504.21
-2.094395	1.247695	1.809890	168	20	27	504.18
-2.617994	2.295480	1.008277	173	17	56	504.10
-2.094395	2.041297	-2.664597	160	14	39	503.98
2.879793	1.870545	-2.976234	169	30	37	503.90
1.308997	1.569311	-3.003978	181	18	35	503.77
2.356194	1.367556	0.358405	157	20	36	503.71
-0.523599	0.906588	1.252948	187	28	41	503.70
-1.308997	2.001437	0.381215	187	4	45	503.69
-0.523599	1.872854	1.543456	182	22	56	503.63
1.308997	2.104282	-0.813972	189	0	37	503.62
2.094395	2.295480	1.008277	178	26	50	503.61
2.094395	2.001437	0.381215	163	30	43	503.60
-0.523599	1.721184	-0.153948	157	16	29	503.60
-0.261799	1.135834	-1.431087	40	175	175	503.57
0.785398	1.662363	0.915448	43	166	159	503.55
0.261799	2.108018	1.311430	181	15	51	503.49
-2.356194	2.588535	-2.976617	164	17	31	503.42
0.261799	1.977582	0.969896	188	22	54	503.40
-1.047198	0.290380	-0.796960	179	21	39	503.37
0.785398	1.417623	-0.202254	183	14	35	503.29
2.879793	0.866395	-2.492918	17	181	12	503.22
-0.785398	0.080730	-2.622036	167	22	29	503.17
2.617994	2.180315	-1.357379	2	26	40	503.16
2.879793	1.904882	-1.478089	190	27	44	503.09
-0.785398	1.569311	-3.003978	188	191	41	503.08
-2.617994	1.256302	0.062705	179	19	33	503.06
1.308997	1.218453	2.777284	183	20	36	503.04
-2.094395	1.998705	2.370472	190	28	47	503.02
-1.047198	1.696674	-1.253233	163	17	46	503.00
0.785398	0.929350	-2.910676	184	19	39	502.97
-2.617994	0.929350	-2.910676	161	11	42	502.96
2.617994	2.592629	0.909713	176	25	38	502.94
2.879793	2.187132	-0.479875	184	23	32	502.93
0.523599	1.374601	-2.456031	0	16	47	502.88
0.523599	1.766067	2.153843	166	16	49	502.87
2.617994	1.218453	2.777284	171	34	35	502.85
1.832596	1.736875	3.023612	175	184	35	502.83
2.094395	1.846342	-1.796954	191	21	43	502.81
0.261799	2.407836	1.410646	41	181	164	502.79
-1.570796	0.866955	-0.931351	180	32	50	502.79
0.523599	2.455966	-0.641220	189	36	34	502.76
-1.047198	1.506530	1.988858	183	28	48	502.67
0.000000	2.041297	-2.664597	164	36	30	502.67
-0.261799	2.587733	0.232235	7	12	46	502.67
-2.617994	2.984978	1.954446	179	27	37	502.66
1.832596	1.218453	2.777284	172	185	33	502.62
1.570796	2.138223	1.678323	183	12	54	502.60
1.832596	2.187132	-0.479875	162	33	33	502.57
-1.570796	0.850607	-1.335383	182	25	53	502.51
2.879793	1.168678	2.108595	189	1	46	502.49
0.000000	1.836682	-0.676006	163	2	38	502.44
-3.141593	2.719179	-1.780644	181	29	31	502.43
0.523599	1.836682	-0.676006	174	186	37	502.37
-1.832596	1.391910	3.030322	186	27	35	502.34
-0.261799	1.195355	1.200319	185	25	43	502.31
-2.356194	1.869911	2.701025	166	14	29	502.30
1.308997	2.984978	1.954446	1	3	45	502.22
-0.261799	1.869911	2.701025	166	31	44	502.20
-2.356194	2.164094	-2.991358	159	14	33	502.08
1.308997	2.587733	0.232235	182	39	44	502.07
-2.879793	0.850607	-1.335383	184	17	44	502.07
-3.141593	1.982574	-1.115518	40	5	5	502.05
2.356194	1.732874	-0.951685	6	18	44	502.04
-3.141593	1.256302	0.062705	163	5	34	502.02
0.785398	1.050534	3.042579	181	18	36	501.99
2.879793	2.379497	0.561089	166	24	51	501.97
2.879793	2.587733	0.232235	162	22	46	501.94
-2.094395	0.591903	2.010408	160	18	35	501.93
2.879793	2.251330	-2.330739	177	29	34	501.92
-0.261799	1.809167	1.213774	43	179	179	501.88
2.356194	1.812176	0.656819	162	22	46	501.85
2.617994	1.440580	2.260026	186	188	45	501.80
1.832596	0.850607	-1.335383	178	8	51	501.80
0.261799	0.709924	0.218797	164	191	35	501.75
2.617994	1.247695	1.809890	180	2	49	501.70
-1.308997	2.187132	-0.479875	161	32	29	501.69
-2.356194	2.343981	-1.040456	177	32	34	501.69
-1.047198	1.325504	-1.671296	174	13	50	501.69
2.879793	2.407836	1.410646	182	23	49	501.68
-2.094395	1.875281	0.107086	180	24	33	501.66
-2.617994	1.870545	-2.976234	158	18	34	501.56
-2.617994	0.618092	2.539118	158	18	36	501.53
-1.570796	2.664082	-1.071402	162	32	31	501.52
0.000000	2.863997	0.549740	4	8	47	501.52
-0.523599	1.195355	1.200319	188	23	43	501.50
1.047198	2.073035	2.027405	175	8	52	501.48
-0.261799	0.899350	-2.069907	186	17	53	501.47
-2.617994	0.733948	3.021411	159	13	40	501.47
-0.523599	1.872854	1.543456	41	178	184	501.41
2.356194	1.809167	1.213774	170	16	53	501.37
-1.308997	2.104282	-0.813972	161	27	36	501.36
1.570796	0.866955	-0.931351	179	2	48	501.31
-1.570796	0.674054	1.013609	158	23	28	501.29
-1.047198	1.488617	1.159546	187	16	45	501.29
0.000000	2.299159	2.264663	166	15	51	501.25
1.832596	1.135813	-2.658866	181	24	40	501.22
-1.832596	1.736875	3.023612	2	35	36	501.20
-0.785398	2.041297	-2.664597	170	176	190	501.18
0.000000	2.033014	2.977192	46	172	185	501.12
-1.047198	2.187132	-0.479875	160	27	31	501.11
0.523599	0.496451	0.593859	186	33	34	501.09
0.000000	1.606104	-0.451151	161	4	37	501.09
-0.785398	1.135834	-1.431087	173	19	53	501.07
0.000000	1.417623	-0.202254	160	5	35	501.05
2.094395	1.662363	0.915448	164	22	48	501.04
1.570796	0.290380	-0.796960	171	0	45	500.98
2.617994	2.455966	-0.641220	159	14	35	500.96
-1.832596	2.187132	-0.479875	178	21	32	500.96
-0.523599	1.025536	1.576859	185	28	43	500.95
-2.094395	2.115563	0.685730	178	4	52	500.94
-2.094395	1.554776	0.100351	181	25	34	500.89
-2.617994	2.115563	0.685730	173	12	52	500.79
-1.570796	1.242974	-2.977882	175	2	44	500.76
-2.879793	1.998705	2.370472	185	20	38	500.76
-2.617994	0.674054	1.013609	185	1	39	500.74
-1.832596	1.736875	3.023612	179	19	35	500.73
2.617994	2.089241	-0.114193	158	19	36	500.71
-2.879793	1.440580	2.260026	165	24	25	500.69
0.523599	0.700570	1.559208	182	12	33	500.69
-0.785398	1.948085	-2.363031	179	1	45	500.68
0.261799	0.618092	2.539118	164	29	34	500.67
2.094395	1.904882	-1.478089	7	22	47	500.67
1.832596	2.478122	2.609777	184	190	43	500.67
1.570796	1.599406	1.426070	171	23	55	500.66
0.000000	1.050534	3.042579	161	23	29	500.65
0.523599	1.025536	1.576859	169	32	45	500.63
-1.570796	0.733948	3.021411	175	188	41	500.62
-1.308997	1.450119	-2.739050	178	2	45	500.60
-2.879793	0.297065	2.160177	165	25	33	500.57
-2.879793	0.992645	-1.723759	185	20	57	500.56
-2.094395	1.417623	-0.202254	181	41	36	500.48
-0.261799	1.310100	1.488307	182	24	45	500.48
0.000000	2.251330	-2.330739	167	38	29	500.47
-1.832596	0.899350	-2.069907	39	183	166	500.41
-0.261799	2.393226	1.857173	173	12	54	500.40
0.261799	0.203748	0.590255	181	14	40	500.38
2.617994	2.587733	0.232235	165	29	47	500.36
0.523599	2.001437	0.381215	189	26	41	500.30
0.261799	2.247462	0.191623	186	20	36	500.30
-0.523599	2.407836	1.410646	175	10	52	500.27
-2.094395	1.134796	2.434290	160	8	28	500.24
-1.570796	1.658653	-2.409879	169	8	49	500.23
1.308997	2.396274	-1.959260	159	18	28	500.23
-1.047198	0.850607	-1.335383	178	26	53	500.12
-1.308997	2.404280	-0.174044	177	16	29	500.04
2.617994	1.658653	-2.409879	179	23	35	500.03
2.879793	0.733948	3.021411	167	33	44	500.03
1.570796	1.310100	1.488307	165	22	51	499.96
-0.261799	1.440580	2.260026	171	24	39	499.94
-1.570796	1.335669	0.897240	172	20	29	499.93
1.308997	0.685216	-1.712745	174	16	52	499.88
0.785398	1.721184	-0.153948	183	13	34	499.87
0.523599	0.831641	0.616218	185	31	37	499.81
-1.308997	1.433411	-1.035986	166	27	47	499.81
-0.785398	1.658653	-2.409879	179	190	45	499.68
-1.570796	1.766067	2.153843	185	27	47	499.66
-1.308997	1.391910	3.030322	169	162	0	499.63
2.094395	1.128190	-2.288622	180	20	41	499.61
2.094395	1.732874	-0.951685	183	18	33	499.59
1.308997	1.869911	2.701025	167	0	44	499.46
-2.617994	1.869911	2.701025	164	17	29	499.38
-2.617994	0.700570	1.559208	166	32	29	499.37
2.617994	2.579248	-2.364801	30	191	187	499.36
1.832596	0.910508	1.903534	162	8	42	499.36
-3.141593	1.135813	-2.658866	164	22	47	499.36
0.261799	0.674054	1.013609	181	190	32	499.33
0.523599	1.909857	-0.381669	1	34	33	499.29
0.000000	1.135834	-1.431087	175	13	53	499.29
-2.094395	0.906588	1.252948	162	28	22	499.26
-1.570796	0.850607	-1.335383	183	24	53	499.22
-2.094395	1.606104	-0.451151	179	40	37	499.22
-0.785398	0.591903	2.010408	175	191	36	499.14
-3.141593	0.458961	-0.107937	185	21	39	499.13
1.308997	2.478122	2.609777	178	190	48	499.09
2.094395	1.135813	-2.658866	178	24	39	499.05
1.308997	0.618092	2.539118	183	20	36	499.05
-0.523599	2.001437	0.381215	3	12	44	499.01
1.308997	1.574060	2.783565	2	33	32	498.98
2.356194	1.870545	-2.976234	188	183	31	498.96
-1.570796	1.301460	-0.509251	184	0	24	498.91
0.000000	0.591903	2.010408	173	32	37	498.91
2.617994	1.433411	-1.035986	4	17	47	498.91
-1.832596	1.448123	-2.163292	172	15	53	498.90
-0.523599	2.073035	2.027405	173	23	54	498.85
-0.523599	0.458961	-0.107937	162	23	44	498.83
0.261799	0.640596	-2.797608	191	18	44	498.82
-2.879793	2.001437	0.381215	167	8	47	498.81
-2.094395	2.174483	2.653697	187	26	40	498.78
2.879793	0.762244	-0.273349	165	19	28	498.75
2.879793	1.218453	2.777284	44	166	190	498.69
2.094395	2.724429	-0.348782	162	30	42	498.68
-2.879793	2.379497	0.561089	171	21	49	498.68
1.832596	1.904882	-1.478089	5	19	47	498.66
0.261799	2.396274	-1.959260	167	37	27	498.66
2.879793	0.914445	2.687814	168	37	38	498.62
1.308997	1.014500	0.906702	167	27	40	498.56
-0.785398	2.404280	-0.174044	8	9	42	498.56
-0.261799	2.001437	0.381215	7	21	48	498.55
-0.785398	1.721184	-0.153948	159	23	32	498.51
2.094395	2.073035	2.027405	184	6	52	498.48
1.570796	2.456751	-1.503343	160	23	29	498.47
2.617994	2.724429	-0.348782	160	21	42	498.46
-2.617994	1.569311	-3.003978	158	16	34	498.45
-2.617994	1.683268	0.374177	173	2	45	498.40
0.000000	0.290380	-0.796960	163	23	44	498.39
-0.523599	1.113094	-0.272241	159	16	36	498.38
2.356194	1.574060	2.783565	178	42	31	498.30
-1.047198	1.488617	1.159546	188	15	45	498.26
0.261799	0.496451	0.593859	190	32	34	498.23
-2.879793	2.881233	-2.582574	162	28	25	498.20
1.308997	1.510910	-0.740472	184	190	38	498.17
-2.617994	1.721184	-0.153948	189	36	32	498.15
-1.832596	1.870545	-2.976234	164	4	36	498.04
2.094395	1.335669	0.897240	160	19	45	497.99
-2.879793	0.203748	0.590255	186	27	40	497.95
-0.523599	2.108018	1.311430	180	15	54	497.94
-0.523599	1.506530	1.988858	177	27	47	497.93
2.879793	1.391910	3.030322	166	28	35	497.86
0.261799	2.251330	-2.330739	162	32	27	497.85
-2.094395	0.866955	-0.931351	183	24	42	497.82
0.523599	1.741644	-2.695914	3	16	42	497.81
-2.617994	2.379497	0.561089	168	12	51	497.81
1.047198	1.134796	2.434290	158	9	36	497.74
0.261799	2.299159	2.264663	166	11	49	497.74
2.879793	2.174483	2.653697	166	24	23	497.72
2.094395	1.247695	1.809890	167	2	46	497.66
0.785398	1.658653	-2.409879	1	17	45	497.64
2.356194	0.297065	2.160177	176	187	28	497.58
2.617994	2.579248	-2.364801	182	29	32	497.54
0.785398	2.041297	-2.664597	158	17	30	497.54
-3.141593	1.554776	0.100351	164	7	39	497.51
-2.094395	1.256302	0.062705	177	187	31	497.50
-2.879793	1.440580	2.260026	0	13	44	497.46
-2.879793	2.863997	0.549740	164	22	49	497.46
1.570796	1.812176	0.656819	180	21	37	497.45
0.785398	0.850607	-1.335383	174	11	52	497.45
-1.047198	1.184361	0.625864	3	11	42	497.43
0.261799	0.370812	-2.547742	1	29	49	497.43
-2.356194	1.606104	-0.451151	185	40	38	497.36
-2.879793	2.295480	1.008277	174	22	55	497.36
-2.617994	1.440580	2.260026	178	20	35	497.34
-3.141593	2.592629	0.909713	172	30	53	497.32
-0.785398	1.433411	-1.035986	165	19	49	497.29
0.261799	1.948085	-2.363031	3	9	45	497.27
1.047198	2.760637	2.781135	172	190	44	497.23
-2.617994	1.374601	-2.456031	166	18	49	497.22
-0.785398	2.881233	-2.582574	179	32	36	497.15
1.570796	0.379747	-1.713059	56	176	158	497.14
-0.261799	2.579248	-2.364801	185	189	33	497.13
1.308997	0.866955	-0.931351	177	2	47	497.13
2.879793	1.766067	2.153843	191	4	51	497.13
1.308997	2.863997	0.549740	190	26	40	497.11
-1.047198	0.906588	1.252948	2	21	42	497.10
-2.094395	0.733948	3.021411	164	2	39	497.09
-2.356194	1.846342	-1.796954	171	31	50	497.06
-3.141593	2.115563	0.685730	168	18	52	497.03
0.261799	2.108018	1.311430	183	17	55	497.00
-3.141593	0.290380	-0.796960	181	15	35	497.00
2.094395	2.164094	-2.991358	182	183	35	497.00
0.785398	1.569311	-3.003978	179	17	34	496.97
-2.356194	1.194549	-0.801900	184	31	45	496.95
2.617994	0.914445	2.687814	170	33	35	496.95
-3.141593	1.413347	-1.339188	184	22	42	496.93
0.785398	1.195355	1.200319	177	22	37	496.90
1.047198	2.478122	2.609777	172	191	45	496.89
-2.617994	2.407836	1.410646	178	26	57	496.89
-3.141593	1.696674	-1.253233	185	25	40	496.87
2.879793	1.504028	0.636812	164	10	47	496.86
-1.308997	0.458961	-0.107937	175	21	37	496.83
0.000000	2.393226	1.857173	171	10	50	496.78
2.617994	2.164094	-2.991358	2	186	35	496.73
-1.832596	0.929350	-2.910676	190	33	29	496.73
2.094395	0.864993	2.278281	173	189	38	496.72
-0.261799	1.335669	0.897240	0	26	47	496.71
1.308997	0.961715	0.014085	188	190	38	496.66
2.879793	2.592629	0.909713	174	33	53	496.65
-2.094395	1.218453	2.777284	166	15	35	496.63
1.570796	1.510910	-0.740472	189	0	41	496.58
0.261799	1.658653	-2.409879	182	12	36	496.47
-0.523599	2.164094	-2.991358	168	39	35	496.46
-2.617994	1.836682	-0.676006	188	38	39	496.44
-1.832596	0.496451	0.593859	175	21	35	496.42
-2.617994	0.992645	-1.723759	184	18	57	496.39
0.000000	0.866395	-2.492918	0	17	50	496.38
-0.261799	0.700570	1.559208	181	18	36	496.36
-0.523599	0.080730	-2.622036	188	18	41	496.32
2.094395	0.297065	2.160177	181	26	38	496.27
0.000000	2.251330	-2.330739	179	11	31	496.27
-1.308997	0.458961	-0.107937	176	18	34	496.26
-1.832596	0.591903	2.010408	161	13	35	496.23
0.261799	0.640596	-2.797608	4	22	48	496.23
-2.879793	1.050534	3.042579	162	24	42	496.22
-1.047198	1.247695	1.809890	2	32	49	496.21
1.570796	0.419640	2.974122	181	21	38	496.19
-0.261799	1.050534	3.042579	165	31	31	496.18
-0.261799	1.440580	2.260026	171	29	45	496.18
1.570796	2.724429	-0.348782	175	27	34	496.17
-3.141593	2.115563	0.685730	169	18	52	496.16
2.879793	1.904882	-1.478089	190	33	48	496.15
-2.356194	1.721184	-0.153948	175	188	35	496.08
-2.356194	1.325504	-1.671296	176	21	42	496.07
-1.308997	1.168678	2.108595	188	31	44	496.01
-1.308997	2.455966	-0.641220	161	29	28	495.98
-0.785398	1.510910	-0.740472	160	20	42	495.97
1.832596	1.195355	1.200319	161	17	46	495.96
-3.141593	0.700570	1.559208	181	188	39	495.90
-0.523599	2.455966	-0.641220	162	17	31	495.90
1.832596	0.850607	-1.335383	179	7	50	495.87
-1.308997	1.025536	1.576859	1	24	45	495.84
-2.356194	1.836682	-0.676006	183	39	39	495.82
-2.094395	2.299159	2.264663	182	31	47	495.80
2.617994	2.478122	2.609777	7	7	48	495.80
2.617994	1.256302	0.062705	164	21	36	495.73
-1.047198	1.184361	0.625864	4	14	43	495.70
2.617994	1.184361	0.625864	158	10	38	495.69
0.000000	1.510910	-0.740472	165	6	44	495.68
0.261799	2.343981	-1.040456	188	28	31	495.67
0.523599	1.875281	0.107086	2	31	41	495.66
-3.141593	1.606104	-0.451151	2	30	37	495.64
-3.141593	1.998705	2.370472	8	15	52	495.62
-2.617994	2.041297	-2.664597	160	23	39	495.62
-2.356194	1.310100	1.488307	191	11	51	495.60
-3.141593	2.704512	1.488683	179	27	42	495.59
2.879793	1.214854	-1.966664	39	183	2	495.54
0.000000	0.080730	-2.622036	7	32	47	495.53
0.261799	1.025536	1.576859	173	35	45	495.52
2.617994	0.700570	1.559208	179	15	38	495.39
-3.141593	0.618092	2.539118	164	31	39	495.38
1.308997	1.128190	-2.288622	183	23	48	495.38
2.094395	0.379747	-1.713059	168	8	46	495.37
-2.094395	0.379747	-1.713059	180	16	39	495.37
1.047198	1.756530	-2.105156	189	15	40	495.36
2.094395	0.709924	0.218797	164	26	32	495.34
0.785398	0.458961	-0.107937	182	14	40	495.32
-1.047198	1.391910	3.030322	181	30	35	495.31
1.047198	2.153910	-1.714959	182	19	34	495.30
-2.617994	1.977582	0.969896	177	11	55	495.30
-0.785398	2.138223	1.678323	177	18	55	495.28
-0.523599	1.135813	-2.658866	189	4	46	495.28
2.879793	1.721184	-0.153948	161	13	35	495.26
0.523599	1.135834	-1.431087	179	12	55	495.24
-2.094395	0.418037	1.360082	162	30	37	495.20
2.617994	1.134796	2.434290	190	189	41	495.19
-2.617994	1.195355	1.200319	36	191	162	495.13
-2.094395	1.606104	-0.451151	179	22	35	495.13
-0.261799	1.699788	2.452890	168	23	38	495.11
-2.617994	2.396274	-1.959260	166	35	38	495.09
2.879793	2.164094	-2.991358	171	36	35	495.08
-2.879793	2.247462	0.191623	166	11	45	495.06
0.261799	1.683268	0.374177	8	36	43	495.03
0.261799	1.696674	-1.253233	177	1	49	495.03
-2.356194	2.033014	2.977192	172	18	32	494.97
1.047198	0.960688	-0.577532	176	189	43	494.97
-1.832596	0.674054	1.013609	161	28	30	494.96
-1.308997	0.709924	0.218797	41	166	186	494.91
-2.617994	1.998705	2.370472	188	21	42	494.90
2.617994	1.870545	-2.976234	2	185	31	494.90
-1.832596	1.134497	-1.109631	179	28	50	494.88
1.570796	1.599406	1.426070	171	24	55	494.74
1.308997	0.709924	0.218797	190	188	38	494.73
-0.523599	0.370812	-2.547742	4	18	49	494.72
1.047198	2.063651	-2.044600	179	15	32	494.71
-3.141593	1.998705	2.370472	173	21	27	494.70
-2.617994	0.992645	-1.723759	185	20	57	494.69
-1.832596	1.050534	3.042579	170	5	42	494.68
1.308997	0.419640	2.974122	190	27	42	494.68
0.785398	1.870545	-2.976234	4	23	37	494.65
2.879793	0.591903	2.010408	180	23	37	494.65
0.000000	1.554776	0.100351	160	4	25	494.65
-3.141593	1.846342	-1.796954	180	25	38	494.62
0.523599	2.033014	2.977192	157	14	38	494.60
2.617994	1.195355	1.200319	165	3	44	494.59
-2.094395	0.591903	2.010408	158	16	32	494.51
1.832596	2.187132	-0.479875	163	33	34	494.46
-0.523599	2.153910	-1.714959	169	190	39	494.38
-0.785398	0.571433	-1.188419	180	23	47	494.37
2.094395	2.138223	1.678323	184	13	53	494.31
-0.261799	2.664082	-1.071402	181	18	32	494.30
-1.570796	1.218453	2.777284	186	28	36	494.30
2.617994	1.909857	-0.381669	159	17	32	494.23
-2.617994	2.393226	1.857173	181	24	43	494.21
1.570796	2.104282	-0.813972	162	32	23	494.19
-2.094395	2.073035	2.027405	184	25	50	494.19
1.047198	0.674054	1.013609	159	1	1	494.14
-1.047198	1.025536	1.576859	191	28	45	494.12
2.094395	1.135834	-1.431087	184	13	53	494.12
-0.261799	1.736875	3.023612	163	28	33	494.08
-1.832596	0.591903	2.010408	161	14	35	494.07
-0.523599	0.899350	-2.069907	186	15	52	494.06
2.879793	1.756530	-2.105156	181	23	37	494.01
-2.356194	0.591903	2.010408	160	25	35	494.00
2.617994	2.863997	0.549740	173	38	48	493.97
-2.094395	1.367556	0.358405	179	187	37	493.97
-0.523599	0.418037	1.360082	179	13	38	493.97
2.617994	2.180315	-1.357379	187	25	36	493.96
-2.879793	0.709924	0.218797	187	27	38	493.91
0.523599	2.073035	2.027405	172	14	55	493.90
1.832596	1.301460	-0.509251	166	33	22	493.89
1.308997	1.824694	1.850876	173	10	52	493.87
1.832596	1.301460	-0.509251	171	36	27	493.83
1.047198	1.391910	3.030322	181	19	35	493.81
1.832596	2.153910	-1.714959	3	19	41	493.81
-1.308997	1.014500	0.906702	162	19	26	493.79
-1.570796	1.510910	-0.740472	170	33	44	493.79
1.047198	1.606104	-0.451151	184	28	31	493.76
1.308997	1.113094	-0.272241	188	0	41	493.75
-1.047198	0.618092	2.539118	183	25	36	493.75
-0.523599	1.809167	1.213774	183	21	52	493.72
-1.570796	2.979456	-1.009304	5	4	41	493.71
-1.570796	2.404280	-0.174044	185	190	39	493.70
0.000000	1.135834	-1.431087	41	176	175	493.67
-1.308997	0.850607	-1.335383	179	26	53	493.61
2.356194	0.961715	0.014085	163	26	33	493.59
2.094395	1.134796	2.434290	176	190	41	493.53
1.570796	2.379497	0.561089	182	29	43	493.44
-1.047198	1.658653	-2.409879	175	190	44	493.38
-0.785398	0.418037	1.360082	181	21	37	493.36
-2.094395	1.977582	0.969896	172	169	18	493.36
1.570796	2.881233	-2.582574	3	30	30	493.33
-2.094395	1.569311	-3.003978	162	7	39	493.33
-2.094395	0.640596	-2.797608	175	2	48	493.21
2.094395	2.455966	-0.641220	158	24	34	493.21
-0.785398	2.724429	-0.348782	9	10	42	493.20
-2.617994	1.617114	-1.572037	175	26	40	493.20
-1.047198	1.247695	1.809890	183	27	43	493.19
0.261799	1.606104	-0.451151	165	191	36	493.16
-2.617994	1.391910	3.030322	159	16	36	493.15
1.308997	1.413347	-1.339188	186	7	51	493.13
1.832596	2.089241	-0.114193	163	34	34	493.10
0.000000	1.741644	-2.695914	182	12	36	493.09
-2.094395	1.413430	2.550734	161	8	27	493.03
-1.047198	1.699788	2.452890	177	33	43	492.98
-0.261799	1.836682	-0.676006	160	7	38	492.97
-2.617994	2.299159	2.264663	2	24	52	492.95
1.832596	2.033014	2.977192	185	7	38	492.91
0.261799	2.041297	-2.664597	160	30	30	492.89
2.356194	1.374601	-2.456031	178	27	46	492.88
-0.523599	2.724429	-0.348782	160	23	25	492.87
-1.047198	1.977582	0.969896	183	13	51	492.86
-2.617994	2.455966	-0.641220	185	28	32	492.85
0.261799	1.809167	1.213774	184	24	55	492.81
0.261799	2.664082	-1.071402	182	22	33	492.77
-2.879793	1.448123	-2.163292	174	29	53	492.73
-0.523599	1.574060	2.783565	178	13	32	492.72
0.000000	0.864993	2.278281	181	11	33	492.72
-1.832596	2.187132	-0.479875	170	40	30	492.70
-2.617994	2.478122	2.609777	3	27	46	492.65
2.356194	1.574060	2.783565	187	184	38	492.64
1.570796	2.299159	2.264663	183	1	49	492.63
-2.356194	1.417623	-0.202254	184	38	36	492.58
1.047198	1.488617	1.159546	179	19	34	492.57
-3.141593	0.591903	2.010408	169	33	33	492.57
-2.617994	1.128190	-2.288622	174	19	54	492.56
-3.141593	2.478122	2.609777	4	18	44	492.51
1.047198	2.404280	-0.174044	185	35	39	492.49
2.094395	1.736875	3.023612	183	21	35	492.43
-0.523599	1.433411	-1.035986	166	15	49	492.42
1.308997	1.732874	-0.951685	188	0	42	492.42
-1.832596	0.906588	1.252948	161	25	27	492.40
1.832596	2.295480	1.008277	180	28	53	492.35
-1.047198	1.662363	0.915448	188	16	49	492.32
-2.617994	1.367556	0.358405	181	22	34	492.28
0.000000	2.664082	-1.071402	177	19	31	492.28
-0.261799	2.089241	-0.114193	16	27	38	492.25
-1.308997	0.906588	1.252948	161	15	27	492.24
2.356194	2.478122	2.609777	1	3	44	492.21
2.356194	2.455966	-0.641220	159	21	36	492.16
0.261799	1.766067	2.153843	168	23	53	492.16
1.832596	1.448123	-2.163292	188	26	52	492.07
2.356194	1.545873	-1.877082	185	28	52	492.07
0.523599	1.195355	1.200319	177	34	48	492.03
1.832596	2.343981	-1.040456	160	26	29	492.01
-1.308997	0.866955	-0.931351	176	31	50	491.99
0.523599	1.014500	0.906702	180	26	37	491.99
1.308997	2.704512	1.488683	4	13	50	491.98
0.785398	2.579248	-2.364801	158	22	36	491.96
1.047198	0.831641	0.616218	184	12	35	491.96
-2.879793	2.356369	3.005869	163	19	28	491.95
0.785398	1.134796	2.434290	158	14	34	491.93
-1.047198	2.456751	-1.503343	15	32	29	491.91
1.047198	1.417623	-0.202254	185	13	36	491.88
1.570796	1.909857	-0.381669	169	36	32	491.88
-2.094395	1.998705	2.370472	188	26	44	491.87
0.000000	2.187132	-0.479875	162	2	31	491.86
1.832596	1.569311	-3.003978	185	34	38	491.86
1.308997	2.343981	-1.040456	162	33	25	491.84
0.523599	2.393226	1.857173	176	7	51	491.77
1.047198	2.295480	1.008277	190	21	53	491.77
1.047198	1.301460	-0.509251	165	148	189	491.76
0.000000	2.664082	-1.071402	0	34	34	491.73
2.094395	1.135834	-1.431087	186	12	52	491.70
0.785398	1.310100	1.488307	169	23	45	491.70
-0.261799	1.606104	-0.451151	159	9	36	491.69
1.308997	2.108018	1.311430	183	16	40	491.60
-2.879793	1.766067	2.153843	185	17	40	491.60
0.523599	1.555207	1.708892	172	24	52	491.59
-1.570796	2.174483	2.653697	182	35	44	491.56
0.785398	1.875281	0.107086	187	34	39	491.56
-1.832596	2.041297	-2.664597	162	7	39	491.48
-1.047198	0.290380	-0.796960	178	21	39	491.42
-1.570796	2.724429	-0.348782	169	186	184	491.41
-1.832596	2.174483	2.653697	186	29	41	491.36
-1.047198	0.866955	-0.931351	47	166	157	491.32
-1.570796	1.869911	2.701025	187	39	44	491.31
-1.047198	1.599406	1.426070	191	20	54	491.27
-0.785398	0.618092	2.539118	184	3	40	491.23
-2.617994	1.870545	-2.976234	158	19	36	491.22
2.094395	1.506530	1.988858	176	7	52	491.21
2.094395	2.637879	2.121598	3	10	49	491.20
1.832596	2.396274	-1.959260	164	8	29	491.20
0.785398	0.591903	2.010408	159	24	35	491.19
1.570796	0.615174	-0.666022	41	167	187	491.16
2.617994	1.504028	0.636812	163	15	47	491.15
-2.879793	0.762244	-0.273349	187	25	40	491.12
2.094395	2.407836	1.410646	185	22	52	491.11
-0.261799	1.732874	-0.951685	165	6	45	491.10
-1.308997	1.440580	2.260026	185	31	44	491.09
-1.308997	1.872854	1.543456	184	19	56	491.08
1.570796	1.433411	-1.035986	190	3	48	491.04
0.523599	1.998705	2.370472	163	13	47	491.03
-2.356194	2.456751	-1.503343	177	18	27	491.00
2.356194	1.683268	0.374177	159	22	41	491.00
-1.308997	0.618092	2.539118	184	25	36	490.98
-3.141593	0.700570	1.559208	181	183	34	490.96
2.356194	0.615174	-0.666022	48	172	182	490.96
-0.261799	0.379747	-1.713059	184	24	47	490.94
-0.261799	2.033014	2.977192	163	32	40	490.91
1.832596	1.391910	3.030322	177	188	33	490.89
-2.617994	0.685216	-1.712745	188	12	56	490.88
-1.832596	1.195355	1.200319	163	25	20	490.88
-2.094395	0.733948	3.021411	166	3	42	490.87
-0.785398	1.014500	0.906702	179	19	36	490.84
0.000000	2.881233	-2.582574	163	31	40	490.82
-1.570796	0.864993	2.278281	175	15	36	490.81
0.785398	0.591903	2.010408	164	28	37	490.80
-1.832596	2.104282	-0.813972	170	35	37	490.79
-2.879793	1.977582	0.969896	174	13	55	490.76
-0.785398	1.184361	0.625864	165	15	29	490.73
1.047198	0.929350	-2.910676	191	25	43	490.70
1.308997	1.510910	-0.740472	188	189	44	490.67
-0.261799	2.664082	-1.071402	173	14	32	490.67
2.617994	0.992645	-1.723759	179	15	54	490.63
1.308997	0.929350	-2.910676	183	33	42	490.60
-2.094395	1.135813	-2.658866	169	6	48	490.58
-2.356194	2.455966	-0.641220	183	29	32	490.55
2.094395	1.683268	0.374177	160	28	39	490.51
1.570796	1.256302	0.062705	186	9	33	490.51
2.617994	1.696674	-1.253233	2	25	48	490.49
2.617994	1.574060	2.783565	172	36	32	490.48
1.308997	0.700570	1.559208	161	22	40	490.44
-2.879793	1.998705	2.370472	186	20	38	490.39
-0.261799	2.579248	-2.364801	170	40	33	490.38
-1.570796	1.736875	3.023612	164	164	189	490.38
-0.523599	1.846342	-1.796954	34	163	187	490.37
-3.141593	2.579248	-2.364801	191	190	31	490.35
0.785398	1.214854	-1.966664	182	17	49	490.34
1.308997	0.290380	-0.796960	167	3	45	490.32
-0.261799	0.297065	2.160177	174	32	33	490.31
-0.523599	2.247462	0.191623	7	13	46	490.27
1.832596	1.721184	-0.153948	165	33	34	490.25
2.879793	0.864993	2.278281	171	32	32	490.21
-1.308997	0.733948	3.021411	181	13	40	490.15
1.047198	1.846342	-1.796954	1	14	49	490.15
-1.832596	1.721184	-0.153948	177	40	32	490.14
1.832596	0.914445	2.687814	181	9	35	490.14
-2.617994	2.001437	0.381215	171	6	47	490.09
-2.094395	1.982574	-1.115518	171	34	41	490.07
-2.094395	1.448123	-2.163292	171	18	53	490.05
-2.879793	2.299159	2.264663	188	21	42	490.01
-1.832596	0.496451	0.593859	173	23	35	489.98
2.094395	1.756530	-2.105156	186	26	45	489.97
-2.094395	1.256302	0.062705	179	19	34	489.96
2.094395	2.724429	-0.348782	163	31	42	489.95
0.000000	2.089241	-0.114193	14	31	39	489.83
-0.785398	1.184361	0.625864	5	18	43	489.80
2.356194	2.724429	-0.348782	160	25	42	489.77
2.617994	1.218453	2.777284	173	41	35	489.74
-2.094395	0.496451	0.593859	188	184	23	489.74
-0.785398	1.732874	-0.951685	160	16	42	489.73
-2.879793	0.850607	-1.335383	0	18	56	489.70
-0.523599	1.555207	1.708892	179	23	46	489.67
-2.356194	1.909857	-0.381669	180	24	33	489.64
1.047198	2.343981	-1.040456	168	39	29	489.64
-2.356194	1.440580	2.260026	3	20	45	489.60
2.094395	0.685216	-1.712745	171	13	51	489.59
0.261799	1.506530	1.988858	168	23	48	489.57
-1.832596	1.869911	2.701025	0	35	44	489.53
-1.832596	0.458961	-0.107937	25	10	6	489.49
-0.785398	1.184361	0.625864	5	19	43	489.46
-2.617994	0.864993	2.278281	160	28	33	489.42
1.570796	0.203748	0.590255	182	15	38	489.41
1.047198	1.683268	0.374177	182	33	43	489.37
1.308997	2.863997	0.549740	189	27	39	489.37
-2.617994	1.617114	-1.572037	176	27	45	489.26
0.261799	0.899350	-2.069907	182	21	51	489.26
2.356194	1.569311	-3.003978	182	19	35	489.25
2.356194	1.510910	-0.740472	187	17	37	489.25
1.832596	1.374601	-2.456031	181	28	45	489.23
1.308997	2.664082	-1.071402	164	35	36	489.22
-1.047198	1.506530	1.988858	180	27	44	489.21
1.308997	0.685216	-1.712745	177	15	37	489.21
1.308997	1.569311	-3.003978	2	31	40	489.18
1.832596	1.756530	-2.105156	188	24	44	489.16
2.879793	1.014500	0.906702	4	34	30	489.16
1.308997	2.478122	2.609777	177	190	47	489.15
2.879793	2.174483	2.653697	165	25	23	489.14
1.047198	1.662363	0.915448	181	36	52	489.12
2.356194	1.982574	-1.115518	8	21	43	489.06
0.000000	2.393226	1.857173	172	10	52	489.05
-1.047198	2.108018	1.311430	40	176	186	489.01
-1.047198	1.247695	1.809890	186	22	42	488.97
-0.785398	0.419640	2.974122	170	29	28	488.95
0.000000	0.910508	1.903534	180	11	33	488.92
1.308997	1.699788	2.452890	3	36	25	488.89
-0.785398	1.872854	1.543456	184	21	56	488.89
0.785398	1.135813	-2.658866	0	24	47	488.87
-1.308997	2.041297	-2.664597	170	0	39	488.86
-1.570796	0.961715	0.014085	188	187	26	488.84
0.261799	1.417623	-0.202254	162	0	33	488.80
-3.141593	0.700570	1.559208	38	5	171	488.71
2.879793	2.104282	-0.813972	163	5	26	488.67
1.047198	0.674054	1.013609	160	1	1	488.65
0.785398	0.618092	2.539118	157	14	29	488.61
0.785398	1.242974	-2.977882	181	17	35	488.59
-2.094395	1.569311	-3.003978	188	29	33	488.59
1.570796	1.721184	-0.153948	170	36	34	488.56
0.261799	1.721184	-0.153948	187	24	33	488.55
2.094395	2.881233	-2.582574	184	16	34	488.55
2.094395	1.413430	2.550734	186	13	39	488.51
0.000000	2.108018	1.311430	41	179	165	488.41
0.261799	2.115563	0.685730	3	23	52	488.40
1.047198	2.455966	-0.641220	181	22	33	488.39
0.523599	1.658653	-2.409879	190	14	42	488.38
0.785398	0.203748	0.590255	30	3	187	488.38
1.308997	1.134497	-1.109631	180	4	49	488.37
-1.570796	0.619654	-2.216909	36	184	166	488.33
0.785398	0.640596	-2.797608	189	25	44	488.32
1.308997	2.979456	-1.009304	165	33	41	488.31
0.523599	1.440580	2.260026	159	21	42	488.30
1.047198	1.218453	2.777284	2	27	35	488.27
2.356194	1.846342	-1.796954	189	24	44	488.19
-0.523599	0.906588	1.252948	189	26	41	488.18
1.308997	0.591903	2.010408	157	12	33	488.17
-1.047198	1.128190	-2.288622	182	5	51	488.07
-1.047198	1.025536	1.576859	187	26	42	488.01
-2.094395	1.025536	1.576859	161	26	25	487.96
-2.094395	1.732874	-0.951685	177	34	44	487.95
2.094395	1.617114	-1.572037	191	22	51	487.92
-1.570796	1.732874	-0.951685	168	30	45	487.91
2.617994	1.391910	3.030322	170	32	36	487.87
2.356194	2.138223	1.678323	185	13	50	487.87
-0.261799	0.080730	-2.622036	188	19	41	487.86
-0.523599	1.134497	-1.109631	168	19	50	487.80
-1.570796	1.504028	0.636812	172	20	27	487.79
1.047198	1.195355	1.200319	169	25	44	487.76
-2.879793	2.587733	0.232235	164	14	47	487.73
1.832596	0.864993	2.278281	167	0	38	487.69
-3.141593	1.417623	-0.202254	161	6	28	487.67
-0.261799	1.214854	-1.966664	184	11	53	487.66
-2.094395	1.766067	2.153843	191	23	48	487.62
0.785398	2.979456	-1.009304	180	16	32	487.61
-2.879793	1.413430	2.550734	179	21	36	487.56
2.356194	1.982574	-1.115518	164	20	24	487.56
-2.879793	1.836682	-0.676006	1	36	39	487.54
2.879793	0.700570	1.559208	29	190	190	487.48
-2.617994	1.721184	-0.153948	182	24	33	487.45
0.000000	1.325504	-1.671296	40	177	172	487.41
-1.832596	0.618092	2.539118	3	33	34	487.37
-1.308997	2.187132	-0.479875	163	32	32	487.37
-1.832596	1.756530	-2.105156	167	18	50	487.36
-1.308997	2.089241	-0.114193	177	16	31	487.35
2.617994	1.247695	1.809890	176	189	45	487.30
0.000000	1.391910	3.030322	161	24	31	487.29
-1.308997	1.948085	-2.363031	170	5	45	487.29
2.356194	1.135813	-2.658866	182	16	33	487.25
2.617994	1.662363	0.915448	164	13	48	487.23
-1.570796	1.998705	2.370472	181	31	46	487.21
-2.879793	0.458961	-0.107937	188	24	40	487.19
1.570796	1.310100	1.488307	163	16	48	487.14
-1.308997	2.251330	-2.330739	177	21	34	487.12
2.094395	1.554776	0.100351	161	28	37	487.05
-2.879793	1.756530	-2.105156	171	32	50	487.03
-2.617994	2.637879	2.121598	183	27	41	487.02
-2.094395	0.640596	-2.797608	22	184	3	487.02
1.308997	0.762244	-0.273349	184	1	44	487.01
-2.094395	1.510910	-0.740472	180	36	44	487.01
-1.570796	0.700570	1.559208	160	16	31	486.98
0.785398	0.831641	0.616218	184	190	32	486.97
-1.832596	1.766067	2.153843	186	27	48	486.96
-1.047198	1.413347	-1.339188	169	18	50	486.95
2.617994	0.700570	1.559208	179	16	38	486.93
0.785398	2.063651	-2.044600	159	24	19	486.90
0.523599	1.014500	0.906702	184	15	36	486.80
2.356194	0.674054	1.013609	161	12	38	486.78
2.617994	1.391910	3.030322	172	39	38	486.77
-1.570796	0.419640	2.974122	177	188	43	486.68
2.094395	0.910508	1.903534	167	3	42	486.65
0.785398	1.721184	-0.153948	188	36	35	486.61
2.879793	2.979456	-1.009304	188	27	29	486.48
1.047198	2.456751	-1.503343	162	33	29	486.46
-1.047198	2.247462	0.191623	178	16	31	486.45
-0.261799	1.569311	-3.003978	163	28	27	486.44
-3.141593	2.396274	-1.959260	177	30	34	486.43
-0.261799	0.496451	0.593859	177	16	38	486.38
-0.261799	1.134497	-1.109631	170	17	53	486.33
2.356194	1.168678	2.108595	179	0	46	486.30
-2.617994	2.108018	1.311430	180	18	58	486.28
2.356194	0.914445	2.687814	175	36	36	486.26
0.523599	0.864993	2.278281	162	23	39	486.26
-0.261799	1.025536	1.576859	181	28	42	486.23
1.832596	1.413430	2.550734	171	187	40	486.18
1.832596	1.977582	0.969896	181	19	39	486.04
0.785398	0.496451	0.593859	185	190	38	486.00
1.308997	0.914445	2.687814	186	23	38	486.00
2.356194	1.504028	0.636812	159	19	42	485.99
-3.141593	2.073035	2.027405	183	19	41	485.98
1.832596	2.295480	1.008277	184	20	39	485.98
1.047198	1.756530	-2.105156	2	14	47	485.96
1.832596	1.721184	-0.153948	162	34	28	485.87
2.094395	2.187132	-0.479875	160	28	33	485.85
-1.308997	0.674054	1.013609	160	18	32	485.79
-2.617994	2.174483	2.653697	166	15	27	485.77
2.356194	2.356369	3.005869	0	188	42	485.77
-0.523599	2.719179	-1.780644	181	18	33	485.76
0.785398	0.418037	1.360082	183	14	37	485.75
-1.832596	1.184361	0.625864	188	189	39	485.71
2.617994	1.134796	2.434290	189	190	41	485.69
-2.094395	1.658653	-2.409879	165	15	48	485.62
-1.047198	0.866395	-2.492918	184	7	49	485.57
1.308997	1.247695	1.809890	163	19	49	485.55
0.000000	0.992645	-1.723759	180	17	54	485.51
1.047198	2.251330	-2.330739	3	17	38	485.50
1.308997	1.168678	2.108595	160	9	41	485.48
-1.832596	2.089241	-0.114193	181	189	38	485.45
-0.261799	1.506530	1.988858	174	23	43	485.44
0.000000	2.001437	0.381215	7	24	48	485.44
1.308997	1.555207	1.708892	168	15	52	485.42
1.047198	1.812176	0.656819	183	28	48	485.42
1.832596	1.977582	0.969896	173	27	52	485.39
0.000000	2.579248	-2.364801	165	37	34	485.39
-2.617994	2.863997	0.549740	168	24	46	485.36
1.570796	2.760637	2.781135	184	188	46	485.27
0.261799	1.134796	2.434290	160	25	37	485.23
1.832596	1.872854	1.543456	41	178	187	485.22
0.000000	1.184361	0.625864	182	16	36	485.20
-1.308997	2.187132	-0.479875	162	31	30	485.20
-0.261799	2.587733	0.232235	6	11	46	485.18
1.570796	1.135834	-1.431087	181	12	53	485.07
-0.785398	1.135813	-2.658866	190	5	50	485.06
-2.356194	0.906588	1.252948	166	32	24	484.96
-0.785398	1.569311	-3.003978	188	0	41	484.91
-1.570796	1.904882	-1.478089	166	23	49	484.82
0.785398	1.450119	-2.739050	1	21	42	484.80
1.832596	2.592629	0.909713	186	26	44	484.78
1.308997	2.153910	-1.714959	181	16	33	484.78
2.879793	2.251330	-2.330739	178	28	35	484.77
-1.832596	1.982574	-1.115518	167	30	39	484.77
-2.617994	0.899350	-2.069907	178	12	56	484.76
-2.094395	1.218453	2.777284	165	13	35	484.75
0.523599	2.041297	-2.664597	158	24	30	484.73
1.570796	1.696674	-1.253233	0	9	47	484.69
2.879793	1.367556	0.358405	161	10	39	484.68
-1.832596	0.914445	2.687814	168	12	37	484.65
-1.570796	2.174483	2.653697	184	37	47	484.64
2.094395	2.138223	1.678323	182	14	53	484.64
-3.141593	1.836682	-0.676006	164	4	25	484.64
-0.785398	1.195355	1.200319	0	24	47	484.62
-1.047198	0.203748	0.590255	162	18	35	484.61
-2.356194	1.440580	2.260026	186	19	40	484.60
-3.141593	1.869911	2.701025	164	24	27	484.60
-0.261799	1.433411	-1.035986	168	11	50	484.55
-0.261799	1.218453	2.777284	166	30	36	484.55
2.617994	0.961715	0.014085	167	24	34	484.52
0.000000	1.335669	0.897240	190	33	48	484.47
1.570796	1.135834	-1.431087	182	11	53	484.46
-1.047198	2.719179	-1.780644	1	28	33	484.45
2.356194	2.760637	2.781135	3	3	44	484.45
1.047198	1.301460	-0.509251	180	186	40	484.44
-1.047198	2.108018	1.311430	181	13	55	484.43
-0.785398	1.025536	1.576859	184	28	41	484.38
0.000000	0.733948	3.021411	163	26	30	484.35
0.000000	1.168678	2.108595	180	11	30	484.34
-2.094395	0.379747	-1.713059	190	13	51	484.33
2.094395	0.960688	-0.577532	4	7	48	484.28
-3.141593	2.393226	1.857173	184	22	43	484.27
0.000000	2.187132	-0.479875	3	28	33	484.23
2.879793	2.104282	-0.813972	189	28	35	484.18
-3.141593	2.863997	0.549740	165	27	49	484.13
2.617994	2.164094	-2.991358	174	28	30	484.13
2.879793	1.128190	-2.288622	169	23	51	484.13
-0.261799	2.001437	0.381215	5	16	45	484.11
-2.617994	0.831641	0.616218	181	20	36	484.11
2.879793	2.180315	-1.357379	1	30	40	484.10
0.785398	0.709924	0.218797	178	191	38	484.07
2.617994	1.869911	2.701025	180	16	33	484.05
-1.047198	1.732874	-0.951685	160	22	43	484.05
-0.261799	2.393226	1.857173	169	13	51	484.05
-1.570796	2.063651	-2.044600	163	13	45	484.01
-1.047198	2.108018	1.311430	182	12	55	483.98
1.570796	0.961715	0.014085	186	17	37	483.97
1.308997	1.875281	0.107086	179	34	39	483.97
-3.141593	2.664082	-1.071402	187	28	31	483.96
-2.879793	1.135834	-1.431087	189	25	56	483.95
-1.047198	1.310100	1.488307	187	22	46	483.95
0.523599	1.658653	-2.409879	0	13	45	483.93
-2.879793	0.910508	1.903534	177	19	34	483.93
0.261799	0.370812	-2.547742	189	22	44	483.92
-2.356194	0.618092	2.539118	162	17	39	483.87
1.047198	0.640596	-2.797608	183	32	45	483.84
0.261799	1.134497	-1.109631	172	10	52	483.81
0.000000	2.180315	-1.357379	173	187	38	483.80
1.047198	2.299159	2.264663	38	165	188	483.78
2.879793	1.325504	-1.671296	182	22	52	483.78
-3.141593	0.571433	-1.188419	185	13	43	483.76
-2.094395	0.496451	0.593859	176	21	35	483.76
0.785398	2.001437	0.381215	188	27	40	483.75
2.094395	1.417623	-0.202254	166	31	33	483.73
0.785398	1.301460	-0.509251	173	188	41	483.71
-0.261799	0.080730	-2.622036	5	25	47	483.67
-1.570796	1.948085	-2.363031	165	9	45	483.65
-2.617994	1.554776	0.100351	172	191	39	483.65
0.000000	2.115563	0.685730	2	19	52	483.64
0.523599	2.407836	1.410646	186	10	54	483.62
0.523599	2.104282	-0.813972	186	27	30	483.61
-1.047198	0.992645	-1.723759	179	18	54	483.61
-1.832596	1.732874	-0.951685	171	31	41	483.60
-3.141593	2.396274	-1.959260	28	191	189	483.54
-2.356194	2.984978	1.954446	175	35	47	483.51
0.000000	0.203748	0.590255	164	1	38	483.49
1.308997	1.875281	0.107086	178	35	39	483.49
0.785398	1.506530	1.988858	166	21	52	483.48
-2.094395	0.496451	0.593859	174	25	35	483.38
1.570796	2.115563	0.685730	176	33	50	483.38
1.832596	2.379497	0.561089	175	35	48	483.38
-3.141593	1.872854	1.543456	40	179	179	483.36
-0.261799	2.153910	-1.714959	175	187	40	483.32
-2.617994	1.617114	-1.572037	176	25	41	483.31
2.617994	0.591903	2.010408	182	26	37	483.29
-1.047198	2.396274	-1.959260	177	21	33	483.28
2.356194	1.617114	-1.572037	189	25	51	483.25
-2.617994	2.379497	0.561089	170	15	50	483.20
-2.617994	0.618092	2.539118	161	24	39	483.14
0.785398	0.080730	-2.622036	179	24	39	483.11
-2.094395	1.741644	-2.695914	162	11	42	483.07
-1.047198	1.948085	-2.363031	171	189	41	483.05
-1.047198	2.724429	-0.348782	162	29	22	483.01
-0.785398	0.615174	-0.666022	174	19	37	482.97
-3.141593	2.164094	-2.991358	166	27	34	482.94
0.000000	0.496451	0.593859	173	6	40	482.94
2.094395	1.301460	-0.509251	9	7	45	482.92
2.617994	1.256302	0.062705	156	16	28	482.88
1.308997	2.719179	-1.780644	159	23	36	482.88
-0.261799	0.615174	-0.666022	164	20	45	482.86
1.570796	2.979456	-1.009304	164	32	43	482.85
-3.141593	2.396274	-1.959260	179	29	34	482.83
0.261799	0.619654	-2.216909	188	26	53	482.83
2.356194	0.379747	-1.713059	33	167	0	482.83
-0.261799	0.418037	1.360082	187	23	36	482.80
0.000000	1.128190	-2.288622	1	15	55	482.79
-0.523599	2.478122	2.609777	165	24	46	482.77
-2.094395	2.664082	-1.071402	169	37	30	482.73
0.000000	2.299159	2.264663	167	15	51	482.64
-1.570796	0.297065	2.160177	181	20	37	482.63
-2.356194	0.618092	2.539118	158	13	35	482.62
1.570796	1.809167	1.213774	180	17	40	482.62
-0.785398	1.134497	-1.109631	167	22	49	482.62
0.000000	2.863997	0.549740	5	8	47	482.61
-0.261799	0.080730	-2.622036	184	19	39	482.56
2.617994	1.413347	-1.339188	191	20	51	482.55
-1.832596	0.203748	0.590255	177	18	35	482.54
1.570796	2.089241	-0.114193	170	38	38	482.48
-1.308997	2.063651	-2.044600	166	10	45	482.46
0.261799	0.203748	0.590255	182	14	40	482.37
2.356194	1.617114	-1.572037	0	23	51	482.34
2.879793	2.104282	-0.813972	184	22	33	482.34
1.047198	2.979456	-1.009304	186	190	25	482.30
-1.308997	0.866395	-2.492918	36	191	158	482.29
-2.356194	1.025536	1.576859	168	24	26	482.26
-2.094395	1.870545	-2.976234	161	9	37	482.23
0.000000	2.108018	1.311430	182	16	54	482.23
-1.832596	1.741644	-2.695914	165	7	43	482.20
-0.261799	1.391910	3.030322	163	29	31	482.20
-2.879793	0.709924	0.218797	2	35	40	482.17
-2.879793	2.478122	2.609777	8	22	48	482.16
-1.570796	1.391910	3.030322	183	26	35	482.14
2.879793	1.683268	0.374177	160	11	42	482.09
-0.523599	2.001437	0.381215	6	16	48	482.08
-1.832596	0.910508	1.903534	162	14	29	482.02
-1.570796	1.756530	-2.105156	168	13	50	481.95
0.785398	1.510910	-0.740472	177	188	43	481.92
-1.308997	1.504028	0.636812	173	18	30	481.88
0.523599	2.579248	-2.364801	158	26	34	481.88
1.832596	1.736875	3.023612	184	7	36	481.87
1.047198	2.001437	0.381215	183	23	36	481.83
-2.094395	1.134796	2.434290	159	9	28	481.82
1.308997	1.982574	-1.115518	191	5	43	481.78
2.879793	2.760637	2.781135	182	17	32	481.77
-0.523599	0.615174	-0.666022	169	30	49	481.77
-0.785398	2.164094	-2.991358	174	41	35	481.75
-1.308997	1.050534	3.042579	183	28	34	481.74
-0.261799	1.134497	-1.109631	169	16	51	481.72
0.261799	2.299159	2.264663	167	11	49	481.71
-2.617994	2.455966	-0.641220	174	184	31	481.70
0.000000	0.297065	2.160177	172	32	33	481.69
-2.356194	2.299159	2.264663	185	26	44	481.67
-1.308997	0.080730	-2.622036	1	10	47	481.64
-2.617994	2.592629	0.909713	169	21	53	481.61
2.094395	2.637879	2.121598	5	11	50	481.57
-1.570796	1.732874	-0.951685	165	31	43	481.55
-2.356194	1.014500	0.906702	185	0	43	481.52
-1.570796	1.391910	3.030322	164	167	191	481.48
0.523599	2.033014	2.977192	160	18	42	481.46
-1.570796	1.998705	2.370472	184	33	50	481.46
2.879793	2.404280	-0.174044	160	16	41	481.42
-2.356194	0.297065	2.160177	159	18	38	481.41
0.261799	1.256302	0.062705	163	191	29	481.39
-1.570796	1.440580	2.260026	189	30	45	481.35
2.094395	0.458961	-0.107937	183	17	39	481.29
-2.094395	1.134497	-1.109631	180	24	42	481.26
-2.356194	0.929350	-2.910676	165	7	45	481.26
-1.308997	2.637879	2.121598	167	24	44	481.23
-0.785398	2.164094	-2.991358	176	12	31	481.21
0.000000	0.961715	0.014085	177	16	37	481.20
1.308997	0.618092	2.539118	185	24	38	481.19
-2.356194	1.214854	-1.966664	177	20	56	481.18
-0.785398	1.128190	-2.288622	184	7	51	481.15
-0.523599	1.488617	1.159546	187	19	46	481.14
1.570796	2.033014	2.977192	172	186	39	481.13
1.308997	1.440580	2.260026	164	5	43	481.11
-1.570796	1.824694	1.850876	46	187	2	481.09
2.356194	2.478122	2.609777	4	3	47	481.08
2.356194	1.242974	-2.977882	173	31	40	481.04
1.308997	2.396274	-1.959260	160	20	28	481.04
0.261799	1.599406	1.426070	181	30	55	481.04
0.785398	2.247462	0.191623	189	30	40	481.02
-3.141593	1.617114	-1.572037	166	163	171	480.99
-0.523599	1.555207	1.708892	184	30	54	480.99
2.617994	2.187132	-0.479875	159	16	33	480.99
2.094395	0.762244	-0.273349	166	29	23	480.97
-0.785398	1.448123	-2.163292	178	4	50	480.96
-0.523599	2.863997	0.549740	188	2	47	480.96
0.000000	1.872854	1.543456	176	20	52	480.94
2.879793	1.194549	-0.801900	187	22	41	480.92
1.832596	0.961715	0.014085	186	18	37	480.80
2.617994	1.195355	1.200319	170	10	48	480.80
-2.617994	2.299159	2.264663	185	23	41	480.79
-1.570796	1.809167	1.213774	185	11	54	480.78
0.261799	0.496451	0.593859	189	31	34	480.75
-0.785398	1.135813	-2.658866	191	7	50	480.72
-3.141593	1.721184	-0.153948	163	7	35	480.71
0.000000	2.299159	2.264663	164	16	49	480.68
-1.047198	1.440580	2.260026	182	32	44	480.67
0.785398	2.251330	-2.330739	158	22	29	480.66
0.000000	0.929350	-2.910676	4	13	46	480.65
-2.094395	1.721184	-0.153948	25	181	187	480.64
-2.356194	2.455966	-0.641220	175	188	34	480.63
2.356194	1.433411	-1.035986	5	13	48	480.62
1.308997	1.247695	1.809890	161	14	45	480.62
-2.094395	1.696674	-1.253233	173	25	38	480.58
-1.047198	1.310100	1.488307	186	22	45	480.58
-2.356194	2.295480	1.008277	174	15	56	480.57
-1.308997	0.866395	-2.492918	38	183	168	480.57
-0.523599	1.417623	-0.202254	158	17	36	480.55
-3.141593	1.045978	0.343692	163	2	34	480.53
2.094395	1.869911	2.701025	181	41	28	480.53
-1.047198	1.335669	0.897240	2	19	47	480.52
1.570796	1.574060	2.783565	168	188	38	480.51
1.308997	2.180315	-1.357379	181	18	33	480.46
-2.356194	1.683268	0.374177	177	0	45	480.46
0.785398	2.456751	-1.503343	164	35	26	480.44
1.570796	2.089241	-0.114193	169	38	36	480.41
1.832596	2.760637	2.781135	189	189	46	480.40
2.617994	0.700570	1.559208	171	191	39	480.38
1.308997	1.448123	-2.163292	188	20	48	480.36
-2.617994	1.998705	2.370472	189	21	43	480.32
-3.141593	2.104282	-0.813972	5	34	38	480.32
-2.094395	2.180315	-1.357379	177	17	28	480.28
1.832596	2.724429	-0.348782	164	33	39	480.26
1.047198	1.135834	-1.431087	178	9	50	480.12
1.047198	1.766067	2.153843	167	9	49	480.11
-1.832596	1.721184	-0.153948	179	0	31	480.11
-2.356194	2.295480	1.008277	175	15	55	480.10
1.832596	2.664082	-1.071402	158	23	36	480.08
-1.047198	1.413430	2.550734	181	36	42	480.02
1.570796	2.719179	-1.780644	162	21	35	479.98
0.785398	0.961715	0.014085	187	32	33	479.90
-1.047198	2.073035	2.027405	177	27	53	479.88
-2.879793	0.864993	2.278281	163	32	33	479.88
2.094395	2.089241	-0.114193	161	30	37	479.86
-0.261799	0.418037	1.360082	181	20	37	479.86
-0.523599	1.836682	-0.676006	160	13	39	479.82
-0.785398	1.836682	-0.676006	157	19	37	479.82
2.094395	2.089241	-0.114193	162	30	38	479.79
-1.832596	0.618092	2.539118	166	4	39	479.72
1.832596	1.301460	-0.509251	168	32	24	479.71
0.785398	1.242974	-2.977882	180	17	35	479.70
-1.832596	2.587733	0.232235	31	8	177	479.69
-2.879793	2.760637	2.781135	4	22	42	479.69
-2.356194	1.909857	-0.381669	177	183	28	479.68
2.879793	1.606104	-0.451151	183	21	34	479.68
0.000000	2.089241	-0.114193	164	12	28	479.60
2.356194	0.297065	2.160177	180	13	35	479.59
0.523599	0.496451	0.593859	187	22	36	479.56
2.879793	1.554776	0.100351	158	10	34	479.56
2.617994	2.587733	0.232235	164	28	47	479.54
-0.523599	2.760637	2.781135	164	23	41	479.52
1.832596	1.256302	0.062705	169	34	36	479.51
-1.832596	1.045978	0.343692	185	1	37	479.50
0.261799	1.242974	-2.977882	184	15	38	479.47
1.047198	1.606104	-0.451151	183	27	31	479.45
0.000000	1.599406	1.426070	180	27	53	479.40
-2.094395	1.721184	-0.153948	177	189	34	479.40
-2.094395	0.733948	3.021411	168	8	44	479.39
0.000000	1.134497	-1.109631	170	13	52	479.39
-2.617994	2.719179	-1.780644	191	190	33	479.31
-2.356194	1.025536	1.576859	3	6	47	479.31
2.617994	1.599406	1.426070	172	7	52	479.29
-0.261799	1.135834	-1.431087	40	176	175	479.28
-1.308997	1.658653	-2.409879	173	6	49	479.26
0.261799	2.063651	-2.044600	191	7	45	479.26
1.047198	1.869911	2.701025	183	21	36	479.26
-1.832596	1.569311	-3.003978	164	169	2	479.22
2.094395	2.719179	-1.780644	189	25	31	479.17
1.308997	2.299159	2.264663	179	1	49	479.13
-0.261799	0.906588	1.252948	181	17	36	479.09
1.308997	2.001437	0.381215	182	31	44	479.04
2.879793	1.134796	2.434290	180	14	32	478.94
0.523599	1.766067	2.153843	165	15	42	478.90
-1.832596	1.977582	0.969896	174	168	18	478.86
-2.879793	0.370812	-2.547742	167	4	45	478.83
2.356194	1.875281	0.107086	158	23	36	478.82
2.094395	0.674054	1.013609	160	17	38	478.80
-2.094395	1.982574	-1.115518	172	35	43	478.78
2.617994	2.579248	-2.364801	184	16	33	478.74
-1.570796	1.766067	2.153843	186	28	49	478.71
2.617994	1.135813	-2.658866	168	31	48	478.69
-1.308997	2.592629	0.909713	174	3	50	478.65
-0.261799	1.504028	0.636812	2	24	46	478.60
-2.094395	2.180315	-1.357379	168	36	43	478.56
0.261799	1.662363	0.915448	1	33	52	478.55
1.308997	1.948085	-2.363031	0	20	39	478.55
-0.261799	2.174483	2.653697	167	20	36	478.53
-0.261799	1.574060	2.783565	165	28	38	478.50
0.523599	1.875281	0.107086	190	32	39	478.46
0.261799	1.812176	0.656819	6	33	50	478.42
-0.785398	0.591903	2.010408	185	23	37	478.38
2.356194	1.545873	-1.877082	183	29	51	478.33
-1.570796	1.554776	0.100351	177	18	34	478.33
-2.094395	2.299159	2.264663	183	26	43	478.32
0.785398	1.168678	2.108595	158	20	41	478.31
2.094395	1.256302	0.062705	165	29	36	478.31
1.047198	1.812176	0.656819	185	39	50	478.30
2.879793	1.242974	-2.977882	168	34	44	478.28
2.617994	0.709924	0.218797	163	15	32	478.27
0.000000	1.050534	3.042579	161	24	29	478.21
1.570796	0.914445	2.687814	165	188	29	478.19
2.879793	2.343981	-1.040456	187	25	34	478.19
-1.832596	1.569311	-3.003978	187	29	33	478.16
1.832596	0.418037	1.360082	161	15	34	478.14
1.308997	1.683268	0.374177	178	32	42	478.12
1.308997	1.824694	1.850876	174	9	51	478.03
-2.356194	2.187132	-0.479875	178	183	29	478.02
-0.261799	2.379497	0.561089	2	12	50	477.89
-0.261799	2.356369	3.005869	163	25	37	477.84
-1.570796	1.836682	-0.676006	164	35	37	477.83
1.832596	2.984978	1.954446	181	18	32	477.82
-2.879793	2.396274	-1.959260	188	189	23	477.81
2.879793	1.433411	-1.035986	1	22	46	477.80
0.000000	1.721184	-0.153948	160	4	28	477.72
2.617994	0.831641	0.616218	158	9	34	477.71
-2.879793	2.704512	1.488683	178	26	42	477.69
-1.308997	0.899350	-2.069907	183	11	53	477.69
2.879793	0.733948	3.021411	166	32	44	477.63
2.094395	1.824694	1.850876	42	175	185	477.58
-2.879793	0.866395	-2.492918	166	12	48	477.56
0.000000	1.367556	0.358405	0	23	39	477.55
-2.356194	1.510910	-0.740472	184	36	44	477.50
-1.570796	1.721184	-0.153948	177	17	33	477.50
-2.356194	1.440580	2.260026	2	20	45	477.49
1.832596	0.700570	1.559208	160	12	39	477.49
-1.832596	0.674054	1.013609	160	28	26	477.48
-2.356194	1.875281	0.107086	175	0	41	477.46
1.570796	2.033014	2.977192	184	21	35	477.44
-2.094395	0.700570	1.559208	159	23	26	477.42
1.047198	1.433411	-1.035986	184	1	50	477.41
-1.570796	1.555207	1.708892	191	22	53	477.38
2.356194	2.108018	1.311430	177	20	56	477.38
0.261799	2.295480	1.008277	180	173	18	477.29
1.308997	2.984978	1.954446	167	30	15	477.28
-2.356194	0.700570	1.559208	162	32	31	477.28
2.356194	2.180315	-1.357379	188	21	35	477.27
-0.523599	1.134796	2.434290	173	30	38	477.25
-2.094395	1.696674	-1.253233	172	29	43	477.25
-3.141593	2.407836	1.410646	179	21	40	477.22
-1.308997	1.195355	1.200319	189	16	43	477.21
2.617994	0.496451	0.593859	161	14	33	477.21
0.261799	0.618092	2.539118	163	27	34	477.21
-0.523599	1.836682	-0.676006	159	12	38	477.19
1.308997	1.721184	-0.153948	175	173	189	477.15
-2.094395	0.379747	-1.713059	187	12	46	477.13
-2.879793	2.393226	1.857173	182	23	43	477.10
-1.308997	2.455966	-0.641220	163	33	31	477.09
-3.141593	2.187132	-0.479875	163	5	34	477.08
-1.832596	1.301460	-0.509251	176	36	42	477.07
-1.047198	1.510910	-0.740472	162	26	43	477.05
2.879793	0.961715	0.014085	167	20	34	477.03
2.617994	0.685216	-1.712745	175	9	52	477.01
-2.879793	1.909857	-0.381669	166	1	32	477.00
-1.570796	2.073035	2.027405	179	26	49	476.97
2.617994	1.545873	-1.877082	181	29	51	476.97
-0.523599	2.379497	0.561089	190	7	47	476.92
-3.141593	1.135813	-2.658866	163	22	46	476.92
2.356194	0.615174	-0.666022	169	29	18	476.91
-1.832596	1.904882	-1.478089	166	23	38	476.91
-1.832596	1.504028	0.636812	184	7	46	476.87
0.785398	2.760637	2.781135	3	30	27	476.85
-3.141593	0.080730	-2.622036	163	5	42	476.84
-1.047198	2.478122	2.609777	175	20	34	476.82
-2.617994	1.195355	1.200319	185	7	48	476.81
-3.141593	0.992645	-1.723759	42	179	1	476.78
1.308997	1.301460	-0.509251	44	173	174	476.70
1.832596	1.417623	-0.202254	165	32	28	476.67
-0.523599	0.418037	1.360082	179	14	38	476.61
-2.879793	1.325504	-1.671296	185	29	56	476.60
0.000000	0.080730	-2.622036	183	20	39	476.60
0.785398	2.063651	-2.044600	161	27	22	476.59
0.261799	2.664082	-1.071402	180	18	32	476.58
0.785398	2.349581	-2.702517	49	178	187	476.58
-2.094395	0.864993	2.278281	161	15	33	476.53
-2.094395	1.696674	-1.253233	174	29	46	476.53
1.047198	1.242974	-2.977882	190	28	40	476.53
-2.094395	1.134796	2.434290	165	16	32	476.52
-0.523599	0.762244	-0.273349	160	19	40	476.50
-0.261799	2.404280	-0.174044	11	20	42	476.48
0.523599	2.174483	2.653697	162	10	43	476.45
2.879793	2.187132	-0.479875	161	10	32	476.44
-1.308997	2.637879	2.121598	174	18	34	476.40
-1.832596	0.866395	-2.492918	41	185	168	476.40
-2.617994	1.766067	2.153843	188	18	44	476.38
-1.308997	1.014500	0.906702	163	19	27	476.34
1.570796	1.846342	-1.796954	4	18	48	476.27
-2.879793	2.108018	1.311430	39	179	179	476.27
0.785398	1.135813	-2.658866	190	22	44	476.24
1.308997	2.637879	2.121598	186	2	48	476.19
0.261799	0.370812	-2.547742	190	23	45	476.17
2.879793	1.574060	2.783565	168	35	32	476.15
-2.094395	1.756530	-2.105156	166	22	50	476.15
-0.785398	0.733948	3.021411	172	173	1	476.14
1.308997	2.115563	0.685730	30	3	14	476.13
-2.094395	1.247695	1.809890	3	14	47	476.12
-2.879793	2.592629	0.909713	169	25	53	476.11
-3.141593	0.960688	-0.577532	0	24	44	476.08
2.617994	2.001437	0.381215	162	21	46	476.05
1.570796	2.187132	-0.479875	164	36	29	476.04
1.832596	1.696674	-1.253233	2	13	48	476.01
0.000000	0.850607	-1.335383	175	22	55	475.98
-2.094395	2.478122	2.609777	187	34	46	475.97
0.523599	1.869911	2.701025	160	15	44	475.95
1.832596	1.134796	2.434290	179	11	39	475.94
2.094395	2.456751	-1.503343	162	10	30	475.90
2.356194	1.113094	-0.272241	165	27	28	475.89
-3.141593	0.914445	2.687814	164	24	32	475.84
1.570796	1.391910	3.030322	182	19	36	475.83
-1.832596	1.824694	1.850876	185	21	51	475.82
-2.617994	0.418037	1.360082	170	33	35	475.81
-1.047198	0.379747	-1.713059	191	25	51	475.77
2.617994	0.591903	2.010408	185	31	37	475.75
2.356194	0.762244	-0.273349	185	20	39	475.75
-0.785398	1.696674	-1.253233	164	13	47	475.71
0.000000	0.080730	-2.622036	5	30	47	475.71
2.356194	1.683268	0.374177	161	23	44	475.70
-2.879793	0.297065	2.160177	165	32	42	475.69
1.047198	0.685216	-1.712745	172	18	50	475.67
-0.785398	1.977582	0.969896	184	15	50	475.65
-2.356194	2.396274	-1.959260	162	32	38	475.65
0.000000	2.863997	0.549740	187	166	11	475.64
-2.356194	2.456751	-1.503343	168	38	38	475.62
0.261799	1.135834	-1.431087	177	13	56	475.62
0.785398	1.948085	-2.363031	7	18	45	475.61
1.570796	1.242974	-2.977882	186	21	38	475.59
-2.094395	1.741644	-2.695914	163	12	43	475.58
0.785398	2.407836	1.410646	186	11	53	475.58
-0.523599	2.881233	-2.582574	172	38	39	475.57
-3.141593	1.875281	0.107086	162	8	40	475.57
0.000000	0.370812	-2.547742	3	26	49	475.56
2.617994	0.831641	0.616218	162	15	38	475.54
2.094395	2.041297	-2.664597	180	188	30	475.51
0.785398	2.174483	2.653697	163	6	44	475.51
-2.356194	2.637879	2.121598	182	28	42	475.50
1.570796	1.135813	-2.658866	181	30	44	475.50
0.523599	2.592629	0.909713	184	170	15	475.47
-0.785398	1.766067	2.153843	176	27	48	475.45
-2.356194	1.218453	2.777284	164	19	35	475.42
0.523599	2.456751	-1.503343	186	191	37	475.41
-0.785398	2.456751	-1.503343	165	5	38	475.41
1.308997	2.001437	0.381215	182	24	36	475.33
-2.617994	1.909857	-0.381669	186	29	34	475.25
-0.785398	2.724429	-0.348782	161	29	25	475.23
2.356194	0.379747	-1.713059	169	7	49	475.22
-2.094395	1.113094	-0.272241	183	39	41	475.12
1.047198	2.664082	-1.071402	179	16	31	475.06
2.094395	1.506530	1.988858	40	169	185	475.05
-3.141593	1.450119	-2.739050	163	28	45	475.03
-2.879793	2.063651	-2.044600	173	27	36	474.97
-1.308997	2.979456	-1.009304	161	28	25	474.95
0.261799	1.812176	0.656819	191	24	48	474.94
-3.141593	1.301460	-0.509251	1	28	41	474.93
0.000000	1.812176	0.656819	0	22	47	474.92
2.879793	1.135834	-1.431087	45	180	184	474.92
0.261799	0.992645	-1.723759	182	19	57	474.89
1.308997	1.506530	1.988858	166	9	48	474.87
0.261799	2.073035	2.027405	171	15	54	474.83
-2.094395	0.700570	1.559208	160	27	31	474.82
-2.879793	1.025536	1.576859	33	2	164	474.81
1.832596	1.909857	-0.381669	164	33	31	474.81
1.308997	1.194549	-0.801900	183	191	48	474.81
2.094395	0.850607	-1.335383	181	7	50	474.78
2.879793	0.961715	0.014085	162	10	31	474.77
-2.094395	2.455966	-0.641220	185	0	36	474.72
-3.141593	1.417623	-0.202254	167	16	33	474.69
0.523599	1.014500	0.906702	184	18	36	474.68
2.617994	0.685216	-1.712745	39	171	3	474.67
-2.879793	1.184361	0.625864	169	187	37	474.66
-1.570796	1.510910	-0.740472	171	33	45	474.65
0.000000	1.909857	-0.381669	161	3	32	474.62
0.000000	0.618092	2.539118	167	23	31	474.61
-2.094395	1.904882	-1.478089	169	27	42	474.58
0.523599	1.184361	0.625864	186	38	43	474.57
1.047198	2.180315	-1.357379	181	17	33	474.55
-0.523599	0.899350	-2.069907	185	16	53	474.49
-3.141593	2.579248	-2.364801	191	189	31	474.49
-1.570796	2.760637	2.781135	178	28	37	474.42
-1.570796	1.310100	1.488307	186	20	45	474.42
-0.261799	1.872854	1.543456	181	22	56	474.42
0.523599	0.496451	0.593859	175	185	33	474.41
-0.261799	1.134796	2.434290	169	32	40	474.40
-1.832596	1.134796	2.434290	173	15	34	474.39
-0.261799	2.404280	-0.174044	161	18	26	474.37
-0.785398	1.662363	0.915448	189	18	49	474.36
2.617994	0.615174	-0.666022	187	13	42	474.35
0.261799	1.824694	1.850876	172	19	52	474.34
-2.879793	1.450119	-2.739050	161	23	43	474.22
1.047198	1.506530	1.988858	164	14	48	474.21
-1.047198	1.909857	-0.381669	159	27	32	474.17
2.617994	2.455966	-0.641220	160	14	35	474.16
-2.094395	1.113094	-0.272241	38	158	168	474.12
-1.047198	2.247462	0.191623	190	3	42	474.11
-0.261799	0.850607	-1.335383	174	21	53	474.07
1.308997	1.134497	-1.109631	179	5	50	474.07
-2.094395	0.419640	2.974122	165	1	39	474.06
2.356194	1.135834	-1.431087	185	15	53	473.98
2.617994	1.218453	2.777284	180	14	31	473.97
-2.617994	1.510910	-0.740472	184	29	39	473.96
-0.785398	1.904882	-1.478089	164	7	44	473.94
-1.570796	0.370812	-2.547742	186	7	49	473.92
-1.832596	2.393226	1.857173	177	20	42	473.89
-1.308997	1.998705	2.370472	178	31	46	473.88
-1.308997	1.909857	-0.381669	164	33	34	473.87
-2.617994	2.356369	3.005869	164	19	30	473.86
2.879793	1.948085	-2.363031	176	27	36	473.86
1.570796	2.104282	-0.813972	156	191	184	473.80
1.308997	2.138223	1.678323	182	10	52	473.78
-0.523599	1.696674	-1.253233	165	9	48	473.75
-2.879793	0.591903	2.010408	165	33	35	473.72
1.570796	1.242974	-2.977882	185	33	42	473.71
0.261799	2.073035	2.027405	168	15	51	473.70
2.879793	2.407836	1.410646	180	24	54	473.70
-1.832596	2.001437	0.381215	180	189	43	473.68
-2.356194	1.510910	-0.740472	183	37	44	473.67
-1.308997	1.488617	1.159546	184	14	41	473.66
-0.261799	1.606104	-0.451151	158	10	37	473.64
2.356194	1.506530	1.988858	180	6	52	473.63
-2.094395	1.128190	-2.288622	174	9	53	473.60
2.356194	1.214854	-1.966664	177	25	53	473.58
0.523599	1.875281	0.107086	1	31	40	473.56
-0.261799	0.685216	-1.712745	180	24	53	473.52
-2.094395	0.831641	0.616218	184	187	34	473.46
-3.141593	2.356369	3.005869	163	24	27	473.46
1.570796	2.588535	-2.976617	182	16	34	473.44
0.261799	1.325504	-1.671296	183	11	56	473.44
1.832596	1.135813	-2.658866	179	29	44	473.41
-2.356194	0.864993	2.278281	160	21	33	473.38
0.261799	2.456751	-1.503343	181	191	37	473.37
0.523599	1.869911	2.701025	4	23	30	473.34
-0.785398	1.732874	-0.951685	161	16	44	473.33
2.094395	2.664082	-1.071402	158	18	36	473.28
1.047198	1.214854	-1.966664	190	23	56	473.20
1.832596	1.510910	-0.740472	165	31	20	473.17
0.261799	2.881233	-2.582574	162	29	43	473.17
0.523599	2.104282	-0.813972	185	25	31	473.17
-2.094395	2.407836	1.410646	176	22	57	473.16
2.879793	2.881233	-2.582574	191	190	39	473.06
0.000000	1.736875	3.023612	46	172	189	473.05
-1.832596	2.664082	-1.071402	166	38	31	473.01
0.261799	0.418037	1.360082	182	191	35	472.99
-1.308997	1.824694	1.850876	184	25	54	472.97
0.000000	1.335669	0.897240	187	23	42	472.95
-1.832596	2.299159	2.264663	179	31	47	472.95
-3.141593	0.203748	0.590255	172	9	32	472.93
-2.617994	1.128190	-2.288622	173	18	54	472.92
1.047198	2.979456	-1.009304	186	189	22	472.91
2.094395	0.418037	1.360082	162	10	34	472.91
1.832596	1.168678	2.108595	168	4	46	472.90
-2.094395	1.135813	-2.658866	169	5	47	472.89
1.308997	2.180315	-1.357379	182	18	34	472.88
2.879793	1.756530	-2.105156	180	24	39	472.87
-1.308997	2.247462	0.191623	186	1	42	472.86
0.523599	0.733948	3.021411	162	15	30	472.81
1.832596	0.992645	-1.723759	178	17	54	472.81
-0.785398	1.014500	0.906702	166	13	30	472.80
2.094395	2.138223	1.678323	183	14	55	472.78
0.785398	2.041297	-2.664597	4	19	39	472.77
2.617994	1.448123	-2.163292	177	30	52	472.76
-1.047198	1.732874	-0.951685	161	21	43	472.75
-0.261799	2.247462	0.191623	9	18	46	472.66
-2.356194	1.606104	-0.451151	175	188	28	472.65
-2.094395	0.458961	-0.107937	181	17	36	472.63
-0.523599	2.396274	-1.959260	174	0	39	472.62
-2.094395	2.456751	-1.503343	164	35	37	472.61
1.832596	2.455966	-0.641220	162	32	36	472.60
-3.141593	1.218453	2.777284	164	32	36	472.57
0.261799	1.194549	-0.801900	168	6	48	472.56
2.879793	1.504028	0.636812	165	10	47	472.55
1.570796	1.721184	-0.153948	169	36	33	472.54
-2.094395	1.391910	3.030322	185	24	35	472.47
0.785398	2.396274	-1.959260	160	29	29	472.46
-1.047198	1.214854	-1.966664	177	11	53	472.43
-1.308997	1.135813	-2.658866	183	6	50	472.37
-0.261799	2.379497	0.561089	11	18	50	472.35
-2.617994	1.135813	-2.658866	168	18	50	472.29
0.523599	2.478122	2.609777	163	7	45	472.26
-0.785398	1.325504	-1.671296	173	13	52	472.25
-1.308997	0.080730	-2.622036	181	15	38	472.22
2.356194	1.247695	1.809890	171	191	46	472.22
1.570796	2.396274	-1.959260	4	20	38	472.21
-2.356194	2.984978	1.954446	174	35	47	472.21
2.879793	0.618092	2.539118	24	187	0	472.20
-1.047198	2.089241	-0.114193	162	30	27	472.17
-1.047198	1.128190	-2.288622	182	6	51	472.15
2.094395	2.456751	-1.503343	162	13	30	472.13
-0.261799	2.863997	0.549740	1	4	47	472.11
-2.617994	2.174483	2.653697	191	23	41	472.11
1.047198	0.831641	0.616218	184	14	36	472.10
2.356194	2.588535	-2.976617	189	186	40	472.10
0.261799	1.870545	-2.976234	158	25	33	472.09
-0.261799	1.982574	-1.115518	164	2	40	472.06
-3.141593	0.640596	-2.797608	167	19	50	472.01
1.570796	1.194549	-0.801900	45	176	178	471.97
1.832596	2.664082	-1.071402	161	27	36	471.95
-0.785398	2.251330	-2.330739	178	19	34	471.90
-1.832596	1.555207	1.708892	190	18	51	471.89
-1.047198	1.433411	-1.035986	166	23	48	471.88
-2.356194	0.370812	-2.547742	179	1	50	471.83
-1.832596	2.637879	2.121598	175	24	39	471.83
2.879793	0.674054	1.013609	177	16	36	471.82
-0.785398	0.992645	-1.723759	179	18	54	471.82
2.356194	2.108018	1.311430	176	20	54	471.73
2.094395	1.413430	2.550734	177	185	40	471.72
2.356194	0.910508	1.903534	170	187	38	471.70
-2.094395	2.719179	-1.780644	162	30	32	471.69
-1.570796	1.113094	-0.272241	184	0	27	471.66
-0.523599	1.875281	0.107086	156	19	22	471.65
0.261799	0.591903	2.010408	181	12	33	471.62
0.785398	2.719179	-1.780644	163	36	36	471.60
2.094395	1.545873	-1.877082	189	25	53	471.57
2.356194	1.721184	-0.153948	157	22	28	471.57
2.094395	2.089241	-0.114193	23	184	188	471.53
-1.832596	2.724429	-0.348782	180	189	39	471.51
1.047198	2.063651	-2.044600	161	22	22	471.49
2.879793	2.349581	-2.702517	173	34	36	471.49
2.879793	1.413347	-1.339188	189	19	46	471.47
-2.356194	0.733948	3.021411	162	7	41	471.45
2.356194	2.089241	-0.114193	160	25	38	471.44
1.308997	1.766067	2.153843	170	5	49	471.38
-3.141593	0.591903	2.010408	170	31	33	471.35
-2.094395	2.073035	2.027405	183	21	43	471.34
2.356194	2.393226	1.857173	188	16	49	471.32
0.000000	1.025536	1.576859	177	36	45	471.29
0.523599	2.704512	1.488683	186	4	50	471.26
2.617994	2.455966	-0.641220	161	17	35	471.25
2.879793	2.719179	-1.780644	183	15	33	471.22
-0.261799	1.391910	3.030322	186	161	1	471.20
2.617994	1.599406	1.426070	39	176	183	471.19
1.308997	1.433411	-1.035986	188	2	50	471.19
-1.832596	2.180315	-1.357379	32	179	185	471.12
-0.261799	1.696674	-1.253233	169	5	47	471.12
1.047198	1.391910	3.030322	181	17	35	471.12
0.261799	2.180315	-1.357379	186	28	29	471.11
2.617994	1.741644	-2.695914	185	9	28	471.09
0.785398	2.073035	2.027405	172	9	51	471.06
0.261799	1.836682	-0.676006	54	3	168	471.05
-1.570796	1.982574	-1.115518	164	27	43	471.00
2.879793	1.195355	1.200319	169	191	44	471.00
2.617994	1.555207	1.708892	177	3	51	471.00
0.785398	0.831641	0.616218	185	17	36	470.98
1.047198	2.863997	0.549740	190	25	39	470.98
-1.308997	2.089241	-0.114193	177	15	30	470.97
-1.047198	2.404280	-0.174044	5	6	42	470.95
-2.879793	2.299159	2.264663	3	21	52	470.92
2.879793	2.299159	2.264663	4	14	52	470.91
-2.617994	1.214854	-1.966664	177	21	56	470.89
-0.785398	1.488617	1.159546	189	19	49	470.86
0.785398	1.242974	-2.977882	5	24	43	470.85
1.570796	0.914445	2.687814	191	30	37	470.76
1.832596	2.455966	-0.641220	23	185	187	470.75
-2.617994	1.367556	0.358405	179	13	38	470.74
-0.785398	2.704512	1.488683	171	5	49	470.71
0.785398	2.115563	0.685730	191	29	52	470.71
-1.047198	1.325504	-1.671296	172	15	53	470.69
-1.308997	1.184361	0.625864	164	22	26	470.69
-2.879793	2.719179	-1.780644	185	187	30	470.69
2.094395	0.615174	-0.666022	46	170	182	470.67
1.047198	2.719179	-1.780644	161	30	36	470.65
-0.523599	0.914445	2.687814	170	36	35	470.63
-2.094395	1.869911	2.701025	3	31	43	470.63
-2.094395	1.510910	-0.740472	179	37	43	470.58
-1.047198	1.195355	1.200319	190	19	44	470.55
2.879793	2.579248	-2.364801	175	31	31	470.54
0.000000	0.418037	1.360082	182	19	37	470.52
1.308997	1.310100	1.488307	166	26	51	470.48
-1.047198	1.433411	-1.035986	164	23	47	470.41
-1.308997	2.404280	-0.174044	177	15	28	470.34
0.000000	2.579248	-2.364801	180	11	30	470.32
2.094395	2.664082	-1.071402	163	24	35	470.22
-0.261799	2.664082	-1.071402	180	18	32	470.21
1.047198	2.719179	-1.780644	160	29	36	470.21
1.308997	1.875281	0.107086	181	25	35	470.19
2.617994	0.866395	-2.492918	166	24	49	470.19
2.617994	0.961715	0.014085	164	21	32	470.15
-1.832596	2.089241	-0.114193	183	189	40	470.14
0.261799	2.579248	-2.364801	161	32	33	470.13
0.785398	1.413430	2.550734	159	15	43	470.06
-1.047198	1.699788	2.452890	178	33	44	470.04
0.523599	0.080730	-2.622036	182	22	39	470.02
-0.523599	1.909857	-0.381669	157	15	31	469.98
-2.879793	2.592629	0.909713	170	27	53	469.98
2.617994	1.846342	-1.796954	187	23	40	469.95
0.000000	1.256302	0.062705	159	4	29	469.94
2.094395	2.295480	1.008277	176	28	52	469.92
-2.617994	2.349581	-2.702517	158	24	33	469.87
2.879793	1.184361	0.625864	164	7	43	469.87
2.094395	1.506530	1.988858	173	1	48	469.79
2.094395	0.866955	-0.931351	46	172	185	469.78
0.523599	2.115563	0.685730	1	26	52	469.77
-1.047198	1.510910	-0.740472	164	26	44	469.76
1.308997	0.496451	0.593859	184	17	38	469.75
2.879793	1.135813	-2.658866	166	27	48	469.73
1.047198	2.984978	1.954446	187	0	42	469.71
0.261799	0.762244	-0.273349	179	17	39	469.69
-0.785398	0.914445	2.687814	184	1	38	469.68
0.523599	0.929350	-2.910676	184	18	39	469.67
-1.570796	2.187132	-0.479875	177	16	30	469.65
2.617994	2.343981	-1.040456	186	21	33	469.62
0.523599	2.115563	0.685730	3	27	52	469.59
-2.617994	2.664082	-1.071402	184	13	33	469.58
-0.523599	1.391910	3.030322	170	38	34	469.56
0.785398	1.413430	2.550734	159	13	41	469.53
0.261799	2.041297	-2.664597	159	28	29	469.53
0.785398	1.168678	2.108595	159	20	42	469.53
2.094395	2.456751	-1.503343	162	14	30	469.49
-0.261799	2.164094	-2.991358	164	34	36	469.49
-2.356194	2.001437	0.381215	174	2	47	469.47
2.094395	1.135813	-2.658866	176	28	44	469.43
-2.617994	0.619654	-2.216909	178	6	53	469.35
-2.617994	2.704512	1.488683	176	33	54	469.31
-1.047198	1.242974	-2.977882	185	0	45	469.28
1.308997	2.984978	1.954446	7	6	49	469.25
0.785398	1.836682	-0.676006	33	8	182	469.18
-0.261799	0.619654	-2.216909	189	22	52	469.18
2.617994	2.407836	1.410646	182	24	54	469.17
1.832596	0.591903	2.010408	167	6	37	469.16
1.308997	1.391910	3.030322	159	162	188	469.14
1.832596	2.979456	-1.009304	163	30	42	469.12
0.261799	1.025536	1.576859	182	15	35	469.11
-0.261799	1.846342	-1.796954	177	191	46	469.11
-0.523599	0.571433	-1.188419	177	30	53	469.10
-1.047198	0.831641	0.616218	160	18	32	469.09
-2.617994	1.756530	-2.105156	168	29	50	469.09
2.617994	2.174483	2.653697	4	2	46	469.09
2.094395	1.977582	0.969896	170	25	52	469.08
2.094395	2.704512	1.488683	190	23	48	469.05
2.356194	2.187132	-0.479875	149	180	190	469.04
-1.832596	0.960688	-0.577532	40	160	162	469.04
-2.094395	1.325504	-1.671296	178	22	57	468.93
-2.879793	0.615174	-0.666022	2	22	47	468.92
-0.523599	1.683268	0.374177	4	17	43	468.89
-2.879793	2.379497	0.561089	167	16	50	468.88
-3.141593	1.301460	-0.509251	2	28	41	468.80
0.000000	1.554776	0.100351	189	21	35	468.79
1.308997	1.574060	2.783565	181	15	37	468.78
0.785398	1.606104	-0.451151	184	13	36	468.76
-1.047198	0.929350	-2.910676	35	3	163	468.76
-1.308997	2.724429	-0.348782	165	34	22	468.71
0.785398	1.113094	-0.272241	172	187	38	468.69
0.785398	1.417623	-0.202254	182	12	36	468.67
1.570796	1.218453	2.777284	182	14	37	468.65
-0.261799	2.295480	1.008277	185	10	51	468.63
-0.523599	2.063651	-2.044600	175	188	41	468.62
0.261799	2.295480	1.008277	190	16	54	468.60
1.047198	1.391910	3.030322	1	27	36	468.52
2.617994	1.662363	0.915448	168	16	53	468.50
-1.570796	1.977582	0.969896	182	6	52	468.48
0.261799	1.658653	-2.409879	183	13	38	468.41
1.832596	2.001437	0.381215	168	34	45	468.39
2.356194	1.977582	0.969896	169	22	52	468.34
0.000000	1.741644	-2.695914	181	12	35	468.33
-1.308997	0.297065	2.160177	171	1	42	468.30
0.261799	1.741644	-2.695914	160	29	26	468.26
-1.570796	2.760637	2.781135	179	36	44	468.22
2.356194	1.869911	2.701025	189	187	43	468.22
2.879793	2.089241	-0.114193	160	14	38	468.17
-1.308997	1.812176	0.656819	187	7	48	468.10
2.094395	2.393226	1.857173	190	13	53	468.05
-3.141593	0.992645	-1.723759	42	178	0	468.03
-2.094395	1.014500	0.906702	189	191	42	467.98
2.617994	1.194549	-0.801900	189	18	42	467.98
-2.617994	1.741644	-2.695914	160	22	42	467.97
-2.094395	0.419640	2.974122	170	4	45	467.96
2.356194	0.960688	-0.577532	175	24	29	467.95
-0.523599	1.391910	3.030322	170	37	34	467.92
-1.570796	0.906588	1.252948	159	21	27	467.91
1.832596	1.506530	1.988858	38	170	186	467.82
2.356194	1.325504	-1.671296	183	22	53	467.80
0.523599	1.440580	2.260026	160	20	43	467.75
-2.617994	0.866395	-2.492918	168	8	48	467.71
-1.570796	2.664082	-1.071402	162	31	31	467.69
1.047198	0.640596	-2.797608	187	32	48	467.69
0.000000	1.948085	-2.363031	0	6	45	467.65
-3.141593	2.404280	-0.174044	162	11	41	467.60
0.000000	1.391910	3.030322	161	23	30	467.60
-2.094395	0.418037	1.360082	159	28	33	467.59
1.047198	1.504028	0.636812	180	22	34	467.58
0.261799	1.195355	1.200319	180	34	47	467.53
-0.261799	1.658653	-2.409879	45	170	181	467.51
-2.356194	1.662363	0.915448	174	164	16	467.51
-0.785398	1.909857	-0.381669	157	21	31	467.50
1.047198	2.863997	0.549740	0	23	40	467.50
-2.356194	1.766067	2.153843	189	23	48	467.45
0.261799	0.910508	1.903534	181	11	31	467.45
0.523599	1.506530	1.988858	165	22	49	467.44
-1.308997	0.960688	-0.577532	175	20	38	467.44
2.879793	1.134796	2.434290	179	20	36	467.40
-1.308997	0.992645	-1.723759	179	18	54	467.35
-0.785398	2.396274	-1.959260	1	37	28	467.34
2.617994	2.251330	-2.330739	182	35	39	467.34
0.523599	0.906588	1.252948	183	13	35	467.34
-1.832596	2.180315	-1.357379	164	26	36	467.34
-1.047198	0.831641	0.616218	159	19	32	467.32
-0.261799	2.247462	0.191623	8	17	46	467.32
-1.832596	1.846342	-1.796954	168	24	50	467.31
0.785398	0.864993	2.278281	157	18	35	467.31
-2.094395	0.674054	1.013609	165	31	29	467.30
-0.261799	0.929350	-2.910676	8	11	48	467.29
-1.047198	1.569311	-3.003978	180	43	30	467.27
-1.832596	0.458961	-0.107937	176	24	37	467.26
1.047198	1.325504	-1.671296	183	11	49	467.19
2.094395	1.756530	-2.105156	189	25	46	467.18
2.879793	1.504028	0.636812	165	11	47	467.18
-1.570796	0.733948	3.021411	179	14	40	467.16
1.570796	1.606104	-0.451151	189	190	32	467.16
-1.308997	2.393226	1.857173	171	21	52	467.14
2.094395	0.866955	-0.931351	46	173	186	467.14
2.879793	1.214854	-1.966664	175	22	53	467.12
-1.047198	1.168678	2.108595	184	34	44	467.10
0.523599	2.033014	2.977192	158	14	39	467.07
-0.785398	1.662363	0.915448	190	18	50	467.07
1.308997	0.762244	-0.273349	185	1	44	467.00
0.785398	1.194549	-0.801900	171	2	46	467.00
2.356194	2.247462	0.191623	163	28	45	466.99
2.617994	1.683268	0.374177	158	16	39	466.91
0.000000	1.824694	1.850876	175	24	55	466.91
-2.879793	1.135834	-1.431087	190	26	56	466.87
-2.879793	1.756530	-2.105156	173	34	50	466.86
-0.523599	2.587733	0.232235	4	8	47	466.85
-2.879793	0.418037	1.360082	183	186	32	466.81
-1.832596	0.379747	-1.713059	189	14	47	466.76
-1.832596	1.433411	-1.035986	175	22	38	466.75
-0.785398	0.960688	-0.577532	164	26	46	466.74
-0.261799	1.134796	2.434290	170	31	40	466.73
-0.523599	1.569311	-3.003978	170	39	30	466.73
-0.261799	2.704512	1.488683	43	180	167	466.70
-2.356194	0.914445	2.687814	162	17	38	466.68
2.356194	1.184361	0.625864	157	16	38	466.67
2.094395	1.658653	-2.409879	183	29	44	466.60
-0.785398	1.977582	0.969896	186	14	52	466.59
2.094395	2.704512	1.488683	190	26	51	466.58
0.785398	0.080730	-2.622036	178	24	39	466.58
1.308997	0.591903	2.010408	160	13	36	466.56
0.785398	0.906588	1.252948	183	12	33	466.49
0.261799	1.335669	0.897240	186	34	48	466.46
1.832596	1.506530	1.988858	172	9	52	466.45
-2.094395	1.870545	-2.976234	162	9	38	466.41
2.879793	2.299159	2.264663	44	182	175	466.39
-0.523599	2.138223	1.678323	176	18	56	466.39
-2.094395	1.809167	1.213774	164	172	167	466.37
2.617994	1.242974	-2.977882	30	181	190	466.26
-2.094395	0.906588	1.252948	163	30	27	466.21
0.000000	2.073035	2.027405	170	18	54	466.20
-2.094395	1.440580	2.260026	1	24	45	466.14
-0.523599	1.741644	-2.695914	188	188	41	466.13
-1.308997	1.195355	1.200319	187	16	41	465.97
1.832596	2.407836	1.410646	185	22	54	465.96
1.047198	2.637879	2.121598	185	2	52	465.93
-0.523599	0.850607	-1.335383	174	23	53	465.87
-1.832596	1.617114	-1.572037	172	24	54	465.86
1.570796	1.812176	0.656819	175	37	50	465.85
1.047198	0.961715	0.014085	182	191	38	465.85
1.047198	0.615174	-0.666022	169	2	45	465.81
-0.523599	0.618092	2.539118	188	1	40	465.80
0.523599	2.063651	-2.044600	163	31	22	465.78
-2.356194	1.184361	0.625864	182	24	35	465.77
2.094395	0.899350	-2.069907	181	16	37	465.76
0.785398	0.709924	0.218797	186	32	33	465.74
-1.832596	0.850607	-1.335383	182	22	49	465.73
1.832596	2.579248	-2.364801	2	29	34	465.73
0.523599	0.458961	-0.107937	165	1	41	465.73
0.785398	0.591903	2.010408	158	25	35	465.72
-1.832596	1.554776	0.100351	180	0	36	465.70
2.094395	0.418037	1.360082	158	7	27	465.68
-0.261799	1.574060	2.783565	164	28	37	465.68
0.000000	1.256302	0.062705	176	14	35	465.67
-1.832596	1.195355	1.200319	164	24	21	465.63
0.523599	1.247695	1.809890	166	27	47	465.55
0.523599	2.001437	0.381215	190	25	41	465.54
-2.094395	2.478122	2.609777	185	29	40	465.52
-0.261799	1.721184	-0.153948	158	10	29	465.50
-2.617994	1.696674	-1.253233	182	32	47	465.49
-2.094395	0.685216	-1.712745	36	184	165	465.47
-0.261799	2.356369	3.005869	162	29	42	465.47
-1.832596	1.433411	-1.035986	174	30	47	465.32
2.356194	2.349581	-2.702517	179	30	32	465.30
-3.141593	0.370812	-2.547742	164	8	45	465.27
-1.308997	1.658653	-2.409879	173	5	49	465.24
1.832596	2.299159	2.264663	185	2	47	465.23
0.000000	1.504028	0.636812	185	22	38	465.21
-1.570796	1.413347	-1.339188	174	18	37	465.19
1.308997	1.699788	2.452890	167	2	43	465.13
-1.570796	1.982574	-1.115518	165	24	35	465.11
2.617994	1.367556	0.358405	156	14	35	465.10
2.356194	1.256302	0.062705	157	22	28	465.09
-1.832596	1.555207	1.708892	191	20	54	465.09
-0.261799	2.041297	-2.664597	167	38	29	465.06
2.879793	0.458961	-0.107937	184	20	38	465.05
-2.879793	1.413347	-1.339188	181	24	42	465.04
-1.832596	1.510910	-0.740472	175	35	44	465.00
1.570796	1.606104	-0.451151	173	36	30	464.98
-1.832596	1.014500	0.906702	164	28	23	464.94
2.094395	1.617114	-1.572037	190	23	51	464.93
0.523599	2.247462	0.191623	191	27	39	464.93
1.832596	2.033014	2.977192	184	21	35	464.92
1.570796	2.247462	0.191623	173	37	41	464.91
2.356194	2.356369	3.005869	176	28	29	464.89
-0.785398	0.914445	2.687814	171	171	0	464.83
1.047198	0.831641	0.616218	188	0	32	464.81
1.308997	1.025536	1.576859	162	23	46	464.74
2.879793	1.574060	2.783565	167	30	32	464.73
-0.785398	1.809167	1.213774	183	14	46	464.73
2.879793	1.050534	3.042579	166	25	37	464.72
0.785398	1.683268	0.374177	184	33	41	464.70
0.523599	0.929350	-2.910676	4	22	46	464.69
0.785398	0.203748	0.590255	29	3	187	464.67
0.261799	2.863997	0.549740	12	17	49	464.63
2.879793	2.251330	-2.330739	184	12	30	464.61
2.617994	2.393226	1.857173	189	19	54	464.58
1.570796	2.299159	2.264663	181	1	47	464.56
-1.832596	0.929350	-2.910676	174	3	47	464.51
-1.308997	1.554776	0.100351	189	2	35	464.49
1.570796	2.108018	1.311430	183	16	39	464.48
-1.832596	2.247462	0.191623	181	186	42	464.48
0.000000	1.696674	-1.253233	172	2	47	464.47
1.832596	0.615174	-0.666022	183	190	46	464.43
0.261799	1.824694	1.850876	174	23	55	464.40
2.879793	1.256302	0.062705	9	31	34	464.36
-2.356194	0.910508	1.903534	161	26	29	464.35
1.047198	2.343981	-1.040456	188	191	36	464.27
1.832596	2.592629	0.909713	185	29	49	464.24
-2.879793	1.440580	2.260026	177	19	34	464.23
2.356194	1.194549	-0.801900	163	25	16	464.14
-2.617994	1.045978	0.343692	180	19	34	464.09
1.308997	1.194549	-0.801900	182	191	46	464.04
-2.356194	0.203748	0.590255	178	20	36	464.04
0.261799	1.417623	-0.202254	187	24	32	464.02
-1.832596	1.998705	2.370472	187	32	50	464.00
-2.094395	1.948085	-2.363031	161	18	44	463.99
-3.141593	2.001437	0.381215	163	10	46	463.99
-2.879793	1.374601	-2.456031	166	23	50	463.95
0.000000	1.440580	2.260026	168	25	45	463.95
-2.094395	0.700570	1.559208	159	24	27	463.93
-2.094395	2.153910	-1.714959	166	25	35	463.92
-3.141593	2.379497	0.561089	166	22	51	463.91
-1.308997	1.510910	-0.740472	165	30	43	463.91
-1.047198	1.113094	-0.272241	165	31	41	463.85
-2.356194	1.128190	-2.288622	172	12	53	463.81
-0.261799	0.379747	-1.713059	30	1	13	463.79
-2.879793	0.899350	-2.069907	174	11	53	463.75
2.879793	1.391910	3.030322	167	35	38	463.74
-1.047198	1.184361	0.625864	4	13	43	463.74
1.570796	1.448123	-2.163292	187	22	48	463.71
-1.047198	0.733948	3.021411	172	172	2	463.69
1.832596	2.637879	2.121598	1	5	47	463.68
2.094395	2.299159	2.264663	190	3	48	463.67
0.261799	0.929350	-2.910676	4	18	46	463.64
1.308997	1.606104	-0.451151	187	16	36	463.63
-2.617994	2.247462	0.191623	168	5	45	463.62
0.000000	1.569311	-3.003978	161	23	26	463.60
-2.879793	1.909857	-0.381669	167	0	30	463.50
-1.047198	1.875281	0.107086	165	22	23	463.49
0.261799	2.174483	2.653697	160	16	45	463.48
2.879793	1.413430	2.550734	168	33	30	463.45
-3.141593	0.458961	-0.107937	184	21	39	463.43
-2.094395	2.979456	-1.009304	187	190	40	463.41
-2.879793	2.455966	-0.641220	187	29	32	463.39
-1.832596	2.299159	2.264663	181	27	44	463.39
0.523599	1.135813	-2.658866	191	18	44	463.38
0.785398	1.113094	-0.272241	189	31	31	463.37
2.356194	2.719179	-1.780644	187	28	31	463.37
-1.570796	0.762244	-0.273349	28	170	184	463.34
-2.356194	1.870545	-2.976234	158	14	36	463.29
1.308997	1.242974	-2.977882	188	22	39	463.24
0.523599	1.699788	2.452890	162	18	47	463.23
1.047198	1.247695	1.809890	160	20	45	463.19
1.308997	2.089241	-0.114193	181	26	34	463.19
2.879793	2.247462	0.191623	160	16	44	463.18
0.523599	1.510910	-0.740472	173	189	43	463.17
-2.356194	1.909857	-0.381669	172	189	31	463.13
-1.570796	1.134497	-1.109631	177	22	42	463.11
0.785398	1.555207	1.708892	170	22	52	463.09
-3.141593	2.881233	-2.582574	4	2	40	463.08
-0.523599	2.089241	-0.114193	157	18	24	463.05
1.308997	2.073035	2.027405	177	6	52	463.02
1.308997	0.850607	-1.335383	175	8	49	463.02
-0.785398	2.138223	1.678323	38	176	187	462.96
0.523599	2.984978	1.954446	183	189	48	462.90
1.832596	1.510910	-0.740472	5	3	45	462.89
0.000000	0.379747	-1.713059	178	26	44	462.82
-0.523599	1.869911	2.701025	168	29	41	462.81
-2.617994	2.592629	0.909713	168	19	53	462.81
2.094395	1.168678	2.108595	172	1	46	462.80
2.356194	2.760637	2.781135	2	2	42	462.79
0.523599	0.674054	1.013609	184	184	26	462.76
2.617994	1.433411	-1.035986	1	16	44	462.75
-3.141593	0.850607	-1.335383	45	178	183	462.75
-2.617994	0.700570	1.559208	176	17	32	462.75
-2.356194	1.736875	3.023612	158	12	32	462.74
-2.617994	1.256302	0.062705	188	33	35	462.73
2.094395	0.850607	-1.335383	180	8	52	462.72
0.000000	1.242974	-2.977882	161	22	25	462.71
0.261799	0.203748	0.590255	169	189	39	462.69
1.308997	0.591903	2.010408	158	13	35	462.67
0.261799	2.592629	0.909713	0	10	50	462.65
-2.094395	0.674054	1.013609	164	32	28	462.62
-0.523599	0.496451	0.593859	2	24	34	462.58
2.879793	2.587733	0.232235	163	23	47	462.57
-1.047198	0.733948	3.021411	173	172	2	462.54
2.094395	1.214854	-1.966664	181	24	55	462.50
2.356194	1.025536	1.576859	169	5	46	462.50
-2.617994	0.571433	-1.188419	187	17	47	462.49
-1.570796	1.448123	-2.163292	174	15	53	462.48
0.261799	2.001437	0.381215	9	32	47	462.42
1.308997	2.299159	2.264663	180	3	52	462.37
0.523599	1.741644	-2.695914	157	19	25	462.32
-3.141593	1.134796	2.434290	165	35	31	462.31
1.308997	0.850607	-1.335383	174	10	52	462.29
-0.785398	1.658653	-2.409879	183	5	48	462.20
1.308997	0.929350	-2.910676	184	31	42	462.20
1.308997	1.433411	-1.035986	185	2	47	462.15
2.356194	2.187132	-0.479875	146	177	188	462.14
1.570796	0.674054	1.013609	162	25	38	462.14
-2.094395	2.138223	1.678323	180	19	45	462.11
1.047198	2.356369	3.005869	185	21	35	462.08
-2.879793	1.413347	-1.339188	183	24	44	462.07
1.047198	1.977582	0.969896	184	26	54	462.06
-1.570796	1.195355	1.200319	188	14	43	462.04
1.047198	2.379497	0.561089	189	24	41	462.02
-1.570796	1.247695	1.809890	186	19	41	462.01
-2.356194	2.719179	-1.780644	164	35	32	461.97
-2.356194	1.195355	1.200319	186	2	47	461.95
-2.094395	1.194549	-0.801900	181	33	46	461.95
1.570796	0.864993	2.278281	162	5	38	461.94
2.879793	1.948085	-2.363031	36	165	178	461.93
-1.832596	1.367556	0.358405	183	2	40	461.93
-1.570796	0.733948	3.021411	186	28	34	461.86
2.617994	1.450119	-2.739050	173	28	43	461.86
-1.047198	1.194549	-0.801900	166	27	47	461.84
-0.785398	1.335669	0.897240	6	26	48	461.84
1.832596	2.724429	-0.348782	168	39	42	461.83
0.000000	1.134796	2.434290	166	28	40	461.80
-1.308997	1.982574	-1.115518	162	22	43	461.77
2.094395	2.587733	0.232235	174	27	37	461.76
1.308997	1.325504	-1.671296	185	13	53	461.74
2.879793	0.929350	-2.910676	162	27	45	461.74
-1.308997	2.104282	-0.813972	161	26	35	461.74
0.261799	2.407836	1.410646	181	9	51	461.72
0.261799	2.455966	-0.641220	191	28	34	461.72
-2.879793	2.881233	-2.582574	161	31	26	461.65
1.832596	2.407836	1.410646	185	21	52	461.60
0.523599	2.153910	-1.714959	181	19	34	461.57
2.879793	2.108018	1.311430	176	17	55	461.56
-1.308997	1.766067	2.153843	184	31	52	461.52
-1.047198	1.214854	-1.966664	178	10	53	461.51
-2.356194	2.187132	-0.479875	180	24	32	461.49
0.523599	2.164094	-2.991358	48	178	188	461.43
2.617994	2.033014	2.977192	4	189	40	461.43
-2.617994	2.138223	1.678323	180	19	43	461.43
2.356194	1.736875	3.023612	177	39	35	461.36
-0.261799	2.295480	1.008277	185	11	52	461.34
-3.141593	1.301460	-0.509251	2	27	41	461.33
-2.356194	1.374601	-2.456031	166	13	49	461.32
-1.570796	2.251330	-2.330739	164	9	39	461.32
0.000000	1.599406	1.426070	179	26	51	461.32
-2.879793	2.719179	-1.780644	175	32	31	461.30
-0.523599	1.998705	2.370472	170	29	50	461.28
2.356194	1.113094	-0.272241	164	27	29	461.27
-1.047198	1.310100	1.488307	185	23	45	461.27
1.832596	2.704512	1.488683	3	20	51	461.23
0.000000	1.872854	1.543456	177	21	54	461.23
1.570796	1.732874	-0.951685	180	15	29	461.18
0.000000	0.685216	-1.712745	179	24	53	461.17
1.832596	0.591903	2.010408	185	26	37	461.15
2.879793	0.700570	1.559208	174	184	34	461.11
-0.261799	1.554776	0.100351	156	11	25	461.09
1.308997	2.637879	2.121598	189	3	52	461.07
2.094395	2.664082	-1.071402	159	20	36	461.01
-2.356194	0.733948	3.021411	160	7	38	460.95
-2.617994	2.579248	-2.364801	161	30	33	460.95
-1.832596	1.488617	1.159546	189	8	52	460.89
0.785398	2.579248	-2.364801	161	27	34	460.87
-2.879793	1.977582	0.969896	176	16	55	460.86
1.570796	1.574060	2.783565	191	36	32	460.82
2.094395	1.554776	0.100351	160	28	34	460.82
1.047198	0.419640	2.974122	182	20	38	460.81
1.047198	0.419640	2.974122	183	24	39	460.80
-1.570796	1.194549	-0.801900	176	21	38	460.80
-0.523599	1.214854	-1.966664	183	11	56	460.76
2.879793	2.478122	2.609777	165	22	22	460.75
0.785398	2.579248	-2.364801	157	19	34	460.72
0.785398	2.115563	0.685730	188	22	43	460.72
-1.047198	1.391910	3.030322	180	30	35	460.69
1.570796	1.721184	-0.153948	175	174	189	460.67
-1.308997	2.115563	0.685730	182	7	50	460.67
2.094395	1.870545	-2.976234	185	20	34	460.67
0.000000	0.914445	2.687814	166	21	31	460.66
-0.785398	0.866395	-2.492918	1	10	53	460.65
-1.570796	1.367556	0.358405	188	4	41	460.62
0.261799	1.510910	-0.740472	169	1	44	460.61
2.356194	1.335669	0.897240	160	14	44	460.58
-1.047198	0.640596	-2.797608	170	27	25	460.57
0.261799	2.089241	-0.114193	167	8	28	460.55
0.523599	2.637879	2.121598	176	2	51	460.55
-1.832596	1.218453	2.777284	174	15	35	460.52
0.523599	2.356369	3.005869	159	11	41	460.48
0.261799	2.455966	-0.641220	41	10	190	460.46
1.832596	2.108018	1.311430	178	21	54	460.45
2.094395	2.379497	0.561089	180	20	34	460.34
0.000000	1.870545	-2.976234	161	24	29	460.34
-2.356194	1.554776	0.100351	176	188	38	460.33
2.617994	1.510910	-0.740472	189	23	39	460.30
0.261799	1.721184	-0.153948	163	191	28	460.29
2.617994	1.846342	-1.796954	188	26	45	460.28
-0.261799	0.203748	0.590255	165	10	43	460.27
-0.261799	2.108018	1.311430	179	15	51	460.26
-0.261799	1.247695	1.809890	176	26	43	460.25
0.261799	0.080730	-2.622036	3	36	47	460.23
2.879793	2.379497	0.561089	167	26	51	460.22
0.261799	0.379747	-1.713059	177	20	40	460.22
-1.308997	1.554776	0.100351	191	5	39	460.22
0.000000	0.685216	-1.712745	28	186	15	460.20
0.261799	1.448123	-2.163292	46	173	182	460.19
2.617994	2.299159	2.264663	1	10	49	460.18
-1.832596	0.419640	2.974122	170	189	39	460.18
-2.356194	2.379497	0.561089	171	9	51	460.12
-2.879793	1.699788	2.452890	173	20	30	460.06
2.094395	1.977582	0.969896	171	24	52	460.04
-1.832596	1.904882	-1.478089	168	29	49	460.03
-1.047198	1.448123	-2.163292	175	5	51	460.02
1.308997	1.599406	1.426070	18	183	15	459.96
2.879793	2.404280	-0.174044	160	15	40	459.95
1.047198	2.089241	-0.114193	183	36	37	459.94
-0.523599	1.488617	1.159546	188	22	49	459.87
-2.356194	1.606104	-0.451151	183	37	38	459.86
2.879793	0.370812	-2.547742	163	12	47	459.80
2.617994	1.450119	-2.739050	161	0	8	459.78
1.308997	1.433411	-1.035986	184	3	48	459.78
-1.832596	0.960688	-0.577532	180	26	40	459.66
-3.141593	2.073035	2.027405	1	19	57	459.64
0.261799	0.297065	2.160177	168	26	32	459.57
-1.832596	1.025536	1.576859	161	20	25	459.52
-1.308997	2.089241	-0.114193	165	190	185	459.52
0.261799	0.961715	0.014085	164	191	33	459.46
-1.047198	1.766067	2.153843	181	33	52	459.46
1.308997	1.504028	0.636812	178	23	36	459.43
-1.570796	1.194549	-0.801900	172	34	47	459.40
-3.141593	2.063651	-2.044600	176	28	38	459.36
0.785398	2.247462	0.191623	190	29	40	459.35
1.570796	2.719179	-1.780644	163	23	34	459.33
1.047198	2.984978	1.954446	187	191	41	459.32
0.000000	2.164094	-2.991358	160	29	36	459.28
0.523599	2.063651	-2.044600	0	3	42	459.25
-2.879793	2.881233	-2.582574	163	28	26	459.23
-2.094395	0.910508	1.903534	159	22	29	459.22
-1.832596	2.455966	-0.641220	187	188	34	459.17
-2.617994	1.909857	-0.381669	187	30	34	459.13
1.308997	2.089241	-0.114193	185	6	30	459.09
-1.570796	2.180315	-1.357379	163	27	43	459.04
-0.523599	2.724429	-0.348782	16	21	42	459.02
1.832596	0.418037	1.360082	157	12	30	459.01
2.094395	0.458961	-0.107937	173	33	30	459.00
0.785398	1.050534	3.042579	187	23	38	459.00
-2.356194	2.637879	2.121598	180	27	41	459.00
-1.832596	1.113094	-0.272241	178	17	34	458.99
-2.879793	0.850607	-1.335383	183	18	45	458.99
1.047198	1.869911	2.701025	163	4	43	458.94
2.356194	1.450119	-2.739050	178	25	37	458.94
-1.047198	1.545873	-1.877082	171	8	51	458.94
2.094395	1.824694	1.850876	177	7	53	458.93
1.308997	1.909857	-0.381669	26	6	187	458.89
-1.047198	2.343981	-1.040456	161	22	37	458.88
1.832596	1.014500	0.906702	162	26	43	458.87
0.523599	1.574060	2.783565	5	23	32	458.85
-3.141593	1.128190	-2.288622	168	20	50	458.84
1.570796	1.335669	0.897240	168	33	48	458.84
2.879793	1.168678	2.108595	189	189	45	458.80
0.000000	1.195355	1.200319	183	26	43	458.80
2.356194	0.866955	-0.931351	47	174	183	458.77
2.879793	0.910508	1.903534	184	190	43	458.73
-1.832596	0.203748	0.590255	169	30	37	458.72
1.832596	1.440580	2.260026	184	16	40	458.72
-2.879793	2.704512	1.488683	176	25	39	458.71
0.000000	1.696674	-1.253233	173	2	49	458.67
1.047198	2.984978	1.954446	36	190	163	458.58
0.000000	1.870545	-2.976234	162	34	33	458.53
-1.832596	1.869911	2.701025	185	27	38	458.48
-1.047198	1.135813	-2.658866	187	6	50	458.48
1.308997	0.914445	2.687814	174	11	36	458.47
-2.617994	1.766067	2.153843	183	19	39	458.43
-1.308997	2.295480	1.008277	179	6	53	458.43
0.261799	1.836682	-0.676006	169	189	37	458.42
-1.832596	1.301460	-0.509251	182	4	28	458.36
2.879793	2.041297	-2.664597	18	12	2	458.36
-2.617994	1.870545	-2.976234	157	20	36	458.32
-2.879793	1.617114	-1.572037	180	29	51	458.31
2.617994	2.187132	-0.479875	158	14	32	458.28
-3.141593	1.554776	0.100351	6	34	30	458.27
-2.879793	1.374601	-2.456031	167	23	51	458.25
-1.570796	1.504028	0.636812	188	7	46	458.25
-2.617994	1.391910	3.030322	157	17	35	458.23
1.570796	1.413347	-1.339188	187	11	52	458.21
2.617994	1.413430	2.550734	190	186	40	458.19
2.356194	1.195355	1.200319	169	16	48	458.14
1.832596	1.732874	-0.951685	183	17	34	458.13
-0.523599	1.977582	0.969896	187	13	50	458.13
0.785398	2.063651	-2.044600	4	10	45	458.12
-2.879793	0.203748	0.590255	187	27	39	458.11
-3.141593	0.591903	2.010408	168	34	33	458.09
2.617994	1.555207	1.708892	43	184	170	458.08
2.617994	2.180315	-1.357379	43	3	4	458.05
-0.261799	1.554776	0.100351	158	10	27	458.04
-2.879793	0.418037	1.360082	182	10	36	458.02
0.785398	2.174483	2.653697	164	5	42	458.01
-2.094395	2.153910	-1.714959	166	31	44	458.00
0.523599	1.948085	-2.363031	161	30	23	457.98
-0.785398	0.914445	2.687814	183	191	38	457.96
-3.141593	2.299159	2.264663	4	18	52	457.94
1.570796	1.413347	-1.339188	189	8	50	457.94
-2.356194	2.393226	1.857173	179	23	42	457.91
2.617994	1.569311	-3.003978	182	14	32	457.90
0.000000	1.128190	-2.288622	37	181	171	457.89
-0.261799	1.135813	-2.658866	2	6	48	457.88
0.785398	2.979456	-1.009304	181	189	25	457.88
1.308997	1.025536	1.576859	159	20	43	457.88
2.617994	1.766067	2.153843	187	2	51	457.78
-2.356194	1.696674	-1.253233	178	32	48	457.77
-0.523599	2.760637	2.781135	163	23	39	457.75
-2.356194	1.977582	0.969896	178	6	55	457.67
2.094395	1.168678	2.108595	185	28	34	457.66
1.570796	1.135834	-1.431087	183	10	52	457.60
1.570796	2.251330	-2.330739	184	19	35	457.58
-1.308997	1.721184	-0.153948	189	1	31	457.57
-2.356194	0.685216	-1.712745	189	12	56	457.56
1.308997	1.391910	3.030322	181	20	36	457.56
0.523599	0.370812	-2.547742	0	36	50	457.56
0.785398	1.846342	-1.796954	189	6	46	457.55
-2.356194	1.824694	1.850876	185	18	45	457.55
1.832596	1.325504	-1.671296	40	177	159	457.54
-1.047198	0.571433	-1.188419	182	23	47	457.54
-1.047198	1.510910	-0.740472	161	26	42	457.53
-3.141593	1.045978	0.343692	162	1	32	457.49
2.617994	1.736875	3.023612	180	149	181	457.43
2.617994	2.356369	3.005869	2	191	38	457.42
-2.356194	2.153910	-1.714959	168	34	44	457.41
2.617994	2.588535	-2.976617	190	190	36	457.34
-2.094395	0.864993	2.278281	164	19	34	457.32
-1.832596	0.203748	0.590255	168	31	36	457.27
2.356194	1.128190	-2.288622	174	28	52	457.27
-2.356194	1.699788	2.452890	187	22	40	457.20
1.047198	1.440580	2.260026	162	13	48	457.19
-2.879793	1.335669	0.897240	185	25	33	457.18
0.261799	1.488617	1.159546	41	166	161	457.16
0.261799	2.089241	-0.114193	173	12	30	457.09
2.617994	2.299159	2.264663	0	11	50	457.09
2.356194	2.180315	-1.357379	187	21	35	457.08
0.785398	1.325504	-1.671296	187	13	56	457.08
1.308997	2.343981	-1.040456	179	15	31	457.03
-2.879793	1.050534	3.042579	159	21	40	456.94
-2.879793	1.658653	-2.409879	169	31	49	456.84
-1.832596	1.045978	0.343692	186	0	37	456.83
0.261799	2.104282	-0.813972	52	5	169	456.77
0.261799	0.914445	2.687814	162	24	36	456.77
2.356194	1.732874	-0.951685	8	17	45	456.70
1.570796	1.836682	-0.676006	191	1	38	456.69
2.356194	0.960688	-0.577532	165	26	20	456.68
1.308997	1.440580	2.260026	165	4	41	456.63
-3.141593	1.367556	0.358405	4	34	29	456.57
-1.047198	1.756530	-2.105156	169	3	47	456.56
1.832596	1.875281	0.107086	164	34	35	456.55
2.879793	0.458961	-0.107937	60	182	181	456.54
2.617994	1.870545	-2.976234	174	35	38	456.52
0.523599	2.863997	0.549740	8	17	47	456.52
-2.094395	2.478122	2.609777	190	33	48	456.49
0.000000	1.135813	-2.658866	4	10	48	456.48
-1.308997	2.295480	1.008277	178	6	52	456.48
0.785398	1.391910	3.030322	181	18	36	456.48
0.261799	2.001437	0.381215	6	28	48	456.47
0.000000	2.592629	0.909713	189	8	50	456.47
1.308997	0.929350	-2.910676	187	27	42	456.43
-3.141593	2.349581	-2.702517	165	32	34	456.42
0.000000	1.599406	1.426070	178	26	50	456.39
1.832596	1.872854	1.543456	175	14	53	456.38
-0.523599	1.683268	0.374177	7	17	45	456.37
-2.617994	1.699788	2.452890	187	20	40	456.36
2.356194	1.014500	0.906702	164	19	43	456.36
0.261799	2.115563	0.685730	2	22	51	456.36
-2.356194	1.417623	-0.202254	176	21	33	456.36
-0.523599	2.174483	2.653697	168	31	47	456.34
0.000000	1.391910	3.030322	162	24	33	456.26
2.879793	1.413430	2.550734	181	24	36	456.26
1.308997	0.960688	-0.577532	44	187	167	456.24
-0.785398	1.050534	3.042579	182	160	5	456.23
2.617994	0.906588	1.252948	164	191	38	456.23
-0.785398	0.850607	-1.335383	177	23	53	456.22
0.261799	2.343981	-1.040456	178	7	36	456.21
2.879793	2.478122	2.609777	164	22	21	456.21
0.261799	0.866395	-2.492918	0	20	50	456.10
-0.785398	1.433411	-1.035986	164	18	47	456.09
0.785398	2.299159	2.264663	173	6	52	456.08
-2.356194	1.699788	2.452890	3	24	45	456.05
0.000000	1.658653	-2.409879	180	12	36	456.00
-1.308997	1.875281	0.107086	188	3	39	456.00
1.308997	0.685216	-1.712745	172	16	50	455.97
0.261799	1.413347	-1.339188	177	6	52	455.96
-2.879793	2.863997	0.549740	169	29	46	455.95
-0.523599	0.960688	-0.577532	164	23	47	455.90
2.356194	2.295480	1.008277	174	26	52	455.86
2.879793	0.914445	2.687814	166	29	33	455.83
-1.308997	0.615174	-0.666022	175	28	44	455.83
0.523599	1.301460	-0.509251	169	191	43	455.75
0.000000	2.356369	3.005869	160	24	42	455.72
-0.261799	2.174483	2.653697	165	27	47	455.67
-0.261799	2.187132	-0.479875	16	31	33	455.64
0.261799	0.290380	-0.796960	165	23	49	455.62
-2.094395	1.433411	-1.035986	177	32	47	455.60
-2.617994	2.455966	-0.641220	182	15	33	455.58
-1.308997	2.247462	0.191623	188	1	44	455.57
-1.832596	1.809167	1.213774	183	11	55	455.47
0.261799	0.379747	-1.713059	176	29	50	455.45
2.094395	2.478122	2.609777	0	191	47	455.45
2.094395	2.073035	2.027405	185	6	51	455.44
0.261799	1.134796	2.434290	36	176	189	455.43
-0.261799	2.174483	2.653697	164	26	46	455.40
-2.617994	2.041297	-2.664597	159	24	39	455.37
2.617994	1.741644	-2.695914	175	32	42	455.32
1.832596	2.356369	3.005869	181	186	43	455.32
1.570796	1.662363	0.915448	173	31	53	455.31
-1.570796	0.619654	-2.216909	185	10	52	455.28
0.000000	1.184361	0.625864	191	25	40	455.24
2.356194	2.349581	-2.702517	185	183	34	455.22
2.879793	0.929350	-2.910676	163	26	45	455.21
1.047198	1.310100	1.488307	167	25	50	455.19
0.000000	2.164094	-2.991358	161	30	37	455.18
1.570796	1.545873	-1.877082	191	19	52	455.16
0.785398	0.080730	-2.622036	182	22	39	455.13
1.832596	1.391910	3.030322	183	19	36	455.13
0.000000	2.356369	3.005869	160	23	42	455.07
0.261799	1.195355	1.200319	180	35	48	455.06
2.356194	1.875281	0.107086	159	25	39	455.05
2.879793	0.929350	-2.910676	13	188	8	455.03
-1.308997	2.760637	2.781135	176	26	37	455.02
1.832596	1.574060	2.783565	184	10	38	454.99
0.523599	0.850607	-1.335383	175	19	55	454.95
0.523599	1.658653	-2.409879	187	14	40	454.93
0.523599	1.948085	-2.363031	5	11	45	454.91
-0.523599	2.299159	2.264663	166	23	51	454.91
-2.356194	2.592629	0.909713	173	23	50	454.84
2.879793	1.134796	2.434290	170	32	31	454.84
1.832596	1.194549	-0.801900	176	156	5	454.84
-1.308997	0.961715	0.014085	173	19	31	454.71
2.879793	1.045978	0.343692	159	8	33	454.67
-3.141593	1.683268	0.374177	163	6	42	454.65
-2.094395	1.904882	-1.478089	170	32	49	454.63
1.308997	0.709924	0.218797	188	1	38	454.62
-2.356194	2.295480	1.008277	175	16	55	454.59
1.570796	0.899350	-2.069907	179	18	41	454.58
-1.570796	0.709924	0.218797	172	23	34	454.57
-0.785398	1.214854	-1.966664	181	9	50	454.56
-2.094395	1.699788	2.452890	191	29	44	454.54
-1.832596	0.733948	3.021411	169	191	41	454.54
-0.785398	2.153910	-1.714959	157	164	7	454.52
2.879793	2.579248	-2.364801	185	188	32	454.51
-1.308997	0.866395	-2.492918	36	0	159	454.49
0.000000	1.574060	2.783565	46	172	186	454.47
-2.356194	2.724429	-0.348782	173	186	38	454.46
2.617994	1.014500	0.906702	166	13	43	454.39
1.570796	2.456751	-1.503343	158	21	29	454.35
1.047198	1.809167	1.213774	180	29	56	454.35
1.570796	2.115563	0.685730	182	20	35	454.32
-0.523599	1.982574	-1.115518	160	7	40	454.28
2.617994	1.998705	2.370472	177	157	6	454.24
0.000000	0.929350	-2.910676	9	16	48	454.21
2.094395	1.194549	-0.801900	169	27	18	454.17
0.261799	0.080730	-2.622036	187	24	42	454.13
1.047198	2.108018	1.311430	186	25	58	454.11
-0.261799	1.836682	-0.676006	159	7	37	454.10
-2.356194	1.696674	-1.253233	177	31	46	453.98
1.832596	2.478122	2.609777	188	190	48	453.98
0.523599	0.866395	-2.492918	187	25	49	453.95
0.000000	2.073035	2.027405	168	19	52	453.88
-2.617994	0.674054	1.013609	183	190	38	453.86
-1.570796	1.195355	1.200319	174	19	33	453.84
0.261799	0.618092	2.539118	158	26	29	453.83
-0.785398	0.618092	2.539118	183	1	40	453.82
-1.570796	0.297065	2.160177	4	32	32	453.81
1.832596	1.025536	1.576859	162	13	46	453.80
-2.617994	0.591903	2.010408	162	29	35	453.78
-1.832596	1.025536	1.576859	162	19	25	453.77
-0.523599	1.134497	-1.109631	167	18	49	453.75
-0.523599	2.104282	-0.813972	160	9	37	453.70
-1.047198	2.760637	2.781135	35	168	180	453.70
-2.094395	0.297065	2.160177	161	16	41	453.64
2.356194	1.756530	-2.105156	186	26	44	453.61
0.261799	1.050534	3.042579	160	17	28	453.59
0.000000	1.721184	-0.153948	162	3	25	453.56
-1.047198	1.014500	0.906702	3	15	42	453.56
0.000000	1.135834	-1.431087	177	15	56	453.54
-0.523599	2.404280	-0.174044	11	15	42	453.54
1.047198	0.496451	0.593859	26	3	189	453.50
-1.308997	1.872854	1.543456	185	18	55	453.48
1.832596	1.812176	0.656819	167	30	47	453.47
-3.141593	2.001437	0.381215	165	12	47	453.47
-3.141593	0.203748	0.590255	179	19	36	453.45
0.523599	1.135813	-2.658866	45	181	10	453.43
-3.141593	1.948085	-2.363031	186	9	24	453.40
-2.094395	1.391910	3.030322	184	24	35	453.39
2.356194	1.756530	-2.105156	185	27	45	453.39
1.047198	0.419640	2.974122	183	23	39	453.38
-0.785398	1.824694	1.850876	175	22	46	453.38
0.000000	0.709924	0.218797	1	25	34	453.36
1.308997	1.756530	-2.105156	1	17	46	453.36
2.094395	2.404280	-0.174044	163	31	41	453.35
-2.356194	1.617114	-1.572037	174	24	40	453.34
-2.617994	2.587733	0.232235	166	11	47	453.33
2.617994	1.506530	1.988858	184	4	52	453.33
0.523599	1.440580	2.260026	161	19	42	453.32
-2.094395	1.301460	-0.509251	181	39	42	453.30
-2.879793	2.478122	2.609777	5	23	47	453.29
-0.523599	2.073035	2.027405	171	24	54	453.28
-1.570796	1.606104	-0.451151	171	37	39	453.28
1.308997	1.391910	3.030322	163	191	30	453.27
0.261799	1.555207	1.708892	173	24	51	453.19
-2.879793	2.396274	-1.959260	177	20	27	453.17
1.570796	2.637879	2.121598	190	3	48	453.15
1.832596	2.174483	2.653697	182	188	45	453.14
-1.047198	1.413430	2.550734	180	22	37	453.11
1.832596	1.113094	-0.272241	169	33	28	453.10
-3.141593	2.356369	3.005869	164	23	27	453.09
-1.832596	0.910508	1.903534	163	15	30	453.09
1.570796	0.914445	2.687814	186	25	37	453.08
-2.356194	1.134497	-1.109631	183	27	48	453.06
-2.879793	1.195355	1.200319	181	7	48	453.06
-2.094395	1.440580	2.260026	0	24	44	453.05
0.785398	2.104282	-0.813972	181	22	32	453.02
2.879793	2.863997	0.549740	172	22	33	452.97
2.879793	0.850607	-1.335383	46	176	188	452.96
-0.785398	1.135834	-1.431087	174	18	52	452.96
1.832596	2.089241	-0.114193	164	35	37	452.96
-0.523599	2.073035	2.027405	172	24	54	452.93
-0.785398	1.325504	-1.671296	45	182	151	452.93
0.523599	1.413347	-1.339188	42	178	167	452.92
0.261799	0.418037	1.360082	182	19	37	452.92
2.356194	1.168678	2.108595	178	0	45	452.90
0.261799	2.063651	-2.044600	180	10	32	452.90
0.000000	1.195355	1.200319	184	26	43	452.88
2.617994	1.998705	2.370472	0	3	49	452.88
2.617994	1.242974	-2.977882	172	36	44	452.86
1.570796	2.588535	-2.976617	170	187	39	452.84
-2.879793	1.599406	1.426070	39	186	165	452.80
-2.356194	1.741644	-2.695914	160	13	40	452.74
2.879793	2.115563	0.685730	167	20	52	452.70
1.832596	2.760637	2.781135	184	189	39	452.67
1.570796	0.762244	-0.273349	190	2	44	452.62
-2.879793	1.242974	-2.977882	159	21	42	452.58
0.000000	1.325504	-1.671296	40	179	172	452.56
-1.308997	0.960688	-0.577532	172	26	43	452.52
-2.094395	2.089241	-0.114193	179	184	35	452.50
-1.832596	2.587733	0.232235	31	7	178	452.49
-0.785398	1.732874	-0.951685	159	17	42	452.46
-0.261799	2.138223	1.678323	177	17	56	452.45
-1.308997	1.721184	-0.153948	166	34	32	452.44
-2.356194	2.108018	1.311430	180	15	58	452.43
-0.523599	2.587733	0.232235	163	26	17	452.38
-1.570796	0.297065	2.160177	180	20	38	452.36
1.308997	1.134796	2.434290	161	8	41	452.27
-0.523599	1.836682	-0.676006	157	13	37	452.27
0.523599	2.719179	-1.780644	189	190	29	452.26
1.308997	0.762244	-0.273349	43	164	183	452.22
-1.308997	1.135813	-2.658866	182	5	50	452.22
2.617994	2.664082	-1.071402	162	8	36	452.18
-3.141593	0.831641	0.616218	166	7	38	452.15
0.000000	2.455966	-0.641220	164	0	29	452.10
0.785398	1.812176	0.656819	186	25	42	452.04
2.356194	1.506530	1.988858	181	6	52	452.04
0.523599	1.683268	0.374177	4	40	43	451.99
1.308997	2.979456	-1.009304	191	191	24	451.99
-0.523599	1.113094	-0.272241	160	19	41	451.85
-2.094395	1.440580	2.260026	5	24	47	451.85
-1.570796	1.025536	1.576859	165	17	28	451.80
-2.879793	1.134796	2.434290	162	30	31	451.75
2.094395	1.574060	2.783565	181	39	32	451.70
-2.356194	0.203748	0.590255	177	25	38	451.69
1.308997	1.554776	0.100351	183	8	30	451.66
2.356194	2.760637	2.781135	3	2	43	451.64
0.000000	0.370812	-2.547742	2	26	49	451.63
2.356194	1.736875	3.023612	174	146	181	451.62
1.832596	2.108018	1.311430	183	16	39	451.61
1.832596	2.637879	2.121598	3	7	51	451.61
2.617994	2.104282	-0.813972	160	11	26	451.54
0.785398	2.356369	3.005869	5	26	30	451.53
0.000000	1.683268	0.374177	189	20	36	451.50
-0.261799	1.998705	2.370472	167	26	50	451.48
-1.047198	1.113094	-0.272241	164	31	41	451.48
-0.523599	1.732874	-0.951685	163	11	45	451.43
2.094395	2.174483	2.653697	184	190	44	451.43
2.356194	0.640596	-2.797608	171	30	50	451.38
0.000000	0.379747	-1.713059	180	25	46	451.36
-1.047198	1.872854	1.543456	184	18	55	451.32
2.879793	1.555207	1.708892	41	177	180	451.30
-1.832596	0.379747	-1.713059	190	14	49	451.26
1.047198	2.719179	-1.780644	160	30	36	451.25
1.047198	0.571433	-1.188419	54	181	155	451.22
2.356194	1.909857	-0.381669	157	20	26	451.16
-1.832596	1.135834	-1.431087	176	21	47	451.16
1.832596	0.992645	-1.723759	179	16	54	451.16
1.308997	2.073035	2.027405	177	5	51	451.15
-1.047198	2.063651	-2.044600	158	164	8	451.13
2.617994	0.850607	-1.335383	45	174	188	451.11
2.617994	2.637879	2.121598	1	19	47	451.11
1.047198	1.504028	0.636812	180	24	37	451.09
1.832596	0.496451	0.593859	162	23	29	451.08
-2.879793	2.587733	0.232235	167	18	46	451.08
2.356194	1.998705	2.370472	190	0	46	451.04
2.094395	1.872854	1.543456	175	14	55	451.04
-2.617994	0.418037	1.360082	22	2	0	450.97
-1.047198	1.135834	-1.431087	173	21	52	450.95
2.617994	2.588535	-2.976617	4	189	41	450.92
1.570796	2.356369	3.005869	184	18	35	450.90
-1.832596	1.367556	0.358405	180	24	35	450.88
2.617994	2.033014	2.977192	172	36	32	450.86
2.879793	1.836682	-0.676006	6	28	39	450.82
1.308997	2.153910	-1.714959	160	23	22	450.81
0.523599	1.168678	2.108595	162	23	42	450.76
-3.141593	1.836682	-0.676006	188	28	36	450.72
1.832596	1.391910	3.030322	186	23	37	450.71
1.832596	2.979456	-1.009304	161	27	43	450.66
2.617994	1.756530	-2.105156	181	28	45	450.64
-1.308997	1.214854	-1.966664	38	172	4	450.60
-2.617994	2.138223	1.678323	181	19	44	450.59
0.785398	0.960688	-0.577532	169	0	44	450.58
1.047198	1.448123	-2.163292	188	18	48	450.54
0.000000	1.836682	-0.676006	58	190	168	450.49
2.356194	2.478122	2.609777	0	4	46	450.45
-2.356194	2.455966	-0.641220	176	187	34	450.45
0.000000	0.864993	2.278281	169	26	37	450.44
-2.617994	2.108018	1.311430	181	18	58	450.44
-2.617994	0.899350	-2.069907	179	14	56	450.42
1.570796	0.591903	2.010408	186	25	37	450.42
2.356194	1.413347	-1.339188	190	18	51	450.41
-2.879793	1.699788	2.452890	2	18	44	450.34
2.356194	1.504028	0.636812	161	19	46	450.32
1.308997	0.850607	-1.335383	176	8	51	450.31
0.000000	1.736875	3.023612	161	31	37	450.27
-2.356194	0.419640	2.974122	161	6	40	450.24
1.047198	0.914445	2.687814	172	14	36	450.24
-2.879793	1.184361	0.625864	189	35	30	450.17
-2.356194	1.488617	1.159546	35	189	157	450.17
-1.047198	1.301460	-0.509251	164	28	43	450.16
0.523599	0.910508	1.903534	163	29	41	450.14
0.523599	1.113094	-0.272241	167	190	37	450.13
0.000000	2.063651	-2.044600	186	2	45	450.12
-2.879793	1.045978	0.343692	190	34	34	450.08
2.356194	2.247462	0.191623	57	169	159	450.08
-2.617994	1.310100	1.488307	32	190	159	450.04
-1.308997	1.909857	-0.381669	163	33	33	450.03
0.785398	0.418037	1.360082	171	29	36	449.98
-0.261799	2.247462	0.191623	187	16	36	449.96
0.785398	0.419640	2.974122	175	15	34	449.95
-1.047198	1.488617	1.159546	187	15	44	449.94
2.356194	2.033014	2.977192	178	41	31	449.91
0.785398	2.104282	-0.813972	183	23	32	449.84
1.047198	1.696674	-1.253233	185	3	47	449.81
1.047198	1.662363	0.915448	179	31	52	449.81
0.000000	2.704512	1.488683	177	3	46	449.79
2.356194	1.504028	0.636812	162	20	47	449.79
0.523599	2.396274	-1.959260	177	17	32	449.77
2.617994	2.588535	-2.976617	190	189	33	449.75
2.356194	2.984978	1.954446	0	21	40	449.74
-0.261799	1.128190	-2.288622	191	12	55	449.70
-2.094395	2.664082	-1.071402	167	37	27	449.69
0.785398	0.640596	-2.797608	190	23	44	449.69
-1.570796	2.393226	1.857173	175	22	54	449.67
0.785398	2.863997	0.549740	8	21	47	449.65
-1.570796	1.732874	-0.951685	167	29	43	449.65
-1.047198	2.724429	-0.348782	164	32	25	449.63
-3.141593	1.218453	2.777284	164	23	31	449.63
1.047198	2.356369	3.005869	3	30	30	449.62
-2.879793	1.413430	2.550734	179	22	36	449.59
1.047198	1.242974	-2.977882	181	17	36	449.52
0.523599	0.906588	1.252948	182	10	32	449.50
1.570796	0.591903	2.010408	164	11	38	449.49
-2.879793	1.741644	-2.695914	29	183	190	449.48
-2.879793	1.824694	1.850876	190	10	54	449.46
-2.879793	2.587733	0.232235	164	13	47	449.42
-2.356194	1.904882	-1.478089	172	32	47	449.37
1.047198	1.413430	2.550734	160	8	42	449.34
1.570796	1.488617	1.159546	172	167	173	449.30
0.785398	1.247695	1.809890	164	23	47	449.27
1.570796	1.504028	0.636812	179	19	31	449.27
-1.832596	1.809167	1.213774	45	172	4	449.23
-1.308997	1.045978	0.343692	165	25	33	449.22
0.523599	0.370812	-2.547742	191	34	51	449.22
-2.356194	1.433411	-1.035986	181	31	46	449.20
-2.879793	2.356369	3.005869	164	21	30	449.18
-1.570796	1.045978	0.343692	172	21	30	449.17
-1.832596	1.875281	0.107086	180	191	40	449.12
-2.094395	1.391910	3.030322	161	5	35	449.08
1.308997	2.063651	-2.044600	160	17	22	449.07
2.094395	1.113094	-0.272241	167	32	29	449.07
2.879793	2.587733	0.232235	163	24	47	449.07
-1.047198	2.478122	2.609777	174	23	37	449.06
0.000000	2.115563	0.685730	9	25	52	449.04
-2.617994	1.025536	1.576859	190	2	46	449.02
1.047198	2.396274	-1.959260	159	26	29	448.99
-3.141593	2.349581	-2.702517	169	31	36	448.98
-2.356194	2.138223	1.678323	185	21	58	448.98
0.000000	1.982574	-1.115518	170	190	42	448.94
-1.832596	2.174483	2.653697	189	35	47	448.93
-0.523599	1.433411	-1.035986	167	15	51	448.90
-3.141593	1.184361	0.625864	164	191	37	448.88
2.356194	1.335669	0.897240	159	14	43	448.87
2.094395	2.760637	2.781135	190	191	42	448.87
-2.617994	0.203748	0.590255	30	186	1	448.86
-1.047198	0.762244	-0.273349	169	35	44	448.84
1.047198	1.413347	-1.339188	187	7	54	448.80
2.617994	1.869911	2.701025	174	39	27	448.80
0.261799	0.379747	-1.713059	174	29	48	448.79
-0.261799	2.164094	-2.991358	163	35	36	448.76
1.832596	0.709924	0.218797	166	31	33	448.75
2.094395	1.904882	-1.478089	4	24	47	448.73
0.000000	2.104282	-0.813972	3	31	29	448.71
-0.261799	1.982574	-1.115518	14	164	5	448.69
0.000000	1.218453	2.777284	161	26	34	448.66
0.000000	2.379497	0.561089	4	16	50	448.58
0.261799	2.343981	-1.040456	182	23	33	448.53
0.523599	2.637879	2.121598	175	2	50	448.51
-3.141593	2.592629	0.909713	173	31	52	448.43
1.570796	2.455966	-0.641220	55	162	170	448.41
-3.141593	2.393226	1.857173	188	23	55	448.40
-1.570796	0.685216	-1.712745	185	19	53	448.36
-1.570796	0.762244	-0.273349	27	170	184	448.35
-2.617994	1.488617	1.159546	38	188	158	448.34
-1.308997	0.831641	0.616218	158	24	27	448.34
-1.308997	0.297065	2.160177	166	190	36	448.32
2.879793	1.510910	-0.740472	4	24	43	448.24
-0.261799	1.683268	0.374177	187	19	37	448.21
1.308997	1.448123	-2.163292	188	20	47	448.20
1.308997	2.664082	-1.071402	163	34	36	448.16
2.617994	1.214854	-1.966664	176	24	53	448.14
2.356194	1.256302	0.062705	158	22	33	448.14
0.523599	0.992645	-1.723759	184	21	57	448.09
2.356194	1.374601	-2.456031	180	21	36	448.09
-2.356194	0.203748	0.590255	182	27	40	448.06
-1.832596	1.506530	1.988858	189	23	47	448.05
-1.832596	0.370812	-2.547742	39	187	170	448.03
0.523599	1.948085	-2.363031	159	24	22	447.93
2.356194	1.756530	-2.105156	186	27	45	447.92
0.785398	0.370812	-2.547742	188	38	50	447.90
0.261799	1.662363	0.915448	188	20	45	447.87
-2.094395	1.617114	-1.572037	174	28	54	447.85
0.261799	2.089241	-0.114193	164	0	25	447.80
2.094395	1.812176	0.656819	174	164	168	447.79
2.879793	1.846342	-1.796954	184	24	39	447.76
2.356194	2.033014	2.977192	175	29	29	447.71
0.000000	1.413347	-1.339188	174	8	52	447.70
-0.523599	1.218453	2.777284	187	189	30	447.67
0.000000	1.875281	0.107086	188	21	35	447.56
-1.308997	1.025536	1.576859	0	22	42	447.54
2.617994	2.478122	2.609777	181	17	33	447.52
-1.308997	0.992645	-1.723759	178	19	54	447.52
-1.308997	1.554776	0.100351	190	3	37	447.51
-2.094395	2.108018	1.311430	181	15	58	447.51
-2.879793	2.349581	-2.702517	162	28	34	447.51
-3.141593	1.510910	-0.740472	189	26	40	447.48
2.356194	1.335669	0.897240	164	19	48	447.48
-2.617994	1.367556	0.358405	180	21	34	447.48
-2.879793	2.719179	-1.780644	178	29	32	447.37
-1.047198	0.866395	-2.492918	190	8	53	447.35
-0.523599	1.450119	-2.739050	191	3	46	447.32
0.785398	0.762244	-0.273349	170	190	41	447.24
0.785398	2.984978	1.954446	43	175	172	447.23
-1.308997	1.247695	1.809890	188	26	46	447.21
0.261799	2.379497	0.561089	10	25	51	447.21
0.523599	2.164094	-2.991358	156	16	34	447.19
-2.094395	1.450119	-2.739050	164	9	45	447.17
0.523599	1.450119	-2.739050	185	15	38	447.11
0.523599	1.413347	-1.339188	180	6	53	447.07
0.523599	1.113094	-0.272241	166	190	38	447.07
-2.094395	0.992645	-1.723759	39	181	165	447.06
0.785398	1.440580	2.260026	161	17	47	447.04
2.879793	1.998705	2.370472	6	12	52	447.04
-1.308997	1.184361	0.625864	3	12	43	447.04
2.356194	0.960688	-0.577532	188	15	41	447.03
1.308997	0.203748	0.590255	175	34	32	447.03
0.523599	1.732874	-0.951685	176	189	44	447.02
2.356194	2.174483	2.653697	0	191	47	446.98
-1.570796	1.977582	0.969896	183	6	53	446.96
-2.356194	1.741644	-2.695914	160	16	42	446.96
-3.141593	1.218453	2.777284	48	170	190	446.93
-3.141593	1.662363	0.915448	173	11	53	446.89
-1.832596	1.256302	0.062705	182	191	33	446.88
-0.785398	1.741644	-2.695914	182	187	40	446.88
2.617994	1.683268	0.374177	159	17	42	446.88
-1.047198	1.168678	2.108595	185	24	40	446.85
-2.094395	1.014500	0.906702	172	24	31	446.84
1.308997	0.709924	0.218797	173	36	32	446.79
-0.261799	1.696674	-1.253233	40	174	174	446.79
-1.832596	1.448123	-2.163292	172	16	53	446.76
2.617994	1.134497	-1.109631	1	12	49	446.74
-1.308997	0.496451	0.593859	159	25	34	446.67
1.832596	2.719179	-1.780644	163	15	35	446.64
0.523599	1.214854	-1.966664	181	16	43	446.53
-1.308997	1.433411	-1.035986	168	26	48	446.50
0.785398	2.180315	-1.357379	187	0	41	446.46
-2.617994	1.683268	0.374177	172	2	45	446.42
-1.308997	1.732874	-0.951685	162	26	42	446.39
2.617994	1.025536	1.576859	0	36	28	446.39
2.356194	2.637879	2.121598	4	14	50	446.36
-1.570796	1.325504	-1.671296	19	190	17	446.32
-2.094395	0.418037	1.360082	162	29	37	446.32
1.308997	1.025536	1.576859	161	24	46	446.31
-3.141593	2.089241	-0.114193	162	8	38	446.30
-1.832596	1.242974	-2.977882	168	191	40	446.29
0.000000	2.343981	-1.040456	0	35	30	446.26
2.879793	1.433411	-1.035986	4	22	50	446.25
2.879793	2.393226	1.857173	191	26	57	446.25
2.879793	2.089241	-0.114193	159	13	38	446.22
-2.356194	2.979456	-1.009304	171	187	184	446.16
2.094395	2.407836	1.410646	186	22	55	446.16
2.094395	1.214854	-1.966664	179	25	54	446.15
-0.523599	1.128190	-2.288622	38	182	171	446.14
-0.785398	2.396274	-1.959260	177	20	33	446.12
-1.570796	1.433411	-1.035986	171	29	48	446.12
1.308997	0.379747	-1.713059	167	18	49	446.07
0.261799	1.128190	-2.288622	186	14	43	446.06
2.617994	1.948085	-2.363031	179	27	37	446.01
2.879793	1.736875	3.023612	166	29	32	445.98
0.000000	1.367556	0.358405	176	13	33	445.93
-0.785398	0.618092	2.539118	180	39	34	445.86
-0.261799	1.506530	1.988858	176	26	49	445.80
-2.879793	2.407836	1.410646	180	28	57	445.79
-3.141593	1.977582	0.969896	174	18	55	445.76
2.617994	0.203748	0.590255	160	14	27	445.73
-0.785398	1.909857	-0.381669	158	22	34	445.69
-0.785398	1.335669	0.897240	2	22	47	445.67
-1.832596	2.979456	-1.009304	166	34	21	445.62
1.308997	0.496451	0.593859	183	15	37	445.61
0.261799	1.696674	-1.253233	178	1	50	445.55
-3.141593	1.335669	0.897240	170	9	48	445.53
-2.617994	0.571433	-1.188419	188	16	46	445.49
-2.094395	1.184361	0.625864	184	190	42	445.48
2.879793	0.961715	0.014085	157	11	25	445.44
-2.356194	0.640596	-2.797608	173	7	50	445.37
-1.832596	1.506530	1.988858	1	26	52	445.34
-1.047198	2.393226	1.857173	171	18	52	445.31
1.570796	0.203748	0.590255	171	32	32	445.26
0.000000	0.866955	-0.931351	169	19	52	445.25
2.879793	0.866955	-0.931351	187	15	42	445.24
-1.570796	2.041297	-2.664597	167	4	40	445.20
-2.356194	1.301460	-0.509251	185	37	42	445.17
0.785398	1.194549	-0.801900	175	1	49	445.16
2.094395	0.910508	1.903534	168	2	43	445.15
-3.141593	1.869911	2.701025	165	25	29	445.14
2.879793	0.864993	2.278281	180	23	37	445.09
-2.879793	1.812176	0.656819	169	5	49	445.08
0.000000	2.295480	1.008277	36	182	158	445.02
-1.570796	2.089241	-0.114193	178	21	33	445.00
-0.523599	2.404280	-0.174044	161	24	26	444.97
-1.570796	1.433411	-1.035986	173	21	36	444.95
-1.832596	1.506530	1.988858	0	22	49	444.94
-0.785398	1.335669	0.897240	0	16	44	444.92
0.785398	2.164094	-2.991358	5	24	35	444.90
-2.356194	0.850607	-1.335383	182	19	43	444.89
-0.261799	2.588535	-2.976617	162	32	39	444.85
-1.570796	1.135834	-1.431087	176	22	51	444.84
-0.523599	1.824694	1.850876	179	14	32	444.80
1.570796	0.418037	1.360082	158	21	33	444.76
-2.879793	1.699788	2.452890	164	23	26	444.76
-3.141593	1.809167	1.213774	43	182	164	444.76
0.785398	2.455966	-0.641220	181	22	33	444.69
1.832596	0.762244	-0.273349	51	163	179	444.67
-1.308997	2.108018	1.311430	181	12	55	444.67
-1.570796	2.393226	1.857173	176	18	41	444.60
1.047198	1.809167	1.213774	179	24	54	444.58
-0.523599	2.247462	0.191623	7	14	46	444.57
1.308997	1.909857	-0.381669	25	6	187	444.57
-1.047198	1.135813	-2.658866	181	1	47	444.54
1.570796	1.836682	-0.676006	170	34	27	444.49
-0.523599	1.391910	3.030322	181	159	1	444.48
-1.570796	2.587733	0.232235	28	9	177	444.47
-1.832596	0.297065	2.160177	164	12	42	444.47
-1.832596	2.393226	1.857173	180	29	57	444.42
2.879793	1.998705	2.370472	184	17	38	444.40
0.523599	1.184361	0.625864	186	17	36	444.39
0.785398	2.719179	-1.780644	162	33	36	444.39
-2.356194	0.591903	2.010408	159	21	32	444.38
-1.570796	0.831641	0.616218	166	27	34	444.30
2.879793	2.404280	-0.174044	151	175	5	444.28
-1.047198	2.407836	1.410646	176	10	54	444.27
2.617994	1.721184	-0.153948	158	17	32	444.25
-3.141593	2.295480	1.008277	175	26	55	444.25
-0.785398	1.025536	1.576859	187	24	41	444.24
-1.047198	1.977582	0.969896	182	14	50	444.22
-2.617994	1.909857	-0.381669	170	190	33	444.20
2.617994	1.875281	0.107086	157	17	36	444.20
-1.832596	1.134497	-1.109631	179	24	42	444.19
-0.261799	0.297065	2.160177	186	1	40	444.19
-2.617994	1.025536	1.576859	189	2	45	444.15
1.832596	1.128190	-2.288622	180	21	41	444.12
-1.047198	0.419640	2.974122	183	0	43	444.12
-3.141593	1.658653	-2.409879	191	6	17	444.12
-0.261799	0.297065	2.160177	187	1	41	444.07
-2.094395	1.450119	-2.739050	164	5	41	444.03
-2.617994	2.407836	1.410646	179	26	57	444.03
2.617994	0.640596	-2.797608	163	25	47	443.99
2.617994	2.404280	-0.174044	160	22	41	443.99
1.047198	1.113094	-0.272241	182	0	41	443.99
1.570796	2.138223	1.678323	182	12	55	443.94
2.879793	1.135834	-1.431087	45	181	186	443.92
-2.094395	2.089241	-0.114193	178	189	40	443.89
1.570796	2.979456	-1.009304	163	27	33	443.88
1.308997	0.960688	-0.577532	181	188	42	443.85
-1.570796	1.310100	1.488307	185	16	41	443.84
0.000000	1.904882	-1.478089	188	28	26	443.80
-3.141593	1.658653	-2.409879	168	31	48	443.78
-2.094395	1.433411	-1.035986	178	31	47	443.75
1.047198	1.113094	-0.272241	178	186	39	443.75
-2.356194	0.700570	1.559208	41	172	3	443.71
0.523599	0.458961	-0.107937	167	7	44	443.70
1.832596	1.310100	1.488307	163	12	47	443.68
-2.356194	1.184361	0.625864	176	189	39	443.64
0.523599	0.733948	3.021411	185	19	39	443.61
0.000000	1.683268	0.374177	7	29	46	443.61
2.356194	0.866955	-0.931351	0	10	53	443.60
0.523599	0.203748	0.590255	26	181	1	443.59
1.047198	2.588535	-2.976617	5	27	31	443.59
1.570796	2.295480	1.008277	182	28	53	443.56
0.785398	2.349581	-2.702517	157	14	34	443.55
2.617994	1.113094	-0.272241	164	23	29	443.52
1.570796	2.579248	-2.364801	5	27	34	443.52
-3.141593	0.615174	-0.666022	191	19	45	443.52
-2.879793	1.909857	-0.381669	1	34	34	443.52
-1.832596	0.080730	-2.622036	185	4	46	443.46
0.000000	1.218453	2.777284	46	173	190	443.42
-3.141593	1.488617	1.159546	173	1	48	443.39
0.000000	2.174483	2.653697	163	22	47	443.39
2.617994	1.045978	0.343692	156	13	31	443.38
-3.141593	1.721184	-0.153948	164	8	36	443.36
2.094395	2.579248	-2.364801	185	29	32	443.29
-1.832596	1.554776	0.100351	180	24	35	443.28
0.261799	1.617114	-1.572037	183	4	53	443.26
1.832596	0.910508	1.903534	163	7	42	443.18
-1.308997	0.297065	2.160177	171	4	42	443.15
2.094395	2.760637	2.781135	2	0	46	443.14
-3.141593	2.760637	2.781135	5	19	43	443.14
1.047198	1.194549	-0.801900	177	191	45	443.09
2.356194	1.134497	-1.109631	0	9	49	443.05
1.570796	1.699788	2.452890	157	152	190	443.02
-2.094395	1.433411	-1.035986	176	30	45	443.02
1.308997	2.180315	-1.357379	179	15	31	443.00
1.832596	1.195355	1.200319	163	22	48	443.00
1.047198	1.732874	-0.951685	182	191	42	442.94
0.523599	1.510910	-0.740472	172	190	44	442.93
0.523599	0.591903	2.010408	166	31	38	442.90
2.356194	2.138223	1.678323	184	14	52	442.87
-1.308997	0.960688	-0.577532	171	26	41	442.81
0.785398	2.041297	-2.664597	47	179	1	442.77
2.879793	1.574060	2.783565	184	152	185	442.71
-3.141593	2.579248	-2.364801	0	190	33	442.69
1.047198	2.104282	-0.813972	183	188	33	442.60
2.356194	2.164094	-2.991358	188	184	36	442.58
0.523599	0.571433	-1.188419	169	16	50	442.55
1.832596	1.506530	1.988858	38	169	185	442.53
0.261799	1.135813	-2.658866	2	15	47	442.52
2.356194	1.488617	1.159546	164	12	49	442.51
0.000000	1.135813	-2.658866	166	20	24	442.47
-2.356194	1.325504	-1.671296	179	24	57	442.47
-0.523599	2.393226	1.857173	51	179	153	442.46
-1.832596	1.545873	-1.877082	172	21	54	442.44
-3.141593	1.374601	-2.456031	167	26	50	442.43
-1.308997	1.977582	0.969896	187	6	53	442.39
-0.785398	2.108018	1.311430	41	176	186	442.35
-2.617994	1.135834	-1.431087	187	23	57	442.31
1.308997	0.899350	-2.069907	177	21	48	442.29
1.308997	1.699788	2.452890	26	183	0	442.24
0.523599	0.866395	-2.492918	188	23	48	442.17
-1.570796	2.153910	-1.714959	161	14	42	442.16
0.785398	0.762244	-0.273349	21	31	10	442.14
0.000000	2.984978	1.954446	171	191	46	442.13
1.308997	2.138223	1.678323	181	12	55	442.11
1.308997	1.134796	2.434290	36	3	186	442.10
-0.523599	1.721184	-0.153948	154	18	29	442.07
-1.047198	1.756530	-2.105156	170	2	47	442.05
2.356194	2.001437	0.381215	163	26	47	442.04
-1.047198	1.014500	0.906702	5	19	44	442.04
-3.141593	1.135834	-1.431087	190	24	56	442.00
2.356194	2.299159	2.264663	191	7	49	441.94
-1.308997	1.998705	2.370472	181	34	50	441.92
-2.094395	1.569311	-3.003978	8	34	30	441.88
-3.141593	1.662363	0.915448	173	10	53	441.87
-2.094395	2.089241	-0.114193	175	190	38	441.86
-1.308997	1.256302	0.062705	165	26	32	441.81
-1.308997	1.184361	0.625864	2	12	43	441.81
1.308997	1.301460	-0.509251	188	18	37	441.75
0.261799	0.899350	-2.069907	184	20	53	441.75
0.261799	1.812176	0.656819	5	33	50	441.75
0.261799	0.866395	-2.492918	189	16	44	441.74
2.356194	2.881233	-2.582574	185	17	34	441.71
1.308997	1.113094	-0.272241	177	158	4	441.71
-2.094395	1.134497	-1.109631	180	27	48	441.69
-1.308997	0.899350	-2.069907	181	11	48	441.68
-2.356194	1.168678	2.108595	167	22	30	441.67
-1.832596	2.138223	1.678323	179	17	43	441.67
0.261799	1.374601	-2.456031	1	11	48	441.65
1.570796	1.662363	0.915448	180	18	34	441.64
2.356194	0.831641	0.616218	161	20	38	441.62
-0.523599	0.929350	-2.910676	191	4	45	441.53
-3.141593	1.113094	-0.272241	5	30	41	441.51
-0.785398	0.960688	-0.577532	166	28	46	441.47
0.523599	0.864993	2.278281	158	24	36	441.46
-2.356194	0.929350	-2.910676	164	6	43	441.40
-2.879793	0.929350	-2.910676	165	20	48	441.39
1.047198	1.599406	1.426070	173	18	49	441.39
-1.832596	1.904882	-1.478089	166	24	47	441.39
2.879793	1.335669	0.897240	164	3	43	441.37
-2.879793	0.906588	1.252948	38	4	167	441.37
1.308997	1.721184	-0.153948	178	36	35	441.36
2.094395	1.998705	2.370472	185	191	48	441.35
-1.308997	1.606104	-0.451151	165	32	38	441.33
0.000000	1.872854	1.543456	175	20	50	441.31
0.523599	1.325504	-1.671296	185	11	56	441.31
1.832596	0.906588	1.252948	158	15	41	441.31
1.308997	2.588535	-2.976617	2	29	31	441.20
1.308997	2.719179	-1.780644	157	18	34	441.17
-0.523599	2.396274	-1.959260	188	37	29	441.15
-1.832596	1.504028	0.636812	35	167	9	441.14
-0.785398	2.393226	1.857173	172	17	53	441.12
2.617994	2.637879	2.121598	4	18	49	441.12
2.879793	1.836682	-0.676006	183	22	34	441.11
-0.261799	1.256302	0.062705	155	11	30	441.08
2.879793	0.960688	-0.577532	1	21	44	441.06
2.356194	2.299159	2.264663	190	7	48	440.99
-0.261799	1.809167	1.213774	184	22	54	440.99
0.000000	1.909857	-0.381669	162	2	29	440.98
-0.785398	1.391910	3.030322	177	158	1	440.96
2.879793	1.824694	1.850876	42	179	179	440.95
2.617994	2.356369	3.005869	1	0	39	440.95
1.047198	2.174483	2.653697	167	2	45	440.92
-1.570796	1.247695	1.809890	187	19	42	440.89
-2.617994	2.108018	1.311430	181	19	58	440.87
0.261799	2.592629	0.909713	33	184	159	440.85
1.832596	2.881233	-2.582574	186	19	35	440.79
0.785398	0.961715	0.014085	177	191	38	440.77
-1.047198	2.404280	-0.174044	162	30	24	440.75
-2.617994	1.247695	1.809890	176	17	32	440.72
-1.308997	1.488617	1.159546	185	15	45	440.70
0.523599	1.247695	1.809890	166	26	46	440.68
0.261799	1.998705	2.370472	163	17	48	440.68
-1.832596	1.256302	0.062705	183	186	29	440.56
0.523599	1.699788	2.452890	159	17	44	440.55
-1.047198	1.050534	3.042579	181	27	35	440.55
0.785398	1.301460	-0.509251	175	187	39	440.55
-2.617994	2.587733	0.232235	167	11	47	440.52
2.617994	1.904882	-1.478089	0	31	47	440.51
1.308997	2.407836	1.410646	189	15	54	440.50
1.832596	1.555207	1.708892	169	9	50	440.50
2.617994	1.658653	-2.409879	178	28	44	440.47
-1.570796	2.180315	-1.357379	161	22	41	440.46
1.047198	2.592629	0.909713	3	20	51	440.43
-1.832596	1.510910	-0.740472	176	35	45	440.42
0.000000	2.104282	-0.813972	165	191	36	440.34
1.832596	0.571433	-1.188419	174	5	50	440.31
0.523599	1.741644	-2.695914	170	17	30	440.29
2.879793	1.134497	-1.109631	1	16	52	440.29
-0.523599	1.872854	1.543456	184	22	57	440.25
1.308997	1.413347	-1.339188	189	6	53	440.24
-1.047198	1.301460	-0.509251	165	30	43	440.22
-2.617994	0.419640	2.974122	164	14	45	440.20
1.047198	1.488617	1.159546	178	20	39	440.19
0.785398	1.413430	2.550734	5	26	30	440.13
1.047198	0.910508	1.903534	159	21	42	440.12
-1.047198	1.977582	0.969896	186	11	53	440.12
1.308997	2.979456	-1.009304	166	31	36	440.12
-3.141593	2.587733	0.232235	168	24	46	440.11
-1.308997	0.615174	-0.666022	178	21	39	440.05
2.094395	0.961715	0.014085	186	18	37	440.03
-0.523599	1.741644	-2.695914	189	1	44	440.02
-3.141593	2.138223	1.678323	184	17	56	439.94
-0.523599	2.108018	1.311430	179	16	54	439.92
0.523599	1.113094	-0.272241	191	30	31	439.90
1.570796	2.664082	-1.071402	160	29	36	439.89
-0.523599	1.325504	-1.671296	175	11	52	439.88
-1.570796	0.762244	-0.273349	178	17	35	439.85
-1.832596	0.831641	0.616218	174	21	34	439.83
2.356194	1.699788	2.452890	0	5	47	439.82
1.308997	1.413430	2.550734	1	28	32	439.82
-0.261799	2.456751	-1.503343	190	36	30	439.81
1.047198	0.618092	2.539118	186	24	38	439.77
1.832596	1.824694	1.850876	175	8	53	439.77
1.832596	0.866955	-0.931351	185	1	46	439.74
2.356194	1.448123	-2.163292	183	20	39	439.72
-0.523599	2.404280	-0.174044	10	14	42	439.70
0.261799	1.683268	0.374177	185	23	36	439.65
-1.832596	0.910508	1.903534	159	11	26	439.63
-0.785398	2.343981	-1.040456	184	23	33	439.57
-0.523599	1.135813	-2.658866	2	7	51	439.52
-0.261799	1.977582	0.969896	186	17	50	439.47
-2.617994	0.733948	3.021411	160	13	41	439.44
-0.261799	1.413347	-1.339188	171	9	49	439.44
-1.570796	1.510910	-0.740472	168	34	43	439.41
-3.141593	0.864993	2.278281	177	18	34	439.41
0.261799	2.033014	2.977192	159	22	40	439.39
-0.785398	1.214854	-1.966664	39	176	176	439.36
2.617994	0.496451	0.593859	160	14	32	439.33
0.523599	1.904882	-1.478089	39	181	167	439.30
2.617994	0.906588	1.252948	4	34	30	439.30
0.000000	1.413347	-1.339188	173	6	49	439.30
0.523599	2.478122	2.609777	165	7	47	439.26
1.047198	1.194549	-0.801900	176	0	46	439.23
2.617994	1.301460	-0.509251	163	24	27	439.22
-2.617994	2.089241	-0.114193	181	24	33	439.14
2.356194	1.113094	-0.272241	162	23	26	439.08
0.261799	2.104282	-0.813972	171	187	37	439.06
-0.785398	1.617114	-1.572037	168	10	49	439.05
-3.141593	1.413430	2.550734	165	30	30	439.02
0.000000	2.041297	-2.664597	163	34	30	439.00
-2.094395	1.510910	-0.740472	181	36	45	438.98
-1.047198	1.662363	0.915448	189	15	50	438.97
0.785398	2.379497	0.561089	190	22	42	438.96
2.617994	2.664082	-1.071402	175	16	34	438.92
0.261799	1.135813	-2.658866	37	180	170	438.89
2.094395	0.379747	-1.713059	155	161	6	438.76
-0.523599	2.455966	-0.641220	160	15	31	438.75
0.523599	0.961715	0.014085	178	4	39	438.72
1.308997	1.413347	-1.339188	185	7	50	438.70
1.047198	0.762244	-0.273349	175	188	41	438.70
-0.261799	0.850607	-1.335383	177	24	56	438.69
1.308997	0.615174	-0.666022	173	0	46	438.68
1.832596	1.325504	-1.671296	186	18	54	438.67
2.879793	1.168678	2.108595	187	186	42	438.65
-2.879793	2.073035	2.027405	183	20	42	438.62
2.356194	2.379497	0.561089	167	29	48	438.62
-0.261799	0.899350	-2.069907	185	18	53	438.61
1.570796	1.872854	1.543456	41	176	187	438.60
0.785398	1.732874	-0.951685	42	182	168	438.56
1.570796	2.063651	-2.044600	2	20	42	438.52
-3.141593	0.379747	-1.713059	182	3	52	438.44
2.356194	0.899350	-2.069907	171	21	52	438.44
-2.094395	1.214854	-1.966664	42	180	169	438.41
-0.785398	2.863997	0.549740	182	0	45	438.37
-2.617994	1.440580	2.260026	178	22	35	438.33
-1.832596	1.168678	2.108595	1	25	44	438.32
-2.617994	1.310100	1.488307	189	10	51	438.31
1.570796	1.683268	0.374177	180	18	31	438.30
1.047198	0.297065	2.160177	160	14	29	438.29
-3.141593	1.450119	-2.739050	168	33	46	438.27
0.785398	2.863997	0.549740	191	22	39	438.26
-2.356194	2.664082	-1.071402	186	0	36	438.25
-2.094395	1.948085	-2.363031	163	18	45	438.21
2.094395	0.899350	-2.069907	173	22	54	438.17
-1.832596	2.073035	2.027405	182	23	44	438.16
2.879793	2.579248	-2.364801	178	29	32	438.07
2.617994	2.349581	-2.702517	176	30	32	438.03
-2.094395	1.025536	1.576859	162	25	25	438.02
1.570796	2.637879	2.121598	0	5	51	438.02
-0.785398	1.391910	3.030322	175	41	34	438.02
-0.523599	2.587733	0.232235	3	7	46	438.00
-1.570796	0.960688	-0.577532	175	35	46	437.94
-1.308997	1.374601	-2.456031	178	6	51	437.93
1.308997	1.574060	2.783565	191	33	32	437.92
1.308997	1.606104	-0.451151	181	28	31	437.89
2.879793	1.736875	3.023612	167	29	34	437.88
1.570796	1.504028	0.636812	179	18	30	437.87
-1.308997	1.242974	-2.977882	180	1	45	437.77
2.617994	0.866955	-0.931351	3	13	53	437.76
1.047198	1.134796	2.434290	159	8	34	437.76
-3.141593	0.379747	-1.713059	42	190	163	437.74
-3.141593	1.450119	-2.739050	167	29	47	437.68
-1.570796	1.256302	0.062705	187	0	34	437.67
0.261799	1.696674	-1.253233	176	0	48	437.66
-1.832596	2.456751	-1.503343	163	30	38	437.66
2.617994	1.812176	0.656819	164	18	50	437.65
-1.832596	1.184361	0.625864	188	6	42	437.64
2.356194	1.374601	-2.456031	178	26	45	437.63
0.523599	0.419640	2.974122	184	19	39	437.60
1.832596	1.256302	0.062705	168	34	36	437.53
1.047198	0.960688	-0.577532	175	190	44	437.52
0.785398	2.704512	1.488683	2	9	53	437.52
-1.308997	0.618092	2.539118	173	187	37	437.51
-2.879793	1.168678	2.108595	177	18	34	437.50
1.570796	1.662363	0.915448	173	32	53	437.47
1.570796	0.899350	-2.069907	179	22	53	437.47
-1.047198	1.367556	0.358405	49	171	3	437.46
-0.261799	1.736875	3.023612	164	35	37	437.46
0.523599	1.450119	-2.739050	3	17	44	437.46
-2.617994	1.869911	2.701025	174	19	32	437.44
-0.785398	1.948085	-2.363031	177	187	42	437.44
-0.523599	1.824694	1.850876	178	27	55	437.39
-3.141593	0.733948	3.021411	159	24	41	437.37
-1.832596	1.741644	-2.695914	165	8	44	437.35
0.523599	1.756530	-2.105156	163	25	16	437.34
-3.141593	0.960688	-0.577532	1	23	44	437.34
2.617994	0.961715	0.014085	163	19	32	437.30
1.832596	0.992645	-1.723759	180	14	53	437.30
-1.570796	0.615174	-0.666022	182	34	48	437.29
-1.308997	1.766067	2.153843	182	28	48	437.27
-1.570796	1.812176	0.656819	183	7	48	437.26
-0.785398	2.343981	-1.040456	159	10	35	437.24
0.000000	1.301460	-0.509251	163	7	42	437.23
0.000000	1.510910	-0.740472	164	5	44	437.20
2.617994	0.733948	3.021411	170	35	44	437.13
1.570796	1.836682	-0.676006	171	35	27	437.09
-2.094395	1.335669	0.897240	181	161	12	437.07
2.094395	1.869911	2.701025	183	186	43	437.05
-3.141593	2.760637	2.781135	8	18	45	437.02
-2.879793	1.391910	3.030322	158	23	37	437.01
-2.617994	1.977582	0.969896	176	12	55	436.97
-2.617994	0.685216	-1.712745	38	186	157	436.96
-2.617994	2.073035	2.027405	184	20	42	436.94
-3.141593	2.979456	-1.009304	187	28	29	436.89
1.047198	1.948085	-2.363031	2	18	41	436.83
-1.308997	1.242974	-2.977882	172	166	4	436.80
-1.570796	2.187132	-0.479875	166	36	30	436.76
-0.523599	1.128190	-2.288622	185	9	50	436.74
2.879793	2.247462	0.191623	160	15	43	436.74
2.879793	1.982574	-1.115518	44	2	5	436.72
2.356194	0.709924	0.218797	163	21	32	436.71
-2.879793	2.001437	0.381215	168	9	46	436.67
1.832596	1.869911	2.701025	186	41	28	436.63
-0.523599	0.203748	0.590255	162	13	43	436.63
-0.261799	2.456751	-1.503343	177	9	36	436.62
-3.141593	1.510910	-0.740472	1	29	42	436.58
-0.785398	0.297065	2.160177	186	25	35	436.53
2.094395	0.709924	0.218797	163	27	32	436.50
2.617994	1.413430	2.550734	1	191	43	436.50
-2.879793	0.685216	-1.712745	185	10	56	436.46
-2.879793	1.168678	2.108595	177	19	34	436.42
-2.879793	1.168678	2.108595	178	20	36	436.40
-1.570796	1.195355	1.200319	174	18	32	436.38
1.308997	1.545873	-1.877082	4	21	54	436.36
-0.261799	1.736875	3.023612	165	36	37	436.34
-1.308997	1.113094	-0.272241	167	27	38	436.29
-2.356194	1.134796	2.434290	164	22	32	436.28
2.094395	1.812176	0.656819	168	29	51	436.18
0.785398	1.113094	-0.272241	189	32	31	436.08
2.617994	1.504028	0.636812	162	14	46	436.03
2.879793	1.128190	-2.288622	170	23	52	436.03
-2.617994	0.370812	-2.547742	171	1	46	436.01
1.308997	0.674054	1.013609	164	28	37	436.00
-1.308997	1.256302	0.062705	166	26	33	435.97
2.617994	2.115563	0.685730	170	28	52	435.94
1.570796	2.404280	-0.174044	170	39	39	435.92
-2.879793	1.367556	0.358405	191	35	30	435.90
2.879793	0.290380	-0.796960	187	10	42	435.89
2.617994	1.335669	0.897240	166	15	48	435.85
2.879793	0.906588	1.252948	169	188	38	435.83
-0.785398	1.617114	-1.572037	169	9	48	435.77
-3.141593	0.831641	0.616218	176	17	36	435.76
1.308997	2.299159	2.264663	176	2	47	435.72
1.570796	0.571433	-1.188419	170	7	50	435.71
0.261799	2.033014	2.977192	159	21	41	435.67
-2.094395	1.195355	1.200319	165	29	20	435.65
1.570796	1.977582	0.969896	175	28	53	435.62
1.832596	1.310100	1.488307	166	17	51	435.62
0.000000	2.115563	0.685730	3	20	52	435.60
1.047198	2.104282	-0.813972	40	184	168	435.60
2.617994	1.335669	0.897240	165	12	48	435.60
-0.261799	1.870545	-2.976234	163	29	29	435.59
0.000000	2.164094	-2.991358	160	30	36	435.54
-3.141593	2.588535	-2.976617	163	28	28	435.43
-0.785398	1.113094	-0.272241	162	26	41	435.42
2.879793	1.413347	-1.339188	0	28	55	435.37
0.785398	0.864993	2.278281	156	18	33	435.36
1.047198	0.203748	0.590255	179	36	32	435.36
1.570796	2.356369	3.005869	174	186	40	435.34
1.570796	2.592629	0.909713	185	26	42	435.31
-1.047198	1.413347	-1.339188	168	19	52	435.30
1.570796	2.356369	3.005869	190	34	30	435.29
1.047198	2.073035	2.027405	174	6	46	435.29
-1.570796	0.080730	-2.622036	189	5	46	435.28
2.879793	1.413430	2.550734	168	35	30	435.24
0.261799	0.418037	1.360082	185	184	31	435.22
0.000000	1.218453	2.777284	162	26	35	435.20
-1.832596	0.899350	-2.069907	39	184	166	435.17
0.261799	2.579248	-2.364801	163	34	36	435.16
-2.356194	0.866395	-2.492918	22	187	4	435.15
-1.047198	1.875281	0.107086	44	167	3	435.07
0.261799	2.174483	2.653697	159	17	45	435.03
0.785398	0.914445	2.687814	187	22	38	435.03
1.047198	2.579248	-2.364801	157	12	33	435.02
0.000000	1.413347	-1.339188	176	9	54	435.02
-3.141593	1.812176	0.656819	167	10	50	434.89
-0.523599	1.450119	-2.739050	0	2	47	434.86
-2.356194	1.506530	1.988858	189	17	45	434.86
-2.356194	2.719179	-1.780644	164	34	32	434.83
-0.523599	1.658653	-2.409879	185	191	46	434.82
2.094395	2.356369	3.005869	186	186	42	434.76
-2.617994	2.587733	0.232235	166	9	47	434.76
-3.141593	0.850607	-1.335383	0	17	56	434.75
0.785398	2.984978	1.954446	182	190	41	434.73
-0.261799	1.875281	0.107086	158	12	23	434.70
0.785398	1.998705	2.370472	165	8	47	434.68
1.570796	2.187132	-0.479875	180	15	29	434.66
2.094395	1.699788	2.452890	180	188	46	434.66
0.523599	0.992645	-1.723759	181	14	39	434.65
0.000000	1.870545	-2.976234	161	31	33	434.63
-2.879793	0.914445	2.687814	156	25	34	434.58
-0.785398	2.299159	2.264663	170	24	50	434.57
-2.617994	1.218453	2.777284	158	17	33	434.54
-1.308997	2.724429	-0.348782	191	191	38	434.50
-2.879793	1.545873	-1.877082	174	26	51	434.49
-2.879793	1.214854	-1.966664	177	22	57	434.49
-2.094395	1.310100	1.488307	0	9	50	434.48
-2.879793	0.929350	-2.910676	160	16	42	434.47
1.832596	2.393226	1.857173	189	10	52	434.45
-0.523599	1.948085	-2.363031	41	165	178	434.44
-1.832596	2.343981	-1.040456	164	33	33	434.41
-1.047198	1.367556	0.358405	163	20	27	434.39
-2.617994	2.164094	-2.991358	159	18	31	434.37
2.094395	1.168678	2.108595	183	16	40	434.36
-0.785398	1.872854	1.543456	41	178	185	434.25
-1.047198	2.104282	-0.813972	159	21	37	434.22
-1.047198	1.242974	-2.977882	38	5	167	434.20
-2.094395	1.128190	-2.288622	175	11	54	434.18
-0.261799	1.662363	0.915448	188	23	49	434.14
-0.261799	2.396274	-1.959260	28	4	184	434.10
-2.356194	1.325504	-1.671296	180	24	57	434.09
-3.141593	2.174483	2.653697	6	12	45	434.06
2.094395	2.588535	-2.976617	31	0	185	434.05
-0.261799	2.063651	-2.044600	181	1	45	433.97
-2.356194	2.664082	-1.071402	176	33	31	433.95
-1.832596	1.756530	-2.105156	167	19	50	433.95
0.000000	0.866955	-0.931351	167	15	49	433.95
-2.617994	2.187132	-0.479875	181	24	32	433.95
0.000000	1.050534	3.042579	162	25	30	433.94
1.570796	1.301460	-0.509251	175	38	27	433.84
0.523599	1.301460	-0.509251	166	0	40	433.83
2.094395	2.153910	-1.714959	3	23	41	433.81
1.570796	2.455966	-0.641220	34	175	186	433.80
1.308997	0.700570	1.559208	159	23	39	433.79
-1.047198	1.014500	0.906702	4	17	43	433.77
2.356194	2.247462	0.191623	162	27	43	433.77
2.094395	0.700570	1.559208	166	10	41	433.74
-2.879793	1.214854	-1.966664	174	18	53	433.71
0.523599	2.396274	-1.959260	0	0	37	433.71
-2.617994	1.325504	-1.671296	42	178	170	433.67
-2.356194	0.674054	1.013609	34	0	171	433.63
2.094395	1.574060	2.783565	173	155	3	433.44
-2.356194	0.370812	-2.547742	45	0	166	433.43
-1.570796	2.041297	-2.664597	179	20	35	433.39
-0.785398	1.301460	-0.509251	162	23	43	433.37
2.094395	1.417623	-0.202254	162	28	30	433.36
-2.617994	1.214854	-1.966664	178	22	56	433.33
-0.523599	2.089241	-0.114193	156	18	24	433.31
-0.261799	2.592629	0.909713	186	6	51	433.30
0.523599	1.135834	-1.431087	180	13	56	433.26
-1.832596	2.153910	-1.714959	161	20	42	433.25
2.356194	0.929350	-2.910676	172	29	44	433.21
-0.261799	2.251330	-2.330739	170	41	27	433.18
-0.785398	0.297065	2.160177	177	185	36	433.16
-2.617994	1.247695	1.809890	2	10	50	433.15
-2.879793	2.187132	-0.479875	189	30	32	433.15
-3.141593	2.379497	0.561089	167	21	50	433.12
-0.523599	1.218453	2.777284	169	34	35	433.09
-2.094395	2.637879	2.121598	179	31	51	433.08
1.832596	1.310100	1.488307	162	13	47	433.07
-2.356194	1.721184	-0.153948	181	24	33	433.04
1.047198	2.760637	2.781135	171	190	43	433.02
-2.356194	1.413347	-1.339188	183	30	55	433.01
1.308997	1.134796	2.434290	183	19	37	432.98
2.617994	0.906588	1.252948	178	18	39	432.98
0.785398	0.914445	2.687814	187	21	38	432.98
2.879793	1.135813	-2.658866	165	27	48	432.96
0.261799	1.545873	-1.877082	38	179	169	432.86
2.356194	1.448123	-2.163292	182	24	48	432.85
-0.261799	0.906588	1.252948	185	29	41	432.77
2.879793	0.914445	2.687814	168	39	37	432.73
0.523599	1.736875	3.023612	154	17	34	432.73
-2.094395	0.458961	-0.107937	184	27	41	432.72
1.308997	2.456751	-1.503343	159	27	30	432.71
-1.308997	1.128190	-2.288622	40	188	157	432.70
-1.570796	2.455966	-0.641220	166	34	30	432.69
1.047198	1.555207	1.708892	170	16	48	432.67
0.523599	2.001437	0.381215	190	27	43	432.63
1.308997	1.872854	1.543456	176	16	55	432.61
2.879793	1.545873	-1.877082	178	29	51	432.60
-2.879793	2.396274	-1.959260	172	30	33	432.59
0.261799	1.488617	1.159546	182	30	51	432.55
2.094395	2.379497	0.561089	176	27	41	432.54
2.617994	1.113094	-0.272241	163	23	30	432.47
-1.308997	2.592629	0.909713	175	2	50	432.45
-2.879793	1.135813	-2.658866	164	19	48	432.44
-2.356194	1.574060	2.783565	10	28	41	432.43
2.617994	1.413430	2.550734	0	190	43	432.40
-2.879793	1.756530	-2.105156	170	31	50	432.40
0.261799	1.732874	-0.951685	173	191	45	432.38
-0.523599	2.704512	1.488683	171	5	48	432.37
1.047198	1.301460	-0.509251	179	186	39	432.37
2.879793	1.367556	0.358405	159	8	37	432.35
-1.047198	2.724429	-0.348782	5	5	42	432.30
2.356194	1.872854	1.543456	176	12	54	432.29
-3.141593	1.569311	-3.003978	28	182	190	432.27
1.570796	0.762244	-0.273349	190	3	44	432.26
0.523599	1.606104	-0.451151	182	14	36	432.26
-3.141593	1.662363	0.915448	172	10	53	432.22
1.832596	1.998705	2.370472	181	190	47	432.19
-0.523599	1.555207	1.708892	180	24	49	432.18
2.617994	2.089241	-0.114193	159	20	38	432.14
-3.141593	1.195355	1.200319	177	8	48	432.13
1.832596	2.404280	-0.174044	167	36	41	432.09
-2.879793	0.992645	-1.723759	186	21	57	432.09
0.000000	1.256302	0.062705	158	5	30	432.07
2.094395	0.762244	-0.273349	167	32	27	432.03
-1.308997	2.984978	1.954446	165	24	49	432.01
-1.047198	2.592629	0.909713	38	164	191	432.00
-1.832596	2.979456	-1.009304	0	0	40	431.99
-1.570796	2.379497	0.561089	180	190	47	431.96
2.094395	2.299159	2.264663	188	4	48	431.96
-1.570796	1.301460	-0.509251	172	32	42	431.93
-3.141593	0.419640	2.974122	159	21	41	431.92
-0.523599	2.187132	-0.479875	158	14	31	431.91
-1.308997	1.506530	1.988858	185	27	48	431.85
2.879793	2.592629	0.909713	174	23	35	431.81
0.261799	1.113094	-0.272241	161	3	38	431.80
-0.523599	1.909857	-0.381669	158	16	33	431.78
2.617994	1.184361	0.625864	160	11	42	431.77
2.617994	1.506530	1.988858	185	5	52	431.74
1.308997	1.413430	2.550734	36	3	185	431.72
-0.523599	0.297065	2.160177	185	5	42	431.69
-1.832596	1.135813	-2.658866	174	6	49	431.60
-1.308997	1.872854	1.543456	184	18	55	431.59
0.523599	1.617114	-1.572037	40	179	169	431.57
2.617994	1.721184	-0.153948	157	15	30	431.56
2.617994	1.741644	-2.695914	36	164	180	431.55
-1.047198	0.297065	2.160177	188	37	33	431.53
2.879793	0.290380	-0.796960	191	10	48	431.50
2.094395	2.404280	-0.174044	162	31	40	431.48
-3.141593	2.881233	-2.582574	188	160	5	431.43
0.523599	2.863997	0.549740	191	17	39	431.42
-3.141593	0.906588	1.252948	29	0	189	431.38
-2.356194	0.640596	-2.797608	170	4	48	431.38
2.879793	0.615174	-0.666022	166	23	22	431.37
-2.094395	0.419640	2.974122	178	17	41	431.24
0.523599	0.700570	1.559208	183	10	31	431.19
-0.261799	1.545873	-1.877082	180	4	50	431.15
-1.570796	2.089241	-0.114193	178	22	33	431.13
2.617994	1.440580	2.260026	189	1	48	431.10
0.785398	1.025536	1.576859	165	29	45	431.06
2.617994	0.571433	-1.188419	45	171	187	431.04
-1.047198	0.640596	-2.797608	187	5	48	431.04
2.617994	1.569311	-3.003978	173	33	40	431.03
-2.617994	0.203748	0.590255	181	34	41	431.00
-1.832596	0.850607	-1.335383	183	24	53	430.97
-0.523599	0.080730	-2.622036	183	19	39	430.95
-2.356194	1.662363	0.915448	173	165	16	430.88
1.570796	1.301460	-0.509251	191	188	41	430.87
-3.141593	1.448123	-2.163292	170	26	50	430.83
0.261799	0.866955	-0.931351	169	15	52	430.80
0.785398	0.618092	2.539118	162	19	34	430.76
0.000000	2.588535	-2.976617	160	26	40	430.75
-2.879793	1.450119	-2.739050	163	23	46	430.70
1.570796	2.719179	-1.780644	157	11	34	430.69
-0.785398	0.866955	-0.931351	175	17	37	430.66
-2.617994	0.080730	-2.622036	182	15	42	430.63
0.000000	0.914445	2.687814	164	29	35	430.59
2.094395	1.440580	2.260026	178	2	48	430.59
-0.261799	1.998705	2.370472	168	26	50	430.58
2.879793	1.736875	3.023612	168	30	35	430.51
1.832596	1.846342	-1.796954	4	23	49	430.40
-1.832596	0.674054	1.013609	42	169	1	430.37
-0.785398	0.850607	-1.335383	42	171	150	430.33
0.785398	0.419640	2.974122	172	12	32	430.27
1.047198	2.104282	-0.813972	167	3	184	430.27
-3.141593	0.864993	2.278281	166	35	33	430.26
-3.141593	1.766067	2.153843	184	15	38	430.25
-2.356194	2.138223	1.678323	180	19	43	430.25
-2.094395	2.108018	1.311430	181	16	58	430.21
1.832596	0.674054	1.013609	160	22	38	430.21
2.356194	0.700570	1.559208	182	21	37	430.21
1.570796	0.591903	2.010408	160	8	35	430.14
-0.261799	0.618092	2.539118	31	179	0	430.13
-2.879793	2.299159	2.264663	186	22	41	430.12
2.094395	2.724429	-0.348782	165	33	43	430.09
-1.832596	1.662363	0.915448	177	165	15	430.08
-0.523599	0.850607	-1.335383	173	23	52	430.08
2.356194	1.128190	-2.288622	173	28	52	430.07
-3.141593	1.846342	-1.796954	180	23	36	430.05
2.879793	1.554776	0.100351	161	12	39	430.02
1.047198	0.992645	-1.723759	180	14	39	429.98
2.617994	0.203748	0.590255	189	21	40	429.96
0.261799	1.732874	-0.951685	171	191	44	429.89
-3.141593	2.247462	0.191623	163	13	45	429.88
1.047198	1.555207	1.708892	168	18	52	429.81
1.570796	0.290380	-0.796960	183	16	42	429.81
0.785398	2.478122	2.609777	167	3	46	429.78
2.617994	2.164094	-2.991358	173	29	30	429.76
0.785398	0.458961	-0.107937	188	24	34	429.74
-3.141593	1.374601	-2.456031	165	25	47	429.70
-1.832596	2.001437	0.381215	181	189	44	429.65
1.570796	0.496451	0.593859	164	28	29	429.62
1.047198	2.251330	-2.330739	158	16	29	429.61
-1.047198	0.850607	-1.335383	40	170	151	429.60
-1.308997	1.128190	-2.288622	183	11	54	429.59
-1.570796	1.696674	-1.253233	167	22	40	429.56
2.879793	1.301460	-0.509251	159	14	23	429.55
1.308997	1.413430	2.550734	3	33	30	429.52
1.570796	1.545873	-1.877082	189	17	48	429.50
-0.261799	1.824694	1.850876	177	25	55	429.48
-0.261799	2.187132	-0.479875	159	7	30	429.48
2.879793	1.050534	3.042579	167	35	42	429.46
2.879793	1.696674	-1.253233	190	29	47	429.44
-1.570796	2.379497	0.561089	179	191	48	429.42
-0.261799	1.569311	-3.003978	184	16	38	429.41
-2.879793	1.766067	2.153843	41	183	176	429.40
-1.308997	1.135813	-2.658866	177	0	47	429.36
-1.308997	1.506530	1.988858	189	30	52	429.24
-2.356194	0.370812	-2.547742	166	158	13	429.23
-0.261799	2.588535	-2.976617	163	31	38	429.23
-1.570796	0.961715	0.014085	170	30	37	429.19
0.000000	1.736875	3.023612	161	23	34	429.17
-1.570796	1.413347	-1.339188	174	19	39	429.15
0.000000	2.588535	-2.976617	162	23	34	429.08
0.785398	0.762244	-0.273349	170	189	40	429.07
-3.141593	1.335669	0.897240	168	191	43	429.06
2.356194	1.025536	1.576859	165	0	41	429.06
-2.879793	2.760637	2.781135	4	24	43	429.03
-0.785398	1.872854	1.543456	183	21	56	429.02
-2.094395	1.050534	3.042579	164	4	40	429.00
0.523599	0.640596	-2.797608	6	29	50	428.97
2.356194	1.128190	-2.288622	180	18	35	428.94
-2.617994	1.998705	2.370472	191	25	47	428.92
1.047198	2.379497	0.561089	185	28	41	428.91
-2.094395	0.674054	1.013609	163	33	28	428.90
-1.047198	2.138223	1.678323	176	20	56	428.88
-1.047198	0.615174	-0.666022	177	20	39	428.84
1.832596	1.599406	1.426070	52	182	157	428.84
2.094395	1.195355	1.200319	160	13	44	428.81
1.832596	1.545873	-1.877082	191	21	52	428.78
-1.570796	2.592629	0.909713	50	186	156	428.76
-1.308997	2.073035	2.027405	179	19	41	428.72
-2.356194	2.299159	2.264663	184	24	42	428.72
-1.570796	0.619654	-2.216909	33	188	156	428.71
2.617994	1.510910	-0.740472	10	17	45	428.69
-0.261799	2.592629	0.909713	185	5	47	428.69
1.570796	2.174483	2.653697	176	189	47	428.68
0.261799	1.555207	1.708892	171	24	48	428.65
2.617994	2.001437	0.381215	163	23	47	428.65
2.617994	1.450119	-2.739050	172	28	42	428.64
0.785398	0.419640	2.974122	7	28	45	428.64
1.308997	0.203748	0.590255	174	32	32	428.61
-1.570796	2.247462	0.191623	181	0	43	428.53
0.785398	2.115563	0.685730	189	22	44	428.52
1.570796	1.113094	-0.272241	171	35	25	428.52
2.617994	1.872854	1.543456	43	183	169	428.52
2.879793	0.379747	-1.713059	45	188	163	428.52
2.356194	0.910508	1.903534	173	0	42	428.52
1.832596	0.960688	-0.577532	0	4	48	428.50
2.879793	1.450119	-2.739050	171	34	47	428.50
-0.261799	2.251330	-2.330739	21	10	183	428.49
-1.308997	1.417623	-0.202254	44	163	185	428.49
1.570796	1.195355	1.200319	164	27	48	428.47
-3.141593	2.073035	2.027405	191	14	54	428.44
0.261799	0.992645	-1.723759	179	16	53	428.44
-1.832596	1.194549	-0.801900	176	35	47	428.44
-2.617994	0.370812	-2.547742	29	1	187	428.34
-1.047198	2.863997	0.549740	42	190	165	428.34
2.879793	2.349581	-2.702517	191	190	31	428.33
-1.047198	1.545873	-1.877082	170	9	52	428.31
-1.832596	2.343981	-1.040456	32	179	186	428.23
2.617994	2.138223	1.678323	186	14	51	428.22
0.523599	1.545873	-1.877082	38	179	168	428.16
1.047198	1.982574	-1.115518	187	1	43	428.16
-2.879793	1.448123	-2.163292	174	30	53	428.16
-2.356194	0.080730	-2.622036	26	181	3	428.02
1.570796	1.195355	1.200319	165	26	49	428.00
-3.141593	0.864993	2.278281	179	20	37	427.94
0.261799	1.658653	-2.409879	174	18	29	427.91
1.832596	2.295480	1.008277	179	28	52	427.89
-0.785398	1.721184	-0.153948	159	24	32	427.88
-1.308997	1.450119	-2.739050	173	190	43	427.84
0.785398	2.180315	-1.357379	180	17	33	427.84
1.570796	2.478122	2.609777	182	189	46	427.83
-2.879793	1.448123	-2.163292	161	173	0	427.78
-3.141593	1.168678	2.108595	2	189	44	427.78
1.570796	1.325504	-1.671296	186	14	52	427.76
2.356194	2.115563	0.685730	166	26	49	427.73
-1.832596	0.419640	2.974122	179	14	41	427.70
1.047198	0.992645	-1.723759	177	15	49	427.69
2.879793	1.870545	-2.976234	180	18	19	427.67
2.879793	1.448123	-2.163292	173	28	51	427.64
-0.523599	1.367556	0.358405	155	16	24	427.59
1.832596	0.960688	-0.577532	190	191	46	427.59
0.261799	0.850607	-1.335383	176	13	33	427.57
2.356194	2.404280	-0.174044	162	28	41	427.56
-2.094395	2.001437	0.381215	179	2	47	427.54
-1.570796	1.184361	0.625864	191	7	43	427.53
-2.617994	0.914445	2.687814	157	17	34	427.51
-2.879793	1.247695	1.809890	30	2	162	427.45
-0.523599	1.683268	0.374177	8	18	46	427.40
1.570796	1.256302	0.062705	170	34	33	427.39
1.308997	2.379497	0.561089	183	29	41	427.31
0.785398	1.904882	-1.478089	186	1	44	427.28
0.000000	1.721184	-0.153948	158	5	28	427.28
2.094395	1.699788	2.452890	188	4	47	427.26
-1.832596	2.379497	0.561089	41	178	171	427.22
-0.785398	1.050534	3.042579	184	11	39	427.20
-1.308997	1.617114	-1.572037	155	167	8	427.20
-2.356194	2.404280	-0.174044	186	29	30	427.19
2.356194	2.174483	2.653697	190	191	43	427.17
-1.308997	2.979456	-1.009304	162	28	26	427.16
-2.094395	0.850607	-1.335383	182	21	48	427.16
2.617994	2.187132	-0.479875	158	16	33	427.14
2.094395	1.545873	-1.877082	188	26	53	427.12
-2.879793	2.379497	0.561089	166	16	51	427.07
0.523599	0.762244	-0.273349	164	1	40	427.06
0.000000	1.504028	0.636812	2	30	48	427.02
1.832596	1.846342	-1.796954	3	24	49	427.01
-1.832596	0.992645	-1.723759	178	17	48	427.00
-3.141593	1.413430	2.550734	180	24	36	426.98
-0.261799	2.180315	-1.357379	167	190	38	426.98
-2.617994	0.685216	-1.712745	187	11	56	426.94
2.617994	0.992645	-1.723759	42	177	3	426.93
-2.356194	1.413430	2.550734	10	25	44	426.90
-3.141593	2.251330	-2.330739	167	36	36	426.90
2.094395	0.762244	-0.273349	41	172	6	426.89
-1.308997	2.115563	0.685730	181	8	49	426.81
1.570796	0.992645	-1.723759	179	15	53	426.80
1.308997	1.869911	2.701025	167	191	40	426.76
1.832596	2.073035	2.027405	182	5	51	426.74
1.570796	1.875281	0.107086	180	16	30	426.73
-2.617994	0.591903	2.010408	162	32	36	426.70
-1.308997	0.992645	-1.723759	42	178	4	426.70
1.047198	0.709924	0.218797	184	191	38	426.68
-2.617994	1.766067	2.153843	182	20	39	426.64
1.832596	1.413430	2.550734	181	11	40	426.61
-2.617994	0.640596	-2.797608	166	7	48	426.60
2.879793	0.899350	-2.069907	171	16	52	426.58
1.308997	1.301460	-0.509251	170	149	191	426.54
1.047198	1.025536	1.576859	163	27	46	426.52
-2.879793	2.108018	1.311430	42	180	163	426.49
2.094395	2.247462	0.191623	164	31	42	426.47
2.617994	2.587733	0.232235	163	26	46	426.41
1.308997	1.909857	-0.381669	27	6	187	426.38
-2.879793	1.506530	1.988858	187	12	43	426.38
-0.261799	2.455966	-0.641220	162	9	31	426.34
-2.617994	1.440580	2.260026	165	21	26	426.34
0.000000	1.809167	1.213774	183	23	54	426.31
-1.832596	2.455966	-0.641220	169	38	29	426.30
0.261799	1.448123	-2.163292	183	13	42	426.26
2.094395	2.299159	2.264663	189	3	47	426.24
2.879793	1.599406	1.426070	175	5	52	426.22
1.047198	1.413430	2.550734	37	1	185	426.15
-0.261799	1.756530	-2.105156	40	176	172	426.14
1.308997	1.732874	-0.951685	187	0	41	426.12
2.094395	0.700570	1.559208	164	7	40	426.08
2.617994	1.977582	0.969896	168	18	52	426.02
-0.261799	2.104282	-0.813972	162	4	37	426.01
-1.832596	2.724429	-0.348782	171	187	184	425.94
1.047198	1.413347	-1.339188	188	10	55	425.94
-2.617994	2.719179	-1.780644	168	39	32	425.90
2.617994	0.619654	-2.216909	168	15	51	425.87
-3.141593	0.615174	-0.666022	0	19	45	425.87
-2.356194	0.674054	1.013609	177	25	36	425.86
0.523599	1.050534	3.042579	187	22	38	425.86
2.617994	1.875281	0.107086	159	20	41	425.85
1.308997	1.599406	1.426070	173	27	55	425.84
2.617994	1.909857	-0.381669	158	17	32	425.74
-0.785398	2.295480	1.008277	179	10	50	425.69
-2.617994	0.571433	-1.188419	184	17	42	425.69
-0.261799	1.948085	-2.363031	188	3	45	425.63
2.879793	1.683268	0.374177	159	10	40	425.60
-1.570796	2.089241	-0.114193	188	190	40	425.53
2.617994	0.914445	2.687814	172	39	38	425.53
-1.832596	2.979456	-1.009304	1	0	41	425.52
-0.785398	1.391910	3.030322	174	40	34	425.50
1.570796	0.960688	-0.577532	46	167	184	425.48
-1.832596	1.662363	0.915448	184	3	48	425.48
-1.832596	1.545873	-1.877082	171	22	54	425.44
-2.617994	0.640596	-2.797608	155	166	12	425.44
-0.785398	2.587733	0.232235	191	2	43	425.43
0.000000	2.379497	0.561089	4	15	50	425.41
2.879793	0.674054	1.013609	168	5	39	425.40
-3.141593	1.574060	2.783565	165	28	33	425.37
2.617994	0.615174	-0.666022	188	12	42	425.35
0.000000	1.977582	0.969896	189	20	54	425.34
-2.094395	2.664082	-1.071402	172	174	188	425.32
-2.617994	0.640596	-2.797608	170	10	50	425.29
0.261799	1.809167	1.213774	181	21	51	425.27
2.356194	0.615174	-0.666022	48	173	182	425.26
-2.094395	0.910508	1.903534	160	20	29	425.26
-1.832596	1.696674	-1.253233	174	20	35	425.26
2.879793	1.869911	2.701025	181	16	34	425.22
-2.356194	2.089241	-0.114193	180	24	33	425.22
-2.094395	1.977582	0.969896	171	169	18	425.19
-0.261799	2.343981	-1.040456	182	24	33	425.19
0.261799	2.637879	2.121598	170	4	48	425.18
-2.879793	2.174483	2.653697	10	16	47	425.15
-2.879793	2.164094	-2.991358	165	25	36	425.12
-0.785398	2.863997	0.549740	183	0	46	425.11
0.261799	1.555207	1.708892	172	24	49	425.06
1.047198	1.545873	-1.877082	182	171	17	425.05
2.879793	1.367556	0.358405	160	9	39	425.03
0.000000	1.134796	2.434290	58	163	169	425.00
0.261799	1.506530	1.988858	166	24	46	424.97
1.570796	1.869911	2.701025	172	188	43	424.96
0.785398	0.370812	-2.547742	180	33	46	424.96
2.094395	2.247462	0.191623	54	165	160	424.95
1.047198	1.113094	-0.272241	12	37	10	424.94
0.000000	2.180315	-1.357379	26	182	188	424.91
-1.308997	2.760637	2.781135	171	34	40	424.88
2.879793	1.510910	-0.740472	188	25	39	424.87
-3.141593	2.724429	-0.348782	59	182	167	424.84
-2.094395	0.992645	-1.723759	185	20	57	424.83
-1.832596	0.762244	-0.273349	180	26	40	424.83
-1.047198	0.458961	-0.107937	164	29	41	424.81
2.094395	0.458961	-0.107937	172	31	31	424.76
1.832596	0.571433	-1.188419	176	3	46	424.71
-0.261799	1.450119	-2.739050	39	171	8	424.70
2.094395	1.545873	-1.877082	187	27	52	424.63
1.047198	1.824694	1.850876	171	13	53	424.60
1.570796	0.910508	1.903534	161	11	43	424.59
2.356194	1.736875	3.023612	178	40	35	424.57
-0.785398	0.571433	-1.188419	179	30	52	424.55
-1.570796	1.909857	-0.381669	31	179	187	424.54
2.356194	2.295480	1.008277	179	23	44	424.52
2.617994	1.872854	1.543456	177	11	54	424.48
2.879793	0.850607	-1.335383	189	15	56	424.45
-0.523599	2.393226	1.857173	168	16	52	424.44
1.832596	2.356369	3.005869	32	0	186	424.43
2.356194	2.073035	2.027405	187	7	51	424.43
-2.879793	1.014500	0.906702	22	161	5	424.40
0.261799	2.001437	0.381215	5	27	48	424.36
1.570796	1.247695	1.809890	162	10	45	424.32
-0.261799	2.407836	1.410646	182	9	56	424.31
-2.094395	2.456751	-1.503343	164	34	38	424.29
2.879793	2.356369	3.005869	10	4	44	424.21
-1.308997	1.194549	-0.801900	169	31	48	424.21
0.000000	2.187132	-0.479875	4	28	34	424.20
2.356194	1.909857	-0.381669	158	21	29	424.18
-0.523599	1.982574	-1.115518	161	7	41	424.16
-1.308997	1.128190	-2.288622	40	189	158	424.12
1.308997	0.992645	-1.723759	181	14	38	424.11
-2.356194	1.736875	3.023612	189	26	36	424.07
1.832596	2.760637	2.781135	7	31	9	424.05
-1.570796	0.618092	2.539118	165	190	33	423.99
1.047198	2.881233	-2.582574	164	176	0	423.93
2.879793	1.812176	0.656819	165	14	50	423.93
2.617994	1.195355	1.200319	164	3	44	423.85
0.000000	1.128190	-2.288622	189	13	51	423.84
1.308997	1.812176	0.656819	181	21	36	423.83
2.356194	0.290380	-0.796960	188	1	49	423.80
0.523599	2.343981	-1.040456	181	22	33	423.77
-2.879793	1.335669	0.897240	174	7	48	423.77
0.785398	1.812176	0.656819	186	27	47	423.73
-0.261799	2.089241	-0.114193	51	2	191	423.69
2.617994	1.135834	-1.431087	186	16	54	423.68
1.047198	0.618092	2.539118	181	21	36	423.68
-1.832596	1.184361	0.625864	188	5	43	423.65
-3.141593	0.910508	1.903534	189	185	38	423.65
1.570796	2.343981	-1.040456	160	30	29	423.56
-3.141593	1.242974	-2.977882	166	31	44	423.53
-2.094395	2.404280	-0.174044	32	11	181	423.50
-2.356194	1.168678	2.108595	61	176	183	423.46
0.261799	0.297065	2.160177	179	175	2	423.43
-2.879793	1.367556	0.358405	166	189	36	423.41
2.356194	1.812176	0.656819	163	22	48	423.38
1.047198	1.998705	2.370472	170	6	51	423.32
-1.570796	0.929350	-2.910676	177	191	47	423.32
-0.523599	0.297065	2.160177	180	0	40	423.30
-0.523599	0.458961	-0.107937	163	18	35	423.29
0.785398	0.910508	1.903534	160	26	42	423.29
-3.141593	1.335669	0.897240	0	34	26	423.27
0.523599	1.450119	-2.739050	1	18	42	423.24
-2.617994	0.733948	3.021411	163	17	44	423.23
2.094395	1.824694	1.850876	44	180	169	423.22
-2.094395	1.413347	-1.339188	174	26	46	423.13
1.570796	1.325504	-1.671296	187	14	53	423.12
-2.094395	1.554776	0.100351	180	23	34	423.10
0.523599	0.733948	3.021411	161	12	28	423.09
-0.261799	1.732874	-0.951685	163	6	43	423.06
2.094395	1.014500	0.906702	161	21	43	423.04
-2.879793	1.574060	2.783565	163	23	33	423.01
1.047198	2.396274	-1.959260	161	27	29	423.01
-2.356194	2.299159	2.264663	184	31	47	422.98
-1.570796	1.662363	0.915448	185	12	50	422.98
-1.832596	1.812176	0.656819	181	0	47	422.96
1.832596	1.045978	0.343692	166	29	38	422.94
-2.617994	1.214854	-1.966664	176	19	56	422.94
0.261799	2.379497	0.561089	4	19	50	422.94
2.617994	1.545873	-1.877082	34	190	15	422.90
1.570796	2.881233	-2.582574	4	30	30	422.90
-2.879793	0.700570	1.559208	185	189	38	422.84
-2.094395	1.335669	0.897240	185	191	45	422.82
0.000000	1.247695	1.809890	175	23	37	422.81
-2.879793	2.478122	2.609777	5	21	45	422.71
2.356194	0.850607	-1.335383	44	174	189	422.69
-0.261799	1.683268	0.374177	191	18	40	422.67
2.617994	0.571433	-1.188419	185	3	51	422.65
1.308997	2.456751	-1.503343	160	29	30	422.65
-2.094395	2.404280	-0.174044	30	11	181	422.64
-2.094395	1.488617	1.159546	186	7	52	422.63
-1.047198	2.063651	-2.044600	177	14	41	422.62
-0.523599	0.831641	0.616218	175	17	36	422.62
-2.879793	1.195355	1.200319	180	5	49	422.53
2.094395	1.413430	2.550734	185	1	43	422.50
1.308997	1.440580	2.260026	164	6	43	422.50
-2.094395	2.863997	0.549740	56	183	161	422.48
0.785398	2.396274	-1.959260	162	33	29	422.47
-2.094395	2.704512	1.488683	173	18	33	422.47
2.879793	0.571433	-1.188419	191	8	54	422.41
1.570796	1.599406	1.426070	168	18	52	422.40
1.308997	0.831641	0.616218	185	9	32	422.36
1.832596	2.404280	-0.174044	164	34	37	422.35
-2.879793	0.700570	1.559208	178	160	4	422.35
-2.617994	1.599406	1.426070	37	185	164	422.35
1.047198	1.872854	1.543456	177	15	52	422.29
-1.570796	1.135834	-1.431087	178	18	43	422.28
-1.308997	1.194549	-0.801900	20	0	10	422.24
2.356194	2.724429	-0.348782	162	29	42	422.23
2.879793	2.979456	-1.009304	176	16	36	422.20
-0.523599	1.982574	-1.115518	162	6	41	422.16
-1.832596	2.295480	1.008277	46	182	153	422.12
-2.356194	1.413430	2.550734	158	13	27	422.09
1.832596	2.299159	2.264663	183	4	50	422.00
-1.570796	1.242974	-2.977882	184	29	33	422.00
-3.141593	0.992645	-1.723759	180	14	54	421.95
1.308997	0.910508	1.903534	157	13	38	421.93
-2.356194	2.379497	0.561089	170	10	51	421.88
-0.261799	1.683268	0.374177	190	17	38	421.86
-0.261799	1.904882	-1.478089	172	0	45	421.85
-2.879793	1.374601	-2.456031	165	22	49	421.83
-1.832596	1.824694	1.850876	185	22	52	421.75
0.785398	2.295480	1.008277	190	19	53	421.74
-2.879793	1.050534	3.042579	163	25	41	421.73
-3.141593	1.440580	2.260026	41	181	175	421.71
2.617994	1.875281	0.107086	62	178	164	421.66
0.000000	0.899350	-2.069907	184	19	52	421.65
2.356194	2.587733	0.232235	169	36	47	421.64
2.617994	2.881233	-2.582574	185	188	39	421.63
1.570796	1.195355	1.200319	160	23	45	421.63
2.879793	1.870545	-2.976234	179	18	19	421.60
-2.356194	1.617114	-1.572037	176	29	54	421.52
1.570796	2.001437	0.381215	176	30	40	421.52
-2.094395	2.863997	0.549740	56	184	162	421.49
-0.261799	2.478122	2.609777	163	20	47	421.48
-2.879793	1.128190	-2.288622	168	16	50	421.45
-2.879793	0.619654	-2.216909	178	12	54	421.41
1.832596	1.488617	1.159546	164	20	48	421.37
1.308997	1.310100	1.488307	165	21	50	421.36
1.832596	2.073035	2.027405	190	14	52	421.35
-0.523599	0.831641	0.616218	2	21	38	421.34
-2.617994	1.045978	0.343692	179	20	35	421.33
-2.617994	0.866395	-2.492918	170	10	51	421.32
-1.047198	1.417623	-0.202254	162	30	37	421.30
-1.570796	1.135813	-2.658866	179	7	50	421.30
2.617994	0.370812	-2.547742	162	16	45	421.27
1.570796	2.760637	2.781135	183	188	46	421.23
-1.047198	2.456751	-1.503343	165	17	38	421.22
-2.879793	2.724429	-0.348782	153	164	4	421.19
2.356194	0.080730	-2.622036	162	17	43	421.19
0.000000	2.637879	2.121598	167	7	48	421.15
-0.523599	2.247462	0.191623	162	26	21	421.11
1.570796	2.001437	0.381215	180	23	36	421.10
-0.523599	1.413347	-1.339188	51	181	153	421.09
0.000000	1.617114	-1.572037	179	4	53	421.07
-0.261799	1.374601	-2.456031	191	4	48	421.07
-0.785398	1.413347	-1.339188	169	15	51	421.06
0.261799	0.866395	-2.492918	186	19	44	421.06
0.523599	1.870545	-2.976234	158	22	33	421.05
2.356194	1.846342	-1.796954	188	25	45	421.00
-0.785398	2.404280	-0.174044	8	11	42	421.00
1.832596	1.869911	2.701025	178	186	41	421.00
-2.356194	0.640596	-2.797608	171	4	49	420.98
2.617994	2.760637	2.781135	9	8	46	420.96
-2.617994	0.080730	-2.622036	171	190	42	420.95
0.785398	0.496451	0.593859	181	34	35	420.92
2.879793	1.195355	1.200319	173	9	48	420.91
-0.523599	1.374601	-2.456031	187	2	48	420.89
2.617994	1.433411	-1.035986	5	17	48	420.85
1.570796	0.700570	1.559208	160	17	40	420.83
-1.832596	1.194549	-0.801900	177	31	46	420.83
2.879793	1.488617	1.159546	169	4	48	420.81
-1.308997	2.456751	-1.503343	162	19	38	420.80
0.261799	2.984978	1.954446	189	31	26	420.80
-2.879793	1.135813	-2.658866	162	17	45	420.76
-0.785398	2.063651	-2.044600	161	160	8	420.74
1.308997	1.696674	-1.253233	189	5	47	420.69
0.000000	0.418037	1.360082	184	20	36	420.69
2.879793	0.709924	0.218797	8	29	40	420.65
-2.617994	1.184361	0.625864	36	163	181	420.55
0.261799	0.458961	-0.107937	1	26	31	420.54
-2.356194	0.866395	-2.492918	173	7	51	420.54
-2.879793	0.700570	1.559208	178	25	36	420.54
0.785398	0.831641	0.616218	30	188	190	420.53
2.356194	2.984978	1.954446	3	22	44	420.53
-0.261799	1.977582	0.969896	189	19	54	420.49
1.570796	1.555207	1.708892	168	11	50	420.48
-2.356194	1.766067	2.153843	190	22	48	420.46
-2.356194	0.910508	1.903534	158	23	25	420.45
-2.356194	1.809167	1.213774	40	177	180	420.45
-1.570796	1.662363	0.915448	187	8	51	420.44
2.879793	1.195355	1.200319	174	11	48	420.42
-1.832596	0.831641	0.616218	181	8	33	420.39
2.094395	0.960688	-0.577532	168	29	20	420.33
0.261799	1.113094	-0.272241	1	28	31	420.32
2.879793	1.909857	-0.381669	161	12	33	420.26
-2.356194	1.310100	1.488307	191	10	51	420.25
-0.261799	1.367556	0.358405	8	25	41	420.25
0.000000	1.658653	-2.409879	181	13	38	420.20
-2.094395	1.374601	-2.456031	156	168	14	420.19
-0.523599	1.218453	2.777284	187	190	33	420.18
2.094395	1.310100	1.488307	164	8	47	420.13
-0.261799	1.846342	-1.796954	168	157	13	420.13
-1.047198	1.554776	0.100351	163	33	29	420.13
-0.261799	1.948085	-2.363031	44	167	178	420.00
0.000000	1.809167	1.213774	184	23	54	419.99
1.570796	2.592629	0.909713	187	30	51	419.98
0.785398	1.510910	-0.740472	176	188	42	419.98
1.047198	0.571433	-1.188419	54	180	155	419.93
-0.523599	0.297065	2.160177	28	4	188	419.88
-2.879793	0.906588	1.252948	178	190	42	419.85
-0.261799	1.766067	2.153843	172	23	49	419.84
2.094395	0.910508	1.903534	166	3	42	419.71
-3.141593	2.588535	-2.976617	162	29	28	419.70
-2.094395	1.194549	-0.801900	182	33	47	419.68
0.000000	0.418037	1.360082	182	34	36	419.64
0.000000	1.617114	-1.572037	166	160	15	419.59
-0.523599	0.929350	-2.910676	190	5	45	419.57
2.617994	0.203748	0.590255	8	26	44	419.57
-0.523599	2.295480	1.008277	43	175	179	419.55
2.879793	2.001437	0.381215	161	15	45	419.45
-2.617994	0.080730	-2.622036	36	164	184	419.42
2.879793	1.909857	-0.381669	159	11	32	419.40
-1.832596	0.762244	-0.273349	28	179	189	419.40
0.523599	2.041297	-2.664597	156	20	27	419.39
-0.523599	2.407836	1.410646	178	9	55	419.38
2.617994	0.709924	0.218797	162	18	33	419.37
-2.879793	0.992645	-1.723759	186	21	56	419.34
-1.570796	1.741644	-2.695914	179	20	37	419.29
1.832596	1.194549	-0.801900	46	176	176	419.28
-0.523599	1.135834	-1.431087	46	177	150	419.28
-0.785398	2.478122	2.609777	167	29	47	419.27
-0.523599	1.214854	-1.966664	42	174	1	419.26
-2.356194	1.617114	-1.572037	173	25	40	419.26
2.356194	1.872854	1.543456	44	181	169	419.24
-2.094395	2.295480	1.008277	175	12	56	419.23
2.356194	1.413430	2.550734	178	40	30	419.13
2.356194	1.766067	2.153843	183	1	51	419.11
-1.047198	1.721184	-0.153948	161	29	32	419.10
0.000000	2.174483	2.653697	160	22	46	419.10
-0.261799	2.863997	0.549740	191	2	43	419.09
2.094395	0.866955	-0.931351	189	8	53	419.07
0.261799	1.766067	2.153843	167	22	52	419.03
-2.356194	1.335669	0.897240	180	1	47	418.97
-0.261799	1.870545	-2.976234	165	35	32	418.88
0.785398	1.812176	0.656819	189	38	50	418.86
-0.523599	2.180315	-1.357379	164	1	39	418.84
-0.261799	1.450119	-2.739050	164	27	22	418.76
2.879793	1.134497	-1.109631	186	20	45	418.74
-0.785398	1.367556	0.358405	179	17	36	418.74
-0.785398	1.846342	-1.796954	168	4	48	418.70
-1.832596	1.450119	-2.739050	169	8	47	418.68
0.261799	2.164094	-2.991358	157	23	36	418.68
0.523599	0.418037	1.360082	181	13	37	418.67
-2.356194	0.619654	-2.216909	182	6	54	418.67
-0.785398	2.153910	-1.714959	6	39	22	418.64
0.785398	1.391910	3.030322	4	25	37	418.62
1.047198	1.310100	1.488307	168	19	45	418.59
0.000000	0.618092	2.539118	166	32	34	418.58
1.047198	2.579248	-2.364801	159	17	36	418.57
-1.308997	1.948085	-2.363031	168	5	45	418.56
-2.879793	2.251330	-2.330739	164	33	38	418.54
-2.356194	1.050534	3.042579	163	14	42	418.54
2.617994	2.174483	2.653697	3	2	45	418.52
2.617994	0.866395	-2.492918	167	24	51	418.51
2.617994	1.599406	1.426070	44	184	172	418.51
-3.141593	2.299159	2.264663	3	17	49	418.50
2.617994	1.870545	-2.976234	172	33	37	418.48
-2.094395	1.310100	1.488307	164	25	20	418.43
2.617994	1.310100	1.488307	175	8	51	418.41
0.261799	1.510910	-0.740472	190	26	29	418.37
1.832596	2.404280	-0.174044	166	36	40	418.37
-0.261799	1.413347	-1.339188	172	11	53	418.34
-1.308997	1.846342	-1.796954	152	162	4	418.34
0.261799	1.756530	-2.105156	190	10	50	418.32
2.094395	1.872854	1.543456	174	14	54	418.24
-0.523599	2.664082	-1.071402	163	7	31	418.21
2.356194	0.290380	-0.796960	45	169	182	418.20
0.523599	1.134497	-1.109631	174	7	50	418.19
-3.141593	1.374601	-2.456031	172	31	51	418.17
-2.094395	1.662363	0.915448	173	165	14	418.16
-2.879793	2.033014	2.977192	164	25	32	418.15
-2.094395	2.724429	-0.348782	26	172	0	418.11
-0.523599	1.374601	-2.456031	38	182	171	418.08
-0.261799	1.488617	1.159546	186	26	50	418.07
2.617994	2.478122	2.609777	3	8	45	418.06
0.000000	1.214854	-1.966664	187	13	56	418.04
0.261799	1.736875	3.023612	48	177	189	418.01
-0.261799	1.128190	-2.288622	189	11	50	417.99
1.308997	2.760637	2.781135	45	188	167	417.98
-0.523599	2.187132	-0.479875	160	19	33	417.97
2.094395	0.906588	1.252948	162	14	43	417.94
-0.523599	1.756530	-2.105156	179	0	48	417.94
-2.617994	2.164094	-2.991358	158	16	27	417.81
-1.832596	0.640596	-2.797608	23	171	11	417.78
0.000000	2.001437	0.381215	7	23	48	417.78
1.570796	2.592629	0.909713	186	25	42	417.73
-1.570796	1.242974	-2.977882	182	19	37	417.71
1.832596	1.699788	2.452890	175	189	46	417.69
1.832596	2.478122	2.609777	187	190	47	417.68
-0.261799	1.741644	-2.695914	2	6	44	417.64
-1.832596	1.310100	1.488307	184	14	41	417.62
-2.094395	1.325504	-1.671296	178	21	57	417.57
0.261799	1.128190	-2.288622	189	15	50	417.49
2.094395	1.128190	-2.288622	178	23	48	417.48
1.308997	0.458961	-0.107937	43	158	183	417.44
-1.308997	1.448123	-2.163292	175	10	54	417.41
-0.785398	2.396274	-1.959260	170	3	39	417.39
0.261799	1.128190	-2.288622	186	17	48	417.39
2.879793	2.664082	-1.071402	176	13	34	417.36
0.000000	1.766067	2.153843	165	167	182	417.35
-3.141593	0.910508	1.903534	189	191	43	417.34
2.094395	0.866395	-2.492918	176	21	40	417.33
-0.261799	1.948085	-2.363031	173	42	24	417.30
-2.879793	0.899350	-2.069907	179	18	56	417.28
-0.261799	2.456751	-1.503343	182	22	33	417.28
-1.832596	1.325504	-1.671296	177	22	57	417.24
2.879793	2.343981	-1.040456	187	27	34	417.23
0.785398	1.247695	1.809890	165	19	42	417.20
-2.879793	1.218453	2.777284	161	27	36	417.20
2.879793	2.089241	-0.114193	159	14	38	417.20
-3.141593	2.455966	-0.641220	175	15	34	417.18
2.879793	1.554776	0.100351	168	21	38	417.17
2.879793	1.699788	2.452890	180	15	32	417.14
-1.832596	1.135834	-1.431087	178	20	43	417.09
2.094395	2.760637	2.781135	189	0	43	417.08
-2.094395	1.904882	-1.478089	168	27	40	417.07
-2.617994	2.164094	-2.991358	164	21	36	417.02
1.570796	1.824694	1.850876	173	9	51	417.02
0.785398	1.617114	-1.572037	184	5	49	417.00
2.879793	1.569311	-3.003978	157	191	4	417.00
2.879793	2.115563	0.685730	169	22	53	416.99
-3.141593	1.134796	2.434290	180	23	37	416.95
-2.879793	1.872854	1.543456	40	180	179	416.90
2.094395	2.588535	-2.976617	183	185	40	416.90
2.879793	1.998705	2.370472	181	17	35	416.90
-0.261799	1.569311	-3.003978	164	29	30	416.84
0.261799	2.478122	2.609777	162	11	46	416.84
-1.570796	2.108018	1.311430	171	170	21	416.84
-0.523599	0.866955	-0.931351	166	23	48	416.81
-1.570796	1.310100	1.488307	186	16	42	416.78
-1.047198	1.242974	-2.977882	38	4	167	416.78
2.094395	2.356369	3.005869	184	20	35	416.75
1.570796	0.458961	-0.107937	188	189	44	416.74
-2.356194	1.504028	0.636812	171	158	11	416.72
-1.570796	2.760637	2.781135	177	28	37	416.70
-2.356194	0.619654	-2.216909	181	5	53	416.67
-2.617994	0.899350	-2.069907	181	16	56	416.64
2.356194	1.135834	-1.431087	184	15	53	416.63
1.047198	1.413347	-1.339188	181	5	47	416.61
0.523599	0.419640	2.974122	7	23	45	416.60
2.617994	2.073035	2.027405	189	9	53	416.59
1.308997	1.194549	-0.801900	181	191	45	416.57
-1.047198	1.662363	0.915448	191	15	51	416.56
-2.617994	2.063651	-2.044600	166	31	44	416.46
-1.832596	1.433411	-1.035986	176	21	37	416.45
0.000000	2.041297	-2.664597	162	33	29	416.45
1.570796	0.960688	-0.577532	187	3	48	416.41
-1.047198	2.587733	0.232235	188	2	47	416.39
-0.261799	1.050534	3.042579	165	32	31	416.38
-1.832596	1.982574	-1.115518	168	29	39	416.34
-2.617994	2.379497	0.561089	171	16	50	416.25
1.832596	2.881233	-2.582574	0	31	30	416.21
2.356194	1.417623	-0.202254	157	23	25	416.20
1.047198	1.247695	1.809890	162	19	47	416.19
2.094395	1.766067	2.153843	179	1	49	416.16
0.000000	0.899350	-2.069907	186	19	53	416.12
-2.617994	1.135834	-1.431087	180	21	43	416.12
-1.570796	2.108018	1.311430	179	12	55	416.08
-2.879793	1.413430	2.550734	177	19	35	416.07
-1.308997	1.909857	-0.381669	162	33	32	416.07
-1.832596	0.709924	0.218797	176	20	35	416.07
2.879793	1.391910	3.030322	168	37	38	416.04
-1.047198	0.866955	-0.931351	173	29	51	416.01
-2.617994	1.699788	2.452890	3	21	45	415.99
2.879793	0.910508	1.903534	184	189	42	415.96
-3.141593	2.760637	2.781135	7	19	45	415.95
-0.261799	1.218453	2.777284	165	30	35	415.92
0.000000	2.407836	1.410646	184	9	56	415.89
-2.356194	1.488617	1.159546	182	6	52	415.85
-0.261799	2.592629	0.909713	187	6	51	415.83
-1.047198	0.929350	-2.910676	172	173	3	415.83
0.000000	0.961715	0.014085	1	26	33	415.82
-0.785398	1.301460	-0.509251	160	23	42	415.80
-3.141593	1.195355	1.200319	176	7	48	415.80
-1.047198	0.297065	2.160177	176	7	42	415.76
-2.617994	2.187132	-0.479875	185	28	33	415.74
-2.094395	1.325504	-1.671296	175	20	42	415.71
-1.832596	2.407836	1.410646	176	20	57	415.70
2.356194	0.910508	1.903534	173	191	42	415.70
2.094395	0.674054	1.013609	161	15	38	415.67
-1.832596	1.846342	-1.796954	165	17	48	415.63
-0.261799	2.063651	-2.044600	181	187	40	415.62
-2.094395	0.080730	-2.622036	184	7	47	415.60
0.261799	1.195355	1.200319	182	23	40	415.58
-2.617994	1.168678	2.108595	177	22	35	415.57
-2.356194	2.724429	-0.348782	169	165	1	415.54
1.570796	0.709924	0.218797	169	34	32	415.52
2.617994	1.510910	-0.740472	7	18	44	415.52
1.570796	1.846342	-1.796954	4	19	49	415.51
-2.094395	0.685216	-1.712745	34	184	156	415.51
2.094395	1.504028	0.636812	160	24	43	415.51
-1.308997	1.050534	3.042579	183	17	38	415.49
1.047198	1.809167	1.213774	181	30	56	415.47
-2.879793	1.488617	1.159546	39	176	178	415.44
-2.356194	2.404280	-0.174044	184	17	34	415.42
1.570796	2.478122	2.609777	183	189	48	415.41
-0.785398	1.413347	-1.339188	168	15	50	415.38
1.832596	1.195355	1.200319	164	21	49	415.37
1.308997	1.168678	2.108595	161	14	46	415.35
-2.356194	2.393226	1.857173	180	24	44	415.30
0.000000	2.356369	3.005869	46	172	183	415.28
0.000000	1.413430	2.550734	35	174	188	415.28
-0.785398	0.866955	-0.931351	50	169	156	415.27
2.617994	1.699788	2.452890	2	4	48	415.26
-2.356194	0.906588	1.252948	191	1	44	415.24
0.523599	0.700570	1.559208	173	34	41	415.24
0.000000	1.488617	1.159546	183	28	50	415.23
-3.141593	2.174483	2.653697	9	11	47	415.23
-1.308997	1.413347	-1.339188	174	16	36	415.21
-1.832596	0.762244	-0.273349	180	35	44	415.21
-1.570796	1.824694	1.850876	184	22	51	415.19
-0.523599	1.569311	-3.003978	1	3	41	415.16
-2.094395	2.979456	-1.009304	169	186	184	415.12
-1.832596	1.948085	-2.363031	150	167	7	415.03
-2.617994	0.910508	1.903534	160	29	25	414.92
2.617994	0.571433	-1.188419	188	7	54	414.88
2.617994	1.301460	-0.509251	163	23	27	414.87
2.356194	2.001437	0.381215	57	172	158	414.84
1.308997	1.696674	-1.253233	39	181	164	414.82
-1.047198	1.413347	-1.339188	167	19	50	414.78
2.356194	1.824694	1.850876	180	6	53	414.78
2.879793	1.335669	0.897240	168	12	48	414.74
-2.094395	1.367556	0.358405	179	20	35	414.73
-2.879793	1.824694	1.850876	191	14	57	414.70
-1.308997	1.606104	-0.451151	165	31	38	414.67
-0.785398	2.456751	-1.503343	184	25	33	414.60
2.617994	2.041297	-2.664597	24	4	1	414.59
-1.832596	1.683268	0.374177	181	2	43	414.59
0.000000	1.662363	0.915448	187	24	49	414.57
2.617994	0.733948	3.021411	170	34	44	414.56
-0.261799	2.187132	-0.479875	50	6	186	414.55
-1.047198	0.866955	-0.931351	176	18	39	414.49
-1.047198	0.960688	-0.577532	168	31	47	414.48
-2.879793	1.812176	0.656819	172	9	51	414.43
1.308997	1.488617	1.159546	173	32	53	414.42
0.523599	1.242974	-2.977882	0	22	40	414.34
1.047198	2.349581	-2.702517	160	11	36	414.34
-0.261799	1.301460	-0.509251	161	10	38	414.33
2.617994	0.899350	-2.069907	171	19	52	414.31
0.785398	2.299159	2.264663	171	5	49	414.30
1.832596	0.685216	-1.712745	172	14	53	414.29
1.832596	1.194549	-0.801900	191	2	48	414.28
0.785398	1.977582	0.969896	187	27	54	414.28
1.832596	1.214854	-1.966664	181	24	54	414.27
-2.879793	2.349581	-2.702517	160	28	31	414.19
2.617994	2.881233	-2.582574	184	188	38	414.19
-2.094395	1.301460	-0.509251	180	39	42	414.19
2.356194	1.869911	2.701025	176	40	28	414.13
0.261799	1.741644	-2.695914	2	11	42	414.07
-2.094395	0.910508	1.903534	158	18	26	414.06
0.523599	0.418037	1.360082	188	0	37	414.05
1.308997	1.113094	-0.272241	178	158	4	414.03
-2.094395	1.450119	-2.739050	164	7	45	414.02
1.570796	0.906588	1.252948	161	24	43	414.01
2.356194	1.417623	-0.202254	159	23	28	413.98
2.879793	1.374601	-2.456031	167	29	47	413.97
2.094395	2.979456	-1.009304	164	26	41	413.95
-2.356194	1.683268	0.374177	177	191	45	413.92
-0.261799	1.721184	-0.153948	157	10	29	413.91
1.832596	1.045978	0.343692	165	27	37	413.89
2.617994	1.413347	-1.339188	190	20	51	413.88
-2.356194	0.866395	-2.492918	171	5	48	413.87
0.261799	0.700570	1.559208	32	169	188	413.87
-2.094395	2.247462	0.191623	22	164	8	413.86
1.570796	1.696674	-1.253233	4	8	50	413.83
-1.570796	0.961715	0.014085	19	0	0	413.69
2.356194	2.587733	0.232235	166	31	47	413.63
0.785398	0.297065	2.160177	157	23	29	413.60
-0.785398	0.960688	-0.577532	165	27	47	413.57
0.785398	1.025536	1.576859	165	30	45	413.55
-0.261799	1.741644	-2.695914	180	12	36	413.55
-1.308997	1.732874	-0.951685	161	27	42	413.50
1.308997	1.214854	-1.966664	189	26	56	413.47
2.094395	2.174483	2.653697	187	189	47	413.45
2.617994	1.440580	2.260026	188	0	48	413.43
2.879793	1.134497	-1.109631	47	183	183	413.41
1.570796	2.664082	-1.071402	162	31	37	413.37
1.308997	0.700570	1.559208	163	23	41	413.31
-0.523599	1.809167	1.213774	184	15	46	413.26
1.832596	0.899350	-2.069907	177	21	54	413.16
1.570796	1.574060	2.783565	167	188	37	413.14
2.879793	1.662363	0.915448	171	14	53	413.12
0.261799	0.458961	-0.107937	164	11	44	413.09
-2.879793	1.683268	0.374177	157	163	8	413.08
1.308997	0.496451	0.593859	168	32	30	413.08
-3.141593	1.050534	3.042579	163	27	42	413.05
-2.879793	1.998705	2.370472	8	18	53	412.86
0.261799	1.301460	-0.509251	165	3	43	412.81
2.094395	1.214854	-1.966664	180	24	54	412.75
0.785398	0.496451	0.593859	30	2	189	412.73
-1.832596	0.297065	2.160177	164	10	42	412.72
-1.570796	2.180315	-1.357379	164	28	43	412.70
1.570796	1.510910	-0.740472	190	0	43	412.61
0.261799	2.349581	-2.702517	159	28	34	412.60
1.308997	1.448123	-2.163292	188	20	49	412.59
2.879793	0.906588	1.252948	173	5	44	412.54
1.047198	2.456751	-1.503343	163	34	30	412.50
-1.308997	2.455966	-0.641220	175	175	189	412.47
0.261799	0.762244	-0.273349	160	6	41	412.47
-3.141593	1.325504	-1.671296	186	29	56	412.46
2.879793	0.864993	2.278281	179	21	37	412.46
0.000000	2.295480	1.008277	186	11	50	412.44
1.570796	1.699788	2.452890	171	190	43	412.40
-2.094395	2.247462	0.191623	41	178	170	412.31
-0.261799	1.195355	1.200319	184	25	43	412.31
1.570796	0.906588	1.252948	161	23	43	412.30
1.832596	1.488617	1.159546	55	175	157	412.29
-0.523599	1.809167	1.213774	182	21	51	412.26
1.047198	2.456751	-1.503343	164	35	30	412.23
-2.094395	2.001437	0.381215	175	189	44	412.20
-3.141593	1.504028	0.636812	169	7	48	412.18
-1.832596	1.168678	2.108595	188	21	41	412.18
-2.879793	1.135813	-2.658866	164	18	49	412.11
-0.523599	2.863997	0.549740	36	188	163	412.10
-1.832596	1.014500	0.906702	165	28	26	412.08
2.879793	2.247462	0.191623	161	17	45	412.07
2.879793	1.683268	0.374177	162	13	44	412.03
0.000000	1.699788	2.452890	167	30	49	412.03
-2.617994	1.184361	0.625864	182	21	35	412.02
-2.094395	1.448123	-2.163292	171	19	53	411.97
2.617994	2.247462	0.191623	162	23	45	411.96
2.356194	2.356369	3.005869	189	188	38	411.95
2.094395	2.115563	0.685730	168	29	48	411.94
2.617994	0.850607	-1.335383	47	172	2	411.93
0.261799	1.998705	2.370472	165	18	51	411.92
-2.617994	1.869911	2.701025	164	19	29	411.91
0.000000	2.704512	1.488683	176	4	47	411.87
0.523599	1.732874	-0.951685	187	28	28	411.83
-0.261799	2.295480	1.008277	184	10	50	411.82
-1.047198	2.180315	-1.357379	163	15	43	411.81
0.523599	2.343981	-1.040456	185	28	31	411.79
2.879793	2.299159	2.264663	43	183	174	411.77
1.308997	1.555207	1.708892	166	15	49	411.75
-0.523599	1.545873	-1.877082	169	168	16	411.75
-2.879793	0.591903	2.010408	165	28	29	411.71
-0.261799	2.001437	0.381215	3	16	44	411.71
-0.785398	2.379497	0.561089	186	5	46	411.68
0.000000	2.343981	-1.040456	191	36	30	411.67
2.094395	1.448123	-2.163292	182	31	52	411.66
2.879793	0.866955	-0.931351	187	16	43	411.63
-1.047198	1.721184	-0.153948	163	33	33	411.63
-0.785398	2.108018	1.311430	178	17	54	411.62
-0.523599	1.741644	-2.695914	172	176	191	411.56
0.000000	1.301460	-0.509251	163	5	39	411.53
-3.141593	1.766067	2.153843	183	16	38	411.52
1.047198	1.872854	1.543456	178	22	58	411.51
-1.832596	1.014500	0.906702	174	22	34	411.49
0.523599	1.736875	3.023612	158	19	38	411.44
-2.094395	2.247462	0.191623	31	9	178	411.43
-2.356194	1.721184	-0.153948	185	41	32	411.36
1.047198	0.762244	-0.273349	179	2	44	411.36
1.570796	2.073035	2.027405	179	5	51	411.33
-3.141593	0.910508	1.903534	188	191	43	411.33
2.356194	0.290380	-0.796960	14	4	30	411.28
-0.261799	2.073035	2.027405	170	21	54	411.27
-1.047198	1.050534	3.042579	170	171	1	411.27
2.617994	2.760637	2.781135	11	12	48	411.26
2.356194	1.413430	2.550734	6	36	13	411.23
-3.141593	1.025536	1.576859	38	4	165	411.21
-1.047198	2.343981	-1.040456	162	23	37	411.19
1.570796	0.709924	0.218797	185	16	38	411.14
-2.094395	1.413347	-1.339188	176	23	41	411.10
1.570796	0.458961	-0.107937	188	190	44	410.99
0.000000	0.203748	0.590255	173	9	44	410.95
0.523599	1.242974	-2.977882	187	20	39	410.92
2.879793	2.356369	3.005869	185	22	36	410.85
-0.261799	1.050534	3.042579	164	29	31	410.83
-2.879793	2.187132	-0.479875	182	24	32	410.83
0.261799	1.488617	1.159546	183	31	52	410.82
2.879793	1.310100	1.488307	39	175	180	410.81
-0.785398	1.756530	-2.105156	174	1	47	410.79
2.879793	0.866955	-0.931351	48	179	182	410.79
-0.261799	2.637879	2.121598	166	10	49	410.78
-0.261799	2.343981	-1.040456	182	23	33	410.77
-0.523599	0.080730	-2.622036	6	21	47	410.76
1.308997	0.992645	-1.723759	180	14	39	410.74
1.047198	0.762244	-0.273349	33	191	186	410.73
-0.785398	2.247462	0.191623	3	5	43	410.69
2.094395	1.555207	1.708892	171	6	50	410.69
1.047198	1.982574	-1.115518	185	191	39	410.68
-1.570796	2.108018	1.311430	178	13	55	410.67
-0.523599	2.456751	-1.503343	2	34	30	410.66
-3.141593	2.393226	1.857173	182	23	42	410.60
-0.785398	0.458961	-0.107937	161	25	41	410.57
-2.094395	0.640596	-2.797608	174	1	48	410.56
-2.356194	1.574060	2.783565	159	11	30	410.48
-1.832596	0.866395	-2.492918	41	186	170	410.48
-0.261799	1.194549	-0.801900	165	16	48	410.46
2.094395	2.033014	2.977192	169	146	185	410.37
1.570796	1.168678	2.108595	164	8	46	410.36
-1.047198	1.194549	-0.801900	167	27	47	410.34
2.094395	1.555207	1.708892	45	180	171	410.34
-1.570796	1.982574	-1.115518	165	23	34	410.25
-0.261799	1.214854	-1.966664	185	12	56	410.16
2.094395	1.683268	0.374177	162	28	43	410.15
-0.523599	0.733948	3.021411	32	186	167	410.14
2.879793	1.872854	1.543456	179	10	54	410.13
2.356194	1.195355	1.200319	161	8	45	410.11
1.570796	2.407836	1.410646	189	18	55	410.07
1.832596	0.458961	-0.107937	1	190	43	410.05
-0.523599	1.998705	2.370472	170	22	40	410.04
2.879793	1.658653	-2.409879	183	14	31	410.00
-2.094395	2.587733	0.232235	170	190	44	410.00
-2.879793	0.864993	2.278281	47	167	0	409.95
2.617994	1.113094	-0.272241	186	23	38	409.91
1.308997	1.869911	2.701025	183	21	36	409.88
1.832596	1.766067	2.153843	176	1	49	409.88
-2.356194	1.504028	0.636812	182	25	34	409.86
-1.047198	1.606104	-0.451151	161	28	38	409.86
2.879793	1.824694	1.850876	185	7	54	409.80
1.570796	0.906588	1.252948	162	23	44	409.74
0.000000	2.001437	0.381215	8	25	48	409.73
-0.523599	2.592629	0.909713	39	187	161	409.73
-3.141593	1.872854	1.543456	181	10	55	409.72
-3.141593	1.310100	1.488307	186	13	48	409.70
-1.308997	0.929350	-2.910676	187	44	20	409.62
1.047198	1.135834	-1.431087	177	9	49	409.61
-1.570796	2.704512	1.488683	53	174	158	409.56
0.000000	1.214854	-1.966664	39	180	173	409.41
-0.785398	1.599406	1.426070	182	19	46	409.41
-1.570796	2.295480	1.008277	37	171	186	409.37
2.094395	1.195355	1.200319	159	13	44	409.35
-0.785398	2.456751	-1.503343	167	13	38	409.32
-1.308997	2.153910	-1.714959	164	13	45	409.30
-1.308997	2.138223	1.678323	177	19	55	409.26
-2.617994	2.251330	-2.330739	161	28	38	409.24
2.617994	0.866955	-0.931351	183	15	37	409.21
-0.523599	0.929350	-2.910676	42	165	7	409.16
2.356194	2.881233	-2.582574	42	190	168	409.15
-0.523599	2.343981	-1.040456	161	4	35	409.13
0.000000	0.615174	-0.666022	165	21	49	409.12
2.094395	2.247462	0.191623	164	32	44	409.10
1.047198	1.836682	-0.676006	187	14	36	409.09
0.000000	1.433411	-1.035986	170	7	50	409.08
2.094395	1.766067	2.153843	180	0	48	409.05
2.879793	1.510910	-0.740472	3	25	42	409.04
1.047198	1.696674	-1.253233	185	2	46	409.04
-0.261799	1.875281	0.107086	173	14	31	409.02
-0.523599	2.187132	-0.479875	158	13	29	408.99
-1.570796	1.909857	-0.381669	168	37	34	408.91
-1.570796	1.658653	-2.409879	36	9	175	408.86
1.832596	2.247462	0.191623	169	35	43	408.85
-2.617994	1.824694	1.850876	185	16	44	408.85
-2.617994	2.396274	-1.959260	1	191	23	408.84
1.832596	1.824694	1.850876	174	8	51	408.79
-1.570796	0.370812	-2.547742	33	1	159	408.67
-2.356194	0.674054	1.013609	186	188	36	408.66
-3.141593	2.299159	2.264663	6	23	54	408.66
-1.308997	0.733948	3.021411	183	16	39	408.62
-0.261799	1.909857	-0.381669	157	9	31	408.60
2.094395	2.073035	2.027405	0	15	52	408.58
-2.617994	0.700570	1.559208	27	186	191	408.57
-3.141593	1.413347	-1.339188	188	23	49	408.56
2.617994	1.335669	0.897240	166	16	48	408.55
0.523599	2.343981	-1.040456	182	22	33	408.54
-3.141593	0.866395	-2.492918	167	17	52	408.52
1.308997	0.992645	-1.723759	178	16	54	408.50
2.879793	1.135834	-1.431087	47	180	191	408.50
1.570796	1.504028	0.636812	180	17	30	408.38
0.000000	2.592629	0.909713	191	8	52	408.37
-2.094395	1.824694	1.850876	185	19	47	408.34
0.785398	1.194549	-0.801900	174	1	49	408.32
-1.570796	0.929350	-2.910676	177	188	44	408.32
-0.523599	0.831641	0.616218	0	22	37	408.31
-2.094395	0.297065	2.160177	162	15	42	408.26
2.879793	0.850607	-1.335383	187	10	54	408.26
0.261799	0.615174	-0.666022	58	177	160	408.22
1.308997	2.174483	2.653697	171	191	47	408.22
-2.617994	1.872854	1.543456	36	182	157	408.21
-2.617994	1.168678	2.108595	179	19	36	408.20
0.000000	1.413430	2.550734	34	175	188	408.19
0.000000	2.174483	2.653697	159	22	45	408.11
-3.141593	1.824694	1.850876	189	12	57	408.08
-0.261799	0.203748	0.590255	160	5	39	408.06
-1.570796	1.367556	0.358405	34	185	169	408.04
2.617994	0.960688	-0.577532	164	27	24	407.97
-0.523599	2.174483	2.653697	167	29	45	407.92
2.617994	1.809167	1.213774	45	183	170	407.88
-0.261799	1.721184	-0.153948	156	11	30	407.87
2.617994	2.295480	1.008277	172	24	53	407.84
-2.094395	0.850607	-1.335383	180	20	43	407.79
-1.308997	1.301460	-0.509251	168	25	39	407.76
-0.523599	1.658653	-2.409879	186	0	49	407.72
-1.308997	1.050534	3.042579	28	10	186	407.72
-2.356194	1.736875	3.023612	189	27	36	407.71
2.879793	0.290380	-0.796960	181	17	39	407.71
-1.047198	1.732874	-0.951685	163	21	46	407.70
1.570796	2.073035	2.027405	177	6	52	407.67
1.308997	1.836682	-0.676006	179	15	29	407.64
0.523599	2.180315	-1.357379	181	22	33	407.64
1.308997	0.864993	2.278281	186	22	37	407.63
-3.141593	1.413347	-1.339188	162	166	171	407.60
1.308997	0.458961	-0.107937	180	186	40	407.59
0.000000	2.396274	-1.959260	183	190	39	407.57
0.785398	1.982574	-1.115518	181	190	41	407.55
-2.879793	1.545873	-1.877082	178	19	34	407.53
2.617994	1.909857	-0.381669	157	13	26	407.47
2.094395	2.719179	-1.780644	175	15	33	407.46
-2.879793	1.242974	-2.977882	161	21	44	407.45
0.261799	2.251330	-2.330739	161	32	27	407.40
-1.570796	0.615174	-0.666022	180	25	42	407.39
0.261799	1.977582	0.969896	1	26	55	407.31
-1.570796	1.809167	1.213774	186	11	54	407.31
1.570796	1.617114	-1.572037	1	13	51	407.31
0.523599	2.478122	2.609777	164	7	46	407.29
1.832596	1.766067	2.153843	174	2	49	407.28
-2.879793	1.869911	2.701025	165	21	29	407.23
2.094395	1.504028	0.636812	159	25	42	407.20
1.570796	0.700570	1.559208	158	15	38	407.20
2.879793	1.301460	-0.509251	3	24	41	407.19
1.047198	1.168678	2.108595	160	18	46	407.16
1.047198	1.433411	-1.035986	180	1	46	407.11
-2.094395	1.374601	-2.456031	156	167	14	407.10
2.356194	2.588535	-2.976617	190	186	41	407.08
2.879793	2.115563	0.685730	168	21	53	407.06
-2.356194	1.998705	2.370472	189	28	47	407.04
-1.570796	1.599406	1.426070	182	17	46	407.04
0.523599	0.914445	2.687814	157	17	31	407.00
2.617994	1.135813	-2.658866	171	24	45	406.97
-2.879793	0.591903	2.010408	165	31	33	406.94
-1.570796	1.741644	-2.695914	164	1	40	406.92
1.570796	1.555207	1.708892	53	182	158	406.91
2.617994	1.310100	1.488307	170	1	47	406.85
1.832596	1.599406	1.426070	171	22	55	406.85
-1.832596	1.450119	-2.739050	3	36	25	406.83
1.047198	0.496451	0.593859	186	1	38	406.81
2.356194	1.014500	0.906702	161	12	43	406.80
2.617994	1.699788	2.452890	190	190	46	406.80
-0.785398	1.194549	-0.801900	164	23	47	406.73
1.047198	1.214854	-1.966664	184	16	47	406.72
-2.094395	1.658653	-2.409879	166	18	49	406.58
-2.356194	1.488617	1.159546	35	188	156	406.57
-0.523599	2.343981	-1.040456	183	22	32	406.55
1.308997	1.824694	1.850876	172	10	52	406.55
-1.047198	2.637879	2.121598	170	25	54	406.55
1.570796	0.615174	-0.666022	172	163	11	406.52
-1.832596	1.545873	-1.877082	171	21	54	406.51
-0.261799	0.419640	2.974122	166	21	27	406.48
0.523599	0.591903	2.010408	167	34	37	406.44
1.047198	1.696674	-1.253233	184	2	45	406.41
2.094395	0.290380	-0.796960	42	165	183	406.37
-1.308997	0.831641	0.616218	160	24	32	406.31
1.570796	0.709924	0.218797	186	19	38	406.31
-0.785398	1.545873	-1.877082	173	6	49	406.29
-2.879793	1.766067	2.153843	183	18	39	406.24
0.000000	1.812176	0.656819	2	25	51	406.24
1.832596	1.335669	0.897240	160	25	45	406.14
-1.308997	1.214854	-1.966664	175	12	54	406.12
0.523599	1.242974	-2.977882	49	180	5	406.09
-1.308997	1.824694	1.850876	44	188	2	406.06
-3.141593	0.866395	-2.492918	17	178	13	406.06
0.261799	2.704512	1.488683	180	3	46	406.06
0.000000	1.247695	1.809890	171	32	46	406.05
0.523599	1.134497	-1.109631	174	8	53	406.03
-0.523599	2.456751	-1.503343	183	23	33	406.01
-2.879793	2.760637	2.781135	7	23	45	405.99
2.617994	1.417623	-0.202254	158	18	29	405.97
1.047198	0.700570	1.559208	160	28	39	405.91
-1.832596	1.301460	-0.509251	174	39	42	405.91
2.879793	1.247695	1.809890	181	188	46	405.85
2.356194	1.440580	2.260026	184	1	47	405.83
-3.141593	1.699788	2.452890	165	23	23	405.80
0.000000	1.134796	2.434290	34	175	189	405.76
0.523599	1.433411	-1.035986	177	4	51	405.76
1.832596	0.458961	-0.107937	187	7	42	405.75
-2.094395	0.914445	2.687814	5	29	36	405.72
0.523599	0.203748	0.590255	165	152	5	405.71
2.879793	1.025536	1.576859	175	186	41	405.69
-3.141593	0.080730	-2.622036	162	6	43	405.68
2.617994	1.812176	0.656819	166	21	51	405.64
-2.879793	2.174483	2.653697	12	20	49	405.59
2.879793	0.992645	-1.723759	42	179	190	405.58
-0.261799	1.870545	-2.976234	172	175	191	405.54
-3.141593	2.979456	-1.009304	15	169	4	405.50
2.094395	2.719179	-1.780644	188	26	31	405.43
0.785398	1.696674	-1.253233	41	181	168	405.43
-2.617994	1.335669	0.897240	41	191	161	405.41
-2.094395	0.080730	-2.622036	171	153	8	405.41
-1.570796	2.247462	0.191623	180	1	42	405.37
-1.308997	1.732874	-0.951685	165	26	46	405.31
2.356194	2.164094	-2.991358	176	30	31	405.25
-1.832596	1.683268	0.374177	182	188	38	405.16
1.308997	0.906588	1.252948	163	29	43	405.16
-2.094395	1.599406	1.426070	187	12	55	405.10
1.832596	1.699788	2.452890	187	15	40	405.08
2.617994	2.295480	1.008277	177	21	39	405.05
1.570796	1.846342	-1.796954	9	25	50	405.05
1.047198	1.135834	-1.431087	183	16	57	405.01
-2.094395	1.658653	-2.409879	166	15	48	405.01
-1.832596	2.115563	0.685730	177	2	50	405.00
-1.570796	0.960688	-0.577532	45	161	164	404.97
1.047198	0.458961	-0.107937	182	5	44	404.97
2.094395	0.571433	-1.188419	177	3	50	404.93
2.094395	1.134497	-1.109631	189	7	48	404.91
2.356194	1.488617	1.159546	165	12	49	404.91
1.832596	1.574060	2.783565	173	185	37	404.89
-0.523599	1.413347	-1.339188	171	13	54	404.85
0.785398	2.984978	1.954446	43	176	173	404.79
2.879793	0.910508	1.903534	182	184	38	404.76
0.261799	2.153910	-1.714959	184	1	44	404.74
-1.570796	2.247462	0.191623	5	33	6	404.74
-1.308997	1.948085	-2.363031	170	6	44	404.72
-2.617994	0.419640	2.974122	164	13	46	404.70
-3.141593	1.440580	2.260026	32	190	166	404.70
-1.047198	0.762244	-0.273349	168	34	44	404.67
-1.308997	0.640596	-2.797608	182	3	47	404.63
-1.047198	0.929350	-2.910676	173	172	3	404.60
2.879793	1.506530	1.988858	186	0	49	404.48
1.047198	0.496451	0.593859	188	185	33	404.38
0.000000	1.555207	1.708892	173	26	49	404.36
-0.523599	0.762244	-0.273349	161	20	43	404.34
-2.879793	0.640596	-2.797608	163	11	45	404.33
2.617994	2.247462	0.191623	160	22	44	404.22
2.879793	1.809167	1.213774	44	181	166	404.16
1.308997	1.555207	1.708892	165	16	50	404.11
-1.832596	0.866395	-2.492918	179	5	52	404.07
2.356194	0.906588	1.252948	165	9	44	404.07
0.261799	2.349581	-2.702517	160	30	36	404.04
0.000000	1.310100	1.488307	178	31	49	403.99
-2.094395	2.393226	1.857173	182	29	57	403.98
0.785398	1.025536	1.576859	165	24	40	403.97
2.879793	1.812176	0.656819	164	13	49	403.96
-3.141593	0.906588	1.252948	175	185	39	403.90
-2.879793	0.864993	2.278281	163	31	33	403.83
0.261799	0.992645	-1.723759	178	16	52	403.79
-1.308997	1.301460	-0.509251	167	33	43	403.73
-2.617994	1.045978	0.343692	171	185	30	403.70
1.570796	0.571433	-1.188419	172	5	47	403.67
-1.570796	1.450119	-2.739050	167	1	43	403.66
0.785398	0.914445	2.687814	156	12	28	403.65
1.047198	1.545873	-1.877082	187	13	48	403.65
2.356194	2.164094	-2.991358	184	19	35	403.64
-2.879793	0.685216	-1.712745	186	11	56	403.58
-0.261799	1.998705	2.370472	168	19	39	403.58
2.094395	2.115563	0.685730	179	19	34	403.58
1.570796	0.864993	2.278281	186	27	36	403.57
2.094395	1.872854	1.543456	175	13	53	403.53
1.308997	0.831641	0.616218	162	3	1	403.50
2.356194	1.134497	-1.109631	177	164	9	403.49
-1.570796	0.080730	-2.622036	188	5	45	403.45
2.094395	0.906588	1.252948	165	17	44	403.33
0.000000	1.824694	1.850876	164	181	19	403.22
1.570796	0.458961	-0.107937	48	160	183	403.22
0.523599	2.881233	-2.582574	161	24	43	403.19
-2.879793	0.618092	2.539118	158	25	36	403.18
2.356194	2.174483	2.653697	189	0	45	403.14
1.308997	1.195355	1.200319	166	31	48	403.11
1.308997	1.214854	-1.966664	183	18	49	403.07
0.000000	1.869911	2.701025	163	27	45	402.99
-1.832596	1.696674	-1.253233	169	25	41	402.96
1.308997	1.195355	1.200319	167	30	49	402.90
2.356194	1.699788	2.452890	185	188	45	402.85
1.832596	1.683268	0.374177	163	33	41	402.84
-0.261799	0.733948	3.021411	165	30	30	402.84
-2.356194	1.870545	-2.976234	55	184	185	402.76
0.000000	0.458961	-0.107937	147	162	189	402.74
-2.879793	2.393226	1.857173	186	24	55	402.71
1.308997	2.108018	1.311430	183	20	56	402.67
1.832596	2.393226	1.857173	186	13	53	402.67
1.047198	1.683268	0.374177	181	24	36	402.56
0.261799	2.153910	-1.714959	185	4	44	402.53
-0.785398	2.704512	1.488683	171	6	51	402.51
1.832596	1.846342	-1.796954	5	22	49	402.49
1.832596	1.128190	-2.288622	182	26	52	402.49
-1.570796	1.045978	0.343692	0	6	39	402.44
-2.094395	1.599406	1.426070	32	183	155	402.41
-1.047198	1.809167	1.213774	188	14	54	402.34
-0.523599	2.760637	2.781135	165	27	49	402.28
1.570796	1.510910	-0.740472	1	0	45	402.28
0.261799	2.349581	-2.702517	160	29	36	402.26
2.879793	1.658653	-2.409879	171	34	48	402.20
-0.261799	1.617114	-1.572037	174	4	49	402.19
1.570796	0.379747	-1.713059	167	14	48	402.19
2.879793	0.379747	-1.713059	176	2	49	402.17
-1.047198	1.756530	-2.105156	175	9	50	402.17
0.000000	0.914445	2.687814	166	32	36	402.16
0.261799	1.904882	-1.478089	170	155	11	402.15
2.356194	0.762244	-0.273349	171	31	30	402.15
-0.261799	1.113094	-0.272241	160	10	36	402.15
2.094395	1.045978	0.343692	164	25	39	402.14
0.523599	2.356369	3.005869	160	12	42	402.14
2.094395	1.247695	1.809890	169	8	49	402.12
-2.879793	1.545873	-1.877082	176	23	43	402.11
2.879793	0.685216	-1.712745	41	170	191	402.11
-2.356194	0.910508	1.903534	160	27	29	402.09
-2.094395	1.025536	1.576859	5	8	46	402.08
2.356194	1.998705	2.370472	189	1	49	402.07
-0.523599	2.299159	2.264663	168	22	51	402.07
2.356194	0.571433	-1.188419	42	188	160	402.01
-3.141593	1.574060	2.783565	164	23	29	401.99
-1.308997	1.135834	-1.431087	175	22	54	401.97
-2.617994	1.812176	0.656819	164	164	14	401.95
-0.785398	2.089241	-0.114193	10	12	41	401.89
2.617994	1.301460	-0.509251	164	23	27	401.88
-1.047198	2.251330	-2.330739	171	2	40	401.82
2.617994	1.194549	-0.801900	187	18	40	401.82
-3.141593	1.168678	2.108595	176	20	33	401.76
1.047198	0.615174	-0.666022	170	1	45	401.74
0.261799	0.864993	2.278281	162	29	38	401.71
-2.617994	0.419640	2.974122	160	10	42	401.70
0.785398	1.977582	0.969896	186	25	54	401.67
-0.523599	1.875281	0.107086	172	16	31	401.65
-2.617994	1.736875	3.023612	157	18	33	401.63
-0.523599	2.251330	-2.330739	181	189	39	401.63
0.785398	0.203748	0.590255	171	151	5	401.58
-1.832596	1.335669	0.897240	172	21	29	401.58
0.261799	1.982574	-1.115518	188	28	28	401.58
0.261799	2.153910	-1.714959	181	21	34	401.57
-1.308997	0.961715	0.014085	171	20	31	401.56
-1.308997	2.637879	2.121598	176	35	47	401.52
-2.094395	1.977582	0.969896	182	11	55	401.52
-1.570796	1.168678	2.108595	190	29	44	401.49
2.356194	0.571433	-1.188419	43	172	186	401.44
-1.570796	1.824694	1.850876	185	25	55	401.36
-1.832596	1.413347	-1.339188	174	22	41	401.23
0.000000	1.555207	1.708892	178	31	54	401.19
-0.785398	1.846342	-1.796954	160	161	13	401.18
2.094395	0.496451	0.593859	161	22	33	401.18
1.832596	2.138223	1.678323	183	12	54	401.18
-2.094395	1.128190	-2.288622	174	11	54	401.16
-1.308997	1.374601	-2.456031	177	7	51	401.15
0.000000	1.766067	2.153843	158	183	16	401.11
-2.879793	2.041297	-2.664597	162	28	39	401.04
2.617994	1.872854	1.543456	41	179	182	401.02
0.000000	2.396274	-1.959260	184	191	39	401.02
1.832596	1.247695	1.809890	20	184	5	400.99
-3.141593	1.699788	2.452890	165	24	25	400.96
-0.785398	1.982574	-1.115518	167	21	42	400.96
-0.523599	1.050534	3.042579	179	17	37	400.94
2.879793	2.108018	1.311430	43	180	166	400.90
1.570796	1.045978	0.343692	42	167	187	400.89
-0.261799	1.909857	-0.381669	158	9	32	400.89
-1.308997	2.393226	1.857173	174	20	55	400.87
0.000000	2.349581	-2.702517	161	32	33	400.79
-0.785398	2.343981	-1.040456	162	16	37	400.77
-1.047198	1.846342	-1.796954	37	174	178	400.75
0.785398	1.325504	-1.671296	174	169	19	400.75
0.523599	1.617114	-1.572037	39	179	166	400.73
-2.356194	1.134796	2.434290	165	22	32	400.72
1.832596	1.448123	-2.163292	185	21	43	400.71
-2.617994	2.704512	1.488683	175	23	40	400.70
0.000000	1.413430	2.550734	163	25	40	400.68
0.785398	1.982574	-1.115518	30	182	189	400.63
0.261799	1.617114	-1.572037	182	4	53	400.63
-1.308997	2.984978	1.954446	164	22	50	400.61
0.261799	1.998705	2.370472	162	18	48	400.60
-1.047198	2.379497	0.561089	182	4	46	400.59
-1.832596	1.247695	1.809890	186	19	42	400.59
2.356194	0.906588	1.252948	164	8	43	400.58
0.000000	0.899350	-2.069907	186	18	53	400.57
-3.141593	2.979456	-1.009304	157	160	4	400.52
-1.308997	2.115563	0.685730	38	180	166	400.45
-1.308997	1.448123	-2.163292	171	7	51	400.45
-0.523599	1.242974	-2.977882	181	164	6	400.45
1.308997	0.571433	-1.188419	169	8	49	400.44
-0.261799	0.914445	2.687814	167	32	35	400.43
-1.570796	1.488617	1.159546	183	14	44	400.35
-0.523599	1.658653	-2.409879	186	3	49	400.33
1.832596	2.138223	1.678323	180	14	53	400.26
-2.356194	0.419640	2.974122	162	6	42	400.26
-1.570796	1.809167	1.213774	191	14	57	400.23
1.832596	2.719179	-1.780644	189	23	32	400.22
-2.879793	1.367556	0.358405	0	35	30	400.17
-1.832596	2.404280	-0.174044	179	189	38	400.16
-2.356194	2.174483	2.653697	190	26	41	400.14
1.570796	1.506530	1.988858	168	5	47	400.13
-0.261799	2.637879	2.121598	167	10	49	400.12
0.000000	0.618092	2.539118	178	173	2	400.07
0.523599	0.203748	0.590255	180	5	44	400.06
-0.523599	2.180315	-1.357379	3	32	26	400.05
-3.141593	1.242974	-2.977882	165	28	45	400.05
-1.832596	2.108018	1.311430	39	175	6	400.05
0.261799	0.080730	-2.622036	2	33	47	400.05
0.261799	1.756530	-2.105156	181	11	37	400.03
0.261799	1.433411	-1.035986	173	5	51	400.03
0.523599	1.168678	2.108595	160	25	42	400.01
1.047198	0.709924	0.218797	182	184	34	399.94
2.094395	0.866395	-2.492918	180	16	34	399.93
-1.832596	2.984978	1.954446	168	31	49	399.91
1.832596	1.168678	2.108595	187	28	34	399.87
-1.047198	2.863997	0.549740	43	3	160	399.87
-2.879793	2.724429	-0.348782	57	187	166	399.86
2.617994	0.615174	-0.666022	189	14	45	399.86
-0.523599	2.153910	-1.714959	183	23	33	399.83
-2.617994	0.910508	1.903534	163	31	29	399.80
0.261799	1.756530	-2.105156	180	12	36	399.79
-0.261799	1.658653	-2.409879	189	0	45	399.79
-0.261799	1.367556	0.358405	174	15	33	399.77
-1.570796	1.168678	2.108595	186	24	41	399.75
-2.617994	2.719179	-1.780644	176	21	30	399.71
-2.879793	1.310100	1.488307	185	190	47	399.69
-1.308997	0.619654	-2.216909	188	11	52	399.67
2.879793	1.301460	-0.509251	182	21	35	399.67
0.000000	1.977582	0.969896	4	26	55	399.66
-1.570796	1.256302	0.062705	189	2	37	399.64
-3.141593	0.419640	2.974122	162	20	44	399.62
-2.879793	0.685216	-1.712745	40	187	157	399.62
-1.570796	0.960688	-0.577532	177	23	39	399.61
2.094395	2.174483	2.653697	185	189	43	399.58
-2.617994	2.063651	-2.044600	166	33	45	399.56
2.617994	1.506530	1.988858	185	6	52	399.56
2.879793	1.599406	1.426070	179	12	55	399.54
-0.261799	1.846342	-1.796954	40	175	172	399.52
0.261799	1.506530	1.988858	167	23	46	399.45
-2.879793	2.863997	0.549740	164	24	49	399.44
-0.523599	1.846342	-1.796954	164	158	13	399.43
0.000000	1.869911	2.701025	45	172	182	399.41
-1.308997	1.135834	-1.431087	175	21	52	399.41
2.879793	1.440580	2.260026	180	15	34	399.40
-1.570796	1.488617	1.159546	182	13	41	399.38
-2.356194	1.569311	-3.003978	159	9	33	399.37
-0.261799	1.413430	2.550734	32	174	188	399.32
-2.094395	1.374601	-2.456031	168	11	49	399.29
-1.308997	2.592629	0.909713	173	3	48	399.28
2.617994	0.640596	-2.797608	168	26	50	399.27
1.570796	1.824694	1.850876	174	8	52	399.24
-0.785398	2.108018	1.311430	183	14	57	399.23
-0.261799	2.180315	-1.357379	39	12	178	399.22
0.785398	2.356369	3.005869	5	27	30	399.19
-2.879793	0.914445	2.687814	161	27	38	399.17
2.356194	0.685216	-1.712745	37	171	3	399.16
0.000000	1.448123	-2.163292	45	171	183	399.13
2.094395	0.203748	0.590255	184	18	39	399.06
1.570796	1.488617	1.159546	169	28	53	399.04
-3.141593	2.247462	0.191623	162	11	44	399.04
-0.261799	0.762244	-0.273349	160	13	40	399.03
-0.785398	1.194549	-0.801900	166	24	48	399.02
-0.785398	2.592629	0.909713	177	5	46	398.98
-2.879793	0.899350	-2.069907	176	13	56	398.96
2.617994	0.929350	-2.910676	165	31	46	398.96
0.261799	1.617114	-1.572037	40	179	168	398.95
-2.617994	1.812176	0.656819	173	2	50	398.94
-1.570796	0.080730	-2.622036	179	14	36	398.93
-1.832596	1.247695	1.809890	186	18	42	398.89
2.879793	2.881233	-2.582574	189	189	35	398.83
-1.570796	1.555207	1.708892	190	24	54	398.83
-2.356194	1.766067	2.153843	188	23	46	398.82
0.261799	2.251330	-2.330739	191	3	38	398.82
-1.570796	2.863997	0.549740	34	5	178	398.82
-2.094395	1.875281	0.107086	26	160	4	398.80
-1.047198	2.455966	-0.641220	160	27	31	398.79
-3.141593	1.574060	2.783565	60	168	177	398.67
-0.785398	1.218453	2.777284	182	8	36	398.65
2.094395	1.699788	2.452890	179	188	45	398.63
0.000000	1.824694	1.850876	170	24	52	398.62
-2.879793	2.251330	-2.330739	165	33	39	398.60
1.832596	2.247462	0.191623	180	19	33	398.59
-3.141593	2.251330	-2.330739	189	190	22	398.59
2.617994	1.417623	-0.202254	161	17	32	398.46
-2.879793	0.914445	2.687814	162	27	38	398.46
-0.785398	2.455966	-0.641220	159	21	31	398.43
-2.094395	1.488617	1.159546	34	186	158	398.42
-1.832596	2.001437	0.381215	183	187	45	398.42
0.261799	1.869911	2.701025	160	21	45	398.40
1.308997	1.510910	-0.740472	185	190	43	398.40
0.523599	1.134796	2.434290	156	21	34	398.39
1.308997	0.910508	1.903534	159	16	42	398.38
-2.356194	2.247462	0.191623	41	177	170	398.38
0.000000	2.588535	-2.976617	162	24	35	398.37
-2.094395	0.866395	-2.492918	177	8	52	398.34
-0.523599	1.242974	-2.977882	43	173	175	398.33
1.570796	1.134796	2.434290	187	26	36	398.32
-0.261799	1.875281	0.107086	12	24	43	398.26
1.570796	1.113094	-0.272241	190	187	39	398.26
0.523599	0.866955	-0.931351	169	7	48	398.24
0.523599	1.325504	-1.671296	187	13	57	398.24
-1.832596	2.138223	1.678323	40	171	153	398.12
-2.879793	1.872854	1.543456	183	10	55	398.11
-2.356194	1.977582	0.969896	170	170	18	398.09
-2.094395	1.555207	1.708892	53	177	1	398.03
-0.523599	2.863997	0.549740	187	1	45	397.89
-2.617994	1.569311	-3.003978	159	19	40	397.87
2.356194	0.571433	-1.188419	175	167	15	397.86
1.570796	2.704512	1.488683	3	16	51	397.81
1.308997	0.910508	1.903534	158	13	40	397.75
2.356194	1.699788	2.452890	171	150	2	397.74
-1.570796	1.545873	-1.877082	172	19	54	397.71
-3.141593	2.108018	1.311430	176	15	55	397.70
0.785398	0.960688	-0.577532	170	191	43	397.67
-1.570796	0.899350	-2.069907	179	11	47	397.65
2.617994	1.374601	-2.456031	175	25	45	397.62
-1.570796	1.506530	1.988858	191	29	52	397.60
-1.308997	0.733948	3.021411	181	14	40	397.59
-3.141593	1.569311	-3.003978	27	183	190	397.53
0.000000	1.732874	-0.951685	166	2	44	397.51
-1.308997	1.545873	-1.877082	177	20	51	397.51
-3.141593	0.618092	2.539118	160	31	37	397.42
0.261799	2.456751	-1.503343	28	179	187	397.40
1.308997	1.732874	-0.951685	2	2	48	397.40
2.356194	1.998705	2.370472	188	1	48	397.39
2.356194	1.440580	2.260026	183	0	48	397.37
1.308997	0.674054	1.013609	27	184	191	397.37
-0.523599	1.766067	2.153843	175	31	52	397.36
0.261799	0.850607	-1.335383	174	19	55	397.33
1.570796	1.555207	1.708892	167	12	50	397.27
-1.832596	1.658653	-2.409879	166	11	48	397.21
-2.617994	0.370812	-2.547742	48	188	166	397.20
1.047198	1.836682	-0.676006	184	31	30	397.19
-2.879793	2.393226	1.857173	181	23	42	397.13
-0.523599	1.135834	-1.431087	164	174	19	397.12
0.523599	0.850607	-1.335383	174	18	55	397.06
-3.141593	0.370812	-2.547742	173	16	49	397.03
-2.356194	1.683268	0.374177	176	0	45	397.01
2.094395	2.881233	-2.582574	186	19	35	396.99
2.356194	0.850607	-1.335383	45	171	1	396.91
0.785398	1.413347	-1.339188	184	5	53	396.89
-2.094395	1.812176	0.656819	177	0	48	396.88
1.570796	1.617114	-1.572037	191	16	52	396.85
2.094395	1.374601	-2.456031	181	23	41	396.81
2.617994	0.929350	-2.910676	170	32	48	396.79
0.523599	2.579248	-2.364801	160	29	36	396.77
-2.617994	2.356369	3.005869	165	18	30	396.76
1.570796	2.115563	0.685730	175	34	50	396.73
0.261799	2.356369	3.005869	157	18	40	396.67
-1.570796	0.370812	-2.547742	186	5	49	396.66
-3.141593	1.391910	3.030322	28	181	190	396.65
2.879793	0.370812	-2.547742	162	13	47	396.64
2.356194	0.640596	-2.797608	165	29	47	396.58
0.261799	1.699788	2.452890	165	27	49	396.49
-0.261799	1.242974	-2.977882	164	27	27	396.48
1.047198	0.203748	0.590255	184	2	42	396.45
2.094395	0.850607	-1.335383	43	170	3	396.40
-2.617994	1.335669	0.897240	184	26	34	396.38
2.356194	1.135813	-2.658866	176	23	39	396.38
2.879793	1.809167	1.213774	172	10	53	396.37
-1.570796	1.617114	-1.572037	173	16	35	396.33
2.356194	1.025536	1.576859	33	4	185	396.32
-0.261799	1.554776	0.100351	155	12	26	396.29
2.356194	0.906588	1.252948	167	13	44	396.24
-1.308997	1.696674	-1.253233	166	18	40	396.16
-1.570796	1.555207	1.708892	182	23	45	396.13
1.570796	1.488617	1.159546	165	24	50	396.07
-1.570796	1.488617	1.159546	183	12	41	396.01
-3.141593	0.899350	-2.069907	172	13	52	395.97
1.832596	0.709924	0.218797	185	16	38	395.93
2.356194	1.599406	1.426070	174	16	55	395.89
1.047198	0.866955	-0.931351	171	5	49	395.86
-2.879793	0.080730	-2.622036	175	11	46	395.84
-2.094395	1.683268	0.374177	177	3	44	395.81
-0.785398	2.247462	0.191623	164	31	22	395.80
-1.570796	1.506530	1.988858	191	30	52	395.79
1.308997	1.998705	2.370472	173	3	51	395.73
2.879793	2.295480	1.008277	171	22	53	395.71
0.523599	1.214854	-1.966664	45	177	184	395.63
-3.141593	0.571433	-1.188419	184	13	42	395.60
-2.879793	2.455966	-0.641220	186	29	32	395.53
0.000000	1.417623	-0.202254	161	4	33	395.51
-2.094395	1.504028	0.636812	180	5	46	395.49
0.000000	1.488617	1.159546	184	29	51	395.48
-0.261799	1.617114	-1.572037	164	162	16	395.48
-1.832596	1.128190	-2.288622	165	166	18	395.46
-2.879793	1.662363	0.915448	174	4	52	395.41
-2.356194	1.413430	2.550734	159	13	27	395.38
1.047198	2.349581	-2.702517	160	10	36	395.35
1.047198	0.910508	1.903534	156	20	38	395.32
2.879793	1.488617	1.159546	173	10	53	395.26
-0.261799	1.025536	1.576859	180	28	42	395.24
-1.308997	1.662363	0.915448	186	15	49	395.19
-2.094395	0.080730	-2.622036	184	189	46	395.12
-3.141593	1.875281	0.107086	163	9	40	395.11
-2.617994	1.413430	2.550734	174	18	34	395.11
-1.047198	1.875281	0.107086	178	17	34	395.11
0.261799	2.704512	1.488683	182	3	50	395.07
-2.094395	2.138223	1.678323	39	178	174	395.06
0.000000	1.113094	-0.272241	161	8	41	395.06
-0.785398	0.831641	0.616218	12	24	37	395.03
0.523599	2.349581	-2.702517	156	20	33	395.03
-1.570796	2.407836	1.410646	48	178	155	395.00
-3.141593	1.440580	2.260026	42	179	174	394.99
-3.141593	1.875281	0.107086	161	5	38	394.91
0.000000	1.909857	-0.381669	160	3	31	394.89
-1.308997	1.824694	1.850876	178	23	46	394.88
2.617994	1.812176	0.656819	165	20	51	394.88
-1.832596	1.242974	-2.977882	168	0	42	394.85
-0.523599	2.478122	2.609777	168	29	51	394.84
1.832596	2.108018	1.311430	179	20	54	394.83
0.261799	1.374601	-2.456031	183	14	39	394.79
-0.261799	1.904882	-1.478089	190	28	26	394.74
0.523599	2.637879	2.121598	174	2	49	394.60
1.832596	1.413430	2.550734	174	191	44	394.58
-2.356194	1.214854	-1.966664	177	18	57	394.58
-1.570796	1.256302	0.062705	189	187	29	394.55
1.047198	0.906588	1.252948	166	27	41	394.55
-0.261799	1.824694	1.850876	176	25	55	394.51
-3.141593	1.683268	0.374177	164	7	44	394.51
-2.356194	1.599406	1.426070	33	184	155	394.48
2.356194	2.588535	-2.976617	41	186	169	394.47
0.000000	1.998705	2.370472	163	22	49	394.42
2.617994	1.025536	1.576859	160	154	8	394.39
1.047198	1.025536	1.576859	164	19	40	394.31
1.047198	0.700570	1.559208	162	27	40	394.27
-0.785398	1.194549	-0.801900	163	23	46	394.26
-0.523599	2.478122	2.609777	164	25	47	394.24
0.785398	1.134796	2.434290	158	16	40	394.22
2.356194	1.869911	2.701025	178	41	27	394.20
2.356194	1.135813	-2.658866	177	22	37	394.20
-3.141593	0.571433	-1.188419	184	14	44	394.20
-0.785398	2.187132	-0.479875	160	26	33	394.13
-0.785398	0.571433	-1.188419	179	29	52	394.12
1.047198	1.510910	-0.740472	181	188	43	394.09
2.617994	2.001437	0.381215	161	20	46	394.03
0.000000	1.545873	-1.877082	39	180	172	394.02
2.094395	2.393226	1.857173	188	14	53	394.02
-2.356194	2.247462	0.191623	41	178	171	393.98
-3.141593	2.041297	-2.664597	27	186	190	393.92
-2.356194	2.404280	-0.174044	183	17	34	393.90
1.047198	1.194549	-0.801900	179	190	47	393.89
0.261799	1.766067	2.153843	166	22	52	393.89
0.785398	2.104282	-0.813972	182	23	32	393.84
1.047198	1.766067	2.153843	165	9	47	393.82
-1.570796	2.984978	1.954446	166	27	50	393.80
-1.308997	1.555207	1.708892	180	24	44	393.78
0.261799	0.591903	2.010408	169	26	36	393.78
1.047198	0.458961	-0.107937	31	190	188	393.78
-2.094395	2.724429	-0.348782	187	33	28	393.78
0.785398	1.617114	-1.572037	176	163	15	393.75
-1.047198	2.180315	-1.357379	15	29	23	393.74
-0.523599	1.488617	1.159546	189	21	49	393.73
0.523599	0.458961	-0.107937	168	7	44	393.72
-0.261799	1.488617	1.159546	185	27	50	393.66
1.047198	0.914445	2.687814	187	23	37	393.65
-1.308997	2.153910	-1.714959	153	174	7	393.62
1.570796	1.025536	1.576859	161	18	46	393.60
-2.617994	1.504028	0.636812	167	159	11	393.56
-0.785398	0.458961	-0.107937	163	25	43	393.55
-3.141593	1.448123	-2.163292	176	20	33	393.53
-2.617994	2.979456	-1.009304	45	5	165	393.48
-0.261799	1.417623	-0.202254	158	11	35	393.46
1.308997	1.809167	1.213774	24	186	17	393.45
-0.785398	0.831641	0.616218	158	14	31	393.43
-2.356194	2.592629	0.909713	169	18	53	393.41
-1.570796	1.247695	1.809890	190	22	45	393.36
2.879793	1.450119	-2.739050	171	35	47	393.24
1.832596	1.699788	2.452890	161	150	1	393.14
2.094395	2.404280	-0.174044	163	32	41	393.12
1.570796	1.367556	0.358405	187	5	23	393.09
1.570796	2.295480	1.008277	43	177	169	393.07
-0.785398	2.587733	0.232235	0	4	47	393.03
-3.141593	1.135834	-1.431087	189	22	57	393.03
0.261799	1.846342	-1.796954	38	181	169	393.01
-0.785398	2.407836	1.410646	175	10	53	393.00
-2.094395	2.863997	0.549740	168	10	49	392.94
-0.523599	0.733948	3.021411	186	14	40	392.93
1.570796	1.824694	1.850876	40	172	187	392.93
0.000000	1.869911	2.701025	163	20	40	392.91
-2.356194	2.587733	0.232235	54	188	161	392.86
1.047198	1.732874	-0.951685	41	183	168	392.84
1.832596	0.458961	-0.107937	175	33	31	392.82
0.785398	2.760637	2.781135	168	1	45	392.82
0.000000	1.904882	-1.478089	176	190	46	392.80
-2.094395	1.214854	-1.966664	177	18	56	392.64
0.523599	1.168678	2.108595	161	24	42	392.61
0.261799	1.113094	-0.272241	179	15	38	392.59
0.000000	1.658653	-2.409879	47	172	181	392.57
-1.832596	1.599406	1.426070	188	13	54	392.53
-2.094395	1.135834	-1.431087	177	23	47	392.47
-1.570796	2.153910	-1.714959	162	17	45	392.37
-1.570796	2.592629	0.909713	18	176	14	392.36
-3.141593	1.545873	-1.877082	176	28	51	392.36
-1.832596	1.335669	0.897240	166	28	19	392.30
-0.261799	1.310100	1.488307	181	24	45	392.30
-1.832596	1.168678	2.108595	0	24	43	392.27
-2.617994	1.736875	3.023612	158	15	28	392.25
1.832596	1.617114	-1.572037	0	18	51	392.23
2.879793	1.812176	0.656819	166	17	50	392.19
-1.570796	0.419640	2.974122	181	14	41	392.18
-3.141593	0.899350	-2.069907	164	167	191	392.17
-1.570796	1.184361	0.625864	189	5	42	392.08
-0.261799	0.419640	2.974122	3	9	45	392.08
-2.617994	1.218453	2.777284	161	21	36	392.07
-2.094395	0.899350	-2.069907	182	12	56	392.04
-2.356194	1.168678	2.108595	166	23	29	392.02
-1.308997	2.343981	-1.040456	159	22	34	391.99
0.000000	2.295480	1.008277	187	13	53	391.98
-2.094395	2.404280	-0.174044	31	11	181	391.96
0.261799	1.574060	2.783565	160	26	41	391.96
-1.308997	2.587733	0.232235	182	191	44	391.92
-2.879793	2.073035	2.027405	1	20	57	391.87
-0.261799	2.299159	2.264663	166	19	51	391.85
-2.879793	1.025536	1.576859	189	5	47	391.78
-0.785398	2.073035	2.027405	175	23	53	391.73
0.261799	0.458961	-0.107937	60	186	166	391.70
-2.617994	2.724429	-0.348782	14	167	4	391.70
-1.832596	0.899350	-2.069907	184	13	56	391.61
-1.570796	2.863997	0.549740	173	190	46	391.60
2.617994	2.379497	0.561089	167	27	51	391.57
-1.047198	1.606104	-0.451151	159	28	37	391.55
-1.832596	1.812176	0.656819	183	0	49	391.52
-2.094395	1.168678	2.108595	159	19	26	391.45
-3.141593	1.247695	1.809890	187	189	46	391.45
-2.094395	1.662363	0.915448	173	166	14	391.43
-0.785398	1.875281	0.107086	7	9	42	391.42
-0.785398	2.407836	1.410646	177	9	55	391.41
1.308997	1.756530	-2.105156	3	21	50	391.41
0.000000	2.478122	2.609777	160	16	45	391.41
1.832596	0.685216	-1.712745	171	15	53	391.40
-2.617994	2.396274	-1.959260	176	19	28	391.38
0.261799	2.704512	1.488683	43	175	176	391.34
1.308997	1.809167	1.213774	23	186	16	391.27
1.047198	1.617114	-1.572037	187	7	49	391.25
-0.523599	1.194549	-0.801900	163	17	45	391.18
-0.785398	1.554776	0.100351	160	27	29	391.17
0.000000	0.992645	-1.723759	182	19	57	391.17
-2.879793	1.025536	1.576859	188	186	41	391.14
-0.261799	1.025536	1.576859	179	29	41	391.12
1.832596	1.440580	2.260026	169	191	44	391.11
1.308997	2.588535	-2.976617	185	20	35	391.09
-2.094395	0.685216	-1.712745	36	183	164	391.05
-1.570796	1.599406	1.426070	190	15	54	390.96
1.570796	0.910508	1.903534	160	12	43	390.93
2.879793	1.135813	-2.658866	166	26	48	390.91
2.356194	1.555207	1.708892	176	8	55	390.88
1.047198	2.379497	0.561089	186	27	42	390.87
-2.617994	1.025536	1.576859	31	189	164	390.87
-2.356194	1.367556	0.358405	26	9	184	390.84
1.832596	1.555207	1.708892	38	173	187	390.82
-2.356194	2.407836	1.410646	176	24	57	390.80
-1.047198	0.709924	0.218797	159	24	35	390.79
0.261799	2.180315	-1.357379	181	22	33	390.74
2.356194	1.554776	0.100351	157	24	36	390.70
-0.785398	2.478122	2.609777	166	26	42	390.70
-0.785398	0.203748	0.590255	162	18	44	390.69
-2.356194	2.407836	1.410646	177	23	57	390.67
-2.879793	2.187132	-0.479875	179	17	33	390.63
1.047198	1.325504	-1.671296	190	18	56	390.63
2.094395	1.440580	2.260026	177	1	48	390.62
-3.141593	1.658653	-2.409879	169	32	49	390.61
-2.617994	2.073035	2.027405	184	25	48	390.60
-1.047198	0.458961	-0.107937	163	29	37	390.51
0.785398	2.251330	-2.330739	159	25	29	390.50
-2.617994	1.168678	2.108595	7	12	47	390.50
-2.356194	1.569311	-3.003978	159	12	38	390.47
-2.094395	2.587733	0.232235	184	18	35	390.46
-1.047198	2.089241	-0.114193	7	8	41	390.44
-3.141593	0.914445	2.687814	47	168	188	390.44
2.617994	1.555207	1.708892	182	10	54	390.41
1.308997	1.683268	0.374177	179	24	36	390.38
1.308997	1.545873	-1.877082	190	19	53	390.36
-0.523599	0.762244	-0.273349	163	26	44	390.35
1.047198	0.850607	-1.335383	176	17	56	390.32
0.785398	1.545873	-1.877082	46	176	180	390.27
2.879793	0.571433	-1.188419	46	174	184	390.23
-2.617994	1.812176	0.656819	163	164	13	390.20
-0.261799	1.555207	1.708892	181	30	54	390.20
2.879793	1.658653	-2.409879	177	22	33	390.19
2.879793	1.699788	2.452890	3	1	46	390.14
1.832596	1.555207	1.708892	38	172	187	390.12
-2.356194	0.899350	-2.069907	179	9	55	390.04
2.617994	0.496451	0.593859	174	20	35	390.03
-3.141593	0.850607	-1.335383	191	16	56	389.99
1.832596	2.138223	1.678323	182	13	55	389.98
2.094395	0.571433	-1.188419	41	170	187	389.94
2.617994	1.448123	-2.163292	175	30	51	389.92
-3.141593	2.349581	-2.702517	169	32	36	389.91
1.047198	0.418037	1.360082	168	25	36	389.90
-2.879793	1.184361	0.625864	180	21	36	389.89
1.570796	1.045978	0.343692	170	34	38	389.86
-2.094395	1.555207	1.708892	189	15	50	389.82
2.094395	1.128190	-2.288622	175	30	52	389.81
-0.785398	2.637879	2.121598	166	17	50	389.81
1.308997	2.579248	-2.364801	161	11	36	389.81
-1.570796	1.696674	-1.253233	165	25	46	389.80
-0.785398	1.875281	0.107086	161	28	26	389.80
1.570796	0.496451	0.593859	166	30	33	389.80
-1.047198	1.982574	-1.115518	161	16	43	389.79
1.047198	1.195355	1.200319	169	30	48	389.78
1.570796	0.762244	-0.273349	178	159	7	389.76
-0.523599	2.407836	1.410646	179	9	56	389.75
-0.785398	2.407836	1.410646	173	11	52	389.72
-2.879793	0.080730	-2.622036	158	158	9	389.71
-1.047198	1.846342	-1.796954	165	7	48	389.70
1.570796	1.128190	-2.288622	182	22	45	389.68
-1.570796	2.343981	-1.040456	161	28	34	389.66
1.570796	1.683268	0.374177	178	23	35	389.63
2.356194	0.866955	-0.931351	175	159	7	389.58
2.879793	1.242974	-2.977882	30	181	190	389.57
-1.570796	1.756530	-2.105156	167	15	50	389.52
1.308997	1.135834	-1.431087	180	9	52	389.52
-1.308997	0.929350	-2.910676	178	190	45	389.47
1.570796	1.014500	0.906702	164	31	43	389.38
-0.523599	1.045978	0.343692	12	25	38	389.37
0.523599	0.571433	-1.188419	157	177	16	389.31
2.617994	2.115563	0.685730	165	22	50	389.30
2.356194	2.073035	2.027405	185	8	51	389.24
-1.832596	0.992645	-1.723759	171	174	20	389.18
-1.308997	1.113094	-0.272241	33	171	185	389.14
1.570796	2.407836	1.410646	185	20	53	389.12
-1.047198	1.448123	-2.163292	174	5	50	389.11
2.094395	1.998705	2.370472	184	191	48	389.09
1.047198	1.510910	-0.740472	30	177	1	389.08
-2.879793	0.640596	-2.797608	162	11	44	389.07
1.047198	1.168678	2.108595	158	14	41	389.06
1.570796	1.113094	-0.272241	181	161	4	389.06
2.094395	1.555207	1.708892	170	7	51	389.02
-1.832596	2.108018	1.311430	183	16	58	389.01
2.617994	0.960688	-0.577532	166	25	25	389.01
0.523599	2.881233	-2.582574	159	19	40	388.96
0.000000	2.396274	-1.959260	180	17	34	388.93
0.785398	1.982574	-1.115518	169	1	179	388.91
-1.832596	2.379497	0.561089	47	190	156	388.90
0.523599	1.569311	-3.003978	3	21	39	388.88
-2.094395	1.545873	-1.877082	171	24	54	388.87
-2.617994	1.504028	0.636812	166	159	11	388.87
2.617994	1.488617	1.159546	166	8	49	388.87
-2.617994	2.063651	-2.044600	167	33	46	388.86
0.785398	0.850607	-1.335383	173	11	51	388.79
0.000000	1.545873	-1.877082	41	175	172	388.78
1.832596	1.554776	0.100351	175	173	189	388.72
-0.261799	1.374601	-2.456031	36	174	13	388.71
0.000000	1.569311	-3.003978	162	35	30	388.71
-2.094395	1.367556	0.358405	180	187	38	388.59
-2.879793	1.335669	0.897240	173	6	48	388.51
-3.141593	1.448123	-2.163292	172	27	52	388.49
0.000000	1.195355	1.200319	182	26	43	388.46
-2.617994	1.504028	0.636812	182	24	34	388.41
-1.308997	2.587733	0.232235	181	0	44	388.41
0.261799	2.881233	-2.582574	160	25	40	388.37
0.785398	1.301460	-0.509251	174	188	42	388.36
-2.356194	1.812176	0.656819	166	163	13	388.33
-2.879793	1.218453	2.777284	156	25	33	388.30
-2.094395	1.214854	-1.966664	42	181	168	388.27
2.356194	2.637879	2.121598	4	13	49	388.25
0.261799	1.050534	3.042579	187	21	38	388.25
0.261799	1.134497	-1.109631	173	12	54	388.20
2.879793	2.407836	1.410646	181	20	39	388.20
-2.617994	1.310100	1.488307	188	8	52	388.19
2.879793	0.906588	1.252948	30	191	189	388.16
-0.261799	2.115563	0.685730	191	14	48	388.09
0.261799	2.356369	3.005869	156	18	39	387.99
0.000000	1.662363	0.915448	190	27	52	387.95
0.261799	1.869911	2.701025	159	21	44	387.94
-3.141593	1.545873	-1.877082	178	23	42	387.88
0.261799	0.866955	-0.931351	169	16	52	387.88
0.000000	1.998705	2.370472	165	22	50	387.87
1.570796	1.554776	0.100351	38	166	184	387.83
-3.141593	0.370812	-2.547742	155	165	12	387.78
-0.785398	2.063651	-2.044600	171	189	41	387.77
1.308997	2.108018	1.311430	30	182	18	387.71
2.094395	1.367556	0.358405	157	27	35	387.69
-1.308997	1.721184	-0.153948	165	26	29	387.65
2.094395	0.906588	1.252948	158	9	39	387.58
1.308997	1.977582	0.969896	44	184	187	387.51
0.261799	1.301460	-0.509251	164	3	43	387.49
2.094395	1.766067	2.153843	178	1	50	387.44
-2.617994	0.866395	-2.492918	171	11	52	387.41
2.879793	2.356369	3.005869	10	5	44	387.38
-0.261799	1.310100	1.488307	32	6	13	387.35
-2.356194	2.393226	1.857173	184	30	57	387.35
1.570796	1.325504	-1.671296	184	18	54	387.25
0.523599	2.153910	-1.714959	180	18	34	387.24
-0.523599	1.756530	-2.105156	183	23	34	387.22
1.832596	0.910508	1.903534	164	6	43	387.14
1.832596	2.001437	0.381215	180	19	33	387.12
-3.141593	1.812176	0.656819	169	12	51	387.09
-1.570796	2.587733	0.232235	40	169	177	387.08
-0.523599	1.374601	-2.456031	190	5	52	387.00
-0.523599	1.448123	-2.163292	186	9	54	387.00
2.094395	0.685216	-1.712745	173	13	53	386.99
1.832596	0.685216	-1.712745	172	13	52	386.97
2.617994	2.138223	1.678323	183	16	56	386.96
-2.094395	1.448123	-2.163292	170	18	53	386.94
-1.308997	1.374601	-2.456031	173	2	48	386.94
2.094395	0.496451	0.593859	163	20	33	386.93
-1.832596	0.640596	-2.797608	178	190	46	386.90
1.570796	0.960688	-0.577532	185	189	45	386.88
0.261799	1.448123	-2.163292	37	181	170	386.83
-2.879793	1.809167	1.213774	42	184	164	386.77
-1.047198	1.367556	0.358405	4	11	42	386.67
-0.523599	1.050534	3.042579	186	162	5	386.67
2.094395	1.809167	1.213774	39	182	188	386.65
-0.261799	1.214854	-1.966664	43	175	191	386.56
2.356194	1.195355	1.200319	162	8	44	386.49
-1.832596	2.115563	0.685730	178	1	49	386.44
0.000000	1.998705	2.370472	169	26	53	386.42
1.832596	0.290380	-0.796960	175	190	45	386.37
2.879793	0.379747	-1.713059	39	167	187	386.34
0.785398	1.617114	-1.572037	177	165	16	386.27
2.879793	1.325504	-1.671296	184	19	48	386.26
-0.785398	1.448123	-2.163292	165	160	188	386.26
-1.047198	1.809167	1.213774	43	179	184	386.22
1.570796	2.299159	2.264663	184	2	52	386.22
-0.523599	1.417623	-0.202254	159	18	36	386.16
-2.617994	1.736875	3.023612	156	18	32	386.16
-2.879793	2.349581	-2.702517	167	29	37	386.14
-2.094395	2.724429	-0.348782	186	18	34	386.10
1.570796	1.413430	2.550734	0	36	30	386.09
-2.094395	0.370812	-2.547742	182	191	48	386.08
-1.570796	1.872854	1.543456	184	18	56	386.08
0.000000	1.301460	-0.509251	163	8	44	386.05
-1.308997	2.984978	1.954446	162	19	47	386.05
-1.308997	1.488617	1.159546	186	14	44	386.03
-1.308997	2.104282	-0.813972	160	27	36	386.02
1.570796	2.881233	-2.582574	165	190	39	386.02
-0.785398	2.187132	-0.479875	157	20	30	386.00
-1.308997	2.393226	1.857173	173	20	53	385.96
0.000000	1.569311	-3.003978	161	24	27	385.94
1.308997	2.379497	0.561089	184	28	42	385.93
1.570796	1.998705	2.370472	176	191	47	385.92
-2.356194	1.554776	0.100351	179	20	34	385.88
1.308997	0.864993	2.278281	187	23	37	385.82
1.570796	0.674054	1.013609	161	27	38	385.81
1.308997	1.195355	1.200319	167	29	49	385.77
0.000000	0.733948	3.021411	162	25	30	385.67
-1.570796	1.812176	0.656819	15	2	34	385.58
-0.523599	2.379497	0.561089	179	17	32	385.56
-0.261799	2.153910	-1.714959	174	188	41	385.46
2.356194	1.256302	0.062705	156	23	30	385.41
-0.523599	1.050534	3.042579	185	162	5	385.37
2.356194	1.448123	-2.163292	179	31	52	385.23
-1.308997	1.413347	-1.339188	169	21	50	385.21
-1.832596	0.419640	2.974122	22	182	2	385.06
-0.261799	1.658653	-2.409879	33	187	161	385.04
-2.094395	2.587733	0.232235	33	6	178	385.03
-1.832596	1.413347	-1.339188	172	23	44	384.85
-0.261799	0.203748	0.590255	161	4	39	384.84
-2.879793	2.251330	-2.330739	163	32	35	384.83
-1.570796	2.407836	1.410646	48	176	154	384.81
-2.617994	2.251330	-2.330739	162	30	40	384.77
2.356194	0.080730	-2.622036	165	22	48	384.72
1.047198	2.349581	-2.702517	5	24	35	384.61
2.879793	1.869911	2.701025	165	27	25	384.45
-1.308997	2.153910	-1.714959	163	13	45	384.41
1.308997	1.998705	2.370472	172	2	48	384.38
1.047198	2.396274	-1.959260	157	21	26	384.31
-1.308997	2.063651	-2.044600	10	36	22	384.30
0.523599	0.850607	-1.335383	175	17	55	384.28
1.570796	1.413430	2.550734	166	190	40	384.24
-1.047198	2.456751	-1.503343	163	14	38	384.22
-2.617994	2.724429	-0.348782	158	160	5	384.22
-1.832596	1.809167	1.213774	182	10	54	384.20
-2.617994	0.619654	-2.216909	39	168	189	384.11
-1.832596	2.984978	1.954446	170	34	49	384.10
2.094395	1.440580	2.260026	174	189	45	384.06
2.356194	0.929350	-2.910676	170	28	42	384.04
2.094395	1.014500	0.906702	162	19	44	384.04
1.832596	1.440580	2.260026	173	4	48	384.01
-1.308997	0.419640	2.974122	181	186	39	384.00
-1.832596	2.407836	1.410646	174	14	55	383.97
-0.261799	1.756530	-2.105156	184	191	49	383.96
2.356194	2.587733	0.232235	168	34	48	383.95
1.570796	1.554776	0.100351	185	4	26	383.94
1.832596	0.762244	-0.273349	2	1	45	383.93
-2.879793	1.574060	2.783565	163	24	33	383.89
-0.261799	0.992645	-1.723759	41	178	190	383.79
-0.261799	1.325504	-1.671296	178	11	56	383.67
2.617994	1.413347	-1.339188	38	183	15	383.64
1.047198	0.203748	0.590255	28	4	187	383.60
-2.356194	1.367556	0.358405	180	21	35	383.59
0.261799	0.914445	2.687814	160	22	34	383.56
-1.832596	0.080730	-2.622036	9	19	16	383.50
1.832596	1.448123	-2.163292	185	30	52	383.47
-0.523599	1.599406	1.426070	33	190	16	383.46
-0.523599	2.104282	-0.813972	159	9	37	383.45
-0.523599	1.904882	-1.478089	166	4	46	383.44
1.570796	1.872854	1.543456	173	16	53	383.42
-2.879793	2.407836	1.410646	176	22	44	383.41
2.879793	1.977582	0.969896	168	15	52	383.37
-2.094395	1.617114	-1.572037	172	22	39	383.35
1.308997	0.831641	0.616218	29	185	190	383.34
-1.832596	1.617114	-1.572037	155	174	8	383.32
-2.879793	1.247695	1.809890	191	7	50	383.31
2.094395	0.866395	-2.492918	175	27	52	383.28
-2.094395	2.407836	1.410646	19	190	18	383.23
-2.879793	1.128190	-2.288622	169	17	52	383.19
-3.141593	1.545873	-1.877082	179	21	37	383.17
-0.523599	1.256302	0.062705	158	13	28	383.17
-2.356194	2.349581	-2.702517	164	20	37	383.16
1.047198	1.812176	0.656819	184	33	51	383.14
1.047198	1.325504	-1.671296	182	11	49	383.10
-1.570796	1.448123	-2.163292	173	14	53	383.10
2.879793	1.699788	2.452890	183	15	37	383.08
2.879793	1.440580	2.260026	42	180	175	383.03
0.261799	2.174483	2.653697	162	16	47	382.99
-1.308997	0.929350	-2.910676	181	190	47	382.98
-3.141593	0.685216	-1.712745	11	7	37	382.88
2.879793	2.588535	-2.976617	4	2	39	382.86
-0.261799	1.741644	-2.695914	38	167	6	382.78
2.617994	2.349581	-2.702517	23	6	189	382.78
-1.832596	0.080730	-2.622036	188	188	42	382.78
-1.308997	0.961715	0.014085	155	191	1	382.71
-2.879793	2.073035	2.027405	0	17	54	382.70
1.832596	1.335669	0.897240	165	26	49	382.69
2.879793	0.080730	-2.622036	161	9	44	382.58
1.047198	1.732874	-0.951685	181	191	40	382.48
2.617994	0.910508	1.903534	178	190	43	382.45
2.617994	2.115563	0.685730	164	21	48	382.44
-0.523599	0.379747	-1.713059	33	1	14	382.36
-2.879793	1.214854	-1.966664	177	17	47	382.32
2.356194	0.203748	0.590255	157	21	26	382.28
-1.570796	0.419640	2.974122	187	28	34	382.27
1.570796	0.685216	-1.712745	173	14	52	382.25
-0.785398	2.704512	1.488683	170	6	51	382.24
-1.832596	0.992645	-1.723759	185	21	57	382.22
0.523599	1.301460	-0.509251	168	191	42	382.19
1.308997	1.488617	1.159546	172	32	53	382.17
-1.832596	1.488617	1.159546	35	184	167	382.17
-2.094395	1.683268	0.374177	177	2	44	382.15
-2.094395	1.875281	0.107086	177	186	38	382.15
2.879793	1.506530	1.988858	189	4	53	382.07
-2.617994	2.863997	0.549740	164	17	49	382.06
0.261799	1.242974	-2.977882	186	19	39	382.06
0.000000	0.733948	3.021411	161	24	29	382.01
0.000000	1.545873	-1.877082	184	6	54	382.00
-2.617994	1.555207	1.708892	31	186	157	381.98
1.570796	1.440580	2.260026	167	1	43	381.74
-1.570796	1.214854	-1.966664	167	170	20	381.73
-0.261799	1.242974	-2.977882	162	27	25	381.68
1.570796	1.448123	-2.163292	1	32	53	381.63
2.356194	1.812176	0.656819	35	180	186	381.60
-0.261799	1.247695	1.809890	181	30	49	381.55
0.261799	1.741644	-2.695914	183	12	36	381.51
-0.261799	1.510910	-0.740472	163	11	44	381.49
-0.523599	0.992645	-1.723759	181	13	49	381.42
0.261799	1.904882	-1.478089	40	181	169	381.39
-2.094395	1.504028	0.636812	181	191	45	381.35
2.356194	0.379747	-1.713059	20	168	13	381.30
1.570796	1.809167	1.213774	22	185	17	381.30
0.523599	0.762244	-0.273349	166	0	40	381.30
-1.570796	1.812176	0.656819	189	9	51	381.27
1.832596	2.153910	-1.714959	8	22	44	381.27
-0.523599	1.696674	-1.253233	164	9	48	381.19
-1.570796	1.045978	0.343692	166	29	32	381.14
0.000000	1.488617	1.159546	34	3	15	381.13
0.000000	2.153910	-1.714959	180	187	39	381.10
-1.047198	2.407836	1.410646	173	12	55	381.09
2.879793	1.662363	0.915448	170	14	53	381.07
-1.047198	1.846342	-1.796954	166	6	48	381.06
-2.879793	2.455966	-0.641220	177	13	34	381.05
-3.141593	0.379747	-1.713059	11	3	34	381.03
-0.785398	2.153910	-1.714959	5	36	23	381.03
0.261799	2.033014	2.977192	48	176	185	381.00
-1.832596	2.863997	0.549740	54	188	162	381.00
0.000000	1.812176	0.656819	1	22	49	380.99
2.356194	1.599406	1.426070	170	10	52	380.97
-1.570796	1.662363	0.915448	186	11	51	380.97
2.879793	0.080730	-2.622036	160	10	44	380.87
2.617994	2.138223	1.678323	183	15	54	380.86
2.879793	0.899350	-2.069907	172	15	51	380.84
1.308997	1.872854	1.543456	173	18	55	380.80
0.261799	1.214854	-1.966664	189	16	57	380.76
0.785398	1.413347	-1.339188	42	179	167	380.73
-1.308997	2.108018	1.311430	172	170	21	380.70
1.570796	1.025536	1.576859	161	19	46	380.69
-1.308997	2.138223	1.678323	178	19	55	380.66
-0.261799	0.733948	3.021411	164	30	30	380.66
2.617994	1.184361	0.625864	161	11	43	380.62
-0.785398	1.045978	0.343692	158	16	27	380.61
-1.047198	1.545873	-1.877082	162	165	17	380.60
-0.261799	0.914445	2.687814	169	35	35	380.55
-0.261799	2.379497	0.561089	177	163	5	380.53
0.523599	1.569311	-3.003978	170	19	33	380.48
1.832596	2.704512	1.488683	191	23	51	380.45
-1.308997	2.456751	-1.503343	161	19	38	380.43
1.047198	0.864993	2.278281	156	12	33	380.41
-2.617994	2.295480	1.008277	172	15	56	380.41
2.617994	1.699788	2.452890	16	8	26	380.37
-0.523599	2.299159	2.264663	167	23	51	380.36
0.785398	2.356369	3.005869	161	6	41	380.31
-3.141593	2.247462	0.191623	163	14	45	380.27
-2.356194	1.195355	1.200319	188	4	49	380.26
1.570796	1.756530	-2.105156	191	21	45	380.26
-1.570796	1.025536	1.576859	1	19	44	380.22
2.617994	2.404280	-0.174044	160	21	41	380.15
-3.141593	1.699788	2.452890	43	177	10	380.08
2.094395	1.195355	1.200319	163	18	48	380.06
-1.832596	1.617114	-1.572037	173	18	36	380.06
-2.356194	1.413347	-1.339188	177	24	42	380.01
-2.879793	2.579248	-2.364801	164	33	32	380.01
2.617994	2.174483	2.653697	1	3	45	379.99
0.261799	0.700570	1.559208	182	13	36	379.95
1.832596	1.025536	1.576859	162	14	45	379.90
2.879793	1.569311	-3.003978	168	28	39	379.79
1.308997	2.760637	2.781135	177	188	45	379.78
1.570796	1.413430	2.550734	178	11	40	379.77
-2.356194	2.089241	-0.114193	172	185	34	379.73
-0.785398	2.863997	0.549740	182	191	43	379.73
-0.261799	1.872854	1.543456	182	22	57	379.64
-0.261799	1.699788	2.452890	168	24	41	379.64
-0.523599	1.998705	2.370472	169	24	46	379.63
-2.879793	2.174483	2.653697	188	21	39	379.63
1.308997	1.168678	2.108595	161	13	46	379.60
0.523599	1.982574	-1.115518	186	28	29	379.60
0.523599	1.870545	-2.976234	156	17	32	379.60
1.832596	0.960688	-0.577532	171	33	21	379.54
2.617994	1.374601	-2.456031	172	32	50	379.51
-0.785398	0.929350	-2.910676	187	2	46	379.50
-3.141593	1.242974	-2.977882	159	27	41	379.41
-2.356194	1.599406	1.426070	39	179	174	379.34
-0.261799	0.709924	0.218797	2	23	34	379.28
-1.308997	1.045978	0.343692	2	7	39	379.28
-2.617994	1.413430	2.550734	162	22	30	379.25
-0.523599	1.554776	0.100351	154	18	26	379.24
0.261799	2.478122	2.609777	161	11	45	379.19
1.832596	0.762244	-0.273349	38	169	6	379.17
2.617994	0.379747	-1.713059	172	3	48	379.17
0.261799	0.864993	2.278281	165	28	40	379.17
2.356194	1.658653	-2.409879	181	23	36	379.11
-0.261799	1.450119	-2.739050	182	163	9	379.06
-3.141593	0.899350	-2.069907	37	174	1	379.03
1.308997	0.458961	-0.107937	182	2	44	379.01
2.617994	2.295480	1.008277	168	164	168	379.00
1.832596	1.214854	-1.966664	184	21	54	378.97
-1.832596	2.863997	0.549740	15	173	10	378.88
2.356194	0.961715	0.014085	169	29	34	378.83
0.261799	1.025536	1.576859	178	19	35	378.82
1.570796	1.699788	2.452890	174	190	36	378.81
2.879793	1.025536	1.576859	43	184	174	378.78
0.261799	1.242974	-2.977882	6	13	43	378.76
-2.356194	2.108018	1.311430	180	16	58	378.72
1.832596	0.615174	-0.666022	177	162	12	378.68
-0.523599	1.417623	-0.202254	158	15	34	378.67
-1.570796	1.872854	1.543456	183	18	56	378.63
-1.047198	2.089241	-0.114193	165	22	24	378.63
-2.879793	2.404280	-0.174044	164	6	41	378.61
-0.785398	1.982574	-1.115518	159	12	41	378.58
2.094395	1.247695	1.809890	166	2	45	378.55
2.356194	1.599406	1.426070	175	16	55	378.52
0.261799	1.218453	2.777284	48	179	190	378.50
0.261799	0.864993	2.278281	159	30	35	378.49
2.356194	1.662363	0.915448	163	17	48	378.44
1.570796	0.685216	-1.712745	174	13	51	378.40
-2.617994	0.864993	2.278281	161	26	33	378.35
0.523599	1.904882	-1.478089	175	156	11	378.26
-1.570796	2.979456	-1.009304	162	29	21	378.23
-2.617994	2.404280	-0.174044	54	0	166	378.20
-3.141593	2.108018	1.311430	176	16	55	378.16
-2.617994	0.910508	1.903534	163	32	29	378.09
1.047198	1.025536	1.576859	190	7	19	378.08
-1.832596	1.413347	-1.339188	174	21	40	378.06
0.785398	0.960688	-0.577532	171	191	44	378.02
1.047198	2.174483	2.653697	168	3	46	378.02
-2.356194	1.977582	0.969896	178	8	55	377.96
-3.141593	1.135834	-1.431087	44	182	184	377.88
2.094395	2.979456	-1.009304	160	19	43	377.84
-2.617994	1.506530	1.988858	178	19	35	377.84
-1.832596	2.247462	0.191623	25	2	183	377.83
2.356194	1.555207	1.708892	173	4	50	377.81
-2.356194	0.685216	-1.712745	36	186	157	377.79
-2.094395	2.108018	1.311430	39	177	171	377.78
-1.047198	2.393226	1.857173	171	19	53	377.77
-2.356194	2.719179	-1.780644	162	31	28	377.76
0.785398	0.910508	1.903534	161	25	41	377.68
-2.617994	2.724429	-0.348782	186	28	30	377.59
-0.523599	2.343981	-1.040456	183	24	33	377.58
2.879793	1.025536	1.576859	176	186	42	377.49
-2.356194	0.619654	-2.216909	169	162	17	377.49
-2.356194	1.335669	0.897240	176	162	12	377.46
-1.570796	2.343981	-1.040456	163	32	37	377.42
1.308997	1.310100	1.488307	162	22	48	377.39
-1.570796	2.979456	-1.009304	4	4	41	377.21
-1.308997	1.662363	0.915448	189	12	51	377.14
-3.141593	2.588535	-2.976617	14	9	43	377.12
-3.141593	2.455966	-0.641220	190	29	32	377.10
-2.617994	1.506530	1.988858	188	15	45	377.02
-1.047198	1.113094	-0.272241	165	32	41	377.01
-1.570796	0.929350	-2.910676	184	20	39	376.91
-0.261799	1.448123	-2.163292	187	5	53	376.89
2.094395	1.869911	2.701025	182	186	43	376.83
1.308997	1.809167	1.213774	178	28	57	376.82
2.617994	1.134497	-1.109631	189	13	45	376.81
-2.879793	0.618092	2.539118	163	28	39	376.78
0.261799	1.374601	-2.456031	191	12	47	376.73
1.308997	1.756530	-2.105156	190	18	44	376.72
0.523599	0.297065	2.160177	61	171	179	376.70
1.047198	1.134796	2.434290	32	21	15	376.70
1.832596	0.615174	-0.666022	175	163	11	376.66
2.879793	1.662363	0.915448	167	10	52	376.65
-1.570796	2.295480	1.008277	180	10	56	376.63
1.570796	0.290380	-0.796960	166	163	12	376.58
-2.617994	1.218453	2.777284	157	18	34	376.53
-2.094395	1.135813	-2.658866	171	10	50	376.45
0.000000	0.960688	-0.577532	163	12	47	376.42
1.832596	1.545873	-1.877082	190	23	53	376.35
-1.308997	2.379497	0.561089	40	180	166	376.31
2.094395	0.370812	-2.547742	56	168	163	376.29
-2.356194	0.685216	-1.712745	188	14	56	376.29
0.261799	0.419640	2.974122	158	18	24	376.26
-1.832596	1.214854	-1.966664	38	179	185	376.25
0.523599	2.881233	-2.582574	160	23	43	376.21
-2.617994	1.413430	2.550734	178	19	36	376.19
2.879793	1.869911	2.701025	166	26	25	376.13
-0.785398	2.393226	1.857173	172	15	52	376.10
1.047198	2.295480	1.008277	189	17	50	376.10
-1.308997	2.180315	-1.357379	163	22	43	376.07
0.261799	1.135834	-1.431087	180	16	57	376.02
2.879793	1.374601	-2.456031	170	30	51	375.97
0.523599	1.050534	3.042579	187	20	39	375.95
-1.047198	2.153910	-1.714959	155	169	7	375.90
-3.141593	1.977582	0.969896	45	181	168	375.82
0.261799	0.866955	-0.931351	168	15	52	375.82
1.570796	1.872854	1.543456	23	178	17	375.81
-0.261799	0.419640	2.974122	186	12	40	375.78
1.570796	1.440580	2.260026	168	7	48	375.78
-0.785398	2.180315	-1.357379	167	15	42	375.74
-2.356194	2.089241	-0.114193	173	190	40	375.74
2.094395	1.448123	-2.163292	184	24	48	375.71
1.832596	0.674054	1.013609	162	21	39	375.70
1.308997	1.014500	0.906702	168	34	43	375.67
0.785398	2.637879	2.121598	176	1	47	375.66
-1.832596	2.664082	-1.071402	165	38	31	375.64
0.000000	0.961715	0.014085	2	25	34	375.64
0.785398	0.615174	-0.666022	167	4	45	375.60
1.832596	1.809167	1.213774	172	19	51	375.59
0.785398	2.881233	-2.582574	164	24	39	375.54
1.308997	1.766067	2.153843	170	8	53	375.50
-1.570796	2.984978	1.954446	167	29	49	375.46
0.000000	0.960688	-0.577532	163	10	43	375.44
-2.617994	2.979456	-1.009304	41	166	175	375.39
-3.141593	1.310100	1.488307	187	14	47	375.38
2.094395	2.001437	0.381215	165	30	46	375.37
1.832596	1.875281	0.107086	180	16	28	375.35
0.261799	2.579248	-2.364801	162	32	35	375.32
2.094395	2.881233	-2.582574	48	6	170	375.32
2.356194	0.496451	0.593859	160	18	33	375.26
1.308997	1.325504	-1.671296	184	13	53	375.19
2.094395	2.033014	2.977192	183	20	36	375.13
-2.094395	1.662363	0.915448	180	5	51	375.11
-1.047198	1.721184	-0.153948	162	31	33	375.10
1.308997	0.418037	1.360082	158	29	33	375.08
2.356194	1.367556	0.358405	159	21	41	375.08
2.356194	0.080730	-2.622036	161	18	43	375.04
-2.617994	2.089241	-0.114193	169	191	39	375.01
1.570796	0.418037	1.360082	160	18	33	374.98
-1.308997	1.662363	0.915448	187	15	50	374.97
2.356194	1.045978	0.343692	155	20	31	374.94
0.523599	1.325504	-1.671296	188	15	57	374.90
0.261799	0.960688	-0.577532	165	8	47	374.87
1.570796	1.756530	-2.105156	1	20	47	374.87
0.785398	1.135834	-1.431087	43	178	169	374.85
-3.141593	2.587733	0.232235	163	18	47	374.83
2.879793	1.450119	-2.739050	170	32	47	374.83
0.785398	1.433411	-1.035986	179	1	50	374.81
-2.879793	1.504028	0.636812	170	0	46	374.80
-2.879793	1.948085	-2.363031	166	31	45	374.79
1.570796	1.554776	0.100351	40	166	184	374.78
-2.879793	2.579248	-2.364801	189	158	190	374.75
2.879793	2.588535	-2.976617	9	2	42	374.74
-2.356194	2.863997	0.549740	57	179	162	374.74
-1.570796	1.135834	-1.431087	42	171	154	374.68
2.617994	0.709924	0.218797	161	19	33	374.65
2.617994	0.685216	-1.712745	176	8	49	374.64
-2.356194	2.979456	-1.009304	180	188	38	374.60
0.000000	1.374601	-2.456031	184	13	41	374.58
-0.261799	1.417623	-0.202254	159	11	36	374.50
2.617994	0.290380	-0.796960	170	30	18	374.46
-0.785398	0.961715	0.014085	158	20	34	374.45
-0.261799	1.617114	-1.572037	175	5	52	374.25
-0.785398	1.696674	-1.253233	162	14	48	374.25
-3.141593	2.041297	-2.664597	2	2	22	374.24
1.308997	1.662363	0.915448	176	24	49	374.19
-1.570796	1.977582	0.969896	181	8	53	374.19
1.832596	0.619654	-2.216909	171	22	51	374.06
-1.047198	2.863997	0.549740	42	182	167	373.99
-2.094395	2.138223	1.678323	185	23	59	373.99
-2.617994	2.033014	2.977192	163	19	32	373.96
2.094395	0.370812	-2.547742	167	22	46	373.96
2.356194	1.440580	2.260026	180	188	45	373.93
-0.523599	0.496451	0.593859	162	11	39	373.89
2.617994	1.134497	-1.109631	2	16	55	373.83
-0.785398	2.299159	2.264663	168	26	51	373.81
0.261799	1.413347	-1.339188	42	175	173	373.79
-1.047198	2.592629	0.909713	176	3	50	373.76
-2.617994	1.506530	1.988858	177	19	34	373.63
2.879793	1.766067	2.153843	1	8	53	373.61
1.570796	0.615174	-0.666022	178	190	46	373.59
1.570796	1.214854	-1.966664	184	16	39	373.57
2.879793	2.455966	-0.641220	162	7	35	373.53
1.570796	1.448123	-2.163292	187	21	48	373.47
-2.356194	1.809167	1.213774	39	183	154	373.43
0.261799	1.134796	2.434290	157	28	35	373.42
0.000000	1.606104	-0.451151	159	169	1	373.36
0.000000	1.440580	2.260026	157	189	11	373.32
2.094395	2.984978	1.954446	7	17	46	373.31
2.617994	1.045978	0.343692	158	13	36	373.28
-0.523599	2.379497	0.561089	44	176	174	373.18
0.523599	1.904882	-1.478089	44	169	179	373.17
1.047198	2.881233	-2.582574	189	24	30	373.16
-0.523599	1.242974	-2.977882	3	4	45	373.14
1.570796	1.875281	0.107086	171	35	40	373.14
0.000000	0.762244	-0.273349	162	16	44	373.13
-2.879793	1.599406	1.426070	39	185	165	373.08
-0.261799	2.063651	-2.044600	40	175	169	373.00
1.570796	1.367556	0.358405	189	4	26	372.99
-1.047198	1.809167	1.213774	189	13	54	372.97
-2.094395	1.242974	-2.977882	188	28	33	372.95
0.523599	1.134497	-1.109631	173	5	49	372.95
2.094395	0.203748	0.590255	184	19	39	372.94
-2.879793	1.504028	0.636812	162	162	11	372.90
-1.308997	1.756530	-2.105156	171	12	50	372.90
0.523599	2.251330	-2.330739	158	27	27	372.88
0.261799	1.301460	-0.509251	165	2	42	372.85
1.308997	1.846342	-1.796954	2	17	49	372.81
-3.141593	1.948085	-2.363031	0	1	20	372.77
2.094395	1.662363	0.915448	162	171	187	372.73
-0.785398	1.875281	0.107086	157	25	23	372.66
-2.879793	2.164094	-2.991358	159	23	29	372.59
-2.356194	1.554776	0.100351	184	38	31	372.57
2.356194	1.977582	0.969896	169	21	51	372.52
0.000000	1.448123	-2.163292	190	8	54	372.44
-2.356194	1.367556	0.358405	179	21	35	372.41
-0.523599	2.063651	-2.044600	183	22	34	372.36
-2.879793	1.218453	2.777284	162	27	36	372.30
1.570796	0.685216	-1.712745	172	15	52	372.30
1.570796	0.418037	1.360082	157	22	33	372.28
-0.261799	1.417623	-0.202254	155	12	33	372.28
-2.879793	0.866395	-2.492918	168	13	52	372.25
-2.879793	1.599406	1.426070	182	3	52	372.15
1.570796	1.367556	0.358405	170	31	40	372.11
-2.356194	0.700570	1.559208	162	28	28	371.97
-2.094395	2.001437	0.381215	178	2	48	371.97
0.523599	0.297065	2.160177	166	20	31	371.96
-1.570796	2.295480	1.008277	37	173	188	371.92
2.617994	0.929350	-2.910676	38	174	185	371.85
2.879793	0.960688	-0.577532	147	170	170	371.79
2.094395	1.374601	-2.456031	179	27	45	371.75
-1.047198	2.393226	1.857173	170	19	53	371.66
-0.523599	2.456751	-1.503343	179	19	33	371.66
0.000000	0.992645	-1.723759	182	18	56	371.64
1.308997	0.418037	1.360082	161	19	29	371.59
0.261799	1.699788	2.452890	164	25	48	371.50
-1.308997	2.343981	-1.040456	161	26	37	371.49
-2.879793	1.195355	1.200319	177	2	48	371.36
-1.308997	1.256302	0.062705	163	27	31	371.35
2.879793	0.571433	-1.188419	14	12	27	371.35
-3.141593	1.214854	-1.966664	174	20	53	371.34
2.879793	1.555207	1.708892	173	166	17	371.31
-2.879793	0.370812	-2.547742	168	5	49	371.26
-1.308997	2.379497	0.561089	41	171	179	371.24
-1.832596	1.696674	-1.253233	161	172	186	371.24
-1.308997	1.214854	-1.966664	179	15	57	371.22
-0.523599	1.904882	-1.478089	39	10	171	371.22
-2.879793	1.504028	0.636812	170	191	45	371.18
-1.832596	2.587733	0.232235	177	187	45	371.12
-0.261799	1.448123	-2.163292	187	6	53	371.11
-0.523599	1.875281	0.107086	155	20	23	371.08
-1.570796	1.448123	-2.163292	173	13	54	371.05
-2.879793	0.619654	-2.216909	172	5	49	371.02
-1.570796	1.025536	1.576859	189	22	42	371.00
0.000000	2.153910	-1.714959	31	157	5	370.99
-1.047198	2.587733	0.232235	186	1	43	370.99
2.094395	1.374601	-2.456031	180	27	46	370.76
0.261799	2.180315	-1.357379	179	185	36	370.74
-0.261799	0.960688	-0.577532	163	15	45	370.69
-0.785398	1.242974	-2.977882	166	186	187	370.68
2.879793	2.108018	1.311430	40	181	183	370.65
0.000000	0.419640	2.974122	158	24	24	370.59
0.261799	2.984978	1.954446	190	32	26	370.57
2.879793	1.488617	1.159546	159	161	15	370.54
-1.570796	2.984978	1.954446	178	12	24	370.52
1.047198	2.579248	-2.364801	161	20	35	370.51
-0.261799	2.299159	2.264663	167	18	51	370.46
1.832596	0.700570	1.559208	161	12	40	370.42
-0.785398	1.242974	-2.977882	190	1	45	370.35
-2.879793	2.724429	-0.348782	166	3	43	370.34
2.356194	0.685216	-1.712745	178	7	46	370.32
0.000000	1.696674	-1.253233	174	3	50	370.27
2.094395	1.134497	-1.109631	46	178	179	370.24
-0.785398	0.929350	-2.910676	169	26	22	370.23
1.308997	1.836682	-0.676006	178	39	29	370.18
2.617994	1.998705	2.370472	45	179	178	370.14
2.879793	0.685216	-1.712745	41	175	188	370.08
-3.141593	1.391910	3.030322	152	186	1	370.07
-2.356194	1.872854	1.543456	36	179	155	370.07
-2.617994	1.662363	0.915448	171	165	16	369.94
2.356194	2.115563	0.685730	19	187	13	369.92
0.785398	0.571433	-1.188419	168	13	50	369.86
2.094395	1.998705	2.370472	185	0	51	369.85
-1.047198	0.960688	-0.577532	169	23	41	369.84
1.832596	0.831641	0.616218	163	26	38	369.81
1.570796	1.440580	2.260026	54	3	161	369.76
-2.879793	1.948085	-2.363031	1	4	17	369.76
-1.308997	1.696674	-1.253233	172	16	32	369.75
-1.570796	1.128190	-2.288622	40	171	190	369.75
-2.879793	2.041297	-2.664597	160	28	37	369.72
2.356194	0.850607	-1.335383	44	177	191	369.65
0.261799	0.419640	2.974122	174	18	34	369.62
1.308997	0.674054	1.013609	165	28	38	369.56
0.000000	2.180315	-1.357379	182	23	33	369.51
-0.785398	1.721184	-0.153948	160	27	33	369.49
-0.785398	2.104282	-0.813972	158	15	37	369.48
0.000000	2.343981	-1.040456	182	24	33	369.46
-1.832596	2.247462	0.191623	180	187	41	369.43
-3.141593	1.214854	-1.966664	39	181	2	369.40
2.617994	0.619654	-2.216909	165	16	50	369.24
2.617994	1.135834	-1.431087	186	15	53	369.22
-2.879793	1.488617	1.159546	39	175	179	369.20
-2.094395	0.619654	-2.216909	9	20	15	369.10
-1.308997	1.417623	-0.202254	166	34	37	369.05
0.000000	0.458961	-0.107937	162	16	44	369.03
-2.356194	1.824694	1.850876	184	17	44	368.98
0.000000	1.310100	1.488307	179	31	49	368.94
-0.785398	2.180315	-1.357379	167	16	42	368.92
1.570796	1.335669	0.897240	33	181	190	368.91
-1.047198	2.592629	0.909713	31	4	175	368.87
1.832596	1.554776	0.100351	39	173	186	368.81
0.785398	1.325504	-1.671296	189	16	57	368.79
-1.570796	2.138223	1.678323	178	20	56	368.78
-2.879793	2.138223	1.678323	184	17	56	368.76
2.094395	0.203748	0.590255	163	19	27	368.71
2.094395	2.588535	-2.976617	183	16	35	368.69
0.523599	0.591903	2.010408	167	22	36	368.67
1.832596	0.906588	1.252948	161	19	44	368.66
0.523599	2.180315	-1.357379	182	191	42	368.64
-0.261799	2.760637	2.781135	162	19	47	368.60
0.261799	1.869911	2.701025	161	21	45	368.59
2.617994	1.310100	1.488307	165	164	15	368.52
0.261799	1.168678	2.108595	163	28	42	368.43
-3.141593	2.455966	-0.641220	188	28	32	368.39
-1.570796	2.138223	1.678323	183	23	59	368.16
-3.141593	1.195355	1.200319	163	154	10	368.06
-1.047198	2.637879	2.121598	172	16	33	367.98
-2.356194	0.080730	-2.622036	168	155	10	367.93
1.308997	2.379497	0.561089	34	4	13	367.91
2.356194	2.881233	-2.582574	186	20	35	367.89
1.570796	1.168678	2.108595	175	14	43	367.88
-2.356194	0.379747	-1.713059	32	189	158	367.86
-1.047198	0.762244	-0.273349	170	37	44	367.84
2.617994	1.135834	-1.431087	185	15	52	367.82
0.261799	1.736875	3.023612	159	25	38	367.71
1.047198	0.290380	-0.796960	163	7	45	367.66
1.570796	1.766067	2.153843	175	1	45	367.65
-1.832596	2.704512	1.488683	170	21	55	367.63
-0.785398	1.809167	1.213774	182	21	51	367.62
0.523599	1.433411	-1.035986	178	6	52	367.61
-1.047198	1.904882	-1.478089	162	11	46	367.50
1.832596	1.662363	0.915448	165	26	49	367.41
2.356194	1.809167	1.213774	169	16	52	367.39
-0.523599	1.599406	1.426070	184	21	51	367.34
-2.356194	1.310100	1.488307	189	7	51	367.33
-0.523599	2.153910	-1.714959	160	161	7	367.08
2.094395	1.045978	0.343692	147	176	184	366.96
-0.785398	2.455966	-0.641220	161	23	31	366.94
0.785398	0.910508	1.903534	158	26	40	366.90
1.047198	0.914445	2.687814	186	21	38	366.88
-1.308997	2.343981	-1.040456	162	28	37	366.88
-0.261799	1.325504	-1.671296	178	9	53	366.69
-1.832596	2.379497	0.561089	173	1	48	366.66
-1.832596	1.325504	-1.671296	176	17	40	366.62
-3.141593	0.685216	-1.712745	182	9	56	366.56
-2.356194	2.979456	-1.009304	184	35	29	366.49
1.570796	2.138223	1.678323	44	177	168	366.47
-2.879793	0.619654	-2.216909	165	165	18	366.46
-1.047198	2.637879	2.121598	167	20	48	366.29
1.832596	2.174483	2.653697	31	0	186	366.28
1.047198	0.290380	-0.796960	162	8	45	366.26
-2.094395	1.168678	2.108595	165	19	29	366.25
2.879793	1.506530	1.988858	188	3	53	366.22
2.879793	1.335669	0.897240	167	6	48	366.22
-2.356194	2.863997	0.549740	165	14	49	366.18
0.523599	1.846342	-1.796954	182	9	36	366.15
1.308997	1.135834	-1.431087	181	9	52	366.15
-1.832596	1.214854	-1.966664	177	17	57	366.15
0.785398	0.615174	-0.666022	168	3	44	366.14
2.879793	0.960688	-0.577532	186	22	40	365.97
0.000000	1.904882	-1.478089	41	176	172	365.91
-1.570796	2.587733	0.232235	40	170	178	365.87
-2.617994	0.914445	2.687814	161	22	38	365.84
2.617994	1.977582	0.969896	38	180	183	365.84
2.094395	1.014500	0.906702	158	17	42	365.79
-2.879793	1.662363	0.915448	173	4	52	365.68
-0.785398	2.637879	2.121598	169	22	54	365.61
-0.261799	1.374601	-2.456031	1	6	52	365.58
-1.832596	2.138223	1.678323	184	21	59	365.55
1.047198	1.433411	-1.035986	183	1	50	365.52
-1.832596	2.115563	0.685730	25	171	14	365.36
-2.094395	1.242974	-2.977882	174	19	39	365.36
2.356194	1.824694	1.850876	179	7	53	365.33
-3.141593	1.184361	0.625864	166	0	40	365.30
-3.141593	1.741644	-2.695914	41	174	183	365.28
-2.879793	1.488617	1.159546	166	158	15	365.27
2.094395	2.984978	1.954446	5	21	47	365.23
-2.617994	1.699788	2.452890	60	179	186	365.23
-1.570796	1.696674	-1.253233	170	27	52	365.21
0.523599	1.050534	3.042579	46	182	3	365.19
0.261799	1.050534	3.042579	159	18	28	365.14
-0.261799	0.458961	-0.107937	160	14	41	365.12
2.094395	1.599406	1.426070	171	16	56	365.11
1.832596	1.662363	0.915448	169	26	53	365.10
1.308997	1.872854	1.543456	23	179	17	364.96
-2.617994	1.872854	1.543456	39	182	165	364.93
-0.785398	0.709924	0.218797	158	18	34	364.91
-2.094395	1.168678	2.108595	164	20	28	364.88
2.879793	1.569311	-3.003978	167	28	38	364.88
-0.785398	2.180315	-1.357379	153	170	5	364.86
1.308997	0.615174	-0.666022	176	4	50	364.82
-2.879793	0.379747	-1.713059	39	191	161	364.77
-2.356194	2.174483	2.653697	189	25	41	364.77
-0.523599	0.866955	-0.931351	168	24	50	364.64
1.832596	0.899350	-2.069907	166	181	19	364.63
-2.356194	1.812176	0.656819	167	162	14	364.62
0.523599	1.545873	-1.877082	45	174	181	364.61
2.879793	2.295480	1.008277	171	21	52	364.59
-0.785398	1.242974	-2.977882	183	17	39	364.44
1.570796	2.295480	1.008277	181	25	43	364.33
-0.261799	1.325504	-1.671296	177	10	51	364.30
-0.523599	1.367556	0.358405	179	18	36	364.19
0.000000	1.574060	2.783565	31	176	189	364.18
2.879793	0.619654	-2.216909	19	173	14	364.17
-1.308997	2.407836	1.410646	164	170	20	364.15
-0.261799	1.872854	1.543456	180	22	56	364.10
1.308997	2.579248	-2.364801	162	12	36	364.10
0.000000	1.134497	-1.109631	170	14	53	363.98
0.000000	2.153910	-1.714959	180	186	40	363.98
2.879793	1.555207	1.708892	172	166	17	363.98
1.570796	1.977582	0.969896	181	19	39	363.95
-2.879793	1.128190	-2.288622	170	18	54	363.88
-1.570796	2.407836	1.410646	33	176	6	363.87
-1.308997	1.325504	-1.671296	19	189	17	363.84
2.094395	1.448123	-2.163292	181	32	51	363.83
-2.617994	1.335669	0.897240	183	24	35	363.79
-0.523599	2.704512	1.488683	173	4	51	363.77
-1.570796	1.450119	-2.739050	181	20	38	363.76
0.261799	0.762244	-0.273349	59	185	164	363.74
2.617994	2.379497	0.561089	170	31	51	363.72
-0.261799	1.555207	1.708892	43	174	172	363.68
2.356194	1.247695	1.809890	170	191	45	363.67
-1.832596	1.310100	1.488307	35	182	169	363.64
-0.523599	2.180315	-1.357379	183	24	33	363.59
1.832596	0.866955	-0.931351	183	2	50	363.56
1.047198	0.290380	-0.796960	164	6	45	363.46
0.785398	1.135834	-1.431087	182	15	57	363.45
-0.523599	2.592629	0.909713	181	4	47	363.41
2.094395	1.599406	1.426070	172	19	55	363.34
-2.356194	2.592629	0.909713	169	19	53	363.28
1.570796	1.977582	0.969896	25	190	17	363.17
-0.523599	0.571433	-1.188419	176	30	53	363.08
1.570796	1.545873	-1.877082	190	21	53	363.05
1.832596	1.214854	-1.966664	182	23	55	363.01
2.879793	2.041297	-2.664597	182	14	29	363.01
0.523599	2.349581	-2.702517	47	174	189	362.96
-2.617994	1.662363	0.915448	170	164	16	362.96
2.879793	1.310100	1.488307	174	191	47	362.95
1.832596	2.719179	-1.780644	161	9	37	362.88
2.094395	1.599406	1.426070	38	175	186	362.81
-0.261799	2.104282	-0.813972	160	4	36	362.78
0.523599	1.617114	-1.572037	44	170	181	362.77
1.308997	1.617114	-1.572037	4	16	54	362.66
1.047198	0.864993	2.278281	157	14	38	362.62
-2.356194	1.555207	1.708892	29	185	157	362.62
0.523599	0.762244	-0.273349	168	7	44	362.59
0.785398	0.866955	-0.931351	47	177	168	362.58
1.308997	1.325504	-1.671296	190	20	57	362.57
0.261799	2.984978	1.954446	177	189	48	362.55
1.832596	0.866955	-0.931351	186	7	53	362.41
-2.879793	0.866395	-2.492918	157	171	16	362.36
-1.047198	1.617114	-1.572037	40	3	165	362.36
-1.047198	0.419640	2.974122	175	173	3	362.32
-1.832596	1.310100	1.488307	3	15	52	362.30
-1.832596	1.977582	0.969896	184	8	56	362.28
-0.523599	1.554776	0.100351	157	16	28	362.19
-1.308997	1.545873	-1.877082	160	169	17	362.17
-2.617994	1.683268	0.374177	160	159	8	362.16
-1.047198	0.419640	2.974122	187	186	39	362.07
-3.141593	1.025536	1.576859	182	185	42	362.05
-1.832596	1.450119	-2.739050	168	7	47	362.05
0.523599	2.180315	-1.357379	180	19	34	361.97
1.308997	2.174483	2.653697	184	21	36	361.96
2.879793	2.033014	2.977192	169	33	32	361.93
2.094395	1.662363	0.915448	55	174	156	361.91
2.879793	1.374601	-2.456031	168	29	49	361.91
-2.617994	1.134796	2.434290	161	23	32	361.89
-2.879793	1.391910	3.030322	162	26	39	361.86
-1.570796	1.617114	-1.572037	174	15	33	361.85
-3.141593	1.824694	1.850876	37	186	165	361.70
0.000000	1.699788	2.452890	168	33	48	361.63
1.570796	0.992645	-1.723759	177	18	55	361.62
-0.523599	0.571433	-1.188419	174	28	51	361.57
-2.094395	2.379497	0.561089	34	168	183	361.57
2.617994	2.379497	0.561089	165	25	48	361.56
1.570796	2.760637	2.781135	42	189	165	361.54
-1.047198	0.709924	0.218797	160	23	34	361.50
0.261799	1.569311	-3.003978	50	171	0	361.45
-1.832596	0.640596	-2.797608	28	187	0	361.37
1.047198	0.850607	-1.335383	175	9	52	361.33
-0.785398	1.756530	-2.105156	173	1	46	361.33
2.356194	1.134497	-1.109631	1	14	55	361.32
-1.832596	1.247695	1.809890	187	24	44	361.32
-0.523599	1.599406	1.426070	34	190	17	361.22
1.832596	0.709924	0.218797	186	17	38	361.20
-1.308997	2.704512	1.488683	54	179	157	361.19
-2.094395	0.619654	-2.216909	184	3	53	361.19
0.000000	2.033014	2.977192	47	168	182	361.13
0.785398	0.700570	1.559208	163	32	39	360.99
0.261799	2.041297	-2.664597	158	27	29	360.96
1.308997	1.977582	0.969896	177	30	53	360.96
0.523599	2.579248	-2.364801	157	26	34	360.88
0.261799	1.569311	-3.003978	159	29	30	360.87
1.570796	0.831641	0.616218	166	29	38	360.79
1.308997	1.617114	-1.572037	189	14	52	360.79
-0.785398	1.982574	-1.115518	161	11	43	360.78
0.523599	2.251330	-2.330739	158	26	26	360.78
-2.356194	0.379747	-1.713059	184	11	44	360.75
-3.141593	2.407836	1.410646	178	23	54	360.65
-3.141593	2.407836	1.410646	178	24	55	360.60
-0.523599	2.704512	1.488683	34	166	2	360.54
-3.141593	1.184361	0.625864	3	36	29	360.53
-2.094395	1.617114	-1.572037	173	21	37	360.37
-3.141593	1.135813	-2.658866	15	184	11	360.33
-0.523599	2.637879	2.121598	166	13	50	360.33
-3.141593	1.766067	2.153843	3	8	53	360.31
-0.785398	2.760637	2.781135	168	32	49	360.30
1.570796	0.992645	-1.723759	180	14	53	360.24
2.879793	2.033014	2.977192	167	27	30	360.24
-1.832596	1.555207	1.708892	53	181	1	360.16
1.047198	1.195355	1.200319	170	34	49	360.15
1.308997	1.662363	0.915448	179	20	37	360.11
-2.356194	1.662363	0.915448	176	5	51	359.93
-2.094395	2.295480	1.008277	33	172	5	359.78
2.879793	2.979456	-1.009304	188	26	30	359.77
2.356194	2.115563	0.685730	169	27	53	359.64
-2.356194	1.504028	0.636812	175	191	45	359.63
-1.832596	1.448123	-2.163292	158	169	16	359.57
-2.094395	1.824694	1.850876	50	182	4	359.56
-3.141593	1.506530	1.988858	0	4	53	359.55
-2.617994	1.599406	1.426070	36	187	160	359.47
-1.570796	1.214854	-1.966664	178	16	57	359.47
-0.785398	0.496451	0.593859	160	16	39	359.47
-1.570796	2.379497	0.561089	177	0	46	359.42
1.832596	1.869911	2.701025	162	148	190	359.38
2.879793	1.875281	0.107086	158	10	37	359.32
-1.570796	1.904882	-1.478089	167	25	49	359.29
-1.047198	1.554776	0.100351	164	22	29	359.28
-0.523599	1.045978	0.343692	173	18	35	359.18
0.000000	1.448123	-2.163292	45	174	184	359.15
2.617994	2.881233	-2.582574	177	151	4	359.13
-1.570796	0.640596	-2.797608	40	187	172	359.09
1.308997	1.014500	0.906702	168	35	43	359.09
2.879793	0.685216	-1.712745	43	180	175	359.08
-2.094395	2.115563	0.685730	46	187	155	359.08
-3.141593	1.809167	1.213774	174	8	53	359.02
2.094395	1.256302	0.062705	48	173	188	359.02
-1.832596	1.872854	1.543456	182	16	52	359.01
2.879793	0.709924	0.218797	161	15	33	358.89
-2.879793	1.569311	-3.003978	163	28	41	358.88
-1.832596	1.325504	-1.671296	20	0	17	358.87
1.570796	1.214854	-1.966664	168	171	7	358.82
-2.356194	1.812176	0.656819	169	163	15	358.71
2.617994	0.290380	-0.796960	185	9	46	358.66
-0.785398	1.417623	-0.202254	160	24	37	358.63
-2.879793	1.134796	2.434290	163	28	32	358.61
-1.832596	1.135813	-2.658866	172	0	45	358.57
-3.141593	2.295480	1.008277	173	23	56	358.54
2.617994	2.073035	2.027405	188	9	52	358.53
0.000000	1.325504	-1.671296	179	9	52	358.50
-1.570796	2.704512	1.488683	159	168	183	358.45
-3.141593	1.599406	1.426070	178	3	52	358.44
-1.047198	2.073035	2.027405	177	25	53	358.44
2.617994	0.640596	-2.797608	7	2	14	358.42
-2.617994	1.599406	1.426070	40	177	177	358.38
-2.617994	2.863997	0.549740	10	0	7	358.35
0.261799	1.214854	-1.966664	188	15	57	358.34
0.785398	0.297065	2.160177	157	21	27	358.31
0.000000	1.699788	2.452890	166	29	48	358.20
-1.570796	1.214854	-1.966664	179	18	56	358.04
0.000000	1.417623	-0.202254	157	6	32	358.01
2.617994	1.809167	1.213774	170	13	54	358.00
-1.832596	2.393226	1.857173	177	23	54	358.00
-1.047198	2.343981	-1.040456	158	16	35	357.98
2.094395	2.984978	1.954446	161	22	21	357.96
-2.094395	0.619654	-2.216909	174	163	18	357.96
2.879793	1.741644	-2.695914	181	15	32	357.88
-3.141593	1.824694	1.850876	41	181	178	357.85
2.356194	0.370812	-2.547742	164	19	47	357.82
2.879793	2.073035	2.027405	1	18	56	357.81
-1.308997	2.180315	-1.357379	160	16	41	357.80
2.356194	1.977582	0.969896	19	183	15	357.77
2.356194	1.310100	1.488307	167	5	48	357.75
-2.617994	0.864993	2.278281	158	23	30	357.74
-0.523599	1.545873	-1.877082	38	167	0	357.73
2.094395	1.977582	0.969896	169	25	52	357.73
2.617994	0.080730	-2.622036	160	14	43	357.68
0.785398	1.218453	2.777284	171	18	37	357.67
1.570796	1.506530	1.988858	169	12	53	357.66
1.832596	1.247695	1.809890	55	188	165	357.62
2.356194	1.488617	1.159546	168	17	53	357.60
-2.094395	2.115563	0.685730	178	6	53	357.59
2.617994	0.290380	-0.796960	15	8	26	357.55
0.523599	1.846342	-1.796954	181	10	35	357.52
0.000000	2.478122	2.609777	162	15	47	357.48
-0.261799	1.766067	2.153843	171	22	46	357.47
-2.617994	1.872854	1.543456	31	183	19	357.43
0.785398	2.760637	2.781135	166	1	45	357.35
0.261799	2.478122	2.609777	163	11	47	357.21
1.570796	2.174483	2.653697	40	160	184	357.20
1.308997	2.295480	1.008277	188	19	50	357.15
2.356194	1.310100	1.488307	166	5	48	357.13
-3.141593	2.041297	-2.664597	26	186	190	357.08
-0.261799	1.756530	-2.105156	184	0	49	357.07
-1.308997	0.419640	2.974122	27	4	187	357.02
1.047198	2.115563	0.685730	33	3	14	356.95
-1.832596	1.658653	-2.409879	167	10	48	356.94
0.000000	1.846342	-1.796954	39	180	171	356.77
2.879793	0.370812	-2.547742	154	170	13	356.76
-1.308997	1.756530	-2.105156	166	5	47	356.71
1.832596	1.504028	0.636812	162	30	45	356.56
1.570796	0.831641	0.616218	45	168	187	356.50
-1.570796	1.135813	-2.658866	172	167	11	356.48
0.261799	1.574060	2.783565	48	177	187	356.47
0.523599	1.391910	3.030322	4	23	37	356.40
-2.356194	0.379747	-1.713059	182	165	16	356.38
-0.261799	1.555207	1.708892	177	25	50	356.32
2.094395	0.370812	-2.547742	169	27	51	356.26
0.523599	1.413430	2.550734	37	177	188	356.12
-2.879793	1.247695	1.809890	190	6	50	356.08
1.570796	1.168678	2.108595	188	26	34	356.03
-2.094395	1.683268	0.374177	180	24	33	356.01
-2.356194	2.863997	0.549740	165	13	49	355.94
-2.879793	2.579248	-2.364801	190	160	191	355.94
-1.570796	2.138223	1.678323	177	18	51	355.78
2.356194	1.809167	1.213774	19	178	17	355.77
-0.261799	0.458961	-0.107937	161	21	44	355.73
2.094395	0.290380	-0.796960	180	189	45	355.62
0.261799	1.168678	2.108595	156	189	9	355.53
-2.094395	1.555207	1.708892	190	15	53	355.51
2.094395	1.809167	1.213774	46	179	171	355.37
1.308997	0.571433	-1.188419	168	9	50	355.26
1.832596	2.407836	1.410646	186	21	54	355.25
0.523599	1.574060	2.783565	159	22	41	355.24
0.261799	2.588535	-2.976617	42	174	184	355.17
-0.785398	1.488617	1.159546	187	17	46	355.12
-3.141593	1.870545	-2.976234	154	189	1	355.10
-2.617994	2.404280	-0.174044	168	3	42	355.08
-1.832596	2.295480	1.008277	178	11	56	355.03
-1.308997	0.419640	2.974122	181	187	43	355.02
1.308997	1.506530	1.988858	165	9	47	354.95
2.617994	1.662363	0.915448	166	14	52	354.92
-1.570796	0.831641	0.616218	39	178	169	354.89
1.570796	1.869911	2.701025	191	39	29	354.86
-1.570796	2.704512	1.488683	170	18	55	354.76
-0.261799	1.256302	0.062705	2	21	36	354.74
2.356194	1.555207	1.708892	46	190	155	354.73
-2.879793	0.370812	-2.547742	179	19	43	354.63
-1.308997	2.063651	-2.044600	153	164	8	354.44
2.094395	2.979456	-1.009304	161	21	43	354.36
-1.832596	1.242974	-2.977882	3	39	27	354.26
-3.141593	1.870545	-2.976234	27	185	190	354.25
0.785398	2.881233	-2.582574	159	13	42	354.22
1.832596	0.906588	1.252948	159	20	43	354.16
0.000000	1.440580	2.260026	55	165	159	354.07
-2.879793	1.506530	1.988858	179	18	36	354.05
2.356194	1.766067	2.153843	182	1	50	354.00
-1.832596	1.599406	1.426070	189	14	55	353.89
-1.047198	2.180315	-1.357379	162	13	44	353.82
0.785398	0.615174	-0.666022	168	10	50	353.79
0.000000	1.846342	-1.796954	39	181	171	353.77
2.617994	1.977582	0.969896	171	20	56	353.69
1.047198	1.617114	-1.572037	46	175	177	353.64
1.570796	0.379747	-1.713059	165	15	48	353.58
-1.570796	1.450119	-2.739050	172	4	47	353.46
2.879793	2.073035	2.027405	190	12	54	353.44
1.570796	2.108018	1.311430	179	21	55	353.44
0.523599	1.194549	-0.801900	170	3	49	353.39
1.832596	0.379747	-1.713059	165	13	50	353.37
2.356194	2.108018	1.311430	44	180	167	353.31
-1.570796	1.374601	-2.456031	169	4	48	353.31
-3.141593	1.555207	1.708892	186	5	55	353.26
1.047198	0.866955	-0.931351	175	9	53	353.17
2.356194	1.310100	1.488307	160	168	14	353.16
1.047198	2.115563	0.685730	187	25	49	353.12
2.879793	1.766067	2.153843	190	4	51	353.02
-3.141593	1.599406	1.426070	28	185	11	352.96
-1.570796	1.135813	-2.658866	38	171	181	352.95
0.261799	1.194549	-0.801900	168	5	48	352.84
-2.617994	0.379747	-1.713059	35	1	160	352.74
-3.141593	2.295480	1.008277	170	19	53	352.73
-1.832596	2.592629	0.909713	173	12	53	352.72
2.094395	0.899350	-2.069907	172	22	52	352.60
0.785398	0.290380	-0.796960	59	181	162	352.53
2.879793	1.824694	1.850876	187	11	57	352.44
-2.617994	2.138223	1.678323	185	22	59	352.43
1.570796	1.766067	2.153843	158	156	5	352.42
-1.570796	0.831641	0.616218	41	167	0	352.33
0.523599	1.569311	-3.003978	158	22	30	352.30
-0.261799	2.760637	2.781135	164	22	49	352.25
0.523599	2.588535	-2.976617	160	17	42	352.23
0.523599	1.413430	2.550734	156	19	36	352.23
2.356194	1.872854	1.543456	175	13	54	352.20
0.000000	2.704512	1.488683	182	2	53	352.04
-2.879793	2.033014	2.977192	163	24	32	351.97
0.000000	1.555207	1.708892	172	27	49	351.93
0.523599	2.588535	-2.976617	159	14	41	351.72
1.308997	1.214854	-1.966664	189	27	56	351.67
-2.617994	2.404280	-0.174044	184	18	34	351.64
-2.879793	1.809167	1.213774	178	9	56	351.61
-1.570796	1.325504	-1.671296	172	16	45	351.59
-2.356194	1.599406	1.426070	34	183	157	351.48
1.832596	0.571433	-1.188419	34	7	176	351.48
2.356194	2.295480	1.008277	174	27	53	351.47
-1.570796	1.545873	-1.877082	14	186	15	351.46
-1.570796	2.343981	-1.040456	164	34	37	351.27
-2.879793	1.809167	1.213774	39	178	179	351.26
2.094395	0.700570	1.559208	162	7	40	351.22
-1.047198	1.617114	-1.572037	167	12	48	351.17
-0.261799	1.599406	1.426070	32	0	17	351.16
-0.261799	1.599406	1.426070	180	27	52	351.14
-1.832596	0.685216	-1.712745	191	20	56	351.13
-1.832596	2.863997	0.549740	157	165	10	350.98
-1.047198	2.295480	1.008277	180	7	53	350.96
-1.047198	0.709924	0.218797	44	169	186	350.76
-2.879793	2.138223	1.678323	181	19	44	350.75
0.523599	2.251330	-2.330739	179	16	34	350.69
-0.785398	1.809167	1.213774	185	20	54	350.65
-2.879793	0.640596	-2.797608	13	173	10	350.64
-1.047198	1.617114	-1.572037	165	14	51	350.60
-0.785398	2.592629	0.909713	42	186	161	350.59
-1.570796	1.846342	-1.796954	165	12	48	350.53
-2.356194	2.379497	0.561089	170	11	51	350.50
0.261799	1.870545	-2.976234	156	24	32	350.32
1.047198	1.448123	-2.163292	46	181	178	350.29
-1.308997	1.325504	-1.671296	172	16	54	350.23
1.832596	1.766067	2.153843	173	3	50	350.19
-2.879793	1.662363	0.915448	28	0	186	350.17
2.879793	2.041297	-2.664597	189	191	23	350.13
0.261799	1.214854	-1.966664	173	163	4	350.04
0.785398	1.218453	2.777284	156	11	31	349.93
0.523599	0.615174	-0.666022	167	15	49	349.83
1.308997	0.615174	-0.666022	25	176	9	349.80
-2.094395	2.407836	1.410646	176	21	57	349.36
-0.523599	1.448123	-2.163292	35	2	151	349.33
1.308997	1.506530	1.988858	164	10	47	349.32
2.356194	1.045978	0.343692	163	19	39	349.27
-1.570796	1.128190	-2.288622	174	8	53	349.27
0.261799	0.419640	2.974122	172	17	33	349.07
-2.879793	1.574060	2.783565	162	24	33	349.04
2.356194	0.619654	-2.216909	167	17	50	348.98
-1.308997	1.756530	-2.105156	165	7	48	348.97
-2.356194	1.824694	1.850876	186	18	48	348.94
1.832596	0.290380	-0.796960	169	162	11	348.93
-1.047198	1.256302	0.062705	163	33	34	348.92
0.523599	0.910508	1.903534	163	30	42	348.92
-1.832596	1.374601	-2.456031	182	23	38	348.79
2.879793	1.448123	-2.163292	172	28	49	348.67
-2.879793	2.138223	1.678323	185	20	59	348.64
2.094395	1.488617	1.159546	163	16	48	348.59
0.000000	1.194549	-0.801900	168	15	51	348.59
-1.308997	2.379497	0.561089	40	181	166	348.59
-1.308997	1.696674	-1.253233	163	21	46	348.58
1.047198	2.588535	-2.976617	160	3	39	348.58
2.094395	1.256302	0.062705	160	27	33	348.50
0.523599	0.571433	-1.188419	166	17	48	348.49
-2.879793	1.824694	1.850876	191	13	57	348.48
2.617994	1.809167	1.213774	174	18	57	348.34
1.308997	1.617114	-1.572037	190	11	51	348.32
2.617994	1.766067	2.153843	190	7	53	348.31
1.308997	1.977582	0.969896	44	186	188	348.12
2.617994	1.325504	-1.671296	184	21	54	348.10
0.000000	0.615174	-0.666022	165	22	49	348.06
0.523599	1.413430	2.550734	160	24	44	348.01
-3.141593	1.025536	1.576859	181	185	41	348.00
-1.570796	1.128190	-2.288622	180	10	54	347.89
0.000000	1.374601	-2.456031	0	7	47	347.74
-3.141593	2.138223	1.678323	185	19	59	347.70
-0.261799	0.733948	3.021411	164	29	30	347.67
-2.617994	2.979456	-1.009304	26	173	0	347.62
0.000000	1.846342	-1.796954	171	156	12	347.50
1.047198	0.866955	-0.931351	170	6	49	347.48
2.879793	0.619654	-2.216909	167	12	50	347.45
2.617994	2.108018	1.311430	175	19	55	347.42
2.094395	0.571433	-1.188419	40	165	191	347.39
-0.785398	1.417623	-0.202254	159	24	37	347.25
1.832596	0.379747	-1.713059	164	14	50	347.19
-1.570796	1.846342	-1.796954	166	17	51	347.11
-2.879793	1.872854	1.543456	40	181	179	347.06
2.094395	1.310100	1.488307	17	12	186	347.06
0.000000	1.374601	-2.456031	37	181	171	347.04
0.000000	2.478122	2.609777	164	12	42	347.02
-2.879793	1.569311	-3.003978	159	24	40	347.02
2.617994	2.073035	2.027405	44	182	181	347.01
-0.523599	0.709924	0.218797	13	24	32	346.96
2.356194	0.203748	0.590255	184	20	39	346.91
2.879793	2.295480	1.008277	176	29	55	346.78
-0.523599	2.637879	2.121598	165	14	49	346.70
2.356194	1.045978	0.343692	46	178	186	346.64
-1.047198	2.704512	1.488683	53	184	158	346.62
-1.570796	1.374601	-2.456031	175	10	51	346.61
1.047198	0.571433	-1.188419	169	10	48	346.52
-1.047198	2.455966	-0.641220	28	190	186	346.51
0.523599	1.194549	-0.801900	171	2	48	346.39
2.879793	0.709924	0.218797	9	30	39	346.36
-1.308997	2.704512	1.488683	54	177	156	346.34
2.094395	1.367556	0.358405	161	24	40	346.31
-1.832596	0.619654	-2.216909	177	164	18	346.25
2.356194	0.619654	-2.216909	166	18	49	346.20
2.617994	1.135813	-2.658866	170	24	44	346.20
-1.832596	1.872854	1.543456	182	14	44	346.10
2.356194	1.247695	1.809890	174	4	50	346.07
1.047198	1.134497	-1.109631	179	5	54	346.04
0.000000	2.063651	-2.044600	187	4	46	346.03
-2.356194	2.247462	0.191623	181	25	32	345.95
-1.832596	1.135813	-2.658866	172	191	44	345.88
1.308997	0.418037	1.360082	162	21	33	345.83
2.356194	0.203748	0.590255	158	19	27	345.69
1.308997	0.290380	-0.796960	31	0	186	345.63
-3.141593	1.741644	-2.695914	28	184	191	345.53
1.570796	1.335669	0.897240	167	30	49	345.53
-2.879793	1.134796	2.434290	178	23	37	345.50
2.617994	1.766067	2.153843	186	2	51	345.48
-1.832596	2.407836	1.410646	33	178	6	345.43
-0.261799	2.104282	-0.813972	4	29	29	345.41
0.000000	2.984978	1.954446	1	30	26	345.38
1.308997	2.592629	0.909713	189	29	51	345.35
0.785398	0.700570	1.559208	164	33	40	345.33
-2.879793	1.310100	1.488307	185	189	47	345.32
-0.785398	1.617114	-1.572037	167	10	48	345.24
1.308997	0.571433	-1.188419	167	10	50	345.23
-0.261799	1.506530	1.988858	173	27	47	345.20
-2.879793	1.310100	1.488307	185	9	51	345.19
1.832596	0.496451	0.593859	164	25	33	345.16
-1.832596	0.619654	-2.216909	38	186	167	345.11
-1.047198	2.153910	-1.714959	154	168	7	344.98
2.356194	0.370812	-2.547742	162	20	45	344.59
-0.523599	0.203748	0.590255	163	15	43	344.56
0.261799	1.904882	-1.478089	171	156	12	344.54
-1.308997	0.640596	-2.797608	182	2	46	344.44
-2.879793	1.506530	1.988858	166	27	21	344.32
2.879793	1.247695	1.809890	44	170	184	344.31
2.094395	1.184361	0.625864	155	24	38	344.20
0.000000	1.113094	-0.272241	157	9	39	344.13
-1.832596	1.977582	0.969896	171	169	17	344.12
-1.570796	2.153910	-1.714959	163	19	45	344.06
0.000000	2.349581	-2.702517	164	37	36	343.88
0.785398	0.850607	-1.335383	176	20	56	343.76
-3.141593	0.619654	-2.216909	172	10	54	343.74
-0.785398	1.367556	0.358405	179	19	36	343.71
1.832596	1.504028	0.636812	57	166	162	343.66
1.308997	0.906588	1.252948	164	29	44	343.62
0.000000	1.506530	1.988858	175	19	37	343.61
-0.785398	0.831641	0.616218	167	17	36	343.58
2.356194	0.831641	0.616218	153	174	2	343.58
0.523599	2.760637	2.781135	162	5	45	343.58
2.356194	2.979456	-1.009304	163	19	42	343.53
-1.832596	1.599406	1.426070	188	17	54	343.44
-2.617994	0.619654	-2.216909	179	6	54	343.43
0.785398	1.433411	-1.035986	42	166	186	343.41
1.832596	0.619654	-2.216909	169	23	51	343.39
-3.141593	2.108018	1.311430	166	169	166	343.34
-0.523599	1.617114	-1.572037	172	7	52	343.15
-0.523599	1.766067	2.153843	172	25	47	342.99
-2.356194	2.587733	0.232235	156	165	9	342.96
-0.785398	1.045978	0.343692	159	16	31	342.95
-2.094395	0.992645	-1.723759	172	175	21	342.92
-2.094395	1.872854	1.543456	182	14	44	342.89
-3.141593	1.569311	-3.003978	154	187	4	342.84
2.094395	1.025536	1.576859	164	9	46	342.76
-0.523599	2.104282	-0.813972	50	4	180	342.62
2.094395	1.184361	0.625864	35	178	187	342.52
1.570796	1.214854	-1.966664	185	20	54	342.48
-2.879793	2.407836	1.410646	177	21	43	342.45
1.047198	1.134497	-1.109631	42	170	189	342.43
-0.523599	1.696674	-1.253233	167	8	50	342.35
0.523599	0.290380	-0.796960	59	175	163	342.35
-0.523599	1.113094	-0.272241	62	177	160	342.34
-2.094395	2.295480	1.008277	47	180	154	342.30
0.523599	1.574060	2.783565	159	21	41	342.30
-3.141593	1.809167	1.213774	21	181	17	342.27
-2.879793	2.979456	-1.009304	179	14	36	342.22
-1.308997	2.138223	1.678323	43	173	151	342.21
-0.261799	2.153910	-1.714959	186	45	22	342.18
0.523599	0.960688	-0.577532	168	1	42	342.10
-2.617994	1.824694	1.850876	184	18	48	342.08
2.879793	1.741644	-2.695914	190	3	22	342.07
1.570796	1.998705	2.370472	176	191	48	342.01
-1.047198	1.417623	-0.202254	164	33	38	341.98
-3.141593	1.599406	1.426070	40	175	180	341.96
-3.141593	1.948085	-2.363031	191	1	21	341.87
1.047198	0.906588	1.252948	166	32	43	341.86
1.832596	1.809167	1.213774	170	21	52	341.85
2.356194	0.496451	0.593859	161	16	33	341.81
-0.523599	0.203748	0.590255	148	162	185	341.78
-2.617994	1.574060	2.783565	155	18	28	341.74
-2.879793	1.555207	1.708892	188	3	51	341.67
1.570796	1.766067	2.153843	173	2	48	341.57
0.000000	1.113094	-0.272241	161	7	40	341.51
2.356194	0.640596	-2.797608	168	24	43	341.45
1.832596	1.554776	0.100351	176	174	190	341.45
-2.879793	0.379747	-1.713059	186	3	52	341.44
0.785398	0.700570	1.559208	155	189	3	341.39
1.832596	0.290380	-0.796960	188	25	34	341.35
2.617994	2.108018	1.311430	43	182	168	341.32
-2.094395	1.809167	1.213774	37	182	152	341.26
-0.785398	0.961715	0.014085	161	28	38	341.20
-1.047198	0.961715	0.014085	150	188	1	341.19
-3.141593	1.391910	3.030322	59	172	170	341.12
2.094395	0.619654	-2.216909	19	181	13	341.01
0.785398	0.290380	-0.796960	154	169	12	340.97
0.523599	0.910508	1.903534	26	183	1	340.97
-2.617994	1.488617	1.159546	178	6	52	340.96
2.879793	2.073035	2.027405	0	17	57	340.96
0.000000	1.506530	1.988858	170	25	48	340.93
1.570796	1.683268	0.374177	177	22	33	340.88
-0.523599	2.637879	2.121598	165	13	49	340.76
0.785398	0.571433	-1.188419	169	12	49	340.75
-1.308997	2.863997	0.549740	186	18	35	340.55
-0.523599	0.961715	0.014085	158	14	33	340.47
0.523599	0.960688	-0.577532	164	4	44	340.47
-2.356194	1.809167	1.213774	40	183	167	340.31
-1.047198	2.295480	1.008277	178	8	51	340.22
-2.617994	1.488617	1.159546	39	185	166	340.20
0.785398	1.134497	-1.109631	177	8	54	340.12
0.785398	1.696674	-1.253233	181	3	48	340.04
-3.141593	0.080730	-2.622036	173	14	46	340.03
-3.141593	1.870545	-2.976234	26	185	190	339.97
2.879793	1.741644	-2.695914	186	9	25	339.95
0.000000	1.766067	2.153843	54	169	156	339.94
-1.308997	2.863997	0.549740	185	18	35	339.87
0.261799	1.846342	-1.796954	176	156	12	339.80
2.356194	1.766067	2.153843	169	154	7	339.79
-0.261799	2.704512	1.488683	31	4	176	339.52
-0.261799	1.824694	1.850876	44	174	172	339.49
-0.785398	1.599406	1.426070	158	161	163	339.47
-1.308997	0.709924	0.218797	28	179	190	339.45
-2.879793	2.979456	-1.009304	191	33	29	339.38
-1.308997	1.846342	-1.796954	11	179	12	339.35
-0.785398	2.299159	2.264663	174	29	55	339.24
-2.094395	1.809167	1.213774	39	183	168	339.23
1.570796	2.108018	1.311430	181	20	56	339.14
-1.308997	1.545873	-1.877082	38	7	164	339.12
-0.261799	1.301460	-0.509251	160	12	42	339.10
0.785398	1.904882	-1.478089	186	4	47	339.09
2.879793	1.247695	1.809890	42	184	170	338.98
2.879793	0.640596	-2.797608	161	21	47	338.97
-0.785398	1.904882	-1.478089	162	8	44	338.90
-0.261799	2.637879	2.121598	168	7	44	338.86
1.308997	2.881233	-2.582574	176	16	36	338.79
1.047198	1.977582	0.969896	183	28	55	338.75
-1.832596	1.824694	1.850876	33	174	155	338.63
-1.047198	1.696674	-1.253233	162	18	49	338.27
-0.261799	0.709924	0.218797	1	23	34	338.26
-2.356194	2.587733	0.232235	169	4	48	338.16
-0.523599	1.256302	0.062705	159	21	34	338.04
0.785398	0.290380	-0.796960	163	10	44	337.89
2.879793	1.545873	-1.877082	12	19	23	337.89
-1.570796	0.899350	-2.069907	174	169	20	337.87
2.094395	0.831641	0.616218	146	171	184	337.86
0.261799	1.574060	2.783565	161	29	41	337.82
1.570796	0.674054	1.013609	161	26	38	337.80
-1.832596	2.295480	1.008277	177	11	56	337.78
-0.261799	0.762244	-0.273349	161	18	44	337.74
0.785398	0.866955	-0.931351	171	4	47	337.71
-0.261799	2.704512	1.488683	32	3	176	337.68
-2.879793	1.741644	-2.695914	162	25	42	337.59
-0.785398	0.961715	0.014085	159	21	37	337.32
-2.094395	2.379497	0.561089	49	187	156	337.25
-1.047198	1.904882	-1.478089	167	13	50	337.20
0.785398	0.571433	-1.188419	170	21	53	337.20
2.617994	0.379747	-1.713059	37	168	187	337.15
-1.832596	1.872854	1.543456	36	177	153	337.10
-1.570796	0.992645	-1.723759	178	15	47	337.01
1.570796	1.184361	0.625864	167	27	41	336.85
2.617994	1.824694	1.850876	43	178	183	336.84
-2.094395	1.599406	1.426070	186	11	54	336.84
-1.308997	1.982574	-1.115518	161	22	42	336.70
-1.832596	0.685216	-1.712745	183	15	47	336.64
1.047198	0.850607	-1.335383	172	10	49	336.49
2.617994	0.379747	-1.713059	24	165	13	336.48
0.523599	2.356369	3.005869	158	12	40	336.42
0.261799	0.960688	-0.577532	165	5	43	336.41
-2.094395	1.812176	0.656819	182	3	51	336.30
-0.785398	0.496451	0.593859	158	12	34	336.20
-2.094395	1.741644	-2.695914	163	175	4	336.14
1.308997	1.998705	2.370472	173	2	50	336.02
-2.617994	2.033014	2.977192	158	15	26	335.84
2.356194	2.379497	0.561089	49	168	152	335.75
-3.141593	1.214854	-1.966664	175	19	49	335.66
2.356194	1.824694	1.850876	183	12	57	335.63
-2.094395	1.872854	1.543456	36	178	156	335.52
-1.308997	1.045978	0.343692	164	25	33	335.38
-1.047198	1.417623	-0.202254	162	29	37	335.24
-2.094395	2.592629	0.909713	170	13	53	335.20
1.832596	1.014500	0.906702	162	27	43	335.18
-1.832596	2.108018	1.311430	169	170	21	335.18
-1.047198	1.904882	-1.478089	57	180	161	335.07
-1.047198	1.554776	0.100351	162	31	30	334.99
-0.785398	2.104282	-0.813972	184	24	32	334.98
-0.785398	2.592629	0.909713	42	165	189	334.96
2.879793	2.138223	1.678323	186	15	51	334.95
-2.879793	1.741644	-2.695914	160	24	37	334.93
0.785398	1.134497	-1.109631	49	186	159	334.82
0.523599	0.297065	2.160177	162	21	27	334.77
0.785398	1.732874	-0.951685	182	189	46	334.67
-2.094395	0.899350	-2.069907	183	14	56	334.65
1.832596	1.504028	0.636812	162	29	44	334.62
-1.308997	2.407836	1.410646	48	179	153	334.61
1.308997	1.135834	-1.431087	183	8	54	334.59
-2.356194	1.872854	1.543456	36	181	156	334.56
-1.308997	1.846342	-1.796954	164	9	47	334.52
1.047198	2.115563	0.685730	185	21	40	334.50
2.879793	0.640596	-2.797608	153	178	12	334.49
-1.832596	1.128190	-2.288622	42	181	173	334.46
-3.141593	1.310100	1.488307	180	190	50	334.41
1.570796	1.014500	0.906702	32	182	191	334.34
-0.261799	0.961715	0.014085	46	179	186	334.26
2.356194	0.619654	-2.216909	159	176	17	334.22
0.000000	1.506530	1.988858	172	25	49	334.16
-2.879793	2.164094	-2.991358	160	23	31	334.14
-0.523599	2.984978	1.954446	168	9	50	334.12
0.523599	2.984978	1.954446	182	189	48	333.94
-0.523599	1.554776	0.100351	155	17	27	333.86
0.000000	0.762244	-0.273349	162	15	45	333.79
1.047198	0.615174	-0.666022	168	3	46	333.73
0.785398	1.134497	-1.109631	172	7	51	333.72
-1.570796	1.545873	-1.877082	159	172	17	333.67
0.523599	1.134796	2.434290	37	177	189	333.65
0.523599	2.760637	2.781135	168	8	49	333.56
2.094395	1.045978	0.343692	164	27	39	333.56
1.570796	1.998705	2.370472	176	1	52	333.38
-1.308997	2.407836	1.410646	173	11	52	333.23
-1.570796	1.872854	1.543456	45	180	4	333.11
0.000000	1.214854	-1.966664	188	14	57	332.94
-0.261799	0.709924	0.218797	160	12	38	332.86
2.094395	1.025536	1.576859	169	12	47	332.68
-3.141593	2.138223	1.678323	187	23	58	332.65
-1.047198	2.295480	1.008277	32	168	17	332.58
0.523599	0.290380	-0.796960	59	175	162	332.56
-1.308997	2.180315	-1.357379	162	20	43	332.53
1.570796	1.875281	0.107086	170	36	40	332.51
-2.879793	2.979456	-1.009304	190	32	29	332.23
0.523599	1.696674	-1.253233	41	180	167	331.84
-1.308997	1.904882	-1.478089	166	19	50	331.82
-2.617994	1.574060	2.783565	180	21	37	331.82
1.047198	0.906588	1.252948	160	188	8	331.76
-1.832596	0.619654	-2.216909	38	185	167	331.62
0.261799	1.545873	-1.877082	46	167	186	331.43
-1.570796	1.374601	-2.456031	175	7	50	331.35
1.832596	0.831641	0.616218	165	26	39	331.27
0.785398	2.881233	-2.582574	165	24	39	331.14
-2.094395	0.370812	-2.547742	181	191	49	331.08
2.617994	1.824694	1.850876	181	7	54	330.85
2.094395	1.025536	1.576859	163	10	46	330.82
1.047198	1.134497	-1.109631	175	6	51	330.73
1.832596	1.025536	1.576859	161	15	46	330.71
2.356194	2.979456	-1.009304	161	13	44	330.67
-0.261799	2.478122	2.609777	160	21	46	330.56
2.356194	1.662363	0.915448	36	181	188	330.51
0.523599	2.760637	2.781135	168	7	49	330.40
0.261799	1.736875	3.023612	50	174	188	330.31
-2.617994	1.555207	1.708892	184	12	43	330.28
-1.570796	0.992645	-1.723759	178	16	50	330.28
0.785398	1.732874	-0.951685	29	178	1	330.20
-1.832596	1.374601	-2.456031	165	8	49	330.02
-2.094395	0.370812	-2.547742	170	157	13	329.97
-3.141593	1.488617	1.159546	163	164	15	329.84
-1.832596	2.592629	0.909713	52	183	156	329.75
-0.261799	1.113094	-0.272241	159	13	40	329.70
0.261799	1.413430	2.550734	35	176	188	329.58
1.832596	0.899350	-2.069907	176	21	54	329.57
-1.047198	1.696674	-1.253233	168	20	52	329.43
0.000000	0.419640	2.974122	187	14	40	329.30
-0.261799	1.256302	0.062705	158	10	33	329.27
-2.094395	0.899350	-2.069907	170	168	20	329.23
0.523599	1.545873	-1.877082	185	8	50	329.20
-1.308997	1.325504	-1.671296	171	17	54	329.08
0.785398	1.904882	-1.478089	38	181	165	329.07
-1.047198	1.982574	-1.115518	160	16	42	329.01
1.047198	2.881233	-2.582574	15	29	24	328.97
1.832596	1.014500	0.906702	156	24	39	328.95
-0.261799	1.599406	1.426070	31	191	16	328.84
2.094395	1.367556	0.358405	160	25	40	328.80
-2.879793	2.033014	2.977192	61	177	176	328.73
-0.785398	1.554776	0.100351	11	15	41	328.68
-3.141593	1.741644	-2.695914	59	165	164	328.63
-0.523599	2.984978	1.954446	162	7	47	328.58
1.832596	1.683268	0.374177	165	32	44	328.32
1.308997	2.579248	-2.364801	15	29	32	328.21
2.094395	1.488617	1.159546	164	15	49	328.19
-2.879793	0.379747	-1.713059	184	0	48	328.11
-0.261799	0.961715	0.014085	45	180	187	328.11
0.000000	1.756530	-2.105156	186	8	50	328.07
0.523599	1.846342	-1.796954	49	166	182	328.02
-1.570796	0.866395	-2.492918	43	169	187	328.00
2.617994	1.488617	1.159546	170	13	53	327.94
-1.570796	2.592629	0.909713	17	177	14	327.89
-1.570796	0.992645	-1.723759	178	20	55	327.82
0.261799	2.588535	-2.976617	158	20	39	327.77
1.570796	1.506530	1.988858	167	6	47	327.66
-3.141593	0.619654	-2.216909	169	8	49	327.66
-1.832596	1.128190	-2.288622	164	166	17	327.61
-0.785398	1.256302	0.062705	154	25	32	327.46
-1.308997	1.982574	-1.115518	162	21	42	327.39
-1.570796	0.899350	-2.069907	186	15	56	327.26
2.617994	0.080730	-2.622036	164	17	48	327.24
-1.570796	0.640596	-2.797608	188	44	17	327.19
-1.047198	1.982574	-1.115518	163	20	46	327.11
1.308997	2.115563	0.685730	179	35	51	327.04
-1.047198	2.704512	1.488683	159	166	17	326.93
0.785398	1.696674	-1.253233	180	2	47	326.87
2.094395	0.831641	0.616218	163	22	39	326.82
0.261799	1.569311	-3.003978	30	182	167	326.73
-3.141593	0.685216	-1.712745	180	7	53	326.70
-1.047198	2.153910	-1.714959	162	4	41	326.67
2.356194	0.831641	0.616218	160	20	38	326.61
0.261799	2.760637	2.781135	176	20	37	326.34
0.523599	1.696674	-1.253233	11	13	20	326.18
-0.261799	2.984978	1.954446	158	159	12	326.14
0.785398	0.297065	2.160177	156	22	27	326.10
2.879793	1.977582	0.969896	173	22	55	325.97
-3.141593	1.247695	1.809890	41	178	176	325.94
-0.261799	2.478122	2.609777	164	21	49	325.93
-2.879793	1.569311	-3.003978	158	22	33	325.70
2.879793	0.080730	-2.622036	149	161	0	325.48
0.523599	2.984978	1.954446	43	189	164	325.47
-2.094395	1.872854	1.543456	39	178	172	325.44
-0.785398	1.113094	-0.272241	161	26	41	325.41
0.261799	1.433411	-1.035986	175	9	52	325.18
1.308997	0.290380	-0.796960	165	4	46	325.04
-0.785398	2.984978	1.954446	148	162	3	324.97
2.356194	2.379497	0.561089	168	30	50	324.94
-1.832596	2.592629	0.909713	156	158	8	324.85
-0.785398	1.367556	0.358405	155	22	24	324.83
-0.261799	2.984978	1.954446	166	2	46	324.82
0.261799	0.960688	-0.577532	166	12	48	324.80
-2.879793	1.870545	-2.976234	158	23	31	324.63
-0.523599	1.367556	0.358405	169	17	32	324.63
2.617994	2.979456	-1.009304	151	170	4	324.22
2.879793	1.872854	1.543456	183	16	58	324.03
-2.879793	1.391910	3.030322	156	23	35	323.90
-2.617994	1.574060	2.783565	179	20	37	323.67
1.308997	2.295480	1.008277	187	25	55	323.39
-1.832596	1.374601	-2.456031	171	10	51	323.19
-3.141593	1.555207	1.708892	185	3	54	323.19
1.308997	2.592629	0.909713	1	26	52	323.10
2.879793	1.809167	1.213774	20	184	17	323.05
-0.785398	2.393226	1.857173	171	17	53	323.00
2.617994	1.824694	1.850876	11	19	15	322.90
0.523599	1.391910	3.030322	5	23	37	322.86
-2.617994	0.379747	-1.713059	179	164	16	322.84
-0.261799	2.760637	2.781135	161	19	46	322.66
1.308997	2.115563	0.685730	29	4	14	322.60
1.832596	2.174483	2.653697	188	26	33	322.39
2.879793	2.588535	-2.976617	35	188	166	322.18
0.523599	0.290380	-0.796960	165	20	49	321.72
-2.879793	2.041297	-2.664597	161	28	39	321.65
-1.832596	0.370812	-2.547742	182	5	49	321.57
2.617994	0.370812	-2.547742	13	178	10	321.39
-1.570796	0.866395	-2.492918	28	166	14	321.14
0.785398	0.866955	-0.931351	21	22	3	320.97
-2.617994	1.134796	2.434290	156	22	28	320.75
2.356194	1.662363	0.915448	162	18	48	320.70
-0.261799	0.762244	-0.273349	13	23	27	320.60
-2.356194	1.872854	1.543456	38	182	164	320.59
-3.141593	1.736875	3.023612	48	175	0	320.57
-1.047198	2.984978	1.954446	164	18	50	320.48
0.261799	1.413430	2.550734	36	176	188	320.42
1.570796	1.869911	2.701025	182	21	36	320.41
0.000000	1.756530	-2.105156	44	168	180	320.24
-2.879793	1.736875	3.023612	163	25	36	320.09
-2.617994	0.379747	-1.713059	177	162	15	320.02
2.094395	1.184361	0.625864	156	23	37	319.76
-0.785398	1.554776	0.100351	155	24	27	319.69
-1.832596	2.704512	1.488683	168	17	51	319.66
1.832596	1.367556	0.358405	33	179	188	319.65
0.261799	0.615174	-0.666022	164	11	46	319.26
-2.879793	1.555207	1.708892	39	184	167	319.05
1.047198	0.418037	1.360082	161	34	33	319.02
0.523599	0.866955	-0.931351	15	174	15	317.98
-1.047198	2.984978	1.954446	11	2	7	317.90
-2.617994	1.662363	0.915448	171	166	16	317.81
-2.617994	2.033014	2.977192	157	16	27	317.81
1.570796	1.014500	0.906702	164	32	43	317.68
-2.094395	2.592629	0.909713	170	14	54	317.45
-0.523599	1.256302	0.062705	154	18	32	317.43
1.308997	2.881233	-2.582574	165	4	44	317.28
2.356194	0.866395	-2.492918	174	27	54	317.26
0.000000	0.762244	-0.273349	174	18	41	317.20
0.261799	0.615174	-0.666022	166	19	49	317.15
2.356194	0.866395	-2.492918	171	25	52	317.10
0.523599	0.866955	-0.931351	169	11	53	317.06
-2.617994	1.134796	2.434290	161	24	31	316.72
2.879793	1.872854	1.543456	172	174	20	316.61
-0.785398	1.904882	-1.478089	163	8	47	316.57
-3.141593	0.619654	-2.216909	171	10	54	316.49
2.094395	0.619654	-2.216909	168	21	51	316.47
1.832596	1.998705	2.370472	165	152	5	316.47
2.356194	0.866395	-2.492918	168	27	51	316.45
0.261799	1.699788	2.452890	60	174	160	316.30
2.094395	0.290380	-0.796960	182	0	49	316.28
0.261799	1.413430	2.550734	36	175	188	316.24
-3.141593	1.488617	1.159546	172	1	49	315.90
-1.832596	1.214854	-1.966664	166	171	20	315.76
-1.570796	0.640596	-2.797608	29	187	0	315.73
1.308997	2.881233	-2.582574	189	25	30	315.70
2.356194	0.496451	0.593859	156	21	31	315.47
-2.879793	1.555207	1.708892	35	188	162	315.43
2.094395	1.310100	1.488307	53	191	154	315.38
-0.785398	0.762244	-0.273349	153	185	8	315.33
2.617994	1.488617	1.159546	159	171	15	314.88
-3.141593	1.736875	3.023612	164	24	34	314.55
-1.308997	0.640596	-2.797608	38	186	169	314.09
0.523599	1.696674	-1.253233	181	0	50	314.04
-3.141593	1.555207	1.708892	41	179	179	313.96
0.261799	1.440580	2.260026	58	169	159	313.84
1.047198	0.418037	1.360082	169	26	37	313.83
-1.047198	2.104282	-0.813972	156	22	35	313.65
-0.785398	2.637879	2.121598	31	177	189	313.31
-3.141593	1.128190	-2.288622	171	21	55	313.29
-0.523599	1.617114	-1.572037	170	6	48	313.12
-1.047198	2.984978	1.954446	162	14	47	313.10
0.261799	1.440580	2.260026	153	186	11	312.74
0.523599	1.982574	-1.115518	29	157	5	312.62
1.832596	1.367556	0.358405	164	28	39	312.53
-1.570796	0.866395	-2.492918	40	191	159	312.49
-0.523599	1.045978	0.343692	43	186	0	312.44
0.261799	2.760637	2.781135	165	13	49	312.35
2.356194	0.370812	-2.547742	163	20	47	312.27
2.617994	2.979456	-1.009304	175	19	36	312.16
-0.785398	1.113094	-0.272241	160	25	41	312.00
-1.570796	1.904882	-1.478089	164	19	46	312.00
-1.570796	1.846342	-1.796954	151	166	3	311.99
1.308997	2.295480	1.008277	183	28	53	311.78
2.879793	2.138223	1.678323	183	16	56	311.55
-2.879793	1.736875	3.023612	61	174	171	311.03
1.832596	1.998705	2.370472	30	1	186	310.96
1.832596	1.683268	0.374177	56	164	165	310.74
-1.308997	0.709924	0.218797	155	191	2	310.63
-1.047198	1.045978	0.343692	164	21	34	310.59
2.617994	2.979456	-1.009304	151	171	4	310.37
-0.785398	1.417623	-0.202254	156	24	35	310.30
0.261799	1.440580	2.260026	163	22	42	310.02
0.261799	1.218453	2.777284	50	175	190	309.88
0.000000	1.756530	-2.105156	36	186	162	309.34
1.308997	0.906588	1.252948	163	30	43	309.17
0.000000	0.960688	-0.577532	164	14	47	308.94
-0.785398	1.045978	0.343692	13	20	38	308.68
-3.141593	1.247695	1.809890	189	6	49	308.67
-2.617994	1.555207	1.708892	39	180	174	308.34
1.832596	1.184361	0.625864	150	177	189	308.34
-2.094395	1.812176	0.656819	177	191	47	308.13
0.523599	1.218453	2.777284	4	24	34	308.02
0.261799	2.760637	2.781135	175	21	37	308.00
-1.308997	2.863997	0.549740	187	21	34	307.88
0.261799	1.218453	2.777284	51	174	190	307.85
-0.785398	2.984978	1.954446	166	14	50	307.82
2.617994	0.080730	-2.622036	158	16	45	307.73
0.261799	1.846342	-1.796954	177	157	13	307.68
0.261799	1.545873	-1.877082	44	171	182	307.25
0.000000	2.760637	2.781135	162	13	47	306.89
1.570796	1.184361	0.625864	13	185	158	306.08
-1.308997	1.617114	-1.572037	18	0	11	306.07
0.523599	1.391910	3.030322	48	179	191	306.00
-0.785398	0.762244	-0.273349	166	33	44	305.91
-2.094395	2.592629	0.909713	53	178	156	305.68
0.523599	2.588535	-2.976617	158	13	39	305.34
2.094395	0.619654	-2.216909	169	20	51	305.30
1.832596	1.184361	0.625864	33	178	188	305.28
0.261799	1.194549	-0.801900	170	11	51	305.18
-3.141593	1.506530	1.988858	5	24	14	305.10
2.617994	0.370812	-2.547742	163	16	48	304.92
-1.832596	2.704512	1.488683	170	22	55	304.70
-2.617994	1.809167	1.213774	41	183	166	304.45
0.261799	1.391910	3.030322	160	17	31	304.06
-1.047198	2.104282	-0.813972	158	21	36	303.72
-0.523599	0.961715	0.014085	158	16	37	303.57
-1.047198	0.961715	0.014085	183	165	189	303.19
-0.523599	0.961715	0.014085	46	175	185	303.15
-0.523599	0.709924	0.218797	158	12	34	302.58
-3.141593	1.128190	-2.288622	167	20	50	302.56
-0.261799	0.458961	-0.107937	161	13	39	302.16
-2.879793	1.870545	-2.976234	151	184	1	302.13
0.523599	0.960688	-0.577532	15	166	9	301.97
0.785398	2.588535	-2.976617	160	8	41	301.89
0.523599	0.615174	-0.666022	162	9	46	301.64
-0.523599	2.984978	1.954446	177	19	38	301.53
0.523599	1.982574	-1.115518	30	157	5	301.17
-2.617994	1.809167	1.213774	181	8	57	300.63
0.523599	0.914445	2.687814	155	18	28	300.04
1.832596	1.367556	0.358405	44	171	183	299.90
0.000000	2.760637	2.781135	164	17	49	299.84
-0.261799	0.961715	0.014085	159	8	34	299.55
-0.261799	2.984978	1.954446	28	187	188	299.46
2.879793	2.138223	1.678323	184	16	57	299.26
1.570796	1.184361	0.625864	168	28	43	299.19
-3.141593	1.506530	1.988858	191	2	51	298.42
-2.617994	1.809167	1.213774	180	7	56	297.78
-0.785398	1.256302	0.062705	160	27	34	297.68
-0.523599	0.709924	0.218797	159	17	39	297.62
-1.832596	0.370812	-2.547742	176	158	14	297.59
0.000000	0.458961	-0.107937	161	8	41	297.40
0.523599	0.914445	2.687814	25	191	165	297.18
-1.308997	1.904882	-1.478089	148	168	3	297.05
2.879793	1.977582	0.969896	170	17	56	295.91
-0.785398	0.762244	-0.273349	165	29	45	295.79
-2.356194	1.555207	1.708892	39	181	174	295.75
0.523599	0.615174	-0.666022	166	14	50	295.29
-1.047198	1.256302	0.062705	163	22	34	294.84
1.832596	1.184361	0.625864	34	177	187	294.77
0.523599	1.218453	2.777284	48	179	190	294.01
-2.617994	1.824694	1.850876	40	182	173	293.07
-1.308997	1.617114	-1.572037	168	14	42	292.92
-3.141593	1.736875	3.023612	165	28	36	292.29
-1.570796	1.325504	-1.671296	21	0	16	292.18
-1.308997	2.704512	1.488683	168	10	50	290.37
-1.308997	1.904882	-1.478089	166	18	50	289.63
2.094395	0.831641	0.616218	163	21	39	289.07
-1.047198	1.256302	0.062705	23	179	189	288.96
-0.785398	2.984978	1.954446	165	13	50	287.44
0.785398	2.588535	-2.976617	144	161	189	286.76
0.523599	1.218453	2.777284	48	184	190	286.12
-2.879793	1.870545	-2.976234	53	171	186	285.69
0.785398	2.588535	-2.976617	162	11	43	285.30
-2.356194	1.555207	1.708892	30	185	158	284.00
0.000000	2.760637	2.781135	162	14	48	283.06
-1.047198	0.961715	0.014085	151	188	1	282.73
0.261799	1.391910	3.030322	153	26	31	272.77
0.261799	1.391910	3.030322	158	28	34	268.95
-0.785398	1.256302	0.062705	148	27	0	266.65
-2.879793	1.736875	3.023612	163	21	36	262.85
-1.047198	1.045978	0.343692	155	30	30	249.90
-1.047198	1.045978	0.343692	159	21	30	249.10
