192	1.20
	0.000000	0.000000	0.000000
zein_blocked.pdb	-3.799501	-6.831500	-12.378501
alpha_whey_clean.pdb	41.957500	92.986496	10.825000
1.308997	0.618092	2.539118	172	11	39	1109.96
-1.570796	1.824694	1.850876	179	19	47	1073.84
-1.308997	1.617114	-1.572037	176	12	47	1016.84
-2.094395	2.299159	2.264663	178	23	45	997.11
1.047198	1.721184	-0.153948	172	16	41	995.65
0.523599	0.762244	-0.273349	168	12	42	987.77
-0.785398	1.417623	-0.202254	169	20	43	981.21
0.261799	1.128190	-2.288622	177	15	41	971.80
0.523599	0.866395	-2.492918	178	18	42	960.98
-2.094395	0.290380	-0.796960	173	19	35	959.13
-2.356194	2.073035	2.027405	179	19	46	953.73
-1.832596	1.599406	1.426070	177	10	40	949.42
0.523599	1.836682	-0.676006	176	23	45	945.70
-1.570796	1.555207	1.708892	183	17	48	945.67
-3.141593	1.875281	0.107086	170	16	40	938.29
1.308997	0.290380	-0.796960	169	13	42	937.57
0.523599	0.640596	-2.797608	173	14	38	926.53
-1.047198	2.455966	-0.641220	168	21	40	924.73
1.570796	1.218453	2.777284	174	9	40	923.88
-2.617994	2.881233	-2.582574	163	16	37	923.70
-2.356194	0.674054	1.013609	178	21	40	923.29
-0.523599	0.618092	2.539118	169	24	34	917.33
-0.261799	0.618092	2.539118	168	21	34	915.18
1.047198	1.721184	-0.153948	173	16	42	913.41
2.356194	1.599406	1.426070	178	19	50	912.15
0.000000	1.168678	2.108595	173	23	43	910.82
-1.570796	1.440580	2.260026	185	26	46	907.68
1.570796	2.588535	-2.976617	176	6	38	903.61
0.785398	1.756530	-2.105156	180	16	45	901.42
1.832596	2.180315	-1.357379	174	17	43	901.02
1.570796	0.379747	-1.713059	168	22	42	898.59
1.832596	0.080730	-2.622036	175	23	41	898.35
1.047198	0.419640	2.974122	174	16	40	897.20
-1.047198	1.134796	2.434290	177	13	39	892.48
-1.570796	2.664082	-1.071402	169	20	40	891.03
0.261799	0.496451	0.593859	182	29	40	890.71
2.094395	1.599406	1.426070	178	20	50	890.70
0.000000	0.866395	-2.492918	178	19	42	890.65
0.785398	0.419640	2.974122	174	17	40	889.25
0.000000	1.168678	2.108595	174	23	44	886.86
-1.047198	0.297065	2.160177	173	14	41	886.62
0.261799	0.866395	-2.492918	178	19	42	884.97
0.785398	2.089241	-0.114193	173	16	43	884.01
-0.523599	2.984978	1.954446	170	10	41	882.90
-0.785398	1.301460	-0.509251	173	19	47	882.43
0.785398	0.733948	3.021411	175	16	41	882.21
-1.570796	1.506530	1.988858	184	22	47	882.18
-0.261799	2.592629	0.909713	178	8	41	881.70
-1.047198	1.617114	-1.572037	178	11	48	878.11
0.261799	0.866395	-2.492918	178	18	42	877.56
2.356194	2.138223	1.678323	174	16	42	873.41
-2.356194	2.760637	2.781135	176	15	41	873.15
-2.094395	2.393226	1.857173	175	18	44	871.72
0.000000	0.864993	2.278281	168	18	36	871.57
-1.570796	1.617114	-1.572037	174	14	47	870.05
-2.617994	1.510910	-0.740472	180	24	45	869.92
-0.785398	2.247462	0.191623	173	21	38	869.34
-1.047198	2.115563	0.685730	177	14	45	869.23
-1.570796	2.153910	-1.714959	171	14	46	868.51
-2.617994	0.618092	2.539118	171	12	36	868.19
-0.523599	2.587733	0.232235	174	20	41	862.92
1.570796	0.379747	-1.713059	168	21	42	862.70
0.785398	1.325504	-1.671296	174	24	48	862.48
1.308997	1.554776	0.100351	171	12	38	861.91
0.785398	1.448123	-2.163292	177	19	44	861.62
-1.832596	1.555207	1.708892	183	16	48	859.52
-2.356194	2.299159	2.264663	179	24	45	858.69
0.523599	2.089241	-0.114193	172	18	43	858.28
-2.879793	1.113094	-0.272241	168	12	37	858.22
1.308997	2.164094	-2.991358	174	12	40	856.84
-1.047198	2.187132	-0.479875	170	24	42	855.90
-1.308997	2.404280	-0.174044	173	21	39	855.52
1.570796	1.374601	-2.456031	175	16	40	853.97
-1.570796	2.174483	2.653697	180	25	45	853.24
1.832596	1.113094	-0.272241	172	11	37	853.24
1.832596	0.960688	-0.577532	180	9	46	852.85
-0.785398	0.733948	3.021411	177	11	38	852.19
1.308997	1.113094	-0.272241	178	5	43	851.55
-1.570796	1.872854	1.543456	178	13	45	849.26
-1.832596	1.699788	2.452890	175	17	41	848.43
-0.785398	1.904882	-1.478089	179	16	50	847.48
-0.785398	0.618092	2.539118	173	8	37	847.04
-1.047198	1.617114	-1.572037	181	17	50	846.07
0.523599	1.909857	-0.381669	174	20	44	846.02
0.785398	1.736875	3.023612	169	11	38	844.62
-0.261799	2.299159	2.264663	172	17	46	843.77
0.785398	0.571433	-1.188419	171	21	44	843.69
1.832596	0.297065	2.160177	171	10	37	843.43
2.879793	2.089241	-0.114193	168	17	37	841.93
-2.094395	1.872854	1.543456	177	16	48	840.52
-1.570796	1.413430	2.550734	185	30	44	839.74
-1.832596	2.138223	1.678323	173	19	47	839.30
0.785398	2.089241	-0.114193	173	15	43	838.41
-3.141593	1.510910	-0.740472	182	13	43	837.66
-0.261799	0.290380	-0.796960	174	20	40	836.84
2.094395	0.700570	1.559208	172	17	43	836.56
-0.785398	1.325504	-1.671296	184	13	49	836.13
-0.261799	0.418037	1.360082	178	29	39	834.90
1.047198	1.721184	-0.153948	171	16	41	834.34
-2.356194	1.998705	2.370472	183	22	46	834.19
2.094395	1.113094	-0.272241	175	10	38	833.61
-1.308997	2.115563	0.685730	176	16	45	833.29
0.785398	1.836682	-0.676006	176	21	45	832.49
-1.308997	2.704512	1.488683	171	15	44	829.28
0.000000	0.290380	-0.796960	174	21	41	829.18
-1.570796	1.766067	2.153843	180	24	47	829.08
-1.570796	1.872854	1.543456	176	11	41	828.68
1.308997	0.419640	2.974122	175	14	40	828.28
2.356194	0.700570	1.559208	174	14	43	827.97
-2.356194	2.863997	0.549740	168	13	40	827.28
0.785398	1.909857	-0.381669	174	18	44	827.03
0.261799	0.615174	-0.666022	168	20	42	826.07
-0.523599	2.592629	0.909713	176	9	41	825.86
-1.308997	1.904882	-1.478089	171	13	46	824.79
-0.261799	0.674054	1.013609	182	27	43	824.34
0.000000	2.379497	0.561089	172	17	36	823.80
0.785398	0.419640	2.974122	173	18	40	823.52
-1.570796	0.615174	-0.666022	185	22	47	822.60
-2.879793	2.637879	2.121598	174	12	38	821.99
0.000000	0.864993	2.278281	168	18	37	821.29
-0.785398	1.050534	3.042579	176	10	35	820.44
-3.141593	1.846342	-1.796954	175	10	42	818.84
-0.785398	1.325504	-1.671296	185	13	49	818.56
0.785398	1.569311	-3.003978	168	11	35	818.11
-0.261799	0.685216	-1.712745	176	18	41	817.96
0.523599	1.413347	-1.339188	171	21	47	817.67
-0.261799	0.685216	-1.712745	176	19	41	817.39
0.523599	0.458961	-0.107937	167	12	40	817.35
1.570796	0.960688	-0.577532	174	4	40	816.41
2.356194	0.733948	3.021411	175	16	40	816.35
0.523599	0.762244	-0.273349	169	12	43	815.57
0.785398	1.909857	-0.381669	174	19	44	815.42
0.785398	0.419640	2.974122	169	12	35	815.23
-1.308997	1.506530	1.988858	183	22	47	815.07
0.261799	0.370812	-2.547742	172	15	37	815.03
0.523599	1.756530	-2.105156	179	16	45	814.99
0.785398	0.290380	-0.796960	166	17	38	814.31
1.047198	1.569311	-3.003978	184	28	43	814.04
-1.308997	2.407836	1.410646	176	15	48	813.26
-0.785398	1.606104	-0.451151	169	16	43	813.08
-2.094395	1.555207	1.708892	181	16	47	813.05
-1.832596	0.831641	0.616218	176	23	41	812.17
-1.047198	2.664082	-1.071402	165	18	41	811.62
1.308997	0.618092	2.539118	176	18	42	811.01
0.261799	2.704512	1.488683	176	7	39	810.79
1.047198	1.450119	-2.739050	181	25	44	810.30
-2.356194	1.574060	2.783565	177	19	42	810.09
0.523599	0.960688	-0.577532	170	14	45	810.01
-2.617994	1.574060	2.783565	177	20	42	809.63
0.261799	1.909857	-0.381669	174	23	44	809.41
-2.617994	1.872854	1.543456	178	17	48	808.78
1.832596	1.599406	1.426070	179	21	50	808.59
-0.261799	0.571433	-1.188419	175	21	42	808.19
2.094395	2.881233	-2.582574	176	19	44	808.17
2.094395	1.599406	1.426070	179	20	50	807.52
-1.308997	1.846342	-1.796954	177	12	48	806.78
-1.570796	1.184361	0.625864	182	9	41	806.49
1.308997	2.881233	-2.582574	171	12	39	805.90
0.000000	1.128190	-2.288622	176	16	41	805.04
-1.832596	1.555207	1.708892	182	16	47	804.98
2.879793	2.393226	1.857173	178	15	43	804.17
-2.879793	1.606104	-0.451151	184	28	44	803.71
-0.785398	1.904882	-1.478089	178	15	49	803.07
-1.570796	1.824694	1.850876	177	14	43	802.85
-0.261799	2.295480	1.008277	178	12	44	802.41
-1.570796	2.404280	-0.174044	174	23	39	801.67
-1.832596	2.343981	-1.040456	170	23	42	798.63
2.094395	2.073035	2.027405	174	14	41	798.27
0.523599	0.370812	-2.547742	173	13	37	798.10
-2.094395	2.153910	-1.714959	174	18	49	798.04
-2.617994	1.413430	2.550734	176	17	41	797.66
-1.570796	1.545873	-1.877082	175	9	46	797.45
-2.356194	1.599406	1.426070	180	12	49	797.05
-1.570796	0.709924	0.218797	175	17	38	796.95
-1.047198	1.904882	-1.478089	177	16	49	796.78
-3.141593	1.977582	0.969896	170	13	39	795.60
0.261799	2.033014	2.977192	167	16	39	795.39
-1.047198	1.135834	-1.431087	185	18	50	794.30
-1.570796	1.218453	2.777284	176	7	36	794.02
0.523599	1.846342	-1.796954	179	19	47	793.46
-0.261799	0.674054	1.013609	181	27	42	793.23
1.832596	0.615174	-0.666022	174	9	45	792.83
0.000000	2.174483	2.653697	169	17	43	792.72
2.356194	0.700570	1.559208	170	5	37	792.21
-2.094395	2.724429	-0.348782	175	11	39	791.34
0.523599	0.762244	-0.273349	170	12	44	791.16
1.308997	2.396274	-1.959260	177	23	44	790.97
-0.785398	2.349581	-2.702517	175	12	39	790.51
-2.356194	0.203748	0.590255	173	15	38	790.33
-1.570796	2.456751	-1.503343	169	18	46	790.31
2.094395	2.393226	1.857173	176	18	43	789.62
-2.879793	1.846342	-1.796954	177	8	42	789.39
-1.047198	1.948085	-2.363031	181	14	46	789.35
-0.785398	0.733948	3.021411	177	10	38	789.02
1.570796	0.297065	2.160177	169	13	37	788.96
0.785398	0.866955	-0.931351	173	18	48	788.67
0.261799	1.113094	-0.272241	167	12	41	787.75
-0.261799	1.766067	2.153843	173	16	44	787.74
0.261799	0.709924	0.218797	167	9	37	787.58
-1.832596	1.872854	1.543456	177	14	46	787.26
-2.879793	1.872854	1.543456	179	16	48	786.81
-2.094395	2.456751	-1.503343	168	20	41	785.77
0.523599	2.247462	0.191623	169	15	38	785.28
1.832596	1.195355	1.200319	172	23	47	784.98
0.000000	1.506530	1.988858	172	19	43	784.59
-2.356194	0.290380	-0.796960	172	21	35	784.23
-2.879793	1.699788	2.452890	179	15	42	784.18
1.570796	2.396274	-1.959260	177	22	44	784.10
-3.141593	2.180315	-1.357379	182	20	48	783.96
-0.785398	1.134796	2.434290	178	12	38	783.58
2.617994	0.571433	-1.188419	175	5	40	783.14
-2.356194	2.073035	2.027405	177	15	43	782.24
0.785398	1.374601	-2.456031	180	23	45	782.13
-1.832596	2.719179	-1.780644	166	18	44	782.06
-1.832596	0.496451	0.593859	179	22	42	781.99
-2.879793	1.872854	1.543456	178	17	48	781.59
2.094395	1.606104	-0.451151	178	14	43	781.52
1.832596	1.977582	0.969896	177	22	45	781.49
-1.047198	0.733948	3.021411	169	26	30	780.95
1.308997	0.618092	2.539118	171	11	39	780.61
-2.356194	0.418037	1.360082	181	25	42	780.32
-2.879793	2.881233	-2.582574	163	21	38	780.13
1.047198	1.374601	-2.456031	178	23	44	780.11
2.094395	0.419640	2.974122	175	9	36	779.68
-2.617994	0.961715	0.014085	171	7	36	779.59
0.523599	0.640596	-2.797608	174	13	39	779.35
0.785398	1.875281	0.107086	170	16	40	778.55
-1.047198	2.356369	3.005869	173	15	38	778.40
-2.617994	0.914445	2.687814	171	13	37	778.27
-0.785398	1.194549	-0.801900	177	18	49	778.11
0.261799	0.458961	-0.107937	166	16	40	778.07
-3.141593	2.247462	0.191623	171	20	42	777.89
-0.785398	1.948085	-2.363031	182	13	46	777.86
-1.047198	1.606104	-0.451151	169	19	43	777.60
2.879793	0.297065	2.160177	175	8	36	777.30
-1.047198	1.325504	-1.671296	183	12	49	777.09
2.356194	2.863997	0.549740	175	12	39	776.93
2.356194	2.984978	1.954446	164	14	37	776.55
-1.570796	1.699788	2.452890	176	16	41	775.79
-1.308997	2.664082	-1.071402	167	17	39	775.33
-2.356194	2.579248	-2.364801	165	13	40	774.90
-1.832596	2.719179	-1.780644	165	17	41	774.78
1.832596	1.310100	1.488307	175	18	49	774.59
-0.261799	0.685216	-1.712745	175	18	40	774.51
-0.261799	2.251330	-2.330739	176	12	40	774.41
1.047198	1.872854	1.543456	178	12	44	774.32
0.261799	0.929350	-2.910676	173	14	39	774.31
-3.141593	1.875281	0.107086	169	15	39	774.24
0.523599	0.615174	-0.666022	168	17	42	774.02
2.356194	0.866955	-0.931351	179	12	48	773.59
-2.094395	0.674054	1.013609	175	14	39	773.52
-0.785398	2.187132	-0.479875	169	21	42	772.83
1.308997	0.709924	0.218797	178	28	41	771.55
0.261799	1.168678	2.108595	169	14	39	771.37
-2.094395	0.615174	-0.666022	179	17	44	770.78
-1.308997	2.396274	-1.959260	174	8	48	770.78
0.785398	2.404280	-0.174044	167	9	39	770.45
-0.785398	0.370812	-2.547742	171	20	34	769.77
-2.617994	1.413430	2.550734	175	17	40	769.46
1.832596	0.831641	0.616218	169	16	37	769.23
-1.308997	1.683268	0.374177	183	14	46	768.74
0.261799	0.762244	-0.273349	167	15	42	768.57
0.000000	1.440580	2.260026	171	19	43	768.51
1.570796	2.089241	-0.114193	174	6	38	768.41
2.617994	0.619654	-2.216909	166	13	39	768.33
-0.261799	1.998705	2.370472	172	21	47	767.91
1.570796	2.587733	0.232235	173	7	38	767.83
1.570796	2.456751	-1.503343	177	20	45	767.42
2.356194	1.391910	3.030322	174	12	37	767.10
-0.785398	2.393226	1.857173	175	18	48	767.04
-0.261799	0.906588	1.252948	178	24	43	766.52
2.356194	1.194549	-0.801900	185	15	49	766.48
-1.570796	1.555207	1.708892	180	13	44	766.38
-2.094395	0.709924	0.218797	175	20	38	766.15
0.523599	1.824694	1.850876	175	13	45	765.84
-1.832596	0.709924	0.218797	175	18	38	765.48
1.570796	0.700570	1.559208	166	18	41	765.26
2.094395	0.619654	-2.216909	170	24	43	764.21
0.785398	0.733948	3.021411	175	15	41	764.14
0.785398	1.721184	-0.153948	170	19	41	764.10
0.785398	1.374601	-2.456031	179	22	44	763.41
1.832596	0.297065	2.160177	171	11	37	763.11
0.000000	1.134796	2.434290	168	16	35	762.48
-0.785398	1.214854	-1.966664	175	16	41	762.41
0.523599	0.290380	-0.796960	167	21	40	762.31
1.832596	0.906588	1.252948	168	21	44	761.82
-1.570796	2.174483	2.653697	181	26	45	761.65
2.094395	2.138223	1.678323	174	16	42	761.56
1.308997	0.961715	0.014085	177	3	39	761.28
-2.094395	1.721184	-0.153948	176	25	40	761.13
-2.356194	2.863997	0.549740	169	13	41	760.65
2.356194	0.929350	-2.910676	169	21	40	760.45
-1.308997	0.591903	2.010408	170	17	38	760.36
2.094395	0.960688	-0.577532	183	9	47	759.79
1.047198	1.417623	-0.202254	170	5	37	759.31
2.356194	2.138223	1.678323	174	15	42	758.89
-1.308997	1.545873	-1.877082	178	8	46	758.80
0.261799	0.910508	1.903534	170	18	41	758.77
-1.047198	2.180315	-1.357379	173	16	48	758.67
-0.523599	2.295480	1.008277	176	13	44	758.09
0.785398	1.721184	-0.153948	170	18	41	757.54
0.785398	0.571433	-1.188419	171	22	45	757.04
0.785398	1.741644	-2.695914	178	21	43	756.72
-2.617994	0.831641	0.616218	173	5	39	756.49
-1.047198	1.812176	0.656819	181	16	47	756.39
-1.308997	2.379497	0.561089	174	12	43	755.93
-2.094395	0.591903	2.010408	171	11	34	755.49
0.261799	0.619654	-2.216909	176	19	41	754.99
-0.261799	2.592629	0.909713	179	8	42	754.84
2.094395	1.195355	1.200319	171	20	47	754.46
-1.832596	2.187132	-0.479875	171	21	37	754.26
1.308997	0.080730	-2.622036	176	24	41	754.01
-1.308997	2.001437	0.381215	179	12	45	753.55
-2.356194	1.413430	2.550734	176	16	41	753.12
2.617994	2.393226	1.857173	177	16	43	752.90
1.832596	1.606104	-0.451151	176	14	43	752.88
-1.570796	1.872854	1.543456	177	11	42	752.64
-0.523599	2.001437	0.381215	173	22	38	752.02
1.832596	1.310100	1.488307	174	18	49	751.85
-0.785398	1.214854	-1.966664	176	16	42	751.64
0.261799	1.869911	2.701025	169	17	43	751.51
-1.570796	2.587733	0.232235	177	13	42	750.16
2.356194	1.301460	-0.509251	177	11	41	750.09
-1.570796	1.506530	1.988858	183	21	47	749.99
1.832596	0.960688	-0.577532	177	5	41	749.86
2.356194	1.310100	1.488307	175	14	49	749.70
-0.261799	1.195355	1.200319	178	20	45	749.21
-2.094395	2.174483	2.653697	179	22	43	749.20
-0.261799	1.555207	1.708892	175	21	46	749.08
0.523599	0.674054	1.013609	175	24	41	748.61
1.308997	1.050534	3.042579	171	8	36	748.20
2.617994	0.700570	1.559208	175	8	44	747.71
2.617994	1.135813	-2.658866	165	21	40	747.34
-1.308997	1.506530	1.988858	183	21	47	747.29
-1.832596	1.766067	2.153843	181	23	47	747.07
-1.047198	2.979456	-1.009304	163	18	38	746.92
-1.570796	2.664082	-1.071402	170	20	41	746.37
2.094395	2.063651	-2.044600	181	23	49	746.04
-1.570796	1.824694	1.850876	178	20	48	746.04
-0.785398	2.115563	0.685730	179	13	45	745.30
-0.785398	2.379497	0.561089	178	10	42	744.70
-2.094395	1.555207	1.708892	182	16	48	744.59
0.523599	1.696674	-1.253233	173	15	48	743.96
1.308997	0.290380	-0.796960	169	14	42	743.96
2.879793	1.875281	0.107086	168	18	39	743.55
1.832596	2.180315	-1.357379	175	16	43	743.40
-0.261799	0.674054	1.013609	169	12	38	743.23
1.308997	1.606104	-0.451151	173	17	43	743.13
0.261799	0.640596	-2.797608	172	15	38	742.86
0.261799	0.591903	2.010408	169	20	39	742.54
1.308997	0.379747	-1.713059	169	25	42	742.54
-2.617994	2.138223	1.678323	175	17	44	742.53
-1.570796	1.440580	2.260026	182	20	45	742.51
0.523599	2.115563	0.685730	171	19	39	742.42
2.617994	0.960688	-0.577532	180	10	41	742.18
-2.356194	1.488617	1.159546	178	7	46	742.07
2.617994	0.899350	-2.069907	170	14	44	742.06
-2.356194	0.700570	1.559208	179	28	40	742.04
-2.094395	2.299159	2.264663	176	18	43	741.94
-1.832596	2.587733	0.232235	181	18	44	741.93
0.523599	1.325504	-1.671296	176	26	48	741.63
-3.141593	2.063651	-2.044600	173	12	41	741.46
-3.141593	2.664082	-1.071402	177	12	41	740.60
-1.832596	1.824694	1.850876	179	20	48	740.44
1.047198	1.113094	-0.272241	175	6	43	740.37
0.523599	1.869911	2.701025	170	14	43	740.19
1.047198	1.242974	-2.977882	169	10	35	740.18
-1.047198	2.356369	3.005869	174	15	39	740.15
-1.308997	1.824694	1.850876	178	19	49	740.00
-2.094395	0.674054	1.013609	178	25	41	739.91
0.523599	2.073035	2.027405	173	10	42	739.90
-1.570796	1.134796	2.434290	188	29	44	739.88
-1.832596	2.343981	-1.040456	170	24	42	739.82
-0.523599	2.073035	2.027405	176	20	49	739.81
-1.832596	1.599406	1.426070	178	10	42	739.53
-2.094395	2.299159	2.264663	179	23	45	739.45
-2.617994	0.080730	-2.622036	176	18	44	739.45
-1.047198	1.904882	-1.478089	176	17	49	739.19
0.261799	2.089241	-0.114193	171	19	42	738.78
-1.832596	2.153910	-1.714959	174	16	49	738.37
0.523599	1.617114	-1.572037	177	20	50	738.30
-2.879793	1.113094	-0.272241	167	12	36	738.14
0.523599	0.866395	-2.492918	178	19	42	737.98
0.000000	0.910508	1.903534	177	28	44	737.95
0.261799	1.555207	1.708892	175	19	46	737.88
2.617994	1.741644	-2.695914	169	13	37	737.86
-2.356194	1.168678	2.108595	175	14	40	737.83
0.523599	0.458961	-0.107937	168	12	41	737.39
-0.523599	1.195355	1.200319	179	21	46	737.29
-0.785398	1.904882	-1.478089	179	15	50	736.89
-1.047198	1.617114	-1.572037	180	16	50	736.48
-2.094395	1.836682	-0.676006	175	9	37	736.37
-2.356194	0.700570	1.559208	178	16	42	736.22
2.094395	0.297065	2.160177	174	9	38	736.12
-2.879793	2.247462	0.191623	172	17	42	735.24
-0.523599	0.850607	-1.335383	174	19	41	735.23
0.000000	2.001437	0.381215	173	18	38	735.21
1.570796	1.909857	-0.381669	174	7	40	735.07
2.617994	2.251330	-2.330739	174	21	45	735.07
1.832596	2.588535	-2.976617	178	1	35	734.77
-1.832596	1.824694	1.850876	179	18	47	734.70
0.000000	2.760637	2.781135	166	11	38	734.54
0.785398	1.310100	1.488307	177	24	48	734.30
2.356194	2.979456	-1.009304	167	14	38	734.22
-1.832596	2.343981	-1.040456	171	23	43	733.95
0.000000	0.370812	-2.547742	179	24	42	733.82
1.047198	0.591903	2.010408	164	19	39	733.59
1.570796	2.153910	-1.714959	174	20	43	733.50
-2.617994	0.709924	0.218797	183	23	44	733.50
0.785398	0.762244	-0.273349	169	10	42	733.29
-3.141593	1.875281	0.107086	169	16	39	733.20
2.617994	1.301460	-0.509251	183	13	43	732.89
-1.308997	1.824694	1.850876	178	18	47	732.83
-1.832596	2.588535	-2.976617	177	17	42	732.46
2.356194	2.247462	0.191623	172	27	42	732.35
1.570796	1.310100	1.488307	174	20	48	732.22
2.879793	2.247462	0.191623	171	23	42	732.12
2.356194	2.251330	-2.330739	174	23	45	731.26
-0.785398	1.391910	3.030322	175	13	39	730.98
-1.570796	1.218453	2.777284	175	7	36	730.76
-1.570796	2.089241	-0.114193	171	22	37	730.56
-2.094395	0.458961	-0.107937	175	20	39	730.32
0.261799	0.496451	0.593859	168	7	38	730.30
-0.785398	1.134796	2.434290	177	12	37	730.02
2.094395	2.108018	1.311430	172	18	41	729.97
1.570796	1.721184	-0.153948	172	6	37	729.90
-1.832596	2.108018	1.311430	173	11	42	729.76
1.832596	1.413430	2.550734	177	11	44	729.68
-1.832596	0.674054	1.013609	176	12	39	729.28
-2.617994	1.809167	1.213774	174	13	46	729.02
-1.308997	2.063651	-2.044600	175	6	44	729.01
-1.047198	1.510910	-0.740472	172	17	45	728.72
1.047198	1.242974	-2.977882	171	10	37	728.57
0.785398	1.909857	-0.381669	173	19	44	728.42
-2.879793	2.404280	-0.174044	170	16	39	728.06
-0.785398	2.343981	-1.040456	166	11	40	727.58
-2.879793	1.872854	1.543456	177	18	48	727.15
-0.523599	2.247462	0.191623	173	19	39	726.63
-0.785398	0.080730	-2.622036	172	22	36	726.62
0.523599	0.640596	-2.797608	179	20	43	726.41
-2.356194	1.135813	-2.658866	168	6	38	726.39
0.785398	0.615174	-0.666022	169	16	45	726.25
0.000000	1.367556	0.358405	168	12	38	725.40
-1.832596	1.824694	1.850876	180	20	49	725.33
0.261799	1.555207	1.708892	176	19	46	725.22
2.356194	2.033014	2.977192	172	10	37	725.14
0.261799	0.640596	-2.797608	173	14	38	725.09
0.785398	0.571433	-1.188419	170	22	44	724.84
-1.047198	0.615174	-0.666022	182	23	47	724.80
-3.141593	2.089241	-0.114193	168	17	38	724.70
2.617994	0.899350	-2.069907	169	14	44	724.45
0.785398	2.089241	-0.114193	172	16	42	724.35
0.000000	0.910508	1.903534	171	21	41	724.25
-1.308997	1.766067	2.153843	178	24	47	724.22
0.523599	0.496451	0.593859	180	29	41	724.15
-0.785398	1.448123	-2.163292	178	15	44	723.74
1.308997	1.218453	2.777284	171	11	40	723.67
-3.141593	0.458961	-0.107937	174	23	36	723.54
-0.261799	2.247462	0.191623	173	17	39	723.51
-1.832596	2.174483	2.653697	181	26	45	723.46
2.617994	2.984978	1.954446	169	10	39	723.28
0.000000	1.696674	-1.253233	171	13	40	722.68
-1.832596	2.174483	2.653697	182	26	45	722.39
0.000000	2.455966	-0.641220	167	18	44	722.26
-2.617994	1.218453	2.777284	171	14	37	722.21
1.570796	2.881233	-2.582574	173	8	39	722.03
-1.832596	1.413430	2.550734	178	18	43	721.74
0.785398	1.374601	-2.456031	180	24	45	721.69
0.261799	0.762244	-0.273349	166	16	42	721.64
2.094395	2.863997	0.549740	174	13	40	721.29
-1.832596	0.615174	-0.666022	183	22	47	721.15
-3.141593	1.699788	2.452890	178	16	42	720.96
0.523599	2.984978	1.954446	178	22	45	720.78
-2.879793	2.295480	1.008277	170	14	40	720.67
0.261799	2.187132	-0.479875	176	19	46	720.40
2.094395	0.615174	-0.666022	177	7	45	720.15
-0.785398	1.050534	3.042579	177	16	41	719.91
-1.832596	1.721184	-0.153948	174	24	40	719.89
-1.570796	1.555207	1.708892	179	13	43	719.76
-1.832596	0.591903	2.010408	172	9	34	719.69
0.785398	0.458961	-0.107937	169	9	41	719.65
-2.356194	0.458961	-0.107937	175	21	39	719.56
0.523599	2.187132	-0.479875	176	18	46	719.20
0.000000	2.407836	1.410646	174	11	42	718.92
0.000000	0.203748	0.590255	166	13	40	718.90
1.047198	1.977582	0.969896	172	18	40	718.82
1.047198	1.824694	1.850876	175	9	41	718.82
0.261799	0.866395	-2.492918	177	19	42	718.80
2.094395	0.700570	1.559208	168	7	35	718.75
0.000000	0.992645	-1.723759	179	27	46	718.70
0.523599	0.615174	-0.666022	169	19	45	718.64
-1.308997	1.413347	-1.339188	179	16	50	718.44
1.570796	1.310100	1.488307	175	20	49	718.44
-2.617994	1.836682	-0.676006	182	12	42	718.44
-1.570796	2.664082	-1.071402	167	20	39	718.37
1.570796	1.025536	1.576859	170	18	46	718.33
-2.356194	2.393226	1.857173	175	20	44	718.26
0.523599	1.909857	-0.381669	173	21	44	718.13
-1.832596	1.574060	2.783565	177	20	42	718.02
2.617994	1.875281	0.107086	168	21	39	717.96
0.523599	0.080730	-2.622036	172	16	38	717.95
-0.785398	0.914445	2.687814	178	13	39	717.86
0.000000	1.869911	2.701025	169	21	43	717.68
1.832596	0.910508	1.903534	170	7	39	717.64
-2.356194	1.606104	-0.451151	176	23	41	717.41
-2.356194	2.073035	2.027405	179	18	45	717.41
1.047198	1.875281	0.107086	171	13	40	717.31
2.094395	1.025536	1.576859	171	12	46	717.02
-1.308997	1.766067	2.153843	177	15	42	717.00
0.261799	2.724429	-0.348782	165	14	41	716.98
0.261799	0.709924	0.218797	166	10	37	716.71
-2.879793	2.073035	2.027405	174	18	41	716.70
1.047198	2.153910	-1.714959	174	19	41	716.57
1.570796	1.417623	-0.202254	172	12	39	716.47
2.356194	2.393226	1.857173	176	17	43	716.05
-1.570796	1.948085	-2.363031	177	15	46	716.03
-2.356194	2.724429	-0.348782	173	13	39	716.00
1.570796	1.440580	2.260026	172	6	40	715.73
-0.261799	1.506530	1.988858	172	21	43	715.70
2.356194	0.685216	-1.712745	170	10	42	715.69
1.308997	1.256302	0.062705	169	12	36	715.65
2.094395	1.488617	1.159546	175	23	49	715.48
2.094395	0.850607	-1.335383	173	9	45	715.47
1.832596	2.407836	1.410646	176	20	43	714.79
-2.356194	1.998705	2.370472	177	19	43	714.30
0.000000	1.998705	2.370472	172	18	47	714.21
-2.617994	2.174483	2.653697	180	22	43	713.80
1.308997	1.025536	1.576859	171	21	46	713.63
-2.094395	2.579248	-2.364801	167	10	44	713.63
1.308997	1.417623	-0.202254	171	15	40	713.19
2.094395	1.045978	0.343692	170	17	38	713.05
-2.617994	1.413347	-1.339188	177	23	50	712.61
-1.047198	2.664082	-1.071402	166	20	44	712.58
2.094395	1.450119	-2.739050	173	10	36	712.36
0.261799	0.961715	0.014085	166	10	38	712.09
-0.523599	2.984978	1.954446	169	5	37	711.91
-0.785398	2.180315	-1.357379	173	13	47	711.71
1.047198	2.579248	-2.364801	175	17	42	711.39
2.879793	2.404280	-0.174044	169	18	39	711.37
-2.094395	1.555207	1.708892	184	16	50	711.33
2.094395	0.906588	1.252948	167	17	44	711.30
1.570796	1.450119	-2.739050	177	19	42	711.09
1.047198	2.153910	-1.714959	181	16	47	710.99
-2.356194	2.299159	2.264663	179	23	45	710.96
0.261799	2.089241	-0.114193	172	20	43	710.78
2.617994	0.906588	1.252948	170	7	40	710.50
-1.832596	0.709924	0.218797	176	18	39	710.28
1.570796	1.662363	0.915448	180	31	47	710.27
0.261799	0.929350	-2.910676	172	14	38	710.12
2.094395	1.488617	1.159546	175	24	49	710.11
-1.570796	1.440580	2.260026	182	18	45	710.03
1.047198	2.089241	-0.114193	173	14	43	709.98
-1.832596	1.256302	0.062705	179	5	41	709.78
2.356194	0.831641	0.616218	170	14	41	709.62
-1.832596	0.496451	0.593859	177	18	40	709.49
-2.094395	2.187132	-0.479875	172	23	37	709.42
1.570796	0.960688	-0.577532	177	10	46	709.26
-1.047198	2.407836	1.410646	177	14	48	709.26
-0.261799	1.998705	2.370472	172	22	47	709.07
-2.094395	1.736875	3.023612	173	14	40	709.02
-2.356194	1.555207	1.708892	180	16	47	708.89
-0.523599	0.992645	-1.723759	175	17	40	708.75
-2.094395	2.343981	-1.040456	172	26	43	708.49
-2.356194	2.478122	2.609777	176	13	40	708.37
2.356194	0.640596	-2.797608	169	17	38	708.32
-2.094395	1.440580	2.260026	175	16	41	708.31
-1.832596	2.174483	2.653697	176	14	40	708.26
-1.047198	1.413347	-1.339188	181	22	51	708.15
-3.141593	1.325504	-1.671296	176	8	42	708.01
1.047198	0.297065	2.160177	162	17	34	707.85
-1.570796	1.218453	2.777284	185	27	43	707.61
2.617994	0.418037	1.360082	171	12	39	707.58
2.879793	0.960688	-0.577532	182	12	42	707.52
1.570796	0.762244	-0.273349	177	5	43	707.46
-0.785398	0.080730	-2.622036	172	21	36	707.13
-0.261799	2.379497	0.561089	171	19	36	706.96
-2.356194	0.762244	-0.273349	179	21	44	706.91
-1.570796	1.391910	3.030322	175	8	37	706.69
-1.570796	0.709924	0.218797	177	20	43	706.31
1.047198	2.356369	3.005869	176	14	43	706.09
-2.617994	2.724429	-0.348782	183	18	46	706.04
2.879793	0.733948	3.021411	167	17	36	705.99
2.356194	1.977582	0.969896	171	15	39	705.76
-1.832596	2.089241	-0.114193	172	25	37	705.61
2.094395	2.108018	1.311430	171	19	41	705.60
0.000000	0.866395	-2.492918	177	19	42	705.46
-2.356194	0.297065	2.160177	172	12	37	705.39
1.047198	1.756530	-2.105156	180	15	45	705.37
1.832596	1.134497	-1.109631	176	9	47	705.24
-2.356194	1.836682	-0.676006	177	28	44	705.06
-2.094395	0.496451	0.593859	180	23	43	705.03
2.356194	1.977582	0.969896	171	16	39	704.98
-2.356194	1.555207	1.708892	181	16	48	704.85
-2.094395	1.504028	0.636812	177	4	43	704.75
-1.832596	1.875281	0.107086	175	26	38	704.65
1.308997	1.662363	0.915448	180	19	47	704.41
-1.308997	0.960688	-0.577532	177	22	46	703.90
1.308997	0.762244	-0.273349	174	6	43	703.84
-1.308997	2.637879	2.121598	165	21	40	703.83
2.879793	2.138223	1.678323	186	26	50	703.81
-2.617994	1.310100	1.488307	177	11	44	703.72
-1.832596	1.998705	2.370472	173	15	39	703.53
1.047198	0.290380	-0.796960	166	13	39	703.34
-1.832596	1.413430	2.550734	177	18	43	703.15
-1.047198	1.218453	2.777284	176	14	40	703.12
-1.308997	2.180315	-1.357379	170	18	46	703.08
-2.356194	2.579248	-2.364801	166	14	44	703.00
0.261799	2.724429	-0.348782	166	15	41	702.92
-0.785398	0.866955	-0.931351	182	21	50	702.70
2.094395	2.174483	2.653697	171	13	38	702.55
-0.785398	2.063651	-2.044600	177	16	46	702.37
-2.356194	0.864993	2.278281	178	14	42	702.27
-2.356194	2.592629	0.909713	164	15	39	701.91
0.523599	1.948085	-2.363031	176	17	42	701.83
-3.141593	1.506530	1.988858	177	11	42	701.40
-2.356194	2.299159	2.264663	176	20	42	701.27
2.879793	1.617114	-1.572037	177	12	45	701.26
-2.094395	1.168678	2.108595	176	14	40	701.21
2.094395	0.640596	-2.797608	168	21	38	701.08
2.356194	0.418037	1.360082	169	14	39	700.76
0.000000	1.168678	2.108595	169	17	39	700.45
2.879793	0.685216	-1.712745	171	9	43	700.37
2.094395	1.809167	1.213774	180	26	50	700.15
-2.094395	2.863997	0.549740	169	10	40	699.98
0.523599	1.135834	-1.431087	170	26	45	699.83
-1.308997	0.297065	2.160177	167	11	38	699.73
1.570796	0.591903	2.010408	170	16	41	699.63
-2.094395	0.591903	2.010408	171	10	33	699.61
-1.308997	1.301460	-0.509251	173	16	41	699.36
0.000000	1.555207	1.708892	175	20	46	699.33
-0.523599	0.419640	2.974122	167	20	33	699.20
-0.785398	2.343981	-1.040456	166	10	40	698.78
2.094395	0.910508	1.903534	178	17	45	698.77
2.617994	1.606104	-0.451151	187	19	44	698.54
-2.617994	2.478122	2.609777	173	14	38	698.52
-1.570796	1.045978	0.343692	173	21	40	698.51
-1.570796	1.242974	-2.977882	177	10	41	698.19
0.261799	0.458961	-0.107937	166	15	39	697.88
2.356194	2.881233	-2.582574	176	18	45	697.84
-1.047198	2.138223	1.678323	179	20	50	697.78
-0.785398	1.113094	-0.272241	173	23	46	697.69
2.879793	1.836682	-0.676006	185	21	45	697.63
-1.832596	1.909857	-0.381669	173	22	39	697.63
1.832596	0.762244	-0.273349	180	5	43	697.61
-1.308997	2.187132	-0.479875	171	28	42	697.57
1.308997	0.619654	-2.216909	176	31	43	697.41
2.879793	1.875281	0.107086	169	19	40	697.10
0.000000	2.379497	0.561089	171	17	36	697.05
-2.094395	1.909857	-0.381669	173	22	37	697.01
0.785398	2.396274	-1.959260	178	20	44	696.90
-3.141593	1.824694	1.850876	187	21	51	696.78
-1.570796	1.617114	-1.572037	174	13	47	696.73
-1.832596	1.736875	3.023612	177	21	42	696.64
2.356194	2.073035	2.027405	176	13	42	696.60
-0.785398	0.899350	-2.069907	179	18	43	696.55
0.000000	0.379747	-1.713059	178	23	43	696.48
2.617994	1.732874	-0.951685	176	10	42	696.35
-1.047198	0.615174	-0.666022	181	23	47	696.30
-2.356194	2.108018	1.311430	171	17	46	696.26
-1.832596	1.869911	2.701025	175	18	41	696.10
2.356194	0.571433	-1.188419	173	6	42	696.03
-1.570796	2.180315	-1.357379	174	21	49	695.96
1.308997	1.721184	-0.153948	172	13	41	695.92
-1.308997	1.948085	-2.363031	178	3	41	695.92
1.832596	2.251330	-2.330739	177	25	45	695.54
-2.879793	1.554776	0.100351	182	27	40	695.28
0.000000	1.869911	2.701025	168	21	43	695.14
0.000000	1.128190	-2.288622	176	15	41	694.98
-1.308997	0.929350	-2.910676	173	14	38	694.94
1.047198	2.295480	1.008277	175	20	43	694.89
-1.832596	1.555207	1.708892	178	12	42	694.81
-0.785398	2.393226	1.857173	174	18	48	694.70
-2.617994	2.719179	-1.780644	173	12	40	694.67
-2.094395	1.014500	0.906702	176	26	39	694.61
0.785398	2.073035	2.027405	175	8	42	694.59
-2.617994	0.290380	-0.796960	172	23	35	694.45
1.047198	1.569311	-3.003978	185	28	43	694.37
-2.617994	1.014500	0.906702	179	10	44	694.36
1.047198	1.875281	0.107086	169	9	36	694.35
-0.523599	1.904882	-1.478089	179	13	49	694.04
1.047198	0.615174	-0.666022	173	14	47	694.01
-2.356194	2.295480	1.008277	167	14	43	693.94
0.523599	2.247462	0.191623	169	16	39	693.89
0.261799	0.864993	2.278281	168	15	37	693.73
-2.879793	0.458961	-0.107937	182	17	43	693.65
1.570796	1.662363	0.915448	173	15	39	693.53
2.356194	2.349581	-2.702517	172	24	43	693.35
2.879793	1.554776	0.100351	167	15	37	693.19
1.570796	2.724429	-0.348782	174	13	40	693.01
-1.832596	1.836682	-0.676006	172	18	39	692.97
-2.094395	2.393226	1.857173	176	17	45	692.92
1.570796	1.195355	1.200319	174	26	47	692.75
-1.832596	2.089241	-0.114193	173	25	38	692.73
-2.617994	0.831641	0.616218	173	6	39	692.72
-0.261799	1.440580	2.260026	172	22	45	692.46
0.523599	1.756530	-2.105156	180	16	46	692.40
1.832596	0.960688	-0.577532	179	5	43	692.39
1.570796	1.014500	0.906702	171	15	40	692.13
-1.047198	2.379497	0.561089	176	11	43	692.02
-1.047198	0.591903	2.010408	171	13	38	691.95
-3.141593	2.979456	-1.009304	179	20	45	691.93
-1.308997	2.724429	-0.348782	171	18	37	691.72
1.570796	1.824694	1.850876	176	11	44	691.49
0.785398	0.961715	0.014085	171	5	39	691.49
2.356194	0.674054	1.013609	164	16	39	690.95
1.047198	1.658653	-2.409879	181	20	46	690.94
-1.832596	1.440580	2.260026	179	17	44	690.91
-0.261799	2.478122	2.609777	164	13	38	690.81
-0.785398	0.203748	0.590255	172	26	44	690.74
0.523599	2.164094	-2.991358	166	12	35	690.55
-1.047198	2.979456	-1.009304	163	19	39	690.53
1.308997	0.762244	-0.273349	173	7	43	690.44
1.570796	1.488617	1.159546	176	12	42	690.23
1.832596	2.588535	-2.976617	171	14	38	690.18
-0.785398	2.343981	-1.040456	168	17	45	689.94
0.785398	2.760637	2.781135	174	10	42	689.71
-1.308997	1.824694	1.850876	177	13	43	689.63
2.617994	1.510910	-0.740472	182	17	45	689.10
1.047198	1.756530	-2.105156	180	16	45	688.97
-0.785398	1.658653	-2.409879	178	12	43	688.92
-2.879793	2.153910	-1.714959	177	22	49	688.81
1.047198	1.184361	0.625864	175	18	38	688.80
-0.261799	2.637879	2.121598	172	13	45	688.55
-0.523599	1.977582	0.969896	180	15	47	688.49
-2.356194	1.836682	-0.676006	174	10	37	688.47
-0.785398	1.732874	-0.951685	172	10	44	688.43
-2.356194	1.699788	2.452890	174	17	40	688.38
2.094395	1.846342	-1.796954	179	17	49	688.19
2.094395	2.180315	-1.357379	175	16	43	688.15
2.356194	0.419640	2.974122	173	14	38	688.10
-0.261799	2.724429	-0.348782	162	17	37	687.95
0.261799	0.615174	-0.666022	167	20	40	687.86
-2.617994	2.881233	-2.582574	162	16	36	687.78
1.308997	0.297065	2.160177	167	17	37	687.48
-0.523599	0.733948	3.021411	179	9	39	687.30
1.308997	1.113094	-0.272241	177	6	43	687.05
2.094395	2.251330	-2.330739	175	24	45	686.87
1.570796	1.256302	0.062705	171	9	35	686.69
0.523599	0.866955	-0.931351	173	19	48	686.67
-2.094395	1.872854	1.543456	176	16	48	686.63
-1.570796	1.413430	2.550734	178	17	43	686.52
-1.047198	2.979456	-1.009304	162	18	37	686.49
1.047198	2.349581	-2.702517	175	17	42	686.45
1.308997	1.448123	-2.163292	174	14	40	686.41
-2.356194	0.674054	1.013609	180	25	41	686.23
2.617994	2.456751	-1.503343	175	14	43	686.20
-3.141593	2.664082	-1.071402	176	13	41	686.02
-0.523599	1.696674	-1.253233	177	21	50	685.85
-2.617994	1.488617	1.159546	176	8	45	685.72
-2.617994	1.195355	1.200319	179	5	46	685.69
2.356194	0.640596	-2.797608	168	18	38	685.63
1.570796	1.554776	0.100351	172	9	38	685.47
-1.047198	0.929350	-2.910676	175	12	38	685.09
-2.617994	1.134796	2.434290	176	15	41	684.82
0.261799	0.910508	1.903534	174	26	44	684.79
0.000000	1.555207	1.708892	176	19	46	684.79
-2.356194	2.396274	-1.959260	169	19	46	684.67
2.094395	0.370812	-2.547742	168	16	37	684.64
-1.832596	1.599406	1.426070	176	10	40	684.62
-0.523599	2.984978	1.954446	171	10	42	684.49
2.094395	2.407836	1.410646	175	20	43	684.39
-0.785398	2.984978	1.954446	167	9	37	684.39
1.570796	2.108018	1.311430	173	16	41	684.32
0.000000	0.899350	-2.069907	175	16	40	684.23
-1.047198	1.683268	0.374177	184	14	46	684.18
-0.523599	2.379497	0.561089	171	22	36	684.12
0.785398	2.001437	0.381215	168	14	36	684.08
-1.308997	0.615174	-0.666022	183	23	47	684.06
1.570796	0.591903	2.010408	177	23	42	683.82
2.094395	2.881233	-2.582574	175	15	42	683.66
-2.094395	1.134796	2.434290	178	17	43	683.61
-2.879793	2.456751	-1.503343	174	14	43	683.56
2.617994	2.393226	1.857173	178	16	44	683.35
-1.047198	0.640596	-2.797608	177	12	41	683.23
-1.047198	2.664082	-1.071402	164	18	41	683.18
-3.141593	1.998705	2.370472	182	19	46	682.84
2.617994	1.301460	-0.509251	179	11	41	682.81
0.261799	0.899350	-2.069907	175	16	40	682.73
0.261799	2.760637	2.781135	168	7	37	682.65
-2.617994	0.618092	2.539118	170	12	35	682.53
2.879793	1.875281	0.107086	169	18	40	682.28
0.785398	1.658653	-2.409879	182	20	46	682.22
1.308997	0.591903	2.010408	164	14	39	682.09
2.356194	1.256302	0.062705	170	18	39	681.83
-3.141593	2.664082	-1.071402	179	16	45	681.75
0.785398	2.579248	-2.364801	172	15	40	681.72
-2.617994	2.587733	0.232235	168	10	39	681.70
-1.308997	2.724429	-0.348782	175	18	42	681.59
2.356194	1.301460	-0.509251	178	11	41	681.47
-2.094395	2.863997	0.549740	170	9	41	681.13
-0.523599	0.419640	2.974122	182	22	43	681.07
1.832596	1.450119	-2.739050	172	13	38	681.06
-2.356194	1.599406	1.426070	179	12	48	680.95
1.047198	1.606104	-0.451151	173	19	43	680.93
0.785398	2.073035	2.027405	176	8	43	680.88
2.356194	1.391910	3.030322	173	12	37	680.84
1.570796	0.458961	-0.107937	176	3	40	680.77
1.832596	1.599406	1.426070	178	21	50	680.74
0.785398	1.812176	0.656819	171	18	38	680.57
-3.141593	2.063651	-2.044600	172	12	41	680.31
1.570796	2.174483	2.653697	177	3	39	680.28
0.000000	0.866395	-2.492918	177	18	42	679.94
-2.356194	1.809167	1.213774	174	12	47	679.66
-1.570796	2.587733	0.232235	172	9	39	679.46
-2.356194	0.297065	2.160177	171	12	37	679.45
-1.832596	1.909857	-0.381669	172	21	38	679.45
1.308997	0.910508	1.903534	168	15	44	679.25
0.523599	1.870545	-2.976234	167	13	36	679.22
1.047198	1.025536	1.576859	171	24	46	679.16
2.094395	1.301460	-0.509251	175	13	41	679.12
0.000000	1.247695	1.809890	176	24	45	679.06
-1.570796	0.370812	-2.547742	182	24	42	678.84
1.832596	1.025536	1.576859	170	15	46	678.78
0.261799	0.458961	-0.107937	168	15	42	678.72
-1.047198	2.104282	-0.813972	167	12	39	678.72
2.617994	2.984978	1.954446	167	9	37	678.57
1.047198	1.736875	3.023612	171	8	38	678.42
-1.047198	1.696674	-1.253233	177	20	50	678.41
-0.523599	0.203748	0.590255	167	19	39	678.35
0.523599	1.982574	-1.115518	173	10	48	678.33
1.832596	2.588535	-2.976617	172	14	39	677.92
1.308997	1.824694	1.850876	177	8	41	677.87
-0.785398	1.134497	-1.109631	180	16	49	677.81
-3.141593	1.554776	0.100351	169	13	38	677.67
-2.356194	1.998705	2.370472	182	21	46	677.63
-1.308997	2.407836	1.410646	175	15	48	677.63
1.047198	2.164094	-2.991358	173	14	41	677.53
0.523599	2.041297	-2.664597	172	15	39	677.52
1.570796	1.662363	0.915448	178	15	44	677.41
-0.261799	2.863997	0.549740	172	18	40	677.37
2.879793	1.836682	-0.676006	186	24	45	677.33
-0.523599	2.295480	1.008277	177	12	44	677.14
1.832596	1.488617	1.159546	176	25	49	677.04
-0.523599	0.733948	3.021411	180	18	43	676.75
1.308997	1.662363	0.915448	178	16	44	676.58
-2.356194	0.910508	1.903534	175	12	39	676.48
2.094395	1.569311	-3.003978	173	13	38	676.32
-2.879793	1.836682	-0.676006	183	10	43	676.24
1.832596	1.194549	-0.801900	178	9	45	676.21
-0.523599	2.247462	0.191623	176	22	42	676.11
-2.094395	1.872854	1.543456	175	16	46	676.07
-0.785398	2.295480	1.008277	175	13	44	675.89
-1.570796	2.063651	-2.044600	170	6	41	675.73
-1.832596	2.299159	2.264663	178	21	46	675.69
2.356194	0.864993	2.278281	180	19	44	675.64
0.785398	0.960688	-0.577532	172	12	46	675.56
-0.523599	2.393226	1.857173	175	16	48	675.52
-0.523599	1.391910	3.030322	175	11	36	675.47
2.617994	2.295480	1.008277	174	16	42	675.36
-1.832596	1.909857	-0.381669	172	22	39	675.33
2.356194	0.960688	-0.577532	177	10	40	675.31
0.523599	1.741644	-2.695914	178	21	43	675.24
-1.308997	2.153910	-1.714959	172	12	46	675.19
-0.785398	1.736875	3.023612	174	12	36	674.68
-1.570796	2.404280	-0.174044	173	23	39	674.56
2.879793	0.203748	0.590255	178	21	41	674.44
0.000000	0.370812	-2.547742	178	24	42	674.40
2.617994	0.733948	3.021411	167	20	36	674.37
-0.523599	1.569311	-3.003978	174	11	36	674.16
0.523599	1.413430	2.550734	170	18	44	674.07
-2.617994	1.998705	2.370472	178	19	43	674.05
0.261799	2.407836	1.410646	176	9	41	674.03
2.879793	2.138223	1.678323	186	27	50	673.85
-1.308997	2.456751	-1.503343	170	16	48	673.85
-0.523599	2.393226	1.857173	176	16	48	673.81
1.832596	0.418037	1.360082	163	18	37	673.70
2.356194	0.290380	-0.796960	178	8	46	673.37
-0.523599	0.290380	-0.796960	174	22	41	673.29
-3.141593	2.979456	-1.009304	178	16	43	673.24
-1.047198	2.001437	0.381215	181	12	45	673.15
2.356194	1.247695	1.809890	178	9	48	673.11
-1.308997	1.569311	-3.003978	176	8	38	673.07
2.094395	2.138223	1.678323	173	17	42	672.93
1.047198	1.569311	-3.003978	175	13	41	672.57
-0.785398	1.696674	-1.253233	178	22	50	672.30
-2.356194	1.391910	3.030322	181	23	43	672.29
-2.094395	0.290380	-0.796960	181	14	43	672.19
-1.832596	1.545873	-1.877082	172	11	46	672.16
1.047198	0.866395	-2.492918	178	18	43	672.12
0.000000	1.506530	1.988858	174	18	45	672.02
2.094395	0.674054	1.013609	164	20	40	671.92
0.523599	1.846342	-1.796954	179	18	47	671.67
-1.570796	1.574060	2.783565	177	18	42	671.59
-0.261799	1.736875	3.023612	174	18	42	671.53
-0.261799	1.846342	-1.796954	177	12	44	671.53
-1.308997	2.456751	-1.503343	169	14	45	671.32
1.570796	1.699788	2.452890	174	4	39	671.20
0.000000	2.379497	0.561089	54	176	176	671.11
0.523599	2.379497	0.561089	173	17	42	670.71
-2.617994	2.407836	1.410646	172	17	43	670.70
0.523599	2.343981	-1.040456	175	4	46	670.67
-2.617994	1.555207	1.708892	179	16	47	670.54
1.832596	0.906588	1.252948	167	21	44	670.50
0.785398	0.591903	2.010408	165	23	39	670.40
-2.356194	2.760637	2.781135	175	15	41	670.37
-0.785398	1.982574	-1.115518	173	19	48	670.37
0.261799	0.080730	-2.622036	171	18	38	670.26
0.261799	0.370812	-2.547742	178	23	42	670.26
0.785398	1.242974	-2.977882	170	13	38	670.25
2.356194	2.719179	-1.780644	175	13	41	670.04
-2.879793	0.700570	1.559208	176	18	42	670.00
-1.832596	1.617114	-1.572037	173	16	48	669.96
-1.832596	0.864993	2.278281	176	12	39	669.80
1.308997	1.301460	-0.509251	174	7	43	669.69
-1.832596	1.872854	1.543456	174	12	41	669.62
-1.308997	1.545873	-1.877082	177	8	45	669.48
-1.832596	1.413430	2.550734	187	29	44	669.25
-0.785398	0.080730	-2.622036	173	21	37	669.25
-2.617994	1.218453	2.777284	170	11	36	669.19
-2.879793	2.396274	-1.959260	174	15	44	669.19
1.570796	1.683268	0.374177	179	22	44	669.10
1.047198	0.762244	-0.273349	171	8	43	669.05
-0.785398	2.033014	2.977192	176	21	43	668.87
2.617994	0.674054	1.013609	166	8	34	668.54
1.047198	2.089241	-0.114193	174	12	43	668.50
1.832596	2.592629	0.909713	174	8	39	668.40
-1.308997	2.073035	2.027405	173	21	47	668.40
-0.785398	0.419640	2.974122	168	24	32	668.34
-1.047198	0.297065	2.160177	173	13	41	668.25
-1.047198	1.846342	-1.796954	179	11	48	668.24
-1.832596	0.929350	-2.910676	182	17	44	668.10
-1.308997	2.138223	1.678323	172	14	45	668.04
-1.832596	2.456751	-1.503343	169	21	46	667.94
-1.570796	1.699788	2.452890	175	16	41	667.89
0.000000	0.297065	2.160177	169	24	37	667.83
1.047198	2.164094	-2.991358	172	14	41	667.82
-0.261799	1.247695	1.809890	175	24	45	667.80
0.785398	0.496451	0.593859	177	28	41	667.77
-0.785398	2.251330	-2.330739	178	11	44	667.76
-1.570796	2.089241	-0.114193	177	7	40	667.65
0.523599	1.433411	-1.035986	167	17	45	667.62
-1.832596	2.041297	-2.664597	174	12	43	667.58
1.308997	1.391910	3.030322	173	8	39	667.42
0.785398	1.875281	0.107086	169	16	39	667.39
-1.047198	1.113094	-0.272241	174	25	46	667.26
-1.832596	2.396274	-1.959260	169	12	44	667.16
2.617994	2.104282	-0.813972	180	15	46	667.06
-1.570796	1.417623	-0.202254	180	3	38	666.99
2.356194	1.113094	-0.272241	177	9	38	666.97
-1.308997	1.875281	0.107086	171	22	38	666.92
2.094395	0.080730	-2.622036	177	30	44	666.77
-2.879793	0.370812	-2.547742	167	6	35	666.68
-0.785398	1.391910	3.030322	175	14	39	666.52
0.261799	2.979456	-1.009304	175	5	42	666.52
1.570796	0.914445	2.687814	171	10	39	666.47
-0.261799	0.831641	0.616218	184	24	42	666.46
2.617994	0.850607	-1.335383	175	9	45	666.38
-2.356194	2.153910	-1.714959	169	18	43	666.31
-3.141593	0.899350	-2.069907	169	11	44	666.19
0.785398	1.448123	-2.163292	177	18	44	666.19
0.523599	1.869911	2.701025	170	13	43	666.01
-0.785398	1.836682	-0.676006	169	12	42	665.89
-2.356194	2.104282	-0.813972	180	11	40	665.89
-1.832596	2.153910	-1.714959	169	17	46	665.64
-2.356194	1.736875	3.023612	177	22	42	665.60
2.617994	1.025536	1.576859	175	7	46	665.53
1.832596	1.050534	3.042579	176	6	37	665.51
1.832596	0.591903	2.010408	173	14	41	665.51
-0.523599	2.104282	-0.813972	168	12	43	665.42
1.570796	1.658653	-2.409879	177	16	42	665.17
0.261799	0.370812	-2.547742	171	16	38	665.14
2.879793	2.984978	1.954446	169	6	37	665.04
1.832596	1.977582	0.969896	175	23	43	665.00
2.356194	2.719179	-1.780644	175	14	41	664.89
-1.570796	1.846342	-1.796954	172	10	44	664.87
2.617994	0.674054	1.013609	165	11	39	664.74
-2.356194	1.732874	-0.951685	174	24	44	664.56
1.570796	1.488617	1.159546	178	26	49	664.56
-1.832596	1.134796	2.434290	174	10	37	664.54
-1.832596	1.184361	0.625864	184	12	47	664.26
1.832596	0.700570	1.559208	166	14	42	663.92
0.000000	1.699788	2.452890	172	23	46	663.82
-1.570796	1.134796	2.434290	186	23	45	663.76
0.000000	1.242974	-2.977882	169	15	35	663.71
2.356194	1.809167	1.213774	178	25	50	663.44
-2.356194	1.574060	2.783565	177	18	42	663.27
-1.308997	2.704512	1.488683	172	14	45	663.19
2.879793	2.396274	-1.959260	177	22	47	662.90
0.261799	2.984978	1.954446	179	23	45	662.87
2.617994	2.719179	-1.780644	176	17	44	662.83
-2.356194	1.045978	0.343692	173	4	36	662.83
2.356194	2.251330	-2.330739	172	12	40	662.82
0.000000	0.910508	1.903534	170	21	41	662.73
-2.879793	2.153910	-1.714959	176	13	44	662.71
2.094395	1.214854	-1.966664	171	21	49	662.67
2.356194	0.297065	2.160177	175	16	41	662.64
-0.523599	0.685216	-1.712745	178	20	43	662.62
-1.832596	0.709924	0.218797	175	19	38	662.58
1.308997	1.242974	-2.977882	175	10	39	662.49
1.570796	0.619654	-2.216909	168	19	39	662.44
1.047198	0.618092	2.539118	175	19	42	662.44
-2.617994	2.724429	-0.348782	171	15	39	662.38
1.047198	1.214854	-1.966664	172	18	43	662.36
-1.570796	2.073035	2.027405	174	23	47	662.19
-3.141593	2.251330	-2.330739	171	12	41	662.18
2.094395	1.194549	-0.801900	183	14	49	662.11
2.356194	2.579248	-2.364801	174	15	43	661.94
1.047198	1.812176	0.656819	171	16	38	661.91
1.308997	1.721184	-0.153948	172	14	41	661.69
-1.308997	1.683268	0.374177	182	14	46	661.68
-0.785398	2.984978	1.954446	169	13	42	661.65
0.000000	0.591903	2.010408	170	23	38	661.64
-1.047198	0.297065	2.160177	169	7	38	661.51
-2.094395	1.836682	-0.676006	172	20	38	661.50
-2.094395	2.153910	-1.714959	172	18	48	661.41
2.879793	0.080730	-2.622036	165	18	39	661.40
-0.523599	0.906588	1.252948	180	25	45	661.39
1.570796	1.606104	-0.451151	174	15	43	661.35
-2.879793	2.579248	-2.364801	167	23	44	661.33
-1.832596	1.872854	1.543456	176	15	47	661.33
2.356194	0.496451	0.593859	169	11	37	661.29
1.832596	0.419640	2.974122	180	27	42	661.23
2.617994	2.247462	0.191623	172	26	42	661.19
-1.832596	2.299159	2.264663	178	22	46	661.17
1.047198	2.153910	-1.714959	174	18	41	661.07
-0.785398	1.721184	-0.153948	171	25	42	661.04
-1.047198	1.904882	-1.478089	176	15	49	660.74
1.570796	1.050534	3.042579	173	7	37	660.56
-0.785398	1.510910	-0.740472	172	15	46	660.53
1.570796	1.872854	1.543456	177	15	46	660.51
2.356194	0.992645	-1.723759	172	14	47	660.47
-2.094395	0.831641	0.616218	177	24	41	660.34
0.000000	2.174483	2.653697	168	17	43	660.27
1.570796	2.592629	0.909713	171	11	39	660.26
0.000000	0.674054	1.013609	179	26	41	660.19
2.879793	0.297065	2.160177	174	9	36	660.00
-3.141593	2.349581	-2.702517	169	10	37	660.00
1.832596	1.218453	2.777284	176	8	41	659.78
1.570796	1.506530	1.988858	172	9	42	659.71
-2.356194	0.496451	0.593859	174	8	37	659.64
-2.879793	1.736875	3.023612	178	24	42	659.56
-1.047198	0.700570	1.559208	168	16	37	659.54
-0.261799	2.393226	1.857173	177	15	48	659.48
0.523599	1.736875	3.023612	168	14	39	659.45
0.000000	2.637879	2.121598	174	11	45	659.43
-1.570796	2.863997	0.549740	183	22	45	659.25
1.047198	0.914445	2.687814	170	11	40	659.22
-1.832596	1.488617	1.159546	177	7	39	659.21
-2.094395	2.153910	-1.714959	173	18	49	659.15
0.785398	1.214854	-1.966664	173	20	44	658.81
-1.832596	2.299159	2.264663	179	22	46	658.38
-2.617994	1.555207	1.708892	180	16	48	658.28
-0.785398	1.721184	-0.153948	166	18	40	658.27
-0.785398	1.824694	1.850876	177	16	47	658.25
-2.879793	1.450119	-2.739050	177	21	44	658.17
2.879793	2.664082	-1.071402	177	13	42	658.16
0.261799	0.700570	1.559208	177	5	36	658.12
0.000000	1.699788	2.452890	171	22	46	658.09
1.308997	1.569311	-3.003978	172	5	35	658.07
1.308997	0.297065	2.160177	163	12	34	657.85
-1.832596	1.045978	0.343692	183	8	44	657.81
1.047198	2.719179	-1.780644	171	15	39	657.81
2.617994	1.836682	-0.676006	185	20	45	657.78
-1.047198	1.301460	-0.509251	173	22	47	657.73
-1.308997	1.134796	2.434290	173	15	37	657.57
-1.832596	1.184361	0.625864	179	9	41	657.31
-1.308997	2.187132	-0.479875	172	28	42	657.16
-2.094395	1.599406	1.426070	174	12	41	657.09
-2.356194	2.637879	2.121598	179	30	45	657.04
1.047198	1.875281	0.107086	168	10	36	656.86
-1.832596	2.456751	-1.503343	170	21	46	656.85
0.785398	1.214854	-1.966664	173	18	42	656.60
-0.261799	1.836682	-0.676006	169	14	45	656.41
-1.308997	1.569311	-3.003978	175	7	35	656.40
-1.308997	1.413430	2.550734	179	17	43	656.38
-1.832596	1.050534	3.042579	176	9	39	656.19
-0.261799	0.619654	-2.216909	177	20	42	656.18
-2.094395	1.875281	0.107086	176	28	38	656.12
1.832596	2.115563	0.685730	177	26	44	656.07
2.356194	0.961715	0.014085	169	17	36	656.03
-2.617994	1.599406	1.426070	179	12	48	656.02
-1.047198	1.134497	-1.109631	177	12	43	656.01
-2.094395	2.174483	2.653697	183	26	45	656.01
0.785398	1.721184	-0.153948	171	17	41	655.92
-2.094395	0.297065	2.160177	173	10	38	655.90
-0.785398	0.700570	1.559208	171	13	38	655.82
1.308997	0.458961	-0.107937	173	5	41	655.66
-0.523599	1.904882	-1.478089	178	15	50	655.56
2.094395	2.407836	1.410646	176	19	43	655.51
-1.308997	2.063651	-2.044600	176	7	45	655.42
0.523599	0.674054	1.013609	175	23	41	655.33
1.308997	1.374601	-2.456031	174	17	40	655.29
-2.617994	1.872854	1.543456	175	12	42	655.27
-0.785398	0.929350	-2.910676	177	10	38	655.24
2.094395	1.310100	1.488307	174	16	49	655.11
-0.785398	2.587733	0.232235	171	20	36	655.04
2.617994	2.295480	1.008277	173	16	42	655.02
1.047198	0.290380	-0.796960	167	17	42	654.91
-2.094395	1.391910	3.030322	180	23	43	654.87
-0.261799	2.001437	0.381215	175	25	40	654.86
-1.570796	0.864993	2.278281	168	18	35	654.84
-2.094395	1.683268	0.374177	173	9	41	654.73
-2.356194	1.721184	-0.153948	177	26	40	654.67
1.570796	1.766067	2.153843	175	7	41	654.60
-1.832596	0.831641	0.616218	173	12	36	654.39
-2.617994	2.153910	-1.714959	176	21	50	654.33
-1.570796	1.766067	2.153843	180	23	47	654.23
0.000000	1.506530	1.988858	172	18	43	654.23
1.832596	1.510910	-0.740472	172	8	40	654.16
1.047198	1.242974	-2.977882	170	10	36	654.14
-0.785398	1.134796	2.434290	176	12	37	653.98
-0.523599	0.419640	2.974122	181	12	42	653.96
2.356194	0.419640	2.974122	177	25	42	653.95
-0.785398	1.113094	-0.272241	172	22	45	653.93
0.785398	1.134497	-1.109631	165	18	42	653.75
2.879793	1.510910	-0.740472	182	14	44	653.73
2.356194	1.128190	-2.288622	168	23	45	653.66
-0.523599	0.674054	1.013609	182	27	41	653.57
-2.879793	0.866395	-2.492918	169	16	43	653.56
0.785398	2.247462	0.191623	167	12	37	653.43
-2.094395	1.766067	2.153843	32	186	10	653.25
0.261799	0.203748	0.590255	167	9	38	653.10
2.094395	1.247695	1.809890	176	10	48	653.10
2.094395	1.555207	1.708892	180	15	51	652.87
-1.570796	1.875281	0.107086	173	24	38	652.86
-1.570796	1.617114	-1.572037	175	14	48	652.67
2.356194	2.138223	1.678323	173	16	42	652.63
-0.785398	2.138223	1.678323	179	18	50	652.63
-3.141593	0.379747	-1.713059	174	11	46	652.62
1.047198	1.310100	1.488307	175	24	49	652.59
-0.785398	0.419640	2.974122	182	21	43	652.56
1.308997	1.367556	0.358405	175	19	39	652.55
1.832596	2.153910	-1.714959	174	19	43	652.52
2.094395	1.194549	-0.801900	184	14	49	652.52
-0.523599	2.041297	-2.664597	54	172	183	652.46
-2.356194	2.396274	-1.959260	168	19	46	652.42
-2.094395	1.184361	0.625864	180	3	42	652.16
-1.832596	1.218453	2.777284	186	27	43	651.94
-0.785398	0.960688	-0.577532	175	19	46	651.90
-1.308997	2.041297	-2.664597	180	9	44	651.71
2.356194	1.014500	0.906702	166	20	43	651.61
2.356194	0.370812	-2.547742	168	13	37	651.57
-1.047198	0.419640	2.974122	169	27	33	651.55
-1.570796	1.242974	-2.977882	175	7	37	651.37
-2.356194	1.721184	-0.153948	176	25	39	651.29
-1.832596	1.606104	-0.451151	174	21	42	651.23
-2.617994	1.025536	1.576859	174	11	39	651.20
-3.141593	1.846342	-1.796954	175	11	42	651.18
-2.617994	2.393226	1.857173	179	25	47	651.15
2.617994	1.310100	1.488307	176	12	49	651.10
-1.308997	2.478122	2.609777	175	22	44	651.07
-0.261799	2.247462	0.191623	174	18	40	650.94
1.832596	1.310100	1.488307	170	13	41	650.91
-2.094395	2.719179	-1.780644	165	21	42	650.81
1.570796	1.195355	1.200319	172	26	47	650.74
1.570796	1.247695	1.809890	169	11	41	650.70
1.047198	2.863997	0.549740	164	14	37	650.53
-2.879793	1.599406	1.426070	178	12	47	650.50
-1.570796	2.041297	-2.664597	176	11	43	650.50
2.879793	1.510910	-0.740472	180	13	43	650.32
-1.047198	0.960688	-0.577532	176	21	46	650.30
-3.141593	0.866955	-0.931351	179	11	42	650.08
-1.832596	1.569311	-3.003978	179	22	43	650.00
-2.356194	2.343981	-1.040456	181	19	47	649.97
-0.261799	1.506530	1.988858	176	20	47	649.91
-3.141593	0.929350	-2.910676	164	13	35	649.58
1.047198	0.615174	-0.666022	170	13	45	649.48
0.785398	2.579248	-2.364801	171	15	39	649.32
-1.047198	0.866955	-0.931351	180	18	47	649.24
-0.523599	1.195355	1.200319	178	21	45	649.19
-2.879793	2.881233	-2.582574	162	21	37	649.13
1.832596	2.881233	-2.582574	174	3	37	649.04
-0.785398	1.413347	-1.339188	181	21	51	649.00
-2.356194	2.456751	-1.503343	169	22	41	648.76
-1.047198	2.379497	0.561089	176	10	43	648.70
-1.570796	1.413347	-1.339188	177	19	50	648.70
-1.047198	1.413430	2.550734	175	12	38	648.67
-3.141593	0.571433	-1.188419	181	12	49	648.59
0.523599	1.736875	3.023612	167	14	38	648.52
2.094395	2.881233	-2.582574	174	15	41	648.46
2.094395	1.128190	-2.288622	169	27	45	648.42
-2.617994	1.809167	1.213774	173	13	46	648.38
-2.094395	2.187132	-0.479875	175	23	41	648.36
-0.785398	1.948085	-2.363031	175	10	40	648.27
-0.523599	2.760637	2.781135	162	19	35	648.17
0.523599	2.180315	-1.357379	179	8	49	648.17
-0.785398	2.251330	-2.330739	179	9	44	648.07
2.094395	1.242974	-2.977882	173	11	37	648.00
2.879793	0.419640	2.974122	167	16	35	647.96
1.570796	2.588535	-2.976617	175	8	39	647.96
-2.356194	0.700570	1.559208	177	16	42	647.92
0.523599	0.700570	1.559208	172	22	43	647.83
1.832596	1.168678	2.108595	172	5	39	647.71
-1.308997	1.869911	2.701025	175	17	41	647.70
-1.308997	2.180315	-1.357379	171	18	47	647.61
0.523599	1.440580	2.260026	173	19	48	647.48
2.356194	0.899350	-2.069907	167	18	44	647.42
-2.617994	1.662363	0.915448	170	9	44	647.39
0.785398	0.866395	-2.492918	178	18	43	647.34
1.308997	1.391910	3.030322	172	8	38	647.33
-2.879793	1.998705	2.370472	178	19	43	647.32
1.570796	2.089241	-0.114193	173	6	38	647.25
-2.617994	2.456751	-1.503343	175	12	42	647.21
-0.261799	2.379497	0.561089	173	22	40	647.21
0.000000	0.674054	1.013609	179	27	42	647.02
1.308997	1.113094	-0.272241	178	6	44	647.01
2.094395	0.640596	-2.797608	169	21	39	647.00
1.832596	0.910508	1.903534	177	18	45	646.92
-1.832596	1.050534	3.042579	175	9	39	646.90
-1.047198	2.251330	-2.330739	176	11	43	646.90
1.047198	1.113094	-0.272241	174	6	43	646.84
2.356194	0.899350	-2.069907	168	18	44	646.77
1.570796	0.297065	2.160177	174	19	40	646.77
-1.047198	1.658653	-2.409879	175	10	39	646.62
-0.523599	0.618092	2.539118	168	24	34	646.46
-1.832596	2.108018	1.311430	174	10	42	646.38
-2.617994	2.719179	-1.780644	172	29	46	646.35
-2.356194	0.674054	1.013609	179	26	41	646.29
0.000000	0.496451	0.593859	166	10	38	646.21
1.832596	1.977582	0.969896	176	22	44	646.15
-1.832596	1.846342	-1.796954	168	13	44	646.09
-2.879793	1.325504	-1.671296	175	9	41	645.81
0.523599	2.404280	-0.174044	164	12	39	645.81
-0.523599	1.417623	-0.202254	169	17	43	645.80
0.000000	2.295480	1.008277	180	11	44	645.68
1.570796	1.450119	-2.739050	176	19	42	645.68
0.785398	2.001437	0.381215	168	13	36	645.68
-3.141593	0.080730	-2.622036	166	14	39	645.68
-0.523599	1.998705	2.370472	168	18	42	645.68
1.047198	1.488617	1.159546	181	27	49	645.63
-1.308997	2.001437	0.381215	178	12	44	645.16
2.094395	0.866955	-0.931351	175	8	44	645.12
-2.356194	1.736875	3.023612	178	23	42	645.10
-1.047198	1.696674	-1.253233	178	22	50	645.00
1.047198	1.135813	-2.658866	174	17	40	644.98
-2.879793	1.014500	0.906702	176	11	44	644.89
1.570796	1.168678	2.108595	169	8	39	644.70
-2.094395	0.700570	1.559208	178	15	42	644.69
-1.308997	1.440580	2.260026	181	20	45	644.67
-1.308997	1.135834	-1.431087	183	18	50	644.56
-0.785398	1.256302	0.062705	168	20	41	644.50
0.523599	2.592629	0.909713	172	18	41	644.42
0.785398	0.733948	3.021411	176	15	42	644.31
-1.570796	1.134796	2.434290	189	30	44	644.16
0.523599	1.247695	1.809890	174	21	46	644.08
0.000000	1.683268	0.374177	173	21	39	644.01
0.000000	0.496451	0.593859	185	28	41	643.93
1.570796	0.762244	-0.273349	177	6	43	643.92
-2.356194	2.704512	1.488683	170	18	41	643.80
2.356194	1.301460	-0.509251	177	10	41	643.79
-0.785398	1.696674	-1.253233	178	21	50	643.59
1.308997	0.379747	-1.713059	170	24	43	643.59
1.570796	0.685216	-1.712745	164	19	41	643.58
-0.261799	2.379497	0.561089	171	18	35	643.55
1.570796	2.760637	2.781135	173	15	41	643.50
-1.047198	1.413347	-1.339188	182	22	51	643.44
-3.141593	1.732874	-0.951685	180	21	45	643.44
2.356194	2.579248	-2.364801	173	16	43	643.27
-0.785398	2.063651	-2.044600	177	13	45	643.26
-1.570796	2.587733	0.232235	177	14	42	643.20
-2.879793	2.664082	-1.071402	177	12	40	643.17
1.047198	1.448123	-2.163292	177	17	43	643.09
1.570796	2.356369	3.005869	176	2	37	643.04
-2.356194	1.310100	1.488307	176	11	42	643.00
-2.094395	1.599406	1.426070	181	12	49	642.94
2.094395	2.393226	1.857173	177	17	44	642.94
-0.523599	2.979456	-1.009304	166	15	42	642.93
-1.047198	2.180315	-1.357379	172	15	47	642.85
0.785398	1.214854	-1.966664	173	19	43	642.83
-1.570796	0.733948	3.021411	168	6	35	642.80
-1.308997	1.218453	2.777284	175	15	40	642.79
2.094395	2.251330	-2.330739	176	24	45	642.74
-2.356194	2.153910	-1.714959	168	18	42	642.68
-2.617994	2.073035	2.027405	176	17	43	642.64
-2.879793	1.242974	-2.977882	174	17	42	642.59
0.785398	0.615174	-0.666022	169	15	44	642.57
1.308997	1.510910	-0.740472	175	8	46	642.53
0.523599	2.724429	-0.348782	168	10	41	642.49
1.047198	0.615174	-0.666022	170	14	45	642.41
-0.523599	1.050534	3.042579	178	15	42	642.29
-0.785398	1.214854	-1.966664	178	19	45	642.28
-2.356194	1.872854	1.543456	177	17	49	642.26
-2.356194	2.153910	-1.714959	175	20	50	642.15
2.617994	1.977582	0.969896	172	13	39	642.02
0.523599	0.618092	2.539118	163	18	36	641.93
-1.047198	2.455966	-0.641220	169	21	41	641.86
-2.094395	2.760637	2.781135	174	15	39	641.84
-1.308997	0.866395	-2.492918	178	16	42	641.77
0.523599	0.419640	2.974122	173	19	40	641.69
2.879793	0.618092	2.539118	173	15	39	641.67
1.308997	2.579248	-2.364801	176	15	43	641.67
-0.523599	0.700570	1.559208	170	8	35	641.66
-3.141593	2.637879	2.121598	172	14	38	641.45
2.356194	1.218453	2.777284	171	13	36	641.44
-1.308997	0.419640	2.974122	173	3	38	641.42
1.570796	0.850607	-1.335383	168	15	45	641.34
-2.094395	1.836682	-0.676006	173	20	40	641.17
-0.785398	1.218453	2.777284	176	14	40	641.11
1.308997	1.195355	1.200319	172	13	40	641.06
-3.141593	0.762244	-0.273349	168	13	38	640.97
-0.523599	2.592629	0.909713	174	5	38	640.84
-2.617994	2.063651	-2.044600	171	16	48	640.74
-0.785398	0.419640	2.974122	168	23	33	640.72
-2.356194	0.290380	-0.796960	180	14	43	640.70
-1.832596	1.014500	0.906702	183	11	43	640.69
-0.523599	2.247462	0.191623	175	22	41	640.68
-2.617994	0.640596	-2.797608	167	6	35	640.67
-1.047198	2.295480	1.008277	173	13	44	640.66
-2.879793	1.696674	-1.253233	176	19	44	640.55
1.047198	0.458961	-0.107937	171	7	42	640.53
-0.523599	0.619654	-2.216909	177	22	42	640.51
0.523599	1.448123	-2.163292	177	21	45	640.44
1.570796	1.335669	0.897240	174	15	42	640.26
2.094395	2.108018	1.311430	171	18	41	640.07
-0.261799	0.571433	-1.188419	175	22	42	640.03
0.523599	0.899350	-2.069907	175	15	41	639.87
-1.047198	0.418037	1.360082	163	16	33	639.85
1.832596	2.299159	2.264663	171	16	40	639.84
-2.094395	1.909857	-0.381669	173	24	39	639.79
-0.523599	0.379747	-1.713059	180	24	43	639.75
-0.785398	0.961715	0.014085	171	24	44	639.75
1.047198	0.419640	2.974122	173	12	38	639.62
0.523599	2.587733	0.232235	170	13	40	639.42
-1.308997	2.478122	2.609777	174	18	42	639.30
-0.785398	2.138223	1.678323	180	19	50	639.07
1.047198	1.367556	0.358405	175	20	39	638.94
-1.832596	2.587733	0.232235	180	18	44	638.90
2.356194	0.733948	3.021411	175	15	40	638.85
-1.308997	0.080730	-2.622036	168	23	35	638.83
-0.785398	1.301460	-0.509251	172	19	46	638.79
-1.308997	1.545873	-1.877082	178	7	46	638.78
-2.094395	1.569311	-3.003978	180	23	43	638.69
-1.308997	1.872854	1.543456	178	13	49	638.56
2.356194	2.115563	0.685730	170	17	39	638.55
2.356194	0.685216	-1.712745	169	10	42	638.45
-1.832596	2.664082	-1.071402	169	23	40	638.37
2.356194	2.407836	1.410646	175	18	43	638.35
-2.094395	1.545873	-1.877082	170	12	45	638.30
1.832596	1.195355	1.200319	171	23	47	638.18
0.261799	0.496451	0.593859	167	7	36	638.14
1.832596	0.419640	2.974122	173	8	35	638.08
0.000000	0.864993	2.278281	168	19	38	637.86
-1.308997	0.961715	0.014085	173	15	37	637.65
1.047198	1.310100	1.488307	176	23	49	637.63
2.094395	2.349581	-2.702517	171	15	40	637.61
-1.570796	2.001437	0.381215	176	14	45	637.48
0.261799	0.960688	-0.577532	169	17	45	637.40
2.094395	2.343981	-1.040456	174	11	39	637.28
2.356194	1.195355	1.200319	170	17	47	637.24
2.356194	0.929350	-2.910676	170	20	40	637.20
1.832596	1.194549	-0.801900	182	13	49	637.06
1.308997	2.164094	-2.991358	173	12	40	636.94
-1.832596	2.138223	1.678323	173	18	46	636.88
-1.570796	2.174483	2.653697	178	20	44	636.86
-2.879793	2.247462	0.191623	171	17	42	636.81
1.570796	1.450119	-2.739050	177	18	42	636.63
1.308997	1.721184	-0.153948	173	13	42	636.61
2.879793	1.510910	-0.740472	180	10	43	636.61
0.261799	1.869911	2.701025	168	16	43	636.54
-2.356194	0.906588	1.252948	178	28	39	636.40
1.047198	0.290380	-0.796960	168	16	42	636.33
1.047198	2.001437	0.381215	169	12	37	636.21
0.000000	1.909857	-0.381669	164	24	41	636.12
-1.308997	0.864993	2.278281	167	15	34	635.94
-2.617994	0.700570	1.559208	173	11	37	635.89
2.879793	1.555207	1.708892	183	14	51	635.72
-2.617994	2.108018	1.311430	174	12	43	635.71
0.261799	2.979456	-1.009304	175	6	42	635.63
0.523599	1.555207	1.708892	176	18	47	635.50
2.094395	0.914445	2.687814	176	10	41	635.48
-3.141593	1.699788	2.452890	176	12	40	635.41
-2.356194	2.393226	1.857173	177	19	46	635.36
-0.785398	0.899350	-2.069907	177	19	42	635.33
-1.047198	0.080730	-2.622036	173	24	37	635.28
-2.356194	2.356369	3.005869	174	14	40	635.19
-1.308997	2.393226	1.857173	168	17	44	635.16
0.261799	0.640596	-2.797608	179	22	43	635.13
-2.879793	1.599406	1.426070	177	12	46	634.94
-2.356194	1.256302	0.062705	172	7	37	634.90
-2.356194	2.180315	-1.357379	171	23	44	634.88
1.570796	0.866955	-0.931351	170	8	43	634.85
0.261799	2.760637	2.781135	171	16	43	634.83
-2.356194	2.760637	2.781135	174	15	40	634.82
-2.879793	2.456751	-1.503343	174	13	42	634.77
-1.047198	1.982574	-1.115518	176	25	50	634.74
0.261799	1.367556	0.358405	170	10	38	634.73
2.356194	1.599406	1.426070	178	18	50	634.63
2.356194	0.906588	1.252948	168	13	44	634.62
-2.356194	2.407836	1.410646	173	14	43	634.53
-0.261799	1.732874	-0.951685	171	11	45	634.50
2.094395	1.569311	-3.003978	174	13	39	634.48
1.047198	2.881233	-2.582574	169	14	40	634.42
1.832596	1.756530	-2.105156	177	23	49	634.37
-1.308997	0.419640	2.974122	171	30	33	634.35
-2.617994	2.393226	1.857173	175	22	45	634.34
0.785398	2.115563	0.685730	171	17	40	634.27
0.523599	0.961715	0.014085	168	8	39	634.19
0.000000	1.325504	-1.671296	176	18	45	634.16
1.047198	2.478122	2.609777	177	11	44	634.02
-1.832596	1.310100	1.488307	180	10	42	633.94
0.785398	0.992645	-1.723759	171	29	45	633.91
0.261799	2.719179	-1.780644	176	17	42	633.64
-2.617994	2.187132	-0.479875	172	14	39	633.58
-1.047198	0.591903	2.010408	170	13	37	633.52
-0.261799	0.615174	-0.666022	173	19	41	633.40
0.523599	2.724429	-0.348782	168	11	41	633.38
-0.261799	2.984978	1.954446	173	7	42	633.33
0.261799	0.906588	1.252948	175	21	43	633.28
-1.308997	1.982574	-1.115518	170	14	45	633.19
-0.785398	0.618092	2.539118	181	16	42	633.12
-1.308997	0.700570	1.559208	167	20	37	633.09
-0.523599	2.299159	2.264663	167	14	43	633.01
2.094395	0.619654	-2.216909	169	24	43	632.92
0.000000	1.998705	2.370472	172	19	47	632.92
2.356194	0.290380	-0.796960	175	4	41	632.86
-1.047198	2.247462	0.191623	173	23	38	632.81
1.570796	0.640596	-2.797608	177	20	43	632.76
2.356194	1.696674	-1.253233	187	13	52	632.67
-1.047198	1.448123	-2.163292	179	17	46	632.60
-2.617994	0.864993	2.278281	177	14	42	632.59
2.094395	1.113094	-0.272241	176	10	38	632.43
-1.832596	1.875281	0.107086	175	27	38	632.40
-2.356194	1.574060	2.783565	171	14	38	632.38
2.356194	0.866955	-0.931351	178	7	44	632.38
2.094395	0.866955	-0.931351	26	175	11	632.22
-1.047198	1.606104	-0.451151	167	17	40	632.17
-2.617994	1.809167	1.213774	173	14	47	632.14
-1.832596	1.741644	-2.695914	178	11	45	632.08
0.785398	1.448123	-2.163292	176	20	45	632.06
-1.832596	2.664082	-1.071402	167	24	39	631.99
1.832596	1.812176	0.656819	174	15	40	631.98
2.094395	0.960688	-0.577532	182	9	46	631.89
-1.570796	2.089241	-0.114193	177	8	40	631.85
2.617994	1.599406	1.426070	178	18	50	631.83
0.523599	2.592629	0.909713	174	18	43	631.73
0.261799	2.174483	2.653697	170	14	44	631.73
-0.523599	1.310100	1.488307	174	21	44	631.63
-0.523599	1.214854	-1.966664	179	18	45	631.53
0.261799	1.135834	-1.431087	173	18	44	631.53
1.832596	0.864993	2.278281	176	7	44	631.53
-2.617994	2.760637	2.781135	174	17	41	631.50
-2.094395	2.724429	-0.348782	179	15	43	631.43
-1.308997	0.615174	-0.666022	182	23	47	631.38
1.308997	1.658653	-2.409879	176	17	42	631.36
0.785398	1.168678	2.108595	170	16	46	631.25
-2.356194	1.606104	-0.451151	175	21	39	631.22
1.308997	1.367556	0.358405	173	19	38	631.20
-2.094395	2.063651	-2.044600	173	11	48	631.11
-1.832596	2.108018	1.311430	172	11	39	631.09
-1.570796	1.756530	-2.105156	174	5	43	631.07
2.617994	1.809167	1.213774	177	25	50	631.06
-1.308997	1.335669	0.897240	183	13	44	631.05
-2.617994	0.831641	0.616218	175	7	40	631.04
-2.094395	1.367556	0.358405	176	2	38	631.04
0.785398	0.831641	0.616218	178	25	43	630.98
-1.570796	0.615174	-0.666022	184	22	47	630.92
2.356194	0.674054	1.013609	165	11	35	630.86
-2.617994	1.194549	-0.801900	181	20	47	630.86
-2.094395	1.824694	1.850876	181	21	49	630.81
1.832596	2.349581	-2.702517	175	28	43	630.73
-0.785398	2.587733	0.232235	172	20	37	630.67
-0.523599	1.242974	-2.977882	175	13	39	630.64
2.356194	0.866395	-2.492918	164	22	40	630.59
-0.785398	1.242974	-2.977882	175	16	40	630.46
-2.356194	2.863997	0.549740	167	13	40	630.41
-1.832596	0.496451	0.593859	180	21	42	630.36
1.570796	1.128190	-2.288622	172	14	37	630.21
1.047198	2.247462	0.191623	169	9	37	630.18
0.785398	0.458961	-0.107937	168	10	41	630.15
1.570796	2.164094	-2.991358	175	10	41	630.09
0.261799	0.866955	-0.931351	173	22	48	630.07
-0.523599	1.662363	0.915448	179	13	45	630.07
-2.879793	1.050534	3.042579	172	15	40	630.01
-1.570796	0.370812	-2.547742	168	25	30	629.98
-0.785398	2.073035	2.027405	176	23	49	629.96
-0.785398	1.554776	0.100351	166	18	38	629.94
1.308997	1.488617	1.159546	179	27	49	629.93
0.523599	1.658653	-2.409879	182	20	46	629.89
-2.617994	1.310100	1.488307	177	10	43	629.85
-2.356194	2.396274	-1.959260	167	19	44	629.79
0.000000	2.979456	-1.009304	171	8	42	629.73
-1.570796	1.599406	1.426070	178	10	41	629.73
-3.141593	0.700570	1.559208	184	28	40	629.70
0.261799	1.440580	2.260026	169	11	38	629.52
-2.879793	0.379747	-1.713059	174	5	42	629.50
-2.356194	2.393226	1.857173	173	16	41	629.50
2.094395	2.979456	-1.009304	167	17	39	629.47
2.356194	0.899350	-2.069907	172	21	46	629.44
0.523599	2.396274	-1.959260	178	21	44	629.32
-1.047198	1.948085	-2.363031	180	14	46	629.07
-0.261799	0.571433	-1.188419	176	22	43	629.05
-2.617994	1.128190	-2.288622	183	23	45	629.04
2.094395	2.063651	-2.044600	181	24	49	629.04
2.617994	0.496451	0.593859	162	17	34	628.96
2.094395	1.569311	-3.003978	175	13	40	628.95
-0.785398	1.683268	0.374177	186	16	46	628.95
-0.261799	2.979456	-1.009304	168	10	42	628.85
-0.261799	1.824694	1.850876	172	16	44	628.80
1.308997	1.367556	0.358405	175	18	39	628.74
2.356194	2.579248	-2.364801	174	16	43	628.74
1.832596	1.809167	1.213774	175	18	44	628.68
2.617994	1.836682	-0.676006	187	23	45	628.62
-0.261799	1.545873	-1.877082	178	16	45	628.61
1.570796	0.619654	-2.216909	169	18	39	628.60
0.785398	1.569311	-3.003978	179	23	43	628.56
-2.356194	2.588535	-2.976617	170	8	41	628.53
2.094395	1.247695	1.809890	177	10	49	628.51
-2.617994	0.700570	1.559208	181	29	40	628.46
-2.617994	1.417623	-0.202254	179	24	42	628.21
-2.879793	1.824694	1.850876	186	22	51	628.19
-1.832596	0.458961	-0.107937	176	18	40	628.14
2.879793	2.356369	3.005869	161	17	35	628.13
-2.617994	1.606104	-0.451151	182	29	44	628.08
-0.785398	2.104282	-0.813972	166	16	43	628.06
-2.617994	2.863997	0.549740	168	16	41	628.05
1.832596	2.356369	3.005869	170	13	36	627.97
1.832596	1.242974	-2.977882	171	13	36	627.88
0.000000	0.831641	0.616218	183	25	42	627.84
-1.832596	1.683268	0.374177	175	7	40	627.77
1.832596	0.850607	-1.335383	170	12	45	627.76
-0.261799	1.699788	2.452890	168	19	42	627.74
1.308997	2.478122	2.609777	178	3	40	627.68
-1.308997	1.617114	-1.572037	175	13	48	627.56
0.000000	0.700570	1.559208	174	26	43	627.42
1.570796	1.998705	2.370472	177	5	40	627.41
2.094395	0.379747	-1.713059	169	17	44	627.40
-3.141593	1.824694	1.850876	175	15	43	627.38
0.000000	2.979456	-1.009304	171	6	42	627.36
2.617994	1.256302	0.062705	170	15	39	627.33
0.261799	0.674054	1.013609	178	27	43	627.31
0.000000	0.619654	-2.216909	177	20	42	627.28
-1.570796	2.393226	1.857173	168	20	44	627.13
1.047198	2.407836	1.410646	169	17	38	627.03
0.785398	0.418037	1.360082	171	23	41	626.90
-2.356194	0.864993	2.278281	170	12	35	626.88
-1.047198	1.872854	1.543456	184	20	51	626.85
-2.617994	2.343981	-1.040456	177	15	44	626.75
-1.047198	2.587733	0.232235	177	7	39	626.75
-2.879793	1.732874	-0.951685	180	8	41	626.69
-1.832596	1.875281	0.107086	174	27	38	626.64
-1.570796	0.618092	2.539118	170	16	38	626.59
1.308997	1.554776	0.100351	170	12	38	626.57
-3.141593	1.218453	2.777284	176	18	42	626.56
-0.261799	2.187132	-0.479875	164	19	41	626.55
1.047198	2.984978	1.954446	170	17	38	626.54
-0.785398	1.696674	-1.253233	175	7	45	626.39
-1.047198	1.256302	0.062705	173	12	34	626.35
-0.523599	2.104282	-0.813972	168	20	45	626.20
-2.617994	2.393226	1.857173	175	21	45	626.19
-2.094395	0.615174	-0.666022	178	17	44	625.97
2.356194	0.297065	2.160177	175	15	41	625.87
1.570796	2.478122	2.609777	172	19	41	625.86
-0.785398	0.674054	1.013609	165	15	35	625.83
1.047198	2.349581	-2.702517	171	13	39	625.74
2.094395	2.984978	1.954446	162	17	36	625.63
2.094395	2.704512	1.488683	178	21	44	625.58
-2.094395	2.379497	0.561089	173	8	43	625.24
2.356194	2.115563	0.685730	173	21	43	625.18
-2.094395	0.674054	1.013609	179	25	41	625.05
0.000000	2.356369	3.005869	165	17	38	624.96
2.094395	0.700570	1.559208	167	8	36	624.96
-0.785398	1.998705	2.370472	169	21	43	624.87
0.523599	1.510910	-0.740472	164	14	42	624.87
-2.094395	2.455966	-0.641220	179	18	45	624.64
-2.617994	2.299159	2.264663	176	21	43	624.50
-1.308997	1.555207	1.708892	183	18	50	624.41
-2.617994	1.325504	-1.671296	172	17	48	624.33
-0.785398	1.433411	-1.035986	176	12	47	624.23
-2.617994	1.824694	1.850876	183	19	49	624.22
-0.261799	1.977582	0.969896	179	10	46	624.22
-2.356194	1.766067	2.153843	183	17	47	624.21
2.879793	2.704512	1.488683	173	12	39	624.16
-0.785398	1.194549	-0.801900	176	18	49	624.15
-2.879793	2.138223	1.678323	179	21	48	624.04
0.261799	0.674054	1.013609	174	8	39	623.98
-1.832596	1.736875	3.023612	176	13	41	623.95
-1.308997	2.404280	-0.174044	174	21	40	623.91
-1.047198	1.824694	1.850876	177	18	49	623.85
1.308997	1.310100	1.488307	175	22	49	623.81
-1.047198	0.961715	0.014085	174	13	37	623.78
-1.570796	0.419640	2.974122	170	6	38	623.73
2.356194	0.961715	0.014085	170	18	39	623.71
0.261799	1.658653	-2.409879	182	20	46	623.71
0.000000	1.374601	-2.456031	177	15	42	623.70
0.523599	1.256302	0.062705	169	5	37	623.63
0.523599	0.961715	0.014085	171	7	43	623.59
1.570796	0.618092	2.539118	176	13	42	623.56
-2.879793	2.724429	-0.348782	182	18	46	623.47
1.308997	2.863997	0.549740	167	9	37	623.44
-2.879793	2.404280	-0.174044	170	15	39	623.44
1.308997	1.050534	3.042579	172	8	36	623.35
0.523599	1.325504	-1.671296	175	26	48	623.26
-1.047198	0.571433	-1.188419	184	18	47	623.16
-1.570796	2.153910	-1.714959	170	14	46	623.12
-1.308997	1.812176	0.656819	180	17	47	622.95
-2.617994	1.836682	-0.676006	179	29	44	622.90
-3.141593	1.554776	0.100351	168	12	37	622.84
2.094395	1.214854	-1.966664	172	22	48	622.78
-1.308997	2.174483	2.653697	176	18	43	622.77
-2.879793	0.914445	2.687814	169	15	36	622.76
-0.523599	1.506530	1.988858	175	22	46	622.70
-3.141593	2.349581	-2.702517	164	19	41	622.64
-1.047198	1.391910	3.030322	172	14	35	622.62
0.000000	0.700570	1.559208	174	6	36	622.48
-2.094395	1.440580	2.260026	174	17	41	622.47
-2.094395	1.824694	1.850876	179	21	48	622.41
-1.308997	1.194549	-0.801900	174	14	43	622.34
0.785398	2.001437	0.381215	173	18	42	622.33
-1.308997	0.640596	-2.797608	175	14	41	622.24
1.047198	1.450119	-2.739050	174	11	38	622.22
-1.570796	1.904882	-1.478089	169	16	46	622.21
2.094395	0.866955	-0.931351	177	191	41	622.20
1.308997	2.760637	2.781135	173	17	41	622.12
-2.617994	0.080730	-2.622036	170	10	43	622.07
-3.141593	1.134497	-1.109631	177	14	43	622.06
2.617994	0.899350	-2.069907	169	13	44	622.02
-2.356194	1.050534	3.042579	183	22	44	621.99
-1.308997	0.864993	2.278281	168	15	35	621.98
-1.832596	1.756530	-2.105156	171	7	42	621.98
2.356194	1.683268	0.374177	169	22	41	621.97
0.523599	2.089241	-0.114193	170	15	41	621.92
-0.785398	0.929350	-2.910676	177	18	41	621.88
-3.141593	2.455966	-0.641220	180	14	45	621.84
0.785398	0.640596	-2.797608	179	21	43	621.82
0.523599	2.592629	0.909713	173	19	42	621.82
-0.785398	1.168678	2.108595	178	11	39	621.74
0.261799	1.325504	-1.671296	177	27	48	621.70
-2.879793	1.050534	3.042579	173	16	41	621.64
-1.832596	0.571433	-1.188419	178	12	41	621.61
0.261799	1.247695	1.809890	174	21	45	621.60
0.785398	0.850607	-1.335383	165	24	41	621.59
-1.308997	2.478122	2.609777	174	24	44	621.55
-0.785398	0.496451	0.593859	167	19	37	621.48
1.832596	1.247695	1.809890	173	10	45	621.47
0.000000	1.812176	0.656819	171	20	36	621.41
2.094395	1.242974	-2.977882	172	12	37	621.40
1.832596	2.108018	1.311430	173	16	41	621.31
0.523599	2.115563	0.685730	174	22	42	621.21
0.000000	1.214854	-1.966664	180	20	46	621.17
2.879793	1.721184	-0.153948	167	17	36	621.15
0.261799	2.724429	-0.348782	165	13	41	621.13
0.000000	0.496451	0.593859	184	29	40	621.11
-2.617994	1.569311	-3.003978	174	20	42	621.10
0.523599	0.906588	1.252948	176	22	46	621.04
1.308997	0.591903	2.010408	163	13	34	620.94
0.785398	1.113094	-0.272241	171	8	43	620.92
0.523599	0.297065	2.160177	168	11	34	620.79
1.832596	0.615174	-0.666022	176	8	46	620.71
-2.094395	0.864993	2.278281	171	10	35	620.70
-2.356194	1.325504	-1.671296	174	16	49	620.63
1.832596	1.194549	-0.801900	180	8	47	620.57
0.261799	1.134497	-1.109631	170	19	43	620.55
-0.261799	2.001437	0.381215	175	24	40	620.50
-2.094395	1.909857	-0.381669	173	8	38	620.50
-0.261799	0.591903	2.010408	176	6	38	620.47
-0.261799	1.756530	-2.105156	179	12	44	620.44
-1.047198	1.606104	-0.451151	170	19	44	620.42
1.832596	1.301460	-0.509251	173	15	41	620.38
1.308997	0.571433	-1.188419	171	19	47	620.26
2.879793	2.104282	-0.813972	177	9	41	620.17
-1.047198	1.872854	1.543456	179	12	49	620.10
0.785398	2.724429	-0.348782	172	11	42	620.02
-3.141593	2.588535	-2.976617	162	17	37	619.97
-0.523599	2.089241	-0.114193	166	17	38	619.79
0.785398	1.741644	-2.695914	178	22	43	619.76
1.047198	2.587733	0.232235	174	12	43	619.74
2.094395	1.195355	1.200319	170	14	43	619.70
2.094395	1.809167	1.213774	179	26	50	619.67
1.570796	0.762244	-0.273349	176	2	39	619.47
-0.785398	2.979456	-1.009304	165	19	41	619.45
-0.523599	0.297065	2.160177	175	2	38	619.32
0.261799	2.033014	2.977192	166	17	39	619.26
-0.523599	2.592629	0.909713	175	9	40	619.26
-1.308997	2.108018	1.311430	181	16	50	619.22
0.261799	0.674054	1.013609	177	26	42	619.19
-1.308997	1.617114	-1.572037	180	18	50	619.11
-0.261799	1.310100	1.488307	174	20	44	618.97
1.308997	2.153910	-1.714959	182	16	48	618.81
-2.617994	1.606104	-0.451151	183	28	45	618.57
-2.356194	0.379747	-1.713059	168	25	31	618.57
-0.523599	2.001437	0.381215	176	26	40	618.55
-1.047198	0.496451	0.593859	168	22	37	618.54
-0.261799	1.168678	2.108595	174	25	44	618.40
-2.617994	1.045978	0.343692	169	7	37	618.37
0.261799	1.025536	1.576859	178	27	46	618.34
-0.261799	2.637879	2.121598	172	14	45	618.26
-0.785398	2.664082	-1.071402	165	14	41	618.25
2.356194	2.073035	2.027405	174	13	41	618.21
-2.879793	0.906588	1.252948	178	2	43	618.18
-1.308997	2.247462	0.191623	170	23	34	618.16
-1.047198	2.187132	-0.479875	169	24	42	618.15
2.879793	1.872854	1.543456	182	23	51	618.15
2.617994	1.301460	-0.509251	179	10	41	618.08
-2.094395	1.448123	-2.163292	173	8	45	618.05
-0.523599	1.050534	3.042579	178	8	36	617.98
-0.261799	0.700570	1.559208	171	8	36	617.91
1.570796	2.587733	0.232235	174	6	39	617.89
-1.047198	2.704512	1.488683	172	12	45	617.86
-1.308997	1.413430	2.550734	175	12	38	617.85
2.879793	0.685216	-1.712745	170	9	42	617.85
-0.261799	0.992645	-1.723759	178	20	45	617.79
-2.879793	1.242974	-2.977882	175	18	43	617.72
0.523599	1.448123	-2.163292	177	19	44	617.70
0.523599	0.370812	-2.547742	173	14	38	617.62
-1.308997	0.203748	0.590255	172	20	39	617.49
2.356194	0.961715	0.014085	168	17	36	617.48
-2.879793	1.014500	0.906702	173	7	44	617.43
-1.047198	1.256302	0.062705	169	25	42	617.41
2.094395	0.496451	0.593859	169	13	38	617.33
-2.879793	2.979456	-1.009304	176	16	42	617.24
-2.356194	1.721184	-0.153948	178	25	40	617.20
-2.879793	0.831641	0.616218	169	7	39	617.19
-1.832596	2.138223	1.678323	172	19	47	617.11
-2.617994	2.153910	-1.714959	175	22	50	617.04
-1.047198	0.379747	-1.713059	174	16	37	616.97
-2.356194	1.184361	0.625864	176	5	41	616.97
-0.523599	0.618092	2.539118	180	14	41	616.96
-0.523599	1.335669	0.897240	181	17	46	616.95
2.356194	2.180315	-1.357379	176	15	44	616.88
-2.356194	2.404280	-0.174044	174	13	41	616.80
-0.785398	2.187132	-0.479875	169	22	42	616.79
-2.094395	0.960688	-0.577532	175	20	43	616.77
-2.356194	0.496451	0.593859	176	21	40	616.71
-1.832596	1.218453	2.777284	191	33	41	616.67
-1.570796	2.379497	0.561089	172	14	43	616.57
-1.832596	0.961715	0.014085	173	19	37	616.52
-2.094395	2.343981	-1.040456	171	26	42	616.51
-1.570796	2.063651	-2.044600	173	8	45	616.50
-3.141593	1.732874	-0.951685	176	10	41	616.49
2.094395	0.591903	2.010408	175	12	42	616.47
-2.094395	1.184361	0.625864	176	10	41	616.31
2.094395	2.588535	-2.976617	172	17	42	616.28
-2.356194	2.187132	-0.479875	182	17	44	616.26
-1.308997	1.904882	-1.478089	176	18	50	616.22
-2.094395	2.174483	2.653697	178	22	43	616.22
-1.832596	1.045978	0.343692	184	8	45	616.10
2.879793	0.733948	3.021411	168	17	36	616.09
-1.047198	1.836682	-0.676006	168	15	42	616.08
-1.047198	1.448123	-2.163292	179	3	41	616.08
0.523599	1.870545	-2.976234	166	13	35	616.02
-1.308997	1.218453	2.777284	180	19	44	616.01
-2.617994	0.418037	1.360082	176	15	41	616.00
-0.261799	0.910508	1.903534	171	24	41	615.96
2.617994	0.571433	-1.188419	174	10	46	615.92
-1.308997	2.587733	0.232235	174	8	39	615.87
-1.570796	2.393226	1.857173	167	20	42	615.80
-0.785398	1.448123	-2.163292	180	17	46	615.74
-2.617994	2.108018	1.311430	173	12	42	615.63
-1.308997	1.440580	2.260026	180	17	44	615.53
2.094395	1.045978	0.343692	169	17	38	615.50
-1.308997	1.440580	2.260026	181	18	45	615.42
0.785398	1.812176	0.656819	170	19	38	615.32
1.570796	1.194549	-0.801900	175	6	45	615.31
2.356194	2.396274	-1.959260	176	19	45	615.30
-2.094395	0.914445	2.687814	170	11	36	615.29
2.617994	2.153910	-1.714959	173	18	44	615.26
1.047198	2.073035	2.027405	176	8	41	615.24
-0.785398	1.050534	3.042579	177	15	41	615.23
-1.832596	0.615174	-0.666022	182	23	47	615.22
-2.617994	1.218453	2.777284	171	13	37	615.10
-1.308997	2.180315	-1.357379	173	18	48	615.07
1.570796	1.135834	-1.431087	172	18	49	615.00
-1.570796	2.863997	0.549740	180	18	44	614.97
-2.094395	1.599406	1.426070	175	11	41	614.92
0.261799	0.899350	-2.069907	174	17	41	614.86
1.832596	2.247462	0.191623	175	4	35	614.83
-2.094395	2.588535	-2.976617	175	19	42	614.60
0.000000	1.448123	-2.163292	182	17	46	614.58
2.879793	1.904882	-1.478089	180	15	48	614.48
2.356194	0.615174	-0.666022	180	6	45	614.47
-1.308997	1.168678	2.108595	188	27	47	614.39
1.047198	1.025536	1.576859	173	24	47	614.36
-1.308997	2.247462	0.191623	177	9	42	614.36
-2.617994	1.367556	0.358405	168	8	38	614.34
-1.308997	1.134796	2.434290	174	14	38	614.33
2.617994	1.510910	-0.740472	178	14	43	614.28
-1.570796	2.138223	1.678323	171	17	46	614.13
-1.570796	2.138223	1.678323	172	17	47	614.06
2.094395	2.456751	-1.503343	179	19	46	614.03
-1.570796	1.721184	-0.153948	177	3	37	613.91
1.570796	0.080730	-2.622036	173	12	38	613.86
-3.141593	0.850607	-1.335383	177	8	43	613.85
-1.308997	0.733948	3.021411	172	2	35	613.82
-2.094395	2.356369	3.005869	175	11	41	613.76
-0.785398	0.571433	-1.188419	184	19	47	613.76
-1.047198	0.733948	3.021411	179	18	42	613.74
0.261799	0.618092	2.539118	164	23	36	613.72
-2.094395	1.545873	-1.877082	171	13	46	613.72
-0.523599	1.683268	0.374177	174	24	39	613.65
-0.785398	0.458961	-0.107937	171	19	38	613.62
-2.094395	1.440580	2.260026	179	18	44	613.55
-2.094395	0.709924	0.218797	174	20	38	613.53
-1.047198	2.984978	1.954446	170	17	43	613.53
0.523599	2.187132	-0.479875	176	19	46	613.37
-1.570796	2.478122	2.609777	176	25	44	613.26
0.785398	0.290380	-0.796960	167	20	42	613.19
1.832596	0.370812	-2.547742	167	19	36	613.10
-2.356194	0.910508	1.903534	178	19	43	613.03
-0.261799	1.214854	-1.966664	176	13	41	613.01
-2.617994	1.391910	3.030322	172	16	40	612.86
-1.832596	1.310100	1.488307	184	12	47	612.83
0.523599	0.674054	1.013609	177	27	45	612.74
1.047198	1.658653	-2.409879	182	20	46	612.69
-2.879793	1.433411	-1.035986	183	27	50	612.59
-1.308997	2.174483	2.653697	179	22	45	612.56
-1.308997	1.325504	-1.671296	180	13	49	612.56
1.308997	1.450119	-2.739050	176	20	42	612.55
-0.785398	2.063651	-2.044600	177	15	46	612.51
1.832596	2.592629	0.909713	173	9	39	612.46
-2.617994	0.615174	-0.666022	171	22	33	612.45
0.000000	2.164094	-2.991358	169	15	37	612.44
1.047198	2.295480	1.008277	170	16	39	612.37
-0.523599	1.214854	-1.966664	176	14	41	612.31
-0.785398	2.180315	-1.357379	170	7	42	612.30
1.047198	1.824694	1.850876	174	9	41	612.28
1.570796	2.724429	-0.348782	173	13	39	612.28
-1.832596	0.910508	1.903534	173	11	36	612.27
-1.308997	2.579248	-2.364801	176	1	44	612.19
2.356194	2.073035	2.027405	175	13	42	612.14
-1.047198	1.696674	-1.253233	174	16	49	612.11
-0.785398	1.417623	-0.202254	169	18	43	612.09
-0.261799	1.982574	-1.115518	173	5	39	612.07
2.094395	1.545873	-1.877082	174	14	46	611.97
-1.047198	1.335669	0.897240	170	19	37	611.96
-2.879793	2.174483	2.653697	170	14	37	611.94
-1.570796	2.719179	-1.780644	166	14	44	611.89
-1.570796	1.809167	1.213774	179	8	48	611.87
1.308997	0.458961	-0.107937	172	5	40	611.85
-2.879793	1.732874	-0.951685	179	9	41	611.84
-2.879793	1.555207	1.708892	181	13	48	611.81
2.879793	1.606104	-0.451151	185	14	44	611.79
-2.356194	2.724429	-0.348782	177	16	43	611.77
0.785398	0.762244	-0.273349	169	11	43	611.75
-1.570796	1.391910	3.030322	174	8	37	611.61
-2.617994	1.574060	2.783565	176	20	42	611.46
-1.570796	1.391910	3.030322	175	7	36	611.41
0.523599	0.419640	2.974122	166	16	34	611.40
0.000000	2.001437	0.381215	173	19	39	611.33
0.523599	0.709924	0.218797	169	7	40	611.27
-0.785398	1.433411	-1.035986	176	12	48	611.21
-2.356194	1.134796	2.434290	178	16	42	611.15
-1.308997	2.637879	2.121598	164	21	39	611.12
1.308997	1.025536	1.576859	170	21	46	611.11
-1.047198	0.418037	1.360082	162	17	33	611.00
0.523599	2.455966	-0.641220	179	17	47	610.92
-0.261799	0.203748	0.590255	166	14	37	610.92
2.094395	0.640596	-2.797608	167	22	38	610.87
0.261799	1.050534	3.042579	173	17	41	610.80
-2.094395	2.407836	1.410646	168	19	44	610.79
2.617994	1.554776	0.100351	167	18	37	610.79
-3.141593	1.617114	-1.572037	178	12	46	610.76
0.261799	2.404280	-0.174044	163	17	39	610.71
-0.785398	1.218453	2.777284	176	12	36	610.66
-2.094395	1.812176	0.656819	174	5	44	610.58
1.832596	0.370812	-2.547742	168	18	37	610.54
-1.308997	0.297065	2.160177	166	11	38	610.52
-1.308997	1.846342	-1.796954	176	11	48	610.52
-3.141593	0.850607	-1.335383	180	18	50	610.44
1.308997	1.417623	-0.202254	170	15	39	610.37
-1.308997	2.251330	-2.330739	174	14	44	610.27
-2.356194	1.413347	-1.339188	176	21	50	610.22
-2.356194	1.413430	2.550734	176	15	41	610.21
-2.617994	1.050534	3.042579	172	11	39	610.17
0.785398	2.104282	-0.813972	172	4	44	610.09
0.785398	1.982574	-1.115518	175	8	48	610.07
-0.785398	2.637879	2.121598	165	12	40	610.04
-0.523599	2.001437	0.381215	185	14	45	609.99
-1.570796	0.640596	-2.797608	29	185	5	609.96
-0.785398	0.640596	-2.797608	178	21	42	609.86
0.523599	0.700570	1.559208	172	21	43	609.84
-0.261799	1.134796	2.434290	168	19	35	609.81
2.356194	1.510910	-0.740472	176	16	43	609.78
1.570796	2.153910	-1.714959	183	18	50	609.78
2.617994	2.251330	-2.330739	173	21	45	609.77
-1.832596	2.637879	2.121598	172	16	40	609.73
1.308997	2.138223	1.678323	50	181	180	609.69
-1.308997	2.664082	-1.071402	166	22	42	609.66
-1.308997	1.134796	2.434290	184	21	45	609.64
-2.617994	0.419640	2.974122	165	16	36	609.58
1.308997	1.413430	2.550734	177	17	45	609.58
-1.047198	1.766067	2.153843	177	16	44	609.51
1.832596	0.419640	2.974122	174	7	35	609.49
0.785398	0.674054	1.013609	174	22	42	609.48
-2.617994	2.187132	-0.479875	172	13	39	609.24
-0.261799	2.984978	1.954446	172	7	41	609.21
-1.308997	1.904882	-1.478089	170	13	46	609.19
1.570796	0.685216	-1.712745	174	25	48	609.11
2.879793	2.295480	1.008277	173	11	39	609.10
0.000000	2.478122	2.609777	168	12	42	609.07
2.879793	0.674054	1.013609	167	7	39	609.07
-2.879793	2.343981	-1.040456	185	23	48	609.04
1.570796	2.349581	-2.702517	176	9	41	609.04
0.523599	1.909857	-0.381669	173	22	44	609.00
1.047198	2.001437	0.381215	170	12	38	608.99
2.617994	0.591903	2.010408	177	18	43	608.99
-0.785398	2.041297	-2.664597	177	14	42	608.98
0.785398	1.812176	0.656819	171	19	38	608.93
-1.832596	1.545873	-1.877082	173	11	46	608.85
-3.141593	2.349581	-2.702517	164	19	42	608.83
-0.785398	1.391910	3.030322	174	13	36	608.76
2.094395	0.914445	2.687814	176	11	41	608.73
1.308997	2.089241	-0.114193	170	8	38	608.69
-1.308997	0.733948	3.021411	184	24	44	608.53
0.785398	1.658653	-2.409879	175	17	41	608.40
-3.141593	0.674054	1.013609	173	8	41	608.34
-1.832596	2.089241	-0.114193	174	8	40	608.32
-2.356194	1.050534	3.042579	183	21	44	608.20
-1.570796	1.045978	0.343692	173	17	36	608.18
-0.261799	2.455966	-0.641220	164	14	40	608.02
-1.047198	0.733948	3.021411	172	8	37	608.02
-2.094395	1.617114	-1.572037	172	18	48	608.00
2.356194	2.393226	1.857173	177	17	44	607.85
0.523599	1.812176	0.656819	170	21	38	607.79
-0.523599	2.393226	1.857173	175	15	48	607.78
-1.047198	0.700570	1.559208	170	16	39	607.74
1.832596	2.407836	1.410646	175	21	43	607.70
-1.570796	1.256302	0.062705	182	5	41	607.68
1.570796	1.135813	-2.658866	173	18	40	607.64
-0.785398	0.831641	0.616218	166	18	37	607.64
1.047198	1.448123	-2.163292	176	19	45	607.61
1.832596	0.370812	-2.547742	166	20	36	607.42
2.356194	0.615174	-0.666022	179	7	45	607.41
1.047198	0.910508	1.903534	168	18	43	607.32
-2.356194	2.881233	-2.582574	163	11	37	607.30
2.094395	0.080730	-2.622036	177	28	44	607.26
-2.094395	2.180315	-1.357379	171	21	45	607.26
-0.523599	2.704512	1.488683	177	9	46	607.25
0.000000	0.906588	1.252948	176	23	43	607.20
-2.617994	2.478122	2.609777	173	13	38	607.16
-3.141593	1.904882	-1.478089	180	16	48	607.15
0.523599	1.128190	-2.288622	177	15	42	607.14
-2.617994	2.664082	-1.071402	177	12	41	607.06
0.000000	0.618092	2.539118	167	17	35	607.04
-1.570796	2.063651	-2.044600	178	9	50	607.04
1.832596	0.297065	2.160177	171	7	37	607.03
1.308997	2.456751	-1.503343	177	21	45	607.01
1.570796	0.571433	-1.188419	170	12	44	606.98
-1.570796	1.948085	-2.363031	175	4	42	606.94
-2.094395	2.455966	-0.641220	173	20	38	606.92
2.617994	2.592629	0.909713	173	10	37	606.89
2.879793	1.606104	-0.451151	168	15	35	606.88
-2.617994	1.510910	-0.740472	179	25	45	606.84
-1.570796	1.413430	2.550734	182	23	44	606.83
-0.261799	1.506530	1.988858	173	21	45	606.74
-2.094395	1.506530	1.988858	184	20	48	606.67
-1.570796	2.041297	-2.664597	177	10	44	606.65
1.047198	1.417623	-0.202254	169	5	36	606.64
2.094395	0.418037	1.360082	163	12	36	606.49
1.832596	2.174483	2.653697	170	15	38	606.40
-2.617994	1.134796	2.434290	177	16	42	606.39
1.570796	2.356369	3.005869	175	2	36	606.31
-3.141593	2.724429	-0.348782	170	13	39	606.31
-2.879793	0.864993	2.278281	176	15	42	606.29
-2.094395	0.961715	0.014085	178	5	41	606.25
-1.308997	2.404280	-0.174044	172	21	39	606.09
-1.308997	1.256302	0.062705	171	17	39	606.05
1.308997	2.724429	-0.348782	178	7	42	606.01
1.570796	1.374601	-2.456031	176	15	41	605.97
2.094395	0.899350	-2.069907	167	21	44	605.94
-0.261799	2.174483	2.653697	164	16	39	605.89
1.308997	2.180315	-1.357379	173	15	40	605.86
1.570796	1.809167	1.213774	176	20	46	605.81
1.832596	0.910508	1.903534	176	17	45	605.80
1.308997	1.310100	1.488307	174	22	49	605.78
-1.570796	2.251330	-2.330739	177	4	47	605.76
-1.570796	2.588535	-2.976617	177	16	42	605.74
-1.570796	2.719179	-1.780644	166	13	43	605.67
1.832596	2.579248	-2.364801	175	8	39	605.64
0.785398	1.875281	0.107086	170	15	39	605.61
2.617994	2.247462	0.191623	170	23	42	605.46
1.832596	1.948085	-2.363031	176	22	45	605.45
2.094395	2.579248	-2.364801	178	28	45	605.34
1.570796	1.413430	2.550734	176	12	44	605.30
-0.785398	2.984978	1.954446	166	9	37	605.24
0.000000	1.836682	-0.676006	178	26	46	605.22
-1.832596	2.719179	-1.780644	164	17	41	605.08
1.832596	2.863997	0.549740	175	7	39	605.05
-0.261799	0.591903	2.010408	171	26	39	605.04
-2.879793	1.846342	-1.796954	176	9	42	604.99
2.879793	1.128190	-2.288622	169	16	45	604.95
-1.570796	2.356369	3.005869	179	30	43	604.91
0.000000	0.850607	-1.335383	182	27	50	604.89
-1.047198	2.343981	-1.040456	169	21	46	604.84
0.261799	1.247695	1.809890	172	16	43	604.84
0.785398	1.606104	-0.451151	164	7	37	604.81
2.356194	2.863997	0.549740	174	12	39	604.76
-2.094395	1.168678	2.108595	176	13	40	604.74
0.523599	1.310100	1.488307	179	25	48	604.74
-2.617994	2.104282	-0.813972	180	14	43	604.68
1.832596	1.134497	-1.109631	174	5	46	604.67
-3.141593	1.909857	-0.381669	169	14	37	604.51
0.000000	1.440580	2.260026	170	19	42	604.50
0.000000	1.301460	-0.509251	167	14	42	604.49
0.261799	1.617114	-1.572037	177	21	50	604.41
1.832596	2.396274	-1.959260	177	21	44	604.37
2.094395	1.433411	-1.035986	173	10	43	604.24
1.832596	0.618092	2.539118	177	12	42	604.19
-2.617994	1.696674	-1.253233	173	21	44	604.16
0.785398	0.080730	-2.622036	174	14	39	604.12
-1.047198	1.242974	-2.977882	174	11	35	604.11
1.308997	1.214854	-1.966664	171	25	46	604.02
1.570796	0.419640	2.974122	182	28	42	603.98
0.261799	0.591903	2.010408	170	20	40	603.95
-1.308997	2.455966	-0.641220	169	24	41	603.90
-2.879793	1.977582	0.969896	171	10	39	603.89
2.617994	2.379497	0.561089	174	27	45	603.85
-2.617994	0.080730	-2.622036	175	17	44	603.84
1.570796	2.001437	0.381215	170	10	38	603.76
2.356194	1.982574	-1.115518	176	12	44	603.74
-2.094395	0.910508	1.903534	176	11	39	603.72
1.047198	2.089241	-0.114193	171	9	40	603.68
0.785398	1.606104	-0.451151	172	21	43	603.68
-2.356194	1.045978	0.343692	172	4	37	603.65
1.308997	0.591903	2.010408	164	13	34	603.52
1.047198	1.836682	-0.676006	178	20	46	603.41
-2.617994	0.418037	1.360082	182	25	42	603.40
1.308997	2.478122	2.609777	177	4	41	603.25
0.261799	0.700570	1.559208	172	23	43	603.17
-0.261799	1.128190	-2.288622	175	16	41	603.07
-3.141593	0.850607	-1.335383	179	17	50	603.04
-2.879793	1.417623	-0.202254	180	25	42	603.03
-1.308997	0.591903	2.010408	169	17	38	603.02
2.094395	0.961715	0.014085	168	20	36	603.02
0.000000	2.164094	-2.991358	170	14	38	602.93
-2.617994	0.290380	-0.796960	178	15	43	602.91
-3.141593	1.732874	-0.951685	180	13	45	602.90
-2.356194	1.599406	1.426070	178	12	47	602.89
0.000000	0.619654	-2.216909	170	14	36	602.85
-0.785398	2.664082	-1.071402	165	13	41	602.78
0.000000	1.555207	1.708892	175	18	46	602.70
-2.356194	1.417623	-0.202254	170	7	36	602.68
0.261799	1.869911	2.701025	168	15	43	602.52
-3.141593	0.419640	2.974122	174	14	41	602.46
1.570796	1.050534	3.042579	174	7	38	602.46
-1.308997	2.073035	2.027405	174	14	41	602.40
1.047198	0.864993	2.278281	177	22	44	602.36
-2.879793	2.979456	-1.009304	177	16	43	602.34
2.617994	1.872854	1.543456	183	23	51	602.30
2.094395	2.115563	0.685730	174	24	43	602.14
0.523599	2.164094	-2.991358	165	12	35	602.00
-0.523599	1.904882	-1.478089	178	13	49	602.00
1.047198	2.108018	1.311430	180	18	46	601.82
1.047198	2.073035	2.027405	177	8	42	601.81
-0.785398	2.247462	0.191623	171	164	5	601.76
2.879793	1.904882	-1.478089	179	16	48	601.74
-1.832596	2.592629	0.909713	172	11	45	601.68
1.570796	1.488617	1.159546	177	26	49	601.63
1.047198	0.571433	-1.188419	171	22	47	601.54
-1.047198	2.041297	-2.664597	174	8	37	601.53
2.617994	2.138223	1.678323	175	14	43	601.46
-1.570796	2.456751	-1.503343	166	18	43	601.36
0.523599	1.662363	0.915448	180	13	44	601.32
-2.617994	0.458961	-0.107937	182	18	44	601.27
-0.785398	1.574060	2.783565	175	11	38	601.20
1.570796	1.599406	1.426070	173	17	45	601.12
-1.047198	1.658653	-2.409879	175	11	40	601.06
-0.261799	0.866955	-0.931351	174	17	42	601.02
-1.047198	2.456751	-1.503343	170	11	45	601.00
0.523599	2.704512	1.488683	172	19	41	600.97
1.570796	0.866395	-2.492918	171	23	42	600.97
0.785398	2.343981	-1.040456	178	3	47	600.91
-1.832596	1.218453	2.777284	179	20	44	600.88
0.785398	2.863997	0.549740	162	17	36	600.87
1.047198	1.658653	-2.409879	175	18	42	600.83
-0.523599	0.700570	1.559208	172	10	38	600.79
2.356194	1.218453	2.777284	172	13	36	600.76
-0.523599	0.458961	-0.107937	172	17	39	600.69
1.308997	2.089241	-0.114193	171	8	38	600.68
-2.356194	0.080730	-2.622036	172	8	43	600.65
-2.617994	1.488617	1.159546	175	8	44	600.64
2.879793	0.685216	-1.712745	172	8	44	600.61
-2.879793	0.864993	2.278281	173	15	39	600.60
1.832596	1.809167	1.213774	181	26	50	600.56
-0.523599	1.756530	-2.105156	178	13	44	600.55
-3.141593	1.699788	2.452890	179	16	43	600.51
-0.261799	0.700570	1.559208	174	26	40	600.48
2.879793	2.984978	1.954446	169	5	37	600.46
-2.094395	1.367556	0.358405	175	4	38	600.34
-1.047198	2.379497	0.561089	175	11	42	600.24
1.308997	1.374601	-2.456031	175	17	41	600.13
-2.094395	1.256302	0.062705	176	6	41	599.98
0.000000	0.297065	2.160177	169	23	37	599.95
-0.523599	0.571433	-1.188419	175	22	42	599.93
-0.523599	0.992645	-1.723759	174	17	40	599.92
0.261799	1.113094	-0.272241	169	11	44	599.91
2.094395	1.335669	0.897240	171	26	46	599.89
0.261799	1.247695	1.809890	174	22	45	599.84
-3.141593	0.379747	-1.713059	170	8	42	599.82
2.094395	1.413430	2.550734	180	14	45	599.79
-2.879793	1.766067	2.153843	176	16	42	599.75
-2.879793	2.153910	-1.714959	177	13	45	599.67
0.785398	0.080730	-2.622036	173	14	38	599.56
-0.523599	1.242974	-2.977882	175	13	38	599.44
1.570796	0.591903	2.010408	176	23	42	599.43
1.308997	2.478122	2.609777	178	2	38	599.39
-1.047198	1.450119	-2.739050	178	8	38	599.38
-2.617994	2.456751	-1.503343	177	28	48	599.37
-0.785398	2.478122	2.609777	164	22	38	599.33
1.570796	2.404280	-0.174044	176	6	40	599.30
-0.785398	1.128190	-2.288622	181	17	45	599.26
0.000000	2.164094	-2.991358	168	16	38	599.23
-1.832596	2.247462	0.191623	172	12	42	599.14
-1.308997	2.379497	0.561089	173	13	43	599.11
-2.879793	2.138223	1.678323	175	18	45	599.07
-1.832596	0.700570	1.559208	176	10	39	598.99
2.094395	1.195355	1.200319	170	20	47	598.99
1.308997	0.419640	2.974122	175	13	40	598.98
1.047198	0.419640	2.974122	171	10	35	598.94
0.523599	0.419640	2.974122	174	20	41	598.94
-1.570796	0.831641	0.616218	174	22	41	598.92
-2.879793	0.458961	-0.107937	183	16	43	598.84
1.047198	1.367556	0.358405	174	20	38	598.77
1.308997	2.041297	-2.664597	175	16	42	598.76
-0.261799	1.555207	1.708892	170	17	42	598.72
-1.832596	0.080730	-2.622036	171	29	35	598.71
-2.094395	1.045978	0.343692	177	3	37	598.70
-2.617994	2.637879	2.121598	181	30	45	598.67
2.094395	1.301460	-0.509251	174	14	41	598.65
1.047198	1.128190	-2.288622	174	14	39	598.64
0.261799	1.904882	-1.478089	178	14	50	598.58
-2.356194	2.138223	1.678323	175	15	44	598.52
2.356194	1.214854	-1.966664	171	18	49	598.41
-1.047198	0.203748	0.590255	173	26	44	598.41
0.785398	1.736875	3.023612	169	10	38	598.36
0.000000	0.960688	-0.577532	168	18	43	598.35
-2.356194	0.864993	2.278281	178	13	42	598.34
-2.094395	2.719179	-1.780644	167	16	38	598.33
1.832596	0.591903	2.010408	177	22	42	598.33
1.570796	1.374601	-2.456031	174	16	40	598.28
1.832596	1.488617	1.159546	177	26	49	598.26
-2.879793	1.413347	-1.339188	175	16	44	598.12
-2.879793	0.700570	1.559208	174	9	38	598.10
-2.356194	1.391910	3.030322	181	24	43	598.03
1.047198	1.606104	-0.451151	172	19	43	597.98
-1.308997	1.875281	0.107086	181	10	43	597.98
-2.356194	0.910508	1.903534	174	12	38	597.90
1.308997	0.080730	-2.622036	175	21	41	597.86
2.094395	0.591903	2.010408	174	7	42	597.81
-1.047198	0.640596	-2.797608	176	12	41	597.77
-2.879793	1.998705	2.370472	177	18	42	597.72
1.832596	1.413430	2.550734	176	2	38	597.70
-0.785398	1.756530	-2.105156	178	13	45	597.68
0.261799	0.914445	2.687814	163	19	37	597.63
1.832596	0.674054	1.013609	171	12	41	597.52
-1.832596	2.033014	2.977192	173	13	39	597.51
-0.261799	1.440580	2.260026	172	21	44	597.49
1.570796	1.134796	2.434290	172	14	43	597.49
-2.879793	1.195355	1.200319	176	6	46	597.47
-2.617994	1.301460	-0.509251	178	21	43	597.38
1.570796	0.370812	-2.547742	174	12	38	597.37
-0.785398	1.256302	0.062705	168	22	42	597.32
1.570796	1.135813	-2.658866	174	17	40	597.27
2.094395	1.391910	3.030322	173	13	38	597.25
-3.141593	2.587733	0.232235	171	20	43	597.22
-2.094395	2.407836	1.410646	168	18	44	597.18
-0.261799	0.297065	2.160177	170	26	37	597.16
-0.523599	1.696674	-1.253233	176	21	50	597.15
-1.308997	1.696674	-1.253233	177	23	50	597.11
-1.047198	2.637879	2.121598	164	17	39	596.90
0.261799	1.696674	-1.253233	172	17	48	596.89
-0.261799	0.290380	-0.796960	181	26	47	596.88
0.000000	1.135813	-2.658866	172	13	37	596.82
-0.785398	1.812176	0.656819	183	17	47	596.81
0.261799	1.450119	-2.739050	167	17	35	596.80
0.785398	1.450119	-2.739050	176	22	42	596.76
1.047198	1.450119	-2.739050	173	11	38	596.75
0.785398	1.569311	-3.003978	167	11	35	596.68
-1.308997	1.256302	0.062705	172	15	35	596.65
1.570796	0.080730	-2.622036	175	23	41	596.63
0.785398	1.555207	1.708892	177	18	50	596.61
1.047198	0.619654	-2.216909	175	16	41	596.61
-2.094395	2.456751	-1.503343	170	24	46	596.60
-0.523599	0.496451	0.593859	166	16	37	596.58
-2.356194	1.732874	-0.951685	175	23	45	596.50
0.261799	2.881233	-2.582574	168	18	38	596.46
-0.785398	2.356369	3.005869	173	19	41	596.31
-0.523599	0.619654	-2.216909	177	21	42	596.26
2.617994	2.979456	-1.009304	168	10	38	596.22
1.832596	1.050534	3.042579	176	5	37	596.17
0.261799	1.824694	1.850876	173	15	45	596.16
-1.047198	2.478122	2.609777	174	15	42	596.15
2.617994	2.247462	0.191623	171	24	42	596.14
-2.356194	2.724429	-0.348782	178	15	43	596.12
-0.261799	2.979456	-1.009304	168	11	42	596.10
-0.261799	1.374601	-2.456031	175	14	40	596.07
0.000000	1.948085	-2.363031	181	15	45	596.06
1.570796	1.721184	-0.153948	171	6	36	596.04
0.000000	0.685216	-1.712745	178	22	44	596.03
-0.785398	0.297065	2.160177	171	4	37	596.01
-0.785398	1.606104	-0.451151	169	15	42	595.98
-0.523599	1.875281	0.107086	164	15	35	595.87
-0.523599	1.448123	-2.163292	181	16	46	595.81
-1.047198	1.977582	0.969896	177	18	47	595.76
-1.047198	1.545873	-1.877082	181	8	46	595.72
0.261799	1.168678	2.108595	171	21	43	595.65
-2.094395	1.367556	0.358405	176	3	38	595.65
1.570796	1.195355	1.200319	173	25	47	595.64
-2.879793	2.115563	0.685730	165	15	40	595.56
1.047198	2.299159	2.264663	177	5	41	595.53
-0.523599	2.295480	1.008277	174	7	40	595.53
0.261799	1.135834	-1.431087	173	23	45	595.51
0.785398	1.417623	-0.202254	166	8	37	595.50
-1.832596	2.881233	-2.582574	168	3	40	595.44
-0.785398	0.418037	1.360082	169	17	41	595.40
-0.785398	0.700570	1.559208	169	12	36	595.37
0.000000	1.870545	-2.976234	171	16	39	595.37
-1.832596	2.979456	-1.009304	173	15	41	595.25
-1.570796	1.545873	-1.877082	174	10	46	595.21
-2.356194	0.418037	1.360082	177	14	41	595.20
-0.785398	2.760637	2.781135	171	13	38	595.18
-0.785398	0.685216	-1.712745	189	15	49	595.15
-2.879793	2.588535	-2.976617	163	12	38	595.13
-0.785398	1.909857	-0.381669	169	19	43	595.10
-1.047198	0.850607	-1.335383	180	13	45	594.96
-2.879793	1.045978	0.343692	166	11	37	594.79
0.523599	0.370812	-2.547742	174	14	39	594.76
-1.570796	0.866955	-0.931351	178	19	46	594.75
-0.785398	1.977582	0.969896	178	17	47	594.71
1.308997	0.914445	2.687814	162	166	4	594.62
2.356194	0.591903	2.010408	177	20	42	594.61
-3.141593	0.929350	-2.910676	164	14	35	594.53
-1.308997	1.766067	2.153843	177	12	41	594.45
-2.094395	1.417623	-0.202254	173	5	37	594.42
-3.141593	0.290380	-0.796960	169	24	35	594.31
0.261799	2.760637	2.781135	168	8	38	594.25
-1.308997	1.135834	-1.431087	184	18	50	594.11
2.094395	0.685216	-1.712745	171	16	46	594.08
1.308997	1.450119	-2.739050	179	25	44	594.08
-2.094395	1.736875	3.023612	178	23	42	594.05
1.047198	0.618092	2.539118	169	15	39	594.01
-2.094395	0.080730	-2.622036	172	3	37	593.95
-2.094395	1.310100	1.488307	181	12	46	593.94
-0.523599	2.073035	2.027405	177	22	49	593.89
1.570796	0.619654	-2.216909	169	19	40	593.88
2.879793	2.108018	1.311430	174	12	41	593.85
-0.785398	0.496451	0.593859	166	20	37	593.84
0.523599	1.569311	-3.003978	180	23	43	593.82
-1.308997	1.325504	-1.671296	175	7	43	593.76
-2.356194	0.290380	-0.796960	171	20	35	593.73
2.617994	0.080730	-2.622036	164	19	37	593.59
-2.094395	1.875281	0.107086	171	7	37	593.54
-0.261799	1.247695	1.809890	176	25	45	593.53
-1.570796	2.187132	-0.479875	169	26	40	593.52
-1.570796	1.135813	-2.658866	179	13	43	593.49
-2.356194	2.455966	-0.641220	180	12	42	593.46
2.617994	1.554776	0.100351	168	18	38	593.39
1.570796	2.299159	2.264663	171	18	40	593.33
0.785398	2.664082	-1.071402	181	11	46	593.28
0.261799	1.756530	-2.105156	177	18	45	593.27
0.523599	2.407836	1.410646	179	9	43	593.20
1.308997	1.134497	-1.109631	166	9	42	593.17
-1.570796	0.929350	-2.910676	171	16	38	593.14
-1.570796	0.685216	-1.712745	184	12	49	593.13
0.785398	0.685216	-1.712745	180	30	48	593.11
-1.047198	0.685216	-1.712745	188	13	49	593.11
-1.047198	2.153910	-1.714959	174	9	45	593.06
0.523599	1.870545	-2.976234	166	14	36	593.01
-2.617994	1.134796	2.434290	177	18	43	592.98
-2.356194	0.733948	3.021411	179	17	43	592.87
-1.308997	0.418037	1.360082	166	19	36	592.84
-1.047198	1.134796	2.434290	183	25	45	592.82
-2.356194	2.174483	2.653697	175	8	38	592.79
0.000000	1.699788	2.452890	170	14	39	592.73
-1.047198	1.218453	2.777284	173	14	37	592.72
-1.832596	0.419640	2.974122	168	9	37	592.70
-2.879793	2.108018	1.311430	173	14	43	592.66
2.356194	1.335669	0.897240	169	23	46	592.66
2.617994	1.756530	-2.105156	170	13	39	592.54
-1.832596	2.404280	-0.174044	172	6	37	592.46
-0.785398	2.251330	-2.330739	179	11	45	592.45
0.261799	0.379747	-1.713059	174	18	40	592.45
-1.047198	1.325504	-1.671296	182	12	49	592.44
-1.047198	1.506530	1.988858	181	22	48	592.33
1.832596	1.050534	3.042579	177	20	42	592.29
1.570796	2.356369	3.005869	176	2	36	592.26
0.261799	1.617114	-1.572037	178	20	50	592.22
-3.141593	2.153910	-1.714959	176	14	45	592.22
-2.879793	1.510910	-0.740472	181	24	46	592.21
1.308997	2.637879	2.121598	171	15	39	592.17
1.047198	1.247695	1.809890	171	18	46	592.12
-1.832596	0.906588	1.252948	176	14	40	592.08
-1.308997	1.301460	-0.509251	171	21	44	592.06
1.047198	2.349581	-2.702517	172	13	40	592.04
1.832596	0.899350	-2.069907	167	26	44	591.97
1.570796	1.184361	0.625864	173	18	42	591.81
0.785398	0.906588	1.252948	173	16	42	591.79
1.047198	1.325504	-1.671296	172	22	48	591.78
0.000000	1.256302	0.062705	170	14	43	591.76
-1.308997	1.195355	1.200319	184	17	45	591.74
-0.261799	0.618092	2.539118	167	21	35	591.67
-1.308997	1.699788	2.452890	176	14	41	591.62
2.617994	1.510910	-0.740472	176	8	41	591.60
1.308997	0.960688	-0.577532	174	11	46	591.59
2.879793	0.418037	1.360082	174	4	39	591.58
-1.570796	2.393226	1.857173	169	20	45	591.57
2.094395	0.906588	1.252948	168	11	37	591.50
1.308997	1.606104	-0.451151	173	15	43	591.49
2.094395	0.762244	-0.273349	175	31	39	591.48
-2.617994	2.455966	-0.641220	171	14	38	591.44
0.785398	1.242974	-2.977882	169	13	37	591.44
-0.523599	1.506530	1.988858	174	22	45	591.42
1.308997	2.041297	-2.664597	173	14	40	591.40
0.000000	1.301460	-0.509251	168	14	44	591.38
-2.617994	2.579248	-2.364801	166	18	44	591.29
-1.047198	2.455966	-0.641220	167	20	40	591.21
-1.832596	1.045978	0.343692	173	19	37	591.20
1.308997	2.881233	-2.582574	169	8	38	591.14
-1.832596	1.184361	0.625864	180	9	42	591.11
1.570796	1.194549	-0.801900	176	6	45	591.09
1.047198	0.914445	2.687814	160	168	4	591.04
0.523599	0.733948	3.021411	174	18	41	590.98
-1.047198	2.153910	-1.714959	175	10	47	590.92
1.832596	2.187132	-0.479875	172	11	37	590.88
-1.832596	0.618092	2.539118	170	20	39	590.81
1.308997	1.335669	0.897240	174	16	42	590.80
-1.047198	1.545873	-1.877082	182	7	47	590.71
0.785398	2.349581	-2.702517	175	20	42	590.70
1.832596	0.866955	-0.931351	173	7	43	590.65
2.617994	1.875281	0.107086	168	22	39	590.61
-2.617994	2.478122	2.609777	172	11	38	590.54
2.356194	2.247462	0.191623	173	28	42	590.53
1.570796	0.960688	-0.577532	173	6	41	590.51
-1.832596	2.979456	-1.009304	172	15	40	590.50
1.832596	0.831641	0.616218	168	16	36	590.49
2.094395	1.977582	0.969896	175	20	44	590.48
0.523599	2.760637	2.781135	172	13	43	590.43
-3.141593	0.591903	2.010408	177	9	40	590.42
2.879793	1.836682	-0.676006	185	22	45	590.39
-0.523599	0.992645	-1.723759	176	17	42	590.36
-1.047198	1.574060	2.783565	178	25	44	590.36
0.000000	1.658653	-2.409879	181	19	45	590.34
-0.523599	0.290380	-0.796960	183	26	47	590.34
2.879793	2.343981	-1.040456	177	13	44	590.23
1.570796	0.910508	1.903534	167	10	38	590.16
-1.047198	2.073035	2.027405	27	179	9	590.15
-1.832596	2.033014	2.977192	184	27	44	590.11
-0.785398	1.448123	-2.163292	176	13	41	590.04
1.570796	1.658653	-2.409879	176	16	42	590.04
-1.047198	2.456751	-1.503343	170	10	43	590.02
-0.261799	1.134796	2.434290	170	26	42	589.89
-2.356194	2.180315	-1.357379	172	23	45	589.81
-1.832596	1.310100	1.488307	179	10	42	589.76
-0.523599	1.824694	1.850876	177	15	49	589.69
1.570796	2.153910	-1.714959	173	21	43	589.60
-0.523599	1.335669	0.897240	182	17	47	589.47
1.832596	2.356369	3.005869	170	17	40	589.39
-0.261799	1.214854	-1.966664	183	22	47	589.35
-2.356194	0.906588	1.252948	51	176	178	589.28
2.879793	1.194549	-0.801900	180	13	43	589.16
1.308997	2.041297	-2.664597	172	18	40	589.13
0.523599	0.899350	-2.069907	175	16	41	589.13
-2.617994	1.872854	1.543456	175	19	48	589.07
2.094395	2.299159	2.264663	175	16	43	588.99
-1.832596	1.391910	3.030322	176	13	41	588.98
-2.617994	1.824694	1.850876	182	19	49	588.96
-0.261799	0.615174	-0.666022	172	19	40	588.95
-2.617994	1.736875	3.023612	178	24	42	588.89
-1.308997	1.569311	-3.003978	176	6	35	588.86
2.617994	2.104282	-0.813972	179	14	45	588.83
-1.308997	0.709924	0.218797	175	16	39	588.80
-1.832596	1.506530	1.988858	184	21	48	588.74
1.832596	2.247462	0.191623	174	5	36	588.74
-0.523599	2.587733	0.232235	171	17	37	588.72
0.785398	2.187132	-0.479875	176	17	46	588.70
0.523599	1.875281	0.107086	168	18	39	588.61
1.308997	0.571433	-1.188419	171	18	46	588.61
0.523599	1.113094	-0.272241	169	9	41	588.52
-2.879793	1.574060	2.783565	176	21	42	588.52
-2.094395	1.721184	-0.153948	175	25	40	588.51
2.356194	2.719179	-1.780644	176	18	44	588.50
2.617994	1.606104	-0.451151	186	17	45	588.48
-2.879793	1.050534	3.042579	170	13	39	588.48
1.832596	0.866955	-0.931351	172	9	44	588.47
0.785398	2.393226	1.857173	175	7	39	588.46
-2.094395	0.864993	2.278281	171	11	35	588.42
1.308997	2.349581	-2.702517	173	11	39	588.32
-2.617994	1.391910	3.030322	172	15	40	588.31
-1.047198	0.571433	-1.188419	183	19	47	588.30
0.523599	1.134497	-1.109631	166	22	45	588.24
1.570796	1.875281	0.107086	172	5	35	588.24
-0.785398	2.001437	0.381215	183	13	45	588.20
2.094395	2.251330	-2.330739	176	23	45	588.17
1.308997	1.374601	-2.456031	176	22	45	588.05
-1.047198	0.961715	0.014085	173	28	45	588.03
-1.832596	0.571433	-1.188419	177	14	43	588.02
2.356194	2.001437	0.381215	171	25	43	588.01
1.832596	0.700570	1.559208	166	13	41	588.00
-2.879793	1.977582	0.969896	168	16	44	587.89
-1.047198	1.335669	0.897240	170	18	37	587.88
1.570796	0.571433	-1.188419	172	16	47	587.86
0.785398	1.247695	1.809890	172	20	47	587.77
1.832596	1.247695	1.809890	175	12	48	587.74
-2.356194	1.367556	0.358405	171	6	38	587.58
-1.047198	1.433411	-1.035986	174	14	47	587.53
2.617994	0.866955	-0.931351	180	12	48	587.52
2.879793	1.417623	-0.202254	169	14	37	587.50
-1.047198	2.247462	0.191623	180	9	43	587.47
2.094395	1.134796	2.434290	27	173	6	587.45
0.261799	2.247462	0.191623	177	24	44	587.38
2.879793	0.571433	-1.188419	177	8	46	587.37
2.094395	1.756530	-2.105156	175	20	48	587.32
-2.879793	0.831641	0.616218	177	25	39	587.28
1.570796	1.413430	2.550734	177	15	45	587.26
-0.523599	2.180315	-1.357379	174	11	47	587.23
1.047198	1.606104	-0.451151	172	17	43	587.21
-0.523599	2.180315	-1.357379	173	4	41	587.20
0.785398	2.404280	-0.174044	164	4	37	587.18
-0.261799	1.875281	0.107086	177	23	42	587.17
0.261799	0.992645	-1.723759	176	22	45	587.17
1.570796	1.194549	-0.801900	180	13	49	587.13
1.832596	2.393226	1.857173	175	19	43	587.11
0.523599	0.733948	3.021411	171	15	39	586.97
-0.785398	2.587733	0.232235	175	20	41	586.95
2.879793	2.073035	2.027405	177	11	42	586.92
2.356194	0.700570	1.559208	172	11	44	586.92
-0.785398	0.458961	-0.107937	171	18	38	586.86
-1.308997	1.413430	2.550734	182	28	45	586.82
-2.356194	0.685216	-1.712745	179	14	49	586.74
-1.570796	2.579248	-2.364801	172	3	44	586.73
-1.832596	1.554776	0.100351	33	186	3	586.70
-0.261799	1.218453	2.777284	165	25	37	586.62
-1.570796	1.569311	-3.003978	175	6	35	586.62
2.617994	0.866395	-2.492918	164	17	40	586.58
1.308997	0.203748	0.590255	171	27	38	586.50
0.785398	2.704512	1.488683	172	17	41	586.47
0.785398	1.310100	1.488307	176	24	48	586.44
0.785398	1.756530	-2.105156	180	15	45	586.38
1.570796	2.349581	-2.702517	175	9	40	586.36
0.261799	1.909857	-0.381669	173	24	44	586.36
0.000000	2.760637	2.781135	170	18	43	586.35
-2.617994	2.153910	-1.714959	176	22	50	586.30
1.308997	1.135813	-2.658866	174	17	40	586.28
0.000000	0.762244	-0.273349	166	18	41	586.25
1.308997	1.662363	0.915448	177	16	44	586.23
-2.356194	1.025536	1.576859	174	11	39	586.22
1.047198	1.301460	-0.509251	176	8	46	586.14
-0.261799	0.899350	-2.069907	182	20	46	586.11
0.523599	1.824694	1.850876	174	14	45	586.08
2.356194	2.033014	2.977192	171	10	36	586.03
-0.523599	2.108018	1.311430	176	15	46	586.00
0.523599	1.741644	-2.695914	178	22	43	585.98
-2.356194	1.014500	0.906702	181	11	44	585.92
-1.832596	0.458961	-0.107937	186	27	46	585.90
1.570796	1.025536	1.576859	169	18	46	585.90
0.785398	1.488617	1.159546	181	26	48	585.89
-0.261799	1.998705	2.370472	168	15	44	585.85
-0.261799	1.128190	-2.288622	174	14	39	585.85
-2.617994	1.766067	2.153843	182	17	47	585.82
-2.617994	2.180315	-1.357379	182	25	50	585.78
1.308997	1.812176	0.656819	178	20	44	585.77
-2.617994	0.700570	1.559208	176	17	42	585.75
2.356194	0.866395	-2.492918	164	21	40	585.73
-0.785398	2.863997	0.549740	178	11	41	585.68
0.523599	1.599406	1.426070	180	21	49	585.67
-0.261799	2.724429	-0.348782	164	23	41	585.56
-1.308997	2.041297	-2.664597	179	10	44	585.56
1.570796	1.909857	-0.381669	173	8	40	585.54
-2.879793	2.407836	1.410646	175	22	46	585.53
-0.261799	2.299159	2.264663	172	15	47	585.50
-1.832596	0.203748	0.590255	182	21	44	585.49
1.308997	1.247695	1.809890	172	15	46	585.45
0.785398	0.960688	-0.577532	171	13	46	585.40
-1.047198	0.370812	-2.547742	178	8	41	585.25
0.785398	1.846342	-1.796954	178	13	45	585.21
-2.356194	0.899350	-2.069907	171	8	42	585.20
1.832596	1.736875	3.023612	174	18	41	585.19
-2.094395	2.724429	-0.348782	176	11	40	585.19
0.785398	1.450119	-2.739050	184	27	45	585.17
2.879793	0.866395	-2.492918	166	14	40	585.17
-1.047198	2.033014	2.977192	179	26	44	585.13
-1.832596	1.545873	-1.877082	173	10	46	585.11
-1.832596	2.033014	2.977192	177	17	42	585.04
-0.523599	2.587733	0.232235	172	17	37	585.03
-2.356194	2.478122	2.609777	174	11	38	585.02
2.879793	2.063651	-2.044600	172	14	42	585.01
-0.523599	1.242974	-2.977882	175	12	38	585.00
-2.094395	0.709924	0.218797	176	19	39	584.98
0.785398	0.203748	0.590255	174	5	42	584.97
1.570796	2.579248	-2.364801	173	9	39	584.97
0.785398	1.301460	-0.509251	174	10	46	584.97
-1.570796	1.168678	2.108595	190	25	47	584.95
-1.570796	1.569311	-3.003978	173	10	39	584.90
0.523599	1.168678	2.108595	170	19	45	584.84
-3.141593	1.256302	0.062705	183	24	42	584.77
2.094395	1.658653	-2.409879	171	19	42	584.74
2.094395	1.128190	-2.288622	168	26	45	584.66
-2.617994	2.724429	-0.348782	176	17	43	584.64
-1.047198	2.579248	-2.364801	173	6	37	584.64
1.308997	1.301460	-0.509251	179	9	46	584.64
-1.047198	0.929350	-2.910676	174	11	38	584.60
-1.570796	1.417623	-0.202254	171	21	41	584.58
-0.523599	0.203748	0.590255	164	20	37	584.55
-1.047198	1.050534	3.042579	173	11	36	584.53
-1.047198	0.080730	-2.622036	167	19	35	584.51
0.000000	1.025536	1.576859	173	22	45	584.48
-0.785398	1.736875	3.023612	173	12	36	584.45
1.570796	1.909857	-0.381669	173	7	40	584.40
2.094395	2.719179	-1.780644	181	24	46	584.39
-3.141593	1.325504	-1.671296	175	9	43	584.31
-2.879793	1.599406	1.426070	176	13	47	584.29
-1.570796	2.592629	0.909713	174	9	45	584.27
1.832596	0.618092	2.539118	178	17	43	584.25
-1.047198	0.419640	2.974122	170	27	33	584.20
2.879793	2.343981	-1.040456	180	20	47	584.09
-2.094395	0.203748	0.590255	174	13	39	584.08
-3.141593	2.404280	-0.174044	170	17	39	584.08
-1.832596	1.617114	-1.572037	172	17	48	584.07
0.000000	1.606104	-0.451151	175	28	43	583.99
-1.308997	1.574060	2.783565	174	13	39	583.93
-2.879793	2.592629	0.909713	168	16	39	583.91
-2.356194	2.407836	1.410646	173	13	42	583.91
-0.261799	0.379747	-1.713059	179	23	43	583.83
0.785398	1.391910	3.030322	168	14	39	583.82
-3.141593	1.256302	0.062705	170	15	42	583.79
-0.523599	0.866955	-0.931351	172	19	40	583.72
-0.523599	1.214854	-1.966664	183	21	47	583.71
1.047198	1.413430	2.550734	173	9	45	583.70
-1.308997	1.218453	2.777284	182	23	44	583.66
0.523599	0.961715	0.014085	168	7	38	583.65
-1.047198	1.982574	-1.115518	173	21	48	583.59
-3.141593	1.440580	2.260026	177	12	41	583.56
-1.047198	2.724429	-0.348782	175	16	42	583.53
1.832596	0.379747	-1.713059	167	18	42	583.46
-1.308997	0.080730	-2.622036	168	21	34	583.39
1.047198	2.393226	1.857173	33	171	9	583.35
-1.570796	2.356369	3.005869	179	29	43	583.35
0.261799	0.618092	2.539118	168	14	35	583.26
-0.261799	0.290380	-0.796960	173	19	40	583.19
-1.308997	2.104282	-0.813972	166	15	39	583.18
-0.261799	0.203748	0.590255	164	16	38	583.12
1.832596	0.615174	-0.666022	171	6	39	583.10
1.832596	1.214854	-1.966664	172	25	49	583.07
1.832596	1.440580	2.260026	178	19	46	583.01
-0.785398	1.510910	-0.740472	173	14	47	582.91
2.617994	0.733948	3.021411	166	21	36	582.88
-1.570796	1.113094	-0.272241	174	20	44	582.85
-1.308997	1.391910	3.030322	176	16	42	582.83
-1.832596	2.984978	1.954446	168	20	40	582.82
1.047198	2.719179	-1.780644	170	14	37	582.82
2.617994	0.571433	-1.188419	174	6	41	582.81
-0.261799	0.733948	3.021411	163	25	31	582.78
2.617994	1.606104	-0.451151	187	18	45	582.77
-2.094395	1.045978	0.343692	177	2	37	582.65
-2.879793	2.881233	-2.582574	163	22	39	582.62
0.523599	2.033014	2.977192	171	13	42	582.57
-1.570796	2.404280	-0.174044	170	22	35	582.53
2.356194	2.984978	1.954446	164	13	37	582.35
-2.094395	1.413430	2.550734	172	11	37	582.25
-2.356194	2.455966	-0.641220	179	12	41	582.19
1.308997	1.256302	0.062705	170	11	36	582.17
-2.617994	1.184361	0.625864	171	6	41	582.14
-2.879793	0.709924	0.218797	184	22	44	582.05
1.832596	0.685216	-1.712745	173	23	48	581.93
-0.785398	1.617114	-1.572037	183	18	51	581.93
-0.785398	2.104282	-0.813972	172	30	47	581.91
-2.356194	2.108018	1.311430	170	17	46	581.88
1.047198	2.664082	-1.071402	174	14	40	581.84
2.617994	2.579248	-2.364801	175	25	45	581.82
-2.617994	2.704512	1.488683	170	17	39	581.67
-1.308997	1.555207	1.708892	182	17	48	581.63
1.047198	2.407836	1.410646	170	17	38	581.62
0.785398	0.762244	-0.273349	168	11	43	581.60
-1.832596	2.456751	-1.503343	171	23	49	581.59
1.047198	1.256302	0.062705	175	2	38	581.57
-0.523599	0.496451	0.593859	163	18	35	581.55
-0.261799	2.001437	0.381215	173	21	39	581.51
-2.617994	2.579248	-2.364801	165	17	41	581.43
0.261799	0.733948	3.021411	174	19	42	581.39
-2.617994	1.325504	-1.671296	173	18	49	581.37
-2.879793	1.909857	-0.381669	172	14	40	581.35
-1.570796	1.606104	-0.451151	169	19	39	581.34
-2.879793	1.310100	1.488307	178	9	46	581.32
0.261799	1.658653	-2.409879	181	19	45	581.31
2.879793	2.637879	2.121598	180	18	45	581.27
-3.141593	0.496451	0.593859	164	7	33	581.21
-2.879793	1.846342	-1.796954	177	15	49	581.15
2.879793	0.379747	-1.713059	170	5	39	581.02
-1.047198	1.948085	-2.363031	173	11	40	580.95
0.785398	0.370812	-2.547742	174	11	38	580.93
-1.308997	0.615174	-0.666022	181	23	47	580.89
1.832596	1.256302	0.062705	173	19	38	580.81
0.523599	1.488617	1.159546	184	26	49	580.78
-3.141593	1.606104	-0.451151	186	14	44	580.77
-0.785398	2.138223	1.678323	179	19	50	580.74
-1.832596	1.335669	0.897240	180	13	45	580.66
-2.879793	1.506530	1.988858	182	17	47	580.64
2.617994	2.349581	-2.702517	169	11	37	580.52
2.356194	1.050534	3.042579	172	11	35	580.50
-0.261799	2.592629	0.909713	177	8	40	580.28
0.785398	0.615174	-0.666022	168	13	42	580.27
-3.141593	0.640596	-2.797608	169	23	41	580.16
2.094395	1.335669	0.897240	171	27	46	580.14
-1.832596	1.998705	2.370472	180	17	45	580.12
1.570796	0.615174	-0.666022	171	11	45	580.07
-1.047198	1.741644	-2.695914	178	18	43	579.97
1.832596	0.203748	0.590255	165	17	34	579.92
2.879793	1.417623	-0.202254	169	13	36	579.91
1.832596	1.599406	1.426070	173	15	44	579.88
2.094395	1.194549	-0.801900	180	9	46	579.86
2.356194	0.203748	0.590255	175	23	39	579.86
-1.832596	1.998705	2.370472	172	16	39	579.71
-0.785398	1.433411	-1.035986	176	13	48	579.59
2.356194	1.134497	-1.109631	179	11	48	579.56
2.094395	1.218453	2.777284	178	7	41	579.53
0.523599	0.418037	1.360082	172	26	41	579.48
2.356194	2.153910	-1.714959	174	16	44	579.47
-1.308997	2.174483	2.653697	177	19	44	579.45
1.570796	1.555207	1.708892	173	12	43	579.37
0.000000	1.736875	3.023612	171	19	42	579.30
1.832596	1.846342	-1.796954	178	17	48	579.30
-0.523599	1.325504	-1.671296	175	18	44	579.25
-0.523599	1.113094	-0.272241	170	15	43	579.18
-0.523599	1.683268	0.374177	175	24	39	579.16
2.617994	1.904882	-1.478089	178	17	48	579.15
-0.785398	0.571433	-1.188419	185	19	47	579.09
1.570796	1.242974	-2.977882	176	6	37	579.08
1.047198	2.041297	-2.664597	169	14	38	579.08
0.523599	1.574060	2.783565	170	16	42	579.02
1.570796	1.504028	0.636812	177	18	43	579.00
0.000000	2.719179	-1.780644	17	24	15	578.95
1.832596	0.850607	-1.335383	168	8	43	578.95
0.000000	1.194549	-0.801900	171	17	47	578.95
-1.047198	1.168678	2.108595	185	27	47	578.95
0.785398	1.599406	1.426070	180	22	50	578.81
2.879793	1.982574	-1.115518	52	182	176	578.63
1.308997	2.404280	-0.174044	174	8	41	578.61
-2.094395	0.290380	-0.796960	172	19	35	578.57
-1.570796	2.396274	-1.959260	172	10	48	578.56
0.785398	0.899350	-2.069907	176	15	42	578.50
-0.523599	0.418037	1.360082	181	28	39	578.42
2.356194	0.762244	-0.273349	180	7	39	578.41
0.523599	2.579248	-2.364801	170	18	39	578.40
-2.879793	1.699788	2.452890	178	16	42	578.37
-0.785398	2.247462	0.191623	173	22	39	578.35
-3.141593	2.089241	-0.114193	173	22	42	578.34
0.523599	1.134497	-1.109631	165	22	42	578.24
2.356194	2.295480	1.008277	172	18	42	578.19
-0.523599	1.168678	2.108595	180	10	39	578.13
0.000000	2.592629	0.909713	171	19	37	578.13
0.261799	0.929350	-2.910676	174	14	40	578.12
-0.261799	0.591903	2.010408	175	6	37	578.09
2.617994	0.866395	-2.492918	164	20	40	578.03
0.785398	2.393226	1.857173	181	8	46	578.02
-1.308997	1.450119	-2.739050	177	11	42	578.02
0.261799	0.080730	-2.622036	172	18	38	578.02
-0.785398	2.073035	2.027405	171	16	46	577.96
-3.141593	0.910508	1.903534	176	11	41	577.94
-2.356194	1.440580	2.260026	174	15	40	577.92
1.570796	1.413430	2.550734	175	12	44	577.76
-2.094395	1.310100	1.488307	177	11	42	577.72
1.832596	1.184361	0.625864	172	17	41	577.72
-2.356194	0.831641	0.616218	177	2	39	577.71
-2.356194	1.367556	0.358405	173	9	41	577.69
0.000000	0.619654	-2.216909	175	21	41	577.69
1.832596	1.440580	2.260026	175	5	41	577.65
-0.785398	2.180315	-1.357379	172	13	47	577.63
1.570796	2.587733	0.232235	175	6	40	577.63
-1.570796	0.831641	0.616218	175	11	37	577.62
-0.785398	1.909857	-0.381669	166	13	37	577.53
0.785398	2.138223	1.678323	177	10	43	577.53
1.832596	1.569311	-3.003978	173	15	40	577.52
1.832596	1.510910	-0.740472	173	9	42	577.49
1.308997	0.685216	-1.712745	165	24	42	577.46
0.523599	2.664082	-1.071402	178	0	44	577.40
1.570796	1.440580	2.260026	171	6	38	577.32
2.617994	0.906588	1.252948	169	10	44	577.27
2.879793	2.724429	-0.348782	167	13	38	577.26
-2.617994	1.242974	-2.977882	174	14	42	577.26
-1.047198	2.153910	-1.714959	177	10	49	577.22
-2.094395	2.396274	-1.959260	169	15	46	577.18
1.570796	1.721184	-0.153948	170	7	35	577.17
-1.832596	0.850607	-1.335383	173	14	42	577.07
-0.523599	1.836682	-0.676006	170	30	46	577.05
-0.261799	1.440580	2.260026	171	22	44	577.01
2.879793	0.370812	-2.547742	166	20	41	577.00
-1.832596	1.696674	-1.253233	172	20	48	576.96
-2.879793	2.979456	-1.009304	179	19	45	576.93
-2.094395	2.073035	2.027405	178	19	46	576.93
0.000000	1.134497	-1.109631	178	22	51	576.93
0.523599	0.496451	0.593859	181	30	42	576.91
1.570796	0.618092	2.539118	177	18	42	576.90
-3.141593	0.700570	1.559208	175	19	42	576.87
1.047198	1.310100	1.488307	175	23	48	576.85
-2.617994	0.591903	2.010408	180	18	43	576.83
1.047198	1.417623	-0.202254	169	6	37	576.79
0.785398	2.724429	-0.348782	171	7	41	576.72
0.261799	0.733948	3.021411	173	19	41	576.71
2.094395	0.992645	-1.723759	171	16	47	576.67
-1.308997	2.104282	-0.813972	168	19	42	576.67
-0.523599	0.960688	-0.577532	175	16	46	576.63
2.356194	0.674054	1.013609	164	15	39	576.63
-1.832596	1.617114	-1.572037	173	14	47	576.46
-0.261799	2.104282	-0.813972	167	16	45	576.46
2.617994	1.247695	1.809890	181	8	49	576.44
2.356194	1.128190	-2.288622	167	21	45	576.42
1.308997	0.929350	-2.910676	173	11	37	576.38
-3.141593	0.866395	-2.492918	170	21	43	576.36
2.094395	0.899350	-2.069907	166	19	44	576.36
2.356194	0.992645	-1.723759	172	13	47	576.33
-2.879793	1.045978	0.343692	166	10	37	576.31
-2.094395	1.658653	-2.409879	169	6	40	576.28
1.308997	1.301460	-0.509251	173	6	42	576.26
0.523599	1.448123	-2.163292	176	18	43	576.25
-0.523599	1.683268	0.374177	174	23	39	576.23
-2.617994	1.998705	2.370472	177	20	43	576.22
0.261799	2.247462	0.191623	176	24	44	576.22
0.523599	2.724429	-0.348782	169	11	41	576.19
2.094395	0.615174	-0.666022	177	8	45	576.12
-2.356194	2.356369	3.005869	175	15	41	576.09
-1.832596	2.455966	-0.641220	174	18	40	576.09
0.523599	1.506530	1.988858	171	16	44	576.05
2.356194	2.979456	-1.009304	167	13	38	575.98
-1.047198	2.187132	-0.479875	167	19	40	575.98
-2.879793	2.108018	1.311430	172	14	42	575.94
0.523599	2.984978	1.954446	178	21	45	575.92
-0.261799	2.187132	-0.479875	165	11	39	575.92
1.308997	1.658653	-2.409879	175	17	41	575.85
0.261799	0.203748	0.590255	183	31	38	575.85
0.523599	1.301460	-0.509251	171	12	46	575.80
-1.047198	2.063651	-2.044600	178	4	43	575.80
-0.261799	0.899350	-2.069907	174	18	40	575.79
0.785398	0.370812	-2.547742	181	25	44	575.79
-0.785398	0.418037	1.360082	168	17	40	575.77
-0.523599	0.762244	-0.273349	170	18	38	575.72
2.879793	0.709924	0.218797	169	11	38	575.71
0.785398	2.637879	2.121598	173	20	42	575.66
-1.308997	2.187132	-0.479875	168	23	40	575.60
0.261799	1.977582	0.969896	182	17	47	575.59
1.308997	2.404280	-0.174044	173	8	40	575.51
-2.356194	1.134796	2.434290	177	18	43	575.44
-0.785398	1.128190	-2.288622	183	19	46	575.38
-1.047198	0.496451	0.593859	166	23	35	575.35
2.879793	1.310100	1.488307	177	11	49	575.33
-1.832596	1.736875	3.023612	175	14	40	575.30
-1.832596	2.579248	-2.364801	169	6	44	575.30
0.261799	2.379497	0.561089	175	22	43	575.29
-1.308997	1.696674	-1.253233	178	24	50	575.26
-1.832596	1.242974	-2.977882	179	15	44	575.24
0.523599	0.080730	-2.622036	172	15	37	575.21
-2.617994	0.418037	1.360082	180	21	42	575.21
-0.261799	1.025536	1.576859	159	158	183	575.17
-2.094395	1.998705	2.370472	179	17	44	575.11
-1.570796	1.417623	-0.202254	180	2	37	575.02
-2.617994	2.979456	-1.009304	176	15	42	574.99
1.308997	1.195355	1.200319	172	14	41	574.95
-2.879793	0.418037	1.360082	183	25	42	574.94
0.785398	2.349581	-2.702517	174	18	42	574.92
1.308997	0.571433	-1.188419	173	19	48	574.89
1.047198	0.370812	-2.547742	180	25	44	574.84
1.570796	1.113094	-0.272241	170	14	38	574.82
-2.094395	2.396274	-1.959260	168	15	45	574.75
-2.879793	2.587733	0.232235	166	13	39	574.74
-2.356194	1.545873	-1.877082	173	14	48	574.70
-1.832596	1.836682	-0.676006	171	19	39	574.69
-1.570796	1.301460	-0.509251	172	18	42	574.66
0.000000	2.247462	0.191623	169	12	36	574.64
0.785398	2.863997	0.549740	163	18	37	574.63
-0.785398	2.404280	-0.174044	166	18	36	574.59
-0.523599	2.104282	-0.813972	167	12	42	574.57
-1.832596	2.588535	-2.976617	176	17	42	574.54
-0.261799	0.203748	0.590255	163	17	38	574.53
-0.261799	2.073035	2.027405	173	11	47	574.51
-0.785398	0.297065	2.160177	174	12	41	574.51
0.785398	0.685216	-1.712745	175	27	45	574.49
-0.785398	0.370812	-2.547742	170	20	34	574.48
-1.570796	1.846342	-1.796954	171	10	45	574.46
1.832596	2.587733	0.232235	176	5	38	574.42
-1.570796	1.736875	3.023612	173	8	36	574.38
-3.141593	2.153910	-1.714959	178	19	48	574.30
1.047198	0.619654	-2.216909	178	32	43	574.23
-2.617994	1.134497	-1.109631	177	16	45	574.23
0.000000	0.961715	0.014085	164	13	34	574.19
0.000000	0.458961	-0.107937	165	20	41	574.19
0.785398	2.724429	-0.348782	171	8	41	574.18
-0.523599	1.168678	2.108595	175	27	44	574.06
1.308997	0.700570	1.559208	166	23	42	574.03
1.308997	1.242974	-2.977882	175	11	40	573.97
2.879793	2.393226	1.857173	178	16	44	573.97
-1.047198	0.914445	2.687814	178	15	41	573.93
-2.094395	2.033014	2.977192	177	9	41	573.91
-1.570796	2.187132	-0.479875	173	30	42	573.80
0.261799	0.571433	-1.188419	173	25	44	573.75
1.832596	0.591903	2.010408	173	13	42	573.71
-1.047198	0.571433	-1.188419	188	22	50	573.70
2.094395	2.407836	1.410646	175	18	43	573.68
-2.617994	2.455966	-0.641220	177	13	41	573.60
-1.570796	1.766067	2.153843	177	16	43	573.60
2.879793	2.295480	1.008277	173	10	38	573.55
-0.785398	2.592629	0.909713	174	8	41	573.52
-1.047198	1.242974	-2.977882	173	11	35	573.51
0.785398	1.555207	1.708892	176	18	49	573.44
2.617994	2.984978	1.954446	166	8	37	573.39
-1.308997	1.699788	2.452890	177	18	43	573.33
2.879793	0.290380	-0.796960	169	27	35	573.32
-0.785398	0.864993	2.278281	180	14	42	573.18
-3.141593	1.050534	3.042579	171	18	40	573.18
-2.094395	1.045978	0.343692	178	2	37	573.14
-1.570796	2.164094	-2.991358	183	32	41	573.12
-2.094395	1.218453	2.777284	180	20	44	573.11
-2.879793	1.194549	-0.801900	181	20	47	573.10
1.308997	1.812176	0.656819	172	21	40	573.10
1.832596	2.587733	0.232235	172	13	39	573.10
2.094395	2.033014	2.977192	171	29	39	573.06
-2.356194	0.709924	0.218797	174	21	38	573.06
1.047198	1.554776	0.100351	170	13	38	572.98
0.785398	0.831641	0.616218	179	25	44	572.93
-3.141593	0.961715	0.014085	168	13	38	572.87
-1.570796	1.335669	0.897240	181	13	45	572.82
0.000000	2.592629	0.909713	174	22	43	572.77
1.308997	1.194549	-0.801900	172	10	45	572.72
-1.047198	1.218453	2.777284	175	15	40	572.68
0.000000	1.134796	2.434290	168	22	40	572.66
-1.570796	0.297065	2.160177	169	20	41	572.66
2.356194	2.587733	0.232235	171	14	39	572.59
-2.617994	1.014500	0.906702	178	11	44	572.59
0.785398	1.555207	1.708892	48	183	163	572.52
-1.570796	1.599406	1.426070	183	12	50	572.50
-2.094395	2.588535	-2.976617	175	18	42	572.40
-1.832596	2.704512	1.488683	164	17	39	572.40
-2.356194	2.356369	3.005869	175	16	41	572.37
-1.570796	0.591903	2.010408	162	17	32	572.36
-2.617994	1.846342	-1.796954	173	17	48	572.30
0.785398	1.391910	3.030322	172	15	42	572.23
0.000000	0.203748	0.590255	165	13	38	572.17
-2.356194	1.836682	-0.676006	173	11	37	572.16
2.356194	2.881233	-2.582574	172	14	39	572.15
2.879793	0.619654	-2.216909	168	8	39	572.15
-0.523599	1.128190	-2.288622	182	18	46	572.11
-1.308997	1.948085	-2.363031	179	3	42	572.10
1.832596	2.115563	0.685730	177	16	43	571.98
2.879793	1.909857	-0.381669	188	21	44	571.98
2.356194	0.640596	-2.797608	167	18	38	571.97
0.261799	1.128190	-2.288622	176	16	42	571.96
1.047198	1.909857	-0.381669	174	15	44	571.92
1.570796	1.599406	1.426070	179	22	51	571.89
-1.570796	1.506530	1.988858	184	21	48	571.89
2.879793	2.588535	-2.976617	163	22	38	571.86
2.094395	1.696674	-1.253233	185	12	52	571.85
2.356194	1.242974	-2.977882	171	24	42	571.81
-2.879793	0.831641	0.616218	170	8	39	571.79
-3.141593	1.721184	-0.153948	168	13	36	571.78
-0.523599	0.906588	1.252948	176	20	40	571.77
-1.832596	1.391910	3.030322	171	10	37	571.76
-1.047198	0.899350	-2.069907	178	19	43	571.76
-1.832596	2.349581	-2.702517	175	0	42	571.74
2.094395	0.297065	2.160177	174	17	41	571.72
1.570796	1.741644	-2.695914	173	16	41	571.71
2.617994	1.391910	3.030322	167	18	36	571.64
-0.523599	1.168678	2.108595	179	10	38	571.62
0.000000	1.184361	0.625864	182	20	43	571.62
2.617994	1.242974	-2.977882	170	21	42	571.60
2.094395	2.138223	1.678323	172	18	42	571.57
1.832596	1.606104	-0.451151	176	16	43	571.56
1.308997	2.108018	1.311430	179	19	45	571.54
-2.879793	2.073035	2.027405	175	18	43	571.48
2.094395	0.899350	-2.069907	167	22	44	571.46
2.356194	2.089241	-0.114193	178	15	44	571.34
1.308997	2.174483	2.653697	175	10	43	571.31
-1.308997	2.295480	1.008277	167	166	10	571.30
1.047198	0.379747	-1.713059	172	27	43	571.25
0.000000	1.440580	2.260026	171	18	42	571.20
-0.785398	0.850607	-1.335383	185	17	50	571.19
-1.308997	1.195355	1.200319	170	23	37	571.12
2.356194	0.850607	-1.335383	173	11	46	571.05
-2.617994	2.174483	2.653697	180	21	43	571.05
0.785398	1.325504	-1.671296	173	24	47	571.04
2.356194	1.247695	1.809890	179	9	49	571.04
1.570796	0.496451	0.593859	32	174	6	571.04
1.570796	2.455966	-0.641220	173	13	40	571.03
-1.308997	0.709924	0.218797	176	19	42	571.01
-1.047198	1.194549	-0.801900	174	16	45	570.95
-1.832596	1.168678	2.108595	176	13	41	570.93
-1.570796	1.242974	-2.977882	176	10	41	570.91
2.356194	0.419640	2.974122	173	13	37	570.90
-2.356194	1.413430	2.550734	171	13	37	570.89
0.000000	0.418037	1.360082	175	28	40	570.87
1.308997	0.290380	-0.796960	168	14	43	570.84
-3.141593	2.455966	-0.641220	180	13	44	570.84
0.523599	2.404280	-0.174044	165	13	39	570.83
0.785398	1.135834	-1.431087	169	23	46	570.79
0.523599	2.393226	1.857173	49	183	168	570.75
-0.523599	0.700570	1.559208	171	10	37	570.74
-1.047198	2.247462	0.191623	178	3	37	570.72
2.094395	2.396274	-1.959260	176	21	45	570.68
1.570796	2.247462	0.191623	174	5	37	570.66
-1.570796	1.904882	-1.478089	169	15	46	570.65
1.832596	1.450119	-2.739050	173	13	39	570.64
1.832596	1.417623	-0.202254	173	9	39	570.61
1.570796	0.419640	2.974122	176	12	40	570.61
-1.308997	2.724429	-0.348782	174	18	42	570.58
0.523599	1.569311	-3.003978	180	24	43	570.57
1.047198	1.909857	-0.381669	168	1	37	570.53
-0.785398	2.724429	-0.348782	168	20	39	570.47
-0.261799	1.014500	0.906702	183	22	46	570.47
0.523599	1.242974	-2.977882	169	16	38	570.43
1.308997	1.450119	-2.739050	181	40	42	570.27
-2.617994	2.104282	-0.813972	181	13	43	570.26
2.617994	2.073035	2.027405	176	12	42	570.24
-2.879793	0.961715	0.014085	182	22	43	570.23
-3.141593	0.910508	1.903534	179	9	43	570.23
-1.570796	1.413347	-1.339188	177	18	50	570.22
2.356194	0.733948	3.021411	174	16	40	570.17
2.356194	1.195355	1.200319	170	12	43	570.16
-2.879793	0.899350	-2.069907	169	9	39	570.12
-1.570796	2.251330	-2.330739	172	16	44	570.11
-2.617994	1.242974	-2.977882	175	14	43	570.09
1.832596	1.045978	0.343692	170	20	39	570.07
-1.832596	1.721184	-0.153948	174	23	40	570.04
2.094395	2.153910	-1.714959	174	18	44	570.03
1.308997	0.700570	1.559208	165	23	42	570.00
1.047198	2.041297	-2.664597	171	14	39	569.98
-2.356194	0.899350	-2.069907	171	7	41	569.97
-1.308997	2.247462	0.191623	174	4	36	569.96
-0.523599	0.591903	2.010408	175	11	41	569.95
2.094395	2.579248	-2.364801	173	17	43	569.91
-2.617994	2.379497	0.561089	164	12	38	569.83
0.000000	2.455966	-0.641220	166	16	45	569.75
0.000000	2.299159	2.264663	173	16	47	569.72
0.261799	1.025536	1.576859	173	20	45	569.69
1.047198	0.910508	1.903534	168	19	44	569.69
-3.141593	2.089241	-0.114193	169	17	39	569.67
1.832596	0.762244	-0.273349	179	6	44	569.65
-2.356194	0.618092	2.539118	172	11	37	569.64
2.094395	0.685216	-1.712745	167	14	43	569.56
2.094395	1.606104	-0.451151	177	13	43	569.50
-1.570796	1.875281	0.107086	172	25	38	569.44
-1.308997	2.356369	3.005869	173	17	39	569.42
2.617994	1.050534	3.042579	169	22	39	569.41
1.832596	0.674054	1.013609	170	12	40	569.40
2.617994	1.836682	-0.676006	179	10	44	569.39
1.308997	2.187132	-0.479875	174	10	43	569.29
-1.047198	2.115563	0.685730	178	14	46	569.25
2.356194	0.850607	-1.335383	172	11	45	569.25
-2.356194	2.343981	-1.040456	173	29	43	569.24
0.000000	1.134796	2.434290	167	16	36	569.23
2.356194	1.128190	-2.288622	167	22	45	569.21
-2.617994	2.356369	3.005869	182	22	44	569.19
1.308997	0.864993	2.278281	172	15	43	569.18
2.617994	2.343981	-1.040456	180	20	47	569.17
-0.261799	1.732874	-0.951685	171	10	44	569.13
-1.308997	2.356369	3.005869	177	28	43	569.11
2.879793	2.187132	-0.479875	166	19	35	569.10
-2.617994	2.455966	-0.641220	178	13	42	569.10
1.832596	1.168678	2.108595	173	5	41	569.08
-2.356194	2.587733	0.232235	170	7	39	569.08
-0.785398	0.899350	-2.069907	176	19	42	569.07
1.047198	2.664082	-1.071402	174	13	39	569.02
1.047198	1.836682	-0.676006	176	17	46	568.93
-0.523599	1.014500	0.906702	183	22	45	568.90
-1.832596	0.080730	-2.622036	178	4	43	568.86
0.785398	2.407836	1.410646	171	18	39	568.81
2.617994	2.404280	-0.174044	168	21	39	568.75
-1.570796	0.419640	2.974122	170	5	37	568.75
-1.832596	2.579248	-2.364801	169	5	40	568.69
-1.047198	0.591903	2.010408	167	8	34	568.58
-0.523599	1.998705	2.370472	168	19	44	568.58
-1.832596	0.733948	3.021411	166	9	35	568.54
-0.785398	1.413347	-1.339188	182	21	51	568.52
-1.570796	1.335669	0.897240	182	13	45	568.50
0.000000	1.247695	1.809890	174	22	45	568.46
-0.785398	2.592629	0.909713	182	21	44	568.41
-0.785398	2.295480	1.008277	176	12	45	568.39
1.047198	0.370812	-2.547742	177	20	42	568.37
-0.261799	2.863997	0.549740	171	17	37	568.35
0.261799	0.418037	1.360082	174	28	41	568.35
1.308997	2.760637	2.781135	177	3	39	568.35
-2.356194	2.588535	-2.976617	167	3	37	568.33
0.261799	0.618092	2.539118	163	23	36	568.32
-2.356194	1.367556	0.358405	172	5	38	568.31
0.785398	2.187132	-0.479875	168	3	39	568.29
1.308997	2.455966	-0.641220	178	9	44	568.26
-0.261799	2.187132	-0.479875	166	11	40	568.23
-0.785398	1.325504	-1.671296	182	8	47	568.22
-1.308997	2.108018	1.311430	176	8	47	568.18
0.523599	1.736875	3.023612	168	13	39	568.15
-0.523599	0.733948	3.021411	179	18	43	568.03
0.000000	1.869911	2.701025	168	22	43	567.94
2.356194	1.732874	-0.951685	175	10	42	567.90
-2.356194	1.134796	2.434290	170	12	35	567.90
-2.094395	1.683268	0.374177	174	9	42	567.89
0.261799	0.992645	-1.723759	176	21	45	567.85
0.000000	0.290380	-0.796960	173	21	41	567.79
-0.785398	0.685216	-1.712745	178	21	43	567.78
1.832596	2.881233	-2.582574	182	31	44	567.76
-1.570796	0.297065	2.160177	164	15	37	567.74
-2.879793	1.134796	2.434290	175	16	41	567.69
-2.617994	2.073035	2.027405	178	19	46	567.68
1.832596	0.685216	-1.712745	166	17	43	567.58
-3.141593	0.080730	-2.622036	165	16	40	567.57
0.785398	2.455966	-0.641220	172	1	42	567.57
-3.141593	2.153910	-1.714959	178	23	50	567.56
1.047198	0.961715	0.014085	174	3	40	567.55
2.617994	2.979456	-1.009304	169	10	38	567.41
-2.617994	0.496451	0.593859	181	23	43	567.41
-1.832596	2.637879	2.121598	172	21	43	567.36
1.570796	1.045978	0.343692	173	18	37	567.35
-2.879793	2.033014	2.977192	169	12	39	567.27
-2.617994	2.115563	0.685730	165	12	41	567.26
0.261799	1.433411	-1.035986	167	21	46	567.26
-0.261799	1.683268	0.374177	173	23	39	567.21
-3.141593	0.910508	1.903534	178	9	42	567.17
-0.261799	2.637879	2.121598	175	18	46	567.11
2.879793	2.247462	0.191623	170	21	42	567.10
0.261799	0.418037	1.360082	172	26	39	567.10
2.356194	1.413430	2.550734	181	13	45	567.10
0.523599	1.555207	1.708892	177	18	49	567.06
2.094395	0.290380	-0.796960	171	7	42	567.05
-3.141593	2.180315	-1.357379	185	23	50	567.04
-0.523599	0.571433	-1.188419	184	19	47	567.02
1.570796	1.506530	1.988858	176	11	49	567.01
2.617994	0.685216	-1.712745	169	10	43	566.99
0.261799	1.128190	-2.288622	176	15	41	566.93
-1.047198	0.685216	-1.712745	182	25	45	566.91
-1.832596	2.349581	-2.702517	179	20	43	566.87
-0.785398	0.866955	-0.931351	179	17	47	566.84
-0.523599	1.417623	-0.202254	168	17	43	566.79
-2.094395	0.914445	2.687814	171	10	36	566.74
1.308997	2.349581	-2.702517	175	17	43	566.60
2.879793	0.297065	2.160177	173	10	36	566.54
1.570796	2.478122	2.609777	171	19	41	566.50
2.356194	0.992645	-1.723759	173	13	46	566.48
0.000000	1.812176	0.656819	172	20	37	566.47
1.832596	0.080730	-2.622036	175	21	42	566.43
-1.308997	0.370812	-2.547742	180	16	43	566.34
1.308997	2.863997	0.549740	166	9	37	566.29
0.785398	2.138223	1.678323	177	11	43	566.28
-1.047198	2.478122	2.609777	170	16	39	566.25
0.523599	2.153910	-1.714959	180	13	46	566.25
0.261799	0.709924	0.218797	165	10	37	566.21
-2.879793	1.135813	-2.658866	180	22	45	566.15
0.000000	1.214854	-1.966664	180	18	45	566.06
2.879793	2.587733	0.232235	166	20	39	566.06
-0.261799	1.135834	-1.431087	175	18	43	566.05
-0.261799	1.699788	2.452890	172	26	46	565.96
-0.785398	0.709924	0.218797	169	19	37	565.90
0.785398	1.732874	-0.951685	170	9	46	565.89
-0.261799	1.872854	1.543456	175	17	46	565.84
0.785398	1.025536	1.576859	22	188	9	565.83
0.523599	1.574060	2.783565	170	15	42	565.83
-2.094395	2.396274	-1.959260	169	16	47	565.81
0.261799	2.247462	0.191623	165	20	37	565.70
-2.617994	1.135813	-2.658866	179	20	45	565.70
0.785398	0.418037	1.360082	172	24	41	565.64
-1.832596	0.906588	1.252948	176	13	40	565.63
1.308997	0.297065	2.160177	174	22	41	565.63
0.785398	0.640596	-2.797608	169	12	35	565.59
-2.617994	2.396274	-1.959260	167	18	38	565.41
-1.308997	2.164094	-2.991358	174	14	40	565.40
1.308997	0.929350	-2.910676	173	10	37	565.36
-1.832596	0.370812	-2.547742	170	29	31	565.33
-2.617994	0.618092	2.539118	172	12	37	565.33
0.785398	0.203748	0.590255	177	32	39	565.32
1.308997	2.881233	-2.582574	170	11	39	565.31
-1.047198	1.391910	3.030322	173	16	39	565.22
-0.785398	1.766067	2.153843	172	21	45	565.20
-3.141593	2.592629	0.909713	171	23	44	565.19
1.308997	0.080730	-2.622036	175	22	41	565.18
0.000000	2.979456	-1.009304	172	8	42	565.17
-2.879793	2.343981	-1.040456	185	24	48	565.15
0.785398	1.413430	2.550734	170	12	45	565.14
-1.308997	0.961715	0.014085	174	17	42	565.09
-0.785398	1.812176	0.656819	182	16	47	564.94
1.570796	1.812176	0.656819	178	19	44	564.88
0.785398	2.579248	-2.364801	174	18	42	564.81
-2.094395	1.554776	0.100351	173	6	37	564.77
-2.356194	2.174483	2.653697	178	23	43	564.75
2.094395	2.153910	-1.714959	175	18	44	564.68
-1.047198	2.180315	-1.357379	174	19	50	564.67
-1.047198	2.073035	2.027405	171	19	47	564.64
1.047198	2.299159	2.264663	177	6	43	564.63
-1.832596	0.831641	0.616218	175	19	39	564.60
-2.356194	1.504028	0.636812	173	8	43	564.51
-1.832596	2.187132	-0.479875	170	21	37	564.46
1.832596	1.335669	0.897240	173	29	46	564.45
1.308997	2.724429	-0.348782	178	8	43	564.44
0.000000	1.128190	-2.288622	175	17	41	564.40
1.308997	1.766067	2.153843	173	9	43	564.34
-1.570796	1.433411	-1.035986	177	23	50	564.33
1.047198	0.914445	2.687814	161	168	4	564.32
-2.356194	2.455966	-0.641220	31	173	4	564.31
-0.785398	1.413347	-1.339188	182	22	51	564.30
1.047198	1.554776	0.100351	170	14	39	564.23
1.570796	2.704512	1.488683	168	13	38	564.19
-1.570796	0.419640	2.974122	169	6	38	564.16
2.617994	2.719179	-1.780644	175	13	41	564.16
-1.047198	1.736875	3.023612	173	13	38	564.14
0.523599	1.846342	-1.796954	177	13	45	564.13
1.308997	1.194549	-0.801900	171	10	45	564.12
1.308997	1.310100	1.488307	173	10	41	564.03
-1.832596	0.297065	2.160177	164	17	34	564.00
1.047198	1.488617	1.159546	180	29	49	564.00
-0.523599	2.863997	0.549740	172	20	40	563.96
-1.832596	1.504028	0.636812	177	10	43	563.95
2.617994	2.251330	-2.330739	50	170	175	563.87
-2.879793	1.025536	1.576859	176	8	41	563.77
-3.141593	1.599406	1.426070	177	12	47	563.63
1.047198	1.870545	-2.976234	171	8	37	563.61
-1.570796	2.001437	0.381215	176	13	45	563.59
-1.047198	0.379747	-1.713059	172	17	35	563.56
1.832596	2.587733	0.232235	177	4	38	563.49
-1.308997	1.683268	0.374177	182	13	46	563.47
-1.570796	0.615174	-0.666022	182	21	46	563.43
2.617994	1.113094	-0.272241	168	17	36	563.41
1.832596	1.168678	2.108595	171	6	40	563.40
-2.617994	1.014500	0.906702	179	11	44	563.39
-2.617994	0.203748	0.590255	172	17	39	563.34
-0.261799	0.496451	0.593859	164	14	38	563.33
1.047198	0.866955	-0.931351	174	16	49	563.30
-1.047198	1.242974	-2.977882	174	10	35	563.24
-1.570796	0.571433	-1.188419	188	18	50	563.22
1.047198	0.571433	-1.188419	171	21	47	563.22
-2.879793	1.014500	0.906702	174	9	44	563.19
-2.094395	0.700570	1.559208	178	16	42	563.18
-1.570796	2.180315	-1.357379	171	21	47	563.16
1.570796	1.440580	2.260026	177	19	46	563.14
-1.047198	2.393226	1.857173	168	13	44	563.13
-2.617994	0.591903	2.010408	172	12	36	563.09
0.261799	1.836682	-0.676006	177	24	46	563.07
-0.261799	1.875281	0.107086	175	21	41	563.03
0.261799	0.762244	-0.273349	166	14	40	563.03
2.094395	2.478122	2.609777	173	14	41	563.02
-1.308997	1.113094	-0.272241	172	24	44	563.01
-0.785398	1.135834	-1.431087	182	13	49	563.00
-1.308997	1.045978	0.343692	172	18	40	562.98
2.094395	1.846342	-1.796954	180	17	50	562.96
1.047198	0.906588	1.252948	22	0	7	562.96
1.832596	0.899350	-2.069907	177	30	47	562.96
1.047198	2.396274	-1.959260	177	20	44	562.91
1.308997	2.588535	-2.976617	172	8	39	562.89
-1.832596	2.153910	-1.714959	173	16	49	562.85
-1.308997	2.073035	2.027405	171	21	45	562.83
-1.047198	0.866955	-0.931351	179	18	47	562.80
1.047198	2.979456	-1.009304	176	12	40	562.80
-1.047198	2.073035	2.027405	172	19	48	562.78
2.617994	0.850607	-1.335383	174	10	45	562.75
0.000000	0.674054	1.013609	180	26	43	562.73
-3.141593	1.555207	1.708892	180	13	48	562.70
2.879793	2.719179	-1.780644	174	12	40	562.70
1.570796	0.910508	1.903534	166	10	37	562.60
0.785398	1.977582	0.969896	172	20	40	562.60
2.094395	1.662363	0.915448	171	18	41	562.58
1.570796	2.863997	0.549740	171	8	39	562.56
0.785398	2.247462	0.191623	168	12	37	562.51
-1.832596	1.756530	-2.105156	168	8	41	562.48
0.000000	0.929350	-2.910676	171	17	39	562.48
-2.617994	2.138223	1.678323	176	16	45	562.42
-1.832596	2.063651	-2.044600	176	10	50	562.41
1.832596	1.870545	-2.976234	174	15	41	562.39
1.570796	2.089241	-0.114193	174	5	37	562.35
-0.523599	1.506530	1.988858	178	21	48	562.33
-0.261799	0.899350	-2.069907	176	18	41	562.20
2.617994	0.929350	-2.910676	169	18	41	562.16
-1.308997	0.458961	-0.107937	176	16	40	562.10
-0.785398	2.379497	0.561089	176	4	37	562.01
-0.523599	2.356369	3.005869	170	16	39	562.00
-2.356194	1.335669	0.897240	176	3	44	561.98
2.617994	0.914445	2.687814	174	19	41	561.94
1.570796	1.574060	2.783565	180	14	45	561.93
2.879793	2.592629	0.909713	173	14	40	561.89
-2.356194	0.619654	-2.216909	171	6	41	561.89
1.832596	0.762244	-0.273349	181	5	44	561.88
1.047198	2.724429	-0.348782	173	190	38	561.87
2.879793	1.045978	0.343692	171	14	42	561.85
0.000000	1.574060	2.783565	168	24	42	561.83
0.261799	0.700570	1.559208	171	20	39	561.82
1.832596	1.809167	1.213774	176	18	46	561.79
1.570796	2.592629	0.909713	171	10	39	561.79
-1.047198	0.615174	-0.666022	180	23	47	561.73
0.523599	2.979456	-1.009304	179	8	44	561.71
-2.617994	1.433411	-1.035986	181	27	50	561.70
2.356194	2.349581	-2.702517	173	24	43	561.62
2.879793	0.866395	-2.492918	168	22	42	561.61
1.832596	1.506530	1.988858	174	7	41	561.57
-2.094395	2.719179	-1.780644	167	22	45	561.52
0.523599	1.374601	-2.456031	180	24	45	561.47
-2.879793	1.555207	1.708892	180	15	48	561.33
1.570796	1.554776	0.100351	175	21	40	561.30
0.261799	1.741644	-2.695914	178	22	43	561.27
-1.570796	2.247462	0.191623	170	26	34	561.26
-0.785398	0.960688	-0.577532	178	23	49	561.26
-2.094395	2.455966	-0.641220	172	22	39	561.25
2.356194	2.174483	2.653697	173	11	39	561.16
1.308997	1.050534	3.042579	170	9	36	561.09
2.094395	2.295480	1.008277	172	20	42	561.07
2.356194	1.870545	-2.976234	167	20	38	561.04
2.356194	1.836682	-0.676006	176	11	43	561.04
-1.570796	1.050534	3.042579	170	16	36	561.04
-1.047198	1.982574	-1.115518	175	22	49	561.00
-3.141593	1.766067	2.153843	179	14	44	560.99
-0.261799	0.615174	-0.666022	173	18	41	560.98
2.094395	0.080730	-2.622036	175	19	42	560.98
2.879793	2.984978	1.954446	170	6	38	560.98
-3.141593	0.914445	2.687814	168	18	36	560.96
-2.617994	2.396274	-1.959260	168	22	45	560.95
2.356194	2.115563	0.685730	173	22	43	560.95
-1.047198	2.587733	0.232235	171	23	37	560.88
2.617994	0.619654	-2.216909	169	20	44	560.87
-2.356194	1.606104	-0.451151	176	21	40	560.86
1.047198	0.458961	-0.107937	168	8	40	560.85
1.047198	2.881233	-2.582574	168	13	39	560.84
-0.523599	0.418037	1.360082	170	14	40	560.76
-2.356194	1.184361	0.625864	175	4	42	560.73
-0.785398	0.960688	-0.577532	177	23	49	560.70
-1.832596	2.637879	2.121598	174	19	44	560.70
0.523599	1.574060	2.783565	169	14	42	560.68
0.523599	0.571433	-1.188419	171	24	44	560.61
-0.261799	1.168678	2.108595	173	25	43	560.58
1.832596	0.899350	-2.069907	168	26	44	560.57
-2.094395	0.370812	-2.547742	172	3	38	560.52
2.094395	2.456751	-1.503343	178	19	46	560.51
1.308997	0.929350	-2.910676	174	10	37	560.47
-2.879793	1.555207	1.708892	175	11	42	560.46
-0.785398	1.301460	-0.509251	172	17	45	560.39
1.832596	2.153910	-1.714959	173	19	43	560.37
1.570796	1.247695	1.809890	172	12	45	560.35
2.879793	0.831641	0.616218	188	23	43	560.28
-0.523599	0.615174	-0.666022	173	20	41	560.24
0.785398	2.407836	1.410646	173	15	40	560.16
1.047198	2.664082	-1.071402	179	18	46	560.16
-2.094395	2.073035	2.027405	177	14	43	560.12
-1.570796	1.247695	1.809890	183	15	45	560.12
-1.047198	1.050534	3.042579	176	17	41	560.08
-1.047198	0.203748	0.590255	169	25	40	560.08
-1.570796	1.982574	-1.115518	173	25	48	560.07
2.356194	1.050534	3.042579	168	26	38	560.05
0.523599	0.591903	2.010408	169	17	40	559.97
-0.523599	2.041297	-2.664597	174	11	38	559.97
2.094395	1.325504	-1.671296	175	16	51	559.89
0.785398	2.063651	-2.044600	175	23	42	559.87
-1.047198	0.685216	-1.712745	188	15	49	559.85
-2.879793	0.418037	1.360082	174	15	40	559.76
0.523599	0.910508	1.903534	168	26	43	559.75
-1.832596	2.724429	-0.348782	177	10	40	559.74
-2.879793	2.073035	2.027405	173	19	41	559.69
1.832596	2.719179	-1.780644	176	13	42	559.67
2.094395	0.297065	2.160177	174	2	37	559.66
1.308997	0.418037	1.360082	34	172	4	559.60
-0.523599	2.041297	-2.664597	54	173	183	559.60
-2.879793	2.108018	1.311430	171	14	41	559.58
1.570796	0.700570	1.559208	165	18	41	559.52
1.832596	1.982574	-1.115518	172	14	41	559.43
1.308997	1.413430	2.550734	173	14	44	559.41
2.617994	0.418037	1.360082	171	8	39	559.34
2.617994	0.709924	0.218797	167	15	38	559.33
-1.832596	1.569311	-3.003978	177	15	43	559.32
-1.047198	0.418037	1.360082	164	16	35	559.21
-1.832596	1.448123	-2.163292	174	6	44	559.20
-2.879793	1.134796	2.434290	177	18	43	559.14
1.308997	1.977582	0.969896	173	18	41	559.10
-0.785398	1.168678	2.108595	182	28	47	559.09
-3.141593	1.696674	-1.253233	181	15	47	559.07
2.094395	1.574060	2.783565	175	12	41	558.99
-3.141593	0.080730	-2.622036	165	15	39	558.98
-2.617994	1.301460	-0.509251	177	21	42	558.97
2.094395	0.496451	0.593859	168	14	38	558.84
2.617994	1.045978	0.343692	170	16	42	558.83
0.785398	2.407836	1.410646	173	17	41	558.81
1.832596	0.914445	2.687814	173	9	39	558.81
-1.832596	1.247695	1.809890	186	17	47	558.79
2.356194	1.113094	-0.272241	178	8	39	558.74
2.356194	0.906588	1.252948	168	10	41	558.69
-0.261799	0.379747	-1.713059	179	24	43	558.66
-2.879793	2.104282	-0.813972	178	14	43	558.59
-0.785398	1.982574	-1.115518	172	20	48	558.59
-3.141593	0.709924	0.218797	184	19	43	558.58
1.047198	2.073035	2.027405	177	7	42	558.57
1.570796	2.247462	0.191623	173	5	36	558.51
-2.617994	1.599406	1.426070	177	12	47	558.50
1.832596	2.379497	0.561089	173	9	39	558.48
-0.785398	1.374601	-2.456031	181	14	45	558.43
1.832596	1.982574	-1.115518	178	15	47	558.34
-2.879793	0.864993	2.278281	177	15	42	558.23
1.570796	0.831641	0.616218	169	18	37	558.23
-1.570796	1.683268	0.374177	181	15	46	558.22
-2.879793	1.998705	2.370472	176	13	41	558.18
1.832596	2.396274	-1.959260	177	22	45	558.10
0.261799	1.135834	-1.431087	174	22	46	558.10
2.094395	1.756530	-2.105156	175	21	48	558.09
-2.094395	2.863997	0.549740	168	7	37	558.09
-0.785398	2.356369	3.005869	173	18	41	558.09
0.000000	2.089241	-0.114193	172	22	43	558.08
-2.617994	2.343981	-1.040456	180	19	46	558.03
-0.523599	1.872854	1.543456	182	12	50	558.01
2.879793	0.850607	-1.335383	29	170	9	558.00
-2.617994	2.587733	0.232235	167	9	38	557.97
2.879793	1.440580	2.260026	175	13	41	557.94
-1.308997	0.700570	1.559208	163	18	32	557.93
-1.308997	0.899350	-2.069907	183	21	46	557.93
-3.141593	0.591903	2.010408	175	12	40	557.93
-1.308997	1.662363	0.915448	178	11	43	557.91
-1.832596	1.506530	1.988858	183	21	47	557.91
-2.094395	2.187132	-0.479875	176	10	39	557.91
0.261799	0.910508	1.903534	170	19	41	557.85
-2.094395	1.014500	0.906702	175	26	39	557.84
-1.047198	0.700570	1.559208	169	16	38	557.84
-2.879793	0.591903	2.010408	179	17	43	557.84
1.047198	0.929350	-2.910676	170	11	36	557.83
-2.094395	2.073035	2.027405	180	18	47	557.73
-1.308997	1.413347	-1.339188	178	18	50	557.70
2.879793	2.456751	-1.503343	176	12	43	557.68
-0.523599	1.391910	3.030322	176	12	40	557.66
-2.356194	1.218453	2.777284	180	20	43	557.55
2.094395	0.618092	2.539118	182	31	40	557.53
-1.832596	0.458961	-0.107937	186	26	46	557.52
1.047198	2.247462	0.191623	173	11	42	557.50
-0.523599	1.836682	-0.676006	170	28	46	557.47
0.785398	1.510910	-0.740472	165	10	41	557.46
2.617994	0.674054	1.013609	164	11	39	557.45
1.570796	1.433411	-1.035986	179	12	49	557.44
-0.523599	2.724429	-0.348782	164	24	40	557.43
-2.617994	0.203748	0.590255	173	17	39	557.40
-1.047198	1.545873	-1.877082	183	11	49	557.40
-2.617994	0.290380	-0.796960	171	23	35	557.38
-0.523599	1.448123	-2.163292	179	15	45	557.37
-1.832596	1.699788	2.452890	174	18	41	557.34
2.356194	0.290380	-0.796960	177	8	46	557.33
2.879793	1.256302	0.062705	169	18	42	557.33
-2.617994	2.760637	2.781135	175	16	42	557.31
-0.261799	2.478122	2.609777	166	16	42	557.29
0.785398	2.478122	2.609777	178	16	45	557.23
-1.047198	1.128190	-2.288622	177	15	42	557.19
0.523599	1.617114	-1.572037	176	20	50	557.15
-0.261799	0.866955	-0.931351	173	17	41	557.14
-0.261799	0.458961	-0.107937	172	20	45	557.13
-1.832596	2.001437	0.381215	174	15	45	557.13
-0.785398	1.982574	-1.115518	170	13	46	557.08
-0.261799	0.419640	2.974122	181	21	43	557.08
0.000000	1.662363	0.915448	183	15	48	557.07
1.570796	0.618092	2.539118	176	17	42	557.04
2.356194	2.343981	-1.040456	180	19	47	556.95
-1.570796	0.418037	1.360082	168	22	36	556.90
-3.141593	0.458961	-0.107937	174	24	37	556.88
1.308997	2.356369	3.005869	178	12	44	556.88
-1.308997	1.756530	-2.105156	179	7	46	556.86
2.094395	1.413430	2.550734	180	17	45	556.80
2.879793	0.591903	2.010408	177	17	43	556.80
2.094395	1.301460	-0.509251	174	11	41	556.78
-2.617994	2.108018	1.311430	172	12	41	556.76
2.094395	2.719179	-1.780644	174	15	41	556.71
1.047198	1.836682	-0.676006	170	3	42	556.60
2.879793	1.721184	-0.153948	167	14	34	556.56
-3.141593	1.218453	2.777284	176	19	42	556.54
2.879793	1.574060	2.783565	166	16	34	556.53
0.261799	1.310100	1.488307	180	24	48	556.52
1.047198	1.741644	-2.695914	177	19	43	556.48
0.523599	2.579248	-2.364801	167	19	37	556.48
0.523599	0.290380	-0.796960	167	22	41	556.47
-1.832596	1.367556	0.358405	172	19	34	556.40
-1.308997	2.164094	-2.991358	48	186	170	556.39
-1.570796	0.685216	-1.712745	175	11	41	556.38
1.047198	2.455966	-0.641220	176	11	44	556.37
-2.617994	1.977582	0.969896	168	14	45	556.30
-3.141593	1.555207	1.708892	179	14	48	556.30
1.308997	2.379497	0.561089	180	29	43	556.29
1.308997	2.579248	-2.364801	176	16	43	556.24
0.261799	1.574060	2.783565	168	19	42	556.24
-0.261799	2.979456	-1.009304	169	11	42	556.21
-2.094395	1.998705	2.370472	182	22	47	556.20
2.094395	1.696674	-1.253233	50	177	173	556.20
-1.308997	2.664082	-1.071402	168	25	45	556.17
-2.094395	1.809167	1.213774	175	10	47	556.16
0.785398	1.135834	-1.431087	168	23	45	556.12
-1.832596	1.214854	-1.966664	51	180	169	556.12
1.832596	2.349581	-2.702517	171	14	39	556.12
0.261799	0.866955	-0.931351	170	20	44	556.07
-1.832596	1.014500	0.906702	173	25	39	556.00
-2.879793	2.180315	-1.357379	179	16	46	555.99
0.000000	2.033014	2.977192	165	20	39	555.95
0.523599	1.683268	0.374177	172	22	39	555.94
2.617994	2.379497	0.561089	172	15	41	555.93
-2.356194	0.733948	3.021411	166	12	35	555.83
-1.047198	0.914445	2.687814	179	15	42	555.81
-2.617994	2.138223	1.678323	174	16	43	555.77
-2.879793	0.418037	1.360082	48	175	170	555.72
2.094395	1.977582	0.969896	174	21	43	555.72
0.000000	1.195355	1.200319	177	19	45	555.72
-2.094395	1.014500	0.906702	182	12	44	555.71
-0.523599	0.685216	-1.712745	179	21	44	555.70
1.832596	0.619654	-2.216909	172	27	44	555.69
-0.261799	2.115563	0.685730	171	21	36	555.67
0.261799	1.168678	2.108595	171	22	45	555.65
1.308997	1.242974	-2.977882	173	7	37	555.65
2.617994	1.194549	-0.801900	178	11	42	555.63
1.308997	1.569311	-3.003978	182	28	43	555.62
-1.570796	2.724429	-0.348782	177	20	45	555.55
0.523599	0.458961	-0.107937	165	14	41	555.49
-2.617994	2.180315	-1.357379	179	15	46	555.48
-1.832596	1.812176	0.656819	174	11	43	555.44
0.523599	0.733948	3.021411	175	17	42	555.39
0.523599	1.374601	-2.456031	180	23	45	555.30
1.832596	0.700570	1.559208	165	11	35	555.28
0.261799	1.606104	-0.451151	173	26	43	555.28
-0.785398	1.168678	2.108595	176	28	43	555.24
-1.308997	0.960688	-0.577532	176	22	46	555.20
-3.141593	0.831641	0.616218	186	25	43	555.19
-0.785398	1.242974	-2.977882	175	15	40	555.19
-1.832596	0.700570	1.559208	177	10	39	555.17
-2.094395	0.591903	2.010408	170	11	34	555.07
-2.094395	2.637879	2.121598	172	18	41	555.07
-2.356194	0.831641	0.616218	175	22	38	554.89
-1.570796	1.699788	2.452890	175	15	41	554.88
-2.094395	0.619654	-2.216909	176	11	46	554.86
2.356194	2.455966	-0.641220	176	10	41	554.84
2.356194	1.756530	-2.105156	174	19	49	554.81
0.000000	1.433411	-1.035986	169	15	39	554.81
-0.523599	0.899350	-2.069907	182	21	46	554.73
-0.261799	0.419640	2.974122	168	17	34	554.63
0.000000	2.299159	2.264663	173	13	47	554.58
1.047198	2.478122	2.609777	177	10	44	554.57
-2.879793	1.256302	0.062705	182	25	42	554.54
1.308997	2.456751	-1.503343	178	20	45	554.52
1.308997	1.504028	0.636812	173	17	39	554.38
1.832596	2.881233	-2.582574	175	21	44	554.37
1.832596	0.619654	-2.216909	173	30	45	554.36
1.570796	0.700570	1.559208	166	19	42	554.30
0.785398	2.247462	0.191623	166	13	37	554.28
-0.785398	1.218453	2.777284	177	14	41	554.23
-2.879793	2.760637	2.781135	167	8	38	554.20
1.308997	1.606104	-0.451151	172	17	43	554.20
-3.141593	0.379747	-1.713059	171	8	43	554.19
-0.785398	1.909857	-0.381669	166	14	39	554.16
-0.785398	0.618092	2.539118	172	8	37	554.15
1.570796	2.592629	0.909713	172	9	39	554.11
0.523599	1.374601	-2.456031	179	21	44	554.10
-3.141593	0.992645	-1.723759	171	11	43	554.08
-1.570796	1.569311	-3.003978	174	6	35	554.01
-2.356194	0.496451	0.593859	180	23	43	553.98
0.261799	0.866955	-0.931351	171	20	46	553.94
1.308997	1.448123	-2.163292	176	14	41	553.86
2.356194	1.440580	2.260026	178	8	43	553.83
0.785398	1.450119	-2.739050	172	13	38	553.82
2.617994	1.736875	3.023612	169	20	39	553.80
-2.879793	2.478122	2.609777	171	16	38	553.80
-2.879793	2.579248	-2.364801	165	22	42	553.79
-0.523599	0.571433	-1.188419	176	22	43	553.78
1.308997	1.574060	2.783565	178	14	45	553.75
-1.832596	1.417623	-0.202254	176	3	37	553.72
-0.523599	0.899350	-2.069907	175	18	41	553.71
-2.356194	1.555207	1.708892	184	15	50	553.70
2.094395	1.184361	0.625864	173	19	45	553.70
-1.832596	0.571433	-1.188419	177	13	42	553.68
-1.832596	1.846342	-1.796954	169	13	45	553.68
2.094395	2.164094	-2.991358	169	14	38	553.66
0.523599	1.545873	-1.877082	180	25	49	553.63
-2.879793	2.579248	-2.364801	164	23	42	553.61
0.261799	2.108018	1.311430	177	13	45	553.60
2.879793	0.370812	-2.547742	167	18	40	553.60
2.094395	2.299159	2.264663	172	14	40	553.58
2.879793	0.709924	0.218797	184	21	44	553.53
-1.570796	1.875281	0.107086	178	10	43	553.53
1.832596	0.418037	1.360082	162	17	36	553.48
-1.047198	0.203748	0.590255	173	18	40	553.46
-1.047198	1.870545	-2.976234	174	13	40	553.46
-2.094395	1.488617	1.159546	180	6	47	553.43
-2.094395	1.413430	2.550734	177	18	43	553.25
0.523599	1.756530	-2.105156	178	16	45	553.19
-1.308997	1.325504	-1.671296	186	18	51	553.19
1.047198	2.704512	1.488683	170	16	40	553.17
-0.261799	1.545873	-1.877082	179	16	45	553.12
0.785398	1.218453	2.777284	169	12	41	553.01
0.785398	1.606104	-0.451151	172	22	43	553.01
-0.785398	1.569311	-3.003978	172	13	35	553.00
-0.523599	1.982574	-1.115518	172	18	48	553.00
2.879793	1.440580	2.260026	177	11	42	552.99
-0.261799	2.295480	1.008277	177	12	44	552.98
-2.094395	0.864993	2.278281	174	14	39	552.96
-2.879793	1.450119	-2.739050	177	22	44	552.89
1.308997	2.251330	-2.330739	176	25	43	552.87
1.047198	2.247462	0.191623	172	12	42	552.80
1.047198	0.458961	-0.107937	170	7	41	552.80
0.785398	1.367556	0.358405	173	23	38	552.80
1.832596	1.025536	1.576859	171	15	47	552.77
1.308997	1.872854	1.543456	176	16	46	552.71
0.261799	2.187132	-0.479875	175	20	46	552.70
0.785398	2.404280	-0.174044	175	14	45	552.69
-0.785398	2.108018	1.311430	174	16	46	552.68
-1.570796	1.195355	1.200319	184	18	46	552.67
-1.047198	0.496451	0.593859	172	15	37	552.64
1.570796	0.929350	-2.910676	175	17	41	552.62
-1.308997	0.290380	-0.796960	176	17	41	552.57
-1.832596	1.194549	-0.801900	172	18	42	552.57
-0.261799	0.418037	1.360082	178	30	40	552.55
1.570796	2.063651	-2.044600	182	23	49	552.52
-2.617994	1.599406	1.426070	176	13	47	552.51
-1.047198	1.662363	0.915448	181	20	48	552.44
0.523599	1.545873	-1.877082	181	24	50	552.41
-0.523599	0.591903	2.010408	172	8	37	552.41
1.570796	2.404280	-0.174044	174	8	40	552.40
-0.785398	2.579248	-2.364801	176	7	41	552.35
2.617994	0.910508	1.903534	182	6	47	552.33
-2.094395	2.108018	1.311430	171	14	46	552.33
1.047198	2.115563	0.685730	175	22	43	552.29
-1.832596	1.050534	3.042579	174	9	38	552.27
1.570796	1.113094	-0.272241	177	3	40	552.23
2.617994	2.979456	-1.009304	176	16	43	552.23
-1.047198	0.914445	2.687814	178	16	41	552.22
2.094395	2.033014	2.977192	170	30	38	552.14
-2.356194	2.063651	-2.044600	167	13	40	552.12
-2.356194	2.719179	-1.780644	169	26	46	552.12
-0.785398	1.658653	-2.409879	180	12	45	552.05
1.308997	2.664082	-1.071402	179	18	46	551.98
0.261799	1.374601	-2.456031	178	14	42	551.94
2.879793	2.164094	-2.991358	162	18	35	551.94
1.308997	1.194549	-0.801900	178	14	49	551.93
-2.617994	1.242974	-2.977882	175	13	43	551.92
2.879793	2.247462	0.191623	170	22	42	551.88
-1.570796	1.448123	-2.163292	180	7	47	551.87
-0.523599	0.615174	-0.666022	182	27	49	551.85
-1.570796	1.135813	-2.658866	177	9	41	551.83
1.570796	1.014500	0.906702	170	15	38	551.79
1.047198	2.637879	2.121598	174	23	43	551.71
-2.094395	0.496451	0.593859	179	23	43	551.70
0.785398	1.310100	1.488307	49	179	164	551.69
0.261799	1.450119	-2.739050	166	18	35	551.69
-0.785398	0.297065	2.160177	172	4	38	551.69
0.000000	2.393226	1.857173	179	17	48	551.67
-1.308997	0.640596	-2.797608	174	14	41	551.64
0.523599	0.866395	-2.492918	177	19	43	551.63
1.308997	0.899350	-2.069907	170	20	42	551.61
-2.617994	0.591903	2.010408	175	12	40	551.56
-3.141593	1.113094	-0.272241	167	15	38	551.55
1.308997	1.574060	2.783565	174	11	43	551.53
-2.356194	1.569311	-3.003978	182	25	43	551.52
1.308997	1.488617	1.159546	178	28	49	551.52
1.047198	1.194549	-0.801900	177	13	49	551.48
-1.047198	1.846342	-1.796954	179	10	48	551.46
-1.832596	1.756530	-2.105156	172	10	46	551.45
-2.879793	2.455966	-0.641220	177	12	42	551.40
2.094395	1.367556	0.358405	171	19	41	551.36
0.785398	1.050534	3.042579	167	6	35	551.32
-1.570796	2.979456	-1.009304	164	22	34	551.32
-2.094395	1.998705	2.370472	183	22	47	551.30
2.094395	2.704512	1.488683	176	15	44	551.29
0.261799	1.574060	2.783565	167	18	42	551.28
1.570796	1.335669	0.897240	175	19	46	551.21
-0.523599	0.674054	1.013609	167	15	38	551.21
-1.570796	2.379497	0.561089	172	13	43	551.19
0.261799	1.736875	3.023612	167	19	40	551.15
0.523599	1.247695	1.809890	173	21	45	551.14
-2.617994	1.301460	-0.509251	176	22	41	551.11
2.879793	1.506530	1.988858	173	14	40	551.10
-2.879793	0.914445	2.687814	169	16	37	551.09
-2.356194	1.554776	0.100351	171	8	38	551.09
-1.570796	1.025536	1.576859	179	14	42	550.99
2.617994	0.640596	-2.797608	168	14	38	550.99
0.000000	0.960688	-0.577532	168	19	45	550.98
2.356194	2.063651	-2.044600	179	23	50	550.96
-0.523599	0.297065	2.160177	172	29	37	550.94
0.785398	0.910508	1.903534	167	23	43	550.89
0.785398	1.736875	3.023612	168	12	38	550.89
2.094395	2.295480	1.008277	173	20	42	550.87
0.000000	1.875281	0.107086	176	26	43	550.84
-0.523599	1.256302	0.062705	168	19	42	550.82
1.570796	0.080730	-2.622036	174	12	39	550.82
1.047198	1.391910	3.030322	170	11	39	550.78
-0.785398	2.001437	0.381215	182	13	45	550.75
2.094395	1.809167	1.213774	175	17	44	550.74
0.523599	1.247695	1.809890	173	22	47	550.72
2.356194	1.310100	1.488307	175	13	49	550.72
-3.141593	1.766067	2.153843	176	16	42	550.69
0.000000	0.418037	1.360082	174	28	39	550.66
1.308997	1.569311	-3.003978	181	28	43	550.63
1.308997	0.619654	-2.216909	168	22	39	550.63
-0.523599	1.766067	2.153843	173	18	45	550.60
-2.356194	2.404280	-0.174044	173	15	41	550.59
-2.356194	2.180315	-1.357379	171	24	44	550.49
-0.785398	2.041297	-2.664597	176	14	41	550.46
2.617994	2.108018	1.311430	181	28	50	550.44
-0.523599	0.615174	-0.666022	172	20	40	550.41
1.570796	1.836682	-0.676006	177	15	46	550.41
-1.832596	0.864993	2.278281	175	12	39	550.39
-0.785398	1.195355	1.200319	175	20	39	550.33
-1.832596	1.869911	2.701025	175	19	41	550.30
2.879793	0.496451	0.593859	186	19	44	550.27
1.047198	1.736875	3.023612	173	11	41	550.18
-1.570796	2.041297	-2.664597	177	11	44	550.15
-0.785398	2.104282	-0.813972	171	27	48	550.15
1.308997	1.168678	2.108595	167	11	39	550.13
-2.879793	1.310100	1.488307	177	10	46	550.12
0.000000	2.704512	1.488683	174	8	40	550.12
1.308997	2.001437	0.381215	175	22	42	550.10
0.523599	2.089241	-0.114193	167	16	40	550.09
0.000000	2.407836	1.410646	175	10	43	550.09
1.832596	1.113094	-0.272241	180	32	40	550.08
0.523599	2.247462	0.191623	168	15	38	550.05
0.261799	0.203748	0.590255	182	32	38	550.04
1.047198	2.579248	-2.364801	171	13	39	550.01
0.261799	1.824694	1.850876	50	180	166	549.95
-1.832596	2.979456	-1.009304	173	16	41	549.93
-0.261799	1.214854	-1.966664	181	20	46	549.92
-1.570796	2.153910	-1.714959	167	12	42	549.90
-3.141593	2.637879	2.121598	180	18	45	549.90
2.094395	1.014500	0.906702	167	24	43	549.88
1.570796	0.297065	2.160177	165	7	34	549.82
-2.356194	1.909857	-0.381669	175	23	38	549.81
0.000000	0.290380	-0.796960	179	26	47	549.78
-3.141593	1.488617	1.159546	173	11	45	549.77
0.261799	1.025536	1.576859	178	26	46	549.74
-1.832596	2.455966	-0.641220	181	20	47	549.71
-2.879793	2.984978	1.954446	174	15	40	549.69
2.617994	1.247695	1.809890	180	8	48	549.69
2.094395	1.025536	1.576859	170	9	41	549.68
2.879793	1.909857	-0.381669	189	23	44	549.66
-1.047198	1.836682	-0.676006	169	15	43	549.63
1.047198	1.025536	1.576859	170	24	46	549.62
2.094395	0.929350	-2.910676	169	25	40	549.58
-0.523599	1.756530	-2.105156	179	13	44	549.57
0.000000	1.247695	1.809890	171	18	43	549.55
-0.523599	1.554776	0.100351	165	17	39	549.55
-2.879793	2.664082	-1.071402	176	12	40	549.48
1.832596	1.870545	-2.976234	176	16	43	549.47
2.356194	2.637879	2.121598	175	11	42	549.45
1.308997	2.637879	2.121598	171	16	39	549.45
-1.308997	1.662363	0.915448	177	11	41	549.44
-2.094395	1.310100	1.488307	176	11	41	549.39
-2.356194	1.554776	0.100351	170	8	37	549.38
0.523599	0.591903	2.010408	165	28	39	549.36
2.617994	1.413430	2.550734	174	13	39	549.35
1.832596	1.413347	-1.339188	179	14	51	549.33
0.261799	2.164094	-2.991358	164	16	35	549.29
-2.094395	2.343981	-1.040456	181	17	47	549.26
-3.141593	2.396274	-1.959260	172	13	42	549.22
-2.356194	1.214854	-1.966664	172	11	47	549.22
-2.356194	1.766067	2.153843	182	18	47	549.16
1.832596	2.393226	1.857173	49	184	177	549.15
-3.141593	1.836682	-0.676006	182	10	44	549.11
-0.785398	2.379497	0.561089	177	10	42	549.07
-1.570796	1.184361	0.625864	171	22	39	549.01
1.308997	1.335669	0.897240	173	17	42	548.91
-0.785398	1.504028	0.636812	170	15	37	548.88
2.094395	2.343981	-1.040456	173	12	40	548.83
-1.832596	2.041297	-2.664597	175	12	44	548.81
1.308997	0.850607	-1.335383	176	21	50	548.78
1.047198	1.998705	2.370472	173	6	40	548.73
1.570796	0.850607	-1.335383	166	12	43	548.66
-2.094395	0.831641	0.616218	177	8	39	548.66
-1.570796	0.080730	-2.622036	169	25	34	548.58
-1.832596	1.440580	2.260026	182	21	45	548.56
-2.879793	2.343981	-1.040456	176	16	44	548.54
-0.523599	1.325504	-1.671296	175	15	43	548.54
0.000000	2.187132	-0.479875	163	14	39	548.48
-2.094395	0.733948	3.021411	165	12	35	548.46
0.261799	1.812176	0.656819	171	24	38	548.42
2.356194	1.488617	1.159546	173	21	49	548.41
-2.879793	0.419640	2.974122	174	12	41	548.39
2.356194	1.135813	-2.658866	165	26	40	548.35
2.879793	2.588535	-2.976617	162	22	37	548.34
-2.356194	0.709924	0.218797	174	22	38	548.33
1.047198	2.251330	-2.330739	188	26	48	548.33
-2.617994	1.135813	-2.658866	168	16	41	548.33
-0.785398	0.619654	-2.216909	177	22	42	548.32
2.094395	0.458961	-0.107937	172	28	39	548.21
0.785398	0.831641	0.616218	182	29	46	548.19
1.832596	2.063651	-2.044600	181	23	49	548.19
2.094395	1.977582	0.969896	180	30	48	548.15
-0.523599	1.128190	-2.288622	173	14	38	548.15
0.785398	0.850607	-1.335383	177	23	50	548.11
-0.523599	2.073035	2.027405	175	18	49	548.11
-1.570796	2.592629	0.909713	172	5	42	548.07
1.308997	2.704512	1.488683	172	14	41	548.06
0.261799	0.297065	2.160177	167	15	34	548.03
-2.879793	2.104282	-0.813972	175	10	38	547.96
-0.261799	2.251330	-2.330739	175	13	40	547.93
-2.617994	2.033014	2.977192	173	13	40	547.90
-1.570796	2.138223	1.678323	174	12	42	547.87
0.261799	1.909857	-0.381669	173	22	44	547.86
-0.785398	0.700570	1.559208	168	13	36	547.81
1.308997	1.741644	-2.695914	177	21	43	547.79
-1.570796	1.683268	0.374177	180	14	46	547.79
-2.879793	2.138223	1.678323	174	18	44	547.78
0.523599	1.836682	-0.676006	175	20	46	547.72
1.308997	2.760637	2.781135	172	17	41	547.68
-1.308997	2.704512	1.488683	166	9	40	547.65
2.879793	1.721184	-0.153948	166	16	34	547.65
2.356194	2.174483	2.653697	171	10	37	547.64
-2.094395	2.588535	-2.976617	172	16	42	547.63
-0.523599	1.554776	0.100351	166	17	39	547.58
-2.879793	0.496451	0.593859	177	23	41	547.57
-1.047198	0.618092	2.539118	30	6	2	547.49
-0.785398	2.001437	0.381215	174	24	39	547.48
2.879793	0.419640	2.974122	176	22	42	547.47
-1.832596	2.478122	2.609777	177	27	44	547.47
-1.047198	1.413347	-1.339188	181	21	51	547.41
-3.141593	0.831641	0.616218	166	10	39	547.40
0.785398	0.591903	2.010408	164	23	39	547.36
0.785398	1.809167	1.213774	178	10	43	547.34
2.879793	0.379747	-1.713059	173	13	47	547.27
-0.261799	1.870545	-2.976234	173	15	40	547.24
-1.308997	1.448123	-2.163292	183	7	47	547.23
0.785398	0.910508	1.903534	169	22	44	547.20
0.523599	1.606104	-0.451151	172	23	43	547.16
0.261799	1.195355	1.200319	178	20	48	547.15
0.523599	0.615174	-0.666022	168	19	45	547.14
-2.879793	0.080730	-2.622036	167	13	42	547.09
0.261799	2.063651	-2.044600	178	13	44	546.94
1.308997	1.391910	3.030322	175	11	41	546.85
-3.141593	1.824694	1.850876	181	19	49	546.85
-3.141593	0.458961	-0.107937	181	18	44	546.83
-2.617994	1.135834	-1.431087	173	13	40	546.81
-2.356194	2.033014	2.977192	175	11	41	546.76
1.832596	1.113094	-0.272241	179	31	40	546.75
2.356194	0.496451	0.593859	186	16	44	546.74
0.000000	1.134497	-1.109631	178	21	51	546.74
-1.308997	1.948085	-2.363031	178	14	46	546.68
0.000000	1.824694	1.850876	173	14	44	546.64
-0.785398	2.299159	2.264663	166	18	43	546.61
-1.570796	0.458961	-0.107937	176	17	40	546.60
-0.523599	2.863997	0.549740	177	4	36	546.59
1.832596	1.812176	0.656819	175	15	41	546.58
0.523599	0.906588	1.252948	174	19	43	546.57
0.785398	2.164094	-2.991358	170	9	38	546.57
1.570796	0.850607	-1.335383	177	20	50	546.52
-1.832596	0.910508	1.903534	178	11	41	546.52
-2.617994	2.180315	-1.357379	180	14	46	546.51
-1.047198	0.419640	2.974122	177	1	38	546.51
-1.308997	0.899350	-2.069907	184	10	47	546.51
2.617994	1.977582	0.969896	171	14	39	546.50
-2.617994	1.045978	0.343692	168	5	36	546.41
-1.047198	1.658653	-2.409879	176	13	43	546.40
0.785398	1.545873	-1.877082	179	24	50	546.37
2.356194	0.571433	-1.188419	180	37	31	546.34
-2.879793	0.700570	1.559208	183	27	40	546.33
0.261799	1.846342	-1.796954	178	20	47	546.29
-3.141593	1.554776	0.100351	183	26	40	546.28
-0.785398	0.929350	-2.910676	177	19	41	546.26
-2.356194	2.115563	0.685730	167	8	40	546.25
-1.570796	1.184361	0.625864	181	9	41	546.22
-1.832596	1.440580	2.260026	183	20	46	546.21
-0.523599	1.977582	0.969896	180	16	47	546.20
1.047198	1.214854	-1.966664	174	28	47	546.19
-1.570796	1.256302	0.062705	172	17	36	546.16
1.308997	2.637879	2.121598	170	16	38	546.14
1.047198	2.295480	1.008277	170	15	39	546.12
0.785398	1.242974	-2.977882	183	30	42	546.05
-1.832596	1.869911	2.701025	174	19	40	546.04
0.000000	0.929350	-2.910676	173	15	39	545.95
0.000000	0.203748	0.590255	165	14	41	545.95
1.308997	1.836682	-0.676006	176	17	46	545.93
-3.141593	1.977582	0.969896	169	13	39	545.93
2.094395	2.719179	-1.780644	180	23	46	545.92
2.617994	2.719179	-1.780644	173	14	40	545.91
1.570796	2.979456	-1.009304	173	20	43	545.88
0.523599	1.025536	1.576859	173	18	45	545.84
0.000000	2.478122	2.609777	165	8	38	545.83
2.094395	2.063651	-2.044600	180	22	49	545.81
-2.094395	0.929350	-2.910676	180	15	44	545.80
-0.785398	2.456751	-1.503343	172	8	45	545.80
-2.879793	1.606104	-0.451151	185	27	45	545.59
-2.879793	1.488617	1.159546	174	9	43	545.57
-1.832596	2.881233	-2.582574	170	9	43	545.48
2.356194	1.045978	0.343692	170	14	39	545.41
-3.141593	0.674054	1.013609	172	6	41	545.39
1.570796	2.881233	-2.582574	172	20	41	545.38
-2.879793	0.866395	-2.492918	169	15	43	545.34
-3.141593	2.187132	-0.479875	181	11	44	545.30
-0.785398	0.591903	2.010408	171	11	38	545.27
2.094395	1.214854	-1.966664	171	22	49	545.26
-2.879793	1.824694	1.850876	182	18	49	545.22
1.047198	2.760637	2.781135	177	8	43	545.22
-1.570796	2.396274	-1.959260	171	9	45	545.20
1.047198	1.683268	0.374177	172	17	40	545.19
1.308997	0.619654	-2.216909	169	21	39	545.16
2.617994	1.135813	-2.658866	164	19	41	545.00
-1.570796	2.033014	2.977192	181	25	44	545.00
1.047198	1.374601	-2.456031	178	20	44	544.97
-2.094395	0.640596	-2.797608	172	21	41	544.89
-0.785398	2.979456	-1.009304	163	14	39	544.85
2.356194	2.349581	-2.702517	171	14	40	544.85
0.523599	1.606104	-0.451151	172	24	43	544.82
-2.356194	2.719179	-1.780644	166	25	43	544.81
-1.832596	2.187132	-0.479875	179	9	39	544.79
1.832596	1.450119	-2.739050	171	13	37	544.75
1.308997	0.709924	0.218797	177	28	41	544.75
1.832596	1.367556	0.358405	174	20	43	544.74
1.832596	0.080730	-2.622036	174	20	41	544.72
2.094395	1.367556	0.358405	173	18	42	544.69
1.570796	0.571433	-1.188419	173	17	47	544.65
0.261799	0.992645	-1.723759	177	27	46	544.63
-2.879793	2.407836	1.410646	170	20	42	544.62
0.000000	0.733948	3.021411	173	20	41	544.62
2.879793	0.864993	2.278281	175	16	42	544.59
2.356194	0.379747	-1.713059	169	10	42	544.58
2.094395	0.615174	-0.666022	176	8	45	544.55
0.523599	2.579248	-2.364801	172	18	41	544.49
1.308997	1.335669	0.897240	172	16	38	544.48
-1.047198	0.906588	1.252948	169	16	38	544.44
0.261799	1.214854	-1.966664	174	14	41	544.44
2.356194	1.606104	-0.451151	176	8	41	544.43
1.047198	1.662363	0.915448	178	16	44	544.38
0.261799	1.741644	-2.695914	178	21	43	544.38
1.047198	0.906588	1.252948	171	15	42	544.33
0.523599	0.571433	-1.188419	170	24	43	544.23
0.000000	0.685216	-1.712745	179	22	45	544.22
-1.047198	1.846342	-1.796954	184	15	52	544.22
-2.879793	1.662363	0.915448	168	12	44	544.20
1.308997	2.033014	2.977192	169	5	36	544.20
-1.047198	2.104282	-0.813972	165	12	39	544.18
1.047198	0.961715	0.014085	173	4	40	544.17
1.047198	2.041297	-2.664597	172	19	40	544.16
2.617994	1.440580	2.260026	179	17	46	544.16
-0.523599	1.510910	-0.740472	173	31	46	544.13
-2.356194	1.510910	-0.740472	175	19	41	544.12
0.785398	1.135813	-2.658866	170	13	37	544.10
-2.094395	0.914445	2.687814	176	15	41	543.97
-2.879793	1.982574	-1.115518	177	11	43	543.97
-1.570796	2.456751	-1.503343	170	20	49	543.93
0.261799	0.850607	-1.335383	175	23	46	543.92
0.785398	0.910508	1.903534	166	23	43	543.90
-1.308997	1.696674	-1.253233	176	22	50	543.85
-0.261799	0.496451	0.593859	163	14	35	543.77
-0.523599	0.762244	-0.273349	173	19	46	543.71
0.261799	0.850607	-1.335383	180	27	50	543.67
-1.047198	1.135834	-1.431087	186	22	51	543.67
1.570796	1.025536	1.576859	167	14	40	543.60
0.785398	1.128190	-2.288622	176	22	44	543.58
1.832596	1.870545	-2.976234	175	16	42	543.57
0.785398	1.977582	0.969896	182	14	46	543.55
-1.308997	0.203748	0.590255	174	19	40	543.52
1.832596	0.866955	-0.931351	175	15	48	543.52
0.785398	1.658653	-2.409879	181	20	46	543.40
-1.570796	1.982574	-1.115518	169	17	45	543.35
-0.261799	2.664082	-1.071402	172	15	46	543.32
1.570796	0.370812	-2.547742	173	12	37	543.30
-3.141593	2.863997	0.549740	167	23	41	543.26
-1.308997	1.256302	0.062705	172	19	42	543.25
1.832596	2.456751	-1.503343	178	19	46	543.24
-1.832596	1.301460	-0.509251	172	20	41	543.21
1.047198	2.001437	0.381215	175	24	42	543.19
-1.832596	0.640596	-2.797608	172	19	41	543.12
-2.617994	1.134497	-1.109631	177	15	45	543.10
-2.617994	1.555207	1.708892	180	15	48	543.09
2.356194	1.998705	2.370472	174	12	41	543.08
-1.047198	2.041297	-2.664597	175	16	42	543.05
0.000000	2.299159	2.264663	173	14	47	543.05
1.832596	1.741644	-2.695914	175	14	41	543.03
-2.094395	2.108018	1.311430	24	190	9	542.94
0.785398	1.574060	2.783565	170	14	42	542.93
2.879793	0.910508	1.903534	174	11	41	542.91
0.000000	1.870545	-2.976234	167	19	38	542.78
-1.047198	0.370812	-2.547742	170	23	34	542.73
2.094395	1.335669	0.897240	168	17	39	542.72
-2.094395	1.113094	-0.272241	173	4	37	542.69
2.617994	2.404280	-0.174044	168	22	39	542.66
-3.141593	1.909857	-0.381669	169	13	36	542.66
0.261799	1.569311	-3.003978	165	14	34	542.65
-2.879793	0.961715	0.014085	168	10	37	542.65
-2.356194	0.615174	-0.666022	179	15	43	542.64
-0.261799	1.510910	-0.740472	170	29	46	542.59
-2.617994	1.184361	0.625864	172	8	41	542.58
-2.356194	0.615174	-0.666022	179	16	43	542.56
-2.356194	1.488617	1.159546	179	11	50	542.56
-2.356194	0.619654	-2.216909	171	5	40	542.53
2.617994	1.194549	-0.801900	179	13	44	542.51
2.617994	0.379747	-1.713059	168	7	40	542.45
-1.308997	1.450119	-2.739050	175	8	37	542.44
-1.047198	0.674054	1.013609	165	19	35	542.44
1.047198	2.108018	1.311430	50	181	188	542.41
-2.879793	1.195355	1.200319	177	9	48	542.40
-1.308997	2.164094	-2.991358	174	13	40	542.39
2.617994	1.194549	-0.801900	179	14	44	542.34
-3.141593	2.180315	-1.357379	183	21	49	542.33
2.094395	0.961715	0.014085	169	20	37	542.22
-1.570796	0.297065	2.160177	163	16	37	542.20
1.308997	1.812176	0.656819	183	22	47	542.18
-1.047198	1.214854	-1.966664	181	6	45	542.17
1.832596	1.247695	1.809890	172	10	44	542.15
-3.141593	2.343981	-1.040456	189	25	48	542.15
-0.523599	2.108018	1.311430	175	15	46	542.13
2.094395	0.906588	1.252948	167	12	39	542.13
2.094395	2.704512	1.488683	174	8	40	542.12
-3.141593	0.733948	3.021411	170	15	39	542.11
-2.879793	2.174483	2.653697	179	21	43	542.11
-2.879793	2.592629	0.909713	169	13	36	542.10
2.094395	2.180315	-1.357379	175	15	44	542.06
-1.570796	2.863997	0.549740	180	19	44	542.05
-1.570796	2.180315	-1.357379	173	21	49	542.00
2.094395	0.203748	0.590255	168	13	37	541.98
-3.141593	1.904882	-1.478089	180	15	48	541.96
-0.785398	0.418037	1.360082	163	13	35	541.95
1.308997	1.413430	2.550734	178	19	45	541.94
1.832596	0.992645	-1.723759	169	20	47	541.94
-3.141593	0.733948	3.021411	171	15	40	541.87
-2.879793	2.984978	1.954446	177	14	43	541.87
1.047198	1.367556	0.358405	173	21	38	541.86
1.308997	2.063651	-2.044600	183	23	49	541.85
1.047198	1.756530	-2.105156	179	15	45	541.84
-1.832596	2.404280	-0.174044	170	25	34	541.77
1.832596	1.875281	0.107086	173	8	39	541.75
1.047198	2.719179	-1.780644	169	15	37	541.75
-1.308997	0.458961	-0.107937	177	15	40	541.74
-2.094395	0.685216	-1.712745	180	13	49	541.72
1.832596	0.961715	0.014085	174	8	36	541.71
-0.785398	1.766067	2.153843	174	22	48	541.70
1.047198	0.618092	2.539118	177	20	43	541.69
-0.523599	0.496451	0.593859	164	17	35	541.65
-1.308997	2.455966	-0.641220	166	19	37	541.64
0.785398	1.574060	2.783565	0	34	37	541.63
-1.308997	1.982574	-1.115518	178	27	50	541.63
2.879793	1.218453	2.777284	180	21	44	541.61
2.094395	1.050534	3.042579	171	12	35	541.61
-2.356194	2.174483	2.653697	183	25	45	541.60
2.356194	2.456751	-1.503343	178	17	46	541.56
-2.356194	2.187132	-0.479875	183	16	44	541.54
-0.523599	0.685216	-1.712745	190	18	49	541.52
2.094395	0.709924	0.218797	168	17	36	541.50
0.523599	0.571433	-1.188419	172	24	44	541.50
2.094395	1.413347	-1.339188	179	9	51	541.50
-3.141593	1.433411	-1.035986	179	16	45	541.49
2.879793	1.846342	-1.796954	175	16	47	541.48
2.356194	1.736875	3.023612	175	14	41	541.46
0.523599	0.910508	1.903534	171	24	44	541.43
1.047198	0.864993	2.278281	165	11	35	541.39
1.308997	0.910508	1.903534	164	15	39	541.34
-3.141593	2.579248	-2.364801	169	25	45	541.34
-1.832596	1.134796	2.434290	173	10	37	541.33
-0.785398	1.766067	2.153843	173	21	46	541.32
2.879793	1.168678	2.108595	178	12	44	541.30
-1.832596	1.506530	1.988858	186	22	49	541.26
-1.570796	0.496451	0.593859	178	21	43	541.26
2.879793	0.591903	2.010408	174	5	35	541.25
0.523599	1.904882	-1.478089	178	14	50	541.25
-2.094395	2.247462	0.191623	173	1	36	541.22
1.832596	1.242974	-2.977882	170	13	35	541.20
1.832596	1.128190	-2.288622	170	31	45	541.18
1.570796	0.370812	-2.547742	178	23	44	541.17
0.261799	2.033014	2.977192	170	15	42	541.16
2.356194	1.977582	0.969896	177	30	48	541.06
2.617994	2.592629	0.909713	174	9	37	540.97
-2.617994	2.073035	2.027405	175	17	43	540.92
2.617994	2.041297	-2.664597	170	17	41	540.90
2.879793	1.909857	-0.381669	188	22	44	540.82
1.832596	1.696674	-1.253233	180	7	49	540.79
0.523599	2.637879	2.121598	50	182	170	540.75
-1.308997	0.992645	-1.723759	181	10	48	540.74
2.617994	1.413430	2.550734	175	13	40	540.73
-0.523599	1.736875	3.023612	173	20	42	540.64
1.570796	1.504028	0.636812	176	18	43	540.61
2.356194	0.910508	1.903534	179	8	47	540.56
2.617994	2.089241	-0.114193	167	19	37	540.55
2.356194	2.041297	-2.664597	171	20	41	540.55
1.832596	2.478122	2.609777	172	16	41	540.53
-2.356194	2.033014	2.977192	174	11	41	540.47
1.832596	0.619654	-2.216909	172	26	44	540.41
-0.785398	2.187132	-0.479875	171	34	43	540.39
-0.261799	2.299159	2.264663	168	10	43	540.38
-2.094395	1.699788	2.452890	174	17	40	540.36
-0.261799	1.904882	-1.478089	178	14	50	540.28
1.308997	0.203748	0.590255	27	174	6	540.25
-2.094395	0.831641	0.616218	175	20	39	540.22
2.356194	1.440580	2.260026	179	17	46	540.19
-2.617994	0.709924	0.218797	175	23	38	540.19
-1.308997	0.850607	-1.335383	179	14	46	540.14
2.879793	1.606104	-0.451151	186	15	44	540.13
0.785398	0.640596	-2.797608	168	14	35	540.13
-2.356194	1.310100	1.488307	173	12	39	540.08
0.523599	1.310100	1.488307	178	25	49	540.07
-1.570796	1.736875	3.023612	176	21	42	540.07
-1.308997	1.417623	-0.202254	171	17	40	540.06
-1.570796	0.709924	0.218797	176	20	42	540.05
-0.785398	2.073035	2.027405	177	24	49	540.04
-1.570796	1.732874	-0.951685	172	23	48	540.04
-2.356194	2.664082	-1.071402	175	17	44	540.00
0.261799	1.134497	-1.109631	169	20	43	540.00
2.356194	1.875281	0.107086	168	24	39	539.97
0.785398	1.301460	-0.509251	173	10	46	539.93
1.047198	2.299159	2.264663	174	6	38	539.90
-1.570796	2.033014	2.977192	182	27	44	539.90
1.308997	1.488617	1.159546	175	13	43	539.87
0.261799	1.569311	-3.003978	168	18	38	539.82
-2.617994	1.721184	-0.153948	178	28	40	539.79
1.570796	0.910508	1.903534	168	10	39	539.74
2.094395	0.619654	-2.216909	169	23	43	539.67
-1.308997	1.510910	-0.740472	171	19	45	539.66
0.261799	1.135813	-2.658866	171	12	36	539.62
-1.308997	0.899350	-2.069907	183	10	46	539.62
-2.094395	1.050534	3.042579	182	22	44	539.61
0.785398	1.391910	3.030322	174	18	43	539.59
0.261799	1.256302	0.062705	166	8	37	539.59
-1.832596	1.014500	0.906702	184	12	44	539.57
0.000000	1.194549	-0.801900	172	17	48	539.56
0.523599	2.637879	2.121598	176	4	42	539.55
1.570796	2.001437	0.381215	171	9	38	539.53
-3.141593	1.488617	1.159546	173	10	45	539.52
-0.523599	1.846342	-1.796954	177	19	47	539.51
1.047198	2.704512	1.488683	170	15	39	539.50
-1.047198	2.356369	3.005869	170	17	37	539.46
1.832596	0.831641	0.616218	169	15	36	539.44
1.832596	0.571433	-1.188419	173	13	47	539.43
0.000000	0.379747	-1.713059	177	22	42	539.41
-1.570796	0.458961	-0.107937	178	17	41	539.38
-0.523599	2.356369	3.005869	171	15	39	539.37
-0.785398	1.569311	-3.003978	172	14	36	539.33
1.832596	2.637879	2.121598	170	12	38	539.31
-1.570796	1.696674	-1.253233	173	16	48	539.30
0.785398	2.592629	0.909713	172	17	42	539.26
1.308997	1.574060	2.783565	178	13	45	539.25
2.094395	1.510910	-0.740472	175	18	43	539.23
0.000000	1.045978	0.343692	186	22	44	539.22
1.308997	1.195355	1.200319	174	28	47	539.22
-1.047198	2.001437	0.381215	180	12	45	539.21
1.832596	1.045978	0.343692	171	19	40	539.21
2.094395	0.709924	0.218797	173	24	43	539.21
-1.570796	2.343981	-1.040456	170	21	44	539.20
2.356194	2.164094	-2.991358	169	22	40	539.19
-1.308997	1.741644	-2.695914	174	10	39	539.17
2.617994	2.379497	0.561089	171	12	38	539.16
-0.523599	2.187132	-0.479875	166	25	43	539.14
-1.308997	2.881233	-2.582574	173	18	40	539.12
-2.879793	0.929350	-2.910676	165	19	38	539.12
2.356194	0.831641	0.616218	170	13	41	539.12
1.832596	2.138223	1.678323	174	17	42	539.10
2.356194	1.184361	0.625864	173	17	45	539.06
0.261799	1.448123	-2.163292	177	13	42	539.04
-2.617994	2.295480	1.008277	171	11	40	539.03
2.356194	0.619654	-2.216909	168	20	43	539.03
-3.141593	1.450119	-2.739050	166	13	42	539.03
-1.832596	1.809167	1.213774	177	9	48	539.02
-0.523599	2.187132	-0.479875	167	29	43	539.01
-2.356194	0.906588	1.252948	173	10	38	539.01
2.094395	1.488617	1.159546	174	24	49	539.00
0.261799	2.164094	-2.991358	165	16	36	538.98
-1.308997	0.914445	2.687814	186	31	42	538.97
2.356194	1.741644	-2.695914	169	18	38	538.93
-0.523599	2.404280	-0.174044	166	20	38	538.90
-3.141593	0.591903	2.010408	174	12	39	538.88
-1.308997	0.733948	3.021411	172	3	36	538.88
0.523599	2.984978	1.954446	176	17	43	538.87
-2.879793	2.863997	0.549740	166	20	41	538.87
-1.047198	2.251330	-2.330739	175	8	41	538.85
-0.523599	0.418037	1.360082	171	14	40	538.81
-1.832596	2.588535	-2.976617	176	16	42	538.81
0.785398	1.025536	1.576859	173	26	46	538.79
2.617994	1.448123	-2.163292	171	19	50	538.74
-1.570796	0.571433	-1.188419	188	19	50	538.74
-2.356194	2.108018	1.311430	172	17	48	538.74
0.000000	2.724429	-0.348782	164	18	41	538.72
-1.832596	2.664082	-1.071402	177	14	44	538.70
-0.785398	0.914445	2.687814	177	13	39	538.69
2.879793	1.617114	-1.572037	176	13	46	538.66
-0.523599	2.033014	2.977192	172	17	41	538.65
-1.047198	1.569311	-3.003978	171	17	38	538.65
2.356194	2.979456	-1.009304	168	15	39	538.63
-3.141593	2.174483	2.653697	181	22	44	538.62
0.000000	0.571433	-1.188419	175	20	43	538.54
0.785398	1.433411	-1.035986	167	14	45	538.52
2.617994	1.875281	0.107086	175	23	44	538.49
-2.617994	0.203748	0.590255	171	17	38	538.43
-1.308997	0.914445	2.687814	178	16	42	538.42
2.879793	1.134497	-1.109631	181	12	47	538.38
0.523599	2.704512	1.488683	176	19	44	538.35
-1.308997	1.998705	2.370472	174	26	45	538.27
0.000000	2.760637	2.781135	170	19	43	538.26
1.832596	2.393226	1.857173	175	17	43	538.15
0.000000	2.247462	0.191623	168	14	36	538.15
2.356194	2.295480	1.008277	173	18	42	538.12
1.570796	1.168678	2.108595	169	7	38	538.12
0.523599	0.496451	0.593859	179	29	41	538.11
-2.879793	2.478122	2.609777	170	15	38	538.06
1.832596	1.741644	-2.695914	174	14	41	538.05
2.094395	2.041297	-2.664597	172	14	41	538.04
1.832596	1.756530	-2.105156	176	23	48	538.04
-2.356194	1.872854	1.543456	175	18	48	537.96
2.094395	2.295480	1.008277	184	29	48	537.96
-1.308997	2.041297	-2.664597	178	10	44	537.92
-0.785398	1.113094	-0.272241	170	18	44	537.89
-1.570796	2.455966	-0.641220	170	27	41	537.89
-2.356194	2.704512	1.488683	171	18	43	537.88
-1.047198	2.104282	-0.813972	174	30	47	537.88
-2.879793	1.134497	-1.109631	177	15	44	537.87
-1.047198	1.134796	2.434290	181	15	44	537.83
2.094395	0.419640	2.974122	176	10	38	537.80
2.879793	1.247695	1.809890	183	8	49	537.80
1.047198	0.866955	-0.931351	174	15	49	537.74
1.308997	1.134796	2.434290	56	180	166	537.66
2.879793	2.089241	-0.114193	167	20	38	537.64
0.785398	2.108018	1.311430	179	10	44	537.64
-2.617994	1.417623	-0.202254	178	24	41	537.63
1.570796	1.242974	-2.977882	169	15	35	537.60
-0.261799	0.700570	1.559208	172	7	36	537.57
-1.308997	2.587733	0.232235	179	11	43	537.57
-0.523599	0.370812	-2.547742	173	18	37	537.52
1.570796	1.977582	0.969896	184	31	48	537.44
-2.356194	0.831641	0.616218	176	21	39	537.44
0.261799	0.619654	-2.216909	176	19	42	537.43
-0.523599	2.760637	2.781135	163	19	36	537.37
-1.308997	0.458961	-0.107937	179	19	43	537.34
2.356194	2.379497	0.561089	174	24	43	537.34
-0.785398	2.760637	2.781135	170	20	42	537.33
-2.879793	1.809167	1.213774	172	15	46	537.33
-1.308997	0.866955	-0.931351	178	19	47	537.33
-0.785398	2.455966	-0.641220	167	25	44	537.32
-1.570796	0.961715	0.014085	176	23	44	537.31
-2.356194	1.982574	-1.115518	171	24	43	537.31
-0.523599	1.982574	-1.115518	172	10	46	537.30
-1.308997	1.574060	2.783565	173	14	39	537.28
1.570796	1.050534	3.042579	175	11	40	537.27
-2.356194	2.587733	0.232235	169	5	37	537.27
-1.832596	0.674054	1.013609	176	24	42	537.25
-3.141593	2.115563	0.685730	168	13	38	537.23
-1.570796	1.135813	-2.658866	182	18	45	537.21
2.356194	0.619654	-2.216909	164	17	39	537.21
2.879793	2.404280	-0.174044	169	19	39	537.14
1.047198	1.050534	3.042579	168	12	37	537.14
-1.570796	2.299159	2.264663	178	18	46	537.11
0.261799	0.297065	2.160177	169	20	37	537.06
0.523599	2.349581	-2.702517	174	22	43	536.97
-0.261799	0.864993	2.278281	168	21	37	536.96
-0.785398	2.299159	2.264663	167	18	44	536.95
-0.785398	1.128190	-2.288622	182	18	46	536.84
-2.356194	2.587733	0.232235	170	5	38	536.82
-1.832596	1.135813	-2.658866	166	7	36	536.79
0.261799	0.290380	-0.796960	168	25	41	536.77
2.094395	2.115563	0.685730	175	24	44	536.76
1.570796	2.456751	-1.503343	176	15	43	536.76
-2.617994	0.709924	0.218797	175	24	39	536.75
-2.617994	1.256302	0.062705	170	9	39	536.73
-2.879793	1.218453	2.777284	169	15	37	536.71
2.879793	2.664082	-1.071402	178	16	45	536.66
0.000000	2.637879	2.121598	176	15	46	536.66
-2.094395	1.606104	-0.451151	175	22	42	536.65
2.094395	1.736875	3.023612	169	27	37	536.63
1.570796	2.041297	-2.664597	178	27	44	536.62
1.570796	1.569311	-3.003978	171	15	38	536.60
-0.261799	2.356369	3.005869	165	21	39	536.56
-2.356194	2.637879	2.121598	172	21	41	536.50
2.356194	0.864993	2.278281	174	11	41	536.49
0.523599	1.555207	1.708892	175	18	47	536.37
0.261799	0.960688	-0.577532	168	15	43	536.36
1.570796	0.640596	-2.797608	176	20	43	536.34
2.094395	1.417623	-0.202254	172	8	37	536.32
-2.617994	2.407836	1.410646	173	17	44	536.30
1.308997	0.960688	-0.577532	171	6	40	536.28
-3.141593	2.247462	0.191623	170	19	42	536.23
-2.617994	2.984978	1.954446	178	13	43	536.22
-0.523599	0.203748	0.590255	166	20	41	536.20
-1.570796	1.025536	1.576859	179	13	42	536.18
-1.570796	1.870545	-2.976234	176	15	42	536.17
-1.308997	0.419640	2.974122	183	21	43	536.15
-1.570796	2.379497	0.561089	178	18	45	536.14
0.261799	2.984978	1.954446	177	19	44	536.13
-2.094395	2.180315	-1.357379	174	25	48	536.11
2.094395	1.696674	-1.253233	186	13	52	536.07
1.308997	1.766067	2.153843	172	9	42	536.06
-3.141593	1.506530	1.988858	176	12	43	536.04
1.047198	2.881233	-2.582574	165	12	37	536.02
-2.879793	2.704512	1.488683	175	27	45	536.01
2.617994	2.174483	2.653697	175	10	40	536.00
-1.308997	1.128190	-2.288622	182	19	46	535.93
-2.879793	0.733948	3.021411	174	13	41	535.90
0.523599	2.001437	0.381215	173	20	42	535.89
-2.617994	1.732874	-0.951685	177	24	45	535.88
1.047198	0.831641	0.616218	177	23	44	535.87
0.785398	1.506530	1.988858	171	14	44	535.86
2.094395	1.555207	1.708892	179	15	51	535.83
0.261799	1.045978	0.343692	185	23	43	535.82
-1.047198	1.374601	-2.456031	176	12	40	535.82
-2.617994	1.488617	1.159546	177	12	50	535.81
-1.832596	1.766067	2.153843	180	24	47	535.79
2.617994	0.685216	-1.712745	169	11	44	535.76
-2.094395	0.899350	-2.069907	173	5	41	535.73
-1.308997	0.571433	-1.188419	188	20	50	535.67
-2.356194	1.214854	-1.966664	170	11	45	535.67
0.523599	2.073035	2.027405	172	11	42	535.66
1.308997	1.247695	1.809890	171	16	47	535.65
-1.047198	2.863997	0.549740	175	12	41	535.60
-1.832596	1.504028	0.636812	176	10	42	535.59
0.785398	0.496451	0.593859	177	10	43	535.40
1.308997	0.961715	0.014085	177	2	39	535.40
0.000000	0.618092	2.539118	165	28	36	535.37
2.094395	0.419640	2.974122	174	9	35	535.33
-1.308997	2.001437	0.381215	177	28	39	535.33
1.308997	0.866955	-0.931351	168	11	43	535.27
-2.879793	0.914445	2.687814	170	14	37	535.24
2.356194	1.736875	3.023612	176	15	42	535.23
1.832596	2.984978	1.954446	161	21	35	535.20
-1.832596	1.168678	2.108595	176	14	41	535.17
1.308997	1.025536	1.576859	169	21	46	535.15
0.000000	2.863997	0.549740	172	14	38	535.14
0.523599	1.195355	1.200319	179	20	48	535.07
-1.570796	0.866955	-0.931351	175	14	43	535.07
1.570796	0.906588	1.252948	171	11	40	535.06
1.570796	0.496451	0.593859	173	25	42	534.95
0.523599	2.063651	-2.044600	181	12	46	534.94
2.094395	2.115563	0.685730	169	20	39	534.94
1.570796	0.733948	3.021411	174	11	39	534.91
-1.308997	2.719179	-1.780644	167	10	45	534.89
2.094395	0.992645	-1.723759	170	16	47	534.89
-1.570796	0.203748	0.590255	173	21	40	534.88
2.094395	0.496451	0.593859	169	14	40	534.87
1.832596	1.256302	0.062705	173	7	36	534.86
0.785398	1.184361	0.625864	175	19	38	534.86
-2.094395	1.113094	-0.272241	175	23	43	534.82
-0.261799	0.914445	2.687814	167	27	38	534.80
2.094395	1.391910	3.030322	173	14	38	534.77
2.356194	1.696674	-1.253233	177	13	47	534.71
-2.094395	1.448123	-2.163292	170	8	43	534.70
-2.094395	1.736875	3.023612	173	13	40	534.70
-0.261799	2.180315	-1.357379	176	8	46	534.67
2.356194	2.356369	3.005869	173	12	41	534.67
-0.523599	1.545873	-1.877082	179	17	47	534.62
-1.047198	2.115563	0.685730	177	13	45	534.58
0.000000	0.685216	-1.712745	175	17	41	534.57
-2.094395	1.617114	-1.572037	171	15	46	534.55
-0.523599	1.256302	0.062705	167	19	42	534.51
0.785398	1.413347	-1.339188	171	18	48	534.48
-1.047198	1.569311	-3.003978	176	15	42	534.47
0.785398	2.138223	1.678323	176	9	42	534.47
-2.094395	1.184361	0.625864	178	9	43	534.45
-0.523599	0.297065	2.160177	176	10	42	534.43
2.879793	2.724429	-0.348782	167	14	38	534.41
-3.141593	0.618092	2.539118	174	13	39	534.40
2.094395	0.591903	2.010408	176	14	42	534.37
-0.523599	2.637879	2.121598	174	18	46	534.37
-0.261799	0.379747	-1.713059	180	26	43	534.34
-3.141593	2.108018	1.311430	172	16	43	534.33
-0.523599	2.063651	-2.044600	175	10	41	534.31
-2.356194	0.762244	-0.273349	183	27	46	534.31
0.000000	0.370812	-2.547742	171	18	39	534.28
-0.785398	1.836682	-0.676006	173	31	46	534.26
1.047198	0.864993	2.278281	166	12	41	534.24
-2.356194	1.195355	1.200319	175	8	40	534.19
2.094395	1.736875	3.023612	175	16	41	534.18
-0.785398	0.591903	2.010408	168	12	36	534.14
-3.141593	1.413347	-1.339188	32	180	13	534.11
-0.785398	1.569311	-3.003978	171	13	34	534.10
1.308997	0.496451	0.593859	174	27	42	534.05
-1.570796	2.073035	2.027405	172	18	43	534.04
2.356194	1.025536	1.576859	173	7	43	534.02
0.523599	0.906588	1.252948	174	18	43	534.01
1.047198	0.929350	-2.910676	170	10	36	533.99
-1.047198	1.869911	2.701025	175	22	44	533.97
2.094395	2.637879	2.121598	169	12	38	533.92
2.617994	1.242974	-2.977882	171	21	42	533.89
1.308997	0.866395	-2.492918	172	25	42	533.88
-0.523599	1.488617	1.159546	177	17	46	533.87
-2.879793	0.080730	-2.622036	166	12	40	533.84
2.879793	0.080730	-2.622036	166	17	38	533.81
1.308997	1.218453	2.777284	175	18	43	533.80
-0.523599	0.866955	-0.931351	179	16	47	533.79
1.570796	2.349581	-2.702517	174	9	40	533.78
-2.879793	1.977582	0.969896	171	11	39	533.76
-3.141593	2.579248	-2.364801	171	10	37	533.75
0.000000	0.418037	1.360082	171	3	36	533.74
-1.570796	0.379747	-1.713059	178	10	40	533.70
1.308997	0.685216	-1.712745	176	27	48	533.63
-3.141593	1.247695	1.809890	178	12	45	533.56
-2.879793	2.478122	2.609777	170	16	37	533.55
0.785398	1.135813	-2.658866	171	12	37	533.53
1.308997	1.756530	-2.105156	178	26	48	533.48
-2.617994	2.456751	-1.503343	176	29	48	533.44
1.047198	2.164094	-2.991358	175	20	43	533.44
-2.356194	1.875281	0.107086	177	29	38	533.43
-2.094395	1.413430	2.550734	177	19	43	533.39
2.617994	2.760637	2.781135	161	20	35	533.38
2.879793	0.571433	-1.188419	176	8	46	533.38
1.047198	1.617114	-1.572037	176	17	50	533.37
-0.785398	1.836682	-0.676006	173	32	46	533.34
-2.356194	1.310100	1.488307	172	13	39	533.33
1.047198	0.591903	2.010408	164	18	39	533.29
-2.094395	2.456751	-1.503343	167	20	41	533.29
1.047198	0.831641	0.616218	180	28	46	533.28
1.570796	0.864993	2.278281	175	13	44	533.26
-1.570796	2.349581	-2.702517	180	19	44	533.25
1.047198	0.571433	-1.188419	170	19	45	533.25
-2.617994	1.732874	-0.951685	177	23	45	533.23
1.047198	0.674054	1.013609	172	19	42	533.22
2.617994	0.618092	2.539118	176	10	38	533.19
-1.047198	0.899350	-2.069907	185	10	46	533.18
2.094395	0.709924	0.218797	169	18	38	533.18
-2.879793	2.104282	-0.813972	183	17	47	533.17
-0.261799	0.496451	0.593859	169	16	43	533.14
1.047198	2.404280	-0.174044	170	10	40	533.10
-2.879793	0.762244	-0.273349	169	11	39	533.10
-0.523599	2.455966	-0.641220	164	18	41	533.09
-0.261799	0.960688	-0.577532	171	15	38	532.94
-1.308997	0.960688	-0.577532	177	18	45	532.90
-0.523599	1.391910	3.030322	173	12	35	532.88
-2.879793	1.809167	1.213774	173	14	46	532.84
1.832596	2.104282	-0.813972	173	11	39	532.82
-0.261799	0.419640	2.974122	181	22	43	532.80
2.617994	0.906588	1.252948	169	7	39	532.74
-2.879793	0.709924	0.218797	184	21	44	532.69
-0.523599	0.290380	-0.796960	174	21	41	532.68
-1.570796	0.700570	1.559208	174	10	36	532.68
2.094395	2.979456	-1.009304	166	17	38	532.67
-3.141593	2.108018	1.311430	171	16	42	532.65
1.570796	2.404280	-0.174044	175	7	40	532.65
-2.356194	1.732874	-0.951685	175	24	46	532.64
1.308997	2.393226	1.857173	173	17	42	532.61
-0.523599	0.914445	2.687814	168	21	33	532.58
-1.047198	1.869911	2.701025	175	15	41	532.50
-2.617994	0.762244	-0.273349	179	21	44	532.50
-1.832596	0.961715	0.014085	174	17	37	532.50
1.570796	0.914445	2.687814	170	11	39	532.49
-1.570796	1.574060	2.783565	177	19	43	532.48
-0.785398	0.591903	2.010408	172	11	39	532.46
-2.094395	2.356369	3.005869	177	15	42	532.45
1.308997	1.982574	-1.115518	180	20	48	532.44
-2.094395	1.135813	-2.658866	181	20	45	532.40
1.308997	2.108018	1.311430	173	16	41	532.38
-2.617994	1.310100	1.488307	174	13	42	532.36
0.000000	2.724429	-0.348782	164	19	41	532.36
2.356194	1.812176	0.656819	24	187	9	532.31
-1.832596	0.591903	2.010408	168	24	38	532.30
-1.308997	0.929350	-2.910676	172	13	38	532.25
0.261799	2.180315	-1.357379	176	9	49	532.21
0.000000	0.914445	2.687814	165	23	37	532.16
2.094395	2.863997	0.549740	175	13	42	532.11
2.879793	1.218453	2.777284	54	172	177	532.05
2.356194	0.929350	-2.910676	167	16	37	532.01
2.879793	2.579248	-2.364801	171	13	40	532.00
-2.617994	1.606104	-0.451151	177	23	41	531.95
1.047198	0.733948	3.021411	182	22	44	531.95
2.356194	1.168678	2.108595	27	178	9	531.93
1.047198	1.488617	1.159546	179	25	48	531.93
0.000000	1.025536	1.576859	172	20	42	531.92
-0.785398	2.637879	2.121598	172	19	46	531.92
1.832596	1.045978	0.343692	169	20	39	531.89
1.832596	2.404280	-0.174044	174	12	42	531.85
2.879793	0.418037	1.360082	174	11	40	531.82
-2.879793	0.709924	0.218797	172	7	39	531.80
-2.094395	0.203748	0.590255	182	21	44	531.80
1.832596	0.733948	3.021411	175	7	37	531.79
1.047198	0.866955	-0.931351	165	14	42	531.73
-2.094395	1.247695	1.809890	185	16	47	531.69
-2.617994	0.929350	-2.910676	166	15	38	531.65
-0.261799	1.870545	-2.976234	174	14	40	531.64
1.832596	1.948085	-2.363031	178	28	48	531.63
0.261799	0.379747	-1.713059	178	25	43	531.62
2.879793	0.961715	0.014085	168	16	40	531.56
-0.523599	2.455966	-0.641220	165	21	44	531.53
0.785398	0.591903	2.010408	164	24	39	531.50
-0.785398	1.662363	0.915448	182	20	48	531.48
0.523599	1.599406	1.426070	181	21	50	531.48
-2.094395	1.756530	-2.105156	167	11	42	531.48
-3.141593	1.606104	-0.451151	185	14	44	531.47
0.261799	1.904882	-1.478089	177	14	49	531.46
-1.047198	1.824694	1.850876	174	18	46	531.43
1.832596	2.247462	0.191623	179	20	44	531.43
1.308997	2.719179	-1.780644	179	17	45	531.42
2.356194	1.214854	-1.966664	171	19	49	531.41
-0.523599	0.866395	-2.492918	176	19	42	531.37
0.523599	0.864993	2.278281	165	20	39	531.35
2.094395	1.135834	-1.431087	175	12	49	531.30
0.523599	1.025536	1.576859	174	18	45	531.28
1.047198	0.203748	0.590255	174	30	39	531.27
-1.308997	1.194549	-0.801900	174	18	46	531.26
0.000000	0.640596	-2.797608	172	16	38	531.25
0.785398	1.683268	0.374177	172	20	40	531.25
-2.617994	1.050534	3.042579	172	10	39	531.21
2.356194	2.379497	0.561089	174	23	43	531.19
1.832596	0.458961	-0.107937	179	2	40	531.15
0.523599	2.108018	1.311430	179	13	46	531.13
2.356194	1.025536	1.576859	172	9	46	531.13
1.570796	1.218453	2.777284	176	17	43	531.11
0.785398	0.864993	2.278281	169	22	44	531.07
1.047198	1.574060	2.783565	178	18	45	530.99
0.000000	0.899350	-2.069907	184	26	46	530.96
0.785398	2.349581	-2.702517	171	15	40	530.95
0.785398	1.413347	-1.339188	170	18	47	530.95
2.617994	1.732874	-0.951685	176	11	44	530.95
-1.570796	0.080730	-2.622036	184	21	43	530.94
0.261799	1.699788	2.452890	170	17	47	530.93
2.617994	0.709924	0.218797	168	14	38	530.92
-1.308997	0.992645	-1.723759	180	8	46	530.87
2.879793	2.180315	-1.357379	49	180	167	530.84
0.261799	2.881233	-2.582574	168	18	39	530.80
-0.261799	0.910508	1.903534	175	12	38	530.79
-2.356194	2.033014	2.977192	176	11	41	530.77
0.261799	2.164094	-2.991358	176	25	43	530.75
-2.879793	1.836682	-0.676006	183	27	45	530.71
-2.356194	0.709924	0.218797	175	21	39	530.71
0.523599	1.014500	0.906702	181	24	48	530.70
-2.617994	1.335669	0.897240	178	13	46	530.63
-1.570796	2.343981	-1.040456	173	24	46	530.61
-3.141593	2.404280	-0.174044	169	18	39	530.55
0.785398	1.335669	0.897240	184	33	46	530.54
-2.356194	0.961715	0.014085	54	180	168	530.51
-1.047198	1.836682	-0.676006	167	15	42	530.47
-2.879793	1.134796	2.434290	177	19	43	530.44
0.261799	0.733948	3.021411	173	18	41	530.43
0.000000	2.592629	0.909713	170	20	37	530.42
0.000000	2.704512	1.488683	174	7	40	530.42
0.785398	2.478122	2.609777	174	10	44	530.41
-2.356194	0.203748	0.590255	172	15	38	530.26
0.785398	2.478122	2.609777	174	11	44	530.22
-2.617994	2.863997	0.549740	167	16	41	530.17
-3.141593	0.914445	2.687814	166	17	34	530.11
1.570796	1.606104	-0.451151	173	15	43	530.11
0.523599	2.664082	-1.071402	178	12	46	530.10
-1.570796	2.637879	2.121598	165	25	39	530.04
-2.094395	0.203748	0.590255	182	22	44	530.03
2.617994	2.073035	2.027405	177	12	43	530.02
1.308997	2.138223	1.678323	179	13	45	530.02
2.094395	2.164094	-2.991358	170	14	39	529.99
1.047198	2.587733	0.232235	173	12	43	529.99
0.523599	2.349581	-2.702517	174	21	42	529.93
-0.261799	1.736875	3.023612	173	18	42	529.93
-2.617994	0.961715	0.014085	170	7	36	529.90
1.832596	1.662363	0.915448	172	21	43	529.88
1.308997	0.418037	1.360082	169	12	38	529.82
-0.523599	2.664082	-1.071402	167	8	38	529.80
1.570796	2.455966	-0.641220	174	13	41	529.77
-1.308997	2.033014	2.977192	180	27	44	529.76
2.879793	1.045978	0.343692	169	14	41	529.73
-0.785398	0.733948	3.021411	179	19	43	529.72
2.879793	2.073035	2.027405	178	11	43	529.71
-1.047198	2.299159	2.264663	168	21	44	529.67
-2.356194	1.440580	2.260026	178	19	44	529.59
0.523599	2.404280	-0.174044	164	14	39	529.58
0.523599	2.295480	1.008277	173	21	41	529.54
-0.523599	0.591903	2.010408	172	27	38	529.54
0.000000	2.247462	0.191623	165	17	35	529.54
-2.879793	0.961715	0.014085	183	22	43	529.47
-1.832596	1.367556	0.358405	182	15	46	529.43
-3.141593	0.618092	2.539118	173	13	38	529.42
-1.832596	0.910508	1.903534	173	10	36	529.41
-2.356194	2.456751	-1.503343	168	23	41	529.38
1.832596	0.674054	1.013609	164	25	40	529.37
2.094395	1.242974	-2.977882	172	26	42	529.37
-1.832596	1.488617	1.159546	176	8	40	529.33
0.523599	1.413430	2.550734	169	16	45	529.31
1.832596	1.417623	-0.202254	175	11	41	529.23
2.617994	2.115563	0.685730	172	19	43	529.22
-0.785398	2.704512	1.488683	163	168	9	529.21
-2.617994	2.104282	-0.813972	176	12	39	529.20
1.047198	1.448123	-2.163292	177	19	46	529.20
-3.141593	0.674054	1.013609	174	9	42	529.16
-1.570796	0.591903	2.010408	167	21	37	529.11
-3.141593	0.929350	-2.910676	177	18	44	529.11
1.047198	0.961715	0.014085	170	4	36	529.09
0.000000	2.115563	0.685730	172	24	39	529.07
1.570796	1.870545	-2.976234	174	13	41	529.07
-2.094395	2.164094	-2.991358	176	12	44	529.04
-2.617994	2.719179	-1.780644	173	18	44	529.03
-0.785398	0.864993	2.278281	172	11	37	529.01
1.047198	2.393226	1.857173	49	170	186	528.94
-0.785398	0.203748	0.590255	164	23	37	528.94
2.879793	1.134497	-1.109631	33	173	10	528.89
0.523599	1.168678	2.108595	170	11	40	528.89
1.832596	1.555207	1.708892	174	11	43	528.89
-0.261799	1.195355	1.200319	177	20	45	528.87
-2.094395	0.899350	-2.069907	50	178	168	528.86
0.000000	0.762244	-0.273349	165	17	37	528.84
-0.523599	0.458961	-0.107937	171	18	38	528.80
0.000000	1.909857	-0.381669	174	25	44	528.77
-1.570796	2.592629	0.909713	164	166	9	528.77
2.094395	1.417623	-0.202254	175	7	39	528.75
-2.879793	0.910508	1.903534	175	14	41	528.72
2.617994	1.683268	0.374177	169	20	42	528.71
1.047198	1.809167	1.213774	179	14	46	528.69
0.523599	2.349581	-2.702517	173	17	41	528.60
-2.356194	2.349581	-2.702517	168	6	42	528.57
-1.047198	2.138223	1.678323	178	19	50	528.56
2.094395	2.396274	-1.959260	174	14	43	528.54
-1.570796	2.979456	-1.009304	173	21	45	528.53
2.879793	1.025536	1.576859	178	5	46	528.52
1.832596	2.984978	1.954446	163	23	38	528.51
-1.047198	2.724429	-0.348782	172	16	39	528.51
2.879793	2.455966	-0.641220	179	14	45	528.49
1.832596	1.135834	-1.431087	173	15	49	528.41
1.832596	2.251330	-2.330739	176	25	45	528.40
2.356194	2.108018	1.311430	183	28	50	528.37
-1.308997	1.756530	-2.105156	180	7	46	528.36
-0.785398	1.721184	-0.153948	165	15	36	528.36
1.047198	1.135834	-1.431087	167	19	45	528.32
1.570796	1.242974	-2.977882	177	7	39	528.32
0.000000	1.870545	-2.976234	169	18	39	528.31
-0.523599	2.356369	3.005869	170	15	38	528.25
0.523599	1.413430	2.550734	53	180	175	528.22
2.356194	1.696674	-1.253233	172	11	41	528.20
0.000000	1.014500	0.906702	181	22	46	528.20
1.570796	1.846342	-1.796954	178	19	49	528.15
-1.832596	0.419640	2.974122	167	9	38	528.14
0.000000	1.846342	-1.796954	178	20	47	528.12
-2.879793	1.218453	2.777284	170	16	38	528.12
1.047198	0.910508	1.903534	167	18	43	528.11
2.356194	2.984978	1.954446	163	12	36	528.04
1.047198	0.418037	1.360082	169	15	39	527.99
1.832596	1.242974	-2.977882	172	13	37	527.96
-1.570796	0.418037	1.360082	167	23	36	527.96
2.356194	0.418037	1.360082	165	8	36	527.95
0.261799	0.899350	-2.069907	175	15	40	527.88
-2.094395	0.910508	1.903534	179	19	43	527.87
0.523599	1.310100	1.488307	51	178	176	527.83
-0.261799	2.251330	-2.330739	181	24	44	527.80
-1.832596	2.393226	1.857173	168	24	43	527.78
0.785398	1.696674	-1.253233	173	13	49	527.78
1.570796	1.417623	-0.202254	173	13	41	527.74
-1.047198	1.998705	2.370472	171	25	46	527.74
1.047198	1.909857	-0.381669	172	12	43	527.71
1.047198	1.574060	2.783565	172	13	43	527.67
-1.832596	2.073035	2.027405	175	24	47	527.67
2.094395	2.033014	2.977192	178	18	44	527.63
-2.356194	1.440580	2.260026	187	23	47	527.62
-1.570796	1.599406	1.426070	179	13	47	527.62
0.785398	2.760637	2.781135	174	12	43	527.61
-0.261799	1.554776	0.100351	178	27	41	527.55
2.879793	0.864993	2.278281	176	15	42	527.53
-1.832596	2.587733	0.232235	175	15	42	527.53
-1.047198	2.704512	1.488683	173	13	45	527.51
2.094395	2.073035	2.027405	174	13	41	527.48
-2.356194	0.615174	-0.666022	178	18	45	527.45
-0.261799	1.545873	-1.877082	180	16	46	527.44
-1.832596	0.674054	1.013609	36	172	4	527.44
2.356194	0.866955	-0.931351	178	13	48	527.37
-1.308997	1.872854	1.543456	177	10	42	527.32
0.785398	2.356369	3.005869	178	20	45	527.31
-1.047198	1.569311	-3.003978	178	6	36	527.30
-2.617994	2.001437	0.381215	160	169	6	527.29
0.261799	1.696674	-1.253233	173	17	49	527.26
-2.094395	0.418037	1.360082	179	14	42	527.24
-2.094395	0.297065	2.160177	165	19	35	527.22
-0.261799	1.025536	1.576859	173	22	41	527.21
1.047198	0.929350	-2.910676	181	21	44	527.20
0.000000	2.033014	2.977192	166	20	40	527.20
0.261799	0.619654	-2.216909	176	18	42	527.19
-2.356194	1.488617	1.159546	177	7	46	527.12
-1.308997	0.864993	2.278281	166	15	34	527.12
-0.261799	2.247462	0.191623	176	23	44	527.11
0.000000	1.948085	-2.363031	181	16	46	527.10
-0.785398	0.640596	-2.797608	178	11	41	527.10
1.047198	2.356369	3.005869	49	187	167	527.10
1.308997	1.554776	0.100351	169	12	37	527.07
-0.261799	2.393226	1.857173	176	9	48	527.06
-2.879793	1.256302	0.062705	168	12	39	527.05
1.308997	0.906588	1.252948	172	13	43	527.02
2.356194	1.606104	-0.451151	177	8	42	527.02
2.356194	1.242974	-2.977882	172	24	42	526.94
0.261799	1.214854	-1.966664	173	15	41	526.94
1.308997	1.683268	0.374177	177	24	43	526.93
1.308997	1.247695	1.809890	172	16	47	526.91
2.094395	2.863997	0.549740	177	6	40	526.90
-1.570796	2.343981	-1.040456	172	27	47	526.88
1.832596	1.756530	-2.105156	174	19	45	526.87
-0.261799	1.184361	0.625864	183	19	44	526.86
1.570796	2.115563	0.685730	176	18	43	526.80
-1.047198	1.113094	-0.272241	173	25	46	526.79
0.261799	1.310100	1.488307	175	17	46	526.77
-0.261799	1.977582	0.969896	180	16	47	526.72
-0.261799	1.683268	0.374177	174	23	39	526.71
1.570796	2.637879	2.121598	171	13	39	526.71
2.879793	1.433411	-1.035986	181	18	48	526.70
1.570796	1.875281	0.107086	170	11	39	526.70
0.000000	0.929350	-2.910676	168	16	34	526.69
-2.094395	2.881233	-2.582574	165	7	39	526.68
-1.308997	1.506530	1.988858	180	15	44	526.64
2.356194	1.045978	0.343692	169	20	42	526.61
-0.523599	2.379497	0.561089	179	10	43	526.56
1.570796	1.599406	1.426070	179	21	51	526.56
0.261799	1.134796	2.434290	167	18	39	526.55
1.308997	0.960688	-0.577532	175	11	47	526.51
1.047198	2.863997	0.549740	164	13	37	526.50
0.523599	0.864993	2.278281	166	20	40	526.46
-2.094395	2.138223	1.678323	174	21	48	526.44
-2.879793	0.591903	2.010408	172	13	37	526.39
1.832596	0.961715	0.014085	177	29	42	526.28
1.570796	1.569311	-3.003978	170	17	38	526.25
-2.617994	1.506530	1.988858	184	19	48	526.22
-3.141593	1.391910	3.030322	169	18	40	526.22
1.308997	2.138223	1.678323	178	14	45	526.20
-1.832596	0.685216	-1.712745	173	13	42	526.17
-0.261799	1.732874	-0.951685	172	9	44	526.17
0.000000	0.458961	-0.107937	164	18	36	526.13
1.308997	1.741644	-2.695914	169	19	38	526.13
-1.308997	1.448123	-2.163292	179	5	44	526.13
2.356194	2.033014	2.977192	165	21	36	526.12
-0.261799	2.115563	0.685730	183	13	46	526.11
-1.832596	0.370812	-2.547742	182	24	42	526.10
-1.832596	1.135813	-2.658866	181	18	45	526.09
1.832596	2.863997	0.549740	173	9	40	526.09
0.000000	0.618092	2.539118	164	28	36	526.05
1.832596	1.662363	0.915448	179	31	47	526.04
-2.094395	1.554776	0.100351	182	31	42	526.00
-1.308997	2.343981	-1.040456	170	24	46	525.98
1.308997	2.174483	2.653697	173	4	37	525.93
2.617994	0.379747	-1.713059	169	6	39	525.92
1.570796	2.063651	-2.044600	182	24	49	525.89
-2.617994	1.662363	0.915448	171	8	42	525.85
-0.261799	1.736875	3.023612	173	20	42	525.81
-1.570796	0.379747	-1.713059	179	11	43	525.78
2.094395	1.367556	0.358405	173	19	42	525.77
1.047198	1.128190	-2.288622	174	22	43	525.77
2.094395	0.290380	-0.796960	174	9	46	525.72
-2.094395	1.025536	1.576859	185	12	46	525.67
-2.356194	2.404280	-0.174044	174	14	41	525.67
-2.094395	0.929350	-2.910676	181	18	44	525.66
1.047198	1.247695	1.809890	172	18	47	525.61
1.832596	2.478122	2.609777	170	12	36	525.60
-1.308997	2.863997	0.549740	180	17	44	525.60
0.523599	1.134796	2.434290	168	21	45	525.56
-2.879793	1.413430	2.550734	174	19	41	525.55
-2.094395	1.374601	-2.456031	176	11	44	525.55
2.617994	2.456751	-1.503343	175	13	43	525.55
-1.570796	2.033014	2.977192	183	28	44	525.53
1.832596	1.875281	0.107086	170	9	36	525.50
0.523599	0.709924	0.218797	168	6	37	525.48
-1.570796	1.574060	2.783565	177	18	43	525.47
0.261799	0.864993	2.278281	165	25	39	525.46
1.832596	0.914445	2.687814	172	9	38	525.45
-1.047198	1.194549	-0.801900	174	16	46	525.45
2.356194	2.299159	2.264663	172	10	39	525.44
0.785398	0.496451	0.593859	179	32	43	525.43
-2.879793	2.719179	-1.780644	173	15	43	525.43
0.261799	0.379747	-1.713059	177	24	43	525.43
1.308997	1.875281	0.107086	170	7	36	525.41
-1.832596	1.413347	-1.339188	182	22	51	525.37
-1.832596	0.899350	-2.069907	184	20	46	525.35
2.356194	1.736875	3.023612	167	24	37	525.33
-3.141593	2.396274	-1.959260	176	22	47	525.32
-0.785398	1.135813	-2.658866	174	14	38	525.30
-2.617994	2.033014	2.977192	173	14	40	525.27
0.785398	1.256302	0.062705	172	3	38	525.24
-0.785398	2.704512	1.488683	174	10	45	525.17
0.000000	2.637879	2.121598	176	16	46	525.15
1.308997	0.831641	0.616218	176	7	35	525.12
0.523599	0.297065	2.160177	168	17	38	525.11
-2.356194	1.569311	-3.003978	175	17	43	525.09
0.000000	1.812176	0.656819	171	21	36	525.07
2.356194	1.948085	-2.363031	174	18	45	525.05
0.785398	0.458961	-0.107937	167	10	41	525.03
-2.094395	1.450119	-2.739050	169	4	37	525.02
0.785398	2.379497	0.561089	168	13	37	525.01
0.785398	0.929350	-2.910676	181	20	44	525.00
-1.047198	0.618092	2.539118	171	10	37	525.00
1.047198	2.404280	-0.174044	176	13	45	524.98
0.785398	0.866395	-2.492918	177	10	40	524.96
-2.879793	0.640596	-2.797608	167	15	40	524.96
-2.617994	1.721184	-0.153948	177	28	39	524.95
-3.141593	0.419640	2.974122	173	14	41	524.92
-2.879793	0.640596	-2.797608	166	16	39	524.91
-2.356194	2.637879	2.121598	180	30	45	524.91
-2.356194	1.194549	-0.801900	180	20	47	524.91
0.261799	1.113094	-0.272241	168	11	43	524.87
-1.832596	2.404280	-0.174044	173	6	38	524.78
2.879793	2.180315	-1.357379	176	18	46	524.74
-1.047198	2.295480	1.008277	169	166	10	524.73
0.261799	2.984978	1.954446	178	23	45	524.71
1.570796	2.393226	1.857173	50	182	177	524.68
0.785398	2.760637	2.781135	173	7	41	524.66
2.094395	1.128190	-2.288622	168	27	45	524.65
-2.879793	1.310100	1.488307	181	9	49	524.63
0.261799	1.875281	0.107086	35	184	6	524.62
-2.617994	1.413430	2.550734	170	14	36	524.62
-2.617994	1.247695	1.809890	175	14	42	524.61
2.879793	2.664082	-1.071402	178	15	44	524.61
-1.308997	1.450119	-2.739050	177	7	38	524.57
-0.261799	1.696674	-1.253233	176	10	47	524.57
1.832596	2.174483	2.653697	169	16	38	524.50
1.047198	1.134796	2.434290	171	13	45	524.44
1.308997	1.683268	0.374177	182	27	46	524.44
2.094395	0.864993	2.278281	181	22	44	524.43
-1.047198	1.374601	-2.456031	175	12	39	524.43
-1.308997	2.033014	2.977192	180	26	44	524.38
-2.617994	2.063651	-2.044600	170	15	45	524.38
-0.785398	1.413430	2.550734	176	11	39	524.35
-0.523599	2.063651	-2.044600	178	9	44	524.28
1.570796	0.685216	-1.712745	165	20	42	524.27
-1.570796	1.683268	0.374177	178	6	41	524.27
1.570796	1.836682	-0.676006	177	16	46	524.23
-3.141593	1.574060	2.783565	176	22	42	524.23
1.308997	2.187132	-0.479875	175	10	44	524.15
0.000000	0.899350	-2.069907	174	17	40	524.14
1.047198	0.418037	1.360082	169	16	39	524.14
-1.832596	2.379497	0.561089	167	163	8	524.08
1.047198	1.374601	-2.456031	177	23	45	524.03
0.785398	1.870545	-2.976234	169	11	38	524.02
-1.308997	2.719179	-1.780644	170	15	47	523.98
2.617994	2.478122	2.609777	177	12	42	523.86
0.261799	2.073035	2.027405	51	180	168	523.86
-0.523599	2.637879	2.121598	174	19	46	523.86
2.356194	2.393226	1.857173	174	9	40	523.84
1.047198	2.456751	-1.503343	175	16	42	523.82
-2.094395	2.664082	-1.071402	174	15	42	523.79
-2.879793	1.135813	-2.658866	179	20	45	523.77
1.832596	1.658653	-2.409879	172	21	42	523.77
0.261799	1.413430	2.550734	168	20	45	523.75
0.000000	1.741644	-2.695914	173	11	38	523.75
0.261799	0.419640	2.974122	166	20	36	523.74
-2.094395	0.419640	2.974122	165	12	37	523.73
-1.047198	2.587733	0.232235	176	3	37	523.73
1.570796	1.184361	0.625864	171	19	41	523.73
1.570796	2.407836	1.410646	175	22	43	523.70
0.000000	2.719179	-1.780644	177	19	44	523.67
2.356194	2.455966	-0.641220	175	11	41	523.65
2.094395	1.812176	0.656819	172	16	40	523.57
1.047198	2.637879	2.121598	172	17	41	523.54
1.047198	0.992645	-1.723759	170	17	43	523.51
0.261799	1.417623	-0.202254	168	8	41	523.50
2.356194	0.831641	0.616218	171	13	42	523.46
-2.094395	2.587733	0.232235	172	6	41	523.35
0.523599	0.960688	-0.577532	169	16	46	523.28
2.879793	2.089241	-0.114193	168	20	39	523.28
1.047198	1.554776	0.100351	169	14	38	523.21
-1.047198	2.033014	2.977192	177	20	43	523.17
0.523599	1.741644	-2.695914	177	21	43	523.14
-0.785398	1.574060	2.783565	176	11	39	523.06
-0.785398	1.741644	-2.695914	180	16	44	523.02
-2.356194	1.824694	1.850876	182	21	49	523.00
2.617994	0.992645	-1.723759	174	10	47	522.96
0.785398	1.413430	2.550734	171	13	45	522.93
1.047198	0.418037	1.360082	171	21	41	522.92
-2.356194	1.128190	-2.288622	166	9	38	522.92
1.570796	2.343981	-1.040456	175	16	44	522.87
0.785398	0.618092	2.539118	163	14	36	522.84
2.617994	0.419640	2.974122	176	23	42	522.79
2.094395	1.391910	3.030322	171	14	37	522.76
-2.617994	0.914445	2.687814	171	14	38	522.76
2.879793	0.290380	-0.796960	170	27	35	522.69
2.879793	0.831641	0.616218	187	23	43	522.69
-0.785398	0.850607	-1.335383	181	14	46	522.67
-3.141593	0.899350	-2.069907	168	12	44	522.61
-0.523599	1.982574	-1.115518	171	9	45	522.58
0.261799	1.050534	3.042579	174	16	42	522.57
0.785398	1.948085	-2.363031	175	16	42	522.55
2.879793	1.440580	2.260026	174	12	39	522.52
-0.261799	0.906588	1.252948	178	23	43	522.51
-2.617994	1.766067	2.153843	180	14	45	522.47
-1.570796	1.128190	-2.288622	172	4	39	522.43
-2.879793	1.662363	0.915448	169	11	43	522.41
-0.523599	2.138223	1.678323	181	19	50	522.37
1.047198	0.496451	0.593859	180	10	43	522.34
1.308997	2.164094	-2.991358	175	17	43	522.34
-0.261799	1.909857	-0.381669	165	28	41	522.32
-1.308997	0.910508	1.903534	181	18	43	522.32
-1.832596	2.180315	-1.357379	173	23	48	522.30
0.523599	1.836682	-0.676006	175	22	45	522.27
2.356194	0.685216	-1.712745	169	11	43	522.22
0.785398	1.025536	1.576859	174	26	46	522.19
0.261799	1.812176	0.656819	171	23	38	522.16
-3.141593	2.724429	-0.348782	171	13	40	522.14
0.785398	1.574060	2.783565	170	9	42	522.14
1.308997	1.836682	-0.676006	177	16	46	522.13
-2.617994	2.343981	-1.040456	178	14	44	522.09
2.617994	0.864993	2.278281	180	21	44	521.97
1.832596	2.138223	1.678323	173	17	42	521.95
2.356194	1.325504	-1.671296	176	14	51	521.91
-3.141593	1.846342	-1.796954	176	14	47	521.91
2.879793	1.417623	-0.202254	168	14	35	521.90
-3.141593	2.343981	-1.040456	180	20	47	521.77
0.261799	2.299159	2.264663	52	179	171	521.77
-1.047198	0.618092	2.539118	170	10	37	521.76
-1.047198	2.033014	2.977192	172	19	40	521.75
-2.356194	0.458961	-0.107937	175	22	40	521.72
-1.047198	0.866955	-0.931351	179	14	45	521.72
0.785398	0.929350	-2.910676	169	15	37	521.71
0.000000	0.591903	2.010408	169	23	40	521.57
-3.141593	2.393226	1.857173	177	11	42	521.56
-1.832596	0.906588	1.252948	177	14	41	521.53
-1.570796	1.045978	0.343692	172	21	40	521.51
-0.785398	0.866395	-2.492918	177	19	42	521.47
0.785398	0.297065	2.160177	162	22	35	521.45
-2.617994	0.960688	-0.577532	177	18	41	521.38
1.308997	0.906588	1.252948	171	13	42	521.37
0.523599	2.033014	2.977192	167	13	39	521.35
0.523599	1.732874	-0.951685	168	13	47	521.32
0.523599	2.001437	0.381215	164	18	34	521.32
0.000000	1.736875	3.023612	167	22	40	521.27
-2.094395	2.664082	-1.071402	175	15	43	521.25
-0.785398	2.455966	-0.641220	167	26	44	521.25
0.000000	1.135813	-2.658866	178	18	43	521.24
-0.785398	1.872854	1.543456	183	17	52	521.17
-2.356194	1.504028	0.636812	173	7	43	521.16
-1.308997	2.063651	-2.044600	181	8	51	521.15
-1.832596	2.063651	-2.044600	169	11	44	521.09
-2.879793	2.984978	1.954446	173	14	39	521.09
-2.356194	1.809167	1.213774	175	11	45	521.07
-3.141593	1.977582	0.969896	51	169	170	521.05
-0.261799	0.906588	1.252948	176	18	40	521.04
-0.261799	2.393226	1.857173	177	16	48	521.04
-0.785398	0.992645	-1.723759	176	19	43	521.03
-0.785398	1.662363	0.915448	178	13	45	521.03
-2.617994	2.295480	1.008277	167	18	44	520.97
1.047198	0.709924	0.218797	172	3	37	520.93
1.570796	0.866955	-0.931351	170	7	43	520.85
1.570796	1.766067	2.153843	176	9	46	520.80
-0.785398	0.961715	0.014085	171	23	45	520.75
0.785398	0.370812	-2.547742	177	21	42	520.74
2.094395	2.073035	2.027405	175	13	42	520.74
1.047198	1.662363	0.915448	177	16	44	520.70
-1.308997	0.297065	2.160177	165	11	37	520.67
1.308997	2.153910	-1.714959	55	180	185	520.65
1.570796	2.407836	1.410646	49	186	177	520.63
-2.617994	1.510910	-0.740472	181	24	47	520.62
-1.570796	1.721184	-0.153948	176	3	37	520.60
1.832596	0.992645	-1.723759	170	19	47	520.58
-1.308997	0.640596	-2.797608	174	13	41	520.58
1.308997	0.914445	2.687814	162	165	4	520.56
-2.094395	2.881233	-2.582574	167	13	43	520.56
0.000000	2.478122	2.609777	169	13	43	520.55
-1.570796	0.992645	-1.723759	172	11	40	520.54
1.047198	0.203748	0.590255	175	1	37	520.51
0.785398	0.203748	0.590255	175	5	43	520.49
-1.832596	0.914445	2.687814	168	19	35	520.45
-3.141593	2.863997	0.549740	168	21	41	520.43
1.308997	1.599406	1.426070	179	22	51	520.41
-2.094395	1.948085	-2.363031	166	9	40	520.40
0.785398	1.184361	0.625864	174	20	37	520.40
-1.047198	1.325504	-1.671296	186	18	51	520.37
0.261799	0.961715	0.014085	165	11	39	520.37
-1.308997	1.113094	-0.272241	174	18	43	520.36
0.785398	0.674054	1.013609	173	21	41	520.33
1.047198	0.685216	-1.712745	168	27	43	520.28
1.570796	2.108018	1.311430	172	18	41	520.28
2.879793	2.881233	-2.582574	170	13	37	520.24
-3.141593	0.831641	0.616218	166	11	39	520.23
-0.523599	2.724429	-0.348782	164	23	40	520.21
-0.785398	0.203748	0.590255	171	23	44	520.21
1.047198	0.700570	1.559208	166	27	42	520.20
0.523599	0.709924	0.218797	167	7	38	520.18
-1.047198	0.080730	-2.622036	172	24	36	520.16
2.879793	1.732874	-0.951685	181	20	46	520.15
-2.617994	1.554776	0.100351	181	28	41	520.10
0.000000	1.599406	1.426070	175	14	45	520.07
2.356194	1.448123	-2.163292	171	22	50	520.04
-2.356194	1.909857	-0.381669	175	24	39	519.97
-0.261799	0.864993	2.278281	168	22	38	519.94
2.356194	1.510910	-0.740472	177	15	44	519.91
1.047198	1.662363	0.915448	175	18	43	519.90
0.261799	2.478122	2.609777	170	11	43	519.87
1.832596	0.618092	2.539118	177	16	43	519.78
-0.523599	1.766067	2.153843	172	18	44	519.72
-2.356194	1.696674	-1.253233	172	19	44	519.72
-0.261799	2.587733	0.232235	173	16	39	519.71
-0.523599	1.766067	2.153843	173	19	48	519.70
0.261799	1.982574	-1.115518	172	11	46	519.67
-0.523599	1.417623	-0.202254	168	13	40	519.62
2.879793	0.591903	2.010408	174	6	35	519.60
1.047198	0.700570	1.559208	167	27	42	519.59
-2.617994	0.674054	1.013609	49	173	179	519.54
-1.570796	0.379747	-1.713059	177	10	39	519.52
-0.785398	1.504028	0.636812	169	16	37	519.51
-0.785398	2.033014	2.977192	173	16	40	519.51
-0.785398	1.488617	1.159546	174	18	37	519.48
-2.094395	0.866395	-2.492918	169	5	38	519.48
-3.141593	1.134497	-1.109631	180	13	47	519.42
-2.094395	1.824694	1.850876	178	21	48	519.41
-2.879793	1.247695	1.809890	175	15	43	519.35
-2.356194	1.014500	0.906702	49	172	180	519.34
2.617994	1.256302	0.062705	169	15	38	519.33
-2.617994	0.910508	1.903534	170	14	34	519.33
-1.308997	2.153910	-1.714959	177	14	51	519.26
-3.141593	1.998705	2.370472	177	20	43	519.23
0.785398	1.301460	-0.509251	174	11	47	519.22
-3.141593	1.948085	-2.363031	169	14	42	519.21
-0.523599	0.899350	-2.069907	184	24	46	519.21
1.570796	2.343981	-1.040456	175	15	43	519.19
0.523599	1.869911	2.701025	169	15	43	519.18
-1.308997	0.591903	2.010408	165	12	34	519.16
-2.094395	1.574060	2.783565	177	21	42	519.11
-0.523599	1.977582	0.969896	179	16	47	519.09
-2.094395	1.506530	1.988858	183	19	47	519.08
-1.832596	0.929350	-2.910676	179	11	43	519.05
0.523599	0.618092	2.539118	163	19	36	519.04
-2.094395	1.335669	0.897240	181	5	46	519.01
-1.832596	0.866955	-0.931351	175	16	44	519.00
-1.308997	1.836682	-0.676006	167	18	42	518.97
1.047198	0.685216	-1.712745	177	28	48	518.96
-1.570796	2.478122	2.609777	175	21	43	518.91
2.879793	0.906588	1.252948	173	10	46	518.89
-0.785398	1.242974	-2.977882	174	13	37	518.89
-2.879793	0.910508	1.903534	176	12	41	518.89
-0.523599	1.809167	1.213774	174	13	45	518.87
-1.047198	0.850607	-1.335383	179	14	45	518.87
2.879793	2.407836	1.410646	176	16	44	518.84
2.617994	1.134497	-1.109631	180	12	47	518.82
2.617994	1.982574	-1.115518	176	14	44	518.82
-1.047198	2.299159	2.264663	167	21	43	518.80
0.261799	2.138223	1.678323	49	181	167	518.73
2.356194	0.906588	1.252948	167	13	44	518.72
-1.047198	0.458961	-0.107937	49	180	167	518.66
-1.570796	2.579248	-2.364801	172	2	41	518.66
1.832596	2.379497	0.561089	179	27	44	518.61
-2.356194	1.335669	0.897240	177	6	46	518.59
-1.832596	1.247695	1.809890	187	17	48	518.44
-0.523599	1.599406	1.426070	173	17	45	518.38
-0.261799	0.418037	1.360082	167	6	35	518.35
1.047198	2.404280	-0.174044	171	10	41	518.35
1.047198	0.899350	-2.069907	170	21	41	518.35
0.785398	1.599406	1.426070	181	22	51	518.33
1.308997	2.247462	0.191623	177	22	44	518.32
-1.047198	1.391910	3.030322	176	15	42	518.30
-0.261799	1.982574	-1.115518	173	7	43	518.29
-2.094395	0.961715	0.014085	177	5	41	518.27
-3.141593	1.721184	-0.153948	169	13	37	518.25
1.308997	2.456751	-1.503343	177	18	44	518.25
-0.785398	2.115563	0.685730	180	13	46	518.22
0.000000	1.977582	0.969896	52	176	184	518.21
-2.094395	2.760637	2.781135	175	13	40	518.20
-1.047198	1.766067	2.153843	177	15	44	518.18
-2.094395	0.866395	-2.492918	184	20	45	518.16
2.879793	0.866955	-0.931351	184	17	51	518.15
-0.785398	2.478122	2.609777	163	22	37	518.07
-2.617994	1.335669	0.897240	177	13	46	518.02
0.785398	1.413430	2.550734	172	14	45	517.94
2.617994	1.554776	0.100351	166	19	37	517.90
-2.094395	1.617114	-1.572037	171	16	47	517.88
2.356194	1.247695	1.809890	177	9	48	517.87
-1.047198	2.251330	-2.330739	175	7	41	517.83
0.523599	1.545873	-1.877082	179	25	48	517.78
0.261799	0.961715	0.014085	167	9	39	517.77
2.879793	1.699788	2.452890	177	16	42	517.73
0.261799	0.831641	0.616218	182	25	43	517.60
-0.785398	0.850607	-1.335383	182	11	45	517.56
-3.141593	2.881233	-2.582574	166	27	42	517.56
-2.879793	1.909857	-0.381669	172	13	40	517.56
-1.308997	0.914445	2.687814	177	16	41	517.54
2.879793	0.850607	-1.335383	175	14	48	517.52
2.356194	0.203748	0.590255	182	14	43	517.52
-2.094395	2.393226	1.857173	174	18	44	517.48
1.570796	0.864993	2.278281	173	10	44	517.45
1.570796	0.496451	0.593859	168	17	33	517.41
2.356194	0.615174	-0.666022	182	11	49	517.41
-2.879793	0.290380	-0.796960	172	26	35	517.40
-0.261799	0.458961	-0.107937	171	20	44	517.37
-2.617994	0.864993	2.278281	170	13	35	517.37
0.000000	2.407836	1.410646	175	11	43	517.36
-0.261799	1.025536	1.576859	174	24	44	517.36
-2.879793	1.506530	1.988858	183	17	48	517.33
1.570796	0.906588	1.252948	168	24	44	517.33
2.617994	2.104282	-0.813972	180	16	46	517.32
1.832596	0.866395	-2.492918	179	35	43	517.26
0.523599	1.982574	-1.115518	172	10	48	517.26
2.617994	0.418037	1.360082	172	9	40	517.21
-1.832596	1.417623	-0.202254	175	4	38	517.20
2.879793	2.104282	-0.813972	181	18	47	517.18
-1.047198	2.881233	-2.582574	50	187	170	517.15
1.570796	1.741644	-2.695914	172	16	40	517.15
-0.785398	1.824694	1.850876	176	16	48	517.15
-1.832596	1.391910	3.030322	172	10	38	517.07
-3.141593	0.906588	1.252948	177	9	46	517.05
0.261799	0.615174	-0.666022	166	20	40	517.03
-2.094395	1.809167	1.213774	176	9	45	517.02
0.523599	1.242974	-2.977882	169	15	38	517.01
1.570796	0.203748	0.590255	168	17	32	517.00
1.832596	1.699788	2.452890	177	3	40	517.00
-3.141593	1.335669	0.897240	169	9	41	517.00
-0.523599	2.719179	-1.780644	176	1	45	516.98
-1.308997	2.881233	-2.582574	175	18	42	516.95
-2.617994	0.419640	2.974122	164	18	36	516.94
1.047198	2.704512	1.488683	172	15	41	516.89
0.523599	2.138223	1.678323	174	12	43	516.89
0.261799	1.870545	-2.976234	167	16	38	516.89
1.570796	2.724429	-0.348782	177	14	44	516.86
1.570796	0.866955	-0.931351	171	8	43	516.85
0.785398	2.984978	1.954446	51	175	177	516.82
-2.617994	0.762244	-0.273349	171	8	39	516.81
-1.832596	0.640596	-2.797608	172	18	41	516.78
0.523599	1.413347	-1.339188	170	21	47	516.75
-0.523599	0.674054	1.013609	182	26	41	516.74
1.832596	1.545873	-1.877082	173	17	47	516.71
1.832596	1.391910	3.030322	171	15	38	516.69
2.879793	1.128190	-2.288622	169	15	45	516.69
-1.047198	0.762244	-0.273349	176	13	39	516.69
-2.094395	1.448123	-2.163292	169	8	42	516.67
0.000000	1.374601	-2.456031	177	13	41	516.64
1.570796	1.741644	-2.695914	173	15	40	516.64
1.832596	2.073035	2.027405	171	15	39	516.63
1.047198	1.812176	0.656819	172	20	40	516.62
1.832596	1.488617	1.159546	175	25	49	516.52
-2.879793	0.458961	-0.107937	181	19	44	516.52
1.047198	1.168678	2.108595	169	12	42	516.50
2.094395	1.440580	2.260026	178	18	46	516.50
0.000000	1.766067	2.153843	175	20	50	516.48
-1.570796	1.846342	-1.796954	174	13	48	516.48
-3.141593	1.014500	0.906702	171	13	44	516.45
2.617994	1.045978	0.343692	171	16	42	516.45
2.879793	1.247695	1.809890	182	8	48	516.44
-1.832596	0.297065	2.160177	163	20	37	516.43
2.094395	1.948085	-2.363031	29	182	8	516.41
2.617994	2.478122	2.609777	176	13	43	516.40
-0.523599	1.045978	0.343692	167	21	41	516.37
-0.261799	0.297065	2.160177	170	27	38	516.34
-0.785398	0.992645	-1.723759	186	11	49	516.33
-1.047198	1.504028	0.636812	185	18	48	516.33
-1.832596	1.809167	1.213774	174	9	40	516.29
0.523599	2.164094	-2.991358	175	23	43	516.28
-1.308997	2.456751	-1.503343	168	13	43	516.28
-1.047198	1.510910	-0.740472	171	17	46	516.26
1.047198	1.195355	1.200319	179	28	48	516.26
-1.047198	0.960688	-0.577532	178	24	49	516.26
-3.141593	0.914445	2.687814	55	172	175	516.20
-2.356194	0.685216	-1.712745	178	13	49	516.20
0.785398	0.685216	-1.712745	176	28	46	516.19
-1.047198	2.174483	2.653697	172	19	42	516.19
-2.356194	1.195355	1.200319	189	22	48	516.19
0.785398	1.134796	2.434290	169	17	45	516.17
0.261799	1.242974	-2.977882	174	12	40	516.17
-0.261799	1.766067	2.153843	172	16	44	516.15
-1.308997	1.168678	2.108595	187	26	47	516.14
1.570796	0.674054	1.013609	168	15	39	516.10
1.047198	2.478122	2.609777	179	15	45	516.10
2.617994	2.724429	-0.348782	166	17	38	516.09
2.617994	2.724429	-0.348782	164	18	36	516.06
0.000000	2.089241	-0.114193	172	21	43	516.04
2.617994	0.297065	2.160177	173	8	36	516.03
1.832596	1.413430	2.550734	176	12	44	515.99
-0.261799	1.433411	-1.035986	174	15	48	515.93
1.047198	2.174483	2.653697	174	10	44	515.91
1.308997	0.906588	1.252948	173	13	43	515.90
-0.785398	0.866955	-0.931351	177	18	46	515.90
2.879793	0.899350	-2.069907	167	14	44	515.89
-2.879793	2.180315	-1.357379	182	25	49	515.78
0.523599	0.080730	-2.622036	173	16	39	515.74
-1.047198	1.732874	-0.951685	170	12	44	515.72
-0.785398	0.379747	-1.713059	184	29	43	515.72
0.000000	1.014500	0.906702	180	22	45	515.67
1.832596	0.290380	-0.796960	168	10	42	515.60
-0.785398	1.135834	-1.431087	186	24	51	515.59
2.094395	2.404280	-0.174044	177	11	43	515.58
-3.141593	0.866395	-2.492918	168	8	40	515.58
1.047198	2.455966	-0.641220	176	10	45	515.57
2.879793	1.413347	-1.339188	30	179	13	515.56
-3.141593	0.685216	-1.712745	175	16	48	515.56
-0.523599	1.128190	-2.288622	175	16	41	515.54
-0.785398	0.571433	-1.188419	188	23	50	515.52
-1.832596	1.606104	-0.451151	173	21	42	515.51
-1.832596	0.866395	-2.492918	184	19	45	515.51
-1.832596	2.455966	-0.641220	182	21	47	515.50
1.308997	2.404280	-0.174044	174	7	41	515.47
-0.523599	1.699788	2.452890	172	17	41	515.47
-0.261799	1.433411	-1.035986	173	15	47	515.42
-2.879793	1.391910	3.030322	171	18	40	515.41
2.094395	2.579248	-2.364801	172	18	43	515.35
2.879793	1.050534	3.042579	169	19	39	515.33
1.570796	1.310100	1.488307	173	20	49	515.30
1.308997	0.685216	-1.712745	166	25	43	515.24
1.308997	1.824694	1.850876	175	12	45	515.19
2.094395	1.617114	-1.572037	181	17	53	515.19
-1.832596	0.866955	-0.931351	177	20	46	515.18
-2.617994	1.699788	2.452890	173	19	40	515.18
-0.261799	1.766067	2.153843	175	23	50	515.15
1.047198	0.850607	-1.335383	176	22	50	515.15
-1.832596	0.866955	-0.931351	174	16	43	515.12
0.000000	2.001437	0.381215	174	25	42	515.09
0.261799	0.297065	2.160177	168	20	38	515.09
-1.570796	1.450119	-2.739050	175	12	42	515.06
1.832596	1.732874	-0.951685	175	12	45	515.06
-2.356194	1.128190	-2.288622	167	8	38	515.04
-1.570796	2.478122	2.609777	29	181	7	515.03
-1.308997	1.242974	-2.977882	171	13	35	515.03
-2.879793	2.456751	-1.503343	180	24	48	515.00
1.308997	2.588535	-2.976617	172	7	38	514.96
-2.617994	0.458961	-0.107937	181	19	44	514.96
0.523599	0.866955	-0.931351	172	19	47	514.95
0.785398	2.592629	0.909713	173	17	42	514.93
0.000000	2.724429	-0.348782	165	19	41	514.92
-3.141593	0.419640	2.974122	167	13	35	514.91
-2.094395	1.417623	-0.202254	172	5	36	514.89
-2.617994	1.836682	-0.676006	183	11	43	514.86
-2.879793	1.335669	0.897240	172	12	46	514.86
1.570796	0.640596	-2.797608	176	13	41	514.83
0.000000	1.417623	-0.202254	166	11	41	514.80
2.356194	2.299159	2.264663	174	12	41	514.80
-2.356194	2.579248	-2.364801	165	14	43	514.78
-3.141593	2.587733	0.232235	166	16	39	514.75
-2.094395	2.164094	-2.991358	177	13	43	514.74
2.617994	0.831641	0.616218	163	19	38	514.74
-2.879793	2.455966	-0.641220	170	14	38	514.73
-2.879793	0.992645	-1.723759	171	14	47	514.73
-3.141593	1.506530	1.988858	181	17	47	514.66
-1.047198	2.295480	1.008277	174	13	45	514.65
-1.570796	1.050534	3.042579	169	15	35	514.61
2.094395	2.393226	1.857173	176	19	44	514.61
-3.141593	2.247462	0.191623	170	18	42	514.60
-3.141593	1.683268	0.374177	186	28	39	514.58
1.570796	1.113094	-0.272241	169	13	37	514.57
0.523599	1.301460	-0.509251	172	10	46	514.54
-2.617994	2.379497	0.561089	163	12	37	514.53
2.356194	2.863997	0.549740	173	12	38	514.53
-0.261799	1.836682	-0.676006	170	13	46	514.50
-1.832596	0.733948	3.021411	164	10	35	514.48
1.832596	1.134497	-1.109631	172	2	43	514.46
-1.308997	1.732874	-0.951685	169	15	44	514.45
-2.356194	1.335669	0.897240	179	9	46	514.41
0.785398	0.850607	-1.335383	177	24	50	514.37
-1.832596	1.836682	-0.676006	172	24	44	514.36
1.832596	1.025536	1.576859	178	24	45	514.32
-1.308997	2.153910	-1.714959	171	11	45	514.27
1.832596	1.736875	3.023612	175	17	42	514.25
1.832596	1.662363	0.915448	172	14	39	514.24
1.047198	1.736875	3.023612	172	10	41	514.23
2.617994	0.080730	-2.622036	173	26	45	514.23
0.523599	0.685216	-1.712745	182	29	48	514.22
0.000000	1.045978	0.343692	169	14	41	514.20
0.785398	0.290380	-0.796960	169	21	45	514.19
1.308997	1.506530	1.988858	170	11	42	514.17
-1.308997	2.379497	0.561089	179	16	45	514.15
2.094395	1.869911	2.701025	168	29	34	514.12
1.047198	0.906588	1.252948	169	15	38	514.11
0.523599	0.685216	-1.712745	183	31	48	514.11
-1.047198	0.899350	-2.069907	186	9	47	514.10
-1.308997	2.587733	0.232235	175	7	40	514.05
-0.523599	0.080730	-2.622036	173	21	38	514.04
1.570796	2.588535	-2.976617	175	7	39	514.00
-1.832596	1.721184	-0.153948	173	5	38	513.99
1.308997	2.033014	2.977192	170	4	36	513.91
1.570796	2.760637	2.781135	172	15	40	513.90
-2.879793	1.247695	1.809890	180	13	46	513.84
-2.356194	1.184361	0.625864	177	9	43	513.83
-2.094395	1.050534	3.042579	171	12	39	513.81
-2.356194	1.135813	-2.658866	180	21	45	513.78
1.308997	2.587733	0.232235	170	9	39	513.75
-1.570796	1.301460	-0.509251	175	25	47	513.73
-2.617994	1.569311	-3.003978	175	19	43	513.73
-2.879793	1.982574	-1.115518	178	10	43	513.73
-2.356194	2.104282	-0.813972	174	20	41	513.72
-2.094395	0.080730	-2.622036	175	6	43	513.72
-1.047198	1.574060	2.783565	177	21	44	513.71
1.570796	1.504028	0.636812	174	20	43	513.62
2.356194	1.683268	0.374177	174	7	37	513.60
-1.308997	1.413347	-1.339188	181	22	51	513.59
0.000000	0.379747	-1.713059	178	24	43	513.57
-1.047198	0.961715	0.014085	173	13	36	513.52
2.879793	0.910508	1.903534	175	10	42	513.46
-1.308997	0.685216	-1.712745	186	13	49	513.44
0.000000	0.709924	0.218797	164	13	37	513.44
1.570796	1.872854	1.543456	177	16	46	513.42
-3.141593	1.696674	-1.253233	182	13	47	513.41
-3.141593	1.184361	0.625864	166	14	42	513.40
-3.141593	1.766067	2.153843	177	15	43	513.38
-0.261799	1.247695	1.809890	170	20	41	513.35
2.356194	1.904882	-1.478089	187	19	54	513.33
-0.261799	1.134497	-1.109631	178	22	51	513.33
1.047198	1.256302	0.062705	172	2	35	513.33
1.047198	0.960688	-0.577532	174	11	46	513.33
0.261799	0.419640	2.974122	165	19	35	513.31
0.785398	1.440580	2.260026	173	14	49	513.30
0.000000	0.615174	-0.666022	169	24	44	513.28
1.570796	0.379747	-1.713059	169	24	44	513.28
-2.356194	1.909857	-0.381669	178	23	42	513.26
2.879793	0.850607	-1.335383	180	20	50	513.26
-2.356194	1.617114	-1.572037	171	20	48	513.26
1.308997	1.683268	0.374177	182	26	46	513.20
-0.261799	0.458961	-0.107937	164	22	36	513.15
-0.523599	1.504028	0.636812	185	16	48	513.11
-1.570796	0.458961	-0.107937	49	175	172	513.11
-1.047198	0.640596	-2.797608	179	22	42	513.09
-2.356194	1.812176	0.656819	170	10	44	513.05
0.785398	1.617114	-1.572037	176	19	50	513.04
1.047198	0.899350	-2.069907	171	22	43	513.03
-0.785398	1.450119	-2.739050	171	15	36	513.03
-2.094395	1.982574	-1.115518	170	22	43	513.03
-2.356194	1.809167	1.213774	173	12	47	513.00
0.261799	1.555207	1.708892	178	18	49	512.96
-1.570796	1.050534	3.042579	180	13	43	512.88
-2.094395	0.496451	0.593859	177	20	40	512.85
-1.308997	0.080730	-2.622036	167	23	35	512.84
0.523599	1.391910	3.030322	174	20	43	512.83
1.570796	1.683268	0.374177	176	23	43	512.80
2.617994	2.664082	-1.071402	182	22	47	512.77
-3.141593	1.574060	2.783565	168	14	37	512.77
0.785398	0.618092	2.539118	166	19	39	512.76
-2.094395	1.683268	0.374177	173	5	39	512.74
1.308997	0.866395	-2.492918	172	16	38	512.74
2.356194	1.869911	2.701025	166	25	34	512.74
2.879793	0.864993	2.278281	179	12	43	512.70
-0.523599	2.180315	-1.357379	173	11	47	512.70
1.570796	1.134497	-1.109631	168	5	43	512.64
-1.047198	1.824694	1.850876	176	18	48	512.59
-2.094395	1.756530	-2.105156	166	11	41	512.54
2.356194	1.256302	0.062705	169	18	38	512.49
0.523599	2.407836	1.410646	177	8	41	512.49
-2.356194	2.343981	-1.040456	181	18	47	512.48
0.523599	0.290380	-0.796960	167	24	43	512.47
-3.141593	1.433411	-1.035986	181	17	47	512.47
-2.617994	1.025536	1.576859	173	12	39	512.44
1.832596	1.554776	0.100351	172	7	36	512.43
-1.047198	2.174483	2.653697	173	18	42	512.43
2.356194	1.025536	1.576859	172	7	43	512.42
-3.141593	1.218453	2.777284	175	17	41	512.42
1.832596	0.458961	-0.107937	174	30	38	512.41
2.879793	1.134497	-1.109631	32	173	10	512.37
-2.356194	1.168678	2.108595	175	13	40	512.36
1.047198	0.866395	-2.492918	175	12	39	512.33
2.879793	0.419640	2.974122	176	21	42	512.24
2.617994	1.721184	-0.153948	172	23	42	512.24
-1.308997	2.343981	-1.040456	172	27	48	512.20
1.570796	0.929350	-2.910676	176	16	41	512.20
0.785398	1.113094	-0.272241	170	9	43	512.19
-2.356194	1.448123	-2.163292	171	11	46	512.11
-0.261799	1.310100	1.488307	173	19	43	512.10
1.832596	1.569311	-3.003978	172	16	40	512.10
-0.261799	2.984978	1.954446	175	11	44	512.08
2.094395	1.247695	1.809890	177	11	48	512.02
2.094395	1.417623	-0.202254	178	11	42	512.02
-0.785398	2.704512	1.488683	174	11	45	512.02
-1.832596	2.984978	1.954446	170	15	37	512.01
-1.832596	2.396274	-1.959260	168	11	42	512.00
-1.308997	0.762244	-0.273349	177	16	43	511.97
2.356194	1.194549	-0.801900	174	13	41	511.97
-1.047198	2.343981	-1.040456	168	20	45	511.94
-2.879793	0.203748	0.590255	170	20	38	511.89
0.523599	1.569311	-3.003978	167	15	37	511.86
0.261799	1.569311	-3.003978	170	17	39	511.83
-2.617994	0.961715	0.014085	180	25	44	511.79
-0.523599	0.960688	-0.577532	174	16	45	511.79
-0.523599	2.164094	-2.991358	170	12	35	511.73
1.047198	1.391910	3.030322	175	15	43	511.71
0.523599	2.760637	2.781135	172	15	43	511.70
0.261799	1.756530	-2.105156	178	16	45	511.69
-2.879793	1.766067	2.153843	176	15	42	511.68
0.523599	1.134796	2.434290	169	9	36	511.67
-2.094395	1.766067	2.153843	185	25	49	511.67
-3.141593	0.418037	1.360082	175	17	41	511.66
-0.785398	1.440580	2.260026	175	20	43	511.65
1.308997	1.168678	2.108595	167	10	38	511.64
-1.570796	1.367556	0.358405	171	17	34	511.64
1.308997	1.504028	0.636812	172	18	38	511.60
2.094395	2.356369	3.005869	172	14	41	511.56
-1.570796	0.685216	-1.712745	184	14	49	511.56
-2.094395	0.866955	-0.931351	174	18	44	511.55
-1.047198	2.343981	-1.040456	165	14	41	511.52
1.570796	2.863997	0.549740	176	11	43	511.51
-1.308997	2.979456	-1.009304	163	22	38	511.47
-1.308997	1.335669	0.897240	182	11	43	511.47
-0.261799	2.108018	1.311430	174	9	43	511.45
1.570796	1.417623	-0.202254	171	6	36	511.43
-3.141593	1.433411	-1.035986	179	14	44	511.40
1.308997	1.504028	0.636812	175	20	43	511.39
2.356194	0.960688	-0.577532	32	173	10	511.35
1.047198	1.050534	3.042579	172	18	41	511.32
-2.094395	1.391910	3.030322	175	14	42	511.32
0.785398	1.741644	-2.695914	172	14	39	511.29
-1.570796	0.080730	-2.622036	168	27	35	511.29
2.879793	2.404280	-0.174044	168	17	39	511.28
-3.141593	2.343981	-1.040456	178	12	44	511.22
0.000000	2.404280	-0.174044	162	15	36	511.20
-0.785398	2.295480	1.008277	174	14	44	511.16
2.094395	0.418037	1.360082	167	18	39	511.11
0.261799	2.379497	0.561089	173	20	42	511.10
2.879793	2.579248	-2.364801	170	14	40	511.10
1.570796	2.379497	0.561089	178	21	44	511.09
2.879793	0.906588	1.252948	171	6	43	511.05
0.000000	1.184361	0.625864	174	15	40	511.00
-2.879793	0.496451	0.593859	177	24	40	510.98
1.308997	2.247462	0.191623	171	6	37	510.94
-0.261799	2.704512	1.488683	181	26	44	510.92
1.570796	1.812176	0.656819	173	18	40	510.91
-1.047198	1.998705	2.370472	25	185	9	510.89
2.094395	0.762244	-0.273349	174	29	39	510.89
-2.356194	0.929350	-2.910676	180	19	44	510.85
2.617994	1.214854	-1.966664	172	15	49	510.85
-0.785398	2.863997	0.549740	178	8	41	510.78
-1.308997	1.875281	0.107086	178	4	40	510.74
1.570796	0.906588	1.252948	170	11	37	510.71
1.047198	0.496451	0.593859	175	27	41	510.70
-2.094395	0.370812	-2.547742	171	3	36	510.68
-2.879793	0.591903	2.010408	178	16	43	510.68
0.261799	1.014500	0.906702	182	24	48	510.67
-1.047198	1.335669	0.897240	169	20	37	510.65
-1.047198	2.881233	-2.582574	175	7	41	510.64
-1.832596	1.504028	0.636812	178	10	44	510.63
1.047198	1.809167	1.213774	176	13	43	510.59
2.094395	1.374601	-2.456031	179	35	43	510.57
1.832596	0.458961	-0.107937	29	177	8	510.56
2.356194	2.299159	2.264663	173	12	40	510.52
1.047198	0.619654	-2.216909	175	10	38	510.47
-0.261799	0.992645	-1.723759	176	16	42	510.47
0.523599	1.658653	-2.409879	183	20	47	510.45
2.094395	2.588535	-2.976617	170	12	35	510.44
2.617994	2.404280	-0.174044	179	12	44	510.39
-2.356194	2.063651	-2.044600	172	13	48	510.37
-0.261799	1.756530	-2.105156	180	12	45	510.37
-1.047198	1.741644	-2.695914	179	16	44	510.36
1.832596	1.617114	-1.572037	49	175	178	510.35
-3.141593	2.979456	-1.009304	175	17	42	510.35
1.047198	1.812176	0.656819	171	14	38	510.35
1.832596	2.001437	0.381215	177	18	43	510.32
-1.832596	1.448123	-2.163292	171	7	43	510.28
-1.308997	0.618092	2.539118	170	14	39	510.27
2.879793	0.866395	-2.492918	173	29	43	510.25
-0.523599	1.113094	-0.272241	171	16	45	510.22
-3.141593	1.569311	-3.003978	164	13	38	510.21
-3.141593	1.948085	-2.363031	168	16	47	510.21
-1.832596	0.914445	2.687814	182	19	44	510.18
-2.094395	1.504028	0.636812	176	11	44	510.15
0.523599	1.135834	-1.431087	169	26	45	510.12
-2.094395	2.404280	-0.174044	175	13	41	510.09
1.570796	2.251330	-2.330739	175	24	43	510.07
-1.047198	1.301460	-0.509251	170	18	43	510.06
-1.047198	0.929350	-2.910676	51	176	166	510.00
-1.570796	1.736875	3.023612	173	7	36	509.96
-2.356194	2.063651	-2.044600	171	14	48	509.96
0.785398	2.251330	-2.330739	189	24	48	509.96
-2.617994	1.574060	2.783565	178	19	43	509.93
-2.356194	0.618092	2.539118	175	17	41	509.84
-1.570796	1.128190	-2.288622	181	17	46	509.82
-2.617994	1.045978	0.343692	170	7	38	509.79
2.094395	0.733948	3.021411	175	17	41	509.76
-1.047198	1.812176	0.656819	180	16	47	509.72
-0.785398	2.863997	0.549740	177	6	39	509.66
-0.261799	1.135834	-1.431087	174	15	41	509.66
-3.141593	1.982574	-1.115518	51	178	175	509.64
-1.570796	1.869911	2.701025	174	18	41	509.61
1.570796	1.977582	0.969896	174	16	41	509.60
-1.047198	2.108018	1.311430	180	11	50	509.59
2.879793	0.906588	1.252948	174	11	46	509.53
-2.617994	1.113094	-0.272241	166	11	37	509.49
1.570796	0.203748	0.590255	170	24	38	509.42
-2.356194	0.914445	2.687814	172	11	38	509.40
-0.523599	1.014500	0.906702	183	21	45	509.39
2.094395	0.831641	0.616218	170	12	36	509.38
-0.785398	1.756530	-2.105156	182	17	48	509.37
-1.570796	1.325504	-1.671296	178	14	49	509.37
2.356194	1.194549	-0.801900	173	14	41	509.34
-2.094395	1.335669	0.897240	183	16	48	509.33
-2.879793	2.863997	0.549740	167	20	41	509.22
1.570796	1.836682	-0.676006	174	11	44	509.21
-1.832596	0.290380	-0.796960	175	19	40	509.20
-2.617994	0.960688	-0.577532	178	18	43	509.17
1.570796	1.391910	3.030322	177	9	41	509.15
0.000000	0.080730	-2.622036	167	15	34	509.10
-2.617994	1.367556	0.358405	171	11	41	509.06
-2.094395	0.619654	-2.216909	174	3	40	509.04
-1.308997	1.846342	-1.796954	183	14	53	509.01
0.000000	2.588535	-2.976617	171	20	42	509.01
-0.261799	2.407836	1.410646	172	13	43	508.98
-0.523599	1.721184	-0.153948	166	14	40	508.97
-0.261799	1.569311	-3.003978	171	13	37	508.96
-0.261799	1.014500	0.906702	178	18	41	508.96
1.308997	1.909857	-0.381669	174	10	43	508.93
-1.832596	2.396274	-1.959260	170	13	48	508.89
-1.308997	1.045978	0.343692	173	15	37	508.87
-2.094395	1.391910	3.030322	180	24	43	508.85
1.570796	0.831641	0.616218	177	25	46	508.84
0.785398	0.700570	1.559208	169	30	42	508.84
-3.141593	1.195355	1.200319	174	6	43	508.84
1.047198	1.391910	3.030322	169	9	37	508.78
-0.261799	1.367556	0.358405	166	15	38	508.78
0.523599	2.299159	2.264663	175	14	47	508.78
1.570796	0.831641	0.616218	168	19	37	508.76
-0.785398	1.658653	-2.409879	53	174	187	508.75
0.523599	0.591903	2.010408	168	17	40	508.73
0.785398	0.914445	2.687814	168	15	40	508.72
-1.832596	0.929350	-2.910676	170	19	38	508.72
-2.356194	2.588535	-2.976617	171	19	42	508.71
-2.094395	1.194549	-0.801900	172	20	42	508.69
0.523599	0.960688	-0.577532	170	13	45	508.67
1.570796	2.343981	-1.040456	174	14	42	508.66
-0.523599	2.174483	2.653697	164	21	39	508.66
1.832596	0.496451	0.593859	167	17	38	508.62
0.523599	2.393226	1.857173	172	9	39	508.59
-1.047198	2.174483	2.653697	172	16	40	508.53
2.094395	2.760637	2.781135	169	13	37	508.53
0.785398	1.836682	-0.676006	167	6	43	508.51
-3.141593	1.413347	-1.339188	179	12	46	508.48
-0.523599	1.756530	-2.105156	177	13	44	508.47
-0.261799	0.619654	-2.216909	176	21	42	508.46
-0.785398	1.134497	-1.109631	180	15	50	508.41
0.000000	1.367556	0.358405	175	16	41	508.39
-1.832596	2.478122	2.609777	175	22	43	508.34
2.094395	1.025536	1.576859	178	22	45	508.26
0.000000	1.875281	0.107086	174	19	41	508.25
-3.141593	2.719179	-1.780644	172	17	43	508.23
-0.523599	2.033014	2.977192	172	19	42	508.20
-0.261799	2.455966	-0.641220	167	23	44	508.17
1.832596	2.343981	-1.040456	171	14	40	508.13
-3.141593	1.617114	-1.572037	177	13	46	508.12
0.785398	2.073035	2.027405	172	9	40	508.10
-3.141593	0.619654	-2.216909	166	10	41	508.10
2.879793	1.335669	0.897240	169	18	46	508.08
-2.617994	0.674054	1.013609	177	10	41	508.07
-1.570796	2.719179	-1.780644	165	13	41	508.07
-2.617994	2.407836	1.410646	171	15	40	508.01
0.785398	2.153910	-1.714959	180	15	47	508.01
-1.832596	1.696674	-1.253233	173	19	48	507.96
0.785398	1.184361	0.625864	173	20	37	507.96
1.570796	1.870545	-2.976234	175	18	43	507.96
0.261799	1.135813	-2.658866	172	12	37	507.94
-1.308997	2.295480	1.008277	167	165	10	507.93
-2.879793	2.063651	-2.044600	171	18	48	507.93
-1.308997	2.033014	2.977192	172	20	40	507.93
-1.832596	2.407836	1.410646	167	15	44	507.92
-1.570796	1.194549	-0.801900	175	20	47	507.91
-1.047198	1.440580	2.260026	180	20	45	507.89
1.047198	1.574060	2.783565	172	14	43	507.85
-0.785398	2.033014	2.977192	177	24	44	507.84
1.308997	1.440580	2.260026	169	9	42	507.83
-0.261799	0.992645	-1.723759	177	17	43	507.83
-3.141593	2.138223	1.678323	174	19	44	507.80
1.832596	1.195355	1.200319	172	21	47	507.79
-1.047198	2.478122	2.609777	28	182	7	507.78
-2.617994	1.256302	0.062705	169	9	37	507.71
-1.308997	0.850607	-1.335383	188	21	50	507.70
-1.308997	1.301460	-0.509251	178	27	49	507.70
-3.141593	1.335669	0.897240	170	15	46	507.70
1.570796	0.290380	-0.796960	169	5	39	507.69
-2.094395	2.349581	-2.702517	171	2	42	507.69
2.356194	2.164094	-2.991358	170	12	37	507.68
-2.094395	2.407836	1.410646	167	19	44	507.68
0.261799	2.063651	-2.044600	183	18	48	507.67
1.308997	0.866955	-0.931351	167	12	43	507.65
-0.785398	1.135834	-1.431087	184	19	51	507.63
-0.785398	2.456751	-1.503343	171	7	42	507.57
1.832596	0.379747	-1.713059	169	21	44	507.55
-1.308997	1.756530	-2.105156	178	6	46	507.55
-2.617994	1.134497	-1.109631	179	16	48	507.52
-2.094395	2.108018	1.311430	23	191	9	507.50
2.617994	1.256302	0.062705	169	21	42	507.48
2.879793	0.418037	1.360082	179	24	42	507.48
1.832596	1.256302	0.062705	172	7	35	507.47
-1.570796	0.929350	-2.910676	168	4	35	507.46
-3.141593	1.256302	0.062705	171	15	43	507.45
1.570796	2.115563	0.685730	173	14	41	507.40
-3.141593	2.174483	2.653697	168	17	37	507.39
2.879793	1.869911	2.701025	166	18	34	507.28
-2.094395	2.138223	1.678323	171	22	46	507.28
0.000000	0.866955	-0.931351	174	17	43	507.20
-0.261799	1.014500	0.906702	180	22	42	507.20
2.617994	0.290380	-0.796960	178	3	41	507.20
-2.356194	0.419640	2.974122	163	18	38	507.15
1.308997	2.588535	-2.976617	173	9	40	507.15
-3.141593	1.014500	0.906702	170	10	44	507.14
-1.308997	1.872854	1.543456	177	13	48	507.13
2.356194	0.370812	-2.547742	167	12	36	507.12
1.570796	2.115563	0.685730	176	19	42	507.02
-2.094395	0.571433	-1.188419	177	12	40	506.99
2.356194	0.080730	-2.622036	174	27	44	506.99
-1.570796	2.588535	-2.976617	178	14	42	506.98
2.356194	1.113094	-0.272241	183	11	43	506.98
-0.261799	1.846342	-1.796954	176	12	44	506.94
-1.047198	0.850607	-1.335383	180	14	46	506.91
-1.308997	0.619654	-2.216909	175	8	39	506.89
1.047198	2.588535	-2.976617	169	14	39	506.88
-2.879793	2.704512	1.488683	169	20	38	506.82
-0.785398	0.615174	-0.666022	180	22	48	506.81
-1.832596	1.488617	1.159546	184	10	50	506.76
0.785398	1.545873	-1.877082	176	16	46	506.75
2.879793	1.413347	-1.339188	177	11	45	506.73
0.261799	2.719179	-1.780644	176	15	42	506.72
0.261799	2.001437	0.381215	173	22	41	506.70
-1.832596	1.450119	-2.739050	182	23	44	506.68
0.785398	1.545873	-1.877082	175	16	45	506.66
-1.308997	1.870545	-2.976234	175	8	39	506.66
-2.617994	0.929350	-2.910676	180	21	44	506.66
-0.261799	0.080730	-2.622036	177	18	41	506.64
-0.261799	1.555207	1.708892	174	23	46	506.63
-1.832596	2.478122	2.609777	177	26	44	506.62
-0.523599	1.732874	-0.951685	172	23	48	506.56
1.570796	2.247462	0.191623	177	21	44	506.55
1.570796	1.433411	-1.035986	173	4	45	506.54
0.523599	2.396274	-1.959260	177	19	43	506.52
-1.570796	1.433411	-1.035986	177	24	50	506.52
-1.832596	1.134796	2.434290	189	26	45	506.51
-1.832596	1.696674	-1.253233	177	25	50	506.48
-2.094395	1.506530	1.988858	176	16	42	506.44
-0.261799	0.864993	2.278281	169	22	38	506.42
-1.047198	2.579248	-2.364801	173	5	37	506.41
-2.094395	2.356369	3.005869	182	23	44	506.41
0.261799	1.374601	-2.456031	179	13	42	506.39
-2.879793	1.696674	-1.253233	177	18	45	506.39
-1.570796	0.733948	3.021411	168	5	35	506.35
-1.047198	1.766067	2.153843	176	23	48	506.33
-0.523599	1.510910	-0.740472	173	33	46	506.30
1.308997	2.247462	0.191623	173	11	42	506.28
-0.785398	2.881233	-2.582574	179	16	44	506.28
0.785398	1.247695	1.809890	171	20	46	506.26
1.047198	2.455966	-0.641220	177	10	45	506.24
-0.523599	0.914445	2.687814	177	8	37	506.23
1.832596	2.356369	3.005869	169	13	35	506.19
2.617994	1.574060	2.783565	166	20	34	506.17
1.308997	2.174483	2.653697	172	5	38	506.15
-0.261799	1.869911	2.701025	168	25	43	506.15
2.617994	0.591903	2.010408	177	19	43	506.14
-0.785398	1.732874	-0.951685	176	29	49	506.11
-2.617994	2.579248	-2.364801	164	17	40	506.09
-2.356194	0.619654	-2.216909	172	6	43	506.08
-0.785398	1.732874	-0.951685	175	26	49	506.07
0.261799	2.180315	-1.357379	177	9	49	506.07
2.094395	2.349581	-2.702517	176	25	44	506.07
1.308997	1.168678	2.108595	166	11	38	506.06
-2.879793	2.407836	1.410646	172	19	44	506.04
-2.356194	1.325504	-1.671296	174	15	49	505.96
-2.879793	2.174483	2.653697	169	13	37	505.94
-1.832596	2.041297	-2.664597	177	191	42	505.93
1.570796	2.478122	2.609777	170	14	38	505.93
-2.617994	0.864993	2.278281	56	174	179	505.92
2.094395	2.984978	1.954446	163	18	38	505.91
2.879793	2.719179	-1.780644	175	12	41	505.91
-2.356194	0.418037	1.360082	180	20	42	505.89
1.308997	2.089241	-0.114193	169	9	38	505.88
-2.356194	1.510910	-0.740472	174	20	41	505.87
-0.261799	2.704512	1.488683	172	8	40	505.86
-3.141593	0.700570	1.559208	172	7	36	505.83
2.617994	0.619654	-2.216909	166	14	40	505.76
0.785398	2.295480	1.008277	170	16	39	505.75
-0.523599	0.866955	-0.931351	173	18	40	505.74
0.523599	1.721184	-0.153948	170	22	42	505.70
-0.261799	1.658653	-2.409879	174	14	40	505.67
-1.570796	2.104282	-0.813972	174	25	46	505.59
-2.617994	1.824694	1.850876	178	14	45	505.56
-2.617994	2.404280	-0.174044	172	15	41	505.56
-1.308997	1.732874	-0.951685	173	18	48	505.52
2.356194	2.164094	-2.991358	169	12	36	505.46
-1.308997	0.571433	-1.188419	183	17	47	505.45
-0.261799	2.404280	-0.174044	163	24	39	505.44
1.308997	0.379747	-1.713059	171	28	45	505.42
-0.261799	2.295480	1.008277	179	12	44	505.42
1.570796	2.295480	1.008277	175	19	43	505.39
2.094395	1.599406	1.426070	177	20	51	505.35
-2.617994	0.910508	1.903534	177	20	43	505.33
1.308997	2.863997	0.549740	165	10	37	505.30
1.308997	2.724429	-0.348782	177	8	43	505.30
2.094395	1.836682	-0.676006	174	10	42	505.28
-0.523599	0.762244	-0.273349	171	18	39	505.25
-3.141593	0.906588	1.252948	179	27	40	505.23
2.617994	2.637879	2.121598	179	19	45	505.16
-1.308997	1.510910	-0.740472	169	18	43	505.15
-1.570796	1.504028	0.636812	179	9	42	505.12
0.523599	2.001437	0.381215	172	21	42	505.12
1.308997	2.349581	-2.702517	51	185	173	505.10
-2.094395	1.134796	2.434290	172	12	38	505.10
-1.832596	2.863997	0.549740	171	7	41	505.08
2.094395	0.458961	-0.107937	167	21	33	505.05
-1.047198	1.128190	-2.288622	176	16	42	505.05
0.785398	0.906588	1.252948	176	22	46	505.04
-0.523599	1.301460	-0.509251	172	13	43	504.99
-1.308997	2.863997	0.549740	183	23	46	504.97
-1.570796	2.115563	0.685730	174	17	46	504.94
-0.785398	0.709924	0.218797	172	27	44	504.91
-2.356194	1.413347	-1.339188	36	178	12	504.89
-2.617994	1.721184	-0.153948	179	25	40	504.86
0.523599	2.251330	-2.330739	180	25	44	504.86
2.094395	1.134796	2.434290	176	15	44	504.81
-1.047198	1.977582	0.969896	177	19	47	504.79
2.356194	2.295480	1.008277	172	19	42	504.75
-1.047198	1.448123	-2.163292	178	4	41	504.72
-2.094395	0.080730	-2.622036	174	5	42	504.72
-2.879793	2.089241	-0.114193	169	14	39	504.71
2.094395	1.134497	-1.109631	28	181	13	504.67
-0.785398	2.041297	-2.664597	177	13	42	504.65
1.047198	1.699788	2.452890	176	16	46	504.62
-2.094395	2.138223	1.678323	172	21	46	504.60
1.047198	0.496451	0.593859	174	26	40	504.54
-1.570796	0.618092	2.539118	166	10	35	504.47
0.523599	1.391910	3.030322	167	12	38	504.45
-1.047198	1.134497	-1.109631	190	35	47	504.43
2.617994	1.555207	1.708892	176	13	47	504.43
0.523599	1.977582	0.969896	183	17	47	504.42
-1.308997	1.606104	-0.451151	169	23	44	504.42
1.308997	2.063651	-2.044600	173	24	42	504.40
2.879793	0.379747	-1.713059	172	13	46	504.39
-1.308997	1.113094	-0.272241	173	15	41	504.37
1.047198	1.128190	-2.288622	173	15	39	504.34
-2.094395	1.218453	2.777284	179	21	44	504.34
2.879793	0.866955	-0.931351	185	17	51	504.33
-0.523599	0.080730	-2.622036	182	10	41	504.32
-3.141593	2.001437	0.381215	172	19	44	504.31
0.261799	1.440580	2.260026	173	22	48	504.26
-0.261799	0.929350	-2.910676	168	20	36	504.23
-0.261799	1.599406	1.426070	173	15	43	504.22
0.000000	2.881233	-2.582574	174	18	43	504.22
1.570796	2.295480	1.008277	179	24	45	504.20
1.832596	1.184361	0.625864	171	17	41	504.20
0.000000	2.295480	1.008277	181	16	46	504.20
1.832596	1.391910	3.030322	171	16	38	504.19
1.047198	1.809167	1.213774	177	12	43	504.19
-1.570796	1.433411	-1.035986	178	23	50	504.19
-0.785398	2.592629	0.909713	170	7	38	504.17
1.570796	1.756530	-2.105156	181	29	52	504.11
-2.617994	1.391910	3.030322	173	15	41	504.10
2.356194	2.153910	-1.714959	176	16	45	504.09
-1.832596	2.180315	-1.357379	176	23	50	504.07
0.000000	2.174483	2.653697	167	15	43	504.07
-1.308997	0.929350	-2.910676	172	14	38	504.06
-1.047198	2.396274	-1.959260	176	6	49	504.06
-1.047198	0.458961	-0.107937	181	32	46	504.05
2.356194	0.297065	2.160177	176	16	42	504.00
0.000000	2.115563	0.685730	186	16	47	504.00
2.356194	1.846342	-1.796954	180	17	51	504.00
1.308997	2.251330	-2.330739	0	31	50	503.94
2.879793	2.587733	0.232235	169	19	42	503.94
-2.879793	2.719179	-1.780644	172	15	42	503.94
-2.356194	1.875281	0.107086	179	28	39	503.90
2.356194	1.741644	-2.695914	168	18	38	503.90
-1.832596	1.662363	0.915448	179	3	45	503.89
0.523599	1.977582	0.969896	181	10	44	503.87
-3.141593	2.104282	-0.813972	182	17	47	503.85
-3.141593	2.456751	-1.503343	181	25	48	503.85
2.617994	1.218453	2.777284	180	21	44	503.81
2.617994	2.863997	0.549740	173	16	42	503.79
-2.094395	2.180315	-1.357379	175	24	49	503.78
2.617994	1.599406	1.426070	177	18	51	503.78
-0.785398	1.134497	-1.109631	182	28	50	503.78
2.879793	0.899350	-2.069907	175	28	46	503.77
1.047198	0.080730	-2.622036	178	27	42	503.77
-0.261799	1.050534	3.042579	163	24	32	503.76
-3.141593	1.135834	-1.431087	176	18	50	503.72
1.047198	1.301460	-0.509251	177	9	47	503.67
-0.261799	2.588535	-2.976617	171	23	42	503.67
1.832596	1.440580	2.260026	174	4	39	503.66
2.356194	1.374601	-2.456031	168	25	46	503.65
1.047198	0.850607	-1.335383	176	21	50	503.63
-3.141593	0.709924	0.218797	184	22	44	503.60
0.523599	2.393226	1.857173	179	8	46	503.60
0.785398	2.251330	-2.330739	178	22	44	503.60
2.879793	1.184361	0.625864	165	18	42	503.57
1.047198	1.195355	1.200319	176	30	47	503.57
2.879793	0.929350	-2.910676	162	18	35	503.56
-2.879793	1.168678	2.108595	177	16	43	503.55
-2.094395	0.618092	2.539118	162	19	33	503.52
-1.832596	1.335669	0.897240	179	13	45	503.48
1.570796	2.041297	-2.664597	178	26	44	503.45
-2.356194	1.045978	0.343692	173	24	37	503.43
-0.261799	2.104282	-0.813972	168	7	40	503.41
1.832596	1.683268	0.374177	178	22	45	503.39
2.094395	1.045978	0.343692	171	17	40	503.32
-1.570796	1.504028	0.636812	180	9	44	503.30
-2.617994	1.335669	0.897240	175	10	46	503.27
0.523599	1.488617	1.159546	184	27	49	503.26
2.094395	0.850607	-1.335383	171	4	43	503.23
1.570796	2.174483	2.653697	179	18	45	503.17
2.094395	1.736875	3.023612	174	16	41	503.14
1.047198	2.104282	-0.813972	175	2	45	503.12
-1.308997	1.699788	2.452890	177	19	43	503.08
0.523599	0.203748	0.590255	172	7	43	503.05
-2.094395	1.699788	2.452890	173	20	41	503.02
-1.832596	1.510910	-0.740472	178	28	49	503.02
-2.094395	1.574060	2.783565	176	18	42	503.01
2.356194	1.732874	-0.951685	174	11	42	502.99
-1.570796	1.448123	-2.163292	180	8	47	502.97
0.261799	1.310100	1.488307	180	23	48	502.96
2.356194	2.456751	-1.503343	178	19	46	502.94
-1.308997	2.984978	1.954446	169	20	43	502.90
2.356194	2.637879	2.121598	176	15	44	502.88
-0.785398	2.393226	1.857173	169	10	44	502.87
-2.356194	0.297065	2.160177	170	24	39	502.84
-3.141593	0.866395	-2.492918	168	19	43	502.79
-3.141593	1.301460	-0.509251	185	22	47	502.74
1.832596	0.961715	0.014085	170	24	39	502.73
0.000000	1.904882	-1.478089	178	14	50	502.70
-3.141593	0.203748	0.590255	178	21	42	502.67
-2.617994	1.569311	-3.003978	176	19	43	502.66
0.000000	0.700570	1.559208	172	24	40	502.63
2.617994	1.599406	1.426070	178	19	51	502.63
-2.094395	2.760637	2.781135	51	187	172	502.60
0.785398	2.455966	-0.641220	173	13	44	502.58
0.261799	1.194549	-0.801900	173	17	49	502.56
2.356194	0.203748	0.590255	183	13	43	502.54
-0.523599	2.343981	-1.040456	168	13	45	502.49
-1.570796	0.992645	-1.723759	178	8	46	502.41
-1.047198	2.164094	-2.991358	172	12	37	502.40
1.047198	1.194549	-0.801900	177	14	49	502.37
-0.261799	2.033014	2.977192	163	20	36	502.37
-2.879793	1.510910	-0.740472	36	182	9	502.37
0.785398	1.135813	-2.658866	170	14	37	502.36
-0.261799	1.242974	-2.977882	168	18	35	502.35
-3.141593	2.478122	2.609777	169	19	38	502.33
1.832596	2.760637	2.781135	175	18	44	502.29
-2.094395	1.135813	-2.658866	180	20	45	502.29
0.000000	0.591903	2.010408	170	24	39	502.27
0.523599	1.135834	-1.431087	171	26	47	502.26
0.261799	1.732874	-0.951685	168	15	46	502.24
1.832596	2.251330	-2.330739	50	176	181	502.20
2.094395	1.433411	-1.035986	182	4	49	502.20
0.523599	2.104282	-0.813972	169	7	44	502.18
-3.141593	1.310100	1.488307	179	10	49	502.17
-0.523599	1.545873	-1.877082	178	17	46	502.14
-2.879793	2.295480	1.008277	169	14	39	502.13
-0.785398	1.606104	-0.451151	168	17	44	502.12
-1.832596	2.180315	-1.357379	175	23	50	502.11
-2.617994	2.001437	0.381215	172	17	44	502.10
1.570796	1.617114	-1.572037	178	18	54	502.06
0.261799	2.592629	0.909713	170	17	37	502.05
-1.832596	2.863997	0.549740	178	21	44	502.03
1.047198	2.356369	3.005869	177	15	44	502.01
-3.141593	0.685216	-1.712745	172	7	42	502.01
-1.570796	0.961715	0.014085	174	19	42	502.00
-1.308997	0.709924	0.218797	175	15	39	501.94
-2.094395	1.699788	2.452890	174	15	40	501.92
-2.094395	0.418037	1.360082	179	13	42	501.92
2.356194	2.001437	0.381215	167	16	36	501.89
-2.617994	0.685216	-1.712745	175	7	44	501.88
2.094395	0.850607	-1.335383	172	10	45	501.85
0.000000	2.349581	-2.702517	169	15	37	501.85
-2.879793	0.685216	-1.712745	172	9	45	501.84
0.261799	1.413347	-1.339188	173	18	46	501.84
1.832596	1.301460	-0.509251	50	175	185	501.82
-2.094395	1.247695	1.809890	186	16	48	501.78
2.617994	2.587733	0.232235	172	26	43	501.77
-1.832596	2.349581	-2.702517	178	19	44	501.76
1.570796	1.977582	0.969896	176	23	44	501.75
2.094395	1.545873	-1.877082	176	21	53	501.70
-2.879793	0.370812	-2.547742	167	5	35	501.67
-1.308997	2.407836	1.410646	176	16	48	501.67
0.523599	0.379747	-1.713059	178	23	44	501.65
-2.879793	1.569311	-3.003978	175	21	43	501.64
0.261799	0.850607	-1.335383	176	23	47	501.60
-1.308997	1.998705	2.370472	174	27	46	501.60
-2.879793	2.393226	1.857173	175	23	45	501.60
-3.141593	0.762244	-0.273349	168	14	38	501.59
2.094395	1.904882	-1.478089	186	18	54	501.59
-0.261799	2.356369	3.005869	164	21	38	501.57
-1.570796	2.588535	-2.976617	177	15	42	501.56
0.523599	0.418037	1.360082	173	26	41	501.56
1.832596	1.555207	1.708892	178	15	50	501.54
1.832596	1.413347	-1.339188	178	13	51	501.52
1.570796	1.134497	-1.109631	173	11	48	501.48
0.261799	1.574060	2.783565	164	13	38	501.39
-2.617994	0.762244	-0.273349	180	20	44	501.38
1.308997	0.831641	0.616218	181	39	39	501.36
-2.356194	1.977582	0.969896	170	10	45	501.32
-0.261799	1.872854	1.543456	171	12	42	501.28
1.570796	1.870545	-2.976234	174	14	41	501.25
0.523599	1.658653	-2.409879	181	20	46	501.25
-0.785398	2.881233	-2.582574	33	178	7	501.25
-2.617994	1.812176	0.656819	167	8	41	501.23
2.094395	1.982574	-1.115518	174	12	42	501.22
-2.356194	2.478122	2.609777	175	13	40	501.19
0.523599	1.824694	1.850876	174	13	45	501.19
0.785398	0.674054	1.013609	175	26	45	501.18
1.570796	1.606104	-0.451151	171	8	40	501.18
1.832596	1.872854	1.543456	178	14	47	501.16
-1.047198	1.440580	2.260026	180	18	45	501.16
0.261799	1.736875	3.023612	165	20	38	501.07
-0.523599	1.741644	-2.695914	174	14	40	500.97
2.094395	2.343981	-1.040456	179	19	47	500.97
-3.141593	1.450119	-2.739050	178	24	44	500.94
-2.356194	1.135813	-2.658866	179	19	45	500.94
-2.617994	2.396274	-1.959260	167	23	45	500.93
2.094395	0.685216	-1.712745	173	21	48	500.93
-0.523599	0.929350	-2.910676	176	17	42	500.88
-2.356194	1.214854	-1.966664	169	10	42	500.86
-1.047198	2.349581	-2.702517	48	186	170	500.83
1.832596	2.719179	-1.780644	181	25	46	500.78
-0.523599	1.875281	0.107086	180	29	43	500.75
-1.570796	2.295480	1.008277	177	11	48	500.69
2.879793	1.977582	0.969896	168	16	39	500.67
-2.879793	0.080730	-2.622036	168	13	43	500.64
1.047198	1.872854	1.543456	177	12	44	500.59
-2.094395	1.554776	0.100351	174	6	39	500.57
2.617994	1.869911	2.701025	165	22	34	500.56
1.570796	1.218453	2.777284	173	10	41	500.52
-1.570796	0.960688	-0.577532	177	23	46	500.49
1.570796	1.045978	0.343692	180	7	39	500.48
2.879793	0.961715	0.014085	167	16	39	500.44
-1.308997	2.356369	3.005869	176	10	39	500.43
2.879793	0.733948	3.021411	170	18	40	500.42
-0.523599	2.299159	2.264663	168	13	39	500.42
-2.094395	2.979456	-1.009304	173	18	43	500.40
-0.523599	1.617114	-1.572037	178	10	46	500.40
-2.356194	1.256302	0.062705	55	181	174	500.38
1.308997	2.033014	2.977192	174	14	43	500.37
2.094395	0.370812	-2.547742	167	16	37	500.35
-1.570796	1.554776	0.100351	179	5	42	500.34
-2.879793	2.063651	-2.044600	169	19	46	500.34
-0.785398	1.555207	1.708892	182	18	50	500.33
0.523599	1.599406	1.426070	180	22	49	500.33
0.523599	2.187132	-0.479875	175	19	46	500.30
-1.570796	1.696674	-1.253233	173	15	48	500.30
1.047198	1.256302	0.062705	172	3	35	500.28
0.785398	0.866395	-2.492918	177	11	40	500.25
-3.141593	0.685216	-1.712745	170	12	45	500.16
2.094395	0.831641	0.616218	169	13	36	500.15
2.879793	2.979456	-1.009304	177	16	43	500.10
-0.261799	2.089241	-0.114193	168	16	39	500.10
2.094395	1.135813	-2.658866	166	29	41	500.10
-1.047198	2.349581	-2.702517	179	7	42	500.06
1.308997	0.370812	-2.547742	173	13	39	500.06
-1.570796	2.247462	0.191623	174	10	42	500.06
-3.141593	1.809167	1.213774	175	23	50	500.04
0.523599	0.914445	2.687814	163	14	37	500.02
0.785398	2.356369	3.005869	178	18	45	499.99
1.308997	0.458961	-0.107937	181	33	39	499.97
0.785398	0.618092	2.539118	173	19	42	499.95
-2.617994	1.050534	3.042579	173	12	40	499.89
-2.617994	2.664082	-1.071402	173	19	42	499.88
-1.308997	0.203748	0.590255	170	27	39	499.86
-2.094395	1.050534	3.042579	177	16	43	499.83
-2.879793	2.033014	2.977192	171	16	40	499.81
-1.047198	1.741644	-2.695914	178	10	43	499.74
-3.141593	2.164094	-2.991358	162	14	38	499.74
-1.308997	0.685216	-1.712745	186	14	49	499.70
-1.570796	2.984978	1.954446	170	23	43	499.68
-2.094395	1.195355	1.200319	187	21	48	499.63
1.308997	1.555207	1.708892	177	17	51	499.57
1.047198	2.138223	1.678323	181	10	45	499.57
-2.094395	1.766067	2.153843	181	23	47	499.57
-2.879793	1.554776	0.100351	183	28	41	499.57
-1.570796	0.674054	1.013609	177	10	39	499.57
0.000000	2.108018	1.311430	176	8	44	499.55
-1.570796	0.910508	1.903534	169	18	35	499.54
0.261799	1.256302	0.062705	168	7	40	499.44
-1.832596	1.554776	0.100351	31	185	3	499.43
2.879793	0.458961	-0.107937	180	18	44	499.40
0.261799	1.448123	-2.163292	191	32	50	499.37
-2.879793	2.664082	-1.071402	175	13	40	499.36
-1.570796	0.866395	-2.492918	185	18	46	499.36
0.261799	1.413347	-1.339188	172	23	49	499.33
-2.094395	1.569311	-3.003978	180	24	43	499.30
-1.570796	1.413347	-1.339188	182	23	51	499.30
-3.141593	0.496451	0.593859	178	24	41	499.26
0.261799	2.356369	3.005869	166	14	38	499.23
-2.094395	1.417623	-0.202254	172	6	38	499.22
-3.141593	1.113094	-0.272241	166	16	37	499.18
1.570796	2.760637	2.781135	171	15	39	499.09
2.879793	0.831641	0.616218	164	15	39	499.03
-2.356194	1.869911	2.701025	180	22	44	498.99
1.570796	0.458961	-0.107937	178	6	45	498.97
1.308997	0.850607	-1.335383	163	14	41	498.97
1.832596	1.658653	-2.409879	172	22	42	498.96
2.094395	1.448123	-2.163292	172	25	50	498.96
-2.356194	1.569311	-3.003978	174	18	42	498.93
1.570796	1.335669	0.897240	171	15	38	498.89
0.785398	2.153910	-1.714959	181	14	47	498.84
-3.141593	2.984978	1.954446	176	14	43	498.83
2.617994	1.617114	-1.572037	174	14	46	498.82
1.308997	0.709924	0.218797	179	30	42	498.79
-1.570796	0.618092	2.539118	169	17	38	498.77
0.523599	0.379747	-1.713059	176	21	43	498.76
0.000000	1.658653	-2.409879	170	167	6	498.75
-1.832596	2.073035	2.027405	177	25	49	498.74
-2.356194	1.875281	0.107086	169	10	39	498.73
-2.617994	2.033014	2.977192	171	9	39	498.65
-1.570796	2.724429	-0.348782	171	20	37	498.64
-0.785398	1.812176	0.656819	182	15	47	498.64
-3.141593	1.809167	1.213774	172	12	42	498.64
-0.523599	2.343981	-1.040456	55	185	168	498.63
-2.094395	1.875281	0.107086	177	28	39	498.61
-2.356194	1.872854	1.543456	174	18	47	498.60
-1.308997	1.736875	3.023612	172	15	39	498.60
0.261799	1.506530	1.988858	175	17	49	498.59
1.308997	0.831641	0.616218	175	22	44	498.59
-2.356194	1.391910	3.030322	180	23	43	498.57
-2.879793	1.184361	0.625864	168	9	41	498.53
2.879793	1.113094	-0.272241	166	19	38	498.53
1.570796	2.108018	1.311430	183	22	50	498.52
0.261799	2.073035	2.027405	170	13	42	498.51
-2.879793	1.569311	-3.003978	167	10	38	498.47
1.570796	2.456751	-1.503343	178	20	46	498.45
-1.570796	1.554776	0.100351	174	25	41	498.44
-1.832596	1.766067	2.153843	29	188	11	498.42
-1.047198	2.299159	2.264663	166	21	41	498.39
-0.523599	2.379497	0.561089	180	9	43	498.39
-2.617994	0.419640	2.974122	166	16	37	498.39
2.617994	1.948085	-2.363031	169	15	39	498.38
-1.047198	1.909857	-0.381669	166	17	39	498.37
-0.523599	2.478122	2.609777	163	18	38	498.32
-2.879793	1.836682	-0.676006	183	11	43	498.32
-2.879793	1.699788	2.452890	179	16	43	498.29
-3.141593	2.187132	-0.479875	186	19	46	498.29
-2.356194	2.138223	1.678323	175	13	43	498.23
-2.094395	2.579248	-2.364801	166	10	44	498.21
2.879793	0.618092	2.539118	171	16	37	498.21
0.785398	2.456751	-1.503343	174	17	41	498.20
-1.570796	1.545873	-1.877082	177	8	47	498.16
-0.261799	1.977582	0.969896	181	16	47	498.15
2.356194	0.458961	-0.107937	170	24	39	498.12
-3.141593	0.899350	-2.069907	173	25	46	498.07
1.570796	0.929350	-2.910676	173	19	39	498.07
2.617994	0.960688	-0.577532	181	10	43	498.03
-2.617994	0.297065	2.160177	167	16	36	498.02
2.879793	1.555207	1.708892	178	13	48	498.00
-2.617994	0.674054	1.013609	179	10	42	497.99
2.879793	2.592629	0.909713	172	25	44	497.96
1.047198	2.033014	2.977192	175	20	43	497.86
-1.570796	0.370812	-2.547742	185	28	42	497.81
1.047198	2.187132	-0.479875	171	0	40	497.78
-0.261799	1.510910	-0.740472	170	30	46	497.78
1.832596	2.001437	0.381215	173	9	40	497.71
1.308997	1.555207	1.708892	171	15	44	497.68
-0.523599	1.617114	-1.572037	181	19	51	497.67
1.832596	1.699788	2.452890	183	19	46	497.66
-0.523599	2.979456	-1.009304	166	13	41	497.64
0.523599	1.325504	-1.671296	174	26	47	497.61
2.356194	0.866395	-2.492918	163	20	40	497.60
0.000000	1.025536	1.576859	50	177	181	497.56
0.261799	2.455966	-0.641220	168	12	45	497.56
-1.832596	1.195355	1.200319	182	8	44	497.55
-2.617994	0.615174	-0.666022	178	15	42	497.55
0.523599	1.218453	2.777284	167	16	41	497.53
1.570796	1.184361	0.625864	170	20	40	497.52
2.617994	1.440580	2.260026	176	9	40	497.50
1.308997	1.440580	2.260026	179	22	46	497.48
-1.832596	1.554776	0.100351	32	186	3	497.48
1.308997	1.699788	2.452890	171	6	41	497.46
-1.308997	0.866955	-0.931351	180	18	47	497.44
-1.047198	0.960688	-0.577532	175	20	46	497.43
1.832596	1.696674	-1.253233	182	10	52	497.43
0.000000	1.569311	-3.003978	167	22	38	497.42
0.000000	1.658653	-2.409879	177	12	41	497.41
-0.785398	0.992645	-1.723759	175	19	42	497.39
1.570796	2.073035	2.027405	179	9	45	497.32
-0.785398	2.588535	-2.976617	172	15	38	497.26
-2.617994	1.683268	0.374177	182	30	39	497.26
1.832596	1.617114	-1.572037	177	12	50	497.24
-2.356194	0.080730	-2.622036	172	7	43	497.20
-3.141593	0.203748	0.590255	56	185	173	497.19
-3.141593	1.450119	-2.739050	166	14	42	497.18
0.261799	2.089241	-0.114193	171	18	42	497.12
-2.094395	2.251330	-2.330739	170	7	44	497.10
-1.308997	1.310100	1.488307	178	13	41	497.07
1.832596	0.733948	3.021411	175	11	39	497.06
2.094395	1.574060	2.783565	174	8	38	497.03
-2.094395	2.251330	-2.330739	171	8	47	497.03
-0.261799	2.356369	3.005869	162	20	36	497.03
-1.832596	2.164094	-2.991358	186	32	41	497.01
1.832596	1.569311	-3.003978	172	15	39	496.99
2.879793	0.910508	1.903534	179	23	43	496.97
1.832596	2.579248	-2.364801	180	28	45	496.94
2.094395	1.440580	2.260026	178	19	46	496.94
2.356194	1.846342	-1.796954	182	23	54	496.93
-2.617994	1.904882	-1.478089	179	21	51	496.89
-0.523599	1.134497	-1.109631	181	27	50	496.89
-2.879793	1.335669	0.897240	170	8	44	496.88
2.094395	0.866395	-2.492918	164	25	40	496.86
2.094395	0.961715	0.014085	170	21	39	496.85
2.879793	2.760637	2.781135	181	22	45	496.84
-2.879793	1.218453	2.777284	171	16	39	496.84
-0.261799	1.448123	-2.163292	181	17	46	496.80
-2.617994	0.297065	2.160177	170	14	37	496.80
-2.617994	1.214854	-1.966664	28	0	6	496.78
-1.308997	1.870545	-2.976234	174	8	38	496.73
-3.141593	1.836682	-0.676006	172	14	38	496.69
1.047198	1.135813	-2.658866	172	11	37	496.69
1.832596	2.592629	0.909713	175	7	40	496.61
2.617994	0.685216	-1.712745	168	11	43	496.57
2.356194	1.367556	0.358405	173	21	44	496.54
2.617994	1.391910	3.030322	168	18	38	496.51
1.832596	0.685216	-1.712745	164	14	41	496.50
1.832596	0.906588	1.252948	166	15	39	496.49
-2.617994	0.914445	2.687814	170	12	36	496.43
-2.356194	0.370812	-2.547742	171	9	42	496.41
-2.879793	1.045978	0.343692	167	11	38	496.35
2.879793	2.153910	-1.714959	175	16	45	496.33
-2.879793	0.290380	-0.796960	169	21	35	496.28
-0.523599	0.379747	-1.713059	181	26	43	496.25
-1.308997	1.982574	-1.115518	173	25	48	496.22
2.879793	2.587733	0.232235	171	23	43	496.21
-2.617994	2.299159	2.264663	179	24	46	496.18
-1.308997	1.869911	2.701025	178	21	44	496.17
2.617994	2.664082	-1.071402	174	14	41	496.15
1.047198	2.187132	-0.479875	174	11	44	496.13
2.094395	1.050534	3.042579	175	13	40	496.11
-1.832596	1.242974	-2.977882	179	16	44	496.11
2.617994	1.045978	0.343692	169	17	42	496.10
-3.141593	1.134497	-1.109631	20	16	23	496.10
-2.356194	1.242974	-2.977882	175	12	43	496.05
-2.356194	2.187132	-0.479875	173	25	37	496.05
-0.785398	0.864993	2.278281	170	27	36	496.04
-1.832596	0.864993	2.278281	173	9	36	496.04
1.832596	0.379747	-1.713059	169	22	45	496.03
-2.356194	1.014500	0.906702	179	0	41	496.03
-2.094395	1.134796	2.434290	177	17	43	495.96
2.356194	1.135834	-1.431087	178	10	49	495.94
-0.523599	2.138223	1.678323	180	19	50	495.93
2.356194	1.948085	-2.363031	171	19	43	495.92
-0.785398	1.417623	-0.202254	168	20	43	495.90
-1.047198	2.724429	-0.348782	174	16	41	495.86
-0.785398	2.760637	2.781135	162	24	34	495.85
-1.308997	2.592629	0.909713	166	165	9	495.77
-1.047198	1.301460	-0.509251	172	22	47	495.74
-1.832596	2.115563	0.685730	174	19	46	495.73
0.785398	2.704512	1.488683	52	177	176	495.73
2.879793	1.014500	0.906702	169	16	44	495.70
0.000000	1.872854	1.543456	173	11	43	495.69
1.047198	2.407836	1.410646	175	22	43	495.68
2.879793	2.180315	-1.357379	184	22	49	495.67
-1.047198	1.367556	0.358405	187	15	47	495.66
1.570796	0.733948	3.021411	172	10	37	495.64
0.523599	2.407836	1.410646	178	8	42	495.56
-0.785398	1.506530	1.988858	176	22	46	495.53
-0.785398	0.762244	-0.273349	177	26	48	495.52
1.308997	2.001437	0.381215	175	21	43	495.52
-1.047198	2.407836	1.410646	175	9	47	495.47
-2.356194	1.050534	3.042579	176	17	43	495.44
1.308997	1.325504	-1.671296	171	19	48	495.37
1.570796	1.683268	0.374177	180	27	46	495.36
1.570796	1.948085	-2.363031	177	23	45	495.35
-0.261799	2.478122	2.609777	163	13	38	495.33
0.000000	2.984978	1.954446	178	10	44	495.33
0.785398	1.128190	-2.288622	176	25	45	495.33
-3.141593	0.418037	1.360082	173	17	40	495.33
-2.094395	0.418037	1.360082	178	20	42	495.33
1.832596	2.108018	1.311430	172	20	42	495.28
-1.047198	1.870545	-2.976234	173	14	40	495.27
0.261799	1.606104	-0.451151	173	27	43	495.27
1.832596	1.555207	1.708892	178	16	51	495.24
-2.617994	1.732874	-0.951685	175	25	44	495.22
0.261799	1.450119	-2.739050	168	17	37	495.22
1.570796	2.881233	-2.582574	174	9	40	495.22
0.523599	0.203748	0.590255	170	7	42	495.21
-1.308997	0.571433	-1.188419	182	18	47	495.20
2.094395	0.914445	2.687814	27	176	5	495.18
0.523599	1.417623	-0.202254	170	6	41	495.15
-1.832596	0.914445	2.687814	176	10	40	495.10
-2.879793	1.417623	-0.202254	179	24	41	495.08
-2.879793	2.295480	1.008277	168	20	44	495.02
-2.879793	0.992645	-1.723759	172	14	48	495.00
-1.047198	2.760637	2.781135	170	16	38	494.99
-3.141593	1.168678	2.108595	179	12	44	494.99
0.000000	0.458961	-0.107937	166	19	41	494.93
1.047198	1.045978	0.343692	176	21	39	494.92
-2.356194	2.138223	1.678323	175	14	44	494.91
0.000000	1.510910	-0.740472	171	13	47	494.89
0.785398	2.984978	1.954446	30	175	6	494.87
-1.047198	2.404280	-0.174044	175	20	42	494.87
-2.617994	0.850607	-1.335383	181	20	50	494.81
2.094395	1.310100	1.488307	175	15	49	494.80
2.094395	1.113094	-0.272241	177	31	40	494.72
-3.141593	0.640596	-2.797608	169	24	41	494.69
1.570796	1.367556	0.358405	171	19	38	494.59
-2.094395	0.419640	2.974122	166	12	38	494.58
0.000000	0.850607	-1.335383	52	175	169	494.54
0.261799	2.138223	1.678323	49	180	167	494.53
1.308997	2.407836	1.410646	174	20	43	494.53
-1.308997	1.736875	3.023612	173	14	39	494.50
-1.047198	2.760637	2.781135	171	17	40	494.50
-1.308997	2.349581	-2.702517	180	13	45	494.45
1.047198	0.850607	-1.335383	177	23	50	494.44
-2.094395	0.370812	-2.547742	173	6	42	494.43
1.047198	1.732874	-0.951685	172	7	46	494.43
-2.879793	1.732874	-0.951685	180	23	46	494.41
-2.094395	0.733948	3.021411	178	12	43	494.40
-3.141593	2.637879	2.121598	174	13	41	494.38
1.047198	1.218453	2.777284	169	15	41	494.31
-3.141593	0.418037	1.360082	178	22	42	494.30
1.047198	1.869911	2.701025	176	12	45	494.22
0.523599	1.766067	2.153843	169	13	41	494.21
-0.785398	0.458961	-0.107937	54	173	175	494.18
-2.879793	1.367556	0.358405	165	11	38	494.18
-2.617994	2.863997	0.549740	166	17	41	494.17
-2.094395	0.961715	0.014085	179	5	42	494.02
1.832596	2.704512	1.488683	165	13	36	494.01
-1.047198	2.138223	1.678323	173	12	47	493.99
0.261799	0.960688	-0.577532	170	17	47	493.95
-1.832596	1.134497	-1.109631	171	16	42	493.89
0.523599	0.850607	-1.335383	166	28	41	493.81
-2.356194	0.419640	2.974122	164	15	37	493.80
0.000000	0.640596	-2.797608	171	17	38	493.79
2.617994	2.456751	-1.503343	174	14	43	493.78
-1.570796	1.214854	-1.966664	173	6	43	493.72
0.261799	1.045978	0.343692	168	6	38	493.68
2.879793	0.960688	-0.577532	182	15	45	493.62
1.570796	0.458961	-0.107937	178	34	39	493.58
-2.094395	1.606104	-0.451151	174	22	41	493.57
0.261799	1.824694	1.850876	163	166	8	493.55
-0.785398	2.719179	-1.780644	176	11	47	493.53
-3.141593	1.836682	-0.676006	182	11	44	493.51
1.047198	0.674054	1.013609	175	25	45	493.50
-0.523599	2.724429	-0.348782	165	27	41	493.48
-0.261799	1.168678	2.108595	176	25	46	493.48
1.832596	1.014500	0.906702	172	16	44	493.45
0.785398	0.864993	2.278281	168	22	44	493.45
-2.879793	1.301460	-0.509251	184	23	47	493.45
0.261799	0.290380	-0.796960	178	27	48	493.44
-1.308997	0.866395	-2.492918	185	18	46	493.43
-2.356194	1.736875	3.023612	178	24	42	493.43
-2.094395	2.979456	-1.009304	172	17	40	493.42
-2.617994	1.433411	-1.035986	178	20	47	493.41
-1.308997	1.335669	0.897240	182	9	41	493.41
-1.308997	2.637879	2.121598	163	22	39	493.40
-2.356194	2.407836	1.410646	172	15	42	493.39
2.879793	1.045978	0.343692	170	14	42	493.37
2.356194	1.218453	2.777284	180	20	44	493.36
0.785398	2.164094	-2.991358	171	17	41	493.35
2.617994	1.440580	2.260026	180	17	46	493.34
1.047198	2.393226	1.857173	173	20	42	493.34
-2.356194	1.699788	2.452890	173	17	39	493.34
-1.832596	2.592629	0.909713	167	6	39	493.33
-2.879793	0.850607	-1.335383	181	20	50	493.26
1.570796	2.033014	2.977192	177	20	44	493.26
-0.523599	1.045978	0.343692	166	14	37	493.22
-3.141593	1.809167	1.213774	171	17	46	493.18
2.094395	1.875281	0.107086	178	26	44	493.15
2.879793	1.050534	3.042579	168	19	39	493.15
1.832596	2.033014	2.977192	177	19	44	493.11
-0.523599	2.174483	2.653697	165	20	40	493.10
0.785398	0.619654	-2.216909	175	17	42	493.08
-1.570796	0.418037	1.360082	166	23	36	493.06
-2.617994	2.174483	2.653697	174	13	39	493.05
-2.356194	2.664082	-1.071402	175	13	39	493.04
-1.570796	0.496451	0.593859	177	18	41	493.04
-3.141593	0.619654	-2.216909	167	9	41	493.03
-1.308997	1.721184	-0.153948	169	16	37	493.01
-2.356194	1.504028	0.636812	173	5	43	493.01
1.308997	1.617114	-1.572037	176	15	50	492.97
-1.308997	1.134497	-1.109631	183	22	51	492.89
-1.832596	2.863997	0.549740	171	3	38	492.89
2.879793	1.450119	-2.739050	165	18	42	492.89
0.785398	1.904882	-1.478089	176	12	45	492.88
-1.832596	0.370812	-2.547742	176	5	43	492.80
-2.879793	1.113094	-0.272241	166	12	36	492.80
-1.047198	2.001437	0.381215	175	26	39	492.80
0.523599	1.554776	0.100351	52	182	177	492.72
-2.617994	0.850607	-1.335383	174	11	39	492.72
-2.094395	1.374601	-2.456031	170	5	40	492.70
1.570796	1.554776	0.100351	170	10	37	492.68
-0.523599	1.440580	2.260026	174	24	46	492.66
2.094395	2.089241	-0.114193	174	8	39	492.66
-3.141593	0.203748	0.590255	178	22	42	492.65
-1.047198	0.992645	-1.723759	179	24	45	492.64
1.047198	1.218453	2.777284	174	21	43	492.62
-2.094395	0.910508	1.903534	177	12	40	492.59
-1.832596	0.615174	-0.666022	181	20	47	492.58
-1.832596	0.960688	-0.577532	175	19	44	492.57
2.617994	1.195355	1.200319	171	15	48	492.56
-0.785398	2.664082	-1.071402	166	16	45	492.52
1.832596	2.407836	1.410646	174	22	43	492.50
1.832596	1.545873	-1.877082	174	18	49	492.48
2.879793	1.195355	1.200319	172	8	43	492.47
1.570796	1.555207	1.708892	177	16	50	492.41
0.000000	0.850607	-1.335383	180	25	49	492.41
2.094395	1.812176	0.656819	171	22	42	492.36
-0.523599	2.637879	2.121598	169	11	44	492.35
2.617994	0.961715	0.014085	167	19	40	492.33
0.523599	2.863997	0.549740	161	20	35	492.30
-1.308997	1.998705	2.370472	174	16	42	492.30
2.879793	1.135834	-1.431087	174	9	42	492.28
1.570796	0.674054	1.013609	169	14	39	492.28
0.523599	1.391910	3.030322	170	17	41	492.28
0.785398	1.977582	0.969896	183	18	47	492.26
2.879793	1.846342	-1.796954	176	14	47	492.25
-1.570796	2.247462	0.191623	184	24	44	492.24
-1.570796	0.591903	2.010408	161	18	32	492.24
1.308997	1.766067	2.153843	174	7	39	492.24
2.356194	1.440580	2.260026	178	18	46	492.23
2.879793	2.456751	-1.503343	175	13	43	492.22
-2.879793	0.290380	-0.796960	168	19	35	492.22
-1.047198	1.374601	-2.456031	181	15	46	492.21
-0.523599	1.218453	2.777284	174	13	37	492.16
-0.785398	2.478122	2.609777	164	21	38	492.16
0.000000	1.134497	-1.109631	174	19	47	492.08
-0.261799	2.073035	2.027405	176	17	50	492.00
2.094395	0.960688	-0.577532	174	11	40	491.98
-0.523599	2.187132	-0.479875	164	23	41	491.95
1.047198	1.599406	1.426070	180	22	51	491.93
-0.261799	0.914445	2.687814	167	26	37	491.92
0.523599	2.587733	0.232235	171	14	42	491.89
-0.523599	0.831641	0.616218	166	14	38	491.89
-0.261799	0.709924	0.218797	163	17	36	491.84
-0.785398	2.455966	-0.641220	167	17	40	491.82
0.261799	1.374601	-2.456031	178	13	42	491.82
-0.261799	0.619654	-2.216909	175	22	41	491.81
1.047198	0.685216	-1.712745	169	17	41	491.77
0.261799	2.979456	-1.009304	176	9	44	491.73
1.047198	1.741644	-2.695914	170	17	38	491.73
0.261799	1.134796	2.434290	166	20	42	491.72
-2.617994	1.766067	2.153843	176	15	42	491.67
0.785398	2.881233	-2.582574	168	18	40	491.60
-1.308997	1.836682	-0.676006	167	19	42	491.59
0.261799	1.448123	-2.163292	176	13	42	491.56
1.832596	1.014500	0.906702	172	13	42	491.55
-1.832596	0.591903	2.010408	163	21	33	491.48
-2.094395	0.762244	-0.273349	178	20	44	491.44
-1.047198	1.194549	-0.801900	176	19	49	491.43
2.356194	1.870545	-2.976234	172	11	38	491.37
-2.094395	1.504028	0.636812	177	11	45	491.36
1.308997	1.948085	-2.363031	51	180	178	491.35
2.094395	1.134497	-1.109631	176	13	48	491.26
1.832596	1.875281	0.107086	172	9	39	491.26
-0.261799	0.831641	0.616218	185	24	44	491.25
1.570796	0.615174	-0.666022	170	12	45	491.24
-0.523599	1.736875	3.023612	172	24	42	491.21
2.879793	0.080730	-2.622036	165	19	39	491.21
-0.785398	2.456751	-1.503343	172	7	43	491.18
-0.261799	0.866395	-2.492918	176	19	42	491.14
-1.047198	1.050534	3.042579	177	17	42	491.08
0.000000	1.310100	1.488307	181	25	49	491.07
0.785398	1.325504	-1.671296	174	23	48	491.04
0.000000	0.914445	2.687814	164	23	36	491.03
2.356194	0.379747	-1.713059	169	7	38	491.03
0.261799	1.135813	-2.658866	174	10	38	491.02
1.570796	1.545873	-1.877082	49	173	177	491.00
-1.308997	2.343981	-1.040456	169	19	44	491.00
2.356194	0.960688	-0.577532	178	9	41	490.99
0.785398	1.683268	0.374177	171	20	40	490.98
-1.832596	0.700570	1.559208	170	12	34	490.95
-2.094395	0.297065	2.160177	167	22	38	490.93
0.000000	2.881233	-2.582574	167	21	38	490.90
0.261799	1.242974	-2.977882	173	12	39	490.89
2.617994	1.699788	2.452890	176	16	42	490.85
-3.141593	2.407836	1.410646	171	22	43	490.81
0.523599	0.685216	-1.712745	178	28	46	490.76
-1.570796	2.704512	1.488683	164	13	39	490.75
0.261799	1.195355	1.200319	184	29	47	490.72
0.523599	1.184361	0.625864	175	21	38	490.69
0.523599	1.214854	-1.966664	174	22	45	490.64
1.570796	1.367556	0.358405	173	19	39	490.59
0.000000	2.033014	2.977192	162	15	35	490.53
2.094395	1.135834	-1.431087	176	13	49	490.52
-1.308997	2.863997	0.549740	181	18	45	490.46
-1.047198	0.866395	-2.492918	185	18	46	490.45
-2.617994	1.450119	-2.739050	177	21	44	490.41
-2.617994	2.664082	-1.071402	176	13	42	490.37
2.356194	2.343981	-1.040456	180	17	47	490.37
-0.785398	1.488617	1.159546	176	18	46	490.35
-0.261799	1.134796	2.434290	169	26	41	490.34
-1.570796	1.367556	0.358405	170	18	33	490.33
2.617994	1.014500	0.906702	166	16	43	490.30
-2.617994	2.001437	0.381215	161	165	6	490.29
-1.570796	0.906588	1.252948	188	18	45	490.21
-3.141593	1.909857	-0.381669	168	13	35	490.21
0.785398	2.393226	1.857173	176	8	41	490.21
2.879793	1.756530	-2.105156	170	11	40	490.16
-2.356194	0.961715	0.014085	176	6	42	490.13
0.261799	2.295480	1.008277	170	20	37	490.12
-0.785398	0.762244	-0.273349	177	27	48	490.11
1.047198	1.696674	-1.253233	174	11	49	490.11
-0.261799	2.588535	-2.976617	168	15	36	490.10
-2.094395	0.700570	1.559208	175	9	37	490.03
1.570796	0.864993	2.278281	174	11	44	490.03
0.000000	2.664082	-1.071402	174	14	46	490.02
-3.141593	1.569311	-3.003978	164	14	38	489.99
1.308997	0.496451	0.593859	172	23	41	489.98
-0.523599	2.063651	-2.044600	177	9	43	489.94
-0.785398	1.617114	-1.572037	178	5	45	489.94
-2.094395	2.404280	-0.174044	175	14	41	489.94
2.094395	2.760637	2.781135	172	12	40	489.88
0.523599	1.194549	-0.801900	162	18	40	489.86
0.261799	2.115563	0.685730	171	21	39	489.85
1.832596	2.041297	-2.664597	175	25	43	489.84
-3.141593	2.984978	1.954446	175	8	41	489.81
2.356194	1.045978	0.343692	170	19	42	489.69
0.523599	2.295480	1.008277	174	19	42	489.69
-2.356194	1.325504	-1.671296	173	16	49	489.67
0.000000	2.115563	0.685730	184	14	46	489.66
-1.832596	1.247695	1.809890	178	14	43	489.64
-1.570796	1.948085	-2.363031	174	12	44	489.63
1.832596	1.545873	-1.877082	176	23	53	489.63
2.617994	2.349581	-2.702517	170	11	38	489.62
2.094395	1.135834	-1.431087	46	182	159	489.62
0.523599	2.041297	-2.664597	171	17	39	489.60
2.094395	2.299159	2.264663	176	16	44	489.58
0.785398	1.050534	3.042579	170	17	40	489.58
1.047198	1.134796	2.434290	172	14	45	489.52
0.785398	0.929350	-2.910676	167	13	35	489.50
-2.356194	0.961715	0.014085	173	5	37	489.48
1.570796	1.699788	2.452890	182	18	47	489.45
2.617994	1.325504	-1.671296	178	12	51	489.37
2.617994	2.299159	2.264663	175	11	41	489.35
-2.356194	1.812176	0.656819	169	5	40	489.35
2.094395	1.134497	-1.109631	177	3	46	489.30
-3.141593	1.135834	-1.431087	175	13	46	489.28
-2.879793	1.766067	2.153843	179	15	45	489.24
-0.785398	1.948085	-2.363031	176	9	41	489.24
-1.047198	1.184361	0.625864	171	18	40	489.18
-0.785398	2.174483	2.653697	166	24	41	489.18
-2.879793	1.135834	-1.431087	176	17	50	489.15
-2.617994	1.506530	1.988858	183	18	48	489.15
1.308997	0.910508	1.903534	167	14	41	489.12
-2.356194	1.696674	-1.253233	171	19	43	489.11
-2.094395	0.906588	1.252948	186	15	45	489.07
1.308997	0.961715	0.014085	181	29	42	489.04
-1.308997	1.554776	0.100351	168	21	39	489.02
-0.261799	1.870545	-2.976234	171	11	36	489.01
-3.141593	2.393226	1.857173	179	15	45	489.00
1.832596	2.478122	2.609777	173	16	42	489.00
0.785398	1.256302	0.062705	50	176	172	488.98
0.523599	1.948085	-2.363031	175	17	42	488.97
-2.094395	1.242974	-2.977882	178	17	44	488.93
-1.570796	0.961715	0.014085	49	169	178	488.92
2.356194	1.050534	3.042579	169	25	39	488.90
-2.617994	2.299159	2.264663	174	22	42	488.90
-1.047198	1.214854	-1.966664	174	17	41	488.86
2.356194	0.591903	2.010408	177	4	42	488.85
-2.617994	2.979456	-1.009304	173	17	41	488.82
-3.141593	2.299159	2.264663	181	24	46	488.81
0.261799	1.218453	2.777284	166	21	41	488.80
0.523599	1.050534	3.042579	166	13	36	488.77
-0.261799	2.108018	1.311430	173	9	42	488.75
-0.785398	0.762244	-0.273349	176	26	47	488.74
2.356194	1.310100	1.488307	174	14	49	488.70
-1.832596	0.297065	2.160177	163	18	35	488.62
0.785398	2.637879	2.121598	179	5	43	488.61
-1.047198	1.413430	2.550734	179	15	43	488.61
1.570796	0.419640	2.974122	170	12	36	488.58
0.261799	1.736875	3.023612	167	18	40	488.58
-2.356194	1.168678	2.108595	174	15	41	488.57
2.356194	1.948085	-2.363031	173	18	44	488.54
2.094395	1.135813	-2.658866	168	33	40	488.53
-2.879793	1.256302	0.062705	166	13	37	488.53
-0.261799	2.455966	-0.641220	164	13	39	488.52
-2.094395	0.571433	-1.188419	175	14	42	488.48
-1.570796	2.455966	-0.641220	172	26	42	488.47
0.261799	0.290380	-0.796960	178	26	48	488.44
1.047198	1.218453	2.777284	168	17	41	488.42
0.785398	2.153910	-1.714959	181	12	46	488.42
-2.879793	1.450119	-2.739050	178	24	44	488.40
2.617994	0.618092	2.539118	176	11	39	488.40
-2.879793	0.618092	2.539118	167	15	34	488.39
-2.879793	1.247695	1.809890	181	11	46	488.37
0.523599	0.910508	1.903534	170	15	41	488.37
1.047198	2.724429	-0.348782	175	8	42	488.35
-1.047198	1.721184	-0.153948	165	19	37	488.35
0.261799	2.592629	0.909713	174	21	43	488.29
1.570796	1.736875	3.023612	173	16	41	488.27
0.261799	1.413430	2.550734	169	21	44	488.27
-0.785398	1.617114	-1.572037	182	18	51	488.26
-1.570796	0.290380	-0.796960	175	18	40	488.23
-2.879793	1.335669	0.897240	175	16	46	488.21
-2.879793	2.455966	-0.641220	176	13	42	488.20
-2.879793	1.809167	1.213774	173	10	42	488.18
2.094395	0.929350	-2.910676	170	23	41	488.18
2.879793	1.413430	2.550734	176	12	40	488.17
0.523599	2.979456	-1.009304	179	7	44	488.16
-2.879793	1.554776	0.100351	166	9	36	488.16
-1.047198	2.637879	2.121598	163	17	40	488.15
-2.094395	1.869911	2.701025	179	22	44	488.15
-3.141593	2.579248	-2.364801	168	26	45	488.10
1.570796	2.637879	2.121598	171	14	39	488.08
-1.832596	0.619654	-2.216909	177	6	45	488.00
1.308997	0.419640	2.974122	174	14	40	487.99
1.047198	0.960688	-0.577532	172	13	47	487.99
2.356194	1.488617	1.159546	173	22	49	487.96
-1.047198	0.674054	1.013609	164	19	33	487.92
0.523599	2.979456	-1.009304	178	10	44	487.90
0.000000	1.998705	2.370472	171	16	47	487.89
-2.356194	1.218453	2.777284	181	20	44	487.89
-2.879793	2.180315	-1.357379	183	25	50	487.89
2.879793	0.571433	-1.188419	175	9	46	487.88
1.047198	2.637879	2.121598	173	17	42	487.87
-2.879793	1.574060	2.783565	178	20	43	487.84
0.261799	2.063651	-2.044600	179	12	45	487.83
2.617994	0.960688	-0.577532	180	11	42	487.82
-1.832596	2.704512	1.488683	163	18	40	487.78
-1.832596	1.948085	-2.363031	51	176	175	487.66
-2.617994	0.910508	1.903534	174	13	40	487.62
2.356194	0.571433	-1.188419	173	5	42	487.61
0.523599	1.699788	2.452890	172	14	47	487.60
-2.094395	2.664082	-1.071402	177	33	46	487.55
-0.261799	1.413430	2.550734	170	18	38	487.52
0.523599	2.637879	2.121598	175	5	42	487.51
0.523599	1.812176	0.656819	170	22	38	487.51
-3.141593	0.571433	-1.188419	182	14	49	487.46
2.356194	1.450119	-2.739050	166	28	42	487.42
-3.141593	1.310100	1.488307	176	8	44	487.41
-1.570796	1.168678	2.108595	187	23	46	487.34
0.000000	2.251330	-2.330739	180	23	44	487.34
2.617994	0.864993	2.278281	176	10	41	487.32
-3.141593	2.404280	-0.174044	168	19	39	487.29
0.523599	1.335669	0.897240	187	32	46	487.27
-3.141593	1.662363	0.915448	170	20	48	487.26
1.832596	1.812176	0.656819	173	17	40	487.20
2.094395	1.433411	-1.035986	183	6	49	487.17
2.356194	0.864993	2.278281	27	171	6	487.17
2.356194	1.606104	-0.451151	179	11	44	487.15
2.879793	1.168678	2.108595	177	14	44	487.14
-3.141593	0.906588	1.252948	174	4	44	487.12
0.000000	1.367556	0.358405	185	18	44	487.11
1.047198	1.195355	1.200319	26	191	10	487.10
0.000000	0.297065	2.160177	170	24	37	487.09
-0.523599	0.619654	-2.216909	178	21	43	487.09
-1.570796	0.700570	1.559208	165	21	32	487.09
-0.785398	0.709924	0.218797	169	18	36	487.09
2.094395	0.733948	3.021411	173	18	40	487.08
1.570796	2.704512	1.488683	167	14	38	487.07
-1.570796	0.960688	-0.577532	178	23	47	487.06
-3.141593	1.555207	1.708892	178	15	48	487.02
-2.094395	1.574060	2.783565	173	12	39	487.01
2.617994	2.174483	2.653697	167	22	36	487.00
0.261799	1.335669	0.897240	183	21	49	487.00
-2.094395	1.606104	-0.451151	176	22	42	487.00
-3.141593	1.599406	1.426070	176	13	47	486.99
-2.879793	2.187132	-0.479875	184	15	46	486.99
2.617994	1.488617	1.159546	172	19	49	486.98
2.879793	1.050534	3.042579	171	20	41	486.97
-0.261799	0.850607	-1.335383	184	28	50	486.96
2.879793	1.658653	-2.409879	167	14	45	486.94
2.356194	2.247462	0.191623	171	26	42	486.84
1.047198	1.325504	-1.671296	172	21	47	486.77
0.261799	0.906588	1.252948	174	20	41	486.75
-2.094395	2.704512	1.488683	24	12	13	486.74
-3.141593	1.135834	-1.431087	29	174	11	486.74
-1.047198	0.992645	-1.723759	186	16	49	486.74
-0.785398	0.914445	2.687814	178	14	39	486.73
0.000000	1.977582	0.969896	181	16	47	486.73
2.617994	1.545873	-1.877082	175	12	50	486.72
-3.141593	1.617114	-1.572037	176	14	46	486.71
-0.523599	1.741644	-2.695914	174	13	40	486.70
2.356194	0.709924	0.218797	169	14	37	486.62
-1.570796	1.256302	0.062705	172	23	42	486.60
1.832596	0.992645	-1.723759	168	17	47	486.60
-2.879793	1.195355	1.200319	176	5	43	486.59
0.523599	2.379497	0.561089	173	19	42	486.57
-1.308997	2.108018	1.311430	180	16	50	486.56
0.785398	2.108018	1.311430	180	13	46	486.52
-1.832596	0.618092	2.539118	169	20	38	486.51
1.832596	1.301460	-0.509251	172	13	41	486.50
-2.879793	0.618092	2.539118	170	13	36	486.48
2.879793	1.869911	2.701025	165	18	34	486.46
-1.308997	1.310100	1.488307	179	11	41	486.45
-3.141593	0.297065	2.160177	166	170	5	486.44
-0.261799	2.089241	-0.114193	169	16	40	486.44
2.617994	0.591903	2.010408	173	9	39	486.43
-2.617994	0.640596	-2.797608	165	8	36	486.43
1.832596	2.108018	1.311430	171	20	41	486.41
2.094395	2.396274	-1.959260	51	178	182	486.37
-0.523599	1.699788	2.452890	169	22	44	486.34
1.570796	1.809167	1.213774	182	27	50	486.33
1.570796	1.904882	-1.478089	177	12	46	486.32
0.000000	1.135834	-1.431087	174	24	46	486.30
1.308997	1.658653	-2.409879	180	18	45	486.30
1.047198	2.396274	-1.959260	178	25	45	486.28
1.832596	0.709924	0.218797	168	20	36	486.20
1.047198	1.440580	2.260026	167	11	39	486.17
1.832596	1.433411	-1.035986	178	5	49	486.15
0.000000	2.295480	1.008277	179	11	44	486.15
2.617994	0.297065	2.160177	176	16	42	486.14
-0.261799	1.824694	1.850876	180	19	52	486.13
2.879793	1.998705	2.370472	177	21	43	486.11
-2.356194	2.664082	-1.071402	176	17	45	486.10
-2.879793	0.674054	1.013609	177	23	41	486.10
-0.523599	2.174483	2.653697	164	21	40	486.06
-1.570796	2.881233	-2.582574	175	20	42	486.04
-0.261799	1.662363	0.915448	181	14	48	486.04
1.570796	1.574060	2.783565	179	12	45	486.03
-3.141593	1.045978	0.343692	171	12	42	486.02
-1.570796	0.866955	-0.931351	181	19	48	485.96
-2.879793	0.733948	3.021411	30	188	5	485.94
-0.523599	2.588535	-2.976617	55	169	175	485.92
-2.879793	1.440580	2.260026	53	174	187	485.87
0.000000	1.310100	1.488307	174	18	45	485.86
-0.523599	1.872854	1.543456	184	16	52	485.83
-0.523599	2.115563	0.685730	171	24	36	485.83
2.879793	2.396274	-1.959260	173	19	45	485.77
2.094395	2.664082	-1.071402	177	13	43	485.76
-2.094395	2.104282	-0.813972	171	27	42	485.73
-2.617994	1.184361	0.625864	172	7	41	485.70
2.356194	1.417623	-0.202254	173	7	36	485.68
-1.570796	1.554776	0.100351	31	186	3	485.67
-0.261799	2.704512	1.488683	179	8	46	485.66
1.308997	1.909857	-0.381669	170	9	40	485.65
1.832596	2.579248	-2.364801	181	27	46	485.64
-1.832596	1.569311	-3.003978	180	24	43	485.61
0.000000	2.404280	-0.174044	172	18	44	485.61
-1.832596	2.407836	1.410646	168	14	40	485.58
2.356194	0.496451	0.593859	168	12	38	485.57
-2.617994	2.295480	1.008277	166	18	44	485.56
0.785398	1.195355	1.200319	178	19	48	485.56
2.094395	0.379747	-1.713059	169	19	45	485.53
-1.832596	2.579248	-2.364801	172	11	46	485.52
2.879793	1.014500	0.906702	168	14	44	485.49
-1.570796	2.881233	-2.582574	176	19	43	485.48
-2.617994	1.875281	0.107086	169	6	37	485.48
1.832596	1.846342	-1.796954	179	18	49	485.48
2.879793	1.904882	-1.478089	179	15	48	485.48
1.047198	1.824694	1.850876	176	9	43	485.45
-0.785398	2.174483	2.653697	171	16	40	485.43
2.356194	1.599406	1.426070	177	19	51	485.43
2.617994	2.760637	2.781135	160	20	34	485.42
-3.141593	0.992645	-1.723759	24	173	10	485.33
2.356194	2.760637	2.781135	167	15	38	485.33
-2.356194	1.374601	-2.456031	180	16	47	485.32
0.523599	1.128190	-2.288622	177	16	43	485.31
2.356194	1.325504	-1.671296	174	8	48	485.30
-1.832596	2.724429	-0.348782	171	23	37	485.29
1.047198	1.766067	2.153843	172	10	44	485.29
-2.356194	1.545873	-1.877082	168	15	45	485.25
-0.785398	0.685216	-1.712745	181	25	45	485.25
-1.832596	1.450119	-2.739050	173	2	37	485.24
-1.832596	1.450119	-2.739050	172	10	39	485.23
2.879793	2.396274	-1.959260	26	190	11	485.22
1.308997	2.115563	0.685730	172	14	41	485.22
0.261799	2.592629	0.909713	173	21	42	485.22
1.570796	1.699788	2.452890	182	19	47	485.21
0.000000	1.413430	2.550734	169	25	45	485.19
-1.570796	0.929350	-2.910676	170	16	38	485.11
1.047198	1.977582	0.969896	172	19	40	485.11
1.047198	1.050534	3.042579	171	14	40	485.10
2.094395	2.356369	3.005869	171	15	40	485.08
1.308997	1.417623	-0.202254	171	13	40	485.07
2.879793	1.569311	-3.003978	163	19	38	485.02
1.047198	0.674054	1.013609	174	23	45	485.01
-0.261799	1.128190	-2.288622	174	13	39	485.00
2.356194	1.325504	-1.671296	180	21	51	484.96
0.261799	1.242974	-2.977882	172	13	39	484.95
0.000000	1.948085	-2.363031	178	10	41	484.90
-2.617994	0.297065	2.160177	169	15	37	484.89
-1.832596	1.417623	-0.202254	171	23	41	484.89
2.617994	1.025536	1.576859	177	11	49	484.89
1.832596	2.295480	1.008277	186	29	48	484.89
1.047198	2.108018	1.311430	50	180	187	484.86
-1.047198	2.456751	-1.503343	169	10	43	484.85
1.832596	2.187132	-0.479875	171	11	36	484.85
0.785398	0.700570	1.559208	168	31	42	484.85
0.000000	1.569311	-3.003978	170	20	40	484.83
-1.570796	1.301460	-0.509251	171	17	41	484.81
-2.879793	0.733948	3.021411	174	14	41	484.80
0.000000	1.756530	-2.105156	181	12	45	484.79
1.308997	0.496451	0.593859	171	19	36	484.79
-0.785398	2.356369	3.005869	170	19	40	484.79
1.570796	1.367556	0.358405	173	18	39	484.75
0.523599	1.025536	1.576859	51	175	168	484.75
-2.094395	0.615174	-0.666022	181	21	47	484.72
-0.261799	1.599406	1.426070	174	16	46	484.66
-2.617994	0.929350	-2.910676	176	11	43	484.62
-1.832596	1.699788	2.452890	179	20	45	484.62
2.879793	0.866955	-0.931351	179	9	43	484.61
-0.785398	1.756530	-2.105156	175	14	43	484.57
-1.832596	0.419640	2.974122	173	21	43	484.57
2.356194	1.870545	-2.976234	172	10	37	484.52
0.785398	2.637879	2.121598	180	4	43	484.48
-1.570796	2.637879	2.121598	173	14	41	484.40
-0.261799	2.089241	-0.114193	33	182	5	484.35
0.523599	2.115563	0.685730	169	16	37	484.35
-1.047198	0.370812	-2.547742	177	8	40	484.35
2.356194	0.619654	-2.216909	163	15	39	484.34
-0.523599	1.301460	-0.509251	171	12	43	484.32
0.523599	2.760637	2.781135	170	10	41	484.30
-2.356194	1.413347	-1.339188	174	17	48	484.30
2.617994	1.128190	-2.288622	168	17	45	484.30
2.094395	1.184361	0.625864	172	19	44	484.27
1.047198	2.396274	-1.959260	177	18	44	484.25
2.879793	2.588535	-2.976617	168	12	38	484.22
1.832596	1.699788	2.452890	182	18	47	484.21
1.570796	1.545873	-1.877082	175	20	49	484.15
1.308997	0.203748	0.590255	172	28	38	484.12
2.617994	0.866955	-0.931351	179	13	48	484.11
-2.094395	0.866395	-2.492918	51	175	169	484.06
-2.094395	1.756530	-2.105156	167	10	41	484.04
1.308997	2.379497	0.561089	169	13	39	484.04
-1.570796	1.168678	2.108595	186	20	46	484.02
-0.523599	2.251330	-2.330739	173	14	40	483.99
2.356194	2.356369	3.005869	167	12	35	483.98
2.094395	1.256302	0.062705	171	21	40	483.97
2.094395	1.168678	2.108595	175	3	38	483.93
0.261799	1.756530	-2.105156	37	183	12	483.91
0.523599	1.662363	0.915448	179	14	45	483.90
0.523599	0.831641	0.616218	180	25	43	483.90
0.261799	2.115563	0.685730	170	19	37	483.89
-2.617994	1.662363	0.915448	53	177	166	483.89
0.785398	1.662363	0.915448	176	18	44	483.87
2.094395	1.374601	-2.456031	171	31	45	483.87
-2.356194	0.080730	-2.622036	171	8	43	483.83
-0.785398	1.736875	3.023612	174	20	42	483.83
-3.141593	1.982574	-1.115518	175	12	43	483.80
0.785398	2.587733	0.232235	172	13	43	483.80
-2.879793	0.910508	1.903534	174	14	41	483.79
-1.570796	1.606104	-0.451151	170	19	39	483.78
1.570796	1.569311	-3.003978	178	22	43	483.76
-1.047198	1.574060	2.783565	178	19	44	483.70
-0.785398	2.396274	-1.959260	179	5	49	483.65
1.047198	1.433411	-1.035986	168	10	45	483.64
-3.141593	0.496451	0.593859	178	23	41	483.64
-2.094395	2.587733	0.232235	173	5	41	483.61
-2.356194	0.640596	-2.797608	172	22	41	483.61
-0.523599	1.014500	0.906702	186	25	48	483.56
-0.523599	0.864993	2.278281	179	12	40	483.54
2.879793	2.153910	-1.714959	179	23	50	483.52
0.000000	1.574060	2.783565	166	22	42	483.47
-3.141593	1.606104	-0.451151	186	25	45	483.47
0.523599	0.700570	1.559208	177	35	44	483.42
2.879793	0.618092	2.539118	173	16	39	483.41
0.785398	1.045978	0.343692	49	187	168	483.39
0.261799	1.301460	-0.509251	170	12	46	483.38
0.000000	0.906588	1.252948	175	22	40	483.28
2.094395	0.992645	-1.723759	170	14	47	483.27
2.617994	0.831641	0.616218	164	19	39	483.25
-3.141593	0.709924	0.218797	183	22	44	483.25
2.356194	0.709924	0.218797	167	18	40	483.21
-2.879793	0.370812	-2.547742	168	7	39	483.18
-1.832596	1.846342	-1.796954	170	12	44	483.11
1.047198	0.080730	-2.622036	177	25	42	483.11
1.308997	1.128190	-2.288622	174	23	45	483.11
2.879793	0.290380	-0.796960	169	26	35	483.09
1.308997	1.135813	-2.658866	30	173	3	483.09
-3.141593	2.456751	-1.503343	173	15	43	483.07
0.785398	1.050534	3.042579	171	21	41	483.06
-1.308997	0.992645	-1.723759	184	14	49	483.04
2.879793	1.194549	-0.801900	180	14	43	483.03
2.617994	2.637879	2.121598	179	18	45	482.97
-2.356194	1.195355	1.200319	44	184	156	482.94
2.356194	0.914445	2.687814	178	15	42	482.93
1.047198	0.866395	-2.492918	174	13	39	482.93
-1.047198	2.349581	-2.702517	49	185	175	482.90
-2.879793	1.574060	2.783565	176	22	42	482.83
-1.047198	0.992645	-1.723759	186	15	49	482.81
-0.785398	0.379747	-1.713059	170	18	37	482.80
-2.356194	2.881233	-2.582574	165	16	42	482.75
2.356194	1.413347	-1.339188	182	11	51	482.75
-3.141593	1.025536	1.576859	180	4	45	482.74
2.356194	0.850607	-1.335383	174	9	46	482.73
-0.261799	0.910508	1.903534	170	23	40	482.73
-1.308997	0.418037	1.360082	171	9	34	482.72
-2.094395	1.450119	-2.739050	174	8	41	482.72
-3.141593	2.295480	1.008277	172	19	45	482.71
2.094395	0.618092	2.539118	172	9	38	482.67
-2.617994	1.135813	-2.658866	177	15	45	482.63
-0.523599	2.979456	-1.009304	164	9	40	482.60
-0.523599	1.696674	-1.253233	175	12	48	482.59
2.356194	2.251330	-2.330739	176	22	46	482.59
-2.879793	1.488617	1.159546	171	11	45	482.57
-1.832596	2.592629	0.909713	162	168	9	482.56
1.308997	1.836682	-0.676006	52	170	179	482.56
-0.523599	2.664082	-1.071402	169	17	46	482.53
0.785398	0.418037	1.360082	171	24	42	482.52
2.356194	0.080730	-2.622036	175	29	45	482.51
0.785398	2.343981	-1.040456	177	3	46	482.49
2.356194	1.756530	-2.105156	176	25	52	482.48
-1.308997	2.299159	2.264663	168	24	43	482.48
-1.570796	1.732874	-0.951685	172	24	48	482.44
-0.523599	1.440580	2.260026	175	19	44	482.43
1.832596	2.704512	1.488683	169	12	39	482.43
-1.047198	2.089241	-0.114193	166	25	38	482.41
-1.832596	1.195355	1.200319	187	23	48	482.41
2.094395	0.866395	-2.492918	174	31	43	482.40
1.832596	2.396274	-1.959260	176	21	45	482.39
-1.832596	1.025536	1.576859	177	15	42	482.38
1.570796	2.180315	-1.357379	174	15	41	482.37
1.832596	2.033014	2.977192	177	18	44	482.36
2.094395	0.866395	-2.492918	175	33	43	482.35
-1.570796	2.881233	-2.582574	172	0	40	482.35
0.000000	2.588535	-2.976617	169	20	41	482.31
0.000000	1.836682	-0.676006	167	23	46	482.29
0.261799	2.704512	1.488683	175	7	39	482.25
0.261799	2.719179	-1.780644	175	16	41	482.16
1.570796	1.824694	1.850876	177	12	48	482.16
2.094395	1.982574	-1.115518	173	13	42	482.14
-1.308997	1.836682	-0.676006	180	35	46	482.11
-1.570796	1.696674	-1.253233	178	26	50	482.11
1.832596	0.203748	0.590255	169	20	39	482.11
-2.879793	2.404280	-0.174044	169	16	39	482.10
-1.570796	0.899350	-2.069907	183	20	46	482.10
-0.523599	2.115563	0.685730	181	13	46	482.08
0.523599	1.195355	1.200319	176	16	45	482.06
-2.617994	1.875281	0.107086	179	30	38	482.06
2.356194	1.256302	0.062705	170	19	39	482.00
2.356194	2.356369	3.005869	181	21	45	481.99
-2.879793	2.356369	3.005869	170	19	41	481.98
-2.617994	2.356369	3.005869	171	16	41	481.98
-2.879793	2.299159	2.264663	180	24	46	481.96
2.094395	2.592629	0.909713	175	8	40	481.94
1.308997	2.393226	1.857173	51	178	180	481.93
2.094395	1.982574	-1.115518	175	14	44	481.87
-1.832596	1.242974	-2.977882	174	11	41	481.85
-1.047198	1.756530	-2.105156	182	5	46	481.84
-2.094395	0.640596	-2.797608	171	20	41	481.84
-0.523599	1.134796	2.434290	177	19	43	481.84
2.356194	1.809167	1.213774	177	18	49	481.81
0.000000	2.187132	-0.479875	165	21	43	481.81
-1.047198	1.128190	-2.288622	182	18	46	481.80
-0.523599	2.138223	1.678323	179	13	51	481.79
-2.094395	2.089241	-0.114193	185	20	44	481.71
1.308997	1.870545	-2.976234	173	16	41	481.70
1.832596	2.379497	0.561089	181	33	45	481.55
0.785398	1.488617	1.159546	181	27	48	481.52
1.570796	1.872854	1.543456	176	16	45	481.52
2.094395	1.310100	1.488307	173	12	45	481.48
2.094395	2.349581	-2.702517	171	12	38	481.47
-2.879793	1.214854	-1.966664	171	13	47	481.42
-1.570796	1.606104	-0.451151	170	26	44	481.42
2.356194	1.242974	-2.977882	169	19	40	481.40
1.570796	1.812176	0.656819	172	19	40	481.36
-2.356194	2.456751	-1.503343	171	27	46	481.35
-1.570796	0.906588	1.252948	188	19	45	481.35
-2.879793	1.135834	-1.431087	177	17	50	481.34
-2.617994	1.413347	-1.339188	178	22	51	481.33
-2.094395	0.685216	-1.712745	180	14	49	481.33
2.617994	0.496451	0.593859	186	18	44	481.31
2.094395	1.413430	2.550734	172	8	37	481.30
0.000000	1.195355	1.200319	178	20	47	481.29
0.000000	1.242974	-2.977882	171	15	39	481.25
0.785398	2.704512	1.488683	169	17	38	481.17
-1.570796	1.450119	-2.739050	173	9	38	481.13
-3.141593	1.195355	1.200319	175	12	49	481.13
2.094395	0.618092	2.539118	173	9	39	481.12
-1.570796	0.866395	-2.492918	184	16	46	481.09
-2.879793	2.187132	-0.479875	171	14	39	481.06
2.094395	1.836682	-0.676006	174	11	43	481.05
2.617994	1.014500	0.906702	168	20	44	481.03
-1.832596	2.881233	-2.582574	170	7	42	480.98
-3.141593	2.478122	2.609777	168	19	38	480.96
-0.261799	2.164094	-2.991358	171	15	38	480.96
0.261799	0.571433	-1.188419	172	26	44	480.94
2.617994	2.153910	-1.714959	49	179	186	480.92
-3.141593	1.721184	-0.153948	167	14	36	480.87
2.879793	1.433411	-1.035986	178	17	45	480.83
-0.523599	1.367556	0.358405	165	18	38	480.82
0.000000	1.510910	-0.740472	24	171	9	480.81
-1.308997	0.866955	-0.931351	177	19	46	480.77
-0.523599	1.134497	-1.109631	180	24	51	480.74
-1.832596	1.128190	-2.288622	28	1	4	480.74
0.785398	2.356369	3.005869	3	39	37	480.68
1.308997	2.379497	0.561089	172	10	40	480.66
0.785398	1.824694	1.850876	173	11	43	480.63
-2.879793	2.396274	-1.959260	174	11	41	480.61
0.785398	1.335669	0.897240	175	16	39	480.61
2.617994	0.297065	2.160177	171	12	37	480.58
1.570796	0.733948	3.021411	173	11	38	480.57
-2.094395	0.458961	-0.107937	174	20	39	480.52
2.879793	1.506530	1.988858	179	17	47	480.52
-3.141593	1.194549	-0.801900	180	16	45	480.46
-2.879793	1.488617	1.159546	175	14	50	480.44
-3.141593	2.396274	-1.959260	174	26	48	480.44
1.047198	1.194549	-0.801900	168	14	45	480.44
-1.308997	1.977582	0.969896	172	165	11	480.44
-1.570796	0.203748	0.590255	166	168	3	480.41
-0.261799	0.831641	0.616218	187	23	45	480.41
0.785398	2.719179	-1.780644	169	18	38	480.37
-0.523599	1.448123	-2.163292	180	17	46	480.36
-1.832596	1.374601	-2.456031	50	186	168	480.29
1.570796	1.617114	-1.572037	176	14	50	480.24
0.523599	0.850607	-1.335383	178	26	50	480.22
-1.832596	2.063651	-2.044600	167	9	41	480.17
-2.094395	0.762244	-0.273349	181	26	46	480.11
-0.261799	2.063651	-2.044600	179	14	47	480.08
2.094395	2.104282	-0.813972	176	15	45	480.08
-2.617994	1.433411	-1.035986	180	24	50	480.07
-1.047198	1.736875	3.023612	174	13	40	480.02
-1.570796	1.982574	-1.115518	168	22	46	480.01
-0.261799	1.812176	0.656819	54	176	181	480.00
-1.832596	1.683268	0.374177	180	17	46	479.96
-0.785398	1.998705	2.370472	168	22	43	479.90
-2.356194	0.685216	-1.712745	179	13	49	479.87
-2.879793	0.674054	1.013609	182	27	42	479.86
1.832596	0.496451	0.593859	168	15	36	479.85
2.094395	2.247462	0.191623	178	15	44	479.84
-0.785398	2.881233	-2.582574	177	15	43	479.83
-3.141593	0.619654	-2.216909	168	8	40	479.79
2.617994	1.721184	-0.153948	173	23	42	479.76
-3.141593	2.984978	1.954446	158	151	181	479.71
2.094395	1.683268	0.374177	174	11	39	479.71
1.570796	0.914445	2.687814	171	11	40	479.70
-2.094395	0.733948	3.021411	164	13	35	479.66
2.617994	1.869911	2.701025	166	20	34	479.65
-2.356194	1.218453	2.777284	179	20	44	479.60
-2.356194	0.591903	2.010408	169	15	36	479.60
-2.356194	1.417623	-0.202254	168	9	38	479.58
-2.356194	2.104282	-0.813972	179	11	40	479.54
-1.308997	0.370812	-2.547742	181	21	43	479.54
-3.141593	2.455966	-0.641220	184	23	47	479.53
-0.785398	1.872854	1.543456	184	17	52	479.50
2.094395	2.760637	2.781135	52	178	174	479.49
-0.523599	1.413430	2.550734	173	19	41	479.48
-2.094395	2.637879	2.121598	173	23	44	479.47
1.832596	1.367556	0.358405	174	17	40	479.44
1.047198	2.760637	2.781135	51	183	173	479.43
-0.261799	1.948085	-2.363031	177	16	43	479.42
1.047198	2.587733	0.232235	172	14	43	479.40
-1.308997	2.138223	1.678323	173	13	45	479.39
-0.523599	0.850607	-1.335383	175	20	43	479.39
-2.356194	0.203748	0.590255	173	16	38	479.36
-1.570796	0.866395	-2.492918	176	8	43	479.30
-2.094395	1.812176	0.656819	174	6	44	479.26
1.047198	2.138223	1.678323	50	177	182	479.23
-0.523599	1.135834	-1.431087	185	21	52	479.22
0.523599	2.343981	-1.040456	174	4	46	479.21
-2.879793	2.089241	-0.114193	173	21	42	479.20
0.000000	2.984978	1.954446	175	5	42	479.19
2.094395	1.948085	-2.363031	175	26	48	479.19
0.261799	1.545873	-1.877082	186	28	53	479.19
-3.141593	0.615174	-0.666022	173	29	33	479.17
-2.094395	1.247695	1.809890	184	16	46	479.17
-2.356194	1.766067	2.153843	51	175	172	479.15
-2.356194	0.419640	2.974122	164	17	38	479.15
-3.141593	0.618092	2.539118	166	18	33	479.15
2.617994	0.496451	0.593859	161	17	34	479.13
2.617994	2.592629	0.909713	23	4	8	479.11
-3.141593	1.504028	0.636812	167	18	44	479.09
-1.832596	0.080730	-2.622036	170	30	35	479.09
0.523599	2.153910	-1.714959	177	9	43	479.07
2.617994	0.961715	0.014085	169	15	37	479.02
0.000000	2.073035	2.027405	176	15	50	478.94
-2.356194	1.374601	-2.456031	53	180	171	478.93
1.832596	0.914445	2.687814	183	20	45	478.92
2.094395	1.050534	3.042579	170	13	35	478.90
1.570796	1.045978	0.343692	172	22	41	478.90
-2.617994	2.187132	-0.479875	181	17	44	478.86
0.523599	0.850607	-1.335383	173	23	47	478.84
-1.570796	1.721184	-0.153948	177	2	36	478.84
1.570796	1.168678	2.108595	171	8	44	478.79
-1.570796	1.247695	1.809890	189	19	49	478.78
0.261799	1.014500	0.906702	180	22	46	478.76
-0.261799	1.488617	1.159546	177	16	45	478.75
-0.261799	1.836682	-0.676006	168	13	45	478.71
0.261799	2.579248	-2.364801	176	13	41	478.68
2.094395	1.658653	-2.409879	169	18	38	478.67
-1.047198	2.164094	-2.991358	177	12	41	478.64
0.261799	2.379497	0.561089	173	22	43	478.64
-1.570796	1.310100	1.488307	175	14	40	478.59
-0.785398	2.115563	0.685730	177	8	44	478.57
0.523599	2.041297	-2.664597	172	13	39	478.57
-1.832596	0.961715	0.014085	181	4	41	478.51
-0.523599	2.164094	-2.991358	174	14	39	478.46
1.047198	2.760637	2.781135	172	5	39	478.45
1.570796	2.379497	0.561089	172	10	40	478.43
2.356194	1.134796	2.434290	29	180	7	478.38
1.308997	1.875281	0.107086	33	187	6	478.29
0.000000	1.510910	-0.740472	170	12	45	478.26
1.308997	1.448123	-2.163292	173	14	40	478.25
2.617994	2.881233	-2.582574	176	28	44	478.22
2.617994	1.417623	-0.202254	168	18	37	478.20
-2.094395	1.413347	-1.339188	176	22	50	478.15
-2.617994	1.168678	2.108595	174	16	41	478.13
0.523599	2.588535	-2.976617	166	11	37	478.11
0.261799	2.295480	1.008277	53	174	185	478.07
-0.261799	0.297065	2.160177	171	27	37	478.07
1.047198	2.033014	2.977192	174	12	43	478.06
0.785398	1.872854	1.543456	176	13	45	478.06
-1.570796	2.396274	-1.959260	167	8	40	478.04
-2.094395	1.869911	2.701025	187	25	46	478.01
1.832596	0.418037	1.360082	163	14	33	477.96
1.308997	1.599406	1.426070	172	19	45	477.95
0.523599	2.704512	1.488683	179	5	40	477.89
0.523599	1.696674	-1.253233	172	15	48	477.89
2.879793	1.391910	3.030322	169	22	40	477.86
0.000000	1.325504	-1.671296	175	18	44	477.83
-1.570796	2.979456	-1.009304	173	12	39	477.76
-2.094395	0.379747	-1.713059	168	22	31	477.76
-1.570796	0.640596	-2.797608	50	180	167	477.75
1.308997	2.396274	-1.959260	177	24	45	477.69
2.879793	0.458961	-0.107937	168	13	38	477.69
0.261799	1.195355	1.200319	176	17	45	477.68
0.261799	2.704512	1.488683	173	7	37	477.61
-1.308997	0.961715	0.014085	175	30	45	477.59
2.356194	1.699788	2.452890	176	13	43	477.51
1.047198	0.709924	0.218797	179	28	42	477.51
0.523599	2.108018	1.311430	51	178	182	477.49
-3.141593	1.050534	3.042579	170	17	39	477.47
1.047198	0.591903	2.010408	163	19	39	477.46
2.879793	1.450119	-2.739050	165	19	42	477.45
-1.832596	1.982574	-1.115518	174	27	48	477.44
-3.141593	2.456751	-1.503343	172	16	43	477.44
1.832596	1.504028	0.636812	177	22	47	477.43
2.356194	1.904882	-1.478089	177	18	48	477.41
2.879793	2.343981	-1.040456	179	22	47	477.39
-1.832596	2.760637	2.781135	176	9	39	477.37
2.094395	1.875281	0.107086	175	14	42	477.32
-0.523599	0.640596	-2.797608	35	178	5	477.31
-0.261799	0.080730	-2.622036	176	18	40	477.20
2.356194	1.134796	2.434290	177	12	44	477.20
-1.570796	1.135834	-1.431087	176	12	47	477.19
1.570796	1.506530	1.988858	177	11	49	477.19
-1.308997	1.247695	1.809890	189	22	50	477.19
1.308997	0.370812	-2.547742	178	22	44	477.14
2.617994	1.168678	2.108595	176	14	44	477.14
2.094395	1.658653	-2.409879	171	18	41	477.14
2.879793	2.174483	2.653697	175	11	41	477.12
-1.047198	0.709924	0.218797	175	14	39	477.09
2.094395	2.180315	-1.357379	176	16	45	477.09
0.785398	1.872854	1.543456	175	13	44	477.08
-2.356194	0.640596	-2.797608	172	21	41	477.05
1.832596	1.617114	-1.572037	174	11	44	477.04
0.523599	0.864993	2.278281	32	176	3	477.04
-2.356194	0.929350	-2.910676	185	23	44	477.03
0.261799	1.417623	-0.202254	167	8	39	477.03
-0.261799	2.588535	-2.976617	170	14	37	477.02
-1.832596	1.870545	-2.976234	174	5	37	476.98
0.523599	0.418037	1.360082	167	20	31	476.97
1.570796	1.846342	-1.796954	177	17	48	476.96
-0.261799	2.760637	2.781135	170	21	43	476.96
0.000000	1.242974	-2.977882	170	15	37	476.95
-3.141593	1.045978	0.343692	185	24	43	476.92
1.570796	2.164094	-2.991358	176	9	41	476.88
1.047198	2.579248	-2.364801	180	26	45	476.87
0.785398	0.080730	-2.622036	180	28	42	476.87
-2.094395	0.685216	-1.712745	51	182	173	476.86
-0.261799	2.115563	0.685730	185	16	47	476.82
-1.570796	1.998705	2.370472	177	17	44	476.81
-0.261799	1.869911	2.701025	164	19	39	476.80
-0.523599	2.863997	0.549740	172	18	39	476.80
2.094395	1.870545	-2.976234	170	26	41	476.78
1.832596	1.135834	-1.431087	172	12	49	476.78
-3.141593	1.440580	2.260026	52	171	187	476.75
-1.832596	1.413347	-1.339188	176	21	50	476.74
-1.832596	1.135813	-2.658866	181	19	45	476.71
-2.094395	1.195355	1.200319	49	171	180	476.67
-2.094395	0.929350	-2.910676	181	19	44	476.60
-0.261799	1.335669	0.897240	54	182	186	476.54
1.832596	1.721184	-0.153948	173	10	41	476.54
1.570796	2.979456	-1.009304	174	17	43	476.54
1.047198	2.863997	0.549740	166	13	39	476.51
0.523599	1.045978	0.343692	171	4	39	476.51
2.879793	1.301460	-0.509251	184	19	45	476.50
1.570796	2.396274	-1.959260	54	188	178	476.50
1.832596	0.571433	-1.188419	174	18	49	476.48
2.617994	1.134497	-1.109631	183	23	51	476.48
0.785398	1.554776	0.100351	175	25	40	476.39
1.308997	2.356369	3.005869	173	1	36	476.38
0.000000	1.736875	3.023612	173	16	42	476.36
1.832596	1.506530	1.988858	175	8	45	476.35
0.261799	1.658653	-2.409879	172	18	39	476.34
1.308997	2.104282	-0.813972	27	7	190	476.32
-1.832596	2.393226	1.857173	168	23	43	476.31
2.356194	2.637879	2.121598	175	10	42	476.31
-2.094395	1.450119	-2.739050	25	0	4	476.15
-1.832596	1.367556	0.358405	183	16	46	476.14
1.570796	1.301460	-0.509251	172	17	41	476.12
2.617994	2.343981	-1.040456	175	14	44	476.11
-1.047198	1.998705	2.370472	170	24	44	476.09
-0.261799	0.850607	-1.335383	175	20	43	476.08
2.094395	1.448123	-2.163292	170	15	41	476.06
-1.047198	1.134497	-1.109631	53	181	175	476.03
2.356194	0.379747	-1.713059	169	15	45	476.01
2.879793	0.992645	-1.723759	172	14	48	476.00
-1.570796	1.335669	0.897240	180	12	44	475.96
-1.308997	1.488617	1.159546	179	14	44	475.94
0.785398	2.299159	2.264663	177	13	47	475.90
-2.094395	1.732874	-0.951685	174	23	47	475.87
-1.308997	0.418037	1.360082	172	8	34	475.79
-2.356194	1.683268	0.374177	172	11	42	475.79
-0.261799	0.866955	-0.931351	175	17	44	475.77
-3.141593	0.961715	0.014085	183	21	43	475.76
1.047198	0.370812	-2.547742	179	23	44	475.76
-2.094395	1.025536	1.576859	176	15	42	475.70
-2.617994	1.977582	0.969896	168	13	44	475.69
0.261799	2.456751	-1.503343	181	4	48	475.68
2.879793	1.413347	-1.339188	176	19	48	475.67
0.000000	1.836682	-0.676006	165	17	44	475.65
1.308997	2.115563	0.685730	34	179	7	475.65
-0.785398	0.640596	-2.797608	179	21	43	475.64
0.785398	2.299159	2.264663	177	14	47	475.57
1.308997	1.824694	1.850876	178	7	41	475.55
-1.570796	1.756530	-2.105156	173	6	42	475.54
2.094395	2.587733	0.232235	178	33	42	475.53
2.617994	1.574060	2.783565	165	20	33	475.51
-0.523599	2.033014	2.977192	171	20	42	475.49
0.000000	2.579248	-2.364801	175	14	41	475.49
-1.308997	2.393226	1.857173	167	17	44	475.48
0.523599	1.433411	-1.035986	166	18	45	475.45
0.000000	2.984978	1.954446	179	24	45	475.44
2.094395	2.592629	0.909713	174	9	40	475.43
-2.879793	0.297065	2.160177	172	12	37	475.42
-3.141593	1.982574	-1.115518	177	11	44	475.41
-2.094395	0.640596	-2.797608	29	173	5	475.38
1.047198	1.301460	-0.509251	169	10	41	475.38
0.261799	1.325504	-1.671296	34	178	11	475.33
1.832596	1.134796	2.434290	173	12	43	475.29
-2.617994	1.413347	-1.339188	176	21	50	475.20
1.570796	1.391910	3.030322	178	11	43	475.19
1.832596	1.433411	-1.035986	185	19	50	475.11
-2.617994	1.617114	-1.572037	170	17	41	475.09
-2.879793	1.135813	-2.658866	167	20	41	475.09
-2.879793	0.379747	-1.713059	175	3	37	475.09
2.094395	1.904882	-1.478089	176	19	48	475.07
-1.570796	1.014500	0.906702	185	12	44	475.05
1.047198	0.080730	-2.622036	47	176	167	474.92
-0.261799	2.343981	-1.040456	174	22	47	474.91
1.047198	1.683268	0.374177	181	22	45	474.89
0.785398	0.864993	2.278281	165	16	41	474.87
2.879793	2.979456	-1.009304	172	10	40	474.84
-0.785398	2.153910	-1.714959	51	180	175	474.84
0.261799	1.506530	1.988858	159	171	7	474.80
-2.617994	2.588535	-2.976617	167	11	42	474.79
-1.570796	0.960688	-0.577532	175	17	44	474.74
2.094395	1.256302	0.062705	170	21	39	474.66
-2.356194	1.450119	-2.739050	166	8	38	474.65
0.785398	1.699788	2.452890	174	12	47	474.63
2.094395	1.721184	-0.153948	175	27	42	474.62
1.570796	0.866395	-2.492918	170	24	42	474.58
0.261799	1.904882	-1.478089	176	15	50	474.56
-2.879793	2.724429	-0.348782	182	19	46	474.51
-1.570796	2.073035	2.027405	173	23	47	474.51
1.047198	1.134497	-1.109631	165	13	42	474.50
-0.523599	1.836682	-0.676006	171	31	46	474.47
1.308997	1.134796	2.434290	173	9	45	474.44
-1.047198	2.393226	1.857173	173	21	48	474.41
2.094395	1.510910	-0.740472	176	16	44	474.37
0.523599	1.510910	-0.740472	163	14	42	474.35
0.000000	2.455966	-0.641220	166	15	45	474.32
2.094395	2.164094	-2.991358	169	26	40	474.31
-1.570796	1.488617	1.159546	182	8	46	474.30
-3.141593	1.440580	2.260026	176	12	40	474.29
-0.261799	2.863997	0.549740	174	20	44	474.28
2.879793	2.704512	1.488683	172	13	39	474.28
-1.308997	0.866395	-2.492918	179	16	43	474.27
-2.094395	2.089241	-0.114193	167	9	36	474.26
1.308997	1.909857	-0.381669	175	11	44	474.24
1.047198	0.640596	-2.797608	177	12	42	474.24
0.000000	2.588535	-2.976617	170	20	41	474.20
-1.047198	2.863997	0.549740	177	13	42	474.19
-2.094395	2.089241	-0.114193	174	27	38	474.15
-0.785398	1.504028	0.636812	182	12	45	474.12
-1.832596	1.194549	-0.801900	171	17	41	474.07
1.308997	2.704512	1.488683	171	13	40	474.01
1.570796	2.180315	-1.357379	169	16	39	474.00
-0.523599	1.050534	3.042579	178	7	36	473.99
2.617994	1.413430	2.550734	172	13	38	473.99
2.094395	0.571433	-1.188419	170	8	43	473.98
0.785398	1.128190	-2.288622	176	21	44	473.91
1.308997	0.864993	2.278281	171	14	44	473.85
-2.879793	1.374601	-2.456031	180	25	45	473.84
-2.879793	2.063651	-2.044600	174	9	42	473.79
-0.785398	2.089241	-0.114193	167	21	39	473.78
-0.261799	1.413430	2.550734	167	23	40	473.78
-2.094395	1.741644	-2.695914	171	11	41	473.75
-0.523599	1.440580	2.260026	173	24	45	473.66
0.523599	1.875281	0.107086	174	23	43	473.62
-1.047198	1.506530	1.988858	181	17	46	473.59
2.094395	2.588535	-2.976617	172	12	39	473.59
2.094395	1.135813	-2.658866	177	36	41	473.55
0.523599	1.195355	1.200319	178	20	48	473.52
-0.261799	1.909857	-0.381669	165	26	42	473.48
-2.879793	0.419640	2.974122	169	9	35	473.47
0.000000	2.153910	-1.714959	185	14	54	473.46
2.617994	1.872854	1.543456	182	22	52	473.44
-3.141593	1.247695	1.809890	179	11	46	473.37
-0.523599	1.555207	1.708892	170	19	42	473.36
2.094395	1.756530	-2.105156	175	21	49	473.34
-0.261799	1.809167	1.213774	175	12	44	473.30
-1.832596	0.290380	-0.796960	1	22	48	473.30
1.308997	0.866955	-0.931351	175	14	49	473.30
2.094395	0.674054	1.013609	163	20	40	473.29
-2.879793	0.379747	-1.713059	176	9	47	473.28
2.617994	1.721184	-0.153948	173	24	42	473.27
1.308997	1.736875	3.023612	173	6	38	473.26
-1.047198	1.732874	-0.951685	180	32	49	473.20
-1.308997	2.979456	-1.009304	162	23	38	473.19
2.879793	1.195355	1.200319	172	12	48	473.04
-2.617994	0.370812	-2.547742	169	11	42	473.00
0.000000	1.569311	-3.003978	171	20	41	472.99
2.356194	0.618092	2.539118	175	9	39	472.86
2.617994	2.704512	1.488683	174	10	39	472.78
0.785398	2.115563	0.685730	175	24	43	472.78
2.879793	2.979456	-1.009304	172	11	40	472.77
-1.570796	1.756530	-2.105156	176	8	46	472.76
-1.308997	1.135813	-2.658866	176	12	40	472.74
1.832596	2.404280	-0.174044	175	12	43	472.71
2.879793	1.872854	1.543456	176	20	48	472.70
-1.047198	2.863997	0.549740	178	19	44	472.68
0.785398	1.134796	2.434290	170	17	45	472.68
2.356194	1.875281	0.107086	180	29	44	472.67
1.570796	1.736875	3.023612	173	4	36	472.66
2.617994	1.417623	-0.202254	171	21	41	472.64
-1.308997	2.592629	0.909713	166	166	9	472.60
1.308997	1.214854	-1.966664	172	15	42	472.51
-3.141593	0.864993	2.278281	180	21	44	472.48
2.356194	0.618092	2.539118	174	12	39	472.47
0.523599	1.301460	-0.509251	161	14	37	472.46
-3.141593	0.640596	-2.797608	166	19	39	472.45
0.785398	1.504028	0.636812	174	19	39	472.43
1.570796	0.290380	-0.796960	170	13	46	472.42
-0.523599	1.869911	2.701025	169	17	38	472.41
-2.094395	0.906588	1.252948	176	28	40	472.40
0.523599	2.664082	-1.071402	179	12	46	472.36
0.000000	0.906588	1.252948	177	24	45	472.30
2.094395	1.413347	-1.339188	181	13	51	472.30
-1.308997	1.184361	0.625864	187	17	48	472.30
0.523599	1.699788	2.452890	171	13	47	472.30
-1.832596	0.640596	-2.797608	172	9	42	472.29
0.000000	2.187132	-0.479875	165	22	43	472.29
2.879793	1.301460	-0.509251	184	17	45	472.26
1.570796	2.041297	-2.664597	172	16	41	472.23
1.047198	1.506530	1.988858	168	15	44	472.22
-1.832596	1.448123	-2.163292	173	6	44	472.17
-1.047198	0.674054	1.013609	163	20	34	472.17
-2.094395	2.001437	0.381215	173	2	39	472.16
-1.047198	0.379747	-1.713059	173	16	36	472.15
2.617994	0.864993	2.278281	176	11	42	472.14
0.785398	2.455966	-0.641220	174	12	45	472.12
-2.617994	0.496451	0.593859	176	22	40	472.06
1.832596	2.041297	-2.664597	171	16	41	472.05
-1.047198	2.984978	1.954446	171	19	43	472.04
0.523599	1.812176	0.656819	190	28	46	471.99
-1.047198	1.869911	2.701025	175	21	44	471.97
1.308997	1.736875	3.023612	172	6	38	471.94
0.785398	0.914445	2.687814	167	15	40	471.91
-1.047198	2.719179	-1.780644	172	12	47	471.90
-2.356194	0.370812	-2.547742	167	7	37	471.88
-3.141593	2.704512	1.488683	177	28	45	471.86
2.617994	2.760637	2.781135	161	20	36	471.83
1.832596	2.984978	1.954446	162	22	37	471.81
-3.141593	1.756530	-2.105156	172	9	41	471.79
1.570796	2.164094	-2.991358	174	10	41	471.79
2.094395	1.662363	0.915448	176	30	47	471.79
1.832596	0.640596	-2.797608	169	23	39	471.79
-1.308997	2.251330	-2.330739	51	179	177	471.76
2.617994	1.732874	-0.951685	170	13	39	471.76
2.356194	2.407836	1.410646	175	19	44	471.71
-2.356194	1.433411	-1.035986	180	24	51	471.70
0.261799	2.356369	3.005869	165	12	37	471.69
-2.879793	1.812176	0.656819	165	12	41	471.63
0.785398	1.872854	1.543456	175	14	45	471.62
-2.879793	0.674054	1.013609	174	0	39	471.61
-2.879793	1.909857	-0.381669	171	16	40	471.61
-1.308997	1.504028	0.636812	180	8	41	471.61
-2.356194	2.295480	1.008277	166	14	43	471.60
0.785398	2.979456	-1.009304	175	15	42	471.60
2.617994	0.080730	-2.622036	173	27	45	471.57
0.523599	2.153910	-1.714959	179	13	46	471.56
0.261799	2.174483	2.653697	169	13	43	471.52
2.879793	2.592629	0.909713	173	13	40	471.51
-1.832596	2.984978	1.954446	169	14	36	471.48
-2.094395	1.846342	-1.796954	167	16	45	471.46
-0.523599	2.704512	1.488683	182	27	44	471.45
0.523599	1.662363	0.915448	179	13	43	471.44
-1.308997	1.391910	3.030322	172	18	39	471.41
-3.141593	1.872854	1.543456	181	22	52	471.41
-1.832596	1.025536	1.576859	177	16	42	471.38
-0.785398	1.374601	-2.456031	182	15	46	471.36
1.308997	0.850607	-1.335383	166	17	45	471.36
-1.308997	1.504028	0.636812	168	18	34	471.36
1.308997	1.440580	2.260026	177	11	49	471.33
2.617994	2.089241	-0.114193	169	18	39	471.32
-3.141593	1.413347	-1.339188	176	14	44	471.26
-1.308997	1.606104	-0.451151	167	20	40	471.26
2.617994	2.588535	-2.976617	162	28	37	471.25
-2.356194	1.683268	0.374177	171	11	42	471.23
0.785398	1.417623	-0.202254	173	4	41	471.22
-1.570796	0.640596	-2.797608	174	4	40	471.18
-0.523599	1.846342	-1.796954	174	14	43	471.17
-1.570796	2.349581	-2.702517	171	5	36	471.14
-1.570796	1.194549	-0.801900	173	16	43	471.12
-0.261799	1.135834	-1.431087	184	21	52	471.11
-2.617994	0.370812	-2.547742	171	16	45	471.06
2.356194	2.001437	0.381215	174	9	39	471.06
2.094395	1.606104	-0.451151	172	10	40	471.05
-1.308997	1.448123	-2.163292	178	18	46	471.00
-2.356194	2.247462	0.191623	172	5	40	470.99
-2.617994	0.850607	-1.335383	175	10	39	470.94
2.094395	2.587733	0.232235	173	10	37	470.91
1.308997	0.370812	-2.547742	174	12	40	470.88
-3.141593	2.704512	1.488683	177	20	45	470.84
1.570796	0.418037	1.360082	35	173	4	470.82
-2.879793	2.001437	0.381215	159	170	6	470.79
1.047198	0.960688	-0.577532	167	8	40	470.74
2.617994	1.195355	1.200319	171	10	44	470.73
-1.308997	2.299159	2.264663	167	25	43	470.67
-1.308997	0.379747	-1.713059	182	15	46	470.67
-1.570796	1.870545	-2.976234	170	10	35	470.58
0.523599	1.875281	0.107086	168	19	39	470.58
-0.523599	1.325504	-1.671296	175	19	44	470.54
1.570796	0.203748	0.590255	165	21	35	470.52
-2.094395	0.419640	2.974122	172	20	42	470.51
0.000000	1.599406	1.426070	174	13	44	470.46
0.523599	1.683268	0.374177	172	10	38	470.45
1.570796	1.756530	-2.105156	49	174	176	470.43
-1.570796	1.904882	-1.478089	168	16	46	470.42
2.094395	2.379497	0.561089	180	32	45	470.40
0.000000	1.050534	3.042579	174	17	42	470.39
1.047198	2.104282	-0.813972	52	168	176	470.39
2.356194	0.762244	-0.273349	168	21	36	470.37
-1.047198	0.290380	-0.796960	176	17	41	470.37
2.356194	2.104282	-0.813972	177	15	45	470.32
-0.261799	1.374601	-2.456031	175	13	40	470.30
-1.570796	1.869911	2.701025	178	22	44	470.30
-2.356194	1.374601	-2.456031	166	8	38	470.28
-1.570796	2.108018	1.311430	179	17	50	470.26
2.356194	1.168678	2.108595	174	17	44	470.26
-2.617994	0.496451	0.593859	173	4	37	470.19
1.047198	1.413430	2.550734	178	22	45	470.16
-2.879793	2.587733	0.232235	171	16	43	470.14
-2.879793	1.242974	-2.977882	173	15	42	470.11
-1.047198	1.721184	-0.153948	173	30	42	470.09
2.617994	0.419640	2.974122	166	19	34	470.09
-0.523599	2.704512	1.488683	176	9	46	470.09
-0.523599	1.134796	2.434290	175	13	38	470.05
-2.094395	2.104282	-0.813972	181	33	46	470.04
2.617994	1.433411	-1.035986	185	22	50	470.04
0.000000	2.343981	-1.040456	172	13	49	470.04
-1.047198	1.699788	2.452890	176	12	40	470.03
-1.832596	1.574060	2.783565	174	10	38	470.02
-1.832596	0.866395	-2.492918	175	12	43	470.00
-1.308997	0.618092	2.539118	51	178	173	469.99
-2.617994	1.998705	2.370472	181	19	46	469.97
2.617994	0.733948	3.021411	169	20	39	469.97
2.094395	1.870545	-2.976234	167	24	38	469.93
2.879793	1.194549	-0.801900	33	175	9	469.93
1.570796	1.658653	-2.409879	176	15	42	469.92
-2.356194	0.733948	3.021411	177	13	43	469.88
2.356194	1.732874	-0.951685	174	9	41	469.86
0.523599	1.214854	-1.966664	175	14	42	469.86
-2.879793	1.194549	-0.801900	180	18	46	469.85
2.617994	1.135813	-2.658866	164	18	41	469.84
-0.523599	2.115563	0.685730	171	23	35	469.81
-0.261799	1.325504	-1.671296	177	20	46	469.81
-3.141593	2.108018	1.311430	172	23	47	469.79
-1.308997	1.554776	0.100351	169	19	39	469.78
-2.094395	1.870545	-2.976234	179	23	43	469.77
2.879793	1.448123	-2.163292	170	10	47	469.77
2.879793	0.914445	2.687814	178	18	44	469.75
-0.523599	1.134796	2.434290	178	20	44	469.74
1.570796	1.948085	-2.363031	50	183	179	469.70
2.356194	1.413347	-1.339188	181	9	51	469.67
0.261799	1.617114	-1.572037	176	21	49	469.67
-1.308997	2.984978	1.954446	170	21	43	469.64
2.356194	2.153910	-1.714959	188	26	53	469.63
-1.308997	1.504028	0.636812	181	7	40	469.62
-3.141593	2.063651	-2.044600	173	18	47	469.61
1.047198	2.033014	2.977192	175	10	43	469.60
0.261799	1.836682	-0.676006	176	23	46	469.59
-3.141593	2.033014	2.977192	168	15	39	469.59
1.047198	2.592629	0.909713	173	15	42	469.56
-1.047198	1.683268	0.374177	180	30	39	469.52
1.832596	0.203748	0.590255	166	16	35	469.50
0.785398	1.809167	1.213774	178	11	44	469.50
2.617994	0.929350	-2.910676	26	183	7	469.48
2.879793	1.617114	-1.572037	175	14	46	469.45
0.261799	1.683268	0.374177	37	4	3	469.44
0.261799	2.115563	0.685730	171	22	40	469.44
2.879793	1.574060	2.783565	167	18	37	469.44
-2.356194	1.554776	0.100351	55	181	177	469.44
2.356194	1.413430	2.550734	176	12	43	469.42
0.000000	1.599406	1.426070	178	21	48	469.41
-1.832596	1.683268	0.374177	178	29	39	469.40
-3.141593	1.128190	-2.288622	173	28	43	469.39
2.879793	2.881233	-2.582574	171	13	39	469.37
-2.879793	0.203748	0.590255	171	20	39	469.34
0.523599	2.881233	-2.582574	168	14	38	469.33
-2.879793	2.719179	-1.780644	171	15	41	469.29
-0.785398	0.619654	-2.216909	177	21	42	469.27
-2.879793	2.393226	1.857173	171	21	40	469.26
-0.785398	1.977582	0.969896	179	17	47	469.24
0.261799	2.637879	2.121598	51	180	171	469.23
-2.356194	1.417623	-0.202254	169	8	38	469.21
-2.617994	2.251330	-2.330739	166	15	45	469.18
-1.570796	0.831641	0.616218	174	18	39	469.17
0.785398	2.108018	1.311430	180	14	46	469.10
-0.523599	1.732874	-0.951685	174	28	50	469.09
0.000000	1.135813	-2.658866	171	13	37	469.07
0.785398	1.014500	0.906702	176	19	44	469.06
-2.094395	2.637879	2.121598	172	24	43	469.04
-0.785398	1.554776	0.100351	166	19	39	468.99
0.785398	1.506530	1.988858	173	14	47	468.95
-2.879793	1.325504	-1.671296	174	10	41	468.93
-2.617994	0.379747	-1.713059	179	9	47	468.90
-3.141593	2.393226	1.857173	175	15	42	468.87
2.617994	0.370812	-2.547742	165	20	39	468.84
1.308997	0.615174	-0.666022	172	11	46	468.84
0.000000	1.574060	2.783565	167	23	42	468.83
-2.879793	0.619654	-2.216909	168	7	40	468.82
1.308997	2.001437	0.381215	180	24	44	468.82
-0.785398	1.374601	-2.456031	180	14	45	468.79
-1.047198	1.756530	-2.105156	176	14	45	468.78
0.523599	2.063651	-2.044600	184	18	48	468.74
1.047198	2.115563	0.685730	171	10	38	468.72
1.308997	2.455966	-0.641220	179	20	47	468.70
-2.094395	0.571433	-1.188419	176	15	44	468.70
-3.141593	1.510910	-0.740472	182	10	43	468.64
-3.141593	1.569311	-3.003978	165	14	38	468.63
-0.261799	1.658653	-2.409879	174	13	40	468.58
-0.785398	1.741644	-2.695914	54	171	182	468.56
-2.879793	1.696674	-1.253233	175	21	44	468.55
-0.785398	2.153910	-1.714959	176	4	42	468.55
1.308997	1.870545	-2.976234	171	12	39	468.55
1.308997	2.592629	0.909713	169	14	40	468.54
2.879793	1.732874	-0.951685	177	10	43	468.53
2.356194	1.448123	-2.163292	171	12	42	468.52
2.617994	0.850607	-1.335383	27	171	10	468.52
1.832596	1.214854	-1.966664	48	175	166	468.51
0.785398	2.041297	-2.664597	173	10	39	468.50
1.570796	2.138223	1.678323	173	19	42	468.50
0.000000	0.866955	-0.931351	172	23	47	468.47
-2.617994	2.704512	1.488683	172	28	45	468.45
-2.094395	1.696674	-1.253233	172	19	47	468.42
1.047198	1.998705	2.370472	172	7	42	468.38
1.832596	2.187132	-0.479875	172	10	36	468.32
-1.308997	1.128190	-2.288622	176	2	40	468.31
-2.094395	1.662363	0.915448	177	8	48	468.29
1.832596	1.184361	0.625864	173	16	42	468.29
1.832596	1.510910	-0.740472	174	18	44	468.27
2.356194	1.214854	-1.966664	176	23	49	468.26
-2.617994	1.683268	0.374177	173	15	45	468.23
0.261799	1.440580	2.260026	172	21	49	468.22
-2.094395	1.195355	1.200319	188	21	48	468.19
0.000000	1.448123	-2.163292	181	17	46	468.16
-1.570796	1.014500	0.906702	173	26	41	468.15
-0.523599	1.367556	0.358405	178	30	38	468.14
0.523599	1.050534	3.042579	166	14	36	468.11
1.832596	1.982574	-1.115518	53	177	187	468.10
-2.617994	0.685216	-1.712745	175	8	45	468.09
1.832596	0.290380	-0.796960	173	11	47	468.06
0.261799	2.187132	-0.479875	175	18	46	468.04
-1.308997	2.881233	-2.582574	176	190	40	468.02
-1.308997	0.379747	-1.713059	180	9	40	467.99
0.000000	2.393226	1.857173	50	178	169	467.95
-0.523599	2.719179	-1.780644	45	169	169	467.92
-0.523599	1.247695	1.809890	171	23	43	467.87
1.832596	1.554776	0.100351	175	19	41	467.84
0.000000	2.349581	-2.702517	168	15	36	467.83
-2.879793	0.496451	0.593859	169	12	37	467.79
-0.261799	2.033014	2.977192	166	23	40	467.78
-2.617994	2.637879	2.121598	181	29	46	467.70
0.785398	1.756530	-2.105156	179	16	46	467.68
2.879793	0.674054	1.013609	168	9	41	467.66
-2.617994	0.379747	-1.713059	27	170	9	467.63
2.617994	0.831641	0.616218	189	21	43	467.61
-1.832596	1.741644	-2.695914	177	12	45	467.60
2.094395	1.413347	-1.339188	180	11	51	467.58
1.047198	0.379747	-1.713059	170	28	42	467.57
-1.832596	1.134497	-1.109631	188	26	50	467.52
1.308997	2.073035	2.027405	178	9	45	467.50
-1.570796	1.488617	1.159546	177	8	39	467.49
1.308997	1.413347	-1.339188	171	12	47	467.44
-2.879793	1.391910	3.030322	170	16	40	467.43
-1.308997	1.869911	2.701025	174	17	41	467.35
0.785398	0.619654	-2.216909	176	17	42	467.34
1.308997	2.356369	3.005869	29	2	4	467.33
2.879793	0.370812	-2.547742	167	19	41	467.33
-1.832596	2.295480	1.008277	175	13	48	467.30
1.047198	2.187132	-0.479875	173	12	44	467.29
-1.047198	2.041297	-2.664597	47	187	168	467.29
1.047198	2.115563	0.685730	171	17	41	467.28
-3.141593	1.367556	0.358405	186	26	41	467.27
1.832596	2.041297	-2.664597	172	27	42	467.27
-2.094395	2.164094	-2.991358	178	18	43	467.24
-2.879793	1.184361	0.625864	169	11	42	467.24
0.785398	2.396274	-1.959260	177	20	44	467.24
2.879793	2.456751	-1.503343	181	25	48	467.22
-1.308997	1.242974	-2.977882	178	9	41	467.20
-2.617994	1.417623	-0.202254	167	10	36	467.15
0.523599	1.683268	0.374177	171	23	40	467.12
-0.261799	1.450119	-2.739050	180	15	44	467.10
-3.141593	2.001437	0.381215	177	24	46	467.09
1.308997	1.599406	1.426070	173	19	46	467.06
0.261799	2.637879	2.121598	51	181	171	467.04
0.000000	0.992645	-1.723759	176	23	45	467.04
-0.523599	0.914445	2.687814	178	9	37	467.01
2.094395	1.256302	0.062705	169	21	39	466.99
2.617994	1.824694	1.850876	180	17	49	466.96
-0.261799	2.104282	-0.813972	166	16	44	466.96
2.094395	0.831641	0.616218	170	14	40	466.96
-1.570796	1.247695	1.809890	187	19	48	466.93
2.617994	0.379747	-1.713059	171	7	43	466.92
0.785398	0.619654	-2.216909	172	12	37	466.91
-0.785398	2.164094	-2.991358	29	190	6	466.91
-1.047198	2.760637	2.781135	171	22	42	466.90
2.356194	1.134796	2.434290	169	15	35	466.89
1.832596	1.683268	0.374177	175	22	43	466.84
1.047198	1.766067	2.153843	170	10	41	466.81
-1.308997	0.685216	-1.712745	184	25	45	466.81
-0.785398	2.724429	-0.348782	165	28	40	466.80
0.000000	0.571433	-1.188419	178	21	45	466.80
2.879793	1.135834	-1.431087	173	15	46	466.75
2.094395	2.637879	2.121598	178	19	45	466.73
0.261799	2.349581	-2.702517	167	13	35	466.73
0.785398	1.662363	0.915448	177	14	41	466.66
-0.785398	2.407836	1.410646	179	13	49	466.65
2.879793	2.138223	1.678323	176	12	43	466.63
-2.879793	0.685216	-1.712745	174	10	47	466.62
-1.832596	1.025536	1.576859	178	13	42	466.59
-0.523599	1.824694	1.850876	180	21	52	466.52
2.879793	1.696674	-1.253233	180	13	47	466.48
1.047198	0.899350	-2.069907	170	22	42	466.46
-1.570796	0.733948	3.021411	170	18	39	466.44
-2.094395	2.033014	2.977192	176	18	42	466.42
2.879793	0.700570	1.559208	176	1	42	466.39
-3.141593	1.872854	1.543456	178	18	49	466.37
2.094395	1.683268	0.374177	175	10	40	466.35
-2.879793	1.904882	-1.478089	180	11	46	466.35
1.570796	2.174483	2.653697	169	14	36	466.33
0.261799	1.433411	-1.035986	170	14	41	466.25
-0.261799	2.073035	2.027405	175	16	50	466.22
2.356194	0.418037	1.360082	169	13	40	466.22
-2.617994	1.195355	1.200319	178	5	46	466.15
0.261799	1.732874	-0.951685	168	16	46	466.11
2.617994	0.709924	0.218797	169	12	37	466.07
-2.094395	1.374601	-2.456031	169	5	39	466.05
-0.261799	1.699788	2.452890	169	17	39	465.99
-2.879793	2.379497	0.561089	163	16	39	465.99
0.261799	2.588535	-2.976617	175	17	44	465.95
-1.308997	0.370812	-2.547742	33	187	5	465.94
2.879793	1.168678	2.108595	177	13	44	465.94
0.261799	2.295480	1.008277	182	11	45	465.90
-2.356194	1.247695	1.809890	51	174	180	465.86
0.000000	1.696674	-1.253233	46	186	158	465.86
-1.047198	1.417623	-0.202254	167	20	41	465.85
-1.570796	1.870545	-2.976234	186	32	41	465.82
-1.308997	2.455966	-0.641220	174	33	45	465.77
2.094395	1.440580	2.260026	177	7	44	465.77
-3.141593	2.760637	2.781135	164	12	37	465.76
-2.617994	0.960688	-0.577532	177	19	43	465.74
2.356194	1.756530	-2.105156	182	32	47	465.69
-1.570796	1.510910	-0.740472	169	17	40	465.69
2.617994	1.617114	-1.572037	181	10	51	465.63
-2.094395	1.732874	-0.951685	181	32	48	465.54
-0.785398	0.906588	1.252948	170	13	39	465.51
-2.094395	0.866955	-0.931351	173	18	43	465.50
0.000000	1.325504	-1.671296	178	22	48	465.48
0.523599	1.168678	2.108595	28	180	7	465.48
-2.356194	1.506530	1.988858	50	173	166	465.47
2.879793	0.640596	-2.797608	174	31	42	465.47
-0.523599	0.910508	1.903534	177	15	40	465.45
-0.523599	1.721184	-0.153948	167	14	40	465.45
1.832596	1.417623	-0.202254	174	11	40	465.43
-0.261799	1.554776	0.100351	166	13	39	465.40
2.617994	2.664082	-1.071402	175	14	42	465.39
2.356194	1.488617	1.159546	174	21	49	465.37
-2.879793	1.168678	2.108595	52	171	187	465.30
1.832596	2.863997	0.549740	174	6	39	465.26
1.570796	1.448123	-2.163292	173	26	47	465.21
1.570796	1.135813	-2.658866	174	26	44	465.19
-1.047198	2.704512	1.488683	174	13	46	465.17
2.094395	2.478122	2.609777	174	15	42	465.16
-2.617994	0.733948	3.021411	174	12	41	465.15
-1.570796	0.914445	2.687814	168	17	36	465.14
-1.570796	0.619654	-2.216909	172	10	39	465.13
-1.308997	1.214854	-1.966664	176	4	42	465.08
2.617994	0.419640	2.974122	174	11	37	465.06
-2.356194	1.869911	2.701025	175	16	41	465.04
-2.879793	2.247462	0.191623	170	18	42	465.03
-2.879793	0.619654	-2.216909	170	14	45	465.02
0.000000	2.356369	3.005869	166	17	40	465.00
1.047198	1.683268	0.374177	170	12	38	464.97
1.832596	2.063651	-2.044600	182	24	49	464.96
0.785398	1.662363	0.915448	185	27	48	464.93
-2.617994	1.812176	0.656819	166	9	41	464.92
2.879793	2.073035	2.027405	178	20	46	464.91
1.308997	1.134796	2.434290	169	19	42	464.91
-3.141593	0.733948	3.021411	168	13	36	464.89
0.000000	1.433411	-1.035986	27	172	10	464.89
-1.047198	1.809167	1.213774	177	10	40	464.87
1.832596	2.115563	0.685730	169	23	39	464.85
1.832596	2.033014	2.977192	173	32	39	464.84
2.094395	0.910508	1.903534	173	5	44	464.83
1.308997	1.218453	2.777284	174	15	43	464.82
2.094395	1.846342	-1.796954	182	23	54	464.81
-2.356194	1.247695	1.809890	184	15	47	464.80
2.356194	1.448123	-2.163292	169	16	47	464.78
1.047198	2.588535	-2.976617	170	12	40	464.76
0.000000	1.135834	-1.431087	173	20	44	464.76
2.617994	1.904882	-1.478089	187	19	54	464.74
-2.356194	1.506530	1.988858	184	20	48	464.74
1.308997	1.696674	-1.253233	177	12	53	464.74
1.832596	1.741644	-2.695914	50	177	175	464.69
1.047198	1.325504	-1.671296	173	15	45	464.69
-1.832596	2.393226	1.857173	51	176	162	464.65
1.832596	1.335669	0.897240	172	29	46	464.62
1.570796	2.984978	1.954446	24	12	22	464.56
-2.356194	1.301460	-0.509251	182	24	47	464.55
-2.356194	1.824694	1.850876	181	21	49	464.52
-0.523599	2.478122	2.609777	162	18	38	464.49
-2.879793	1.135834	-1.431087	177	18	50	464.46
-1.047198	0.290380	-0.796960	180	16	43	464.45
-1.832596	1.194549	-0.801900	172	19	43	464.41
-2.356194	0.914445	2.687814	175	17	42	464.40
2.879793	0.203748	0.590255	177	21	41	464.40
0.523599	2.033014	2.977192	166	7	37	464.35
0.261799	0.418037	1.360082	175	9	40	464.33
0.785398	0.709924	0.218797	170	4	38	464.33
0.785398	0.906588	1.252948	176	20	47	464.30
-3.141593	0.864993	2.278281	176	15	42	464.30
-0.523599	1.732874	-0.951685	173	23	49	464.30
-2.356194	1.247695	1.809890	184	16	48	464.22
-0.785398	1.683268	0.374177	169	15	37	464.20
0.785398	0.899350	-2.069907	172	24	43	464.16
2.094395	1.014500	0.906702	166	24	43	464.13
-2.356194	1.846342	-1.796954	171	15	46	464.12
2.879793	0.992645	-1.723759	173	13	48	464.11
-2.094395	1.510910	-0.740472	173	19	42	464.11
1.308997	1.699788	2.452890	177	15	46	464.08
-0.523599	1.736875	3.023612	172	23	42	464.08
1.308997	1.998705	2.370472	173	7	41	464.07
-2.356194	2.001437	0.381215	168	5	39	464.07
1.308997	0.640596	-2.797608	174	8	36	464.07
2.356194	1.683268	0.374177	169	21	41	464.00
-3.141593	0.992645	-1.723759	25	173	10	464.00
-2.356194	0.866395	-2.492918	172	19	42	463.99
1.832596	1.736875	3.023612	175	11	41	463.99
-0.261799	2.164094	-2.991358	172	13	38	463.97
0.000000	1.195355	1.200319	51	177	180	463.96
-1.047198	1.135834	-1.431087	181	12	49	463.96
0.000000	0.709924	0.218797	39	186	3	463.93
0.523599	1.014500	0.906702	181	23	48	463.89
0.523599	1.214854	-1.966664	176	14	42	463.88
0.785398	1.809167	1.213774	174	14	42	463.86
-1.570796	2.187132	-0.479875	30	180	6	463.86
-1.832596	1.904882	-1.478089	168	18	46	463.85
0.523599	1.242974	-2.977882	168	16	38	463.84
-1.047198	1.683268	0.374177	182	7	44	463.84
0.261799	1.766067	2.153843	173	12	47	463.83
2.094395	1.617114	-1.572037	177	11	48	463.81
2.879793	1.450119	-2.739050	162	13	38	463.77
2.617994	2.587733	0.232235	172	27	43	463.75
1.047198	1.135813	-2.658866	175	16	41	463.74
-2.356194	0.618092	2.539118	172	10	37	463.74
1.570796	0.899350	-2.069907	180	32	47	463.74
-2.879793	0.297065	2.160177	173	22	40	463.73
2.356194	0.080730	-2.622036	166	24	39	463.70
0.261799	2.343981	-1.040456	171	6	46	463.65
1.832596	0.929350	-2.910676	31	171	2	463.65
0.523599	0.866955	-0.931351	172	18	48	463.59
1.047198	1.214854	-1.966664	171	18	43	463.54
0.261799	2.041297	-2.664597	179	19	44	463.51
1.047198	2.588535	-2.976617	52	178	179	463.50
-0.785398	1.683268	0.374177	176	27	39	463.48
-1.832596	1.195355	1.200319	187	24	48	463.48
-1.308997	1.732874	-0.951685	172	19	48	463.48
1.308997	2.115563	0.685730	175	21	43	463.46
2.879793	1.135813	-2.658866	163	10	38	463.42
-2.094395	2.984978	1.954446	170	19	39	463.31
-0.785398	1.440580	2.260026	177	10	39	463.28
-1.570796	0.571433	-1.188419	182	17	47	463.28
2.094395	0.733948	3.021411	174	18	41	463.27
0.000000	0.866955	-0.931351	174	23	49	463.22
1.308997	1.134497	-1.109631	180	17	51	463.22
-3.141593	1.998705	2.370472	178	20	44	463.21
-3.141593	1.391910	3.030322	173	20	42	463.21
-1.570796	2.108018	1.311430	175	8	41	463.17
2.094395	1.374601	-2.456031	169	29	46	463.11
-0.523599	1.998705	2.370472	167	19	44	463.10
2.094395	1.683268	0.374177	174	10	39	463.07
-2.879793	2.396274	-1.959260	172	24	48	463.04
-0.523599	1.184361	0.625864	188	20	48	463.00
0.785398	2.299159	2.264663	173	8	44	462.92
-3.141593	2.033014	2.977192	168	16	39	462.89
2.617994	0.370812	-2.547742	166	24	41	462.88
-2.094395	2.984978	1.954446	173	17	42	462.88
-0.785398	0.619654	-2.216909	55	174	185	462.86
0.000000	1.374601	-2.456031	171	14	38	462.85
-1.308997	2.115563	0.685730	175	15	45	462.82
2.879793	2.863997	0.549740	175	18	44	462.81
-2.879793	0.685216	-1.712745	173	9	45	462.78
2.356194	1.433411	-1.035986	185	5	49	462.75
-3.141593	0.866955	-0.931351	185	18	51	462.74
-1.308997	0.850607	-1.335383	178	13	45	462.70
0.000000	2.251330	-2.330739	181	23	44	462.68
2.356194	1.014500	0.906702	166	14	40	462.67
1.570796	2.863997	0.549740	169	7	37	462.67
-2.879793	0.618092	2.539118	169	15	37	462.65
-1.047198	2.393226	1.857173	169	12	41	462.64
-0.785398	0.496451	0.593859	164	20	33	462.58
-2.879793	1.904882	-1.478089	177	19	48	462.56
-0.523599	1.569311	-3.003978	173	11	36	462.55
0.000000	0.709924	0.218797	165	12	37	462.55
2.617994	2.349581	-2.702517	171	11	40	462.52
1.570796	0.961715	0.014085	178	28	42	462.50
-2.094395	1.869911	2.701025	186	24	46	462.49
-2.094395	0.619654	-2.216909	175	3	40	462.47
0.785398	2.164094	-2.991358	170	17	41	462.45
0.000000	1.554776	0.100351	169	14	41	462.43
2.879793	2.719179	-1.780644	176	9	38	462.41
-3.141593	2.592629	0.909713	169	24	43	462.41
0.000000	1.194549	-0.801900	170	17	45	462.40
2.356194	0.618092	2.539118	176	12	41	462.40
0.000000	2.356369	3.005869	30	5	3	462.39
-1.570796	1.374601	-2.456031	177	15	45	462.37
2.617994	1.450119	-2.739050	165	24	42	462.36
1.047198	1.413430	2.550734	156	158	191	462.34
-2.356194	0.762244	-0.273349	189	29	48	462.33
2.356194	0.370812	-2.547742	23	188	6	462.32
2.356194	1.569311	-3.003978	174	27	43	462.31
1.570796	2.295480	1.008277	175	18	43	462.27
2.094395	1.870545	-2.976234	50	180	175	462.25
-1.832596	2.073035	2.027405	177	20	47	462.24
2.879793	2.104282	-0.813972	180	14	46	462.20
-3.141593	2.704512	1.488683	178	19	45	462.18
-2.879793	0.906588	1.252948	179	26	40	462.16
-2.094395	1.545873	-1.877082	174	12	48	462.11
-1.570796	1.134497	-1.109631	186	26	50	462.07
0.000000	1.872854	1.543456	176	17	47	462.03
2.617994	2.881233	-2.582574	51	174	173	462.02
0.785398	1.554776	0.100351	170	14	39	461.98
2.094395	2.637879	2.121598	170	11	39	461.96
-1.308997	0.496451	0.593859	171	17	37	461.96
-1.832596	2.164094	-2.991358	179	12	44	461.95
2.617994	1.555207	1.708892	181	14	51	461.95
2.094395	0.864993	2.278281	179	19	44	461.94
-3.141593	1.904882	-1.478089	181	18	50	461.93
0.000000	1.756530	-2.105156	182	21	48	461.93
1.832596	0.733948	3.021411	175	8	38	461.92
-0.261799	1.948085	-2.363031	178	16	44	461.89
1.832596	1.433411	-1.035986	184	19	50	461.89
-0.523599	0.850607	-1.335383	186	28	50	461.89
-2.617994	2.881233	-2.582574	163	15	36	461.88
-2.617994	2.063651	-2.044600	170	16	48	461.85
-2.094395	1.982574	-1.115518	178	28	49	461.81
0.000000	1.875281	0.107086	176	27	43	461.81
-0.523599	2.108018	1.311430	171	10	41	461.80
-1.570796	1.195355	1.200319	171	25	37	461.66
-2.879793	1.506530	1.988858	181	17	47	461.64
-2.879793	1.367556	0.358405	184	26	41	461.64
2.094395	1.732874	-0.951685	51	175	186	461.64
-2.879793	0.615174	-0.666022	177	20	45	461.62
1.832596	1.683268	0.374177	172	13	39	461.57
-2.094395	0.379747	-1.713059	167	22	31	461.57
1.832596	1.732874	-0.951685	174	11	44	461.56
-0.261799	1.242974	-2.977882	166	19	33	461.54
1.047198	1.134796	2.434290	56	176	167	461.50
1.308997	0.864993	2.278281	28	3	3	461.50
2.617994	2.587733	0.232235	173	27	43	461.49
-2.617994	1.756530	-2.105156	173	10	47	461.49
-1.570796	2.724429	-0.348782	174	19	41	461.48
0.523599	1.721184	-0.153948	164	14	38	461.45
-1.047198	1.555207	1.708892	182	18	50	461.44
-2.094395	1.335669	0.897240	177	14	45	461.42
1.570796	2.180315	-1.357379	174	18	44	461.41
-1.047198	1.417623	-0.202254	169	22	43	461.37
-0.523599	2.455966	-0.641220	165	22	44	461.35
-2.356194	0.960688	-0.577532	175	22	44	461.31
1.570796	1.756530	-2.105156	176	25	48	461.26
-1.047198	1.450119	-2.739050	176	9	37	461.26
0.261799	1.741644	-2.695914	177	22	43	461.23
2.356194	1.869911	2.701025	170	13	38	461.20
-1.047198	2.404280	-0.174044	180	22	46	461.18
-0.785398	0.674054	1.013609	164	15	35	461.18
1.308997	2.108018	1.311430	181	18	47	461.17
-0.523599	2.299159	2.264663	166	14	43	461.17
2.617994	0.370812	-2.547742	167	23	41	461.15
0.523599	1.506530	1.988858	170	17	44	461.13
-2.356194	1.113094	-0.272241	176	25	44	461.07
-2.094395	2.247462	0.191623	172	2	36	461.02
-3.141593	1.696674	-1.253233	180	16	47	460.97
-1.047198	2.592629	0.909713	171	10	41	460.96
-2.094395	1.301460	-0.509251	178	27	47	460.92
-2.094395	1.214854	-1.966664	172	6	39	460.87
0.000000	1.982574	-1.115518	173	19	52	460.85
2.094395	1.766067	2.153843	180	10	47	460.84
-1.570796	0.700570	1.559208	163	22	31	460.79
-1.570796	0.899350	-2.069907	180	10	47	460.79
1.570796	1.904882	-1.478089	184	16	54	460.74
1.832596	2.180315	-1.357379	191	15	53	460.74
0.261799	2.588535	-2.976617	177	20	45	460.72
-1.570796	2.299159	2.264663	176	14	43	460.71
-0.785398	1.741644	-2.695914	179	18	43	460.69
2.879793	1.741644	-2.695914	164	16	43	460.69
-0.523599	1.809167	1.213774	179	19	48	460.67
-2.356194	2.979456	-1.009304	173	16	40	460.65
0.785398	2.033014	2.977192	168	11	40	460.64
-0.261799	2.343981	-1.040456	171	17	49	460.63
0.261799	2.299159	2.264663	52	181	174	460.62
-0.261799	1.134497	-1.109631	173	15	41	460.60
0.261799	2.174483	2.653697	167	7	39	460.58
0.261799	1.998705	2.370472	172	13	47	460.51
2.617994	1.135834	-1.431087	177	15	50	460.48
2.356194	1.741644	-2.695914	167	19	39	460.48
0.261799	1.599406	1.426070	176	13	46	460.47
1.047198	1.948085	-2.363031	190	32	50	460.43
0.523599	0.929350	-2.910676	166	11	34	460.41
-0.523599	1.555207	1.708892	177	20	48	460.33
-1.047198	0.762244	-0.273349	176	24	47	460.29
1.047198	2.138223	1.678323	178	7	42	460.29
-2.094395	2.592629	0.909713	165	10	39	460.23
2.356194	1.569311	-3.003978	165	19	35	460.20
-0.523599	0.864993	2.278281	169	25	38	460.20
-1.832596	0.762244	-0.273349	21	23	17	460.17
2.879793	1.135813	-2.658866	165	15	41	460.13
-3.141593	2.881233	-2.582574	165	27	41	460.12
-2.356194	1.510910	-0.740472	175	18	40	460.08
-3.141593	1.599406	1.426070	174	14	47	460.08
-1.570796	1.128190	-2.288622	176	7	44	460.07
-2.094395	1.218453	2.777284	191	30	42	460.07
-2.094395	1.214854	-1.966664	52	178	172	460.07
1.308997	1.555207	1.708892	172	14	44	460.07
0.785398	1.194549	-0.801900	163	13	42	460.06
-1.308997	1.135813	-2.658866	179	8	41	460.04
2.879793	2.704512	1.488683	175	11	41	460.02
2.094395	1.448123	-2.163292	169	19	46	460.00
2.879793	2.299159	2.264663	175	12	42	459.99
0.523599	0.992645	-1.723759	175	28	46	459.99
-3.141593	0.762244	-0.273349	167	14	38	459.98
1.832596	2.295480	1.008277	172	23	42	459.98
-2.617994	0.619654	-2.216909	167	9	40	459.97
-2.356194	1.448123	-2.163292	170	10	45	459.95
0.000000	1.488617	1.159546	178	14	46	459.94
-1.570796	0.674054	1.013609	175	9	37	459.93
-1.047198	1.809167	1.213774	175	12	40	459.92
0.785398	1.417623	-0.202254	166	7	37	459.90
-0.785398	1.869911	2.701025	175	9	37	459.87
-1.308997	2.104282	-0.813972	54	173	167	459.87
0.261799	0.864993	2.278281	167	24	41	459.86
2.356194	0.914445	2.687814	29	176	6	459.86
-2.094395	2.104282	-0.813972	170	20	39	459.84
2.356194	0.709924	0.218797	172	21	43	459.77
-2.617994	2.356369	3.005869	167	1	36	459.73
-2.356194	2.719179	-1.780644	169	27	45	459.72
2.617994	0.866955	-0.931351	183	17	51	459.70
-2.879793	0.850607	-1.335383	172	13	39	459.70
-0.523599	1.869911	2.701025	164	24	39	459.69
2.879793	0.458961	-0.107937	174	26	37	459.67
-2.094395	1.982574	-1.115518	177	29	48	459.67
-3.141593	1.510910	-0.740472	181	7	41	459.60
-0.523599	1.450119	-2.739050	177	16	43	459.59
2.356194	1.982574	-1.115518	175	15	45	459.57
2.617994	1.113094	-0.272241	186	13	44	459.55
-1.308997	1.574060	2.783565	177	18	43	459.49
-2.879793	1.413347	-1.339188	174	17	44	459.48
2.617994	2.187132	-0.479875	185	18	47	459.47
1.570796	1.433411	-1.035986	177	10	49	459.44
-1.570796	2.299159	2.264663	175	14	42	459.43
2.879793	1.448123	-2.163292	172	16	50	459.41
-2.879793	1.683268	0.374177	161	167	6	459.41
2.356194	0.591903	2.010408	176	19	43	459.39
-2.617994	1.168678	2.108595	178	20	44	459.38
2.356194	1.721184	-0.153948	172	9	38	459.38
-2.879793	1.606104	-0.451151	184	26	45	459.37
-2.094395	2.349581	-2.702517	171	3	42	459.35
0.261799	2.299159	2.264663	174	16	47	459.34
-0.261799	2.063651	-2.044600	48	185	174	459.25
1.570796	1.875281	0.107086	171	5	35	459.23
-1.047198	2.108018	1.311430	51	179	173	459.23
0.261799	1.301460	-0.509251	169	12	45	459.22
2.879793	2.174483	2.653697	181	22	44	459.22
2.356194	1.195355	1.200319	170	14	46	459.21
-3.141593	1.301460	-0.509251	184	20	46	459.20
-0.261799	1.218453	2.777284	164	25	37	459.19
-0.261799	2.587733	0.232235	174	16	41	459.18
-2.094395	0.906588	1.252948	176	26	40	459.09
-2.879793	0.571433	-1.188419	182	12	49	459.08
1.832596	1.325504	-1.671296	175	20	51	459.07
0.000000	2.041297	-2.664597	179	19	44	459.05
1.047198	0.831641	0.616218	177	24	44	459.00
1.570796	0.709924	0.218797	175	26	42	459.00
1.570796	0.418037	1.360082	169	9	37	458.96
2.094395	0.418037	1.360082	167	19	39	458.94
1.047198	1.168678	2.108595	166	14	41	458.94
2.617994	1.433411	-1.035986	33	176	11	458.93
-2.617994	1.504028	0.636812	168	6	41	458.91
2.879793	1.948085	-2.363031	169	12	40	458.91
-2.617994	1.909857	-0.381669	179	23	42	458.90
1.832596	2.138223	1.678323	184	16	50	458.89
-1.047198	1.504028	0.636812	184	18	48	458.89
1.047198	2.251330	-2.330739	173	16	41	458.85
0.000000	1.662363	0.915448	182	14	48	458.85
-3.141593	1.736875	3.023612	170	16	41	458.84
0.785398	1.982574	-1.115518	52	174	181	458.79
2.879793	0.709924	0.218797	170	12	42	458.77
-0.785398	0.866395	-2.492918	176	21	42	458.76
1.570796	2.396274	-1.959260	176	23	45	458.70
1.832596	0.496451	0.593859	34	175	6	458.69
-0.261799	1.812176	0.656819	172	22	37	458.68
-2.356194	0.914445	2.687814	174	14	41	458.67
-0.523599	0.866395	-2.492918	176	18	42	458.65
1.308997	2.299159	2.264663	179	6	44	458.64
-1.832596	1.606104	-0.451151	177	6	38	458.63
0.523599	1.335669	0.897240	183	21	49	458.63
-2.879793	2.089241	-0.114193	169	12	38	458.60
-1.047198	1.506530	1.988858	180	23	49	458.59
0.785398	1.699788	2.452890	173	12	47	458.52
-0.261799	0.914445	2.687814	169	33	40	458.51
-2.617994	1.812176	0.656819	178	24	47	458.48
2.879793	1.809167	1.213774	171	13	41	458.39
-0.785398	1.135813	-2.658866	173	18	40	458.35
0.000000	2.063651	-2.044600	174	15	41	458.34
1.047198	1.977582	0.969896	185	27	49	458.33
2.356194	2.704512	1.488683	178	20	45	458.32
1.832596	2.664082	-1.071402	172	14	40	458.28
-0.785398	1.510910	-0.740472	177	35	46	458.25
-0.261799	2.760637	2.781135	170	22	43	458.24
0.785398	0.297065	2.160177	161	22	33	458.22
2.094395	1.134796	2.434290	175	14	44	458.19
2.094395	0.379747	-1.713059	170	18	45	458.18
1.570796	0.709924	0.218797	176	28	42	458.17
2.879793	0.914445	2.687814	177	17	43	458.14
-2.617994	2.592629	0.909713	162	20	38	458.14
1.570796	1.869911	2.701025	175	8	42	458.10
1.832596	2.349581	-2.702517	180	30	45	458.07
0.000000	2.153910	-1.714959	18	18	10	458.07
2.094395	2.587733	0.232235	179	34	42	458.04
-2.094395	2.881233	-2.582574	168	13	42	458.01
-1.308997	1.195355	1.200319	183	15	44	458.00
-2.879793	2.637879	2.121598	173	13	39	457.97
2.617994	1.617114	-1.572037	182	15	54	457.95
-1.308997	2.979456	-1.009304	164	24	40	457.95
-0.785398	1.662363	0.915448	177	13	45	457.91
-2.617994	0.866395	-2.492918	166	8	39	457.91
-0.785398	1.184361	0.625864	188	19	48	457.85
-1.570796	1.325504	-1.671296	177	14	49	457.85
1.832596	0.864993	2.278281	179	20	44	457.84
-0.523599	0.709924	0.218797	170	24	44	457.83
-1.047198	0.910508	1.903534	182	19	43	457.83
-1.832596	0.379747	-1.713059	175	12	41	457.79
1.047198	0.762244	-0.273349	170	8	43	457.74
0.523599	1.732874	-0.951685	178	26	46	457.73
0.000000	2.704512	1.488683	180	25	45	457.73
0.000000	1.214854	-1.966664	179	20	46	457.72
-1.308997	0.700570	1.559208	172	23	41	457.69
-0.523599	1.948085	-2.363031	178	10	43	457.68
1.832596	2.153910	-1.714959	190	24	53	457.67
-0.523599	1.574060	2.783565	169	20	39	457.65
-2.094395	1.135813	-2.658866	28	190	5	457.64
-0.523599	1.872854	1.543456	174	19	46	457.64
-1.570796	0.992645	-1.723759	182	15	49	457.63
0.785398	0.700570	1.559208	172	20	44	457.62
0.523599	1.721184	-0.153948	170	21	42	457.61
-2.617994	1.904882	-1.478089	173	21	47	457.60
-2.094395	2.379497	0.561089	164	166	8	457.56
-1.308997	1.135834	-1.431087	185	18	51	457.56
1.047198	1.168678	2.108595	165	15	41	457.50
-2.356194	2.704512	1.488683	169	18	41	457.49
0.261799	2.664082	-1.071402	172	2	43	457.46
-2.094395	2.587733	0.232235	186	21	46	457.40
-2.879793	1.982574	-1.115518	176	11	43	457.39
1.308997	1.872854	1.543456	176	15	45	457.39
-2.617994	1.736875	3.023612	179	23	43	457.35
-2.879793	1.134497	-1.109631	181	18	50	457.33
1.308997	2.984978	1.954446	173	15	43	457.32
0.785398	2.979456	-1.009304	174	14	40	457.31
1.308997	2.299159	2.264663	178	6	43	457.30
2.617994	2.295480	1.008277	174	7	38	457.30
0.523599	2.073035	2.027405	20	16	17	457.26
1.047198	1.247695	1.809890	171	19	48	457.26
-0.523599	2.089241	-0.114193	167	17	39	457.25
2.879793	1.135834	-1.431087	176	13	48	457.22
0.000000	1.696674	-1.253233	172	19	49	457.22
1.308997	0.615174	-0.666022	173	12	47	457.21
1.570796	1.413347	-1.339188	179	18	51	457.21
1.570796	1.555207	1.708892	172	13	44	457.21
2.879793	0.700570	1.559208	178	4	45	457.20
0.261799	2.881233	-2.582574	168	17	38	457.15
-0.261799	2.164094	-2.991358	168	18	38	457.12
-1.308997	1.194549	-0.801900	173	18	45	457.10
1.308997	1.045978	0.343692	172	20	37	457.10
-2.617994	0.640596	-2.797608	166	7	36	457.05
-1.570796	0.914445	2.687814	169	17	36	456.95
1.047198	1.440580	2.260026	166	12	39	456.91
2.879793	0.992645	-1.723759	174	13	48	456.89
-2.617994	2.637879	2.121598	51	186	177	456.86
0.000000	1.413347	-1.339188	24	185	13	456.81
2.879793	1.025536	1.576859	177	5	46	456.81
-1.832596	0.960688	-0.577532	174	18	43	456.80
-1.308997	1.050534	3.042579	183	25	44	456.79
1.570796	1.766067	2.153843	175	8	45	456.78
1.047198	1.555207	1.708892	173	12	43	456.74
2.356194	2.104282	-0.813972	179	14	46	456.74
2.356194	1.134497	-1.109631	178	12	48	456.67
0.785398	1.836682	-0.676006	176	22	46	456.66
2.879793	1.948085	-2.363031	168	13	40	456.63
-3.141593	1.872854	1.543456	177	18	49	456.63
0.261799	2.407836	1.410646	177	9	43	456.58
0.000000	1.683268	0.374177	174	27	40	456.49
-0.261799	1.374601	-2.456031	174	14	40	456.47
1.047198	1.335669	0.897240	28	0	9	456.47
-1.570796	2.295480	1.008277	164	166	10	456.44
1.570796	2.299159	2.264663	171	12	38	456.42
2.356194	2.588535	-2.976617	172	15	42	456.41
-0.785398	1.440580	2.260026	175	11	38	456.40
2.617994	1.310100	1.488307	176	9	47	456.38
-0.523599	2.407836	1.410646	172	11	42	456.38
-0.785398	1.824694	1.850876	174	17	47	456.36
1.832596	2.174483	2.653697	170	16	39	456.35
0.000000	2.108018	1.311430	176	7	43	456.33
2.356194	1.875281	0.107086	179	29	44	456.27
-1.570796	0.864993	2.278281	167	19	35	456.25
1.047198	1.504028	0.636812	173	19	39	456.25
0.000000	1.417623	-0.202254	164	12	36	456.23
1.047198	2.104282	-0.813972	177	14	47	456.20
-3.141593	1.014500	0.906702	168	7	42	456.20
0.000000	2.138223	1.678323	49	178	166	456.17
2.094395	1.998705	2.370472	172	12	39	456.15
2.879793	0.496451	0.593859	185	20	44	456.13
2.879793	1.846342	-1.796954	175	15	47	456.12
0.000000	1.413347	-1.339188	172	17	44	456.12
0.785398	1.014500	0.906702	180	24	48	456.11
1.308997	1.846342	-1.796954	184	22	54	456.11
2.356194	1.545873	-1.877082	176	20	53	456.09
1.308997	0.674054	1.013609	171	16	42	456.07
2.094395	1.998705	2.370472	174	11	40	456.05
-1.570796	2.295480	1.008277	177	10	47	456.04
2.356194	2.664082	-1.071402	177	13	43	456.02
-1.832596	0.960688	-0.577532	177	24	46	455.97
2.617994	1.904882	-1.478089	173	15	45	455.96
0.000000	2.664082	-1.071402	174	16	46	455.94
0.523599	1.113094	-0.272241	170	9	44	455.86
2.617994	1.134497	-1.109631	177	8	43	455.85
0.000000	0.831641	0.616218	184	25	43	455.79
-2.094395	1.256302	0.062705	54	184	172	455.78
1.570796	1.134796	2.434290	171	14	43	455.76
2.094395	2.456751	-1.503343	53	178	179	455.75
2.356194	1.998705	2.370472	178	16	45	455.75
1.308997	1.736875	3.023612	49	175	180	455.74
0.785398	1.134796	2.434290	167	11	42	455.72
0.523599	1.440580	2.260026	172	18	49	455.67
-2.356194	2.984978	1.954446	177	22	45	455.65
0.000000	0.914445	2.687814	164	24	37	455.62
-2.617994	1.128190	-2.288622	167	10	42	455.59
-2.617994	1.168678	2.108595	173	17	41	455.59
1.832596	1.218453	2.777284	29	6	1	455.57
1.570796	1.301460	-0.509251	187	37	36	455.53
1.308997	2.299159	2.264663	170	21	40	455.53
-2.617994	1.025536	1.576859	172	13	39	455.50
2.879793	1.658653	-2.409879	167	14	44	455.49
2.356194	2.174483	2.653697	172	11	39	455.48
2.617994	0.866395	-2.492918	168	23	43	455.48
-0.523599	0.929350	-2.910676	176	14	40	455.47
0.261799	1.391910	3.030322	165	16	38	455.47
0.785398	0.899350	-2.069907	175	15	42	455.44
1.832596	0.929350	-2.910676	171	27	41	455.43
-0.523599	2.664082	-1.071402	168	15	46	455.42
-0.523599	0.864993	2.278281	178	13	40	455.41
-1.832596	0.379747	-1.713059	177	12	44	455.40
0.523599	1.948085	-2.363031	175	15	41	455.33
0.523599	1.504028	0.636812	182	17	45	455.33
0.000000	1.545873	-1.877082	188	27	53	455.30
1.832596	0.640596	-2.797608	168	25	39	455.29
-1.832596	1.574060	2.783565	178	20	43	455.23
-1.047198	2.592629	0.909713	184	22	45	455.20
-2.094395	2.349581	-2.702517	178	21	44	455.17
-1.570796	1.732874	-0.951685	178	31	48	455.15
0.261799	1.683268	0.374177	173	24	40	455.11
-2.879793	1.025536	1.576859	182	31	38	455.11
0.000000	1.617114	-1.572037	182	26	54	455.09
0.523599	2.138223	1.678323	48	183	165	455.06
2.617994	1.135834	-1.431087	176	15	49	455.04
-0.785398	1.506530	1.988858	179	22	49	454.96
0.523599	1.184361	0.625864	179	11	41	454.96
-0.523599	2.760637	2.781135	161	19	34	454.93
-2.617994	2.247462	0.191623	169	7	39	454.92
-3.141593	2.115563	0.685730	56	179	167	454.92
-2.094395	1.721184	-0.153948	171	6	37	454.90
2.879793	1.554776	0.100351	166	16	37	454.87
0.785398	1.554776	0.100351	173	22	41	454.87
1.832596	1.374601	-2.456031	168	21	38	454.85
-1.570796	0.914445	2.687814	176	18	42	454.85
-1.570796	1.194549	-0.801900	172	21	45	454.75
2.356194	1.766067	2.153843	174	11	41	454.74
-2.094395	1.113094	-0.272241	174	4	38	454.70
-0.261799	2.664082	-1.071402	173	19	46	454.63
-1.308997	1.128190	-2.288622	178	6	43	454.63
0.261799	1.506530	1.988858	170	12	40	454.62
1.832596	2.089241	-0.114193	180	27	42	454.61
1.832596	1.574060	2.783565	171	20	40	454.61
-2.879793	0.906588	1.252948	180	6	46	454.61
2.879793	0.914445	2.687814	176	17	42	454.59
-3.141593	1.367556	0.358405	168	17	42	454.59
-1.047198	1.599406	1.426070	49	172	182	454.57
0.523599	1.699788	2.452890	171	14	47	454.56
0.000000	1.683268	0.374177	172	21	39	454.54
-1.047198	2.719179	-1.780644	54	179	168	454.54
0.523599	2.108018	1.311430	177	11	44	454.53
-1.047198	2.592629	0.909713	167	10	37	454.47
-3.141593	1.488617	1.159546	171	11	43	454.46
0.000000	1.904882	-1.478089	177	14	49	454.39
1.047198	0.700570	1.559208	169	26	43	454.36
-2.617994	0.866395	-2.492918	167	7	39	454.35
2.356194	1.413430	2.550734	174	11	40	454.34
2.356194	1.846342	-1.796954	179	17	50	454.33
-3.141593	2.073035	2.027405	190	25	50	454.33
-2.094395	1.025536	1.576859	176	16	42	454.30
2.094395	1.766067	2.153843	172	11	39	454.29
-2.879793	0.929350	-2.910676	176	15	44	454.29
0.000000	1.909857	-0.381669	163	18	41	454.28
-0.785398	2.579248	-2.364801	178	10	45	454.27
-1.308997	2.089241	-0.114193	178	24	43	454.27
1.047198	1.617114	-1.572037	175	17	50	454.26
2.617994	0.640596	-2.797608	168	30	40	454.25
1.308997	0.899350	-2.069907	171	20	42	454.22
1.047198	0.379747	-1.713059	171	27	43	454.22
-0.261799	1.696674	-1.253233	177	8	46	454.20
1.047198	0.709924	0.218797	180	29	42	454.19
-2.617994	1.846342	-1.796954	177	15	51	454.19
1.308997	2.984978	1.954446	170	14	37	454.14
-2.094395	1.301460	-0.509251	172	22	42	454.14
2.356194	1.335669	0.897240	169	24	46	454.13
1.832596	1.554776	0.100351	25	185	5	454.13
1.570796	2.033014	2.977192	172	10	38	454.05
0.523599	1.872854	1.543456	181	17	51	454.02
-2.617994	2.587733	0.232235	166	9	37	454.02
0.785398	1.696674	-1.253233	173	14	49	454.00
0.261799	1.699788	2.452890	171	17	47	453.98
-2.617994	0.379747	-1.713059	169	29	31	453.97
-2.094395	2.295480	1.008277	39	2	191	453.96
-1.308997	1.134497	-1.109631	178	17	50	453.96
-1.308997	1.050534	3.042579	175	19	42	453.92
2.617994	2.033014	2.977192	170	22	40	453.89
2.617994	1.909857	-0.381669	190	22	44	453.87
0.261799	2.001437	0.381215	164	23	34	453.85
-0.785398	1.574060	2.783565	176	21	44	453.83
0.261799	2.664082	-1.071402	173	2	43	453.82
-1.832596	2.115563	0.685730	173	19	46	453.80
1.308997	1.135834	-1.431087	24	188	13	453.76
1.570796	0.418037	1.360082	36	173	4	453.72
-2.617994	1.247695	1.809890	174	15	42	453.69
-1.570796	2.104282	-0.813972	178	31	47	453.66
2.356194	1.699788	2.452890	176	14	43	453.66
2.879793	2.478122	2.609777	177	12	43	453.65
1.832596	2.164094	-2.991358	175	31	42	453.62
0.523599	2.138223	1.678323	176	11	45	453.60
2.617994	0.961715	0.014085	169	13	36	453.59
2.617994	0.290380	-0.796960	181	8	47	453.53
-1.047198	1.310100	1.488307	174	24	36	453.52
-1.047198	0.762244	-0.273349	179	28	48	453.52
-1.570796	1.741644	-2.695914	172	9	37	453.50
-2.879793	1.214854	-1.966664	169	12	43	453.49
-1.308997	0.290380	-0.796960	189	22	47	453.47
0.000000	0.080730	-2.622036	56	184	173	453.43
2.356194	2.041297	-2.664597	169	21	41	453.42
-3.141593	1.242974	-2.977882	162	8	35	453.40
1.832596	1.135813	-2.658866	173	23	44	453.39
2.094395	2.664082	-1.071402	173	13	40	453.38
2.356194	1.510910	-0.740472	182	17	46	453.35
-1.832596	2.251330	-2.330739	173	5	46	453.27
-0.523599	1.741644	-2.695914	181	17	44	453.27
-1.047198	1.367556	0.358405	187	13	47	453.23
2.617994	1.113094	-0.272241	169	18	38	453.22
-1.308997	1.050534	3.042579	176	18	42	453.22
-1.047198	2.407836	1.410646	177	13	49	453.15
2.879793	0.929350	-2.910676	169	15	41	453.14
-2.356194	1.846342	-1.796954	170	15	45	453.12
2.094395	0.762244	-0.273349	168	24	36	453.02
0.785398	1.504028	0.636812	172	20	38	453.00
0.785398	2.187132	-0.479875	167	3	39	452.93
2.617994	1.488617	1.159546	173	20	50	452.93
-1.047198	1.870545	-2.976234	171	15	38	452.90
1.832596	2.295480	1.008277	185	29	48	452.89
0.000000	2.456751	-1.503343	172	10	41	452.86
2.356194	1.504028	0.636812	169	19	43	452.85
2.879793	1.367556	0.358405	175	20	47	452.81
-2.617994	1.977582	0.969896	167	14	43	452.81
1.308997	1.756530	-2.105156	180	14	45	452.81
1.570796	2.393226	1.857173	174	19	43	452.80
-0.261799	1.569311	-3.003978	174	18	42	452.79
-1.047198	1.504028	0.636812	183	14	48	452.78
1.832596	1.909857	-0.381669	177	13	45	452.74
-1.308997	1.433411	-1.035986	180	27	50	452.74
-1.570796	1.325504	-1.671296	173	9	46	452.73
2.356194	1.569311	-3.003978	166	18	35	452.70
-0.523599	2.343981	-1.040456	168	14	45	452.69
-1.570796	1.998705	2.370472	173	18	42	452.65
1.570796	1.256302	0.062705	173	11	38	452.56
2.617994	1.448123	-2.163292	169	13	47	452.55
-2.617994	1.504028	0.636812	169	10	43	452.49
-0.785398	0.290380	-0.796960	185	25	47	452.45
0.000000	1.732874	-0.951685	51	186	163	452.44
0.000000	1.982574	-1.115518	48	189	161	452.42
-1.308997	1.391910	3.030322	174	16	41	452.41
-1.047198	0.906588	1.252948	171	19	40	452.39
-1.047198	1.310100	1.488307	179	13	41	452.34
-1.570796	1.504028	0.636812	182	18	48	452.33
0.523599	1.335669	0.897240	178	17	45	452.33
-2.879793	2.187132	-0.479875	170	16	39	452.33
2.879793	2.251330	-2.330739	52	173	175	452.31
-3.141593	1.325504	-1.671296	176	7	42	452.29
-2.617994	1.909857	-0.381669	183	16	44	452.28
2.617994	0.910508	1.903534	181	25	43	452.27
1.832596	1.391910	3.030322	170	8	35	452.24
0.000000	2.719179	-1.780644	179	20	45	452.23
-0.261799	2.587733	0.232235	31	179	6	452.21
2.094395	0.290380	-0.796960	172	6	43	452.17
2.617994	1.909857	-0.381669	175	9	40	452.09
-2.356194	1.448123	-2.163292	52	179	168	452.09
2.879793	2.478122	2.609777	168	13	38	452.07
2.617994	1.696674	-1.253233	178	16	47	452.06
1.832596	2.299159	2.264663	170	17	40	452.05
2.094395	1.450119	-2.739050	174	10	38	452.05
2.879793	1.025536	1.576859	180	10	49	452.01
-3.141593	0.866955	-0.931351	185	19	51	452.00
-0.523599	0.080730	-2.622036	181	10	41	451.99
-0.261799	2.664082	-1.071402	173	17	46	451.96
-1.832596	0.733948	3.021411	170	20	39	451.96
-1.570796	2.455966	-0.641220	181	25	47	451.95
2.879793	1.555207	1.708892	177	14	48	451.91
1.308997	1.506530	1.988858	169	12	42	451.91
-1.832596	0.418037	1.360082	56	174	177	451.91
1.570796	2.704512	1.488683	169	13	39	451.88
2.617994	1.135834	-1.431087	180	6	49	451.87
0.785398	1.218453	2.777284	174	23	43	451.86
1.308997	2.587733	0.232235	171	8	40	451.81
-3.141593	0.961715	0.014085	167	13	38	451.80
1.832596	2.704512	1.488683	179	23	45	451.79
-1.308997	1.510910	-0.740472	168	18	42	451.77
1.832596	0.850607	-1.335383	169	13	45	451.76
2.617994	1.869911	2.701025	172	11	38	451.76
1.308997	1.135813	-2.658866	174	26	43	451.75
-3.141593	2.187132	-0.479875	188	28	43	451.73
-1.308997	0.762244	-0.273349	175	15	40	451.70
2.617994	1.506530	1.988858	174	11	41	451.69
-1.047198	0.619654	-2.216909	177	7	40	451.67
-2.879793	2.588535	-2.976617	171	25	42	451.66
-2.356194	1.506530	1.988858	175	17	43	451.65
-2.879793	2.251330	-2.330739	172	9	41	451.62
2.356194	2.478122	2.609777	178	16	45	451.60
-2.879793	0.297065	2.160177	173	11	37	451.59
-0.261799	1.756530	-2.105156	178	13	44	451.59
-0.523599	1.870545	-2.976234	172	18	40	451.53
-1.047198	1.662363	0.915448	180	9	41	451.50
-0.261799	0.618092	2.539118	167	32	37	451.50
1.570796	1.301460	-0.509251	178	6	44	451.46
-3.141593	1.045978	0.343692	163	14	36	451.42
-1.047198	0.864993	2.278281	170	14	37	451.36
-1.832596	2.247462	0.191623	168	10	39	451.33
2.617994	2.724429	-0.348782	165	17	37	451.32
1.047198	1.184361	0.625864	172	19	37	451.31
0.261799	1.504028	0.636812	176	11	39	451.31
0.785398	1.824694	1.850876	175	14	48	451.30
0.261799	1.218453	2.777284	163	16	37	451.29
2.094395	2.174483	2.653697	175	14	43	451.26
1.047198	1.766067	2.153843	169	12	43	451.22
-1.047198	2.108018	1.311430	180	10	50	451.22
2.879793	1.696674	-1.253233	180	14	47	451.18
-1.832596	2.356369	3.005869	181	31	43	451.14
2.356194	1.504028	0.636812	40	177	0	451.13
-1.308997	1.555207	1.708892	184	18	51	451.11
0.785398	1.869911	2.701025	52	182	172	451.10
2.879793	1.014500	0.906702	167	9	39	451.08
0.523599	2.063651	-2.044600	179	13	45	451.04
-2.094395	1.809167	1.213774	172	10	40	451.03
2.617994	2.863997	0.549740	174	20	44	451.00
1.832596	1.448123	-2.163292	171	22	47	450.99
-1.832596	1.335669	0.897240	51	186	168	450.97
-0.523599	0.709924	0.218797	169	18	43	450.96
-2.094395	1.812176	0.656819	177	22	47	450.96
-2.094395	2.251330	-2.330739	170	8	46	450.94
-2.356194	0.850607	-1.335383	181	20	50	450.93
2.356194	2.396274	-1.959260	175	20	45	450.93
2.356194	1.014500	0.906702	167	12	37	450.86
-1.308997	1.721184	-0.153948	168	17	37	450.85
0.785398	2.115563	0.685730	189	30	46	450.83
-1.308997	1.168678	2.108595	185	20	46	450.82
1.570796	1.247695	1.809890	171	14	48	450.81
-2.356194	1.450119	-2.739050	26	1	4	450.80
-2.879793	2.592629	0.909713	169	16	41	450.77
2.617994	1.909857	-0.381669	176	8	40	450.77
-1.308997	1.812176	0.656819	179	16	47	450.73
0.785398	1.846342	-1.796954	185	21	54	450.70
-0.523599	0.906588	1.252948	173	13	40	450.65
-3.141593	1.113094	-0.272241	168	15	38	450.60
1.832596	1.135813	-2.658866	172	25	44	450.50
0.000000	2.863997	0.549740	54	177	175	450.49
2.094395	0.203748	0.590255	175	25	39	450.44
2.356194	2.404280	-0.174044	171	11	37	450.43
2.094395	1.741644	-2.695914	170	22	41	450.43
-0.261799	0.733948	3.021411	167	25	37	450.38
0.785398	2.587733	0.232235	171	14	43	450.37
-2.356194	2.251330	-2.330739	167	11	45	450.36
1.308997	1.948085	-2.363031	179	21	45	450.36
0.000000	1.413430	2.550734	166	19	41	450.35
-0.261799	2.404280	-0.174044	163	23	39	450.33
-2.617994	2.984978	1.954446	177	13	43	450.31
0.523599	1.367556	0.358405	173	7	39	450.29
-1.047198	1.488617	1.159546	173	19	37	450.29
-2.617994	1.247695	1.809890	36	173	10	450.28
-0.785398	1.869911	2.701025	168	27	42	450.26
1.832596	2.073035	2.027405	173	14	41	450.26
-2.617994	2.164094	-2.991358	166	4	38	450.13
1.308997	1.617114	-1.572037	176	15	51	450.12
-0.261799	2.180315	-1.357379	47	191	162	450.12
-1.047198	1.662363	0.915448	179	10	41	450.10
-2.617994	1.195355	1.200319	172	9	39	450.10
2.094395	1.325504	-1.671296	172	10	47	450.09
0.000000	0.571433	-1.188419	177	22	44	450.04
2.617994	1.134796	2.434290	179	11	44	450.04
-1.047198	1.721184	-0.153948	166	19	38	450.00
-1.308997	1.599406	1.426070	179	10	42	449.98
2.094395	1.662363	0.915448	171	19	42	449.98
1.570796	2.033014	2.977192	176	15	43	449.94
1.832596	2.104282	-0.813972	33	174	10	449.89
2.356194	1.134497	-1.109631	181	2	46	449.82
-1.832596	1.374601	-2.456031	176	4	43	449.81
-1.047198	1.699788	2.452890	178	21	46	449.78
-1.570796	2.104282	-0.813972	172	25	45	449.75
2.879793	2.579248	-2.364801	170	13	40	449.74
-3.141593	1.025536	1.576859	48	175	172	449.74
2.356194	1.554776	0.100351	172	20	41	449.73
-2.879793	1.391910	3.030322	172	18	41	449.71
1.047198	1.545873	-1.877082	177	23	50	449.67
0.785398	1.247695	1.809890	173	11	44	449.65
1.832596	2.404280	-0.174044	171	12	38	449.62
1.308997	2.587733	0.232235	174	12	43	449.61
-1.047198	1.310100	1.488307	180	13	41	449.60
-1.047198	1.417623	-0.202254	169	21	42	449.60
-2.356194	1.242974	-2.977882	176	17	44	449.59
-2.356194	2.979456	-1.009304	177	9	39	449.58
1.047198	1.506530	1.988858	173	13	48	449.56
0.261799	0.419640	2.974122	173	22	41	449.55
2.617994	0.290380	-0.796960	177	3	41	449.52
2.094395	2.104282	-0.813972	177	15	46	449.51
-1.047198	1.977582	0.969896	50	182	169	449.46
-1.047198	1.433411	-1.035986	184	32	49	449.44
1.832596	0.929350	-2.910676	172	26	41	449.43
1.570796	1.998705	2.370472	176	5	40	449.42
-3.141593	1.128190	-2.288622	171	19	46	449.39
0.785398	1.195355	1.200319	29	191	10	449.38
0.523599	0.297065	2.160177	167	11	34	449.36
-1.308997	1.977582	0.969896	172	166	11	449.36
-1.832596	1.113094	-0.272241	174	22	44	449.35
-2.879793	1.413430	2.550734	175	17	41	449.33
2.094395	0.929350	-2.910676	170	24	41	449.32
-2.879793	0.762244	-0.273349	181	18	44	449.23
0.785398	2.396274	-1.959260	179	25	45	449.22
2.879793	0.203748	0.590255	178	22	42	449.22
-2.617994	1.256302	0.062705	37	181	3	449.20
-0.523599	0.709924	0.218797	168	17	40	449.12
0.523599	1.554776	0.100351	176	28	40	449.10
-1.570796	1.510910	-0.740472	169	21	43	449.05
-0.523599	2.588535	-2.976617	171	21	41	449.01
1.308997	2.187132	-0.479875	176	190	41	449.00
-1.308997	2.089241	-0.114193	180	8	41	448.98
0.261799	1.367556	0.358405	172	26	38	448.97
0.785398	1.870545	-2.976234	169	10	37	448.95
1.832596	2.073035	2.027405	169	16	38	448.93
0.261799	1.184361	0.625864	181	20	43	448.89
2.617994	0.640596	-2.797608	177	32	42	448.89
-2.879793	0.419640	2.974122	169	6	34	448.87
-2.879793	1.301460	-0.509251	184	24	47	448.83
0.785398	1.218453	2.777284	168	11	41	448.79
-1.047198	1.195355	1.200319	184	15	44	448.78
-2.879793	1.413347	-1.339188	178	22	51	448.78
-1.570796	1.374601	-2.456031	170	4	38	448.77
2.879793	2.001437	0.381215	178	25	46	448.76
2.356194	2.664082	-1.071402	182	22	47	448.75
2.879793	1.214854	-1.966664	50	182	164	448.71
-3.141593	2.138223	1.678323	175	19	45	448.67
0.261799	1.732874	-0.951685	49	188	163	448.62
-2.094395	2.063651	-2.044600	165	13	40	448.62
-1.047198	2.164094	-2.991358	171	12	36	448.58
-0.261799	0.850607	-1.335383	176	20	44	448.52
2.879793	1.699788	2.452890	184	19	47	448.50
1.308997	0.866395	-2.492918	173	25	43	448.46
-1.047198	0.709924	0.218797	176	14	40	448.44
-1.047198	2.579248	-2.364801	179	20	44	448.36
2.879793	2.153910	-1.714959	178	19	48	448.33
-1.570796	0.762244	-0.273349	179	22	46	448.29
0.261799	2.251330	-2.330739	179	21	44	448.28
0.785398	2.379497	0.561089	167	13	36	448.28
-2.617994	1.554776	0.100351	180	26	41	448.24
1.308997	2.295480	1.008277	180	24	45	448.21
0.261799	0.571433	-1.188419	22	14	17	448.20
-2.879793	0.619654	-2.216909	169	6	40	448.12
0.000000	1.391910	3.030322	170	23	41	448.11
-0.261799	1.050534	3.042579	172	20	41	448.10
-0.523599	0.961715	0.014085	40	176	3	448.10
0.261799	2.343981	-1.040456	172	6	45	448.08
2.617994	1.335669	0.897240	168	20	46	448.06
1.308997	0.640596	-2.797608	177	21	43	448.05
2.617994	2.704512	1.488683	178	21	45	448.02
-1.308997	1.045978	0.343692	173	22	43	447.96
0.261799	1.606104	-0.451151	172	24	43	447.90
-2.094395	1.256302	0.062705	174	4	35	447.86
-1.832596	1.977582	0.969896	176	23	47	447.86
-0.261799	1.569311	-3.003978	174	11	39	447.85
-3.141593	2.724429	-0.348782	181	17	46	447.85
1.570796	2.251330	-2.330739	189	32	50	447.83
2.094395	2.979456	-1.009304	163	19	37	447.80
-0.261799	0.733948	3.021411	179	17	43	447.80
-1.308997	0.674054	1.013609	166	22	34	447.80
2.879793	0.619654	-2.216909	169	17	45	447.77
1.047198	1.870545	-2.976234	172	8	38	447.73
2.617994	1.214854	-1.966664	50	180	164	447.72
1.570796	1.736875	3.023612	173	14	41	447.71
0.785398	0.866955	-0.931351	174	18	48	447.70
2.879793	1.310100	1.488307	177	10	49	447.70
1.308997	1.696674	-1.253233	175	9	49	447.69
-2.617994	1.367556	0.358405	170	11	41	447.66
-0.261799	0.370812	-2.547742	171	20	39	447.65
-0.785398	1.998705	2.370472	169	22	45	447.62
-3.141593	2.251330	-2.330739	171	9	39	447.61
-0.523599	2.089241	-0.114193	167	21	39	447.59
-2.356194	0.992645	-1.723759	174	9	44	447.59
0.785398	1.256302	0.062705	186	26	44	447.58
1.047198	0.297065	2.160177	161	17	34	447.57
-1.832596	1.741644	-2.695914	176	8	43	447.53
-3.141593	2.073035	2.027405	177	20	46	447.49
-1.308997	2.579248	-2.364801	50	178	181	447.49
1.570796	2.393226	1.857173	173	18	42	447.49
-0.523599	1.617114	-1.572037	180	20	51	447.48
0.000000	2.251330	-2.330739	55	168	180	447.47
1.308997	2.153910	-1.714959	182	15	48	447.41
1.832596	1.506530	1.988858	176	8	46	447.40
-0.785398	0.831641	0.616218	165	18	37	447.38
2.094395	0.370812	-2.547742	166	17	37	447.36
-2.879793	0.866395	-2.492918	165	11	40	447.35
-2.879793	1.736875	3.023612	171	13	41	447.34
-1.832596	0.290380	-0.796960	1	21	48	447.33
-1.832596	2.247462	0.191623	167	10	38	447.31
2.094395	1.948085	-2.363031	171	19	41	447.30
-2.617994	0.899350	-2.069907	167	11	41	447.26
-1.570796	0.619654	-2.216909	172	11	40	447.26
0.785398	1.488617	1.159546	182	26	49	447.22
-1.047198	1.367556	0.358405	169	20	40	447.17
0.523599	0.992645	-1.723759	174	31	46	447.15
-1.308997	1.433411	-1.035986	173	16	48	447.15
1.570796	2.073035	2.027405	178	9	44	447.15
2.356194	2.664082	-1.071402	177	14	43	447.11
2.617994	1.335669	0.897240	169	22	46	447.07
-0.523599	2.579248	-2.364801	48	163	184	447.04
-2.094395	1.168678	2.108595	188	20	47	447.01
1.308997	1.617114	-1.572037	176	16	50	446.99
2.879793	0.496451	0.593859	162	12	34	446.96
-0.785398	2.299159	2.264663	170	12	38	446.95
-1.832596	1.658653	-2.409879	180	15	47	446.93
0.523599	1.134796	2.434290	166	16	42	446.93
2.617994	0.992645	-1.723759	49	183	163	446.88
-1.308997	1.367556	0.358405	185	12	47	446.87
-2.617994	1.870545	-2.976234	170	7	40	446.85
2.094395	1.574060	2.783565	174	13	41	446.84
-0.261799	0.080730	-2.622036	177	19	41	446.83
0.000000	0.080730	-2.622036	172	19	38	446.82
-1.047198	1.699788	2.452890	28	189	9	446.78
1.570796	0.866395	-2.492918	170	16	36	446.76
-2.617994	1.113094	-0.272241	169	9	38	446.70
0.261799	0.906588	1.252948	177	24	47	446.69
2.094395	1.545873	-1.877082	177	22	53	446.67
-1.832596	1.113094	-0.272241	174	21	43	446.66
0.523599	2.719179	-1.780644	172	13	38	446.65
1.047198	1.510910	-0.740472	172	12	46	446.64
2.879793	0.674054	1.013609	170	12	41	446.62
0.000000	1.872854	1.543456	173	10	43	446.53
-1.308997	2.251330	-2.330739	173	14	44	446.53
-1.308997	1.870545	-2.976234	176	14	42	446.52
2.094395	1.504028	0.636812	174	25	46	446.48
0.261799	2.863997	0.549740	161	24	34	446.47
2.356194	1.721184	-0.153948	173	24	42	446.47
1.308997	2.104282	-0.813972	176	13	46	446.46
-0.261799	1.134497	-1.109631	179	24	51	446.44
0.261799	1.134497	-1.109631	170	16	41	446.42
0.523599	1.450119	-2.739050	176	21	42	446.40
-0.523599	1.824694	1.850876	177	16	50	446.39
-2.094395	2.115563	0.685730	175	9	46	446.36
-2.094395	1.846342	-1.796954	167	15	44	446.36
0.261799	1.872854	1.543456	174	10	44	446.32
-1.308997	1.367556	0.358405	169	18	37	446.27
1.308997	1.128190	-2.288622	173	15	39	446.26
-2.094395	2.404280	-0.174044	180	15	43	446.22
-0.261799	2.724429	-0.348782	165	25	41	446.21
-1.832596	1.128190	-2.288622	27	0	5	446.18
1.308997	2.579248	-2.364801	180	26	45	446.17
-1.832596	0.203748	0.590255	49	177	168	446.16
-1.570796	2.637879	2.121598	164	26	39	446.13
1.308997	2.393226	1.857173	51	173	184	446.12
2.356194	1.374601	-2.456031	167	25	46	446.07
2.879793	0.961715	0.014085	168	15	40	446.04
-1.570796	1.134497	-1.109631	173	15	43	446.02
-2.879793	2.588535	-2.976617	162	12	38	446.00
-0.523599	1.870545	-2.976234	172	11	36	445.98
-2.356194	0.866395	-2.492918	183	20	45	445.96
0.261799	1.413430	2.550734	166	15	41	445.96
0.785398	1.870545	-2.976234	172	21	41	445.95
-1.308997	2.719179	-1.780644	170	16	47	445.91
-1.832596	1.325504	-1.671296	182	16	51	445.89
-0.785398	1.195355	1.200319	179	22	46	445.89
-0.261799	1.809167	1.213774	176	12	45	445.82
1.047198	1.413347	-1.339188	170	15	48	445.74
0.523599	2.379497	0.561089	172	19	42	445.74
-2.356194	0.929350	-2.910676	181	20	44	445.72
1.308997	1.998705	2.370472	174	6	42	445.70
-2.617994	1.504028	0.636812	180	20	48	445.67
1.047198	1.045978	0.343692	183	13	43	445.64
1.570796	1.134796	2.434290	174	21	44	445.63
0.523599	2.295480	1.008277	175	21	43	445.63
1.570796	0.290380	-0.796960	169	12	44	445.62
-2.094395	1.846342	-1.796954	166	16	44	445.57
-2.617994	2.379497	0.561089	174	19	45	445.51
-2.617994	0.733948	3.021411	164	18	35	445.50
0.261799	1.875281	0.107086	170	13	39	445.43
-2.879793	1.662363	0.915448	170	16	48	445.41
2.617994	1.756530	-2.105156	168	14	40	445.37
-0.261799	1.599406	1.426070	178	22	48	445.33
-2.356194	1.824694	1.850876	178	12	44	445.29
-1.047198	1.909857	-0.381669	165	16	37	445.24
2.356194	1.836682	-0.676006	180	17	46	445.20
-1.570796	1.113094	-0.272241	182	2	38	445.16
1.308997	1.545873	-1.877082	176	22	49	445.15
0.785398	0.866955	-0.931351	172	15	47	445.11
1.832596	1.218453	2.777284	179	19	44	445.11
1.832596	2.456751	-1.503343	177	19	46	445.09
0.000000	1.504028	0.636812	172	22	37	445.02
-0.785398	1.194549	-0.801900	174	14	45	445.01
1.832596	1.134796	2.434290	176	19	44	445.01
2.094395	1.617114	-1.572037	180	16	54	445.00
1.832596	1.367556	0.358405	25	182	6	444.95
-3.141593	0.370812	-2.547742	172	25	44	444.94
-3.141593	2.251330	-2.330739	168	21	46	444.94
2.879793	1.756530	-2.105156	175	19	53	444.93
0.785398	1.869911	2.701025	173	10	44	444.82
-1.570796	1.195355	1.200319	183	17	46	444.76
-2.879793	0.640596	-2.797608	166	15	39	444.75
-0.523599	1.413430	2.550734	168	27	41	444.75
2.356194	2.592629	0.909713	182	30	47	444.74
-2.356194	1.683268	0.374177	170	12	41	444.73
0.523599	1.135813	-2.658866	174	15	41	444.72
2.356194	1.809167	1.213774	178	23	50	444.70
1.308997	1.134497	-1.109631	171	15	48	444.67
2.617994	2.089241	-0.114193	168	24	39	444.65
0.785398	1.440580	2.260026	52	183	172	444.65
2.094395	1.766067	2.153843	180	11	47	444.64
2.617994	1.545873	-1.877082	176	18	53	444.63
0.261799	0.831641	0.616218	174	11	42	444.62
0.785398	2.984978	1.954446	176	16	44	444.62
-2.356194	2.247462	0.191623	168	4	36	444.61
1.570796	2.455966	-0.641220	176	15	45	444.54
0.261799	2.251330	-2.330739	175	15	41	444.49
2.094395	2.984978	1.954446	179	18	46	444.46
0.000000	0.640596	-2.797608	179	24	43	444.45
-0.523599	1.554776	0.100351	179	28	41	444.39
-3.141593	0.290380	-0.796960	168	22	35	444.39
-2.879793	2.724429	-0.348782	178	15	44	444.37
1.570796	2.073035	2.027405	169	18	38	444.35
-1.570796	2.579248	-2.364801	171	3	44	444.31
2.356194	1.909857	-0.381669	182	12	46	444.30
-2.879793	0.929350	-2.910676	175	13	43	444.29
1.570796	1.982574	-1.115518	30	179	12	444.28
-1.308997	1.374601	-2.456031	178	14	45	444.26
2.617994	0.618092	2.539118	175	11	39	444.25
1.570796	1.256302	0.062705	175	20	39	444.22
-3.141593	1.195355	1.200319	173	8	47	444.21
-2.617994	1.554776	0.100351	169	11	39	444.17
2.617994	2.174483	2.653697	174	10	40	444.17
-0.523599	1.413347	-1.339188	176	16	49	444.11
1.832596	1.948085	-2.363031	175	22	44	444.06
1.570796	0.992645	-1.723759	167	20	47	444.01
-1.047198	1.909857	-0.381669	171	26	43	443.98
-2.094395	1.128190	-2.288622	183	24	45	443.98
1.832596	1.606104	-0.451151	177	16	44	443.93
2.879793	0.899350	-2.069907	171	9	44	443.92
2.617994	1.128190	-2.288622	171	24	46	443.90
-0.785398	1.545873	-1.877082	174	17	44	443.90
1.047198	2.180315	-1.357379	178	5	41	443.89
-1.832596	0.866395	-2.492918	183	16	46	443.86
1.570796	2.001437	0.381215	180	22	44	443.83
2.356194	1.658653	-2.409879	170	16	42	443.82
2.617994	1.846342	-1.796954	181	21	54	443.81
-0.785398	1.870545	-2.976234	178	31	41	443.79
0.261799	1.982574	-1.115518	171	12	49	443.78
-0.523599	1.433411	-1.035986	176	20	50	443.74
0.523599	1.977582	0.969896	180	10	43	443.67
0.523599	1.218453	2.777284	164	11	37	443.67
2.879793	2.455966	-0.641220	184	21	47	443.65
0.785398	1.869911	2.701025	173	11	44	443.65
-0.523599	0.910508	1.903534	171	25	39	443.64
-0.523599	0.370812	-2.547742	172	18	37	443.63
0.785398	2.979456	-1.009304	176	15	43	443.60
-3.141593	1.870545	-2.976234	162	11	36	443.57
-0.261799	1.948085	-2.363031	177	15	43	443.53
-2.617994	1.128190	-2.288622	182	22	46	443.52
-0.261799	1.982574	-1.115518	171	15	48	443.52
2.356194	2.180315	-1.357379	177	15	46	443.52
0.261799	1.948085	-2.363031	175	18	42	443.50
0.785398	1.982574	-1.115518	174	8	48	443.48
2.356194	1.836682	-0.676006	177	11	44	443.45
1.308997	2.407836	1.410646	50	183	175	443.45
-0.523599	2.719179	-1.780644	173	2	43	443.42
0.000000	1.391910	3.030322	162	18	33	443.38
-1.832596	1.658653	-2.409879	179	16	47	443.36
-1.832596	1.658653	-2.409879	173	5	42	443.36
-2.094395	1.662363	0.915448	177	7	48	443.36
-1.047198	1.135813	-2.658866	173	15	38	443.30
0.000000	1.756530	-2.105156	176	19	45	443.30
1.832596	2.637879	2.121598	168	14	38	443.26
-1.570796	0.762244	-0.273349	179	21	46	443.26
1.308997	1.875281	0.107086	181	26	43	443.25
-2.094395	2.115563	0.685730	173	21	46	443.24
0.785398	2.295480	1.008277	172	19	42	443.24
-3.141593	1.335669	0.897240	171	16	46	443.21
1.832596	2.063651	-2.044600	50	184	176	443.19
1.570796	2.407836	1.410646	175	21	43	443.18
2.879793	0.700570	1.559208	174	21	42	443.13
2.356194	1.545873	-1.877082	175	12	47	443.11
-2.356194	2.164094	-2.991358	173	11	43	443.10
0.261799	1.875281	0.107086	170	14	39	443.09
2.617994	2.478122	2.609777	167	20	38	443.08
-1.832596	0.203748	0.590255	181	22	44	443.01
-0.523599	0.458961	-0.107937	173	23	45	443.01
2.094395	1.869911	2.701025	49	182	174	443.01
-2.617994	1.374601	-2.456031	164	12	39	442.99
-2.879793	1.194549	-0.801900	180	19	46	442.97
2.879793	1.433411	-1.035986	177	20	45	442.95
-0.523599	1.875281	0.107086	165	15	36	442.95
1.308997	0.674054	1.013609	34	172	4	442.93
-0.523599	2.164094	-2.991358	171	16	38	442.91
1.832596	1.824694	1.850876	178	10	46	442.89
2.356194	1.417623	-0.202254	169	9	34	442.89
-3.141593	2.478122	2.609777	148	159	179	442.85
-2.617994	2.588535	-2.976617	164	7	38	442.85
0.261799	1.766067	2.153843	158	166	4	442.85
0.523599	1.554776	0.100351	188	27	44	442.83
1.308997	1.741644	-2.695914	169	18	38	442.80
-2.356194	1.756530	-2.105156	53	176	171	442.79
-2.617994	1.214854	-1.966664	168	14	45	442.78
-0.261799	1.325504	-1.671296	175	20	45	442.78
2.356194	2.396274	-1.959260	176	18	45	442.77
-0.523599	1.869911	2.701025	165	23	40	442.74
-0.785398	0.379747	-1.713059	169	18	36	442.74
1.047198	2.456751	-1.503343	176	18	44	442.74
-2.879793	2.251330	-2.330739	165	19	45	442.72
-3.141593	1.050534	3.042579	169	16	39	442.72
-0.785398	2.164094	-2.991358	170	12	35	442.70
-2.879793	1.812176	0.656819	176	21	47	442.68
-1.047198	1.247695	1.809890	187	23	50	442.67
-3.141593	2.587733	0.232235	165	16	39	442.64
2.617994	1.948085	-2.363031	168	15	40	442.60
0.261799	0.080730	-2.622036	171	19	39	442.60
2.356194	1.812176	0.656819	170	18	41	442.58
2.879793	1.977582	0.969896	172	28	48	442.57
-2.879793	2.033014	2.977192	166	7	36	442.54
-0.785398	1.699788	2.452890	177	10	40	442.50
-1.308997	1.025536	1.576859	176	26	37	442.45
0.261799	1.433411	-1.035986	30	172	10	442.44
0.000000	2.349581	-2.702517	170	25	40	442.44
-3.141593	2.356369	3.005869	170	22	41	442.43
-0.261799	1.050534	3.042579	163	24	33	442.41
0.785398	1.195355	1.200319	178	18	48	442.41
-0.523599	2.407836	1.410646	180	12	49	442.40
-1.832596	2.251330	-2.330739	55	184	169	442.36
0.000000	0.615174	-0.666022	166	25	41	442.36
-1.308997	0.831641	0.616218	175	23	44	442.35
-2.879793	2.001437	0.381215	158	171	6	442.34
-1.570796	1.977582	0.969896	169	166	11	442.32
-2.356194	0.591903	2.010408	25	11	21	442.24
1.832596	1.135834	-1.431087	49	176	168	442.23
-0.785398	1.450119	-2.739050	171	16	37	442.21
1.832596	1.014500	0.906702	175	15	46	442.20
-0.261799	0.640596	-2.797608	168	20	36	442.19
-3.141593	0.297065	2.160177	175	27	40	442.17
1.308997	2.295480	1.008277	176	19	44	442.16
2.879793	2.108018	1.311430	173	25	47	442.15
-2.094395	2.033014	2.977192	170	16	38	442.13
0.261799	1.870545	-2.976234	164	18	35	442.10
0.000000	1.113094	-0.272241	43	179	0	442.08
-1.047198	1.488617	1.159546	182	8	40	442.06
0.523599	0.618092	2.539118	162	18	36	442.05
-0.523599	1.413347	-1.339188	181	20	51	442.04
0.785398	1.683268	0.374177	185	24	46	442.01
1.308997	1.135834	-1.431087	167	15	45	441.99
-2.094395	2.001437	0.381215	171	6	40	441.96
-0.261799	1.433411	-1.035986	28	173	11	441.93
-1.308997	2.396274	-1.959260	174	7	48	441.93
-1.570796	1.998705	2.370472	175	18	43	441.85
-2.879793	2.587733	0.232235	165	12	38	441.79
2.356194	2.881233	-2.582574	176	19	45	441.79
0.000000	1.809167	1.213774	177	13	47	441.79
2.094395	1.998705	2.370472	173	13	41	441.78
-2.356194	0.866395	-2.492918	182	18	46	441.76
-2.617994	0.899350	-2.069907	169	10	44	441.76
-1.832596	1.510910	-0.740472	174	17	43	441.74
-0.785398	2.979456	-1.009304	165	18	41	441.71
1.308997	0.914445	2.687814	27	0	4	441.69
1.308997	0.700570	1.559208	170	9	38	441.68
1.832596	2.760637	2.781135	174	18	44	441.66
-0.261799	1.658653	-2.409879	176	13	42	441.65
2.617994	0.203748	0.590255	174	21	39	441.64
-0.785398	1.870545	-2.976234	176	19	42	441.62
0.785398	2.033014	2.977192	173	13	43	441.60
2.094395	1.875281	0.107086	177	24	44	441.60
-1.308997	1.599406	1.426070	181	13	48	441.57
2.879793	2.393226	1.857173	174	15	42	441.51
-0.785398	1.014500	0.906702	172	16	40	441.48
-1.308997	0.618092	2.539118	171	16	40	441.46
-0.261799	1.391910	3.030322	163	23	34	441.46
2.879793	2.251330	-2.330739	170	16	42	441.45
0.261799	1.683268	0.374177	185	16	45	441.40
1.308997	2.063651	-2.044600	182	24	50	441.33
-2.094395	1.242974	-2.977882	172	14	41	441.33
0.261799	0.831641	0.616218	183	25	45	441.31
-2.879793	2.299159	2.264663	181	24	46	441.30
0.261799	2.138223	1.678323	174	6	41	441.24
1.832596	2.637879	2.121598	22	13	28	441.22
-2.356194	1.869911	2.701025	188	25	46	441.20
-1.308997	2.396274	-1.959260	54	186	168	441.18
2.094395	2.455966	-0.641220	174	11	41	441.15
-3.141593	2.407836	1.410646	176	24	47	441.14
-0.523599	1.721184	-0.153948	171	22	43	441.13
-2.094395	2.478122	2.609777	176	23	43	441.09
-1.570796	1.367556	0.358405	179	6	39	441.08
2.356194	1.824694	1.850876	50	180	170	441.06
0.523599	1.440580	2.260026	167	10	38	441.05
1.047198	1.014500	0.906702	179	23	48	441.00
0.261799	2.407836	1.410646	174	9	41	440.89
2.617994	1.214854	-1.966664	175	22	49	440.81
1.308997	2.704512	1.488683	171	14	41	440.80
-0.261799	1.242974	-2.977882	167	19	35	440.78
-1.570796	1.448123	-2.163292	170	6	41	440.76
-0.261799	1.846342	-1.796954	49	170	182	440.74
1.570796	1.014500	0.906702	170	16	40	440.72
0.000000	1.450119	-2.739050	171	12	37	440.69
-1.308997	2.295480	1.008277	176	2	43	440.65
-0.261799	2.579248	-2.364801	179	19	44	440.63
-1.308997	1.909857	-0.381669	31	0	7	440.62
0.000000	2.396274	-1.959260	175	9	41	440.60
1.308997	2.664082	-1.071402	178	17	45	440.60
0.261799	1.948085	-2.363031	176	18	43	440.52
-2.094395	2.984978	1.954446	171	30	42	440.51
-2.356194	1.242974	-2.977882	177	18	44	440.48
-0.785398	2.579248	-2.364801	178	11	45	440.47
2.094395	1.218453	2.777284	179	11	44	440.46
1.570796	1.128190	-2.288622	173	13	38	440.45
-0.785398	1.184361	0.625864	171	18	41	440.44
0.261799	2.579248	-2.364801	170	21	40	440.43
-0.261799	0.762244	-0.273349	43	178	0	440.40
-1.047198	1.732874	-0.951685	179	30	49	440.33
2.094395	1.741644	-2.695914	175	12	41	440.32
-3.141593	1.184361	0.625864	25	174	7	440.31
0.261799	1.504028	0.636812	170	27	36	440.29
1.832596	1.696674	-1.253233	184	14	52	440.26
-1.570796	0.899350	-2.069907	179	9	47	440.21
2.094395	0.910508	1.903534	176	11	47	440.19
0.261799	1.554776	0.100351	169	4	37	440.19
-0.523599	2.404280	-0.174044	167	17	38	440.12
-2.879793	1.875281	0.107086	170	11	40	440.10
1.832596	0.866395	-2.492918	169	22	42	440.08
-0.523599	0.910508	1.903534	185	31	47	440.05
0.000000	1.417623	-0.202254	167	10	42	439.98
1.570796	0.674054	1.013609	171	14	42	439.95
2.094395	2.247462	0.191623	178	16	44	439.90
-1.832596	1.128190	-2.288622	180	17	46	439.86
2.879793	1.569311	-3.003978	163	18	38	439.79
-2.879793	2.760637	2.781135	165	4	36	439.79
1.308997	0.418037	1.360082	170	18	42	439.74
2.617994	0.914445	2.687814	175	18	42	439.72
-0.523599	1.450119	-2.739050	172	13	37	439.70
2.094395	2.379497	0.561089	181	33	45	439.68
2.094395	1.168678	2.108595	26	186	7	439.65
-1.832596	1.870545	-2.976234	176	7	42	439.64
-1.308997	1.184361	0.625864	170	19	38	439.62
1.047198	1.184361	0.625864	174	18	38	439.61
-1.832596	2.356369	3.005869	176	4	38	439.56
0.785398	2.863997	0.549740	177	17	46	439.55
1.308997	2.979456	-1.009304	169	18	38	439.55
1.832596	2.456751	-1.503343	173	15	42	439.54
0.000000	1.310100	1.488307	50	175	180	439.51
-3.141593	1.135813	-2.658866	167	23	41	439.49
0.785398	2.719179	-1.780644	168	19	37	439.46
2.879793	2.251330	-2.330739	171	10	40	439.43
0.000000	2.138223	1.678323	173	14	45	439.38
-1.308997	2.984978	1.954446	166	21	42	439.37
2.356194	1.168678	2.108595	185	9	49	439.33
-0.523599	1.545873	-1.877082	176	15	44	439.32
0.000000	2.404280	-0.174044	162	20	39	439.31
2.879793	0.615174	-0.666022	178	10	41	439.26
2.617994	0.929350	-2.910676	170	18	40	439.22
2.617994	2.343981	-1.040456	175	12	42	439.18
1.570796	1.413347	-1.339188	178	17	51	439.18
2.094395	2.455966	-0.641220	173	12	41	439.16
0.000000	1.413430	2.550734	170	26	45	439.14
1.832596	2.001437	0.381215	176	19	43	439.08
-2.617994	0.685216	-1.712745	177	15	49	439.07
-3.141593	2.174483	2.653697	166	14	36	439.06
-1.308997	2.138223	1.678323	174	11	42	439.00
1.570796	1.824694	1.850876	178	13	49	439.00
-2.879793	1.025536	1.576859	184	5	48	439.00
2.094395	1.721184	-0.153948	173	10	41	438.97
-2.356194	1.545873	-1.877082	169	15	46	438.93
0.261799	1.510910	-0.740472	54	181	167	438.83
1.047198	0.203748	0.590255	25	175	7	438.81
1.832596	0.571433	-1.188419	167	11	43	438.81
-2.356194	1.256302	0.062705	171	7	36	438.80
2.094395	2.041297	-2.664597	171	24	42	438.75
-1.832596	1.113094	-0.272241	175	23	44	438.75
-2.356194	0.992645	-1.723759	173	9	44	438.75
0.523599	1.872854	1.543456	45	184	160	438.67
-2.094395	0.866955	-0.931351	179	20	48	438.59
-2.094395	2.579248	-2.364801	170	15	47	438.59
-1.308997	2.579248	-2.364801	175	1	44	438.58
-0.785398	1.977582	0.969896	174	10	43	438.58
0.523599	1.417623	-0.202254	168	26	39	438.56
-0.523599	2.881233	-2.582574	172	14	39	438.56
0.523599	1.872854	1.543456	50	181	170	438.53
-1.308997	2.349581	-2.702517	176	7	41	438.51
-1.047198	1.450119	-2.739050	170	19	38	438.51
-2.879793	1.168678	2.108595	176	16	43	438.48
2.879793	1.599406	1.426070	170	13	40	438.48
0.000000	1.766067	2.153843	157	168	5	438.46
-1.570796	1.134497	-1.109631	176	16	47	438.45
0.523599	1.218453	2.777284	175	24	44	438.43
0.261799	1.977582	0.969896	52	179	179	438.43
2.879793	2.637879	2.121598	185	25	46	438.39
0.523599	0.831641	0.616218	181	26	44	438.38
-1.832596	1.948085	-2.363031	175	17	46	438.38
-0.785398	1.488617	1.159546	177	17	46	438.37
0.000000	1.448123	-2.163292	2	30	50	438.37
-1.047198	1.168678	2.108595	176	12	40	438.36
-2.356194	1.450119	-2.739050	165	8	37	438.32
2.617994	1.433411	-1.035986	173	16	42	438.32
-1.570796	1.809167	1.213774	178	8	48	438.28
2.617994	1.741644	-2.695914	167	25	45	438.25
2.617994	1.569311	-3.003978	174	25	43	438.24
1.832596	0.709924	0.218797	169	20	37	438.22
-0.523599	1.135834	-1.431087	185	22	52	438.22
-2.094395	2.063651	-2.044600	164	14	41	438.22
-1.832596	1.977582	0.969896	174	5	45	438.21
2.879793	1.766067	2.153843	175	17	43	438.20
2.879793	2.187132	-0.479875	166	18	35	438.18
2.879793	1.135813	-2.658866	165	16	41	438.17
-2.094395	1.301460	-0.509251	32	9	6	438.15
2.094395	0.203748	0.590255	173	24	39	438.14
-2.617994	1.909857	-0.381669	171	15	40	438.11
-2.879793	1.417623	-0.202254	187	27	45	438.00
0.261799	2.393226	1.857173	175	9	45	437.97
1.047198	2.984978	1.954446	170	19	42	437.96
-1.570796	0.850607	-1.335383	174	12	42	437.95
0.000000	1.050534	3.042579	162	19	33	437.90
-1.570796	1.662363	0.915448	182	3	45	437.88
1.308997	0.674054	1.013609	168	17	40	437.86
-2.617994	0.370812	-2.547742	174	20	44	437.85
1.047198	2.984978	1.954446	32	176	6	437.85
0.261799	1.872854	1.543456	176	16	47	437.85
2.617994	0.700570	1.559208	172	3	42	437.82
0.785398	0.379747	-1.713059	174	28	43	437.76
2.094395	1.812176	0.656819	173	24	45	437.76
-0.523599	2.579248	-2.364801	32	172	9	437.75
1.308997	2.073035	2.027405	176	9	43	437.72
-1.570796	1.658653	-2.409879	177	4	43	437.71
0.261799	1.872854	1.543456	175	9	44	437.60
-2.356194	2.979456	-1.009304	172	17	39	437.58
-0.261799	1.413430	2.550734	170	28	45	437.57
0.261799	2.637879	2.121598	178	14	46	437.55
0.523599	2.343981	-1.040456	177	8	50	437.55
-1.047198	1.413430	2.550734	179	22	45	437.54
2.094395	0.864993	2.278281	180	21	44	437.51
-2.879793	1.736875	3.023612	171	14	41	437.50
0.785398	0.914445	2.687814	174	16	43	437.49
-2.879793	1.214854	-1.966664	172	13	48	437.44
2.617994	2.704512	1.488683	172	12	39	437.43
-0.261799	1.448123	-2.163292	47	189	168	437.40
-1.570796	2.115563	0.685730	171	10	39	437.35
-1.308997	2.115563	0.685730	170	11	42	437.32
1.047198	2.251330	-2.330739	172	17	41	437.26
2.879793	2.637879	2.121598	180	19	45	437.23
-0.785398	2.164094	-2.991358	175	28	42	437.23
-1.308997	1.025536	1.576859	183	16	44	437.23
2.094395	2.478122	2.609777	50	184	174	437.16
2.617994	2.063651	-2.044600	175	18	47	437.16
0.000000	2.063651	-2.044600	176	14	45	437.13
1.832596	1.904882	-1.478089	180	13	49	437.11
-0.261799	1.135813	-2.658866	172	12	36	437.10
0.000000	1.741644	-2.695914	166	20	35	437.08
-1.308997	1.214854	-1.966664	177	6	45	437.05
-1.308997	1.417623	-0.202254	170	15	37	437.03
-0.261799	1.721184	-0.153948	170	17	43	437.02
1.308997	1.510910	-0.740472	170	2	41	437.00
-2.356194	1.904882	-1.478089	174	24	49	436.96
2.356194	1.374601	-2.456031	169	26	46	436.95
2.356194	1.135813	-2.658866	164	24	41	436.95
-1.570796	2.407836	1.410646	168	12	44	436.93
-2.617994	1.683268	0.374177	170	14	43	436.92
2.356194	2.760637	2.781135	162	25	36	436.92
0.523599	0.203748	0.590255	177	14	45	436.92
-1.570796	0.203748	0.590255	166	167	3	436.91
0.000000	1.014500	0.906702	179	22	43	436.89
-0.523599	1.662363	0.915448	180	15	48	436.89
-1.047198	2.881233	-2.582574	177	17	43	436.87
0.261799	1.214854	-1.966664	175	13	41	436.85
-1.570796	1.113094	-0.272241	174	22	44	436.84
-1.832596	1.168678	2.108595	187	21	46	436.77
-0.785398	0.906588	1.252948	181	25	45	436.77
1.047198	1.870545	-2.976234	172	19	41	436.74
0.261799	1.184361	0.625864	176	12	41	436.71
0.000000	1.545873	-1.877082	188	26	53	436.67
0.785398	2.033014	2.977192	172	10	42	436.62
2.879793	0.619654	-2.216909	168	7	39	436.51
0.261799	1.256302	0.062705	166	7	35	436.49
1.308997	1.506530	1.988858	171	11	44	436.49
0.785398	1.413347	-1.339188	171	19	50	436.44
2.094395	0.458961	-0.107937	168	20	33	436.42
2.879793	1.134796	2.434290	180	14	44	436.41
0.523599	1.135813	-2.658866	180	17	44	436.39
0.785398	1.599406	1.426070	180	21	50	436.37
-2.879793	2.379497	0.561089	166	16	43	436.37
0.261799	1.699788	2.452890	168	12	44	436.36
-2.879793	2.379497	0.561089	174	22	45	436.27
-0.523599	2.396274	-1.959260	175	7	41	436.25
0.261799	1.134796	2.434290	30	178	5	436.24
2.879793	1.301460	-0.509251	39	175	7	436.20
1.047198	1.872854	1.543456	49	184	170	436.17
2.356194	0.762244	-0.273349	34	169	7	436.15
-2.617994	1.869911	2.701025	181	20	44	436.14
2.879793	2.760637	2.781135	162	16	37	436.11
2.879793	1.699788	2.452890	178	16	43	436.07
1.047198	1.014500	0.906702	50	176	169	436.07
2.617994	1.417623	-0.202254	167	18	36	436.06
2.356194	1.545873	-1.877082	181	26	50	436.04
2.356194	1.554776	0.100351	172	20	42	436.04
-0.523599	1.948085	-2.363031	182	14	47	436.00
0.261799	1.545873	-1.877082	32	185	13	436.00
-2.879793	0.762244	-0.273349	180	18	43	435.96
-1.570796	0.864993	2.278281	167	18	35	435.93
1.832596	2.104282	-0.813972	34	174	10	435.91
0.523599	2.455966	-0.641220	168	4	42	435.86
2.094395	2.247462	0.191623	173	29	42	435.86
-2.356194	1.904882	-1.478089	174	23	49	435.85
0.000000	1.050534	3.042579	173	18	42	435.82
-1.832596	0.685216	-1.712745	172	13	41	435.80
0.785398	2.881233	-2.582574	159	166	2	435.79
-2.356194	2.164094	-2.991358	172	6	41	435.71
-0.261799	1.367556	0.358405	166	16	38	435.66
0.261799	2.356369	3.005869	167	14	40	435.64
2.617994	1.699788	2.452890	183	19	47	435.63
-1.570796	1.450119	-2.739050	181	23	44	435.60
2.356194	1.417623	-0.202254	170	22	40	435.58
2.617994	1.134796	2.434290	178	14	44	435.58
-2.356194	0.899350	-2.069907	172	15	47	435.54
-3.141593	0.370812	-2.547742	171	22	45	435.51
-0.523599	1.135813	-2.658866	173	14	37	435.49
-2.879793	1.325504	-1.671296	173	11	40	435.46
-0.785398	0.961715	0.014085	172	26	45	435.46
-2.879793	2.251330	-2.330739	166	17	41	435.45
2.094395	1.450119	-2.739050	167	21	37	435.45
-3.141593	2.760637	2.781135	165	12	39	435.44
0.785398	0.960688	-0.577532	172	10	46	435.43
0.261799	1.554776	0.100351	171	11	41	435.43
-0.261799	2.343981	-1.040456	170	8	43	435.42
0.000000	0.992645	-1.723759	177	21	45	435.40
-3.141593	2.295480	1.008277	51	169	174	435.32
2.879793	1.766067	2.153843	178	15	45	435.24
0.523599	1.450119	-2.739050	170	15	38	435.14
2.094395	0.674054	1.013609	165	14	36	435.14
0.000000	1.433411	-1.035986	54	177	168	435.14
-0.523599	1.374601	-2.456031	172	15	38	435.11
-0.785398	2.407836	1.410646	176	3	44	435.10
-3.141593	1.417623	-0.202254	169	11	36	435.09
0.261799	1.836682	-0.676006	176	24	46	435.06
1.308997	2.407836	1.410646	50	184	174	435.03
-2.617994	1.194549	-0.801900	180	20	47	435.01
-2.356194	0.591903	2.010408	168	14	35	435.00
-0.523599	1.809167	1.213774	178	18	48	434.98
-1.047198	1.756530	-2.105156	173	13	41	434.96
2.617994	1.184361	0.625864	165	22	42	434.94
-0.785398	0.906588	1.252948	172	16	40	434.92
-1.047198	1.510910	-0.740472	169	14	41	434.92
-0.261799	1.325504	-1.671296	49	175	164	434.86
2.094395	1.504028	0.636812	176	21	47	434.83
-0.523599	0.866395	-2.492918	177	20	43	434.82
-2.879793	2.164094	-2.991358	171	16	43	434.81
-3.141593	1.741644	-2.695914	164	11	41	434.81
0.000000	1.977582	0.969896	52	175	181	434.76
-3.141593	1.242974	-2.977882	163	8	35	434.73
2.356194	1.721184	-0.153948	176	9	41	434.73
-2.356194	1.025536	1.576859	175	12	41	434.72
-0.523599	1.310100	1.488307	173	21	43	434.69
0.261799	2.343981	-1.040456	174	10	50	434.69
-1.047198	0.709924	0.218797	172	15	37	434.68
-2.094395	2.001437	0.381215	171	5	40	434.66
-1.308997	1.721184	-0.153948	175	33	42	434.61
2.617994	1.374601	-2.456031	164	15	42	434.61
1.570796	1.545873	-1.877082	177	24	53	434.59
1.047198	1.045978	0.343692	176	22	40	434.59
-3.141593	0.615174	-0.666022	168	22	36	434.58
0.785398	1.113094	-0.272241	172	7	44	434.57
2.617994	2.153910	-1.714959	186	25	54	434.52
0.523599	0.619654	-2.216909	176	17	42	434.51
-0.785398	1.025536	1.576859	174	27	40	434.51
0.785398	2.174483	2.653697	172	12	44	434.50
-1.570796	1.510910	-0.740472	176	25	49	434.48
1.308997	0.762244	-0.273349	172	7	43	434.40
0.261799	2.073035	2.027405	20	16	16	434.39
-1.570796	1.488617	1.159546	179	7	40	434.36
-1.047198	0.290380	-0.796960	187	24	47	434.34
-2.617994	2.404280	-0.174044	171	13	40	434.34
2.094395	1.869911	2.701025	173	10	39	434.34
2.879793	1.736875	3.023612	165	18	37	434.32
-2.617994	1.904882	-1.478089	169	21	41	434.31
1.832596	1.658653	-2.409879	26	181	8	434.31
-2.879793	1.504028	0.636812	165	10	40	434.29
-2.356194	1.977582	0.969896	170	11	46	434.24
2.879793	1.599406	1.426070	174	14	47	434.19
1.832596	0.866395	-2.492918	178	35	43	434.14
2.617994	2.073035	2.027405	172	13	40	434.13
-0.785398	1.025536	1.576859	48	186	166	434.10
1.570796	1.413347	-1.339188	46	179	165	434.07
-0.523599	1.599406	1.426070	172	17	43	434.05
1.047198	1.335669	0.897240	175	16	42	434.05
0.261799	1.045978	0.343692	165	7	34	434.04
2.879793	1.982574	-1.115518	183	20	48	434.04
-1.570796	1.014500	0.906702	173	27	41	434.03
2.356194	0.910508	1.903534	176	3	44	434.02
-1.570796	2.115563	0.685730	51	178	172	434.01
-1.570796	2.349581	-2.702517	178	14	45	434.01
0.000000	1.824694	1.850876	178	13	50	434.01
1.308997	2.979456	-1.009304	172	15	40	433.99
2.879793	2.187132	-0.479875	182	14	46	433.97
-1.832596	1.256302	0.062705	179	6	42	433.97
-1.570796	2.356369	3.005869	172	11	37	433.96
-1.047198	0.864993	2.278281	170	13	37	433.90
-2.617994	2.251330	-2.330739	165	15	44	433.90
1.047198	2.063651	-2.044600	175	23	43	433.89
2.617994	1.218453	2.777284	175	21	42	433.87
-1.570796	1.741644	-2.695914	179	11	45	433.81
1.832596	2.343981	-1.040456	175	12	42	433.77
-1.570796	1.658653	-2.409879	176	4	43	433.76
1.308997	2.592629	0.909713	170	9	38	433.74
-1.308997	1.135813	-2.658866	177	12	41	433.71
2.617994	1.696674	-1.253233	178	15	47	433.70
-3.141593	1.391910	3.030322	171	20	41	433.68
-0.785398	1.335669	0.897240	180	17	46	433.68
-0.523599	0.929350	-2.910676	174	14	39	433.67
1.570796	2.637879	2.121598	170	13	38	433.66
-1.832596	2.164094	-2.991358	174	7	40	433.65
2.617994	2.407836	1.410646	175	18	44	433.65
-2.879793	1.870545	-2.976234	169	14	41	433.65
0.523599	1.904882	-1.478089	177	14	50	433.62
-2.617994	2.984978	1.954446	24	1	6	433.61
-1.308997	1.242974	-2.977882	179	10	41	433.52
2.617994	1.699788	2.452890	179	15	45	433.50
0.261799	0.914445	2.687814	166	23	41	433.42
0.000000	1.113094	-0.272241	165	16	42	433.40
-1.308997	0.379747	-1.713059	179	9	39	433.32
2.879793	1.658653	-2.409879	52	171	172	433.28
-1.570796	1.812176	0.656819	169	21	33	433.23
0.261799	2.478122	2.609777	169	8	42	433.22
-0.261799	1.367556	0.358405	176	28	38	433.19
-3.141593	0.864993	2.278281	176	16	42	433.17
-2.356194	0.370812	-2.547742	175	22	44	433.15
-3.141593	1.025536	1.576859	183	9	49	433.15
1.308997	1.135834	-1.431087	172	23	49	433.15
1.832596	2.455966	-0.641220	177	14	45	433.14
1.308997	0.992645	-1.723759	166	21	43	433.14
2.094395	1.184361	0.625864	174	18	45	433.13
1.047198	1.555207	1.708892	172	13	43	433.11
-3.141593	1.504028	0.636812	166	16	43	433.08
1.832596	1.869911	2.701025	48	174	183	433.06
0.785398	0.297065	2.160177	168	8	35	433.05
0.261799	1.721184	-0.153948	171	18	42	433.04
-0.785398	1.367556	0.358405	31	186	7	433.04
-3.141593	1.168678	2.108595	181	11	45	432.97
-0.785398	1.699788	2.452890	173	31	47	432.96
2.879793	1.335669	0.897240	169	19	46	432.96
-2.879793	1.367556	0.358405	168	14	41	432.95
-1.047198	1.433411	-1.035986	186	35	49	432.94
2.356194	1.504028	0.636812	169	29	44	432.93
-3.141593	1.214854	-1.966664	167	16	43	432.90
-0.523599	1.135813	-2.658866	173	16	40	432.89
-2.617994	2.979456	-1.009304	177	14	43	432.88
-0.261799	1.696674	-1.253233	177	25	53	432.85
2.617994	1.367556	0.358405	176	21	47	432.85
-1.832596	2.251330	-2.330739	174	5	48	432.83
1.570796	2.251330	-2.330739	175	22	44	432.79
1.832596	0.640596	-2.797608	168	23	38	432.79
2.617994	0.203748	0.590255	178	21	41	432.73
-1.832596	0.379747	-1.713059	176	11	41	432.72
2.617994	1.050534	3.042579	168	22	39	432.66
1.570796	2.664082	-1.071402	179	17	46	432.65
-1.308997	2.299159	2.264663	171	15	40	432.65
-2.094395	1.696674	-1.253233	172	18	47	432.64
1.570796	0.992645	-1.723759	165	17	43	432.64
-3.141593	1.683268	0.374177	185	29	39	432.61
-3.141593	2.073035	2.027405	191	27	49	432.59
0.261799	1.325504	-1.671296	177	26	48	432.59
-3.141593	2.356369	3.005869	162	12	36	432.59
-2.356194	1.662363	0.915448	173	6	45	432.58
0.000000	2.104282	-0.813972	22	22	13	432.56
1.570796	1.869911	2.701025	50	180	178	432.52
2.356194	1.135834	-1.431087	177	10	49	432.52
2.094395	1.836682	-0.676006	179	17	46	432.50
0.523599	0.899350	-2.069907	174	17	42	432.47
0.000000	0.733948	3.021411	170	20	39	432.46
0.000000	0.960688	-0.577532	169	20	47	432.45
-2.617994	0.906588	1.252948	173	9	39	432.43
2.879793	2.115563	0.685730	51	165	173	432.43
-3.141593	2.001437	0.381215	157	170	5	432.42
-1.047198	1.736875	3.023612	180	23	44	432.40
0.261799	1.554776	0.100351	167	5	35	432.39
-1.047198	2.063651	-2.044600	175	17	46	432.30
-0.785398	2.174483	2.653697	170	17	40	432.30
-0.261799	2.174483	2.653697	167	20	44	432.30
0.000000	1.766067	2.153843	51	174	176	432.30
2.356194	0.910508	1.903534	178	7	47	432.24
0.261799	2.588535	-2.976617	173	17	43	432.20
0.261799	0.685216	-1.712745	184	28	48	432.19
-1.308997	1.367556	0.358405	185	14	47	432.17
-1.570796	1.135834	-1.431087	187	21	51	432.15
-1.570796	2.164094	-2.991358	177	6	41	432.14
1.308997	2.295480	1.008277	171	14	40	432.10
-0.785398	0.615174	-0.666022	50	178	169	432.03
2.617994	1.413347	-1.339188	175	11	44	432.00
0.785398	2.664082	-1.071402	180	10	46	431.98
0.523599	1.367556	0.358405	185	21	45	431.98
-2.356194	2.295480	1.008277	167	13	41	431.96
2.356194	1.812176	0.656819	170	19	40	431.93
-0.785398	1.413430	2.550734	175	12	39	431.91
2.094395	1.014500	0.906702	168	25	44	431.91
1.570796	2.579248	-2.364801	2	33	47	431.86
-2.356194	1.134497	-1.109631	177	14	45	431.84
0.523599	1.904882	-1.478089	174	15	45	431.80
-1.308997	0.674054	1.013609	167	22	35	431.79
1.308997	1.904882	-1.478089	176	13	46	431.77
-2.356194	2.251330	-2.330739	173	17	49	431.63
2.356194	1.904882	-1.478089	177	20	48	431.56
-2.879793	2.001437	0.381215	172	16	44	431.47
1.308997	1.872854	1.543456	175	16	45	431.46
0.261799	0.914445	2.687814	166	24	41	431.44
-2.094395	0.618092	2.539118	170	9	35	431.41
1.047198	0.297065	2.160177	174	23	41	431.40
-0.523599	2.349581	-2.702517	176	18	43	431.40
-0.261799	1.812176	0.656819	171	22	36	431.36
-1.047198	0.910508	1.903534	182	18	43	431.26
0.261799	2.349581	-2.702517	169	22	40	431.24
-3.141593	1.545873	-1.877082	48	180	161	431.22
2.879793	1.374601	-2.456031	165	11	42	431.21
0.523599	1.488617	1.159546	183	26	49	431.19
-2.879793	1.374601	-2.456031	181	25	45	431.18
2.879793	1.506530	1.988858	177	9	41	431.17
-1.308997	2.588535	-2.976617	177	3	37	431.13
-0.785398	0.674054	1.013609	183	27	42	431.13
-0.523599	1.218453	2.777284	176	12	39	431.11
-2.094395	1.904882	-1.478089	174	23	49	431.11
-2.617994	0.906588	1.252948	50	174	180	431.09
1.308997	1.756530	-2.105156	184	31	52	431.07
-0.261799	2.174483	2.653697	163	16	39	431.04
1.308997	1.014500	0.906702	170	16	37	431.04
-0.523599	1.909857	-0.381669	167	11	40	431.03
-0.785398	1.367556	0.358405	180	31	38	431.02
1.570796	2.299159	2.264663	171	19	40	431.01
-0.261799	1.310100	1.488307	175	20	46	430.91
2.879793	1.869911	2.701025	177	15	43	430.87
-2.094395	1.870545	-2.976234	173	18	42	430.86
-3.141593	1.948085	-2.363031	169	13	42	430.86
-1.308997	1.025536	1.576859	185	21	45	430.83
-3.141593	2.295480	1.008277	171	19	44	430.81
-2.356194	0.960688	-0.577532	176	20	43	430.78
0.000000	1.450119	-2.739050	166	21	35	430.73
-0.261799	1.135813	-2.658866	177	17	43	430.71
-2.617994	1.374601	-2.456031	179	17	47	430.67
0.785398	1.732874	-0.951685	169	9	46	430.65
0.261799	1.846342	-1.796954	187	23	54	430.63
2.617994	2.455966	-0.641220	177	15	45	430.61
-2.356194	1.025536	1.576859	176	12	42	430.53
2.356194	2.041297	-2.664597	170	20	41	430.49
-1.832596	2.001437	0.381215	176	190	36	430.46
-1.570796	1.310100	1.488307	177	12	41	430.45
0.523599	1.504028	0.636812	169	22	36	430.43
1.047198	1.599406	1.426070	31	183	12	430.41
1.832596	1.325504	-1.671296	171	13	48	430.37
-0.523599	1.699788	2.452890	168	23	43	430.34
-0.523599	2.404280	-0.174044	169	16	39	430.30
0.523599	1.809167	1.213774	176	16	46	430.29
-1.047198	0.910508	1.903534	169	14	37	430.26
1.308997	0.733948	3.021411	170	13	38	430.26
-0.261799	2.407836	1.410646	182	13	49	430.23
0.523599	2.588535	-2.976617	178	20	45	430.22
0.000000	1.721184	-0.153948	171	18	42	430.20
-0.523599	0.640596	-2.797608	177	20	43	430.19
-2.879793	1.617114	-1.572037	172	19	46	430.19
1.047198	2.724429	-0.348782	174	9	43	430.16
0.000000	0.831641	0.616218	169	13	40	430.15
-1.832596	2.001437	0.381215	172	7	38	430.14
2.356194	2.108018	1.311430	184	28	50	430.07
-2.879793	1.440580	2.260026	178	12	42	430.07
2.356194	1.367556	0.358405	177	23	47	430.04
2.879793	0.615174	-0.666022	20	16	22	430.02
2.356194	1.617114	-1.572037	50	176	184	430.01
1.832596	2.299159	2.264663	173	16	42	429.99
1.570796	1.869911	2.701025	175	18	43	429.98
-2.879793	2.299159	2.264663	53	180	176	429.92
2.617994	0.458961	-0.107937	180	18	45	429.89
0.785398	2.295480	1.008277	169	19	40	429.85
1.832596	1.574060	2.783565	172	15	41	429.84
0.523599	0.929350	-2.910676	168	16	37	429.82
0.261799	1.948085	-2.363031	189	22	48	429.78
-2.094395	1.242974	-2.977882	169	11	37	429.77
1.570796	1.948085	-2.363031	173	13	41	429.73
-2.879793	1.510910	-0.740472	180	25	46	429.70
1.570796	1.134497	-1.109631	173	15	48	429.63
-0.523599	0.961715	0.014085	41	176	2	429.49
2.356194	2.592629	0.909713	178	25	45	429.48
-2.617994	0.899350	-2.069907	168	10	42	429.46
-0.523599	1.606104	-0.451151	169	13	44	429.46
1.570796	1.510910	-0.740472	174	13	45	429.43
1.308997	2.719179	-1.780644	173	16	42	429.43
-1.832596	2.115563	0.685730	175	4	43	429.43
0.000000	1.741644	-2.695914	172	12	38	429.43
2.094395	2.356369	3.005869	182	22	45	429.39
2.879793	1.599406	1.426070	178	18	51	429.39
-2.356194	1.982574	-1.115518	171	23	43	429.37
2.094395	2.592629	0.909713	184	29	47	429.36
1.308997	1.982574	-1.115518	182	8	52	429.34
0.000000	1.113094	-0.272241	165	14	39	429.28
-1.570796	1.812176	0.656819	181	191	41	429.27
-2.094395	2.379497	0.561089	164	165	8	429.27
-1.047198	1.184361	0.625864	188	18	48	429.22
-0.261799	1.510910	-0.740472	168	14	43	429.22
0.785398	1.904882	-1.478089	179	13	52	429.18
2.356194	1.998705	2.370472	179	16	45	429.17
2.356194	1.574060	2.783565	173	15	40	429.17
-0.785398	1.870545	-2.976234	175	11	40	429.16
0.785398	1.998705	2.370472	169	8	38	429.13
2.094395	1.872854	1.543456	178	13	46	429.08
-0.785398	2.637879	2.121598	174	22	46	429.06
2.617994	2.579248	-2.364801	173	15	43	428.99
1.570796	2.579248	-2.364801	51	176	182	428.99
1.308997	0.615174	-0.666022	169	14	46	428.98
1.570796	1.574060	2.783565	177	10	44	428.97
0.000000	1.335669	0.897240	183	20	49	428.96
-0.523599	0.640596	-2.797608	178	19	43	428.91
-2.879793	0.992645	-1.723759	22	182	12	428.89
0.000000	2.579248	-2.364801	170	24	40	428.85
-3.141593	1.247695	1.809890	188	13	51	428.83
1.570796	0.961715	0.014085	47	169	186	428.78
2.879793	2.863997	0.549740	174	18	44	428.74
-1.832596	2.704512	1.488683	165	16	36	428.73
-2.617994	1.440580	2.260026	177	19	44	428.71
2.617994	1.555207	1.708892	172	12	41	428.69
-2.617994	1.869911	2.701025	172	10	38	428.69
-2.356194	1.948085	-2.363031	171	7	46	428.67
2.094395	1.732874	-0.951685	176	9	44	428.65
2.617994	2.115563	0.685730	171	13	39	428.56
-0.523599	1.574060	2.783565	175	10	37	428.56
-2.879793	1.569311	-3.003978	167	11	38	428.54
-3.141593	1.168678	2.108595	49	165	187	428.54
0.785398	1.168678	2.108595	52	170	167	428.50
2.617994	1.683268	0.374177	168	20	42	428.50
1.832596	2.164094	-2.991358	170	29	40	428.46
1.832596	1.134796	2.434290	174	13	43	428.42
1.308997	1.256302	0.062705	168	13	36	428.37
-1.047198	1.168678	2.108595	175	13	40	428.34
-0.523599	0.961715	0.014085	169	16	43	428.30
-3.141593	2.041297	-2.664597	165	15	44	428.28
2.356194	1.413347	-1.339188	180	5	49	428.28
0.261799	2.041297	-2.664597	172	18	40	428.21
2.094395	1.555207	1.708892	177	11	48	428.20
0.785398	0.379747	-1.713059	172	31	42	428.19
-2.094395	2.295480	1.008277	168	10	43	428.18
-1.308997	1.909857	-0.381669	176	30	44	428.11
0.785398	1.824694	1.850876	175	12	45	428.08
-1.308997	2.592629	0.909713	174	19	44	428.03
-3.141593	2.299159	2.264663	172	12	39	427.99
-1.308997	2.349581	-2.702517	175	8	42	427.95
-1.832596	1.870545	-2.976234	179	22	43	427.95
-0.523599	1.413430	2.550734	172	18	39	427.92
-1.047198	1.488617	1.159546	177	14	41	427.91
0.523599	0.831641	0.616218	176	9	42	427.90
-2.879793	1.870545	-2.976234	170	13	42	427.89
1.308997	1.948085	-2.363031	187	33	50	427.83
-1.832596	2.379497	0.561089	166	164	8	427.83
-2.356194	2.164094	-2.991358	178	18	44	427.82
0.785398	1.367556	0.358405	174	22	39	427.81
-0.523599	1.606104	-0.451151	169	10	40	427.80
2.617994	1.662363	0.915448	171	25	48	427.78
-1.832596	1.977582	0.969896	175	10	48	427.78
-2.356194	1.904882	-1.478089	51	176	169	427.75
-1.832596	1.134497	-1.109631	176	17	48	427.74
0.000000	1.809167	1.213774	49	177	190	427.70
-1.308997	1.736875	3.023612	174	21	42	427.67
-1.308997	1.184361	0.625864	171	20	40	427.61
1.047198	2.379497	0.561089	170	10	38	427.58
0.000000	2.881233	-2.582574	56	171	168	427.55
1.832596	1.721184	-0.153948	178	11	44	427.53
-2.879793	0.203748	0.590255	172	19	39	427.45
-0.261799	1.721184	-0.153948	171	19	43	427.43
1.308997	2.104282	-0.813972	178	13	47	427.42
-1.308997	1.374601	-2.456031	179	15	46	427.41
-0.261799	1.448123	-2.163292	52	174	179	427.39
-1.308997	1.977582	0.969896	171	165	11	427.38
2.879793	1.374601	-2.456031	167	17	46	427.38
-2.879793	2.637879	2.121598	182	20	46	427.37
0.000000	1.846342	-1.796954	177	20	47	427.34
2.094395	1.741644	-2.695914	168	22	39	427.22
2.617994	0.914445	2.687814	34	173	5	427.20
-2.094395	1.569311	-3.003978	181	22	44	427.20
0.523599	1.113094	-0.272241	169	7	40	427.19
0.000000	2.863997	0.549740	175	18	45	427.15
-0.523599	0.370812	-2.547742	179	23	43	427.14
1.308997	2.592629	0.909713	37	175	4	427.08
0.785398	2.041297	-2.664597	171	22	40	427.04
1.308997	1.977582	0.969896	179	16	45	427.03
1.047198	1.741644	-2.695914	177	18	43	427.03
1.308997	1.214854	-1.966664	170	25	45	426.99
1.570796	1.448123	-2.163292	49	174	179	426.96
2.617994	2.396274	-1.959260	174	12	43	426.80
0.523599	2.174483	2.653697	170	13	44	426.76
1.308997	1.809167	1.213774	180	11	45	426.75
-1.832596	2.104282	-0.813972	169	24	42	426.72
2.356194	1.554776	0.100351	171	20	41	426.71
1.047198	1.113094	-0.272241	168	5	37	426.62
-1.570796	2.251330	-2.330739	176	2	44	426.52
0.523599	1.433411	-1.035986	32	172	10	426.52
1.832596	1.869911	2.701025	48	171	182	426.49
0.523599	1.014500	0.906702	179	21	46	426.44
-1.570796	1.869911	2.701025	177	23	44	426.43
-1.047198	1.440580	2.260026	178	12	42	426.43
-1.832596	2.379497	0.561089	177	20	45	426.42
-2.617994	1.869911	2.701025	55	184	179	426.35
2.617994	0.700570	1.559208	174	6	45	426.33
1.570796	2.138223	1.678323	183	15	50	426.33
0.785398	2.063651	-2.044600	175	24	42	426.29
0.523599	2.478122	2.609777	53	182	175	426.25
0.785398	1.168678	2.108595	172	20	48	426.22
-1.047198	0.906588	1.252948	169	15	38	426.21
0.523599	2.863997	0.549740	162	23	37	426.13
0.785398	2.588535	-2.976617	168	16	40	426.13
1.047198	1.998705	2.370472	171	7	39	426.13
-3.141593	2.588535	-2.976617	161	17	37	426.08
1.832596	0.290380	-0.796960	182	35	36	426.08
-2.094395	2.295480	1.008277	168	11	44	426.08
-1.308997	1.909857	-0.381669	52	169	171	426.07
0.000000	1.450119	-2.739050	173	11	38	426.00
1.570796	1.696674	-1.253233	179	10	52	425.97
-2.879793	1.184361	0.625864	169	10	41	425.96
-0.523599	1.135834	-1.431087	184	20	51	425.85
-1.832596	1.510910	-0.740472	177	28	49	425.82
1.570796	1.846342	-1.796954	178	18	49	425.81
-0.785398	2.153910	-1.714959	177	9	48	425.78
2.879793	1.214854	-1.966664	175	23	49	425.78
1.308997	1.045978	0.343692	175	9	38	425.77
2.617994	1.014500	0.906702	165	12	40	425.75
2.879793	2.349581	-2.702517	163	24	40	425.74
1.832596	1.214854	-1.966664	49	170	179	425.68
-0.785398	1.014500	0.906702	173	18	40	425.65
-0.261799	1.218453	2.777284	169	18	36	425.62
0.000000	1.218453	2.777284	163	21	37	425.61
0.523599	0.619654	-2.216909	175	18	42	425.57
2.094395	1.699788	2.452890	172	10	38	425.56
2.094395	0.571433	-1.188419	169	15	46	425.51
2.356194	1.367556	0.358405	174	19	44	425.48
-1.308997	1.247695	1.809890	177	16	42	425.48
1.308997	1.014500	0.906702	168	18	36	425.45
-0.785398	0.615174	-0.666022	173	23	41	425.44
2.879793	2.863997	0.549740	168	25	41	425.44
-0.261799	1.554776	0.100351	176	24	41	425.43
2.617994	2.588535	-2.976617	163	27	38	425.40
0.523599	2.455966	-0.641220	169	3	41	425.39
2.356194	2.404280	-0.174044	172	11	39	425.28
-2.356194	2.881233	-2.582574	162	12	40	425.21
-1.047198	0.458961	-0.107937	180	17	44	425.17
-1.832596	1.256302	0.062705	178	5	41	425.15
2.879793	1.242974	-2.977882	171	18	42	425.15
-0.523599	1.218453	2.777284	177	13	41	425.14
-1.570796	1.836682	-0.676006	35	178	5	425.13
-1.308997	1.374601	-2.456031	176	10	41	425.12
-2.879793	1.824694	1.850876	182	19	49	425.00
0.261799	0.591903	2.010408	165	16	34	424.98
0.261799	2.664082	-1.071402	174	2	45	424.92
0.785398	1.014500	0.906702	177	19	45	424.87
2.879793	1.998705	2.370472	181	19	46	424.87
0.785398	0.709924	0.218797	172	4	41	424.84
0.261799	2.396274	-1.959260	182	11	46	424.84
-2.094395	1.413347	-1.339188	173	13	43	424.81
-0.261799	0.370812	-2.547742	172	16	37	424.81
0.000000	2.456751	-1.503343	20	20	13	424.59
1.308997	2.073035	2.027405	34	170	10	424.59
-3.141593	2.588535	-2.976617	43	190	167	424.59
-1.308997	2.089241	-0.114193	173	34	39	424.55
-1.308997	0.290380	-0.796960	175	18	41	424.53
1.308997	1.184361	0.625864	49	176	166	424.48
-0.261799	1.824694	1.850876	177	14	49	424.46
-1.308997	0.674054	1.013609	170	21	41	424.45
0.785398	2.063651	-2.044600	176	23	43	424.44
2.094395	2.041297	-2.664597	170	24	42	424.39
1.832596	1.325504	-1.671296	173	17	52	424.33
-2.094395	2.592629	0.909713	165	11	39	424.27
-1.047198	2.984978	1.954446	169	16	43	424.27
0.261799	2.153910	-1.714959	178	14	45	424.19
-0.785398	0.370812	-2.547742	180	7	41	424.18
-1.308997	1.134497	-1.109631	177	13	45	424.15
-0.261799	1.875281	0.107086	165	11	35	424.13
-1.832596	1.662363	0.915448	180	8	48	424.13
1.570796	1.998705	2.370472	178	7	45	424.12
2.094395	2.153910	-1.714959	187	20	52	424.04
0.523599	0.992645	-1.723759	177	25	47	424.00
2.879793	2.001437	0.381215	171	21	44	423.99
0.000000	1.218453	2.777284	164	20	37	423.99
-2.356194	0.640596	-2.797608	167	12	40	423.86
-2.094395	2.247462	0.191623	171	3	37	423.73
-0.523599	1.909857	-0.381669	167	10	39	423.71
-1.570796	1.025536	1.576859	186	23	46	423.68
-0.785398	2.404280	-0.174044	166	25	38	423.67
-1.570796	0.910508	1.903534	186	26	44	423.61
2.617994	2.455966	-0.641220	178	14	45	423.60
1.047198	1.504028	0.636812	171	20	38	423.59
1.308997	1.809167	1.213774	176	21	47	423.51
0.523599	1.809167	1.213774	49	180	167	423.44
-1.570796	2.704512	1.488683	170	18	46	423.42
0.261799	2.478122	2.609777	171	19	44	423.41
-2.356194	1.846342	-1.796954	52	176	171	423.41
2.617994	0.458961	-0.107937	169	21	40	423.39
-0.261799	2.404280	-0.174044	163	20	37	423.35
0.523599	1.450119	-2.739050	169	15	38	423.35
-2.094395	0.850607	-1.335383	182	20	50	423.33
-3.141593	1.242974	-2.977882	172	19	43	423.31
2.356194	1.574060	2.783565	172	15	40	423.26
-1.308997	2.393226	1.857173	166	17	44	423.20
-1.308997	0.496451	0.593859	169	25	38	423.15
-2.094395	0.899350	-2.069907	174	13	47	423.12
-3.141593	2.299159	2.264663	181	23	46	423.12
-0.261799	0.640596	-2.797608	175	15	40	423.01
2.879793	1.982574	-1.115518	178	15	46	423.01
2.617994	1.374601	-2.456031	50	171	179	423.00
-1.308997	2.760637	2.781135	172	13	37	422.99
-0.261799	0.866395	-2.492918	177	19	43	422.93
2.617994	0.203748	0.590255	34	176	6	422.91
0.000000	1.732874	-0.951685	171	23	50	422.89
-1.308997	1.247695	1.809890	187	21	49	422.89
2.617994	1.195355	1.200319	170	14	48	422.78
-2.094395	0.458961	-0.107937	177	3	38	422.75
-0.785398	2.404280	-0.174044	174	19	42	422.70
-1.832596	0.762244	-0.273349	184	31	48	422.67
0.785398	1.504028	0.636812	51	178	173	422.64
-0.785398	1.247695	1.809890	186	25	50	422.63
-1.308997	1.554776	0.100351	31	184	4	422.62
1.047198	2.379497	0.561089	37	177	5	422.60
-2.879793	0.850607	-1.335383	180	18	51	422.59
-1.570796	2.984978	1.954446	161	23	34	422.58
0.785398	0.961715	0.014085	174	6	44	422.56
2.617994	1.448123	-2.163292	171	18	50	422.56
-0.261799	2.180315	-1.357379	175	9	47	422.53
2.094395	1.325504	-1.671296	174	15	51	422.52
-2.879793	1.812176	0.656819	179	26	47	422.50
1.570796	2.187132	-0.479875	169	14	37	422.46
2.617994	2.863997	0.549740	174	10	38	422.45
2.356194	1.135813	-2.658866	173	34	41	422.44
-1.308997	1.310100	1.488307	177	14	41	422.42
1.308997	1.809167	1.213774	175	22	46	422.40
-1.047198	2.719179	-1.780644	173	13	47	422.38
-1.832596	1.982574	-1.115518	175	29	48	422.37
2.879793	1.554776	0.100351	166	15	37	422.37
1.047198	1.440580	2.260026	174	13	49	422.35
-0.523599	2.396274	-1.959260	50	183	172	422.32
1.832596	2.760637	2.781135	173	13	41	422.31
1.832596	0.709924	0.218797	175	28	43	422.30
2.879793	1.134796	2.434290	175	9	37	422.30
-1.570796	1.812176	0.656819	179	19	47	422.30
-2.617994	0.615174	-0.666022	177	19	45	422.27
0.261799	1.391910	3.030322	173	21	43	422.27
1.047198	1.510910	-0.740472	167	6	42	422.22
-0.785398	1.699788	2.452890	169	26	43	422.22
-2.617994	0.906588	1.252948	183	5	46	422.21
0.261799	1.367556	0.358405	171	9	39	422.18
2.879793	1.256302	0.062705	170	18	42	422.14
-1.047198	1.195355	1.200319	170	18	38	422.14
0.261799	1.977582	0.969896	53	178	185	422.06
-1.570796	2.984978	1.954446	169	23	43	422.00
0.523599	1.184361	0.625864	173	22	37	421.95
1.047198	1.732874	-0.951685	179	26	45	421.89
-2.879793	0.571433	-1.188419	183	13	50	421.87
2.356194	1.506530	1.988858	177	10	46	421.84
-1.047198	1.113094	-0.272241	171	22	44	421.81
-3.141593	1.812176	0.656819	159	171	8	421.81
-0.261799	1.683268	0.374177	175	26	39	421.69
2.617994	1.977582	0.969896	175	30	48	421.67
1.047198	1.555207	1.708892	176	17	50	421.65
2.356194	0.458961	-0.107937	171	25	39	421.61
-2.094395	1.510910	-0.740472	179	29	49	421.59
2.879793	2.108018	1.311430	171	19	43	421.58
-0.261799	0.929350	-2.910676	166	20	34	421.52
-2.356194	0.960688	-0.577532	174	22	43	421.52
2.879793	1.683268	0.374177	177	24	47	421.50
-1.308997	1.488617	1.159546	180	8	40	421.49
1.308997	1.998705	2.370472	175	7	44	421.48
1.308997	0.899350	-2.069907	169	18	41	421.43
-2.094395	0.850607	-1.335383	172	16	43	421.38
2.879793	1.128190	-2.288622	169	12	45	421.38
0.785398	1.045978	0.343692	173	24	37	421.36
-0.261799	1.741644	-2.695914	175	12	40	421.34
1.047198	1.948085	-2.363031	183	29	48	421.33
-1.047198	0.864993	2.278281	187	34	44	421.30
2.879793	2.478122	2.609777	168	21	38	421.24
0.785398	1.904882	-1.478089	174	9	42	421.23
-1.570796	1.374601	-2.456031	176	15	44	421.20
2.879793	1.113094	-0.272241	165	19	37	421.14
2.094395	2.724429	-0.348782	171	13	39	421.08
2.879793	1.948085	-2.363031	169	19	48	421.07
0.000000	1.824694	1.850876	173	13	44	421.05
-2.094395	0.762244	-0.273349	54	182	169	421.03
-0.785398	1.256302	0.062705	167	19	41	420.94
0.523599	1.617114	-1.572037	173	21	46	420.92
-2.617994	0.992645	-1.723759	174	13	49	420.89
2.879793	2.174483	2.653697	176	9	40	420.73
2.356194	0.914445	2.687814	177	16	43	420.68
-1.832596	2.407836	1.410646	168	13	38	420.63
-0.523599	0.831641	0.616218	165	14	37	420.63
-0.785398	2.349581	-2.702517	174	12	39	420.61
-2.617994	0.992645	-1.723759	171	11	44	420.61
0.523599	1.606104	-0.451151	165	16	42	420.60
0.261799	1.050534	3.042579	165	17	37	420.60
2.617994	1.367556	0.358405	176	22	47	420.58
-2.356194	1.756530	-2.105156	165	15	43	420.56
1.570796	0.709924	0.218797	175	9	38	420.51
-3.141593	1.134796	2.434290	182	22	45	420.46
2.879793	2.455966	-0.641220	178	14	44	420.45
0.785398	0.961715	0.014085	170	5	40	420.44
-2.356194	1.812176	0.656819	170	11	44	420.40
1.832596	1.413347	-1.339188	174	7	47	420.38
0.523599	1.367556	0.358405	50	174	174	420.38
0.785398	1.766067	2.153843	171	10	41	420.35
2.879793	0.762244	-0.273349	168	16	38	420.32
-1.308997	2.760637	2.781135	171	26	42	420.26
0.523599	2.478122	2.609777	171	11	44	420.21
-1.832596	1.982574	-1.115518	176	28	49	420.19
0.785398	2.588535	-2.976617	178	17	45	420.17
0.785398	1.134497	-1.109631	164	18	43	420.15
-0.523599	1.870545	-2.976234	171	19	40	420.12
-1.570796	0.290380	-0.796960	176	18	41	420.02
-2.879793	1.869911	2.701025	181	20	44	419.97
2.617994	1.050534	3.042579	169	21	39	419.97
-1.047198	0.831641	0.616218	165	22	36	419.97
0.000000	0.419640	2.974122	165	24	35	419.97
2.617994	1.812176	0.656819	27	179	7	419.87
0.785398	1.699788	2.452890	157	160	0	419.84
2.094395	2.379497	0.561089	174	9	40	419.83
2.879793	1.736875	3.023612	168	17	39	419.75
-1.832596	2.724429	-0.348782	176	17	42	419.75
2.356194	2.592629	0.909713	173	10	39	419.75
2.094395	2.104282	-0.813972	178	15	46	419.74
-1.832596	2.295480	1.008277	170	7	44	419.70
-1.570796	1.977582	0.969896	170	166	11	419.69
-0.785398	0.910508	1.903534	176	16	40	419.66
1.832596	1.135813	-2.658866	172	26	44	419.63
1.308997	1.977582	0.969896	180	24	47	419.63
2.094395	1.506530	1.988858	176	9	46	419.61
-2.094395	0.618092	2.539118	161	20	33	419.60
-1.308997	1.433411	-1.035986	179	28	50	419.59
-1.047198	1.875281	0.107086	166	17	35	419.58
-2.094395	0.379747	-1.713059	171	27	33	419.49
-0.785398	1.335669	0.897240	184	22	49	419.48
-1.047198	0.831641	0.616218	166	21	35	419.47
-0.785398	0.866395	-2.492918	178	19	43	419.47
1.570796	2.984978	1.954446	23	14	20	419.36
-0.523599	2.396274	-1.959260	174	11	43	419.33
-1.047198	1.214854	-1.966664	182	7	46	419.33
2.094395	2.664082	-1.071402	176	13	43	419.30
2.617994	1.741644	-2.695914	43	190	169	419.27
-3.141593	1.134796	2.434290	176	20	43	419.25
2.879793	1.335669	0.897240	168	17	46	419.23
0.000000	1.904882	-1.478089	176	15	50	419.20
2.094395	1.732874	-0.951685	172	11	41	419.19
-0.523599	2.881233	-2.582574	173	13	39	419.15
2.617994	1.413347	-1.339188	181	19	51	419.15
-1.832596	1.301460	-0.509251	176	26	47	419.13
-2.617994	1.846342	-1.796954	175	16	50	419.11
-1.308997	1.741644	-2.695914	173	9	37	419.08
2.879793	2.881233	-2.582574	52	177	171	419.06
-2.617994	2.760637	2.781135	175	15	42	419.04
0.000000	1.391910	3.030322	162	19	33	419.01
-3.141593	0.960688	-0.577532	190	21	50	418.96
1.570796	0.899350	-2.069907	168	28	45	418.90
-3.141593	1.135813	-2.658866	167	12	41	418.87
-0.785398	1.014500	0.906702	170	13	39	418.84
-0.785398	1.025536	1.576859	177	26	45	418.84
-1.308997	2.760637	2.781135	172	22	42	418.82
1.308997	2.719179	-1.780644	173	15	42	418.59
2.094395	2.001437	0.381215	28	184	7	418.59
-2.356194	0.866955	-0.931351	175	15	40	418.55
2.094395	2.404280	-0.174044	180	18	46	418.54
0.261799	2.404280	-0.174044	173	17	45	418.53
0.523599	2.719179	-1.780644	168	22	38	418.52
1.308997	1.014500	0.906702	171	17	41	418.51
-3.141593	0.370812	-2.547742	164	10	36	418.49
1.832596	1.721184	-0.153948	172	9	40	418.49
2.094395	1.554776	0.100351	172	22	41	418.42
-0.261799	0.961715	0.014085	41	179	3	418.42
0.785398	1.506530	1.988858	172	14	46	418.40
0.000000	1.809167	1.213774	178	12	47	418.36
1.047198	0.733948	3.021411	168	16	38	418.27
-3.141593	0.571433	-1.188419	172	12	39	418.24
1.047198	1.869911	2.701025	20	20	18	418.23
-0.523599	1.504028	0.636812	185	15	48	418.22
2.879793	1.824694	1.850876	180	19	49	418.22
2.617994	1.025536	1.576859	174	7	46	418.22
-2.617994	1.506530	1.988858	181	17	47	418.20
2.094395	1.218453	2.777284	180	19	44	418.12
-1.047198	2.404280	-0.174044	176	20	43	418.12
1.832596	1.872854	1.543456	177	14	46	418.03
-2.879793	1.721184	-0.153948	31	191	5	418.02
-2.617994	0.992645	-1.723759	175	20	49	418.00
-0.785398	2.719179	-1.780644	172	3	45	417.95
-0.523599	1.909857	-0.381669	169	15	43	417.90
2.617994	1.696674	-1.253233	173	11	42	417.89
2.356194	1.391910	3.030322	29	184	6	417.87
-2.094395	2.478122	2.609777	185	32	44	417.83
1.047198	2.456751	-1.503343	175	15	42	417.79
0.000000	1.135834	-1.431087	32	179	12	417.78
-0.261799	1.741644	-2.695914	180	21	44	417.77
2.356194	1.617114	-1.572037	181	16	54	417.74
-1.047198	1.872854	1.543456	176	13	48	417.74
-1.308997	0.910508	1.903534	184	27	44	417.69
0.261799	2.001437	0.381215	171	19	40	417.68
-2.356194	1.948085	-2.363031	175	11	50	417.63
0.785398	2.588535	-2.976617	167	8	37	417.60
-1.832596	2.295480	1.008277	169	7	43	417.59
2.094395	2.001437	0.381215	173	7	37	417.56
-0.785398	1.809167	1.213774	173	14	44	417.52
0.261799	1.766067	2.153843	157	166	5	417.47
1.832596	1.448123	-2.163292	173	28	50	417.46
-2.356194	2.089241	-0.114193	165	13	37	417.43
-0.261799	1.391910	3.030322	175	24	43	417.41
-0.785398	2.349581	-2.702517	174	9	37	417.32
1.832596	1.998705	2.370472	48	169	186	417.31
0.261799	1.809167	1.213774	187	21	51	417.26
2.356194	2.704512	1.488683	176	15	44	417.22
-2.617994	2.592629	0.909713	168	20	45	417.17
-1.832596	0.762244	-0.273349	183	26	47	417.07
0.785398	0.379747	-1.713059	173	30	43	417.00
-2.879793	1.504028	0.636812	167	12	44	416.99
0.000000	1.301460	-0.509251	168	13	44	416.97
-2.879793	2.863997	0.549740	169	19	43	416.95
2.617994	2.115563	0.685730	171	14	40	416.94
-0.523599	1.413347	-1.339188	180	16	51	416.93
-1.832596	0.899350	-2.069907	183	19	46	416.90
1.047198	1.014500	0.906702	179	24	48	416.89
2.879793	2.115563	0.685730	167	15	38	416.88
-1.570796	0.290380	-0.796960	54	186	175	416.87
-1.047198	1.184361	0.625864	171	20	41	416.85
0.000000	0.961715	0.014085	41	182	3	416.79
-1.832596	0.418037	1.360082	171	20	38	416.78
0.261799	2.455966	-0.641220	170	17	45	416.77
2.617994	1.168678	2.108595	177	13	45	416.69
-3.141593	2.041297	-2.664597	165	16	44	416.68
0.261799	1.488617	1.159546	180	16	48	416.67
0.785398	1.617114	-1.572037	176	18	50	416.63
0.000000	2.089241	-0.114193	171	22	43	416.57
-1.047198	0.619654	-2.216909	177	22	42	416.56
-3.141593	1.545873	-1.877082	22	185	13	416.52
-2.094395	2.592629	0.909713	169	14	45	416.51
1.832596	1.504028	0.636812	173	15	40	416.49
0.261799	1.599406	1.426070	181	21	50	416.48
1.047198	2.379497	0.561089	169	10	37	416.36
2.356194	1.135834	-1.431087	45	184	158	416.34
-0.785398	1.450119	-2.739050	177	17	43	416.27
-0.785398	2.407836	1.410646	166	168	11	416.19
-1.308997	1.741644	-2.695914	178	17	44	416.18
2.617994	2.187132	-0.479875	190	25	43	416.17
2.617994	1.809167	1.213774	176	24	51	416.15
2.879793	1.824694	1.850876	175	15	44	416.10
0.000000	1.606104	-0.451151	166	24	43	416.08
1.832596	2.719179	-1.780644	171	10	39	416.06
-0.523599	1.606104	-0.451151	161	176	9	415.98
2.617994	1.545873	-1.877082	179	26	50	415.93
1.308997	0.992645	-1.723759	182	28	50	415.93
0.523599	2.104282	-0.813972	27	168	7	415.91
0.261799	2.041297	-2.664597	179	18	44	415.90
0.000000	2.456751	-1.503343	178	5	49	415.84
2.617994	2.299159	2.264663	177	15	44	415.80
-0.261799	2.396274	-1.959260	48	186	165	415.76
2.617994	2.187132	-0.479875	55	187	177	415.75
-2.356194	2.001437	0.381215	167	8	40	415.68
-2.879793	1.301460	-0.509251	178	21	43	415.67
2.617994	1.736875	3.023612	167	20	38	415.65
0.000000	1.662363	0.915448	53	180	187	415.63
-3.141593	1.545873	-1.877082	172	12	44	415.61
0.523599	2.104282	-0.813972	168	7	44	415.61
2.617994	1.374601	-2.456031	167	21	46	415.61
0.523599	2.251330	-2.330739	179	25	44	415.59
1.832596	1.374601	-2.456031	184	37	43	415.54
1.570796	2.104282	-0.813972	177	13	47	415.53
1.308997	1.184361	0.625864	172	18	38	415.53
-0.523599	2.478122	2.609777	165	20	42	415.53
1.308997	1.699788	2.452890	181	18	47	415.50
2.617994	1.824694	1.850876	190	22	52	415.48
0.523599	1.766067	2.153843	168	14	42	415.46
-0.261799	2.063651	-2.044600	172	17	41	415.44
1.832596	1.374601	-2.456031	171	33	46	415.35
2.094395	1.872854	1.543456	181	16	50	415.35
2.617994	1.325504	-1.671296	178	14	51	415.30
-1.832596	1.135834	-1.431087	186	19	52	415.26
0.261799	1.870545	-2.976234	166	14	35	415.26
-1.832596	0.619654	-2.216909	179	21	43	415.21
1.308997	1.433411	-1.035986	170	7	45	415.19
0.000000	0.762244	-0.273349	43	181	0	415.14
0.785398	1.367556	0.358405	172	23	38	415.11
2.356194	2.343981	-1.040456	180	15	47	415.05
-0.261799	0.762244	-0.273349	172	17	46	415.04
2.356194	1.574060	2.783565	165	24	33	414.98
-0.261799	1.391910	3.030322	172	17	41	414.97
-2.617994	2.164094	-2.991358	173	17	44	414.96
1.308997	2.396274	-1.959260	178	24	45	414.93
1.570796	1.510910	-0.740472	185	13	49	414.81
1.570796	2.979456	-1.009304	166	18	36	414.75
-3.141593	2.104282	-0.813972	174	9	38	414.73
-2.879793	1.448123	-2.163292	52	179	163	414.72
-1.308997	1.488617	1.159546	177	11	40	414.70
-2.094395	1.741644	-2.695914	26	184	7	414.69
2.617994	2.407836	1.410646	185	32	48	414.69
1.832596	1.335669	0.897240	174	18	46	414.67
1.832596	1.836682	-0.676006	177	9	45	414.65
-2.879793	1.617114	-1.572037	174	15	44	414.62
-1.570796	0.619654	-2.216909	31	181	7	414.60
2.617994	1.310100	1.488307	174	9	46	414.57
2.094395	2.174483	2.653697	170	13	37	414.57
-1.570796	1.909857	-0.381669	171	28	42	414.45
2.879793	2.299159	2.264663	53	179	188	414.45
0.523599	2.180315	-1.357379	178	8	49	414.41
-2.879793	1.904882	-1.478089	180	20	51	414.37
-3.141593	1.662363	0.915448	53	176	169	414.35
2.879793	1.766067	2.153843	178	12	44	414.26
1.308997	2.251330	-2.330739	176	22	44	414.22
-0.261799	1.113094	-0.272241	174	22	47	414.21
0.523599	0.379747	-1.713059	177	22	44	414.21
-0.785398	1.135813	-2.658866	176	8	36	414.20
2.617994	1.948085	-2.363031	172	15	43	414.19
0.261799	1.194549	-0.801900	167	26	45	414.19
-0.261799	1.413347	-1.339188	178	14	49	414.19
-0.523599	1.846342	-1.796954	50	181	172	414.18
-2.617994	1.325504	-1.671296	171	17	48	414.11
-0.523599	0.379747	-1.713059	179	24	43	414.10
1.047198	1.504028	0.636812	175	22	43	414.09
0.785398	1.732874	-0.951685	177	25	46	414.04
-1.047198	1.195355	1.200319	50	183	168	414.04
-3.141593	1.310100	1.488307	177	8	45	413.97
-0.261799	1.662363	0.915448	182	15	48	413.96
-2.879793	1.683268	0.374177	184	30	39	413.90
2.094395	1.909857	-0.381669	175	30	40	413.87
-0.261799	1.617114	-1.572037	183	25	54	413.83
1.570796	1.135834	-1.431087	167	11	45	413.76
2.617994	1.168678	2.108595	175	16	44	413.73
-2.356194	1.433411	-1.035986	176	18	45	413.72
-0.785398	2.724429	-0.348782	165	21	37	413.69
0.261799	1.812176	0.656819	170	24	38	413.68
1.832596	1.504028	0.636812	178	21	47	413.67
2.356194	1.662363	0.915448	171	15	41	413.66
-1.047198	1.135813	-2.658866	175	12	38	413.66
-0.261799	1.662363	0.915448	183	15	49	413.65
0.523599	1.766067	2.153843	176	14	51	413.53
0.261799	1.194549	-0.801900	172	18	49	413.44
-2.356194	0.379747	-1.713059	186	30	40	413.43
1.047198	0.992645	-1.723759	167	25	43	413.42
0.523599	1.506530	1.988858	52	179	168	413.34
-2.879793	0.571433	-1.188419	174	10	38	413.34
-3.141593	1.504028	0.636812	165	11	39	413.30
2.356194	2.407836	1.410646	174	18	43	413.26
0.000000	1.606104	-0.451151	167	10	42	413.26
2.617994	0.458961	-0.107937	181	18	45	413.15
1.570796	1.904882	-1.478089	178	13	48	413.15
-0.785398	1.247695	1.809890	185	24	50	413.15
-1.832596	1.812176	0.656819	173	12	42	413.09
-0.785398	1.545873	-1.877082	176	14	44	413.08
0.523599	2.174483	2.653697	170	14	44	413.08
-0.261799	1.617114	-1.572037	181	20	51	413.07
-1.308997	1.812176	0.656819	180	18	47	413.02
-2.617994	1.736875	3.023612	178	22	43	412.96
0.261799	1.014500	0.906702	177	21	42	412.91
-2.094395	2.478122	2.609777	176	12	39	412.87
1.047198	0.762244	-0.273349	174	8	46	412.86
0.785398	1.766067	2.153843	171	11	42	412.86
-2.617994	1.135834	-1.431087	52	178	178	412.83
-0.523599	2.349581	-2.702517	176	10	39	412.82
-0.785398	0.910508	1.903534	175	16	40	412.76
2.879793	0.640596	-2.797608	165	22	39	412.76
-2.356194	1.948085	-2.363031	170	7	45	412.71
2.617994	1.128190	-2.288622	165	11	42	412.68
-3.141593	1.367556	0.358405	186	26	42	412.65
0.785398	0.709924	0.218797	178	13	45	412.64
2.879793	2.295480	1.008277	172	21	45	412.57
-2.879793	1.413430	2.550734	55	179	176	412.53
-0.523599	1.256302	0.062705	167	13	39	412.49
-2.094395	1.194549	-0.801900	171	20	42	412.49
-2.094395	2.704512	1.488683	163	23	39	412.48
-2.617994	2.704512	1.488683	24	187	8	412.45
-3.141593	0.297065	2.160177	54	176	175	412.44
2.617994	1.736875	3.023612	166	21	38	412.44
-0.523599	2.407836	1.410646	181	12	49	412.27
-1.570796	1.809167	1.213774	179	7	47	412.25
2.879793	1.242974	-2.977882	171	19	42	412.21
-1.047198	1.135813	-2.658866	177	11	40	412.14
-2.617994	2.349581	-2.702517	166	11	43	412.01
0.523599	1.128190	-2.288622	177	26	45	412.01
0.000000	1.721184	-0.153948	171	20	42	412.00
2.879793	2.349581	-2.702517	164	23	41	411.99
-2.356194	2.379497	0.561089	162	168	8	411.96
1.570796	2.984978	1.954446	175	18	45	411.93
-1.047198	1.875281	0.107086	184	11	44	411.91
-2.356194	0.458961	-0.107937	174	21	39	411.90
-1.308997	0.910508	1.903534	181	19	43	411.87
-0.523599	1.599406	1.426070	178	22	48	411.85
-1.308997	2.588535	-2.976617	18	20	23	411.79
2.356194	0.458961	-0.107937	171	26	39	411.71
2.356194	1.617114	-1.572037	169	15	42	411.63
0.261799	1.721184	-0.153948	172	16	42	411.60
-1.832596	2.356369	3.005869	175	4	37	411.60
1.308997	1.045978	0.343692	174	20	37	411.54
-0.523599	1.504028	0.636812	170	15	38	411.53
0.261799	1.391910	3.030322	172	15	41	411.51
2.094395	2.001437	0.381215	171	11	39	411.47
1.570796	1.214854	-1.966664	169	22	46	411.47
2.879793	1.824694	1.850876	187	20	51	411.44
2.356194	2.379497	0.561089	172	18	42	411.26
2.617994	1.506530	1.988858	174	10	41	411.25
-3.141593	1.135813	-2.658866	164	5	37	411.25
-1.832596	0.685216	-1.712745	186	24	45	411.24
-0.261799	2.138223	1.678323	180	13	51	411.17
-3.141593	2.041297	-2.664597	177	23	47	411.12
0.000000	1.846342	-1.796954	187	22	54	411.07
-2.356194	2.247462	0.191623	171	6	40	411.07
1.570796	1.809167	1.213774	174	20	44	411.01
-2.356194	1.128190	-2.288622	30	2	3	411.00
2.617994	1.846342	-1.796954	169	16	42	410.96
2.617994	0.910508	1.903534	172	13	42	410.87
2.617994	1.506530	1.988858	173	12	41	410.84
1.047198	1.134497	-1.109631	170	19	48	410.81
2.356194	1.869911	2.701025	176	17	43	410.81
-2.094395	1.870545	-2.976234	170	8	37	410.79
2.094395	2.089241	-0.114193	179	29	42	410.71
1.047198	0.640596	-2.797608	27	3	5	410.70
2.094395	1.721184	-0.153948	171	7	34	410.67
-0.523599	2.881233	-2.582574	179	15	44	410.67
-1.570796	1.741644	-2.695914	16	29	12	410.66
-1.570796	1.909857	-0.381669	33	180	5	410.63
1.570796	1.325504	-1.671296	160	162	188	410.61
-0.785398	1.045978	0.343692	167	24	41	410.52
-0.523599	1.025536	1.576859	175	25	45	410.51
0.000000	2.587733	0.232235	166	21	39	410.41
0.000000	0.615174	-0.666022	167	23	40	410.40
-1.570796	1.977582	0.969896	177	4	45	410.36
2.879793	2.407836	1.410646	177	17	44	410.33
-2.879793	1.504028	0.636812	168	14	44	410.32
0.000000	2.138223	1.678323	171	15	44	410.29
0.785398	2.881233	-2.582574	167	17	40	410.28
-2.094395	1.510910	-0.740472	174	18	42	410.25
0.000000	2.063651	-2.044600	44	184	159	410.24
1.570796	2.138223	1.678323	179	14	46	410.23
2.356194	1.184361	0.625864	172	17	45	410.19
1.570796	2.063651	-2.044600	187	27	53	410.19
-0.785398	1.545873	-1.877082	181	22	48	410.19
2.617994	2.108018	1.311430	50	180	187	410.15
-3.141593	1.683268	0.374177	186	30	39	410.13
0.785398	2.719179	-1.780644	168	18	37	410.03
1.308997	2.343981	-1.040456	172	15	40	410.00
-0.523599	1.662363	0.915448	182	16	49	409.83
-1.570796	0.850607	-1.335383	182	16	51	409.78
2.879793	0.640596	-2.797608	169	11	39	409.76
2.617994	2.455966	-0.641220	185	22	47	409.65
-0.261799	1.721184	-0.153948	164	11	39	409.65
0.785398	2.456751	-1.503343	179	11	45	409.58
2.356194	2.104282	-0.813972	179	17	47	409.57
1.308997	2.180315	-1.357379	180	10	46	409.48
0.523599	0.619654	-2.216909	174	19	42	409.46
0.523599	2.587733	0.232235	169	13	40	409.46
-0.523599	1.450119	-2.739050	173	12	37	409.43
0.000000	2.153910	-1.714959	49	185	167	409.43
0.000000	1.413347	-1.339188	172	26	48	409.43
2.879793	2.760637	2.781135	180	22	45	409.35
1.832596	2.164094	-2.991358	175	32	42	409.30
-1.570796	0.762244	-0.273349	177	18	44	409.28
1.570796	1.325504	-1.671296	176	24	51	409.22
2.356194	1.555207	1.708892	180	14	51	409.21
-1.570796	0.496451	0.593859	176	11	39	409.20
-2.617994	0.733948	3.021411	175	14	43	409.19
-3.141593	2.719179	-1.780644	170	17	41	409.18
0.523599	1.998705	2.370472	167	11	38	409.11
0.523599	1.135813	-2.658866	182	29	44	409.06
1.832596	1.872854	1.543456	184	21	52	409.04
-2.617994	1.448123	-2.163292	166	163	13	409.03
-2.094395	1.696674	-1.253233	179	26	50	409.00
2.617994	0.615174	-0.666022	48	183	168	408.99
-2.617994	1.448123	-2.163292	166	12	40	408.92
1.832596	2.343981	-1.040456	36	178	11	408.82
-2.356194	1.977582	0.969896	170	16	48	408.78
-1.047198	2.588535	-2.976617	176	26	43	408.77
-2.879793	2.393226	1.857173	180	27	48	408.74
2.094395	1.510910	-0.740472	175	15	44	408.72
1.832596	1.869911	2.701025	175	20	43	408.70
-2.617994	0.619654	-2.216909	171	14	46	408.61
1.308997	1.869911	2.701025	176	23	43	408.53
0.261799	2.393226	1.857173	50	180	168	408.53
-0.785398	0.910508	1.903534	33	184	7	408.45
0.261799	2.455966	-0.641220	171	16	45	408.42
0.261799	1.417623	-0.202254	167	7	38	408.40
1.832596	1.128190	-2.288622	49	176	175	408.34
2.879793	1.214854	-1.966664	173	15	49	408.30
0.785398	2.664082	-1.071402	51	175	169	408.30
0.000000	1.256302	0.062705	170	13	43	408.25
0.261799	1.413347	-1.339188	172	19	45	408.24
1.308997	1.413347	-1.339188	46	176	165	408.19
2.094395	1.168678	2.108595	181	9	49	408.19
2.356194	2.760637	2.781135	171	12	41	408.18
0.785398	2.041297	-2.664597	171	19	40	408.17
0.000000	1.545873	-1.877082	178	15	46	408.16
2.879793	2.379497	0.561089	167	20	41	408.13
0.000000	1.335669	0.897240	53	183	183	408.13
-0.785398	1.846342	-1.796954	176	21	47	408.07
1.832596	1.766067	2.153843	181	19	48	408.07
2.879793	1.756530	-2.105156	172	15	49	408.07
-2.617994	1.870545	-2.976234	169	11	40	408.06
1.047198	1.869911	2.701025	171	11	43	407.95
2.617994	2.001437	0.381215	171	23	44	407.89
2.879793	1.488617	1.159546	173	18	50	407.89
1.570796	1.732874	-0.951685	179	5	49	407.87
2.617994	1.413347	-1.339188	48	168	181	407.86
2.617994	1.756530	-2.105156	173	18	49	407.78
-0.261799	1.869911	2.701025	167	23	44	407.77
1.570796	0.992645	-1.723759	169	23	48	407.74
-0.523599	1.367556	0.358405	165	19	38	407.72
0.785398	2.251330	-2.330739	178	25	44	407.70
2.094395	1.504028	0.636812	176	22	47	407.66
2.356194	2.456751	-1.503343	179	19	47	407.65
0.000000	2.073035	2.027405	177	15	50	407.63
-2.617994	2.251330	-2.330739	167	14	45	407.63
-2.617994	0.866395	-2.492918	168	7	41	407.62
0.000000	2.587733	0.232235	52	181	169	407.60
0.785398	2.592629	0.909713	38	180	7	407.55
-0.261799	1.488617	1.159546	177	15	45	407.50
1.832596	0.864993	2.278281	179	14	45	407.49
1.832596	1.824694	1.850876	177	10	45	407.49
-0.523599	2.579248	-2.364801	180	10	45	407.39
0.261799	1.721184	-0.153948	169	20	41	407.35
0.000000	2.073035	2.027405	177	16	50	407.33
-0.523599	1.184361	0.625864	172	18	41	407.26
1.308997	1.846342	-1.796954	178	19	49	407.26
-3.141593	1.870545	-2.976234	173	18	45	407.26
2.617994	2.356369	3.005869	160	22	34	407.18
-0.261799	0.866395	-2.492918	177	18	43	407.15
1.308997	1.870545	-2.976234	174	20	43	407.14
-2.094395	0.960688	-0.577532	174	20	43	407.12
-0.261799	1.574060	2.783565	167	26	42	406.91
-1.570796	1.310100	1.488307	185	14	48	406.89
1.047198	1.982574	-1.115518	180	21	48	406.85
2.094395	2.455966	-0.641220	169	15	38	406.84
0.000000	2.343981	-1.040456	173	15	49	406.81
0.000000	2.180315	-1.357379	175	9	47	406.76
-2.617994	2.592629	0.909713	164	20	42	406.74
2.356194	1.982574	-1.115518	176	14	45	406.74
-0.261799	1.194549	-0.801900	54	173	172	406.70
2.356194	1.433411	-1.035986	183	15	49	406.67
2.617994	1.504028	0.636812	168	26	44	406.65
0.785398	1.766067	2.153843	169	13	44	406.64
2.879793	1.310100	1.488307	175	9	45	406.62
1.308997	2.455966	-0.641220	177	10	45	406.46
2.094395	1.904882	-1.478089	187	18	54	406.44
-2.356194	1.617114	-1.572037	50	179	166	406.37
2.356194	2.187132	-0.479875	54	168	183	406.36
-0.261799	1.135813	-2.658866	171	13	36	406.35
1.308997	1.325504	-1.671296	171	18	46	406.35
-1.047198	1.014500	0.906702	188	23	48	406.33
0.785398	2.343981	-1.040456	178	2	46	406.31
1.047198	1.948085	-2.363031	176	19	43	406.28
-1.308997	2.588535	-2.976617	179	10	43	406.13
-0.261799	1.606104	-0.451151	161	173	9	406.13
2.617994	1.872854	1.543456	185	26	52	406.11
0.261799	2.349581	-2.702517	171	20	40	406.07
-2.356194	2.001437	0.381215	168	6	40	406.04
0.523599	0.929350	-2.910676	171	10	36	405.94
-0.261799	1.904882	-1.478089	176	15	50	405.93
-3.141593	1.812176	0.656819	160	169	8	405.91
-0.523599	2.251330	-2.330739	47	186	169	405.85
-1.570796	1.214854	-1.966664	169	165	11	405.78
0.261799	2.393226	1.857173	171	10	41	405.75
0.785398	1.335669	0.897240	177	18	46	405.75
1.832596	1.836682	-0.676006	178	10	46	405.71
2.617994	2.407836	1.410646	49	179	164	405.69
-1.832596	1.662363	0.915448	180	6	48	405.64
-2.879793	1.440580	2.260026	181	20	46	405.57
-0.261799	2.881233	-2.582574	54	169	179	405.51
-2.617994	2.404280	-0.174044	172	16	42	405.49
0.523599	0.914445	2.687814	166	19	41	405.46
2.094395	2.724429	-0.348782	174	14	43	405.43
-0.785398	1.335669	0.897240	169	17	38	405.42
1.832596	1.846342	-1.796954	182	23	54	405.41
1.832596	2.089241	-0.114193	172	11	40	405.40
1.570796	1.135834	-1.431087	185	28	50	405.37
-1.832596	1.214854	-1.966664	181	11	50	405.37
-2.094395	1.948085	-2.363031	178	8	50	405.31
1.832596	2.089241	-0.114193	174	10	42	405.31
-1.570796	2.704512	1.488683	166	15	44	405.30
-3.141593	2.881233	-2.582574	169	16	41	405.17
-2.356194	2.592629	0.909713	163	15	39	405.15
-0.261799	0.709924	0.218797	169	20	44	405.14
2.617994	2.299159	2.264663	175	9	40	405.11
-3.141593	2.138223	1.678323	179	20	48	405.07
-1.308997	0.906588	1.252948	172	22	40	404.89
-0.523599	0.960688	-0.577532	176	18	49	404.87
1.832596	2.664082	-1.071402	175	15	43	404.85
0.000000	1.982574	-1.115518	173	18	52	404.81
0.000000	2.396274	-1.959260	176	8	42	404.81
2.617994	1.658653	-2.409879	170	23	48	404.78
-3.141593	1.184361	0.625864	166	13	42	404.77
-0.523599	1.574060	2.783565	176	10	39	404.75
2.094395	1.909857	-0.381669	178	12	45	404.75
2.094395	2.404280	-0.174044	177	10	43	404.67
1.047198	1.599406	1.426070	179	23	51	404.63
-2.094395	1.741644	-2.695914	175	12	45	404.61
2.617994	2.396274	-1.959260	173	20	45	404.60
-0.261799	1.413347	-1.339188	177	15	48	404.52
2.879793	1.696674	-1.253233	179	15	47	404.50
2.094395	1.554776	0.100351	172	12	39	404.50
-1.047198	2.089241	-0.114193	184	26	46	404.45
-0.261799	1.256302	0.062705	169	18	43	404.38
1.047198	2.343981	-1.040456	178	14	47	404.37
-0.261799	2.456751	-1.503343	175	5	45	404.34
2.617994	1.134796	2.434290	170	13	35	404.27
-2.617994	2.089241	-0.114193	174	15	43	404.27
-3.141593	1.301460	-0.509251	184	18	45	404.25
-0.261799	1.909857	-0.381669	165	15	42	404.20
2.879793	0.929350	-2.910676	171	17	42	404.19
2.879793	1.325504	-1.671296	47	171	185	404.09
-0.785398	1.599406	1.426070	173	19	45	404.06
-0.785398	1.875281	0.107086	185	12	44	403.97
2.879793	1.488617	1.159546	170	13	45	403.95
-2.879793	1.721184	-0.153948	179	25	40	403.93
0.261799	2.251330	-2.330739	189	19	48	403.93
-0.261799	0.709924	0.218797	41	183	4	403.86
-2.356194	0.379747	-1.713059	183	25	42	403.81
2.617994	0.992645	-1.723759	21	186	12	403.74
-2.356194	1.662363	0.915448	179	19	48	403.67
2.879793	2.349581	-2.702517	169	10	37	403.63
-2.617994	1.135834	-1.431087	175	14	47	403.63
-2.617994	1.113094	-0.272241	170	9	39	403.54
0.785398	1.846342	-1.796954	179	15	48	403.52
2.617994	2.001437	0.381215	170	23	43	403.44
0.785398	2.587733	0.232235	170	16	43	403.43
-1.308997	1.214854	-1.966664	54	177	186	403.42
-1.047198	1.555207	1.708892	48	173	184	403.41
0.523599	2.299159	2.264663	175	16	47	403.35
-3.141593	2.033014	2.977192	167	16	39	403.28
-0.785398	2.089241	-0.114193	182	25	46	403.27
-0.261799	2.760637	2.781135	163	15	38	403.15
-0.261799	0.370812	-2.547742	176	21	42	403.13
0.523599	1.045978	0.343692	170	4	38	403.01
2.879793	1.998705	2.370472	178	20	44	402.96
-2.356194	1.662363	0.915448	174	10	48	402.93
0.261799	2.153910	-1.714959	177	13	46	402.91
-0.785398	0.831641	0.616218	0	22	46	402.90
0.523599	1.510910	-0.740472	164	13	41	402.86
-1.308997	1.809167	1.213774	175	11	41	402.82
0.523599	1.809167	1.213774	183	21	49	402.81
0.785398	2.174483	2.653697	171	12	44	402.81
2.356194	1.450119	-2.739050	166	17	37	402.81
-2.879793	1.875281	0.107086	181	30	38	402.76
-2.879793	2.349581	-2.702517	167	18	46	402.75
1.832596	1.824694	1.850876	179	13	48	402.67
-2.617994	1.450119	-2.739050	155	154	188	402.66
-0.523599	2.349581	-2.702517	54	167	181	402.56
-3.141593	0.960688	-0.577532	179	13	42	402.49
-1.832596	1.904882	-1.478089	173	21	49	402.48
1.047198	0.992645	-1.723759	168	26	44	402.47
-0.785398	2.089241	-0.114193	165	21	38	402.47
-2.356194	1.617114	-1.572037	172	20	49	402.44
-3.141593	1.134796	2.434290	54	172	184	402.33
-2.617994	0.619654	-2.216909	168	7	39	402.32
-2.356194	2.089241	-0.114193	167	10	36	402.31
2.879793	1.872854	1.543456	177	19	49	402.30
0.000000	1.554776	0.100351	176	30	41	402.28
-2.879793	2.349581	-2.702517	164	14	42	402.26
1.308997	1.846342	-1.796954	177	19	48	402.26
1.308997	1.128190	-2.288622	173	24	46	402.25
0.261799	1.504028	0.636812	182	17	46	402.23
-1.832596	0.618092	2.539118	165	14	35	402.22
1.832596	1.998705	2.370472	172	12	39	402.19
-1.570796	1.658653	-2.409879	175	12	44	402.18
1.570796	0.961715	0.014085	181	31	43	402.14
2.617994	2.579248	-2.364801	168	17	40	402.13
0.000000	1.256302	0.062705	40	179	4	402.10
2.617994	1.247695	1.809890	183	12	51	402.09
-3.141593	2.356369	3.005869	161	11	35	402.07
0.785398	1.510910	-0.740472	164	10	42	401.99
-1.308997	0.762244	-0.273349	176	15	40	401.98
-1.047198	2.063651	-2.044600	183	8	51	401.89
1.832596	1.766067	2.153843	179	8	47	401.80
1.832596	1.448123	-2.163292	170	22	46	401.75
-2.879793	1.433411	-1.035986	183	26	51	401.70
0.000000	1.554776	0.100351	176	29	41	401.70
2.879793	1.504028	0.636812	166	22	44	401.67
0.785398	1.433411	-1.035986	167	13	45	401.54
1.308997	2.180315	-1.357379	169	19	40	401.51
-2.094395	1.413347	-1.339188	177	20	51	401.44
2.617994	1.658653	-2.409879	50	168	174	401.44
1.570796	0.615174	-0.666022	172	10	46	401.44
-3.141593	0.290380	-0.796960	182	9	46	401.37
-1.047198	1.812176	0.656819	180	15	47	401.33
-2.356194	2.251330	-2.330739	172	16	50	401.26
-1.570796	0.674054	1.013609	174	23	42	401.19
-0.261799	2.456751	-1.503343	173	6	46	401.18
-1.570796	0.910508	1.903534	165	22	34	401.16
-1.570796	1.836682	-0.676006	50	167	165	401.15
1.832596	1.128190	-2.288622	170	32	45	401.13
0.000000	1.488617	1.159546	179	16	48	401.11
2.617994	2.180315	-1.357379	176	19	47	401.06
2.879793	1.247695	1.809890	177	10	46	401.04
1.308997	1.732874	-0.951685	174	4	46	401.03
2.879793	1.662363	0.915448	170	22	48	400.89
1.308997	2.664082	-1.071402	170	14	38	400.88
-1.832596	1.809167	1.213774	178	13	51	400.87
0.785398	1.045978	0.343692	51	175	176	400.81
-2.617994	2.089241	-0.114193	35	179	7	400.80
2.356194	1.766067	2.153843	176	12	44	400.76
1.570796	1.391910	3.030322	178	10	43	400.73
-2.094395	1.488617	1.159546	184	25	48	400.70
-0.785398	0.290380	-0.796960	176	25	42	400.69
2.879793	2.115563	0.685730	169	17	42	400.58
2.094395	1.872854	1.543456	180	15	49	400.56
2.879793	2.063651	-2.044600	175	16	47	400.44
-2.879793	2.356369	3.005869	170	18	41	400.31
-1.570796	1.909857	-0.381669	34	181	6	400.25
-0.261799	0.960688	-0.577532	172	15	44	400.18
0.785398	1.998705	2.370472	161	157	2	400.11
2.617994	2.033014	2.977192	167	23	39	400.10
0.000000	0.733948	3.021411	165	23	36	400.04
1.047198	1.545873	-1.877082	177	17	48	400.04
0.523599	1.194549	-0.801900	163	17	42	399.98
-2.617994	1.948085	-2.363031	173	14	50	399.93
-0.523599	1.135813	-2.658866	172	14	37	399.92
2.879793	1.732874	-0.951685	53	178	178	399.83
1.570796	1.128190	-2.288622	24	1	8	399.81
-2.617994	1.982574	-1.115518	171	27	42	399.80
1.047198	1.699788	2.452890	168	8	39	399.77
-0.785398	1.506530	1.988858	178	22	48	399.74
0.000000	2.587733	0.232235	165	21	37	399.64
-1.832596	0.850607	-1.335383	174	13	42	399.58
2.879793	1.413430	2.550734	183	16	46	399.53
0.523599	2.456751	-1.503343	177	6	42	399.49
2.356194	1.766067	2.153843	178	13	45	399.49
1.308997	2.984978	1.954446	170	13	37	399.48
0.000000	1.218453	2.777284	166	25	41	399.45
1.308997	0.640596	-2.797608	177	14	43	399.42
-2.356194	0.571433	-1.188419	174	16	43	399.29
2.879793	1.448123	-2.163292	172	15	50	399.22
-2.356194	2.379497	0.561089	166	9	41	399.22
0.785398	1.948085	-2.363031	176	14	42	399.18
-2.356194	2.379497	0.561089	170	10	44	399.09
2.879793	1.218453	2.777284	175	19	42	399.04
-2.094395	1.135834	-1.431087	173	11	41	399.04
2.094395	1.554776	0.100351	175	24	44	399.01
-2.879793	1.948085	-2.363031	171	15	50	398.96
-2.356194	1.658653	-2.409879	172	16	45	398.95
-0.785398	1.367556	0.358405	188	14	47	398.88
0.261799	1.982574	-1.115518	169	13	48	398.85
-2.356194	1.433411	-1.035986	180	23	51	398.78
-1.047198	1.555207	1.708892	183	18	51	398.78
2.617994	1.982574	-1.115518	176	13	44	398.74
2.617994	2.041297	-2.664597	166	16	38	398.63
1.832596	1.904882	-1.478089	185	17	54	398.52
2.356194	1.662363	0.915448	172	27	48	398.52
2.356194	1.658653	-2.409879	168	22	46	398.46
-1.832596	1.433411	-1.035986	183	28	50	398.44
2.356194	1.433411	-1.035986	50	170	181	398.32
-0.261799	2.153910	-1.714959	175	14	45	398.20
2.617994	1.242974	-2.977882	171	22	42	398.19
0.523599	1.045978	0.343692	183	23	43	398.19
-0.261799	2.033014	2.977192	166	24	40	398.16
-0.785398	1.875281	0.107086	183	31	43	398.13
-0.785398	2.719179	-1.780644	175	9	47	398.12
0.523599	2.251330	-2.330739	189	21	48	398.07
0.785398	1.440580	2.260026	173	16	49	398.00
-1.832596	2.760637	2.781135	49	189	170	397.98
-3.141593	1.413430	2.550734	55	176	183	397.88
-0.261799	1.504028	0.636812	187	17	49	397.85
-2.356194	2.089241	-0.114193	34	181	7	397.84
2.879793	1.741644	-2.695914	166	20	45	397.83
2.356194	1.662363	0.915448	173	27	48	397.81
-1.308997	0.496451	0.593859	170	19	37	397.80
-1.047198	1.599406	1.426070	177	13	42	397.78
2.356194	2.587733	0.232235	175	30	43	397.77
0.000000	1.045978	0.343692	186	21	43	397.75
-2.356194	1.301460	-0.509251	181	25	47	397.63
-2.094395	1.128190	-2.288622	29	181	9	397.59
-2.094395	1.214854	-1.966664	179	11	50	397.50
2.879793	1.367556	0.358405	38	181	2	397.44
2.617994	2.063651	-2.044600	50	181	169	397.40
0.261799	0.685216	-1.712745	185	29	48	397.37
-2.356194	1.699788	2.452890	174	15	40	397.36
-3.141593	1.413430	2.550734	180	12	43	397.36
-1.047198	1.014500	0.906702	172	19	41	397.19
-0.261799	2.407836	1.410646	170	8	40	397.18
-1.047198	1.256302	0.062705	170	25	43	397.17
2.879793	2.001437	0.381215	179	30	45	397.14
-2.094395	0.960688	-0.577532	179	25	47	397.07
-0.261799	1.574060	2.783565	164	22	37	396.94
2.617994	2.396274	-1.959260	50	173	173	396.82
2.617994	1.325504	-1.671296	26	8	7	396.77
0.261799	2.104282	-0.813972	50	190	166	396.77
-3.141593	2.760637	2.781135	180	22	45	396.72
2.617994	1.574060	2.783565	164	21	33	396.71
-1.570796	2.001437	0.381215	178	29	39	396.71
-2.094395	1.732874	-0.951685	172	17	41	396.67
0.000000	0.419640	2.974122	167	23	37	396.65
1.308997	1.869911	2.701025	50	178	179	396.58
-1.832596	0.418037	1.360082	44	169	0	396.56
2.094395	1.506530	1.988858	177	6	44	396.46
2.879793	1.184361	0.625864	164	17	41	396.38
2.617994	2.063651	-2.044600	49	182	168	396.30
2.356194	2.478122	2.609777	172	10	40	396.29
-2.879793	2.760637	2.781135	179	21	45	396.23
-2.617994	1.440580	2.260026	174	15	40	396.21
1.308997	1.869911	2.701025	177	7	44	396.18
1.832596	1.766067	2.153843	178	7	45	396.16
-1.570796	1.836682	-0.676006	171	25	46	396.14
-0.523599	2.456751	-1.503343	52	176	173	396.08
-1.832596	1.374601	-2.456031	50	185	167	396.06
0.261799	2.396274	-1.959260	177	21	44	395.89
1.047198	1.506530	1.988858	170	11	40	395.89
2.617994	2.393226	1.857173	173	14	42	395.86
0.000000	1.488617	1.159546	178	18	49	395.85
-0.261799	1.045978	0.343692	39	180	6	395.83
-0.261799	1.413347	-1.339188	180	30	52	395.81
-1.047198	1.599406	1.426070	52	180	171	395.79
1.832596	1.836682	-0.676006	178	18	46	395.75
-2.617994	1.617114	-1.572037	49	172	165	395.71
0.785398	2.456751	-1.503343	178	12	45	395.69
-1.047198	1.875281	0.107086	165	19	35	395.63
-0.261799	1.301460	-0.509251	167	17	45	395.61
2.879793	0.960688	-0.577532	182	10	42	395.32
-0.523599	2.251330	-2.330739	47	185	167	395.29
2.617994	2.041297	-2.664597	171	16	42	395.15
0.523599	0.914445	2.687814	28	179	6	395.13
-0.523599	2.456751	-1.503343	53	181	165	395.09
2.094395	2.187132	-0.479875	171	10	37	395.08
-1.570796	2.164094	-2.991358	182	31	42	395.01
-1.047198	0.866395	-2.492918	174	22	41	395.00
2.617994	2.356369	3.005869	165	13	35	395.00
0.261799	1.846342	-1.796954	32	179	14	394.96
1.047198	1.846342	-1.796954	185	23	54	394.96
-2.617994	1.194549	-0.801900	176	17	42	394.85
-2.356194	2.984978	1.954446	177	12	42	394.78
-1.047198	1.247695	1.809890	177	21	43	394.76
0.000000	2.041297	-2.664597	165	19	34	394.76
-2.356194	1.658653	-2.409879	172	4	46	394.74
-0.785398	1.184361	0.625864	171	19	41	394.74
2.617994	1.391910	3.030322	171	23	41	394.71
2.617994	1.766067	2.153843	176	14	43	394.68
-3.141593	2.164094	-2.991358	173	22	44	394.45
-2.879793	1.683268	0.374177	173	18	46	394.45
0.261799	1.335669	0.897240	178	17	43	394.41
1.570796	1.510910	-0.740472	51	175	183	394.40
-2.094395	1.948085	-2.363031	173	5	47	394.38
-0.261799	1.574060	2.783565	165	22	39	394.19
2.617994	1.683268	0.374177	171	18	43	394.14
-2.879793	0.899350	-2.069907	172	22	46	394.14
2.617994	1.662363	0.915448	172	27	48	394.13
-0.785398	1.310100	1.488307	191	22	52	394.07
0.785398	2.180315	-1.357379	183	11	53	394.07
-1.308997	1.658653	-2.409879	173	13	42	393.97
-0.785398	2.588535	-2.976617	52	165	176	393.95
-2.879793	0.899350	-2.069907	168	9	39	393.89
-2.617994	0.866955	-0.931351	185	22	51	393.85
2.879793	0.615174	-0.666022	169	25	36	393.85
-1.570796	2.760637	2.781135	46	190	170	393.83
-0.261799	1.194549	-0.801900	171	19	48	393.78
-1.832596	0.899350	-2.069907	176	11	47	393.74
0.261799	2.153910	-1.714959	173	11	42	393.71
2.617994	1.766067	2.153843	178	11	43	393.68
-2.356194	2.349581	-2.702517	174	20	45	393.68
-0.785398	1.875281	0.107086	183	29	43	393.67
-2.356194	1.113094	-0.272241	169	7	38	393.60
-0.523599	1.812176	0.656819	183	12	48	393.59
-2.094395	2.704512	1.488683	55	176	167	393.58
-0.523599	1.433411	-1.035986	178	31	50	393.44
2.617994	1.662363	0.915448	172	26	48	393.41
-1.308997	0.619654	-2.216909	179	21	43	393.25
2.617994	1.367556	0.358405	174	18	45	393.24
0.261799	1.301460	-0.509251	169	14	46	393.20
2.356194	2.478122	2.609777	48	186	172	393.20
2.879793	0.762244	-0.273349	167	16	38	393.17
-3.141593	2.104282	-0.813972	179	9	43	393.06
-0.261799	2.153910	-1.714959	50	182	164	393.05
-1.308997	1.662363	0.915448	176	11	41	392.98
0.261799	1.599406	1.426070	51	176	178	392.95
1.308997	0.733948	3.021411	170	15	38	392.94
1.570796	1.982574	-1.115518	177	16	48	392.91
-1.047198	1.045978	0.343692	173	12	36	392.89
2.617994	1.658653	-2.409879	166	18	45	392.84
2.617994	2.138223	1.678323	174	14	43	392.83
-2.879793	1.545873	-1.877082	169	17	45	392.83
-1.308997	1.606104	-0.451151	52	176	168	392.75
2.617994	1.766067	2.153843	175	18	44	392.73
1.047198	0.733948	3.021411	169	16	39	392.72
0.785398	1.194549	-0.801900	167	19	45	392.67
-0.785398	1.045978	0.343692	52	180	168	392.63
-2.356194	1.870545	-2.976234	179	24	43	392.60
-2.879793	1.875281	0.107086	166	9	37	392.56
-0.523599	1.194549	-0.801900	177	37	44	392.54
2.617994	2.108018	1.311430	174	14	42	392.43
-2.094395	2.979456	-1.009304	171	18	41	392.42
-2.356194	2.349581	-2.702517	168	5	43	392.33
0.785398	1.194549	-0.801900	164	13	42	392.30
2.356194	2.180315	-1.357379	175	13	44	392.23
-0.261799	2.881233	-2.582574	54	167	178	392.22
1.047198	2.174483	2.653697	178	20	45	392.12
-0.523599	2.588535	-2.976617	170	17	39	392.10
-1.047198	2.396274	-1.959260	178	10	51	392.09
-3.141593	2.407836	1.410646	177	7	39	392.03
0.785398	2.379497	0.561089	165	14	35	391.94
-1.832596	0.619654	-2.216909	176	6	45	391.94
-1.570796	2.407836	1.410646	170	10	40	391.93
0.000000	1.732874	-0.951685	168	18	47	391.89
-1.832596	1.948085	-2.363031	22	22	12	391.87
-0.261799	1.904882	-1.478089	177	15	50	391.83
-2.617994	0.458961	-0.107937	182	19	45	391.77
1.832596	1.998705	2.370472	176	20	45	391.72
1.047198	1.904882	-1.478089	174	15	46	391.62
2.356194	1.909857	-0.381669	173	28	40	391.58
-1.047198	2.588535	-2.976617	173	10	37	391.56
-0.523599	1.555207	1.708892	171	19	43	391.49
-0.523599	1.335669	0.897240	180	17	45	391.46
0.000000	1.184361	0.625864	181	20	42	391.43
-2.356194	1.301460	-0.509251	177	22	45	391.35
0.261799	1.510910	-0.740472	163	18	42	391.34
-2.094395	1.433411	-1.035986	178	22	51	391.33
2.617994	2.180315	-1.357379	181	24	48	391.26
-2.879793	1.721184	-0.153948	180	25	40	391.24
-3.141593	2.164094	-2.991358	162	13	37	391.22
-0.261799	1.256302	0.062705	180	31	39	391.20
-1.047198	0.619654	-2.216909	179	22	43	391.17
-3.141593	1.869911	2.701025	180	18	44	391.16
-2.879793	2.041297	-2.664597	166	11	45	391.12
-2.617994	2.089241	-0.114193	174	16	43	391.08
2.094395	2.089241	-0.114193	173	8	38	390.95
0.261799	2.104282	-0.813972	170	16	48	390.93
-1.832596	1.301460	-0.509251	171	20	42	390.92
-0.261799	0.960688	-0.577532	170	16	39	390.91
-2.617994	1.440580	2.260026	181	21	46	390.76
1.047198	1.335669	0.897240	181	33	46	390.69
0.261799	2.396274	-1.959260	176	20	43	390.68
2.617994	1.504028	0.636812	167	26	44	390.59
-2.617994	1.658653	-2.409879	163	15	39	390.59
-1.047198	1.554776	0.100351	166	21	38	390.50
2.617994	1.218453	2.777284	173	10	37	390.47
-1.047198	1.809167	1.213774	176	11	40	390.39
-0.261799	2.041297	-2.664597	45	175	6	390.34
-2.356194	1.756530	-2.105156	166	11	40	390.33
-2.094395	1.433411	-1.035986	171	17	42	390.31
0.261799	2.456751	-1.503343	174	8	41	390.26
-0.523599	1.433411	-1.035986	172	15	47	390.23
-0.785398	1.869911	2.701025	171	31	44	390.18
-1.832596	1.135834	-1.431087	175	15	50	390.11
2.356194	2.704512	1.488683	177	21	45	390.03
-0.785398	1.554776	0.100351	22	16	16	390.00
1.570796	1.696674	-1.253233	179	11	53	389.95
0.523599	1.256302	0.062705	49	173	175	389.91
2.356194	2.108018	1.311430	177	18	46	389.88
-2.094395	1.662363	0.915448	177	16	47	389.84
1.570796	2.719179	-1.780644	174	14	42	389.81
1.832596	2.664082	-1.071402	58	179	175	389.78
2.879793	1.195355	1.200319	171	11	48	389.78
-2.879793	1.756530	-2.105156	169	13	43	389.75
-3.141593	2.592629	0.909713	170	23	44	389.71
-2.094395	1.128190	-2.288622	28	3	3	389.71
0.785398	1.510910	-0.740472	29	172	11	389.70
-2.617994	2.164094	-2.991358	169	8	42	389.68
-0.785398	2.108018	1.311430	170	12	41	389.38
-2.356194	0.866955	-0.931351	173	20	44	389.37
1.832596	1.574060	2.783565	172	16	41	389.33
-0.785398	2.588535	-2.976617	173	25	41	389.29
-1.570796	1.214854	-1.966664	181	21	47	389.22
2.879793	1.504028	0.636812	166	21	44	389.21
-2.879793	1.433411	-1.035986	42	174	9	389.00
-3.141593	0.960688	-0.577532	183	15	46	389.00
-1.832596	2.760637	2.781135	49	183	176	388.92
-2.879793	2.115563	0.685730	164	16	42	388.90
0.261799	2.180315	-1.357379	179	12	53	388.67
1.308997	1.904882	-1.478089	183	16	54	388.63
0.000000	2.104282	-0.813972	26	3	6	388.58
-3.141593	2.863997	0.549740	168	22	42	388.53
2.617994	1.998705	2.370472	180	12	45	388.37
-0.261799	0.640596	-2.797608	174	15	39	388.32
2.879793	1.809167	1.213774	175	23	51	388.28
-0.523599	1.948085	-2.363031	173	12	40	388.26
2.617994	1.335669	0.897240	170	24	46	388.25
1.047198	2.592629	0.909713	172	15	43	388.15
-0.261799	1.195355	1.200319	179	21	48	388.15
2.356194	1.824694	1.850876	173	18	44	388.09
2.617994	2.356369	3.005869	161	21	33	388.04
2.094395	1.699788	2.452890	183	18	47	387.93
-1.570796	1.662363	0.915448	170	22	34	387.92
2.356194	1.699788	2.452890	165	25	30	387.80
0.523599	1.194549	-0.801900	166	22	45	387.79
-2.879793	1.128190	-2.288622	165	13	41	387.78
-0.261799	2.456751	-1.503343	47	169	176	387.75
-1.570796	1.135834	-1.431087	181	18	51	387.74
0.000000	2.180315	-1.357379	174	10	49	387.70
1.047198	2.979456	-1.009304	175	12	40	387.66
-2.094395	1.325504	-1.671296	34	174	12	387.63
-2.356194	1.194549	-0.801900	180	19	47	387.62
-0.261799	2.153910	-1.714959	178	11	50	387.51
2.094395	1.699788	2.452890	182	18	47	387.39
1.570796	1.448123	-2.163292	176	12	40	387.25
2.094395	2.724429	-0.348782	172	14	41	387.24
2.879793	1.741644	-2.695914	163	16	41	387.21
-0.785398	1.195355	1.200319	178	22	46	387.09
2.356194	1.872854	1.543456	182	22	52	387.04
2.356194	1.450119	-2.739050	167	29	42	386.93
2.356194	1.335669	0.897240	168	23	46	386.90
1.570796	2.379497	0.561089	29	11	4	386.87
1.832596	2.455966	-0.641220	176	14	43	386.77
1.570796	1.696674	-1.253233	180	11	52	386.77
2.617994	2.881233	-2.582574	17	21	15	386.76
0.523599	2.881233	-2.582574	167	21	40	386.72
2.617994	2.180315	-1.357379	176	18	47	386.72
2.879793	1.569311	-3.003978	52	179	163	386.71
2.879793	2.356369	3.005869	171	24	41	386.68
-1.047198	2.637879	2.121598	166	18	44	386.61
1.570796	1.214854	-1.966664	173	29	49	386.48
1.047198	2.174483	2.653697	179	20	45	386.45
1.047198	1.510910	-0.740472	48	175	170	386.44
-0.785398	1.310100	1.488307	175	22	45	386.35
0.261799	1.218453	2.777284	173	23	43	386.31
0.261799	1.510910	-0.740472	167	22	46	386.20
-0.261799	2.349581	-2.702517	56	171	180	386.20
-2.879793	2.704512	1.488683	16	24	20	386.12
-3.141593	1.756530	-2.105156	171	12	43	386.12
0.785398	0.992645	-1.723759	169	19	42	386.05
0.523599	2.456751	-1.503343	176	6	41	386.01
2.879793	1.809167	1.213774	170	14	41	386.00
-2.617994	2.247462	0.191623	175	18	45	385.98
-0.523599	2.456751	-1.503343	174	4	42	385.98
-2.879793	1.741644	-2.695914	177	26	43	385.80
1.047198	2.063651	-2.044600	183	23	50	385.78
-0.261799	1.617114	-1.572037	180	20	51	385.70
-2.879793	1.870545	-2.976234	173	16	45	385.54
-2.617994	2.247462	0.191623	170	16	42	385.36
-2.356194	1.658653	-2.409879	53	176	173	385.31
-0.523599	1.812176	0.656819	171	25	36	385.28
-2.094395	1.325504	-1.671296	176	13	50	385.24
2.879793	1.134796	2.434290	178	18	44	385.17
2.617994	0.615174	-0.666022	171	30	36	385.12
2.094395	0.571433	-1.188419	175	16	50	385.11
0.261799	1.696674	-1.253233	171	18	50	385.11
2.879793	1.367556	0.358405	173	18	46	385.04
0.523599	1.050534	3.042579	167	14	37	385.04
0.785398	1.696674	-1.253233	172	13	49	385.00
-0.261799	2.138223	1.678323	171	16	45	384.98
1.308997	0.733948	3.021411	171	13	39	384.94
-2.617994	1.756530	-2.105156	172	11	50	384.93
2.356194	2.063651	-2.044600	170	19	43	384.82
-0.261799	1.488617	1.159546	50	171	180	384.55
-1.047198	2.588535	-2.976617	171	17	38	384.51
-1.047198	1.025536	1.576859	183	17	44	384.36
-1.832596	1.904882	-1.478089	167	20	46	384.29
2.617994	2.588535	-2.976617	169	13	40	384.27
1.047198	1.696674	-1.253233	175	13	53	384.26
-1.832596	1.325504	-1.671296	181	16	51	384.26
-1.832596	1.812176	0.656819	177	21	47	384.21
-2.879793	2.356369	3.005869	164	7	36	384.19
0.261799	1.998705	2.370472	156	162	191	384.10
-0.785398	1.846342	-1.796954	172	16	43	384.08
1.047198	1.982574	-1.115518	53	171	177	383.96
1.308997	2.343981	-1.040456	172	16	41	383.91
-2.617994	2.588535	-2.976617	166	10	42	383.87
-0.261799	1.256302	0.062705	179	29	40	383.86
0.523599	1.504028	0.636812	169	24	36	383.81
-1.308997	1.014500	0.906702	172	22	41	383.80
2.617994	1.809167	1.213774	168	19	41	383.79
-0.523599	1.184361	0.625864	165	19	37	383.75
1.570796	2.719179	-1.780644	175	15	42	383.69
-0.523599	2.153910	-1.714959	176	12	51	383.66
-3.141593	1.574060	2.783565	178	21	43	383.57
-3.141593	1.658653	-2.409879	170	14	49	383.56
2.356194	1.506530	1.988858	177	19	47	383.52
-0.523599	1.488617	1.159546	35	2	8	383.45
2.879793	1.545873	-1.877082	174	9	44	383.38
1.832596	1.909857	-0.381669	172	10	40	383.32
-1.832596	1.214854	-1.966664	182	11	50	383.14
-2.617994	2.115563	0.685730	164	12	40	383.11
0.523599	2.356369	3.005869	173	18	44	383.03
-1.308997	1.417623	-0.202254	169	22	42	383.02
-0.523599	1.247695	1.809890	179	25	48	382.96
-1.047198	1.247695	1.809890	180	18	45	382.85
2.879793	1.256302	0.062705	171	12	40	382.82
0.000000	1.617114	-1.572037	178	20	50	382.81
-0.261799	1.194549	-0.801900	167	19	38	382.80
-0.261799	2.138223	1.678323	181	19	50	382.80
2.356194	1.184361	0.625864	166	17	39	382.75
-2.617994	1.617114	-1.572037	50	176	167	382.72
2.356194	1.506530	1.988858	177	11	47	382.69
0.261799	1.184361	0.625864	175	13	40	382.65
-1.308997	1.658653	-2.409879	173	14	42	382.51
-2.094395	2.041297	-2.664597	176	4	46	382.51
0.261799	0.685216	-1.712745	178	29	45	382.46
0.000000	1.504028	0.636812	172	21	37	382.46
2.879793	2.063651	-2.044600	174	17	47	382.46
1.308997	1.433411	-1.035986	178	14	50	382.44
-2.094395	1.658653	-2.409879	174	14	45	382.44
-1.047198	1.014500	0.906702	171	21	41	382.34
1.832596	2.724429	-0.348782	173	15	43	382.19
2.879793	2.033014	2.977192	167	20	39	382.09
-3.141593	1.194549	-0.801900	181	18	47	382.02
1.832596	2.724429	-0.348782	51	180	164	381.94
-2.617994	1.756530	-2.105156	170	12	46	381.92
-0.261799	2.719179	-1.780644	182	13	47	381.89
0.261799	1.998705	2.370472	173	14	48	381.89
-1.570796	2.760637	2.781135	167	169	6	381.88
-0.785398	2.108018	1.311430	175	16	47	381.85
-0.785398	1.413430	2.550734	50	180	161	381.81
1.047198	1.545873	-1.877082	179	26	53	381.80
-2.094395	1.977582	0.969896	173	10	48	381.78
-1.308997	0.619654	-2.216909	176	6	38	381.78
-2.094395	2.115563	0.685730	166	167	10	381.32
-0.523599	1.247695	1.809890	49	185	168	381.31
1.570796	0.899350	-2.069907	179	31	48	381.26
0.785398	1.134497	-1.109631	165	19	45	381.18
1.832596	1.732874	-0.951685	183	5	50	381.04
0.785398	2.104282	-0.813972	171	5	47	381.02
-1.570796	0.850607	-1.335383	182	15	51	381.00
-1.570796	2.108018	1.311430	172	10	46	380.98
0.261799	2.104282	-0.813972	165	11	45	380.98
1.570796	1.617114	-1.572037	173	14	46	380.95
2.356194	1.909857	-0.381669	183	15	46	380.85
2.879793	2.407836	1.410646	173	14	41	380.78
2.617994	0.615174	-0.666022	175	11	41	380.77
-2.617994	1.374601	-2.456031	162	161	9	380.70
-0.261799	1.045978	0.343692	167	19	41	380.54
0.523599	2.588535	-2.976617	177	20	45	380.47
-2.094395	1.904882	-1.478089	181	21	53	380.44
-3.141593	1.448123	-2.163292	21	14	16	380.44
1.832596	2.455966	-0.641220	172	13	41	380.44
-3.141593	1.869911	2.701025	169	16	37	380.33
0.000000	2.396274	-1.959260	15	24	11	380.11
0.000000	1.721184	-0.153948	169	7	41	380.07
-0.785398	0.290380	-0.796960	175	26	41	380.00
2.879793	1.683268	0.374177	178	28	46	379.87
2.617994	2.637879	2.121598	180	19	46	379.86
0.523599	2.356369	3.005869	172	19	43	379.73
-0.785398	1.247695	1.809890	51	182	169	379.54
-2.356194	2.592629	0.909713	25	15	13	379.45
-1.308997	0.831641	0.616218	173	19	42	379.44
-1.832596	1.325504	-1.671296	175	15	49	379.33
2.356194	2.404280	-0.174044	170	12	37	379.29
2.617994	1.450119	-2.739050	166	25	42	379.20
0.523599	1.256302	0.062705	173	6	43	379.19
-2.094395	1.977582	0.969896	172	13	48	379.15
-1.832596	0.850607	-1.335383	172	14	42	379.03
2.617994	1.846342	-1.796954	173	18	47	378.87
-0.261799	1.872854	1.543456	185	14	53	378.72
-3.141593	1.741644	-2.695914	167	15	45	378.70
-0.523599	2.153910	-1.714959	50	178	175	378.64
-2.356194	1.870545	-2.976234	167	11	37	378.59
-2.356194	1.135834	-1.431087	40	172	9	378.57
0.000000	2.180315	-1.357379	178	14	53	378.50
2.879793	0.762244	-0.273349	168	15	38	378.30
2.879793	1.391910	3.030322	167	14	36	378.18
0.785398	2.174483	2.653697	177	16	46	378.11
-2.879793	1.756530	-2.105156	172	12	48	378.07
-0.261799	1.335669	0.897240	177	15	40	378.06
1.308997	1.545873	-1.877082	178	26	53	378.02
2.879793	2.379497	0.561089	169	19	42	377.97
0.523599	2.180315	-1.357379	173	8	41	377.97
-0.523599	1.569311	-3.003978	176	28	42	377.88
0.000000	2.579248	-2.364801	174	14	40	377.87
-2.356194	1.696674	-1.253233	180	28	50	377.81
2.879793	1.545873	-1.877082	173	10	44	377.75
-2.094395	1.488617	1.159546	182	10	50	377.74
-2.617994	1.545873	-1.877082	168	18	46	377.70
-2.094395	1.904882	-1.478089	173	23	49	377.63
2.879793	1.977582	0.969896	167	17	39	377.58
-0.261799	1.504028	0.636812	182	14	44	377.52
-0.261799	2.579248	-2.364801	52	166	182	377.52
2.356194	2.587733	0.232235	174	30	43	377.46
2.356194	2.089241	-0.114193	174	11	42	377.42
0.000000	1.504028	0.636812	174	12	39	377.37
-2.617994	1.450119	-2.739050	161	13	35	377.37
-2.879793	1.741644	-2.695914	165	7	41	377.17
-2.617994	1.982574	-1.115518	173	26	44	377.03
2.617994	1.450119	-2.739050	162	18	40	377.01
-1.308997	1.599406	1.426070	176	13	42	376.99
0.523599	2.456751	-1.503343	52	174	170	376.94
2.356194	2.089241	-0.114193	178	13	44	376.91
1.308997	1.904882	-1.478089	177	13	47	376.81
0.000000	2.108018	1.311430	47	187	166	376.77
-1.570796	1.662363	0.915448	171	22	35	376.59
-2.617994	2.349581	-2.702517	174	22	45	376.47
0.261799	1.545873	-1.877082	178	26	47	376.47
0.000000	0.419640	2.974122	171	19	38	376.25
-0.523599	1.045978	0.343692	167	16	41	376.21
1.570796	2.719179	-1.780644	176	17	44	375.93
2.879793	2.033014	2.977192	170	21	41	375.80
1.047198	0.640596	-2.797608	177	22	43	375.66
-2.879793	2.115563	0.685730	160	171	9	375.50
-3.141593	2.719179	-1.780644	171	23	44	375.45
-0.523599	1.194549	-0.801900	175	12	45	375.35
-0.785398	1.846342	-1.796954	180	5	46	375.34
-2.356194	1.982574	-1.115518	35	187	12	375.16
-2.356194	2.984978	1.954446	178	12	43	375.07
-3.141593	1.756530	-2.105156	172	13	49	374.96
2.879793	1.736875	3.023612	169	19	41	374.93
-0.523599	1.134497	-1.109631	182	34	48	374.93
-3.141593	1.812176	0.656819	164	15	39	374.77
-2.356194	0.571433	-1.188419	175	16	44	374.72
-0.261799	2.396274	-1.959260	176	10	44	374.71
-2.617994	1.214854	-1.966664	174	12	49	374.67
1.308997	1.982574	-1.115518	181	7	51	374.59
-0.261799	1.741644	-2.695914	180	22	44	374.56
-3.141593	1.413430	2.550734	178	14	42	374.55
-3.141593	1.417623	-0.202254	182	23	43	374.54
-2.879793	0.615174	-0.666022	178	15	44	374.35
-2.617994	1.448123	-2.163292	167	12	42	374.32
0.523599	1.732874	-0.951685	167	13	47	374.29
1.308997	1.545873	-1.877082	47	174	185	374.22
1.047198	1.696674	-1.253233	173	11	49	373.94
-1.047198	1.554776	0.100351	169	12	35	373.94
-0.261799	1.335669	0.897240	183	20	49	373.85
-2.356194	0.992645	-1.723759	175	18	49	373.81
-1.832596	2.104282	-0.813972	179	31	47	373.77
-2.094395	1.658653	-2.409879	53	182	173	373.75
-2.617994	2.349581	-2.702517	168	14	46	373.75
0.000000	1.617114	-1.572037	177	22	51	373.70
-2.617994	2.115563	0.685730	174	21	46	373.66
2.617994	1.184361	0.625864	165	21	42	373.62
1.047198	1.982574	-1.115518	177	6	49	373.57
2.617994	2.033014	2.977192	170	24	41	373.55
-2.617994	1.875281	0.107086	180	29	39	373.39
-0.785398	1.599406	1.426070	173	18	44	373.39
0.000000	2.343981	-1.040456	174	16	49	373.37
0.523599	1.417623	-0.202254	169	7	41	373.36
0.523599	2.478122	2.609777	52	180	178	373.34
-2.879793	1.134497	-1.109631	52	179	174	373.23
0.523599	2.174483	2.653697	159	166	7	373.19
1.832596	1.909857	-0.381669	178	31	40	373.16
1.308997	1.732874	-0.951685	176	6	49	373.11
-2.879793	2.164094	-2.991358	170	16	43	373.09
2.617994	1.998705	2.370472	172	12	39	372.95
-0.523599	1.113094	-0.272241	172	21	47	372.94
-2.094395	1.135834	-1.431087	50	182	168	372.85
2.879793	1.325504	-1.671296	48	171	181	372.84
2.617994	2.001437	0.381215	167	18	39	372.61
-2.879793	2.041297	-2.664597	171	19	45	372.51
1.047198	1.617114	-1.572037	177	19	54	372.39
2.879793	1.683268	0.374177	176	23	47	372.34
-0.261799	1.606104	-0.451151	160	174	9	372.29
-3.141593	1.128190	-2.288622	165	17	44	372.28
-0.261799	2.579248	-2.364801	178	17	44	372.12
-0.523599	1.194549	-0.801900	167	22	38	371.65
-0.261799	1.606104	-0.451151	160	173	9	371.65
2.879793	2.356369	3.005869	180	19	45	371.60
1.047198	2.343981	-1.040456	181	15	48	371.59
0.000000	2.393226	1.857173	178	14	49	371.56
1.308997	1.433411	-1.035986	171	9	49	371.48
-0.785398	1.872854	1.543456	180	12	50	371.35
0.000000	2.104282	-0.813972	169	19	48	371.22
-2.356194	1.194549	-0.801900	180	18	47	371.20
2.617994	1.504028	0.636812	168	28	43	371.06
2.617994	1.998705	2.370472	175	12	42	371.05
-2.356194	0.866955	-0.931351	185	23	51	371.04
2.879793	1.413430	2.550734	174	11	39	371.01
-0.523599	1.488617	1.159546	176	17	45	371.00
-1.832596	1.732874	-0.951685	178	32	48	370.96
-0.261799	1.301460	-0.509251	169	15	47	370.88
0.785398	2.180315	-1.357379	183	10	53	370.62
-0.261799	2.041297	-2.664597	183	25	44	370.62
-2.094395	1.325504	-1.671296	175	15	50	370.52
-1.832596	2.104282	-0.813972	30	189	10	370.29
2.617994	1.812176	0.656819	170	15	41	370.27
-2.356194	0.850607	-1.335383	181	18	51	370.20
2.617994	2.138223	1.678323	174	20	45	369.94
0.000000	2.664082	-1.071402	169	4	43	369.85
2.356194	2.588535	-2.976617	52	165	173	369.81
0.523599	2.299159	2.264663	183	24	46	369.80
1.832596	2.979456	-1.009304	163	23	37	369.61
0.785398	0.992645	-1.723759	173	30	48	369.59
-2.356194	1.134497	-1.109631	176	13	43	369.53
-1.308997	1.809167	1.213774	177	22	48	369.50
-0.523599	1.812176	0.656819	172	26	36	369.48
0.785398	1.135834	-1.431087	169	14	41	369.45
0.523599	1.134497	-1.109631	31	178	13	369.33
2.879793	1.545873	-1.877082	178	26	50	369.30
-1.570796	2.760637	2.781135	174	13	40	369.13
2.879793	1.184361	0.625864	165	19	42	369.11
-2.879793	1.545873	-1.877082	168	17	44	369.10
-0.261799	2.349581	-2.702517	172	26	41	369.09
1.047198	2.592629	0.909713	37	172	3	369.01
-3.141593	2.379497	0.561089	163	20	39	368.97
0.261799	1.809167	1.213774	179	11	47	368.80
-1.047198	0.831641	0.616218	164	23	36	368.69
1.047198	2.343981	-1.040456	180	14	48	368.63
-2.094395	2.041297	-2.664597	172	1	41	368.54
-2.617994	1.699788	2.452890	174	19	41	368.49
1.308997	1.510910	-0.740472	174	21	44	368.40
1.570796	1.982574	-1.115518	185	9	52	368.40
0.785398	2.104282	-0.813972	178	16	48	368.33
2.356194	2.063651	-2.044600	175	19	47	368.16
-1.832596	1.413347	-1.339188	181	23	52	368.11
-2.879793	1.869911	2.701025	168	14	38	368.08
-2.094395	1.977582	0.969896	171	8	45	368.07
0.523599	2.863997	0.549740	162	24	37	367.97
-2.356194	1.134497	-1.109631	174	15	42	367.89
0.000000	2.041297	-2.664597	166	19	36	367.87
-0.261799	2.349581	-2.702517	177	16	43	367.84
1.308997	1.325504	-1.671296	168	19	44	367.74
0.261799	2.456751	-1.503343	183	18	48	367.63
0.785398	2.180315	-1.357379	175	6	41	367.49
-1.832596	1.732874	-0.951685	179	28	49	367.48
-3.141593	1.736875	3.023612	179	24	43	367.42
-3.141593	1.662363	0.915448	171	22	47	367.17
0.000000	0.961715	0.014085	163	13	34	367.07
2.617994	2.164094	-2.991358	21	13	21	366.99
2.879793	2.041297	-2.664597	164	20	44	366.93
-1.832596	1.732874	-0.951685	178	29	49	366.93
1.832596	1.904882	-1.478089	50	176	174	366.91
1.047198	1.846342	-1.796954	177	19	48	366.70
2.879793	1.488617	1.159546	172	17	50	366.67
0.785398	1.433411	-1.035986	166	14	45	366.57
-2.094395	0.850607	-1.335383	181	18	51	366.48
-1.047198	2.396274	-1.959260	176	4	45	366.41
-2.617994	1.870545	-2.976234	180	25	43	366.04
-0.523599	1.510910	-0.740472	174	33	46	365.84
2.617994	1.824694	1.850876	174	16	44	365.76
2.356194	1.658653	-2.409879	171	27	49	365.67
-1.047198	1.025536	1.576859	180	21	43	365.59
-2.356194	1.113094	-0.272241	169	8	38	365.47
-2.879793	1.448123	-2.163292	51	171	173	365.11
0.261799	2.108018	1.311430	174	13	44	365.06
-2.356194	0.850607	-1.335383	180	18	51	364.94
-0.785398	1.310100	1.488307	179	16	41	364.86
1.570796	2.187132	-0.479875	175	8	43	364.76
-0.261799	2.108018	1.311430	49	185	166	364.73
-0.261799	2.881233	-2.582574	171	21	41	364.54
-0.261799	2.041297	-2.664597	170	15	37	364.48
-1.832596	1.433411	-1.035986	172	15	43	364.14
1.570796	1.325504	-1.671296	48	173	181	364.00
-0.261799	2.719179	-1.780644	47	171	166	363.90
1.570796	1.732874	-0.951685	180	5	50	363.89
2.617994	0.762244	-0.273349	165	21	37	363.87
-1.308997	0.906588	1.252948	187	20	46	363.86
-2.879793	2.164094	-2.991358	163	8	37	363.81
0.261799	2.108018	1.311430	187	22	50	363.78
2.879793	1.242974	-2.977882	171	22	43	363.74
-0.523599	2.153910	-1.714959	177	9	48	363.58
1.570796	2.187132	-0.479875	29	170	7	363.56
-0.523599	1.374601	-2.456031	173	14	39	363.53
-0.261799	2.719179	-1.780644	181	20	46	363.35
0.261799	2.579248	-2.364801	169	21	39	363.19
-1.832596	0.992645	-1.723759	179	16	49	363.19
0.261799	1.662363	0.915448	183	15	49	363.19
1.047198	1.846342	-1.796954	184	22	55	363.04
1.308997	1.696674	-1.253233	176	9	50	363.03
2.094395	1.909857	-0.381669	172	8	36	363.03
-1.832596	1.433411	-1.035986	182	28	50	362.93
2.879793	1.391910	3.030322	168	15	39	362.53
-3.141593	1.658653	-2.409879	167	11	46	362.50
1.047198	1.732874	-0.951685	172	8	49	362.20
-0.785398	1.555207	1.708892	171	22	44	362.17
0.523599	2.356369	3.005869	25	6	3	362.17
-2.879793	1.617114	-1.572037	170	19	41	362.02
1.047198	1.904882	-1.478089	177	8	42	361.94
-3.141593	1.448123	-2.163292	53	175	169	361.93
-2.879793	1.869911	2.701025	24	18	17	361.92
2.356194	2.724429	-0.348782	169	26	40	361.79
2.879793	2.724429	-0.348782	168	14	39	361.77
2.356194	2.588535	-2.976617	30	0	5	361.71
2.356194	2.455966	-0.641220	175	10	41	361.68
-0.523599	1.025536	1.576859	35	185	8	361.68
1.570796	1.214854	-1.966664	169	21	46	361.64
-0.261799	1.450119	-2.739050	179	15	44	361.61
1.308997	1.184361	0.625864	173	20	42	360.89
-2.617994	1.982574	-1.115518	176	26	47	360.72
-2.879793	0.866955	-0.931351	51	180	169	360.67
1.570796	1.732874	-0.951685	176	18	47	360.52
0.523599	1.413347	-1.339188	170	22	49	360.50
-0.261799	1.504028	0.636812	172	24	37	360.46
-3.141593	1.741644	-2.695914	178	28	43	360.45
0.785398	1.998705	2.370472	50	184	166	360.19
-3.141593	1.194549	-0.801900	187	24	51	359.89
1.047198	1.433411	-1.035986	167	10	45	359.82
2.879793	1.113094	-0.272241	166	18	38	359.57
-0.523599	1.374601	-2.456031	173	13	38	359.54
-1.308997	0.906588	1.252948	44	174	6	359.45
-2.094395	1.433411	-1.035986	178	21	51	359.37
-2.879793	0.615174	-0.666022	180	19	47	359.26
-2.356194	2.041297	-2.664597	168	4	41	358.87
-2.094395	2.041297	-2.664597	171	2	43	358.50
-2.094395	1.194549	-0.801900	170	20	41	358.39
0.523599	1.982574	-1.115518	175	14	52	358.35
-2.617994	1.658653	-2.409879	27	5	2	358.13
2.879793	1.662363	0.915448	171	24	47	358.03
-0.785398	1.599406	1.426070	188	17	53	357.96
-2.094395	0.992645	-1.723759	186	24	46	357.88
0.261799	2.404280	-0.174044	172	16	44	357.78
2.617994	1.982574	-1.115518	176	16	46	357.77
-3.141593	1.870545	-2.976234	173	19	45	357.74
-0.523599	1.195355	1.200319	177	21	44	357.73
0.785398	1.617114	-1.572037	177	20	54	357.51
2.879793	1.504028	0.636812	165	15	42	357.01
0.261799	1.488617	1.159546	178	13	46	356.91
-2.879793	0.866955	-0.931351	186	21	51	356.89
2.879793	2.299159	2.264663	175	15	43	356.86
-2.094395	0.992645	-1.723759	176	17	49	356.65
-1.570796	0.906588	1.252948	172	24	40	355.97
2.879793	2.379497	0.561089	28	180	7	355.58
-1.047198	1.025536	1.576859	169	20	38	355.53
-2.617994	0.571433	-1.188419	177	9	41	355.45
-0.523599	1.310100	1.488307	175	21	46	355.45
-2.879793	2.041297	-2.664597	165	11	44	355.45
2.617994	1.488617	1.159546	169	16	46	355.31
-0.523599	1.025536	1.576859	35	180	6	355.09
-3.141593	2.115563	0.685730	164	19	41	354.39
1.308997	1.732874	-0.951685	176	22	46	354.34
2.617994	1.184361	0.625864	163	16	39	354.06
-1.832596	0.992645	-1.723759	43	172	8	353.88
2.356194	1.872854	1.543456	176	21	49	353.78
-0.261799	1.301460	-0.509251	168	15	46	353.66
-3.141593	1.658653	-2.409879	25	4	4	353.62
1.047198	2.180315	-1.357379	172	16	40	353.57
-2.094395	1.134497	-1.109631	57	182	186	353.52
-1.308997	1.014500	0.906702	171	24	41	353.38
-2.356194	1.135834	-1.431087	175	12	46	353.14
1.047198	2.063651	-2.044600	175	21	43	353.02
-0.261799	0.929350	-2.910676	173	14	38	352.97
1.047198	1.904882	-1.478089	164	28	178	352.96
-2.879793	1.448123	-2.163292	163	165	13	352.96
-2.094395	1.135834	-1.431087	50	180	167	352.95
1.047198	2.979456	-1.009304	27	178	8	352.85
-1.832596	1.135834	-1.431087	175	13	48	352.74
2.879793	1.812176	0.656819	27	178	7	352.59
0.523599	1.696674	-1.253233	172	16	50	352.59
2.617994	0.762244	-0.273349	183	11	44	352.58
-3.141593	2.379497	0.561089	164	19	40	352.57
-2.617994	2.041297	-2.664597	170	13	46	352.55
2.617994	0.762244	-0.273349	184	11	45	352.42
-2.617994	1.696674	-1.253233	172	21	44	352.40
-0.785398	1.555207	1.708892	176	21	47	351.97
-1.047198	2.089241	-0.114193	54	166	174	351.96
-3.141593	1.374601	-2.456031	181	26	45	351.92
-3.141593	1.448123	-2.163292	21	16	16	351.92
1.570796	2.104282	-0.813972	30	174	10	351.85
-2.879793	1.374601	-2.456031	162	16	38	351.84
-0.261799	0.961715	0.014085	170	22	45	351.82
1.047198	1.134497	-1.109631	48	174	169	351.49
-2.879793	0.866955	-0.931351	179	13	45	351.39
2.617994	1.812176	0.656819	168	28	45	351.37
-0.261799	1.417623	-0.202254	169	14	44	351.14
2.617994	1.569311	-3.003978	25	6	2	351.07
-2.094395	0.992645	-1.723759	50	180	167	350.94
0.523599	1.998705	2.370472	174	11	48	350.89
-2.617994	1.696674	-1.253233	50	175	185	350.77
-0.261799	1.184361	0.625864	173	16	41	350.45
1.308997	2.343981	-1.040456	54	178	171	350.43
-1.308997	1.014500	0.906702	20	16	19	350.21
0.523599	2.719179	-1.780644	176	23	45	350.06
1.047198	2.180315	-1.357379	175	13	44	350.06
0.523599	1.998705	2.370472	21	12	21	349.97
2.617994	1.569311	-3.003978	173	30	42	349.85
-1.047198	0.866395	-2.492918	178	18	43	349.34
-2.617994	0.866955	-0.931351	176	14	42	349.30
-2.617994	1.948085	-2.363031	168	10	45	349.26
2.879793	1.325504	-1.671296	180	21	52	349.19
-0.785398	1.809167	1.213774	19	21	18	349.15
-2.879793	1.658653	-2.409879	172	13	49	349.15
-2.356194	2.115563	0.685730	173	21	46	348.70
-2.094395	1.134497	-1.109631	170	19	42	348.62
-3.141593	1.869911	2.701025	180	19	44	348.55
0.523599	2.396274	-1.959260	186	13	48	348.37
-0.261799	1.417623	-0.202254	172	18	46	348.32
-0.261799	1.809167	1.213774	35	181	13	348.22
-0.261799	1.113094	-0.272241	42	176	0	348.06
-0.785398	2.396274	-1.959260	162	153	186	348.05
0.261799	1.809167	1.213774	179	18	48	347.89
2.356194	1.555207	1.708892	52	179	172	347.85
2.879793	1.662363	0.915448	171	23	48	347.83
-2.356194	1.135834	-1.431087	39	172	9	347.71
2.879793	1.374601	-2.456031	168	17	46	347.67
-0.261799	0.762244	-0.273349	44	177	0	347.45
-1.308997	0.831641	0.616218	171	16	37	347.45
-2.356194	1.741644	-2.695914	171	1	41	347.39
-3.141593	1.214854	-1.966664	169	17	47	347.32
-3.141593	1.417623	-0.202254	167	18	40	347.28
-2.356194	2.115563	0.685730	166	8	40	347.25
-2.879793	1.128190	-2.288622	165	14	43	347.10
-0.261799	1.450119	-2.739050	171	12	36	346.75
1.308997	2.979456	-1.009304	172	17	42	346.55
-3.141593	1.374601	-2.456031	180	24	46	346.54
1.308997	0.992645	-1.723759	48	172	169	346.47
-0.785398	2.396274	-1.959260	50	178	177	346.36
2.094395	2.187132	-0.479875	22	20	19	346.33
-3.141593	1.736875	3.023612	178	23	43	346.17
-2.356194	1.741644	-2.695914	170	1	40	345.89
-1.308997	1.658653	-2.409879	177	12	45	345.73
-2.879793	2.349581	-2.702517	175	25	45	345.62
-2.356194	1.741644	-2.695914	29	8	191	345.59
2.879793	2.033014	2.977192	166	20	39	345.48
-2.617994	1.948085	-2.363031	173	13	50	345.41
-2.879793	1.128190	-2.288622	168	12	45	345.05
0.261799	1.488617	1.159546	186	26	50	345.04
0.000000	1.335669	0.897240	183	18	49	344.89
1.047198	1.135834	-1.431087	166	19	45	344.72
-2.617994	1.741644	-2.695914	172	9	45	344.28
-1.047198	1.554776	0.100351	32	186	4	344.09
-2.879793	1.545873	-1.877082	170	15	44	343.73
2.879793	1.574060	2.783565	165	17	34	343.02
-2.356194	2.041297	-2.664597	173	8	46	342.76
-2.879793	0.960688	-0.577532	184	19	48	342.48
-2.617994	1.741644	-2.695914	25	3	3	341.89
-0.523599	1.658653	-2.409879	186	17	48	341.74
-1.308997	1.809167	1.213774	173	14	40	341.63
-2.879793	1.756530	-2.105156	170	12	43	341.58
-0.523599	1.301460	-0.509251	55	174	170	341.49
-2.356194	0.571433	-1.188419	170	24	32	341.35
-0.523599	1.658653	-2.409879	172	15	40	341.18
-0.785398	1.809167	1.213774	172	15	45	341.13
-2.617994	0.866955	-0.931351	177	14	43	340.97
2.094395	1.824694	1.850876	172	19	44	340.38
-2.617994	1.741644	-2.695914	171	6	45	340.23
2.879793	2.041297	-2.664597	21	15	18	339.72
1.570796	2.104282	-0.813972	31	174	10	339.52
2.617994	2.164094	-2.991358	42	188	164	339.46
1.832596	2.979456	-1.009304	164	23	38	339.36
2.356194	2.187132	-0.479875	174	14	44	339.20
-1.832596	0.992645	-1.723759	31	174	12	339.11
0.261799	2.587733	0.232235	167	16	39	338.98
-0.261799	2.396274	-1.959260	30	176	13	338.15
-0.523599	0.831641	0.616218	166	13	37	338.03
-2.879793	1.948085	-2.363031	172	17	50	337.85
1.570796	2.664082	-1.071402	171	14	40	337.84
-3.141593	1.374601	-2.456031	166	7	43	337.81
-2.617994	2.041297	-2.664597	171	13	46	337.75
-0.785398	1.045978	0.343692	38	176	6	336.55
-1.570796	2.407836	1.410646	167	12	44	336.36
-3.141593	2.379497	0.561089	26	12	13	336.35
-1.047198	1.045978	0.343692	51	179	167	336.29
0.785398	1.948085	-2.363031	176	27	42	336.19
0.261799	1.662363	0.915448	178	13	42	336.06
2.094395	2.187132	-0.479875	174	9	40	335.91
-3.141593	0.615174	-0.666022	178	10	40	335.27
0.261799	2.863997	0.549740	52	182	170	335.24
-0.523599	1.658653	-2.409879	175	14	43	334.62
0.523599	2.881233	-2.582574	162	22	37	334.28
1.047198	1.413347	-1.339188	171	17	52	334.15
-2.617994	1.699788	2.452890	172	19	40	334.14
0.261799	1.335669	0.897240	177	18	44	333.77
-0.261799	1.113094	-0.272241	42	175	0	333.66
-3.141593	1.214854	-1.966664	170	17	48	333.07
1.047198	1.699788	2.452890	20	15	6	333.04
0.261799	2.587733	0.232235	161	21	35	332.85
0.261799	1.662363	0.915448	53	183	188	332.65
1.570796	2.664082	-1.071402	174	16	43	332.22
2.356194	1.555207	1.708892	170	15	41	332.16
2.356194	2.187132	-0.479875	178	14	46	332.15
-2.617994	1.658653	-2.409879	162	15	39	332.14
0.261799	2.863997	0.549740	163	28	37	331.93
1.308997	1.413347	-1.339188	178	21	51	331.41
2.879793	2.041297	-2.664597	166	16	40	331.39
2.356194	1.824694	1.850876	179	17	49	331.17
2.094395	1.824694	1.850876	180	10	48	330.04
-0.261799	1.045978	0.343692	38	180	6	330.02
2.617994	2.164094	-2.991358	176	29	44	329.85
2.617994	1.870545	-2.976234	165	25	41	329.23
2.356194	2.724429	-0.348782	164	22	37	329.07
2.356194	1.872854	1.543456	182	21	52	328.74
1.047198	1.433411	-1.035986	27	178	13	328.22
-2.356194	2.041297	-2.664597	169	3	42	328.14
1.832596	2.724429	-0.348782	179	14	46	327.12
0.261799	2.587733	0.232235	162	21	36	326.48
1.047198	1.413347	-1.339188	169	15	47	326.01
2.094395	1.824694	1.850876	179	14	49	325.13
-0.261799	0.961715	0.014085	57	178	168	324.37
-0.261799	1.184361	0.625864	182	19	43	323.98
2.617994	1.870545	-2.976234	21	12	20	323.96
-1.047198	1.045978	0.343692	52	177	168	323.51
2.094395	1.506530	1.988858	179	11	50	321.78
2.879793	1.812176	0.656819	180	25	48	321.19
-2.356194	1.870545	-2.976234	170	10	40	320.79
2.879793	2.164094	-2.991358	166	11	36	320.48
-2.879793	1.948085	-2.363031	168	11	40	320.21
-2.879793	1.658653	-2.409879	35	169	1	320.00
-2.094395	1.134497	-1.109631	176	19	50	319.96
2.617994	1.870545	-2.976234	45	188	170	319.22
-2.879793	0.960688	-0.577532	184	18	48	318.89
-2.879793	0.960688	-0.577532	176	18	41	318.75
-2.879793	1.658653	-2.409879	162	17	37	317.55
2.879793	1.870545	-2.976234	160	17	37	317.00
-2.879793	1.741644	-2.695914	169	12	45	316.68
-2.617994	1.545873	-1.877082	167	19	46	316.10
-0.261799	1.417623	-0.202254	165	14	43	315.92
-2.617994	2.041297	-2.664597	168	7	45	315.49
-2.617994	1.545873	-1.877082	163	158	190	314.87
1.832596	2.979456	-1.009304	58	179	170	313.99
2.356194	2.724429	-0.348782	165	21	38	312.08
-2.617994	0.571433	-1.188419	174	18	45	311.29
2.879793	2.164094	-2.991358	160	19	37	309.91
-2.617994	0.571433	-1.188419	49	181	166	307.81
2.879793	1.870545	-2.976234	164	23	40	306.74
2.879793	1.812176	0.656819	179	24	48	304.41
1.047198	1.135834	-1.431087	168	21	49	302.41
2.879793	1.870545	-2.976234	173	22	45	294.51
