pH,ionic_strength_mM,zeta_mV_predicted,V_max_kT
4.0,10.0,-20.32117427840652,14.85556741754565
4.0508474576271185,10.0,-20.49152393737893,15.354700876568957
4.101694915254237,10.0,-20.671902760108914,15.89085528775146
4.1525423728813555,10.0,-20.862456923636778,16.46575498800297
4.203389830508475,10.0,-21.063265828719704,17.08100665851071
4.254237288135593,10.0,-21.27433349353963,17.73806027233012
4.305084745762712,10.0,-21.495580405964354,18.438167086904095
4.3559322033898304,10.0,-21.726836148502564,19.182335449799776
4.406779661016949,10.0,-21.96783313157855,19.971811919484207
4.4576271186440675,10.0,-22.21820177838878,20.80682885356729
4.508474576271187,10.0,-22.47746749508306,21.68712577029653
4.559322033898305,10.0,-22.74504973074737,22.61228547185876
4.610169491525424,10.0,-23.02026338120058,23.58198100693608
4.661016949152542,10.0,-23.3023227190317,24.5948489081464
4.711864406779661,10.0,-23.590347941497342,25.64853302788819
4.762711864406779,10.0,-23.88337432171872,26.74064233595875
4.813559322033898,10.0,-24.180363832774425,27.8682750873703
4.864406779661017,10.0,-24.48021899601818,29.02890488675846
4.915254237288136,10.0,-24.78179859246352,30.21774726590474
4.966101694915254,10.0,-25.083934777778417,31.430460599633985
5.016949152542373,10.0,-25.385451065080396,32.66235736724768
5.067796610169491,10.0,-25.68518059157537,33.908445826780465
5.118644067796611,10.0,-25.981984069183156,35.163504148725096
5.169491525423728,10.0,-26.274766836990143,36.42216047231826
5.220338983050848,10.0,-26.56249448316246,37.6789760114374
5.271186440677966,10.0,-26.844206581663922,38.92852821007744
5.322033898305085,10.0,-27.119028188394246,40.165491001633825
5.372881355932203,10.0,-27.386178854377675,41.38566183499931
5.423728813559322,10.0,-27.64497903197204,42.584426292257454
5.474576271186441,10.0,-27.894853865563675,43.7564591247579
5.52542372881356,10.0,-28.13533446369556,44.897524887536655
5.576271186440678,10.0,-28.366056839427795,46.00722239148918
5.627118644067797,10.0,-28.586758776208445,47.079355726469664
5.677966101694915,10.0,-28.79727492584191,48.11307662985589
5.728813559322034,10.0,-28.99753047329511,49.10640267200096
5.779661016949152,10.0,-29.187533711601848,50.057374545989724
5.830508474576272,10.0,-29.367367861655076,50.96554672950497
5.88135593220339,10.0,-29.537182449546574,51.83048401522772
5.932203389830509,10.0,-29.697184521945495,52.650371227394785
5.983050847457627,10.0,-29.847629941366012,53.42902895439575
6.033898305084746,10.0,-29.988814961310563,54.16333665738946
6.084745762711865,10.0,-30.12106823895186,54.85482579927525
6.135593220338983,10.0,-30.244743402422646,55.50714083985028
6.186440677966102,10.0,-30.36021225251249,56.118585045241254
6.237288135593221,10.0,-30.467858645664293,56.69070537610634
6.288135593220339,10.0,-30.568073077169668,57.22602503670747
6.338983050847458,10.0,-30.6612479605335,57.72709641132798
6.389830508474576,10.0,-30.747773580960185,58.193775338901865
6.4406779661016955,10.0,-30.828034687438862,58.62784212461091
6.491525423728813,10.0,-30.902407678469018,59.031074995975864
6.5423728813559325,10.0,-30.971258330498298,59.4052331357237
6.593220338983051,10.0,-31.034940015051284,59.75347057287118
6.6440677966101696,10.0,-31.093792349740873,60.07628443379338
6.694915254237289,10.0,-31.148140229347494,60.374933842227634
6.745762711864407,10.0,-31.198293185459878,60.65099425685688
6.796610169491526,10.0,-31.244545026396214,60.90597515325364
6.8474576271186445,10.0,-31.287173712933573,61.141316537002865
6.898305084745763,10.0,-31.326441429500544,61.35838684000971
6.9491525423728815,10.0,-31.362594814723078,61.55848198317005
7.0,10.0,-31.395865319399448,61.74282540854616
4.0,10.46968825057556,-20.08897860952379,13.82491776920088
4.0508474576271185,10.46968825057556,-20.259381478634378,14.310699456632726
4.101694915254237,10.46968825057556,-20.43981664419557,14.832664322472928
4.1525423728813555,10.46968825057556,-20.630430328907295,15.39250774766443
4.203389830508475,10.46968825057556,-20.831301958328215,15.99181231570003
4.254237288135593,10.46968825057556,-21.042435551895387,16.63251347840838
4.305084745762712,10.46968825057556,-21.263751572640334,17.315608961480084
4.3559322033898304,10.46968825057556,-21.495079549840412,18.041967938977564
4.406779661016949,10.46968825057556,-21.736151810336075,18.812315362326533
4.4576271186440675,10.46968825057556,-21.98659866188339,19.628000522281294
4.508474576271187,10.46968825057556,-22.245945362388813,20.48828653926607
4.559322033898305,10.46968825057556,-22.513611179598392,21.392717703500974
4.610169491525424,10.46968825057556,-22.788910795333,22.341211369415028
4.661016949152542,10.46968825057556,-23.071058236753125,23.33222680593541
4.711864406779661,10.46968825057556,-23.359173426301638,24.363513894263217
4.762711864406779,10.46968825057556,-23.65229133575927,25.43287683434681
4.813559322033898,10.46968825057556,-23.94937361396823,26.53843352456669
4.864406779661017,10.46968825057556,-24.249322439475627,27.675803730909948
4.915254237288136,10.46968825057556,-24.550996236825714,28.841201598330205
4.966101694915254,10.46968825057556,-24.85322679690054,30.030424416112325
5.016949152542373,10.46968825057556,-25.154837265332127,31.238906430701146
5.067796610169491,10.46968825057556,-25.454660414847055,32.46186287891449
5.118644067796611,10.46968825057556,-25.751556601498997,33.69428587924335
5.169491525423728,10.46968825057556,-26.044430822447865,34.93051483903468
5.220338983050848,10.46968825057556,-26.332248342752614,36.16521964163594
5.271186440677966,10.46968825057556,-26.614048436379974,37.39370257673369
5.322033898305085,10.46968825057556,-26.888955885933566,38.61046643114456
5.372881355932203,10.46968825057556,-27.156189998657876,39.810486552389584
5.423728813559322,10.46968825057556,-27.415071014648355,40.98897256892654
5.474576271186441,10.46968825057556,-27.665023898730396,42.14142461676994
5.52542372881356,10.46968825057556,-27.90557961298481,43.26549753805437
5.576271186440678,10.46968825057556,-28.136374056777335,44.35700404462614
5.627118644067797,10.46968825057556,-28.357144931650513,45.41174456151663
5.677966101694915,10.46968825057556,-28.567726837760855,46.43035548781455
5.728813559322034,10.46968825057556,-28.768044936706175,47.40783624800332
5.779661016949152,10.46968825057556,-28.95810752411068,48.3450230801845
5.830508474576272,10.46968825057556,-29.13799784686206,49.23897800716038
5.88135593220339,10.46968825057556,-29.307865477757815,50.09147006225964
5.932203389830509,10.46968825057556,-29.46791752813986,50.899236115673936
5.983050847457627,10.46968825057556,-29.618409940443158,51.66633442257629
6.033898305084746,10.46968825057556,-29.7596390607074,52.39017412243356
6.084745762711865,10.46968825057556,-29.891933648764113,53.07138289177407
6.135593220338983,10.46968825057556,-30.015647443204735,53.71444911766835
6.186440677966102,10.46968825057556,-30.13115236095392,54.31724293519679
6.237288135593221,10.46968825057556,-30.238832378355333,54.88128562150479
6.288135593220339,10.46968825057556,-30.339078112675047,55.40898856098385
6.338983050847458,10.46968825057556,-30.43228209999159,55.90301487149662
6.389830508474576,10.46968825057556,-30.51883474741819,56.36314286302254
6.4406779661016955,10.46968825057556,-30.59912092412355,56.79112557445991
6.491525423728813,10.46968825057556,-30.673517146178373,57.188714327761694
6.5423728813559325,10.46968825057556,-30.74238930428363,57.55764196258561
6.593220338983051,10.46968825057556,-30.806090880342445,57.901354560422384
6.6440677966101696,10.46968825057556,-30.864961598050115,58.21966833116734
6.694915254237289,10.46968825057556,-30.919326453670664,58.514158650038226
6.745762711864407,10.46968825057556,-30.969495075477603,58.786378080063336
6.796610169491526,10.46968825057556,-31.015761363562596,59.03781427553501
6.8474576271186445,10.46968825057556,-31.05840336552609,59.26988652234164
6.898305084745763,10.46968825057556,-31.09768334769217,59.48394364457532
6.9491525423728815,10.46968825057556,-31.133848025726408,59.68126306347219
7.0,10.46968825057556,-31.16712892272268,59.86305081440719
4.0,10.961437206423987,-19.85678294064106,12.814897419966874
4.0508474576271185,10.961437206423987,-20.027239019889826,13.287181571425984
4.101694915254237,10.961437206423987,-20.20773052828223,13.794804268294897
4.1525423728813555,10.961437206423987,-20.39840373417781,14.339861823402654
4.203389830508475,10.961437206423987,-20.59933808793673,14.923722849117054
4.254237288135593,10.961437206423987,-20.81053761025115,15.54768649947508
4.305084745762712,10.961437206423987,-21.031922739316315,16.21306521638512
4.3559322033898304,10.961437206423987,-21.26332295117826,16.92166997939565
4.406779661016949,10.961437206423987,-21.5044704890936,17.673466404972075
4.4576271186440675,10.961437206423987,-21.754995545377998,18.469091902959057
4.508474576271187,10.961437206423987,-22.014423229694565,19.309388321241975
4.559322033898305,10.961437206423987,-22.28217262844942,20.193102956887518
4.610169491525424,10.961437206423987,-22.55755820946542,21.120062081686484
4.661016949152542,10.961437206423987,-22.839793754474545,22.08918747096436
4.711864406779661,10.961437206423987,-23.127998911105934,23.09802222069265
4.762711864406779,10.961437206423987,-23.421208349799816,24.145082076181083
4.813559322033898,10.961437206423987,-23.718383395162036,25.227490968711763
4.864406779661017,10.961437206423987,-24.018425882933073,26.341416077791823
4.915254237288136,10.961437206423987,-24.320193881187908,27.483174634185115
4.966101694915254,10.961437206423987,-24.622518816022662,28.649583443952594
5.016949152542373,10.961437206423987,-24.924223465583857,29.835309334521096
5.067796610169491,10.961437206423987,-25.22414023811874,31.035433252810527
5.118644067796611,10.961437206423987,-25.521129133814835,32.244952675210904
5.169491525423728,10.961437206423987,-25.814094807905583,33.45871840634074
5.220338983050848,10.961437206423987,-26.10200220234277,34.67151511513626
5.271186440677966,10.961437206423987,-26.383890291096026,35.87814206090929
5.322033898305085,10.961437206423987,-26.658883583472885,37.07349115214893
5.372881355932203,10.961437206423987,-26.926201142938076,38.252619695001904
5.423728813559322,10.961437206423987,-27.185162997324674,39.41081554639957
5.474576271186441,10.961437206423987,-27.435193931897118,40.545116500123854
5.52542372881356,10.961437206423987,-27.675824762274058,41.65092115375317
5.576271186440678,10.961437206423987,-27.906691274126878,42.72410420203893
5.627118644067797,10.961437206423987,-28.127531087092585,43.762766427752524
5.677966101694915,10.961437206423987,-28.338178749679802,44.76496783288549
5.728813559322034,10.961437206423987,-28.538559400117244,45.72660636100626
5.779661016949152,10.961437206423987,-28.72868133661951,46.64997666979615
5.830508474576272,10.961437206423987,-28.90862783206904,47.52969484098496
5.88135593220339,10.961437206423987,-29.078548505969056,48.36968711451609
5.932203389830509,10.961437206423987,-29.238650534334226,49.1657774391454
5.983050847457627,10.961437206423987,-29.389189939520303,49.92074930559845
6.033898305084746,10.961437206423987,-29.530463160104237,50.63419111904846
6.084745762711865,10.961437206423987,-29.662799058576365,51.305602157964785
6.135593220338983,10.961437206423987,-29.786551483986823,51.938757418756275
6.186440677966102,10.961437206423987,-29.90209246939535,52.53295827982289
6.237288135593221,10.961437206423987,-30.00980611104637,53.088976839853835
6.288135593220339,10.961437206423987,-30.11008314818043,53.60877207592467
6.338983050847458,10.961437206423987,-30.203316239449677,54.09579974532996
6.389830508474576,10.961437206423987,-30.289895913876194,54.54941989619363
6.4406779661016955,10.961437206423987,-30.370207160808242,54.97135849593834
6.491525423728813,10.961437206423987,-30.44462661388773,55.363340151134935
6.5423728813559325,10.961437206423987,-30.51352027806896,55.72707154285475
6.593220338983051,10.961437206423987,-30.577241745633604,56.06591270469391
6.6440677966101696,10.961437206423987,-30.636130846359357,56.37975574148165
6.694915254237289,10.961437206423987,-30.690512677993837,56.670114074230774
6.745762711864407,10.961437206423987,-30.740696965495328,56.938517526042986
6.796610169491526,10.961437206423987,-30.786977700728983,57.18643207759549
6.8474576271186445,10.961437206423987,-30.82963301811861,57.41525643465033
6.898305084745763,10.961437206423987,-30.86892526588379,57.6263199450247
6.9491525423728815,10.961437206423987,-30.905101236729738,57.82088165394012
7.0,10.961437206423987,-30.938392526045913,58.00013030603561
4.0,11.4762830329519,-19.624587271758326,11.826035578604333
4.0508474576271185,11.4762830329519,-19.79509656114527,12.284739215111273
4.101694915254237,11.4762830329519,-19.975644412368883,12.778320311205032
4.1525423728813555,11.4762830329519,-20.166377139448322,13.30831205564246
4.203389830508475,11.4762830329519,-20.367374217545237,13.876090332258315
4.254237288135593,11.4762830329519,-20.578639668606904,14.483407028790095
4.305084745762712,11.4762830329519,-20.80009390599229,15.131760701326455
4.3559322033898304,11.4762830329519,-21.031566352516105,15.82164331867917
4.406779661016949,11.4762830329519,-21.27278916785112,16.554751071049374
4.4576271186440675,11.4762830329519,-21.523392428872604,17.330888649910307
4.508474576271187,11.4762830329519,-21.78290109700031,18.150533025747983
4.559322033898305,11.4762830329519,-22.05073407730044,19.01357651298034
4.610169491525424,11.4762830329519,-22.326205623597836,19.918745151486046
4.661016949152542,11.4762830329519,-22.608529272195963,20.865984255189915
4.711864406779661,11.4762830329519,-22.896824395910226,21.85235578667626
4.762711864406779,11.4762830329519,-23.190125363840362,22.87669402031412
4.813559322033898,11.4762830329519,-23.487393176355834,23.935878358194937
4.864406779661017,11.4762830329519,-23.787529326390512,25.026256445412656
4.915254237288136,11.4762830329519,-24.0893915255501,26.14524034514703
4.966101694915254,11.4762830329519,-24.39181083514478,27.288139125747737
5.016949152542373,11.4762830329519,-24.693609665835584,28.450231549999632
5.067796610169491,11.4762830329519,-24.99362006139042,29.62685946420536
5.118644067796611,11.4762830329519,-25.29070166613067,30.813144227817435
5.169491525423728,11.4762830329519,-25.583758793363298,32.00429445846554
5.220338983050848,11.4762830329519,-25.87175606193292,33.19494809586162
5.271186440677966,11.4762830329519,-26.153732145812075,34.37977375998747
5.322033898305085,11.4762830329519,-26.428811281012198,35.55387967502362
5.372881355932203,11.4762830329519,-26.696212287218273,36.71296366290314
5.423728813559322,11.4762830329519,-26.955254980000987,37.85211641526562
5.474576271186441,11.4762830329519,-27.205363965063835,38.967024054888476
5.52542372881356,11.4762830329519,-27.446069911563303,40.05369883806252
5.576271186440678,11.4762830329519,-27.677008491476414,41.10905699368569
5.627118644067797,11.4762830329519,-27.89791724253465,42.13167726055752
5.677966101694915,11.4762830329519,-28.108630661598742,43.1169217518715
5.728813559322034,11.4762830329519,-28.309073863528305,44.064339700625375
5.779661016949152,11.4762830329519,-28.499255149128338,44.97226368982351
5.830508474576272,11.4762830329519,-28.679257817276017,45.83907609218217
5.88135593220339,11.4762830329519,-28.849231534180294,46.665185964514684
5.932203389830509,11.4762830329519,-29.00938354052859,47.44967973394812
5.983050847457627,11.4762830329519,-29.159969938597445,48.19234917985242
6.033898305084746,11.4762830329519,-29.30128725950107,48.895463097424646
6.084745762711865,11.4762830329519,-29.43366446838861,49.55717962887411
6.135593220338983,11.4762830329519,-29.55745552476891,50.18016862424282
6.186440677966102,11.4762830329519,-29.673032577836775,50.765833855147335
6.237288135593221,11.4762830329519,-29.780779843737406,51.313881708499665
6.288135593220339,11.4762830329519,-29.881088183685804,51.825877515043246
6.338983050847458,11.4762830329519,-29.97435037890776,52.30558409877077
6.389830508474576,11.4762830329519,-30.060957080334195,52.752739424077376
6.4406779661016955,11.4762830329519,-30.141293397492927,53.16867379984726
6.491525423728813,11.4762830329519,-30.215736081597083,53.55508530718989
6.5423728813559325,11.4762830329519,-30.284651251854285,53.91365465280521
6.593220338983051,11.4762830329519,-30.348392610924762,54.247311534930915
6.6440677966101696,11.4762830329519,-30.407300094668592,54.55671313847301
6.694915254237289,11.4762830329519,-30.461698902317004,54.8429665371003
6.745762711864407,11.4762830329519,-30.51189885551305,55.10757896946512
6.796610169491526,11.4762830329519,-30.558194037895362,55.35199489005141
6.8474576271186445,11.4762830329519,-30.600862670711123,55.577592563831374
6.898305084745763,11.4762830329519,-30.64016718407541,55.78568199366141
6.9491525423728815,11.4762830329519,-30.676354447733065,55.97750397217991
7.0,11.4762830329519,-30.70965612936914,56.15423006903854
4.0,12.015310563037616,-19.392391602875595,10.858705667035315
4.0508474576271185,12.015310563037616,-19.56295410240072,11.303798906874421
4.101694915254237,12.015310563037616,-19.74355829645554,11.783057407324625
4.1525423728813555,12.015310563037616,-19.934350544718836,12.29781408109161
4.203389830508475,12.015310563037616,-20.135410347153748,12.849487616012572
4.254237288135593,12.015310563037616,-20.346741726962666,13.440365240116607
4.305084745762712,12.015310563037616,-20.56826507266827,14.070840649880989
4.3559322033898304,12.015310563037616,-20.799809753853953,14.742825993304379
4.406779661016949,12.015310563037616,-21.041107846608643,15.456531471956978
4.4576271186440675,12.015310563037616,-21.29178931236721,16.21311101522314
4.508474576271187,12.015310563037616,-21.55137896430606,17.012199784207844
4.559322033898305,12.015310563037616,-21.819295526151464,17.854215177801482
4.610169491525424,12.015310563037616,-22.09485303773026,18.737895527785046
4.661016949152542,12.015310563037616,-22.377264789917387,19.66279766719334
4.711864406779661,12.015310563037616,-22.665649880714525,20.62673394392724
4.762711864406779,12.015310563037616,-22.959042377880913,21.62802119384185
4.813559322033898,12.015310563037616,-23.25640295754964,22.663952474801686
4.864406779661017,12.015310563037616,-23.55663276984796,23.730873612342688
4.915254237288136,12.015310563037616,-23.858589169912293,24.826553045101875
4.966101694915254,12.015310563037616,-24.1611028542669,25.945665464887576
5.016949152542373,12.015310563037616,-24.462995866087315,27.08395477000598
5.067796610169491,12.015310563037616,-24.763099884662104,28.237710669816806
5.118644067796611,12.015310563037616,-25.06027419844651,29.401457925030304
5.169491525423728,12.015310563037616,-25.35342277882102,30.56998494344207
5.220338983050848,12.015310563037616,-25.641509921523078,31.738287765979262
5.271186440677966,12.015310563037616,-25.923574000528127,32.901374817489234
5.322033898305085,12.015310563037616,-26.198738978551518,34.05434273269414
5.372881355932203,12.015310563037616,-26.466223431498474,35.19244716099249
5.423728813559322,12.015310563037616,-26.725346962677307,36.311166324605594
5.474576271186441,12.015310563037616,-26.975533998230556,37.406255554737236
5.52542372881356,12.015310563037616,-27.21631506085255,38.474621319267456
5.576271186440678,12.015310563037616,-27.447325708825957,39.513194737078074
5.627118644067797,12.015310563037616,-27.668303397976718,40.51798126490878
5.677966101694915,12.015310563037616,-27.879082573517685,41.486776485169244
5.728813559322034,12.015310563037616,-28.07958832693937,42.419506533114024
5.779661016949152,12.015310563037616,-28.26982896163717,43.311896072740524
5.830508474576272,12.015310563037616,-28.449887802483,44.165891391683964
5.88135593220339,12.015310563037616,-28.619914562391536,44.9779990850488
5.932203389830509,12.015310563037616,-28.78011654672295,45.75097533904039
5.983050847457627,12.015310563037616,-28.93074993767459,46.481718873188974
6.033898305084746,12.015310563037616,-29.072111358897907,47.17404508958623
6.084745762711865,12.015310563037616,-29.204529878200862,47.8261325288083
6.135593220338983,12.015310563037616,-29.328359565550997,48.43876283354375
6.186440677966102,12.015310563037616,-29.443972686278205,49.01594966082488
6.237288135593221,12.015310563037616,-29.551753576428442,49.556080133390246
6.288135593220339,12.015310563037616,-29.652093219191183,50.06069360223298
6.338983050847458,12.015310563037616,-29.74538451836585,50.5324755692575
6.389830508474576,12.015310563037616,-29.8320182467922,50.97320900783919
6.4406779661016955,12.015310563037616,-29.912379634177615,51.38317897620648
6.491525423728813,12.015310563037616,-29.986845549306437,51.76405721968082
6.5423728813559325,12.015310563037616,-30.055782225639618,52.117498654555085
6.593220338983051,12.015310563037616,-30.11954347621592,52.44568917262228
6.6440677966101696,12.015310563037616,-30.178469342977834,52.750678590852395
6.694915254237289,12.015310563037616,-30.232885126640173,53.03285405843681
6.745762711864407,12.015310563037616,-30.283100745530774,53.29370038481917
6.796610169491526,12.015310563037616,-30.329410375061748,53.53464064548304
6.8474576271186445,12.015310563037616,-30.37209232330364,53.75703280372628
6.898305084745763,12.015310563037616,-30.41140910226703,53.96216764854706
6.9491525423728815,12.015310563037616,-30.447607658736395,54.15126784323012
7.0,12.015310563037616,-30.48091973269237,54.32548789799614
4.0,12.579655582885128,-19.160195933992867,9.913149090201507
4.0508474576271185,12.579655582885128,-19.33081164365617,10.34464705483375
4.101694915254237,12.579655582885128,-19.5114721805422,10.809287447647918
4.1525423728813555,12.579655582885128,-19.702323949989353,11.30880983898854
4.203389830508475,12.579655582885128,-19.903446476762262,11.8445112026487
4.254237288135593,12.579655582885128,-20.114843785318424,12.418424300460588
4.305084745762712,12.579655582885128,-20.336436239344252,13.031292464529344
4.3559322033898304,12.579655582885128,-20.5680531551918,13.684804297448355
4.406779661016949,12.579655582885128,-20.809426525366167,14.379447811134026
4.4576271186440675,12.579655582885128,-21.06018619586182,15.11594525647249
4.508474576271187,12.579655582885128,-21.319856831611812,15.894754311997723
4.559322033898305,12.579655582885128,-21.58785697500249,16.715103631508327
4.610169491525424,12.579655582885128,-21.86350045186268,17.577522195670888
4.661016949152542,12.579655582885128,-22.146000307638808,18.47974448493
4.711864406779661,12.579655582885128,-22.43447536551882,19.421307493580176
4.762711864406779,12.579655582885128,-22.72795939192146,20.39929273027557
4.813559322033898,12.579655582885128,-23.025412738743444,21.411984613274587
4.864406779661017,12.579655582885128,-23.325736213305404,22.45542426054511
4.915254237288136,12.579655582885128,-23.627786814274486,23.527392488446306
4.966101694915254,12.579655582885128,-23.930394873389023,24.622639289010337
5.016949152542373,12.579655582885128,-24.232382066339046,25.73770487954743
5.067796610169491,12.579655582885128,-24.532579707933788,26.86811111342179
5.118644067796611,12.579655582885128,-24.82984673076235,28.008436722300928
5.169491525423728,12.579655582885128,-25.12308676427874,29.153863096774867
5.220338983050848,12.579655582885128,-25.41126378111323,30.299506116611756
5.271186440677966,12.579655582885128,-25.693415855244183,31.440493021944803
5.322033898305085,12.579655582885128,-25.968666676090837,32.57203694429208
5.372881355932203,12.579655582885128,-26.236234575778674,33.68950657232154
5.423728813559322,12.579655582885128,-26.495438945353623,34.78848876198612
5.474576271186441,12.579655582885128,-26.745704031397278,35.864842341187675
5.52542372881356,12.579655582885128,-26.9865602101418,36.914741866161314
5.576271186440678,12.579655582885128,-27.217642926175497,37.93471061894646
5.627118644067797,12.579655582885128,-27.43868955341879,38.92198479723947
5.677966101694915,12.579655582885128,-27.64953448543663,39.875812879254234
5.728813559322034,12.579655582885128,-27.850102790350434,40.792086604792615
5.779661016949152,12.579655582885128,-28.040402774146,41.67043857162239
5.830508474576272,12.579655582885128,-28.220517787689985,42.51013760008482
5.88135593220339,12.579655582885128,-28.390597590602777,43.3094774176088
5.932203389830509,12.579655582885128,-28.550849552917317,44.06967997820526
5.983050847457627,12.579655582885128,-28.701529936751736,44.78964232370166
6.033898305084746,12.579655582885128,-28.842935458294743,45.46997361884377
6.084745762711865,12.579655582885128,-28.975395288013114,46.11249727417214
6.135593220338983,12.579655582885128,-29.099263606333086,46.71600980098892
6.186440677966102,12.579655582885128,-29.214912794719634,47.28336507138538
6.237288135593221,12.579655582885128,-29.322727309119482,47.81563140045345
6.288135593220339,12.579655582885128,-29.423098254696562,48.31291207207819
6.338983050847458,12.579655582885128,-29.516418657823937,48.77678575096078
6.389830508474576,12.579655582885128,-29.603079413250207,49.21091321116419
6.4406779661016955,12.579655582885128,-29.683465870862307,49.61495852136943
6.491525423728813,12.579655582885128,-29.757955017015792,49.99034032222827
6.5423728813559325,12.579655582885128,-29.826913199424947,50.33868792335808
6.593220338983051,12.579655582885128,-29.890694341507082,50.661601070251734
6.6440677966101696,12.579655582885128,-29.949638591287076,50.9617645042873
6.694915254237289,12.579655582885128,-30.004071350963343,51.23988899757511
6.745762711864407,12.579655582885128,-30.0543026355485,51.49699408852728
6.796610169491526,12.579655582885128,-30.10062671222813,51.73448162060486
6.8474576271186445,12.579655582885128,-30.14332197589616,51.9536893943395
6.898305084745763,12.579655582885128,-30.182651020458653,52.155889115774556
6.9491525423728815,12.579655582885128,-30.21886086973973,52.34228544188022
7.0,12.579655582885128,-30.252183336015605,52.51401593882191
4.0,13.170507225241966,-18.928000265110132,8.989495088173603
4.0508474576271185,13.170507225241966,-19.098669184911614,9.407451103609048
4.101694915254237,13.170507225241966,-19.279386064628852,9.857363133070452
4.1525423728813555,13.170507225241966,-19.470297355259863,10.341599216421208
4.203389830508475,13.170507225241966,-19.67148260637077,10.86105927953839
4.254237288135593,13.170507225241966,-19.88294584367418,11.418040601547236
4.305084745762712,13.170507225241966,-20.10460740602023,12.013217451611203
4.3559322033898304,13.170507225241966,-20.336296556529643,12.648005692669116
4.406779661016949,13.170507225241966,-20.577745204123687,13.323538913909323
4.4576271186440675,13.170507225241966,-20.828583079356427,14.039956944895009
4.508474576271187,13.170507225241966,-21.088334698917556,14.797936774502361
4.559322033898305,13.170507225241966,-21.356418423853512,15.597430934560656
4.610169491525424,13.170507225241966,-21.632147865995098,16.43743959896685
4.661016949152542,13.170507225241966,-21.91473582536023,17.317586947535656
4.711864406779661,13.170507225241966,-22.203300850323114,18.236167187282604
4.762711864406779,13.170507225241966,-22.496876405962006,19.19081477303543
4.813559322033898,13.170507225241966,-22.794422519937243,20.18017139772397
4.864406779661017,13.170507225241966,-23.094839656762847,21.1998361670344
4.915254237288136,13.170507225241966,-23.396984458636673,22.24808593196095
4.966101694915254,13.170507225241966,-23.699686892511142,23.319437081231037
5.016949152542373,13.170507225241966,-24.001768266590773,24.411061145048365
5.067796610169491,13.170507225241966,-24.30205953120547,25.51772782968305
5.118644067796611,13.170507225241966,-24.599419263078186,26.634480619797504
5.169491525423728,13.170507225241966,-24.892750749736457,27.75706851046341
5.220338983050848,13.170507225241966,-25.18101764070338,28.880681820161424
5.271186440677966,13.170507225241966,-25.463257709960228,29.999917912310178
5.322033898305085,13.170507225241966,-25.73859437363015,31.11006715071161
5.372881355932203,13.170507225241966,-26.00624572005887,32.20657211579282
5.423728813559322,13.170507225241966,-26.265530928029936,33.28508952864861
5.474576271186441,13.170507225241966,-26.51587406456399,34.341543527994624
5.52542372881356,13.170507225241966,-26.756805359431045,35.372169065530805
5.576271186440678,13.170507225241966,-26.987960143525033,36.3746858899331
5.627118644067797,13.170507225241966,-27.209075708860855,37.34571866932939
5.677966101694915,13.170507225241966,-27.41998639735557,38.28226300035943
5.728813559322034,13.170507225241966,-27.620617253761495,39.18284638568481
5.779661016949152,13.170507225241966,-27.810976586654828,40.04714642411548
5.830508474576272,13.170507225241966,-27.991147772896962,40.87179801373157
5.88135593220339,13.170507225241966,-28.161280618814015,41.65916924083357
5.932203389830509,13.170507225241966,-28.32158255911168,42.40579428524819
5.983050847457627,13.170507225241966,-28.47230993582888,43.115049482934644
6.033898305084746,13.170507225241966,-28.613759557691576,43.784071921707465
6.084745762711865,13.170507225241966,-28.746260697825363,44.41629349209359
6.135593220338983,13.170507225241966,-28.87016764711517,45.01090594744546
6.186440677966102,13.170507225241966,-28.98585290316106,45.56837219271837
6.237288135593221,13.170507225241966,-29.093701041810515,46.092576102257745
6.288135593220339,13.170507225241966,-29.194103290201937,46.58257343892112
6.338983050847458,13.170507225241966,-29.28745279728202,47.03966534799669
6.389830508474576,13.170507225241966,-29.374140579708204,47.46591576977364
6.4406779661016955,13.170507225241966,-29.45455210754699,47.86407610763891
6.491525423728813,13.170507225241966,-29.529064484725144,48.233998228027275
6.5423728813559325,13.170507225241966,-29.598044173210276,48.57728601739702
6.593220338983051,13.170507225241966,-29.661845206798237,48.89551449107385
6.6440677966101696,13.170507225241966,-29.720807839596315,49.1902191143476
6.694915254237289,13.170507225241966,-29.77525757528651,49.46416049988211
6.745762711864407,13.170507225241966,-29.825504525566217,49.717549185494775
6.796610169491526,13.170507225241966,-29.87184304939451,49.9516068828744
6.8474576271186445,13.170507225241966,-29.914551628488674,50.16765136850093
6.898305084745763,13.170507225241966,-29.95389293865027,50.36693539617999
6.9491525423728815,13.170507225241966,-29.99011408074305,50.55064573942843
7.0,13.170507225241966,-30.023446939338832,50.719903135562355
4.0,13.789110475023632,-18.6958045962274,8.088624548078693
4.0508474576271185,13.789110475023632,-18.866526726167063,8.492362935130815
4.101694915254237,13.789110475023632,-19.04729994871551,8.927898155511674
4.1525423728813555,13.789110475023632,-19.23827076053038,9.396361431989192
4.203389830508475,13.789110475023632,-19.43951873597928,9.899780188399385
4.254237288135593,13.789110475023632,-19.65104790202994,10.439526550862617
4.305084745762712,13.789110475023632,-19.872778572696213,11.016770424520653
4.3559322033898304,13.789110475023632,-20.10453995786749,11.632900050696701
4.406779661016949,13.789110475023632,-20.34606388288121,12.289004151173286
4.4576271186440675,13.789110475023632,-20.596979962851034,12.985414653305723
4.508474576271187,13.789110475023632,-20.856812566223308,13.722444486134355
4.559322033898305,13.789110475023632,-21.124979872704536,14.500311702159543
4.610169491525424,13.789110475023632,-21.400795280127518,15.318641946104396
4.661016949152542,13.789110475023632,-21.68347134308165,16.176146016271183
4.711864406779661,13.789110475023632,-21.97212633512741,17.071351070419
4.762711864406779,13.789110475023632,-22.265793420002556,18.003285240289284
4.813559322033898,13.789110475023632,-22.563432301131048,18.96864407738001
4.864406779661017,13.789110475023632,-22.86394310022029,19.964759482579687
4.915254237288136,13.789110475023632,-23.166182102998867,20.988879336120284
4.966101694915254,13.789110475023632,-23.468978911633265,22.036347840969658
5.016949152542373,13.789110475023632,-23.771154466842503,23.104137638928005
5.067796610169491,13.789110475023632,-24.071539354477153,24.18700190420721
5.118644067796611,13.789110475023632,-24.368991795394024,25.280274332142426
5.169491525423728,13.789110475023632,-24.662414735194176,26.38026615898476
5.220338983050848,13.789110475023632,-24.950771500293538,27.481053623723707
5.271186440677966,13.789110475023632,-25.23309956467628,28.577956468137735
5.322033898305085,13.789110475023632,-25.50852207116947,29.666375302543056
5.372881355932203,13.789110475023632,-25.77625686433907,30.741859296282815
5.423728813559322,13.789110475023632,-26.035622910706255,31.80016713814876
5.474576271186441,13.789110475023632,-26.286044097730713,32.837319557435954
5.52542372881356,13.789110475023632,-26.527050508720293,33.84964218595453
5.576271186440678,13.789110475023632,-26.758277360874576,34.83379805655216
5.627118644067797,13.789110475023632,-26.979461864302923,35.786809536580726
5.677966101694915,13.789110475023632,-27.190438309274516,36.70715778079623
5.728813559322034,13.789110475023632,-27.391131717172563,37.59289215347677
5.779661016949152,13.789110475023632,-27.581550399163657,38.44128457791174
5.830508474576272,13.789110475023632,-27.761777758103943,39.25306396879748
5.88135593220339,13.789110475023632,-27.931963647025256,40.02632953938832
5.932203389830509,13.789110475023632,-28.092315565306045,40.761341538744745
5.983050847457627,13.789110475023632,-28.243089934906024,41.45792716248898
6.033898305084746,13.789110475023632,-28.384583657088413,42.11694807186149
6.084745762711865,13.789110475023632,-28.517126107637615,42.7375255602743
6.135593220338983,13.789110475023632,-28.64107168789726,43.323298800954575
6.186440677966102,13.789110475023632,-28.75679301160249,43.872496975875144
6.237288135593221,13.789110475023632,-28.864674774501555,44.38693786680175
6.288135593220339,13.789110475023632,-28.965108325707316,44.86970125752927
6.338983050847458,13.789110475023632,-29.058486936740106,45.32005729702649
6.389830508474576,13.789110475023632,-29.14520174616621,45.73957252464789
6.4406779661016955,13.789110475023632,-29.22563834423168,46.130576526636254
6.491525423728813,13.789110475023632,-29.300173952434502,46.4950756733091
6.5423728813559325,13.789110475023632,-29.369175146995605,46.833337621331744
6.593220338983051,13.789110475023632,-29.4329960720894,47.14691283263519
6.6440677966101696,13.789110475023632,-29.491977087905557,47.43731303028713
6.694915254237289,13.789110475023632,-29.54644379960968,47.70600281515452
6.745762711864407,13.789110475023632,-29.59670641558394,47.955433756545816
6.796610169491526,13.789110475023632,-29.643059386560896,48.186084477986725
6.8474576271186445,13.789110475023632,-29.685781281081194,48.398986739414525
6.898305084745763,13.789110475023632,-29.725134856841894,48.59537447294152
6.9491525423728815,13.789110475023632,-29.76136729174638,48.77641669132662
7.0,13.789110475023632,-29.794710542662063,48.943217418084544
4.0,14.436768792624322,-18.463608927344666,7.210379909273234
4.0508474576271185,14.436768792624322,-18.634384267422504,7.600194896470702
4.101694915254237,14.436768792624322,-18.81521383280216,8.020720611876008
4.1525423728813555,14.436768792624322,-19.00624416580089,8.473777937851557
4.203389830508475,14.436768792624322,-19.207554865587788,8.960717269633207
4.254237288135593,14.436768792624322,-19.419149960385695,9.48307218919801
4.305084745762712,14.436768792624322,-19.640949739372186,10.042327616698998
4.3559322033898304,14.436768792624322,-19.872783359205336,10.639811337093198
4.406779661016949,14.436768792624322,-20.11438256163873,11.276272062338174
4.4576271186440675,14.436768792624322,-20.36537684634564,11.95240313044241
4.508474576271187,14.436768792624322,-20.625290433529052,12.668569690222741
4.559322033898305,14.436768792624322,-20.893541321555556,13.424761558395204
4.610169491525424,14.436768792624322,-21.169442694259935,14.220634721251493
4.661016949152542,14.436768792624322,-21.452206860803066,15.055651650926436
4.711864406779661,14.436768792624322,-21.740951819931702,15.928131398848029
4.762711864406779,14.436768792624322,-22.0347104340431,16.83620653985843
4.813559322033898,14.436768792624322,-22.33244208232485,17.77753767876065
4.864406779661017,14.436768792624322,-22.633046543677732,18.750194987673343
4.915254237288136,14.436768792624322,-22.935379747361058,19.749947529279336
4.966101694915254,14.436768792624322,-23.238270930755384,20.773584100229566
5.016949152542373,14.436768792624322,-23.54054066709423,21.81723349359685
5.067796610169491,14.436768792624322,-23.841019177748834,22.87627921154444
5.118644067796611,14.436768792624322,-24.138564327709858,23.946221493284572
5.169491525423728,14.436768792624322,-24.432078720651894,25.02290427759025
5.220338983050848,14.436768792624322,-24.720525359883688,26.100726898707137
5.271186440677966,14.436768792624322,-25.00294141939233,27.17511839503635
5.322033898305085,14.436768792624322,-25.278449768708782,28.24187393817027
5.372881355932203,14.436768792624322,-25.546268008619265,29.29648971308915
5.423728813559322,14.436768792624322,-25.805714893382568,30.334390378461812
5.474576271186441,14.436768792624322,-26.05621413089743,31.351658747524386
5.52542372881356,14.436768792624322,-26.297295658009535,32.344677542739106
5.576271186440678,14.436768792624322,-26.528594578224112,33.31107858144473
5.627118644067797,14.436768792624322,-26.749848019744988,34.24747406028137
5.677966101694915,14.436768792624322,-26.960890221193456,35.151280825671215
5.728813559322034,14.436768792624322,-27.161646180583624,36.0203265016119
5.779661016949152,14.436768792624322,-27.352124211672486,36.854771546554986
5.830508474576272,14.436768792624322,-27.532407743310923,37.65217436619756
5.88135593220339,14.436768792624322,-27.702646675236494,38.41183264652722
5.932203389830509,14.436768792624322,-27.863048571500407,39.13478063287022
5.983050847457627,14.436768792624322,-28.013869933983166,39.819220432389194
6.033898305084746,14.436768792624322,-28.155407756485246,40.46733833135674
6.084745762711865,14.436768792624322,-28.28799151744986,41.07833120791844
6.135593220338983,14.436768792624322,-28.411975728679344,41.65317879389512
6.186440677966102,14.436768792624322,-28.527733120043916,42.19416560991901
6.237288135593221,14.436768792624322,-28.635648507192588,42.70048434030938
6.288135593220339,14.436768792624322,-28.73611336121269,43.17430367736954
6.338983050847458,14.436768792624322,-28.82952107619819,43.61796968365378
6.389830508474576,14.436768792624322,-28.916262912624212,44.031263592927786
6.4406779661016955,14.436768792624322,-28.996724580916368,44.41574479627296
6.491525423728813,14.436768792624322,-29.071283420143853,44.77360026153581
6.5423728813559325,14.436768792624322,-29.14030612078093,45.106870290580474
6.593220338983051,14.436768792624322,-29.204146937380553,45.41582360566466
6.6440677966101696,14.436768792624322,-29.263146336214792,45.701948357062996
6.694915254237289,14.436768792624322,-29.317630023932846,45.96668647138523
6.745762711864407,14.436768792624322,-29.367908305601663,46.21142726980582
6.796610169491526,14.436768792624322,-29.414275723727275,46.437963389645255
6.8474576271186445,14.436768792624322,-29.457010933673708,46.64774446048399
6.898305084745763,14.436768792624322,-29.49637677503351,46.841255271455154
6.9491525423728815,14.436768792624322,-29.532620502749708,47.01964719710234
7.0,14.436768792624322,-29.56597414598529,47.18400766204096
4.0,15.114846860441478,-18.231413258461938,6.35530915938135
4.0508474576271185,15.114846860441478,-18.402241808677957,6.731050262696358
4.101694915254237,15.114846860441478,-18.58312771688882,7.136618776394538
4.1525423728813555,15.114846860441478,-18.774217571071407,7.573738276848131
4.203389830508475,15.114846860441478,-18.975590995196303,8.044207654647664
4.254237288135593,15.114846860441478,-19.187252018741457,8.549331179204934
4.305084745762712,15.114846860441478,-19.40912090604817,9.090503208892551
4.3559322033898304,15.114846860441478,-19.641026760543184,9.668939785762014
4.406779661016949,15.114846860441478,-19.882701240396255,10.285634291230517
4.4576271186440675,15.114846860441478,-20.133773729840247,10.941311293042844
4.508474576271187,15.114846860441478,-20.393768300834804,11.636379760530284
4.559322033898305,15.114846860441478,-20.662102770406584,12.370887056973604
4.610169491525424,15.114846860441478,-20.93809010839236,13.144475308018269
4.661016949152542,15.114846860441478,-21.22094237852449,13.956341869727915
4.711864406779661,15.114846860441478,-21.509777304735998,14.805601995938657
4.762711864406779,15.114846860441478,-21.80362744808365,15.690233543822455
4.813559322033898,15.114846860441478,-22.101451863518655,16.607965045330033
4.864406779661017,15.114846860441478,-22.40214998713518,17.55600808347362
4.915254237288136,15.114846860441478,-22.70457739172325,18.531664663736407
4.966101694915254,15.114846860441478,-23.007562949877506,19.531306842056733
5.016949152542373,15.114846860441478,-23.30992686734596,20.55031165311926
5.067796610169491,15.114846860441478,-23.610499001020518,21.585897533015462
5.118644067796611,15.114846860441478,-23.9081368600257,22.631971800768255
5.169491525423728,15.114846860441478,-24.201742706109613,23.68528970019011
5.220338983050848,15.114846860441478,-24.490279219473845,24.74041040729734
5.271186440677966,15.114846860441478,-24.772783274108384,25.792496556921403
5.322033898305085,15.114846860441478,-25.048377466248102,26.837144412506106
5.372881355932203,15.114846860441478,-25.316279152899465,27.87063995075004
5.423728813559322,15.114846860441478,-25.575806876058888,28.888095728310272
5.474576271186441,15.114846860441478,-25.82638416406415,29.88565113303187
5.52542372881356,15.114846860441478,-26.067540807298784,30.85975425030738
5.576271186440678,15.114846860441478,-26.298911795573655,31.807542057865867
5.627118644067797,15.114846860441478,-26.520234175187056,32.726570223381025
5.677966101694915,15.114846860441478,-26.7313421331124,33.61394391598717
5.728813559322034,15.114846860441478,-26.93216064399469,34.467526912533316
5.779661016949152,15.114846860441478,-27.122698024181318,35.28629509360028
5.830508474576272,15.114846860441478,-27.303037728517904,36.06999333430721
5.88135593220339,15.114846860441478,-27.47332970344774,36.816056233969164
5.932203389830509,15.114846860441478,-27.63378157769477,37.52653285897126
5.983050847457627,15.114846860441478,-27.78464993306031,38.19909788307379
6.033898305084746,15.114846860441478,-27.926231855882083,38.83628477855754
6.084745762711865,15.114846860441478,-28.058856927262113,39.43609933161676
6.135593220338983,15.114846860441478,-28.182879769461433,40.00246027026883
6.186440677966102,15.114846860441478,-28.298673228485345,40.53362424085897
6.237288135593221,15.114846860441478,-28.406622239883628,41.03131625355033
6.288135593220339,15.114846860441478,-28.507118396718074,41.49832046387592
6.338983050847458,15.114846860441478,-28.60055521565628,41.933999561965784
6.389830508474576,15.114846860441478,-28.687324079082217,42.33986387495879
6.4406779661016955,15.114846860441478,-28.767810817601056,42.71881454137722
6.491525423728813,15.114846860441478,-28.842392887853208,43.07151141918343
6.5423728813559325,15.114846860441478,-28.911437094566264,43.398833877405714
6.593220338983051,15.114846860441478,-28.975297802671715,43.70227927413053
6.6440677966101696,15.114846860441478,-29.034315584524034,43.98330794137001
6.694915254237289,15.114846860441478,-29.08881624825602,44.24429354218972
6.745762711864407,15.114846860441478,-29.139110195619388,44.48596516982421
6.796610169491526,15.114846860441478,-29.185492060893658,44.709208563165696
6.8474576271186445,15.114846860441478,-29.228240586266224,44.91527853709514
6.898305084745763,15.114846860441478,-29.267618693225135,45.105368234174854
6.9491525423728815,15.114846860441478,-29.303873713753042,45.28060816165132
7.0,15.114846860441478,-29.33723774930852,45.44206609449962
4.0,15.824773458401303,-17.999217589579203,5.523781095149872
4.0508474576271185,15.824773458401303,-18.1700993499334,5.885259298198699
4.101694915254237,15.824773458401303,-18.351041600975474,6.2758623871519905
4.1525423728813555,15.824773458401303,-18.542190976341917,6.6971960665048655
4.203389830508475,15.824773458401303,-18.74362712480481,7.150877835481214
4.254237288135593,15.824773458401303,-18.955354077097212,7.638433252836181
4.305084745762712,15.824773458401303,-19.177292072724143,8.16125881112372
4.3559322033898304,15.824773458401303,-19.409270161881025,8.720581410557209
4.406779661016949,15.824773458401303,-19.651019919153775,9.317415077392246
4.4576271186440675,15.824773458401303,-19.902170613334853,9.952515818562329
4.508474576271187,15.824773458401303,-20.162246168140552,10.62633575222812
4.559322033898305,15.824773458401303,-20.430664219257604,11.338977884241816
4.610169491525424,15.824773458401303,-20.706737522524772,12.090153091375322
4.661016949152542,15.824773458401303,-20.989677896245908,12.879141000053975
4.711864406779661,15.824773458401303,-21.27860278954029,13.704756491562065
4.762711864406779,15.824773458401303,-21.572544462124192,14.565323502049411
4.813559322033898,15.824773458401303,-21.870461644712453,15.459028278152603
4.864406779661017,15.824773458401303,-22.17125343059262,16.38316916408571
4.915254237288136,15.824773458401303,-22.473775036085442,17.334437015740633
4.966101694915254,15.824773458401303,-22.776854968999622,18.30917832666326
5.016949152542373,15.824773458401303,-23.07931306759769,19.304745735753606
5.067796610169491,15.824773458401303,-23.3799788242922,20.31555910557876
5.118644067796611,15.824773458401303,-23.677709392341534,21.338415253102294
5.169491525423728,15.824773458401303,-23.971406691567328,22.367546835332952
5.220338983050848,15.824773458401303,-24.260033079063994,23.39997455701169
5.271186440677966,15.824773458401303,-24.542625128824433,24.429832584473527
5.322033898305085,15.824773458401303,-24.818305163787418,25.45272913732601
5.372881355932203,15.824773458401303,-25.086290297179662,26.46447139779571
5.423728813559322,15.824773458401303,-25.3458988587352,27.46105817321247
5.474576271186441,15.824773458401303,-25.59655419723087,28.43873039425112
5.52542372881356,15.824773458401303,-25.83778595658803,29.394012599170146
5.576271186440678,15.824773458401303,-26.06922901292319,30.32374469833635
5.627118644067797,15.824773458401303,-26.290620330629125,31.225103790830715
5.677966101694915,15.824773458401303,-26.50179404503134,32.09561624208805
5.728813559322034,15.824773458401303,-26.70267510740575,32.933160604704725
5.779661016949152,15.824773458401303,-26.893271836690143,33.737266541754245
5.830508474576272,15.824773458401303,-27.073667713724884,34.50652191643029
5.88135593220339,15.824773458401303,-27.244012731658973,35.23896720619884
5.932203389830509,15.824773458401303,-27.40451458388913,35.93702855112323
5.983050847457627,15.824773458401303,-27.55542993213745,36.59752548616434
6.033898305084746,15.824773458401303,-27.697055955278916,37.223721608997096
6.084745762711865,15.824773458401303,-27.82972233707436,37.81321488069425
6.135593220338983,15.824773458401303,-27.953783810243518,38.3696523199536
6.186440677966102,15.824773458401303,-28.06961333692677,38.891786141076565
6.237288135593221,15.824773458401303,-28.17759597257466,39.38087613343524
6.288135593220339,15.824773458401303,-28.27812343222345,39.84003244742569
6.338983050847458,15.824773458401303,-28.371589355114363,40.268402318744116
6.389830508474576,15.824773458401303,-28.458385245540217,40.66746813846536
6.4406779661016955,15.824773458401303,-28.53889705428574,41.04004958499255
6.491525423728813,15.824773458401303,-28.61350235556256,41.38690146291397
6.5423728813559325,15.824773458401303,-28.68256806835159,41.708806097535074
6.593220338983051,15.824773458401303,-28.746448667962873,42.00723457163113
6.6440677966101696,15.824773458401303,-28.805484832833272,42.283621786352455
6.694915254237289,15.824773458401303,-28.860002472579186,42.54037259634706
6.745762711864407,15.824773458401303,-28.91031208563711,42.77809207337061
6.796610169491526,15.824773458401303,-28.956708398060037,42.997687677704754
6.8474576271186445,15.824773458401303,-28.999470238858738,43.2003930185111
6.898305084745763,15.824773458401303,-29.03886061141675,43.38738115741859
6.9491525423728815,15.824773458401303,-29.07512692475637,43.55976364447478
7.0,15.824773458401303,-29.108501352631748,43.71859040801726
4.0,16.5680444745444,-17.76702192069647,4.716498145827425
4.0508474576271185,16.5680444745444,-17.937956891188847,5.063476704075715
4.101694915254237,16.5680444745444,-18.11895548506213,5.438757468229773
4.1525423728813555,16.5680444745444,-18.310164381612434,5.843997820974266
4.203389830508475,16.5680444745444,-18.51166325441332,6.2808019148695555
4.254237288135593,16.5680444745444,-18.72345613545297,6.750688398678109
4.305084745762712,16.5680444745444,-18.945463239400127,7.255054365671991
4.3559322033898304,16.5680444745444,-19.177513563218874,7.795135912931756
4.406779661016949,16.5680444745444,-19.4193385979113,8.37196592668227
4.4576271186440675,16.5680444745444,-19.67056749682946,8.986329951115833
4.508474576271187,16.5680444745444,-19.930724035446303,9.638721242812817
4.559322033898305,16.5680444745444,-20.199225668108628,10.32929634157953
4.610169491525424,16.5680444745444,-20.475384936657196,11.057832679867433
4.661016949152542,16.5680444745444,-20.758413413967332,11.823689883866937
4.711864406779661,16.5680444745444,-21.047428274344586,12.625776467440126
4.762711864406779,16.5680444745444,-21.341461476164742,13.46252356614217
4.813559322033898,16.5680444745444,-21.639471425906258,14.331867189785433
4.864406779661017,16.5680444745444,-21.940356874050067,15.231240184291003
4.915254237288136,16.5680444745444,-22.242972680447636,16.15808370318442
4.966101694915254,16.5680444745444,-22.546146988121745,17.108878293074667
5.016949152542373,16.5680444745444,-22.84869926784942,18.079427066448392
5.067796610169491,16.5680444745444,-23.149458647563883,19.06635279816447
5.118644067796611,16.5680444745444,-23.447281924657375,20.064952954297077
5.169491525423728,16.5680444745444,-23.74107067702505,21.071051890691475
5.220338983050848,16.5680444745444,-24.029786938654148,22.079445333837583
5.271186440677966,16.5680444745444,-24.312466983540485,23.087019364952457
5.322033898305085,16.5680444745444,-24.588232861326738,24.088102336446564
5.372881355932203,16.5680444745444,-24.856301441459863,25.078572787367513
5.423728813559322,16.5680444745444,-25.115990841411516,26.054493622139486
5.474576271186441,16.5680444745444,-25.36672423039759,27.012162008412815
5.52542372881356,16.5680444745444,-25.608031105877277,27.948150478210067
5.576271186440678,16.5680444745444,-25.83954623027273,28.85933852129768
5.627118644067797,16.5680444745444,-26.061006486071193,29.742934429015687
5.677966101694915,16.5680444745444,-26.272245956950282,30.596487577387304
5.728813559322034,16.5680444745444,-26.473189570816814,31.417891706781774
5.779661016949152,16.5680444745444,-26.663845649198976,32.20734250620537
5.830508474576272,16.5680444745444,-26.844297698931864,32.96204803785357
5.88135593220339,16.5680444745444,-27.014695759870214,33.68124284429735
5.932203389830509,16.5680444745444,-27.175247590083497,34.36641439019058
5.983050847457627,16.5680444745444,-27.326209931214596,35.01481597066855
6.033898305084746,16.5680444745444,-27.467880054675753,35.62993547063947
6.084745762711865,16.5680444745444,-27.60058774688661,36.20910695229748
6.135593220338983,16.5680444745444,-27.724687851025607,36.75550411609875
6.186440677966102,16.5680444745444,-27.8405534453682,37.26860600301382
6.237288135593221,16.5680444745444,-27.948569705265697,37.748975605328454
6.288135593220339,16.5680444745444,-28.049128467728828,38.20028140617039
6.338983050847458,16.5680444745444,-28.14262349457245,38.62133938735211
6.389830508474576,16.5680444745444,-28.22944641199822,39.01360404171578
6.4406779661016955,16.5680444745444,-28.309983290970433,39.37969609473817
6.491525423728813,16.5680444745444,-28.384611823271918,39.720699998480576
6.5423728813559325,16.5680444745444,-28.453699042136922,40.03718393029037
6.593220338983051,16.5680444745444,-28.51759953325403,40.33059271106619
6.6440677966101696,16.5680444745444,-28.576654081142514,40.602335820724534
6.694915254237289,16.5680444745444,-28.631188696902356,40.854730960514914
6.745762711864407,16.5680444745444,-28.681513975654834,41.08849564329696
6.796610169491526,16.5680444745444,-28.727924735226424,41.30444096391421
6.8474576271186445,16.5680444745444,-28.770699891451258,41.50377932412193
6.898305084745763,16.5680444745444,-28.810102529608375,41.68766370156106
6.9491525423728815,16.5680444745444,-28.8463801357597,41.85718668496394
7.0,16.5680444745444,-28.879764955954982,42.01338035111274
4.0,17.34622605701508,-17.53482625181374,3.933720136354965
4.0508474576271185,17.34622605701508,-17.705814432444296,4.2661351128553715
4.101694915254237,17.34622605701508,-17.88686936914879,4.626047112248795
4.1525423728813555,17.34622605701508,-18.078137786882948,5.015092331733494
4.203389830508475,17.34622605701508,-18.279699384021836,5.434860016439601
4.254237288135593,17.34622605701508,-18.491558193808732,5.88686147107487
4.305084745762712,17.34622605701508,-18.713634406076107,6.372495359422244
4.3559322033898304,17.34622605701508,-18.945756964556722,6.893009654486509
4.406779661016949,17.34622605701508,-19.187657276668823,7.449622866180067
4.4576271186440675,17.34622605701508,-19.43896438032407,8.043110877813476
4.508474576271187,17.34622605701508,-19.69920190275205,8.673915135493672
4.559322033898305,17.34622605701508,-19.967787116959652,9.34224359043509
4.610169491525424,17.34622605701508,-20.244032350789617,10.04793802005566
4.661016949152542,17.34622605701508,-20.527148931688753,10.790435764491164
4.711864406779661,17.34622605701508,-20.816253759148886,11.568736621970356
4.762711864406779,17.34622605701508,-21.110378490205292,12.38137652802238
4.813559322033898,17.34622605701508,-21.408481207100063,13.226409485935084
4.864406779661017,17.34622605701508,-21.70946031750751,14.101398941710487
4.915254237288136,17.34622605701508,-22.01217032480983,15.003419412045655
4.966101694915254,17.34622605701508,-22.315439007243867,15.929068695991162
5.016949152542373,17.34622605701508,-22.61808546810115,16.87553273682243
5.067796610169491,17.34622605701508,-22.91893847083557,17.83797514598256
5.118644067796611,17.34622605701508,-23.216854456973213,18.81235866814271
5.169491525423728,17.34622605701508,-23.51073466248277,19.794760315908714
5.220338983050848,17.34622605701508,-23.799540798244305,20.780309202693637
5.271186440677966,17.34622605701508,-24.082308838256537,21.764214653777415
5.322033898305085,17.34622605701508,-24.358160558866054,22.743425716291846
5.372881355932203,17.34622605701508,-24.626312585740063,23.71255954609234
5.423728813559322,17.34622605701508,-24.886082824087836,24.66774343238378
5.474576271186441,17.34622605701508,-25.13689426356431,25.60533111111319
5.52542372881356,17.34622605701508,-25.378276255166526,26.521943474069456
5.576271186440678,17.34622605701508,-25.609863447622274,27.41449998218534
5.627118644067797,17.34622605701508,-25.83139264151326,28.280240528008243
5.677966101694915,17.34622605701508,-26.04269786886923,29.116737916275383
5.728813559322034,17.34622605701508,-26.243704034227882,29.92260447059756
5.779661016949152,17.34622605701508,-26.434419461707805,30.696707354895263
5.830508474576272,17.34622605701508,-26.61492768413885,31.43675681201705
5.88135593220339,17.34622605701508,-26.78537878808146,32.142796486104785
5.932203389830509,17.34622605701508,-26.945980596277863,32.81487843922427
5.983050847457627,17.34622605701508,-27.09698993029174,33.45157760663784
6.033898305084746,17.34622605701508,-27.23870415407259,34.05511655579258
6.084745762711865,17.34622605701508,-27.371453156698863,34.623967755495734
6.135593220338983,17.34622605701508,-27.495591891807695,35.16020723534452
6.186440677966102,17.34622605701508,-27.61149355380963,35.66427712428629
6.237288135593221,17.34622605701508,-27.719543437956737,36.13610844286993
6.288135593220339,17.34622605701508,-27.820133503234207,36.57926109392274
6.338983050847458,17.34622605701508,-27.91365763403054,36.99300587716447
6.389830508474576,17.34622605701508,-28.000507578456226,37.37846795207571
6.4406779661016955,17.34622605701508,-28.08106952765512,37.73794886548622
6.491525423728813,17.34622605701508,-28.155721290981273,38.07310287650622
6.5423728813559325,17.34622605701508,-28.22483001592225,38.3841642030744
6.593220338983051,17.34622605701508,-28.288750398545194,38.67255142279054
6.6440677966101696,17.34622605701508,-28.347823329451757,38.93964860889316
6.694915254237289,17.34622605701508,-28.402374921225526,39.187565111496866
6.745762711864407,17.34622605701508,-28.45271586567256,39.41737305009921
6.796610169491526,17.34622605701508,-28.499141072392806,39.62966623173949
6.8474576271186445,17.34622605701508,-28.541929544043775,39.8256358529893
6.898305084745763,17.34622605701508,-28.5813444478,40.00641480812754
6.9491525423728815,17.34622605701508,-28.61763334676303,40.17307672391069
7.0,17.34622605701508,-28.651028559278213,40.32663582388552
4.0,18.160957914095842,-17.30263058293101,3.176031967691412
4.0508474576271185,18.160957914095842,-17.47367197369974,3.493690787231608
4.101694915254237,18.160957914095842,-17.654783253235443,3.838023741326809
4.1525423728813555,18.160957914095842,-17.84611119215346,4.210643514890123
4.203389830508475,18.160957914095842,-18.047735513630343,4.613121845906504
4.254237288135593,18.160957914095842,-18.259660252164487,5.046989660011903
4.305084745762712,18.160957914095842,-18.481805572752084,5.513916704404349
4.3559322033898304,18.160957914095842,-18.714000365894567,6.014909370108517
4.406779661016949,18.160957914095842,-18.955975955426343,6.551038624838682
4.4576271186440675,18.160957914095842,-19.207361263818672,7.123200300708011
4.508474576271187,18.160957914095842,-19.4676797700578,7.732281538903545
4.559322033898305,18.160957914095842,-19.736348565810673,8.378206699547885
4.610169491525424,18.160957914095842,-20.012679764922034,9.060879675246063
4.661016949152542,18.160957914095842,-20.29588444941017,9.779813214311261
4.711864406779661,18.160957914095842,-20.585079243953178,10.53409603195121
4.762711864406779,18.160957914095842,-20.879295504245835,11.322366447883907
4.813559322033898,18.160957914095842,-21.17749098829386,12.142794005405092
4.864406779661017,18.160957914095842,-21.478563760964953,12.993070266148841
4.915254237288136,18.160957914095842,-21.781367969172017,13.870409605104214
4.966101694915254,18.160957914095842,-22.084731026365986,14.771560368362001
5.016949152542373,18.160957914095842,-22.387471668352877,15.692826228571498
5.067796610169491,18.160957914095842,-22.688418294107247,16.630684907561726
5.118644067796611,18.160957914095842,-22.986426989289047,17.58113761772396
5.169491525423728,18.160957914095842,-23.280398647940487,18.539196123334925
5.220338983050848,18.160957914095842,-23.569294657834455,19.501561687066907
5.271186440677966,18.160957914095842,-23.852150692972586,20.463001988685043
5.322033898305085,18.160957914095842,-24.12808825640537,21.419079830961017
5.372881355932203,18.160957914095842,-24.39632373002026,22.366595414469607
5.423728813559322,18.160957914095842,-24.65617480676415,23.30097487456572
5.474576271186441,18.160957914095842,-24.907064296731026,24.218408156018462
5.52542372881356,18.160957914095842,-25.14852140445577,25.115564873966488
5.576271186440678,18.160957914095842,-25.38018066497181,25.98940485279854
5.627118644067797,18.160957914095842,-25.601778796955326,26.83719999845714
5.677966101694915,18.160957914095842,-25.81314978078817,27.65668662632524
5.728813559322034,18.160957914095842,-26.014218497638943,28.447025037308485
5.779661016949152,18.160957914095842,-26.204993274216633,29.205545466766356
5.830508474576272,18.160957914095842,-26.385557669345825,29.930833531549997
5.88135593220339,18.160957914095842,-26.556061816292697,30.623727409874228
5.932203389830509,18.160957914095842,-26.716713602472225,31.282609192089954
5.983050847457627,18.160957914095842,-26.867769929368883,31.90761204936824
6.033898305084746,18.160957914095842,-27.009528253469423,32.49945571203523
6.084745762711865,18.160957914095842,-27.14231856651111,33.05799023204433
6.135593220338983,18.160957914095842,-27.26649593258978,33.58395410822636
6.186440677966102,18.160957914095842,-27.382433662251053,34.07899372368011
6.237288135593221,18.160957914095842,-27.49051717064777,34.54238862606945
6.288135593220339,18.160957914095842,-27.59113853873958,34.97716635093399
6.338983050847458,18.160957914095842,-27.684691773488623,35.38359803809403
6.389830508474576,18.160957914095842,-27.771568744914227,35.76225742782919
6.4406779661016955,18.160957914095842,-27.852155764339805,36.11500396883662
6.491525423728813,18.160957914095842,-27.926830758690624,36.44430726725518
6.5423728813559325,18.160957914095842,-27.995960989707577,36.749945102744825
6.593220338983051,18.160957914095842,-28.05990126383635,37.033309833512526
6.6440677966101696,18.160957914095842,-28.11899257776099,37.29576014578258
6.694915254237289,18.160957914095842,-28.173561145548693,37.5390730220211
6.745762711864407,18.160957914095842,-28.223917755690277,37.764922988981354
6.796610169491526,18.160957914095842,-28.27035740955919,37.97356284241645
6.8474576271186445,18.160957914095842,-28.313159196636292,38.16616257999738
6.898305084745763,18.160957914095842,-28.352586365991616,38.34383501709061
6.9491525423728815,18.160957914095842,-28.388886557766355,38.50763482140796
7.0,18.160957914095842,-28.42229216260144,38.6585583649466
4.0,19.013956769240647,-17.070434914048274,2.444159302167814
4.0508474576271185,19.013956769240647,-17.241529514955186,2.7467158306786916
4.101694915254237,19.013956769240647,-17.422697137322096,3.075303115256817
4.1525423728813555,19.013956769240647,-17.614084597423975,3.4313130614934426
4.203389830508475,19.013956769240647,-17.815771643238854,3.8162974395026232
4.254237288135593,19.013956769240647,-18.027762310520245,4.232042436032861
4.305084745762712,19.013956769240647,-18.24997673942806,4.67981399410696
4.3559322033898304,19.013956769240647,-18.48224376723241,5.1607655168869755
4.406779661016949,19.013956769240647,-18.724294634183867,5.6764771776246095
4.4576271186440675,19.013956769240647,-18.97575814731328,6.22740565445137
4.508474576271187,19.013956769240647,-19.236157637363547,6.8141683486564295
4.559322033898305,19.013956769240647,-19.504910014661696,7.4375572400624455
4.610169491525424,19.013956769240647,-19.78132717905445,8.097053438641703
4.661016949152542,19.013956769240647,-20.06461996713159,8.792242770845784
4.711864406779661,19.013956769240647,-20.35390472875747,9.522300476969614
4.762711864406779,19.013956769240647,-20.648212518286382,10.286129075404801
4.813559322033898,19.013956769240647,-20.946500769487667,11.081820619038167
4.864406779661017,19.013956769240647,-21.247667204422395,11.907060983775702
4.915254237288136,19.013956769240647,-21.55056561353421,12.759156506775335
4.966101694915254,19.013956769240647,-21.854023045488105,13.635369299603012
5.016949152542373,19.013956769240647,-22.156857868604607,14.532057590705934
5.067796610169491,19.013956769240647,-22.45789811737893,15.445216827480726
5.118644067796611,19.013956769240647,-22.755999521604885,16.370761747829857
5.169491525423728,19.013956769240647,-23.050062633398205,17.305429168407684
5.220338983050848,19.013956769240647,-23.339048517424608,18.24355424928484
5.271186440677966,19.013956769240647,-23.621992547688635,19.182245685913955
5.322033898305085,19.013956769240647,-23.898015953944686,20.11629974845761
5.372881355932203,19.013956769240647,-24.166334874300457,21.041563891062243
5.423728813559322,19.013956769240647,-24.426266789440465,21.95435356203748
5.474576271186441,19.013956769240647,-24.677234329897747,22.851562179053293
5.52542372881356,19.013956769240647,-24.918766553745016,23.72918677844251
5.576271186440678,19.013956769240647,-25.15049788232135,24.584227940357817
5.627118644067797,19.013956769240647,-25.372164952397394,25.41423676000221
5.677966101694915,19.013956769240647,-25.58360169270711,26.217362700251073
5.728813559322034,19.013956769240647,-25.784732961050004,26.991203442191996
5.779661016949152,19.013956769240647,-25.975567086725462,27.73404097763399
5.830508474576272,19.013956769240647,-26.156187654552806,28.444761783346177
5.88135593220339,19.013956769240647,-26.326744844503935,29.124223748285072
5.932203389830509,19.013956769240647,-26.487446608666588,29.769795337618884
5.983050847457627,19.013956769240647,-26.63854992844603,30.383110511307123
6.033898305084746,19.013956769240647,-26.78035235286626,30.963144215924462
6.084745762711865,19.013956769240647,-26.91318397632336,31.51136783117289
6.135593220338983,19.013956769240647,-27.03739997337187,32.02693780222833
6.186440677966102,19.013956769240647,-27.153373770692482,32.51295072520837
6.237288135593221,19.013956769240647,-27.261490903338807,32.96791223930002
6.288135593220339,19.013956769240647,-27.36214357424496,33.39419289695149
6.338983050847458,19.013956769240647,-27.455725912946708,33.79331305451034
6.389830508474576,19.013956769240647,-27.54262991137223,34.16517101290592
6.4406779661016955,19.013956769240647,-27.623242001024494,34.5111568181686
6.491525423728813,19.013956769240647,-27.69794022639998,34.83451146389534
6.5423728813559325,19.013956769240647,-27.767091963492906,35.13472597955051
6.593220338983051,19.013956769240647,-27.831052129127507,35.413068270858346
6.6440677966101696,19.013956769240647,-27.89016182607023,35.670871661983035
6.694915254237289,19.013956769240647,-27.944747369871862,35.909453973384316
6.745762711864407,19.013956769240647,-27.995119645708,36.1313454930114
6.796610169491526,19.013956769240647,-28.041573746725568,36.33633152210158
6.8474576271186445,19.013956769240647,-28.084388849228805,36.52556086992237
6.898305084745763,19.013956769240647,-28.123828284183237,36.70012628134651
6.9491525423728815,19.013956769240647,-28.16013976876968,36.86106347170173
7.0,19.013956769240647,-28.19355576592467,37.00935096661721
4.0,19.907019978387034,-16.838239245165546,1.7387010899855413
4.0508474576271185,19.907019978387034,-17.009387056210635,2.0261596692829804
4.101694915254237,19.907019978387034,-17.190611021408756,2.3385324445180307
4.1525423728813555,19.907019978387034,-17.38205800269449,2.6777052643324177
4.203389830508475,19.907019978387034,-17.583807772847365,3.0450389352217377
4.254237288135593,19.907019978387034,-17.795864368876007,3.4422496001671545
4.305084745762712,19.907019978387034,-18.01814790610404,3.8706495641742826
4.3559322033898304,19.907019978387034,-18.25048716857026,4.3316755427239135
4.406779661016949,19.907019978387034,-18.49261331294139,4.826376243769453
4.4576271186440675,19.907019978387034,-18.74415503080789,5.355735152125252
4.508474576271187,19.907019978387034,-19.0046355046693,5.920449024796512
4.559322033898305,19.907019978387034,-19.27347146351272,6.520649815640253
4.610169491525424,19.907019978387034,-19.549974593186874,7.156838875993082
4.661016949152542,19.907019978387034,-19.833355484853016,7.828129496848573
4.711864406779661,19.907019978387034,-20.122730213561766,8.533781022294463
4.762711864406779,19.907019978387034,-20.417129532326932,9.272976185802865
4.813559322033898,19.907019978387034,-20.715510550681472,10.043733045508702
4.864406779661017,19.907019978387034,-21.01677064787984,10.843880664272705
4.915254237288136,19.907019978387034,-21.319763257896405,11.670861985215117
4.966101694915254,19.907019978387034,-21.623315064610228,12.521669802781712
5.016949152542373,19.907019978387034,-21.926244068856338,13.392865444553811
5.067796610169491,19.907019978387034,-22.227377940650616,14.281391391654546
5.118644067796611,19.907019978387034,-22.525572053920726,15.182751189510588
5.169491525423728,19.907019978387034,-22.819726618855924,16.092398194443373
5.220338983050848,19.907019978387034,-23.10880237701476,17.007617005072234
5.271186440677966,19.907019978387034,-23.391834402404687,17.922425922016927
5.322033898305085,19.907019978387034,-23.667943651484006,18.834049667126052
5.372881355932203,19.907019978387034,-23.936346018580657,19.737758586829937
5.423728813559322,19.907019978387034,-24.19635877211678,20.629542322098114
5.474576271186441,19.907019978387034,-24.447404363064468,21.50595654654072
5.52542372881356,19.907019978387034,-24.689011703034264,22.363798621043536
5.576271186440678,19.907019978387034,-24.92081509967089,23.200138268119826
5.627118644067797,19.907019978387034,-25.142551107839463,24.01233935393243
5.677966101694915,19.907019978387034,-25.354053604626056,24.79807288803584
5.728813559322034,19.907019978387034,-25.555247424461072,25.55532169769228
5.779661016949152,19.907019978387034,-25.746140899234295,26.28237751112305
5.830508474576272,19.907019978387034,-25.92681763975979,26.979231594518062
5.88135593220339,19.907019978387034,-26.097427872715176,27.64447340928166
5.932203389830509,19.907019978387034,-26.258179614860953,28.276625509086468
5.983050847457627,19.907019978387034,-26.409329927523174,28.878264239814094
6.033898305084746,19.907019978387034,-26.551176452263096,29.446373532167843
6.084745762711865,19.907019978387034,-26.684049386135612,29.984294269744176
6.135593220338983,19.907019978387034,-26.808304014153958,30.48975444157527
6.186440677966102,19.907019978387034,-26.924313879133912,30.96634352773995
6.237288135593221,19.907019978387034,-27.032464636029847,31.412876476264483
6.288135593220339,19.907019978387034,-27.13314860975034,31.83053711008827
6.338983050847458,19.907019978387034,-27.226760052404796,32.22234882491411
6.389830508474576,19.907019978387034,-27.313691077830235,32.5874080173117
6.4406779661016955,19.907019978387034,-27.394328237709182,32.92707706604251
6.491525423728813,19.907019978387034,-27.469049694109334,33.24391467175418
6.5423728813559325,19.907019978387034,-27.53822293727824,33.53870713702251
6.593220338983051,19.907019978387034,-27.60220299441867,33.81202805385543
6.6440677966101696,19.907019978387034,-27.661331074379472,34.06518541478551
6.694915254237289,19.907019978387034,-27.715933594195032,34.29944766687661
6.745762711864407,19.907019978387034,-27.766321535725726,34.516841732496836
6.796610169491526,19.907019978387034,-27.812790083891954,34.71817416169848
6.8474576271186445,19.907019978387034,-27.855618501821326,34.904033277676255
6.898305084745763,19.907019978387034,-27.89507020237486,35.07549176734507
6.9491525423728815,19.907019978387034,-27.931392979773012,35.233566404178156
7.0,19.907019978387034,-27.964819369247902,35.37921787624623
4.0,20.842029317169164,-16.60604357628281,1.0605474113607132
4.0508474576271185,20.842029317169164,-16.777244597466083,1.3324644018584628
4.101694915254237,20.842029317169164,-16.95852490549541,1.6285572308100604
4.1525423728813555,20.842029317169164,-17.150031407965002,1.9504763090780382
4.203389830508475,20.842029317169164,-17.351843902455876,2.2999386721031962
4.254237288135593,20.842029317169164,-17.56396642723176,2.6782691974405743
4.305084745762712,20.842029317169164,-17.78631907278002,3.0871345463869786
4.3559322033898304,20.842029317169164,-18.018730569908108,3.527815453732074
4.406779661016949,20.842029317169164,-18.26093199169891,4.0012848218193415
4.4576271186440675,20.842029317169164,-18.512551914302495,4.508952575552411
4.508474576271187,20.842029317169164,-18.773113371975047,5.0510571964541615
4.559322033898305,20.842029317169164,-19.042032912363744,5.628339987433664
4.610169491525424,20.842029317169164,-19.31862200731929,6.240597801760467
4.661016949152542,20.842029317169164,-19.602091002574436,6.887861467947176
4.711864406779661,20.842029317169164,-19.891555698366062,7.568952523369283
4.762711864406779,20.842029317169164,-20.18604654636748,8.283139355252784
4.813559322033898,20.842029317169164,-20.484520331875274,9.028735650361694
4.864406779661017,20.842029317169164,-20.785874091337284,9.803530275307878
4.915254237288136,20.842029317169164,-21.088960902258595,10.605100168349411
4.966101694915254,20.842029317169164,-21.392607083732347,11.430582927745652
5.016949152542373,20.842029317169164,-21.695630269108065,12.276694264120575
5.067796610169491,20.842029317169164,-21.996857763922296,13.139754543429694
5.118644067796611,20.842029317169164,-22.295144586236564,14.01618349315618
5.169491525423728,20.842029317169164,-22.589390604313643,14.902135788266929
5.220338983050848,20.842029317169164,-22.878556236604915,15.792533940274822
5.271186440677966,20.842029317169164,-23.16167625712074,16.684767159257994
5.322033898305085,20.842029317169164,-23.43787134902332,17.573147040388996
5.372881355932203,20.842029317169164,-23.706357162860858,18.45459075234206
5.423728813559322,20.842029317169164,-23.966450754793097,19.325342627105705
5.474576271186441,20.842029317169164,-24.217574396231186,20.181352092654826
5.52542372881356,20.842029317169164,-24.459256852323513,21.019466475333996
5.576271186440678,20.842029317169164,-24.69113231702043,21.836797213276977
5.627118644067797,20.842029317169164,-24.91293726328153,22.630741617073287
5.677966101694915,20.842029317169164,-25.124505516544996,23.398996029178022
5.728813559322034,20.842029317169164,-25.325761887872133,24.139560815170285
5.779661016949152,20.842029317169164,-25.516714711743123,24.851386402761
5.830508474576272,20.842029317169164,-25.69744762496677,25.533746817390952
5.88135593220339,20.842029317169164,-25.868110900926418,26.184663801498683
5.932203389830509,20.842029317169164,-26.028912621055316,26.804400045759724
5.983050847457627,20.842029317169164,-26.180109926600316,27.393264252436037
6.033898305084746,20.842029317169164,-26.32200055165993,27.950033662557328
6.084745762711865,20.842029317169164,-26.45491479594786,28.47696327732052
6.135593220338983,20.842029317169164,-26.579208054936043,28.97277347064538
6.186440677966102,20.842029317169164,-26.695253987575338,29.439367759723968
6.237288135593221,20.842029317169164,-26.803438368720883,29.877478825815338
6.288135593220339,20.842029317169164,-26.904153645255718,30.286935091907974
6.338983050847458,20.842029317169164,-26.99779419186288,30.67090372687032
6.389830508474576,20.842029317169164,-27.084752244288236,31.029168282758466
6.4406779661016955,20.842029317169164,-27.16541447439387,31.362524232030623
6.491525423728813,20.842029317169164,-27.24015916181869,31.672716783061013
6.5423728813559325,20.842029317169164,-27.309353911063567,31.962089607307707
6.593220338983051,20.842029317169164,-27.373353859709827,32.23039126881781
6.6440677966101696,20.842029317169164,-27.43250032268871,32.47890446458149
6.694915254237289,20.842029317169164,-27.487119818518202,32.70887327389063
6.745762711864407,20.842029317169164,-27.537523425743448,32.92161380005866
6.796610169491526,20.842029317169164,-27.584006421058334,33.119293602354865
6.8474576271186445,20.842029317169164,-27.626848154413842,33.30178333419672
6.898305084745763,20.842029317169164,-27.66631212056648,33.47013564134312
6.9491525423728815,20.842029317169164,-27.702646190776342,33.62534836995329
7.0,20.842029317169164,-27.736082972571133,33.76836438311055
4.0,21.820954946011735,-16.37384790740008,0.4106383238993364
4.0508474576271185,21.820954946011735,-16.54510213872153,0.6666590350890131
4.101694915254237,21.820954946011735,-16.726438789582065,0.9460760835098743
4.1525423728813555,21.820954946011735,-16.918004813235516,1.250501194241041
4.203389830508475,21.820954946011735,-17.119880032064387,1.5815952638139619
4.254237288135593,21.820954946011735,-17.33206848558752,1.9409362727395205
4.305084745762712,21.820954946011735,-17.554490239455998,2.329916935443637
4.3559322033898304,21.820954946011735,-17.786973971245953,2.7498818006884895
4.406779661016949,21.820954946011735,-18.029250670456435,3.2020044409245654
4.4576271186440675,21.820954946011735,-18.2809487977971,3.6874361922640952
4.508474576271187,21.820954946011735,-18.541591239280795,4.206907633833686
4.559322033898305,21.820954946011735,-18.81059436121477,4.760658569351176
4.610169491525424,21.820954946011735,-19.087269421451712,5.349090620545665
4.661016949152542,21.820954946011735,-19.370826520295857,5.9718081922521
4.711864406779661,21.820954946011735,-19.660381183170358,6.628212055801939
4.762711864406779,21.820954946011735,-19.954963560408025,7.317049318756969
4.813559322033898,21.820954946011735,-20.253530113069075,8.037287810821555
4.864406779661017,21.820954946011735,-20.55497753479473,8.786498285693243
4.915254237288136,21.820954946011735,-20.85815854662079,9.562389041809588
4.966101694915254,21.820954946011735,-21.16189910285447,10.362239846607125
5.016949152542373,21.820954946011735,-21.465016469359796,11.182918157787375
5.067796610169491,21.820954946011735,-21.76633758719398,12.020904289722973
5.118644067796611,21.820954946011735,-22.0647171185524,12.872324517838724
5.169491525423728,21.820954946011735,-22.35905458977136,13.733249983136673
5.220338983050848,21.820954946011735,-22.64831009619507,14.600322863508035
5.271186440677966,21.820954946011735,-22.931518111836787,15.468085920173536
5.322033898305085,21.820954946011735,-23.207799046562638,16.33428268112606
5.372881355932203,21.820954946011735,-23.476368307141055,17.19342635670299
5.423728813559322,21.820954946011735,-23.736542737469414,18.042026725170587
5.474576271186441,21.820954946011735,-23.987744429397903,18.87743469441774
5.52542372881356,21.820954946011735,-24.229502001612758,19.695757362963644
5.576271186440678,21.820954946011735,-24.46144953436997,20.49400810211137
5.627118644067797,21.820954946011735,-24.6833234187236,21.26961808523148
5.677966101694915,21.820954946011735,-24.89495742846394,22.020309429601447
5.728813559322034,21.820954946011735,-25.096276351283198,22.744696113190926
5.779661016949152,21.820954946011735,-25.287288524251952,23.441360923140728
5.830508474576272,21.820954946011735,-25.46807761017375,24.10849264711106
5.88135593220339,21.820954946011735,-25.638793929137655,24.74498154397776
5.932203389830509,21.820954946011735,-25.79964562724968,25.352351963252346
5.983050847457627,21.820954946011735,-25.95088992567746,25.928301056526145
6.033898305084746,21.820954946011735,-26.092824651056766,26.474108143159416
6.084745762711865,21.820954946011735,-26.225780205760113,26.989568325689515
6.135593220338983,21.820954946011735,-26.35011209571813,27.47574007579781
6.186440677966102,21.820954946011735,-26.466194096016768,27.932219018542533
6.237288135593221,21.820954946011735,-26.57441210141192,28.361916812018073
6.288135593220339,21.820954946011735,-26.675158680761093,28.763524058539822
6.338983050847458,21.820954946011735,-26.768828331320968,29.1391763667137
6.389830508474576,21.820954946011735,-26.85581341074624,29.490651933000482
6.4406779661016955,21.820954946011735,-26.93650071107856,29.81769984741371
6.491525423728813,21.820954946011735,-27.01126862952804,30.12163067537839
6.5423728813559325,21.820954946011735,-27.080484884848897,30.405074911438188
6.593220338983051,21.820954946011735,-27.144504725000985,30.66836053012225
6.6440677966101696,21.820954946011735,-27.203669570997953,30.91223243611184
6.694915254237289,21.820954946011735,-27.258306042841372,31.13791037820224
6.745762711864407,21.820954946011735,-27.308725315761173,31.346570751695296
6.796610169491526,21.820954946011735,-27.355222758224716,31.539893406111272
6.8474576271186445,21.820954946011735,-27.398077807006356,31.719015317459817
6.898305084745763,21.820954946011735,-27.4375540387581,31.88426284075474
6.9491525423728815,21.820954946011735,-27.47389940177967,32.03661491353572
7.0,21.820954946011735,-27.507346575894363,32.17699659036678
4.0,22.845859561459758,-16.141652238517352,-0.19845931283514207
4.0508474576271185,22.845859561459758,-16.312959679976977,0.029721185068266022
4.101694915254237,22.845859561459758,-16.494352673668725,0.29206350824453287
4.1525423728813555,22.845859561459758,-16.685978218506033,0.5786366235402717
4.203389830508475,22.845859561459758,-16.887916161672898,0.8910477046849212
4.254237288135593,22.845859561459758,-17.100170543943282,1.230877079339207
4.305084745762712,22.845859561459758,-17.322661406131978,1.59957956707872
4.3559322033898304,22.845859561459758,-17.5552173725838,1.9985290846777712
4.406779661016949,22.845859561459758,-17.79756934921396,2.4289567282519253
4.4576271186440675,22.845859561459758,-18.04934568129171,2.891978760221973
4.508474576271187,22.845859561459758,-18.310069106586546,3.388335523604609
4.559322033898305,22.845859561459758,-18.579155810065792,3.918505896187334
4.610169491525424,22.845859561459758,-18.855916835584132,4.482603822963962
4.661016949152542,22.845859561459758,-19.139562038017278,5.080566345722409
4.711864406779661,22.845859561459758,-19.429206667974654,5.711937275738213
4.762711864406779,22.845859561459758,-19.723880574448575,6.375352983800193
4.813559322033898,22.845859561459758,-20.02253989426288,7.069831336020411
4.864406779661017,22.845859561459758,-20.324080978252177,7.793256411453292
4.915254237288136,22.845859561459758,-20.62735619098298,8.543230648574408
4.966101694915254,22.845859561459758,-20.93119112197659,9.317173325304802
5.016949152542373,22.845859561459758,-21.234402669611526,10.112100998979455
5.067796610169491,22.845859561459758,-21.535817410465665,10.924651289537547
5.118644067796611,22.845859561459758,-21.83428965086824,11.751114513051705
5.169491525423728,22.845859561459758,-22.12871857522908,12.58747176960517
5.220338983050848,22.845859561459758,-22.41806395578522,13.429649687430834
5.271186440677966,22.845859561459758,-22.701359966552843,14.274554028170959
5.322033898305085,22.845859561459758,-22.977726744101957,15.116826255197541
5.372881355932203,22.845859561459758,-23.246379451421255,15.953932600322524
5.423728813559322,22.845859561459758,-23.506634720145733,16.781365218464977
5.474576271186441,22.845859561459758,-23.757914462564624,17.59556518196909
5.52542372881356,22.845859561459758,-23.999747150902007,18.393509788576036
5.576271186440678,22.845859561459758,-24.231766751719512,19.17242284040388
5.627118644067797,22.845859561459758,-24.453709574165668,19.929796236336255
5.677966101694915,22.845859561459758,-24.665409340382883,20.663403386340267
5.728813559322034,22.845859561459758,-24.866790814694262,21.371304831361023
5.779661016949152,22.845859561459758,-25.057862336760785,22.051846718455515
5.830508474576272,22.845859561459758,-25.23870759538073,22.703652976243767
5.88135593220339,22.845859561459758,-25.409476957348897,23.326860895306353
5.932203389830509,22.845859561459758,-25.570378633444044,23.920639532837853
5.983050847457627,22.845859561459758,-25.721669924754607,24.483564352800528
6.033898305084746,22.845859561459758,-25.863648750453603,25.01842701074366
6.084745762711865,22.845859561459758,-25.996645615572362,25.522302342417426
6.135593220338983,22.845859561459758,-26.12101613650022,25.998849518942794
6.186440677966102,22.845859561459758,-26.237134204458197,26.445829035447513
6.237288135593221,22.845859561459758,-26.345385834102956,26.86638771829403
6.288135593220339,22.845859561459758,-26.446163716266476,27.26015554718109
6.338983050847458,22.845859561459758,-26.539862470779056,27.627611901391827
6.389830508474576,22.845859561459758,-26.626874577204244,27.972059108393744
6.4406779661016955,22.845859561459758,-26.707586947763247,28.292805510168762
6.491525423728813,22.845859561459758,-26.782378097237398,28.59088788491001
6.5423728813559325,22.845859561459758,-26.851615858634226,28.867864804039115
6.593220338983051,22.845859561459758,-26.915655590292147,29.12613872537242
6.6440677966101696,22.845859561459758,-26.974838819307195,29.365373264056856
6.694915254237289,22.845859561459758,-27.029492267164542,29.58676388144279
6.745762711864407,22.845859561459758,-27.079927205778894,29.791463685216765
6.796610169491526,22.845859561459758,-27.126439095391103,29.980579276311243
6.8474576271186445,22.845859561459758,-27.169307459598876,30.15593400809726
6.898305084745763,22.845859561459758,-27.20879595694972,30.318078830077308
6.9491525423728815,22.845859561459758,-27.245152612783002,30.4675721290386
7.0,22.845859561459758,-27.278610179217594,30.605321171527432
4.0,23.918902742491454,-15.909456569634617,-0.19845931316539778
4.0508474576271185,23.918902742491454,-16.080817221232422,-0.19845931315680668
4.101694915254237,23.918902742491454,-16.26226655775538,-0.19845931314760942
4.1525423728813555,23.918902742491454,-16.453951623776547,-0.06395585859161881
4.203389830508475,23.918902742491454,-16.65595229128141,0.22932780209857612
4.254237288135593,23.918902742491454,-16.868272602299037,0.5491594216958836
4.305084745762712,23.918902742491454,-17.090832572807958,0.8972606717614302
4.3559322033898304,23.918902742491454,-17.323460773921646,1.2748339214395028
4.406779661016949,23.918902742491454,-17.56588802797148,1.683151270857171
4.4576271186440675,23.918902742491454,-17.817742564786318,2.1233030324412674
4.508474576271187,23.918902742491454,-18.078546973892294,2.596147853007966
4.559322033898305,23.918902742491454,-18.347717258916816,3.1022595131196278
4.610169491525424,23.918902742491454,-18.624564249716553,3.641871325229259
4.661016949152542,23.918902742491454,-18.9082975557387,4.214819220085786
4.711864406779661,23.918902742491454,-19.19803215277895,4.82050333623534
4.762711864406779,23.918902742491454,-19.492797588489122,5.458524540251006
4.813559322033898,23.918902742491454,-19.791549675456682,6.1267887968823045
4.864406779661017,23.918902742491454,-20.093184421709616,6.824257963563135
4.915254237288136,23.918902742491454,-20.396553835345173,7.548109462280002
4.966101694915254,23.918902742491454,-20.70048314109871,8.295899389058775
5.016949152542373,23.918902742491454,-21.003788869863254,9.064835195642987
5.067796610169491,23.918902742491454,-21.30529723373735,9.851575762351976
5.118644067796611,23.918902742491454,-21.603862183184077,10.652706197300118
5.169491525423728,23.918902742491454,-21.898382560686798,11.464329768772247
5.220338983050848,23.918902742491454,-22.187817815375375,12.282331541589006
5.271186440677966,23.918902742491454,-22.47120182126889,13.10272625478143
5.322033898305085,23.918902742491454,-22.747654441641274,13.92239604867023
5.372881355932203,23.918902742491454,-23.016390595701452,14.73652061039603
5.423728813559322,23.918902742491454,-23.276726702822046,15.541870986456702
5.474576271186441,23.918902742491454,-23.528084495731342,16.335467014551817
5.52542372881356,23.918902742491454,-23.76999230019125,17.113458864011772
5.576271186440678,23.918902742491454,-24.002083969069048,17.873113361651324
5.627118644067797,23.918902742491454,-24.224095729607736,18.61195727456366
5.677966101694915,23.918902742491454,-24.435861252301827,19.327790851843545
5.728813559322034,23.918902742491454,-24.637305278105327,20.018693731117107
5.779661016949152,23.918902742491454,-24.828436149269614,20.683023833271065
5.830508474576272,23.918902742491454,-25.00933758058771,21.320248449393414
5.88135593220339,23.918902742491454,-25.180159985560138,21.92957483209392
5.932203389830509,23.918902742491454,-25.341111639638406,22.50945008706499
5.983050847457627,23.918902742491454,-25.49244992383175,23.06074292078145
6.033898305084746,23.918902742491454,-25.634472849850436,23.58318164824817
6.084745762711865,23.918902742491454,-25.767511025384614,24.07661524545024
6.135593220338983,23.918902742491454,-25.891920177282305,24.542296292301906
6.186440677966102,23.918902742491454,-26.008074312899623,24.980282143053145
6.237288135593221,23.918902742491454,-26.116359566793996,25.391088295201072
6.288135593220339,23.918902742491454,-26.21716875177185,25.777028227704484
6.338983050847458,23.918902742491454,-26.31089661023714,26.137191726959998
6.389830508474576,23.918902742491454,-26.397935743662245,26.473589684212094
6.4406779661016955,23.918902742491454,-26.478673184447935,26.788042603734986
6.491525423728813,23.918902742491454,-26.55348756494675,27.080283817855786
6.5423728813559325,23.918902742491454,-26.622746832419555,27.351560541095697
6.593220338983051,23.918902742491454,-26.6868064555833,27.603928744461083
6.6440677966101696,23.918902742491454,-26.746008067616433,27.83853092247301
6.694915254237289,23.918902742491454,-26.80067849148771,28.055638758944355
6.745762711864407,23.918902742491454,-26.85112909579662,28.256382118221598
6.796610169491526,23.918902742491454,-26.897655432557485,28.441845409991156
6.8474576271186445,23.918902742491454,-26.940537112191393,28.613064709368658
6.898305084745763,23.918902742491454,-26.980037875141342,28.771789340881774
6.9491525423728815,23.918902742491454,-27.01640582378633,28.918426400425908
7.0,23.918902742491454,-27.049873782540825,29.053545110944942
4.0,25.04234550097223,-15.677260900751882,-0.19845931334857747
4.0508474576271185,25.04234550097223,-15.848674762487867,-0.19845931334388334
4.101694915254237,25.04234550097223,-16.030180441842035,-0.19845931333885722
4.1525423728813555,25.04234550097223,-16.221925029047057,-0.1984593133334854
4.203389830508475,25.04234550097223,-16.423988420889916,-0.19845931332775535
4.254237288135593,25.04234550097223,-16.636374660654795,-0.1030731842105135
4.305084745762712,25.04234550097223,-16.859003739483935,0.22370670890353034
4.3559322033898304,25.04234550097223,-17.09170417525949,0.5794253811375671
4.406779661016949,25.04234550097223,-17.334206706729,0.96507105282844
4.4576271186440675,25.04234550097223,-17.58613944828092,1.3820597152203753
4.508474576271187,25.04234550097223,-17.847024841198042,1.8310782703631008
4.559322033898305,25.04234550097223,-18.116278707767837,2.312741499410367
4.610169491525424,25.04234550097223,-18.39321166384897,2.8273917628103615
4.661016949152542,25.04234550097223,-18.677033073460116,3.3749997703208807
4.711864406779661,25.04234550097223,-18.96685763758324,3.955109843594683
4.762711864406779,25.04234550097223,-19.261714602529665,4.566786253960555
4.813559322033898,25.04234550097223,-19.56055945665048,5.209020451612689
4.864406779661017,25.04234550097223,-19.86228786516706,5.879936112946628
4.915254237288136,25.04234550097223,-20.165751479707364,6.5774906697871165
4.966101694915254,25.04234550097223,-20.469775160220827,7.298915630882885
5.016949152542373,25.04234550097223,-20.77317507011498,8.041741758293874
5.067796610169491,25.04234550097223,-21.074777057009026,8.802630821751514
5.118644067796611,25.04234550097223,-21.37343471549991,9.577948699769898
5.169491525423728,25.04234550097223,-21.668046546144517,10.364195328459028
5.220338983050848,25.04234550097223,-21.95757167496553,11.157790582957073
5.271186440677966,25.04234550097223,-22.24104367598494,11.954318838879349
5.322033898305085,25.04234550097223,-22.51758213918059,12.750142558925054
5.372881355932203,25.04234550097223,-22.78640173998165,13.541767744553416
5.423728813559322,25.04234550097223,-23.04681868549836,14.325405456663281
5.474576271186441,25.04234550097223,-23.298254528898063,15.097265676579582
5.52542372881356,25.04234550097223,-23.540237449480497,15.854636580184948
5.576271186440678,25.04234550097223,-23.772401186418584,16.594975690810596
5.627118644067797,25.04234550097223,-23.9944818850498,17.31522529497229
5.677966101694915,25.04234550097223,-24.206313164220767,18.013212929357827
5.728813559322034,25.04234550097223,-24.407819741516388,18.68711585700309
5.779661016949152,25.04234550097223,-24.59900996177844,19.336196264935673
5.830508474576272,25.04234550097223,-24.779967565794692,19.958555263023573
5.88135593220339,25.04234550097223,-24.950843013771376,20.553099119018444
5.932203389830509,25.04234550097223,-25.111844645832768,21.11950305724032
5.983050847457627,25.04234550097223,-25.26322992290889,21.658668342623354
6.033898305084746,25.04234550097223,-25.40529694924727,22.168562077690844
6.084745762711865,25.04234550097223,-25.53837643519686,22.651754370328714
6.135593220338983,25.04234550097223,-25.66282421806439,23.106273799163148
6.186440677966102,25.04234550097223,-25.77901442134105,23.535283155337304
6.237288135593221,25.04234550097223,-25.88733329948503,23.93697469543764
6.288135593220339,25.04234550097223,-25.988173787277226,24.314339991512142
6.338983050847458,25.04234550097223,-26.081930749695225,24.667222959496367
6.389830508474576,25.04234550097223,-26.16899691012025,24.996061049858234
6.4406779661016955,25.04234550097223,-26.249759421132623,25.3036119990069
6.491525423728813,25.04234550097223,-26.3245970326561,25.59002079022421
6.5423728813559325,25.04234550097223,-26.39387780620488,25.855889988708864
6.593220338983051,25.04234550097223,-26.45795732087446,26.10242110716281
6.6440677966101696,25.04234550097223,-26.51717731592567,26.33190913759664
6.694915254237289,25.04234550097223,-26.571864715810875,26.544739772840412
6.745762711864407,25.04234550097223,-26.622330985814337,26.741531768929644
6.796610169491526,25.04234550097223,-26.668871769723864,26.92334738983827
6.8474576271186445,25.04234550097223,-26.711766764783906,27.091201648325
6.898305084745763,25.04234550097223,-26.751279793332962,27.24606048719315
6.9491525423728815,25.04234550097223,-26.787659034789655,27.38938412529324
7.0,25.04234550097223,-26.821137385864052,27.52187542779888
4.0,26.218555045838258,-15.445065231869155,-0.19845931344877926
4.0508474576271185,26.218555045838258,-15.616532303743318,-0.19845931344624987
4.101694915254237,26.218555045838258,-15.798094325928691,-0.19845931344354115
4.1525423728813555,26.218555045838258,-15.989898434317574,-0.19845931344064557
4.203389830508475,26.218555045838258,-16.192024550498427,-0.19845931343755638
4.254237288135593,26.218555045838258,-16.404476719010553,-0.19845931343426754
4.305084745762712,26.218555045838258,-16.627174906159915,-0.19845931343077405
4.3559322033898304,26.218555045838258,-16.85994757659734,-0.08652926353689791
4.406779661016949,26.218555045838258,-17.102525385486523,0.27602508958851263
4.4576271186440675,26.218555045838258,-17.35453633177553,0.6692629878781576
4.508474576271187,26.218555045838258,-17.61550270850379,1.0937938215227303
4.559322033898305,26.218555045838258,-17.884840156618864,1.5506970944987304
4.610169491525424,26.218555045838258,-18.16185907798139,2.0400031313187292
4.661016949152542,26.218555045838258,-18.44576859118154,2.5617977034843817
4.711864406779661,26.218555045838258,-18.735683122387538,3.115775828891744
4.762711864406779,26.218555045838258,-19.030631616570215,3.7011814157496437
4.813559322033898,26.218555045838258,-19.32956923784429,4.3167579025772165
4.864406779661017,26.218555045838258,-19.631391308624504,4.960818749062488
4.915254237288136,26.218555045838258,-19.934949124069558,5.631818368603868
4.966101694915254,26.218555045838258,-20.239067179342953,6.326699426366103
5.016949152542373,26.218555045838258,-20.54256127036671,7.042965575881419
5.067796610169491,26.218555045838258,-20.84425688028071,7.777738170839057
5.118644067796611,26.218555045838258,-21.143007247815753,8.52730409887813
5.169491525423728,26.218555045838258,-21.437710531602235,9.288076354782994
5.220338983050848,26.218555045838258,-21.727325534555682,10.056463584182165
5.271186440677966,26.218555045838258,-22.010885530700993,10.82901257845986
5.322033898305085,26.218555045838258,-22.287509836719906,11.601161807944603
5.372881355932203,26.218555045838258,-22.55641288426185,12.369906404799003
5.423728813559322,26.218555045838258,-22.81691066817468,13.130957391880429
5.474576271186441,26.218555045838258,-23.068424562064784,13.882102520847013
5.52542372881356,26.218555045838258,-23.310482598769745,14.619209263320512
5.576271186440678,26.218555045838258,-23.542718403768127,15.33965914641124
5.627118644067797,26.218555045838258,-23.76486804049187,16.041076116453095
5.677966101694915,26.218555045838258,-23.97676507613971,16.72134025520539
5.728813559322034,26.218555045838258,-24.178334204927452,17.378594238150423
5.779661016949152,26.218555045838258,-24.36958377428727,18.011243102185205
5.830508474576272,26.218555045838258,-24.550597551001673,18.61794807904777
5.88135593220339,26.218555045838258,-24.721526041982617,19.197903299973543
5.932203389830509,26.218555045838258,-24.882577652027134,19.751749886539187
5.983050847457627,26.218555045838258,-25.034009921986037,20.277516294036644
6.033898305084746,26.218555045838258,-25.176121048644106,20.776057946561508
6.084745762711865,26.218555045838258,-25.30924184500911,21.24773202645184
6.135593220338983,26.218555045838258,-25.43372825884648,21.692286531530435
6.186440677966102,26.218555045838258,-25.54995452978248,22.111026448947236
6.237288135593221,26.218555045838258,-25.65830703217607,22.50434730349248
6.288135593220339,26.218555045838258,-25.75917882278261,22.872287625618142
6.338983050847458,26.218555045838258,-25.852964889153313,23.217904289681293
6.389830508474576,26.218555045838258,-25.940058076578254,23.53998142911758
6.4406779661016955,26.218555045838258,-26.02084565781731,23.839713739123088
6.491525423728813,26.218555045838258,-26.09570650036546,24.120300337863153
6.5423728813559325,26.218555045838258,-26.165008779990213,24.380771355773295
6.593220338983051,26.218555045838258,-26.229108186165618,24.62230246101896
6.6440677966101696,26.218555045838258,-26.288346564234914,24.84604232323028
6.694915254237289,26.218555045838258,-26.34305094013405,25.054271168017955
6.745762711864407,26.218555045838258,-26.393532875832065,25.247117870556014
6.796610169491526,26.218555045838258,-26.440088106890247,25.425291360705007
6.8474576271186445,26.218555045838258,-26.482996417376423,25.589785635631184
6.898305084745763,26.218555045838258,-26.522521711524583,25.741546719370326
6.9491525423728815,26.218555045838258,-26.558912245792985,25.881471715230884
7.0,26.218555045838258,-26.592400989187283,26.01051888309956
4.0,27.450009771048133,-15.212869562986421,-0.19845931350282145
4.0508474576271185,27.450009771048133,-15.384389844998765,-0.1984593135014779
4.101694915254237,27.450009771048133,-15.566008210015347,-0.19845931350003887
4.1525423728813555,27.450009771048133,-15.757871839588088,-0.1984593134985003
4.203389830508475,27.450009771048133,-15.960060680106938,-0.19845931349685852
4.254237288135593,27.450009771048133,-16.17257877736631,-0.1984593134951103
4.305084745762712,27.450009771048133,-16.395346072835892,-0.198459313493253
4.3559322033898304,27.450009771048133,-16.628190977935184,-0.19845931349128448
4.406779661016949,27.450009771048133,-16.870844064244046,-0.1984593134892035
4.4576271186440675,27.450009771048133,-17.122933215270137,-0.014073523613862675
4.508474576271187,27.450009771048133,-17.38398057580954,0.38561298731233523
4.559322033898305,27.450009771048133,-17.653401605469885,0.8170101312288954
4.610169491525424,27.450009771048133,-17.93050649211381,1.2804629069721392
4.661016949152542,27.450009771048133,-18.21450410890296,1.7760677014359751
4.711864406779661,27.450009771048133,-18.50450860719183,2.3034411842836953
4.762711864406779,27.450009771048133,-18.799548630610765,2.86199416632172
4.813559322033898,27.450009771048133,-19.09857901903809,3.450666616294699
4.864406779661017,27.450009771048133,-19.400494752081947,4.0678833598022734
4.915254237288136,27.450009771048133,-19.704146768431748,4.711513686030371
4.966101694915254,27.450009771048133,-20.008359198465072,5.3797060608967415
5.016949152542373,27.450009771048133,-20.311947470618442,6.069106246424149
5.067796610169491,27.450009771048133,-20.613736703552394,6.777417317559579
5.118644067796611,27.450009771048133,-20.91257978013159,7.500942066903576
5.169491525423728,27.450009771048133,-21.207374517059954,8.236152245266721
5.220338983050848,27.450009771048133,-21.497079394145835,8.979365350842958
5.271186440677966,27.450009771048133,-21.780727385417045,9.727126212721018
5.322033898305085,27.450009771048133,-22.057437534259225,10.475818483129748
5.372881355932203,27.450009771048133,-22.32642402854205,11.22092658895723
5.423728813559322,27.450009771048133,-22.587002650850994,11.960386954748687
5.474576271186441,27.450009771048133,-22.838594595231502,12.689466214260142
5.52542372881356,27.450009771048133,-23.08072774805899,13.405617410325846
5.576271186440678,27.450009771048133,-23.313035621117667,14.10661260860292
5.627118644067797,27.450009771048133,-23.535254195933938,14.789276264671807
5.677966101694915,27.450009771048133,-23.747216988058653,15.451516807709265
5.728813559322034,27.450009771048133,-23.948848668338517,16.09149760424243
5.779661016949152,27.450009771048133,-24.1401575867961,16.707637114216375
5.830508474576272,27.450009771048133,-24.321227536208653,17.29934208704281
5.88135593220339,27.450009771048133,-24.49220907019386,17.865613829215892
5.932203389830509,27.450009771048133,-24.6533106582215,18.405205466252838
5.983050847457627,27.450009771048133,-24.80478992106318,18.9179822132102
6.033898305084746,27.450009771048133,-24.946945148040943,19.40515637418257
6.084745762711865,27.450009771048133,-25.080107254821364,19.864737332256148
6.135593220338983,27.450009771048133,-25.204632299628567,20.29973546822994
6.186440677966102,27.450009771048133,-25.32089463822391,20.707814603445343
6.237288135593221,27.450009771048133,-25.4292807648671,21.09267510751666
6.288135593220339,27.450009771048133,-25.530183858287984,21.452544944283936
6.338983050847458,27.450009771048133,-25.623999028611397,21.78943301979733
6.389830508474576,27.450009771048133,-25.711119243036254,22.104764045608665
6.4406779661016955,27.450009771048133,-25.791931894502,22.39822174971219
6.491525423728813,27.450009771048133,-25.86681596807481,22.67132288381582
6.5423728813559325,27.450009771048133,-25.936139753775542,22.92640649206513
6.593220338983051,27.450009771048133,-26.00025905145678,23.162947438567652
6.6440677966101696,27.450009771048133,-26.05951581254415,23.38206941469453
6.694915254237289,27.450009771048133,-26.114237164457215,23.58486319752942
6.745762711864407,27.450009771048133,-26.164734765849786,23.773344849840566
6.796610169491526,27.450009771048133,-26.21130444405663,23.94788269091941
6.8474576271186445,27.450009771048133,-26.25422606996894,24.109022907655973
6.898305084745763,27.450009771048133,-26.293763629716203,24.25769165323602
6.9491525423728815,27.450009771048133,-26.330165456796315,24.394767255558378
7.0,27.450009771048133,-26.363664592510514,24.52107997296634
4.0,28.739304477812695,-14.980673894103688,-0.19845931353153712
4.0508474576271185,28.739304477812695,-15.15224738625421,-0.19845931353083374
4.101694915254237,28.739304477812695,-15.333922094102002,-0.19845931353008026
4.1525423728813555,28.739304477812695,-15.525845244858601,-0.19845931352927446
4.203389830508475,28.739304477812695,-15.728096809715447,-0.19845931352841448
4.254237288135593,28.739304477812695,-15.94068083572207,-0.19845931352749857
4.305084745762712,28.739304477812695,-16.163517239511872,-0.19845931352652527
4.3559322033898304,28.739304477812695,-16.396434379273032,-0.19845931352549354
4.406779661016949,28.739304477812695,-16.639162743001567,-0.1984593135244026
4.4576271186440675,28.739304477812695,-16.891330098764744,-0.19845931352325227
4.508474576271187,28.739304477812695,-17.15245844311529,-0.19845931352204282
4.559322033898305,28.739304477812695,-17.42196305432091,0.11276346415843831
4.610169491525424,28.739304477812695,-17.699153906246227,0.5498148037358614
4.661016949152542,28.739304477812695,-17.983239626624382,1.0185800563770284
4.711864406779661,28.739304477812695,-18.273334091996126,1.518977976748734
4.762711864406779,28.739304477812695,-18.56846564465131,2.0502052724141384
4.813559322033898,28.739304477812695,-18.867588800231893,2.6113850735591746
4.864406779661017,28.739304477812695,-19.169598195539393,3.201155438711195
4.915254237288136,28.739304477812695,-19.47334441279394,3.817630636927855
4.966101694915254,28.739304477812695,-19.77765121758719,4.458366776859931
5.016949152542373,28.739304477812695,-20.08133367087017,5.12092427678874
5.067796610169491,28.739304477812695,-20.38321652682408,5.802178750662249
5.118644067796611,28.739304477812695,-20.68215231244743,6.499409360599744
5.169491525423728,28.739304477812695,-20.977038502517672,7.208755732194348
5.220338983050848,28.739304477812695,-21.26683325373599,7.92669756556769
5.271186440677966,28.739304477812695,-21.550569240133093,8.64950048009489
5.322033898305085,28.739304477812695,-21.82736523179854,9.374099451246606
5.372881355932203,28.739304477812695,-22.096435172822247,10.096361796923809
5.423728813559322,28.739304477812695,-22.35709463352731,10.812732866296727
5.474576271186441,28.739304477812695,-22.60876462839822,11.520321731818049
5.52542372881356,28.739304477812695,-22.85097289734824,12.216077920442556
5.576271186440678,28.739304477812695,-23.083352838467206,12.896799185888268
5.627118644067797,28.739304477812695,-23.305640351376006,13.560208193341923
5.677966101694915,28.739304477812695,-23.517668899977593,14.204266561205548
5.728813559322034,28.739304477812695,-23.719363131749578,14.827181813021399
5.779661016949152,28.739304477812695,-23.91073139930493,15.427407962848031
5.830508474576272,28.739304477812695,-24.091857521415633,16.00364043060901
5.88135593220339,28.739304477812695,-24.262892098405096,16.554806105466586
5.932203389830509,28.739304477812695,-24.424043664415862,17.080486489049214
5.983050847457627,28.739304477812695,-24.575569920140325,17.581322055533498
6.033898305084746,28.739304477812695,-24.717769247437776,18.055577979073504
6.084745762711865,28.739304477812695,-24.850972664633613,18.504768601325157
6.135593220338983,28.739304477812695,-24.975536340410653,18.92842670321855
6.186440677966102,28.739304477812695,-25.091834746665334,19.32758510981074
6.237288135593221,28.739304477812695,-25.200254497558138,19.7021510742718
6.288135593220339,28.739304477812695,-25.301188893793363,20.054249697755523
6.338983050847458,28.739304477812695,-25.39503316806948,20.382877818505147
6.389830508474576,28.739304477812695,-25.482180409494255,20.69060633148617
6.4406779661016955,28.739304477812695,-25.563018131186688,20.977810153167912
6.491525423728813,28.739304477812695,-25.637925435784165,21.2447561342211
6.5423728813559325,28.739304477812695,-25.707270727560868,21.492995828281153
6.593220338983051,28.739304477812695,-25.771409916747935,21.7245578319087
6.6440677966101696,28.739304477812695,-25.83068506085339,21.939072195707002
6.694915254237289,28.739304477812695,-25.885423388780385,22.137605691604612
6.745762711864407,28.739304477812695,-25.935936655867508,22.321187942687704
6.796610169491526,28.739304477812695,-25.982520781223013,22.491325632852707
6.8474576271186445,28.739304477812695,-26.025455722561457,22.649118612562418
6.898305084745763,28.739304477812695,-26.065005547907823,22.794701262346837
6.9491525423728815,28.739304477812695,-26.101418667799642,22.928933183648564
7.0,28.739304477812695,-26.134928195833744,23.052626990207532
4.0,30.0891558421069,-14.748478225220959,-0.19845931354656768
4.0508474576271185,30.0891558421069,-14.920104927509659,-0.19845931354620483
4.101694915254237,30.0891558421069,-15.10183597818866,-0.198459313545816
4.1525423728813555,30.0891558421069,-15.293818650129117,-0.19845931354540014
4.203389830508475,30.0891558421069,-15.49613293932396,-0.19845931354495622
4.254237288135593,30.0891558421069,-15.708782894077832,-0.19845931354448332
4.305084745762712,30.0891558421069,-15.931688406187853,-0.1984593135439807
4.3559322033898304,30.0891558421069,-16.16467778061088,-0.19845931354344776
4.406779661016949,30.0891558421069,-16.407481421759094,-0.19845931354288415
4.4576271186440675,30.0891558421069,-16.659726982259354,-0.1984593135422897
4.508474576271187,30.0891558421069,-16.92093631042104,-0.19845931354166463
4.559322033898305,30.0891558421069,-17.190524503171936,-0.19845931354100926
4.610169491525424,30.0891558421069,-17.467801320378648,-0.15088925898705696
4.661016949152542,30.0891558421069,-17.751975144345803,0.2904903902940115
4.711864406779661,30.0891558421069,-18.042159576800422,0.7631698104713506
4.762711864406779,30.0891558421069,-18.33738265869186,1.2667047971360315
4.813559322033898,30.0891558421069,-18.636598581425698,1.7999170332616568
4.864406779661017,30.0891558421069,-18.93870163899684,2.3617971860285505
4.915254237288136,30.0891558421069,-19.242542057156136,2.95027727038517
4.966101694915254,30.0891558421069,-19.546943236709314,3.563489599340854
5.016949152542373,30.0891558421069,-19.8507198711219,4.198688524260954
5.067796610169491,30.0891558421069,-20.152696350095763,4.852895099175616
5.118644067796611,30.0891558421069,-20.451724844763266,5.523229659932999
5.169491525423728,30.0891558421069,-20.746702487975394,6.206447964222026
5.220338983050848,30.0891558421069,-21.036587113326142,6.8988030744578
5.271186440677966,30.0891558421069,-21.320411094849145,7.5967226974519955
5.322033898305085,30.0891558421069,-21.59729292933786,8.296670243573525
5.372881355932203,30.0891558421069,-21.866446317102447,8.995623013011327
5.423728813559322,30.0891558421069,-22.127186616203627,9.68914158498589
5.474576271186441,30.0891558421069,-22.37893466156494,10.375097055674138
5.52542372881356,30.0891558421069,-22.621218046637487,11.049378843758602
5.576271186440678,30.0891558421069,-22.853670055816746,11.709974721990786
5.627118644067797,30.0891558421069,-23.076026506818074,12.354502048366498
5.677966101694915,30.0891558421069,-23.28812081189654,12.980387464590322
5.728813559322034,30.0891558421069,-23.489877595160646,13.585860306975052
5.779661016949152,30.0891558421069,-23.68130521181376,14.16938919109097
5.830508474576272,30.0891558421069,-23.862487506622614,14.729677401429182
5.88135593220339,30.0891558421069,-24.033575126616338,15.266709692223927
5.932203389830509,30.0891558421069,-24.194776670610228,15.779180002484082
5.983050847457627,30.0891558421069,-24.346349919217467,16.26626856254736
6.033898305084746,30.0891558421069,-24.488593346834612,16.728711927616818
6.084745762711865,30.0891558421069,-24.621838074445865,17.166559959390703
6.135593220338983,30.0891558421069,-24.74644038119274,17.57929307014464
6.186440677966102,30.0891558421069,-24.862774855106764,17.968813105292273
6.237288135593221,30.0891558421069,-24.971228230249178,18.334289074847362
6.288135593220339,30.0891558421069,-25.07219392929874,18.677316252757723
6.338983050847458,30.0891558421069,-25.16606730752757,18.998724403589655
6.389830508474576,30.0891558421069,-25.253241575952263,19.298271448041067
6.4406779661016955,30.0891558421069,-25.334104367871376,19.578670717887253
6.491525423728813,30.0891558421069,-25.40903490349352,19.839827296280898
6.5423728813559325,30.0891558421069,-25.4784017013462,20.082279994864084
6.593220338983051,30.0891558421069,-25.542560782039097,20.30733368613204
6.6440677966101696,30.0891558421069,-25.601854309162633,20.5172520083046
6.694915254237289,30.0891558421069,-25.656609613103555,20.711535824858494
6.745762711864407,30.0891558421069,-25.707138545885233,20.891191805163555
6.796610169491526,30.0891558421069,-25.753737118389395,21.05718666100779
6.8474576271186445,30.0891558421069,-25.796685375153974,21.21044447077065
6.898305084745763,30.0891558421069,-25.836247466099447,21.352780099798043
6.9491525423728815,30.0891558421069,-25.872671878802972,21.484174836375413
7.0,30.0891558421069,-25.906191799156975,21.605255681119008
4.0,31.502408138984357,-14.516282556338226,-0.1984593135543235
4.0508474576271185,31.502408138984357,-14.687962468765106,-0.1984593135541392
4.101694915254237,31.502408138984357,-14.869749862275315,-0.19845931355394172
4.1525423728813555,31.502408138984357,-15.06179205539963,-0.19845931355373042
4.203389830508475,31.502408138984357,-15.264169068932471,-0.19845931355350482
4.254237288135593,31.502408138984357,-15.476884952433588,-0.19845931355326446
4.305084745762712,31.502408138984357,-15.699859572863833,-0.19845931355300894
4.3559322033898304,31.502408138984357,-15.932921181948725,-0.19845931355273796
4.406779661016949,31.502408138984357,-16.175800100516614,-0.1984593135524513
4.4576271186440675,31.502408138984357,-16.42812386575396,-0.1984593135521489
4.508474576271187,31.502408138984357,-16.68941417772679,-0.19845931355183086
4.559322033898305,31.502408138984357,-16.959085952022956,-0.1984593135514973
4.610169491525424,31.502408138984357,-17.236448734511068,-0.19845931355114868
4.661016949152542,31.502408138984357,-17.520710662067223,-0.1984593135507855
4.711864406779661,31.502408138984357,-17.81098506160472,0.037246926691801095
4.762711864406779,31.502408138984357,-18.106299672732405,0.51229005261627
4.813559322033898,31.502408138984357,-18.4056083626195,1.0171710611517253
4.864406779661017,31.502408138984357,-18.707805082454282,1.550525758866221
4.915254237288136,31.502408138984357,-19.011739701518326,2.1108192801598027
4.966101694915254,31.502408138984357,-19.316235255831433,2.6957627198380636
5.016949152542373,31.502408138984357,-19.62010607137363,3.303010920978855
5.067796610169491,31.502408138984357,-19.922176173367443,3.930003950377458
5.118644067796611,31.502408138984357,-20.221297377079104,4.57317881674035
5.169491525423728,31.502408138984357,-20.51636647343311,5.229765855227299
5.220338983050848,31.502408138984357,-20.806340972916296,5.8962574488135475
5.271186440677966,31.502408138984357,-21.090252949565198,6.568963377419555
5.322033898305085,31.502408138984357,-21.367220626877177,7.244298895287051
5.372881355932203,31.502408138984357,-21.636457461382648,7.919393083599934
5.423728813559322,31.502408138984357,-21.897278598879943,8.59027391813277
5.474576271186441,31.502408138984357,-22.149104694731662,9.253707525759514
5.52542372881356,31.502408138984357,-22.391463195926733,9.907046728384294
5.576271186440678,31.502408138984357,-22.623987273166286,10.5476090101939
5.627118644067797,31.502408138984357,-22.846412662260143,11.17251797461308
5.677966101694915,31.502408138984357,-23.05857272381548,11.779818452502044
5.728813559322034,31.502408138984357,-23.260392058571707,12.367784646469936
5.779661016949152,31.502408138984357,-23.45187902432259,12.934921475390425
5.830508474576272,31.502408138984357,-23.633117491829594,13.479960516590467
5.88135593220339,31.502408138984357,-23.80425815482758,14.001851303400585
5.932203389830509,31.502408138984357,-23.96550967680459,14.49974879950899
5.983050847457627,31.502408138984357,-24.117129918294612,14.974311015442597
6.033898305084746,31.502408138984357,-24.25941744623145,15.4246893779886
6.084745762711865,31.502408138984357,-24.392703484258114,15.850215909326378
6.135593220338983,31.502408138984357,-24.51734442197483,16.253334337506303
6.186440677966102,31.502408138984357,-24.633714963548194,16.631692983232014
6.237288135593221,31.502408138984357,-24.742201962940214,16.98887814265794
6.288135593220339,31.502408138984357,-24.84319896480412,17.322821270235522
6.338983050847458,31.502408138984357,-24.937101446985658,17.636146292492636
6.389830508474576,31.502408138984357,-25.024302742410264,17.928996261920926
6.4406779661016955,31.502408138984357,-25.105190604556064,18.201557619009105
6.491525423728813,31.502408138984357,-25.180144371202875,18.456382798789722
6.5423728813559325,31.502408138984357,-25.24953267513153,18.69348325685594
6.593220338983051,31.502408138984357,-25.313711647330255,18.91336421656568
6.6440677966101696,31.502408138984357,-25.37302355747187,19.11706662480649
6.694915254237289,31.502408138984357,-25.427795837426725,19.30685407592126
6.745762711864407,31.502408138984357,-25.478340435902957,19.482594647195633
6.796610169491526,31.502408138984357,-25.524953455555778,19.64497467437928
6.8474576271186445,31.502408138984357,-25.56791502774649,19.79489744483822
6.898305084745763,31.502408138984357,-25.607489384291068,19.933222958862466
6.9491525423728815,31.502408138984357,-25.643925089806302,20.06076700387599
7.0,31.502408138984357,-25.677455402480206,20.179170352179668
4.0,32.98203923575604,-14.284086887455494,-0.198459313558257
4.0508474576271185,32.98203923575604,-14.455820010020553,-0.19845931355816476
4.101694915254237,32.98203923575604,-14.63766374636197,-0.1984593135580659
4.1525423728813555,32.98203923575604,-14.829765460670144,-0.19845931355796015
4.203389830508475,32.98203923575604,-15.03220519854098,-0.1984593135578472
4.254237288135593,32.98203923575604,-15.244987010789345,-0.19845931355772684
4.305084745762712,32.98203923575604,-15.46803073953981,-0.19845931355759885
4.3559322033898304,32.98203923575604,-15.70116458328657,-0.19845931355746307
4.406779661016949,32.98203923575604,-15.944118779274136,-0.1984593135573194
4.4576271186440675,32.98203923575604,-16.196520749248567,-0.19845931355716787
4.508474576271187,32.98203923575604,-16.457892045032537,-0.19845931355700838
4.559322033898305,32.98203923575604,-16.72764740087398,-0.19845931355684113
4.610169491525424,32.98203923575604,-17.00509614864349,-0.1984593135566663
4.661016949152542,32.98203923575604,-17.289446179788644,-0.19845931355648408
4.711864406779661,32.98203923575604,-17.57981054640901,-0.19845931355629493
4.762711864406779,32.98203923575604,-17.87521668677295,-0.19845931355609922
4.813559322033898,32.98203923575604,-18.1746181438133,0.26395845674051566
4.864406779661017,32.98203923575604,-18.476908525911725,0.7682789835433572
4.915254237288136,32.98203923575604,-18.780937345880517,1.2996818906333691
4.966101694915254,32.98203923575604,-19.085527274953556,1.8560953758487522
5.016949152542373,32.98203923575604,-19.389492271625357,2.4350621116141427
5.067796610169491,32.98203923575604,-19.691655996639128,3.033845115261264
5.118644067796611,32.98203923575604,-19.99086990939494,3.6499755285823805
5.169491525423728,32.98203923575604,-20.286030458890828,4.279512417825091
5.220338983050848,32.98203923575604,-20.57609483250645,4.919610796877681
5.271186440677966,32.98203923575604,-20.860094804281246,5.566812465965436
5.322033898305085,32.98203923575604,-21.137148324416493,6.2173982396655605
5.372881355932203,32.98203923575604,-21.406468605662845,6.8683317707663765
5.423728813559322,32.98203923575604,-21.66737058155626,7.516130171893065
5.474576271186441,32.98203923575604,-21.91927472789838,8.156971577142947
5.52542372881356,32.98203923575604,-22.161708345215978,8.789294784637669
5.576271186440678,32.98203923575604,-22.394304490515825,9.409031031526997
5.627118644067797,32.98203923575604,-22.61679881770221,10.014066136704306
5.677966101694915,32.98203923575604,-22.829024635734424,10.603037613196117
5.728813559322034,32.98203923575604,-23.03090652198277,11.173422291224242
5.779661016949152,32.98203923575604,-23.22245283683142,11.72370165024403
5.830508474576272,32.98203923575604,-23.403747477036575,12.252616369372651
5.88135593220339,32.98203923575604,-23.574941183038817,12.75989532202372
5.932203389830509,32.98203923575604,-23.736242682998952,13.244467515442825
5.983050847457627,32.98203923575604,-23.887909917371754,13.705551297793704
6.033898305084746,32.98203923575604,-24.030241545628282,14.142913494176602
6.084745762711865,32.98203923575604,-24.163568894070362,14.558131411713822
6.135593220338983,32.98203923575604,-24.288248462756915,14.949313396888115
6.186440677966102,32.98203923575604,-24.40465507198962,15.318838503179869
6.237288135593221,32.98203923575604,-24.51317569563125,15.66532543020361
6.288135593220339,32.98203923575604,-24.6142040003095,15.99156745393441
6.338983050847458,32.98203923575604,-24.708135586443742,16.29609638723188
6.389830508474576,32.98203923575604,-24.795363908868268,16.581509161579294
6.4406779661016955,32.98203923575604,-24.876276841240752,16.847867943852698
6.491525423728813,32.98203923575604,-24.95125383891223,17.095460729016857
6.5423728813559325,32.98203923575604,-25.02066364891686,17.32638217366175
6.593220338983051,32.98203923575604,-25.084862512621413,17.54132135804727
6.6440677966101696,32.98203923575604,-25.14419280578111,17.740450183790973
6.694915254237289,32.98203923575604,-25.198982061749895,17.924755826446702
6.745762711864407,32.98203923575604,-25.24954232592068,18.09559564956433
6.796610169491526,32.98203923575604,-25.29616979272216,18.254371890191695
6.8474576271186445,32.98203923575604,-25.339144680339007,18.400969751656277
6.898305084745763,32.98203923575604,-25.378731302482688,18.536229594021968
6.9491525423728815,32.98203923575604,-25.41517830080963,18.660948640646286
7.0,32.98203923575604,-25.448719005803433,18.775880701558528
4.0,34.53116686666169,-14.051891218572765,-0.1984593135602245
4.0508474576271185,34.53116686666169,-14.223677551276001,-0.19845931356017915
4.101694915254237,34.53116686666169,-14.40557763044863,-0.1984593135601305
4.1525423728813555,34.53116686666169,-14.59773886594066,-0.19845931356007843
4.203389830508475,34.53116686666169,-14.800241328149493,-0.1984593135600228
4.254237288135593,34.53116686666169,-15.013089069145106,-0.19845931355996355
4.305084745762712,34.53116686666169,-15.236201906215792,-0.19845931355990049
4.3559322033898304,34.53116686666169,-15.469407984624418,-0.1984593135598336
4.406779661016949,34.53116686666169,-15.71243745803166,-0.1984593135597628
4.4576271186440675,34.53116686666169,-15.964917632743175,-0.19845931355968807
4.508474576271187,34.53116686666169,-16.22636991233829,-0.19845931355960947
4.559322033898305,34.53116686666169,-16.496208849725004,-0.19845931355952698
4.610169491525424,34.53116686666169,-16.77374356277591,-0.19845931355944071
4.661016949152542,34.53116686666169,-17.058181697510065,-0.19845931355935081
4.711864406779661,34.53116686666169,-17.34863603121331,-0.19845931355925744
4.762711864406779,34.53116686666169,-17.6441337008135,-0.19845931355916085
4.813559322033898,34.53116686666169,-17.943627925007107,-0.1984593135590613
4.864406779661017,34.53116686666169,-18.24601196936917,0.016178688706062625
4.915254237288136,34.53116686666169,-18.55013499024271,0.5179399517520924
4.966101694915254,34.53116686666169,-18.854819294075675,1.045193906320232
5.016949152542373,34.53116686666169,-19.158878471877088,1.5953959524992913
5.067796610169491,34.53116686666169,-19.46113581991081,2.1659260984063926
5.118644067796611,34.53116686666169,-19.76044244171078,2.753780228852013
5.169491525423728,34.53116686666169,-20.05569444434855,3.3564400696376473
5.220338983050848,34.53116686666169,-20.345848692096602,3.969843944221554
5.271186440677966,34.53116686666169,-20.629936658997302,4.590912986898976
5.322033898305085,34.53116686666169,-20.907076021955813,5.216436520094524
5.372881355932203,34.53116686666169,-21.176479749943045,5.843073593345174
5.423728813559322,34.53116686666169,-21.437462564232575,6.467386038926145
5.474576271186441,34.53116686666169,-21.6894447610651,7.085868556295224
5.52542372881356,34.53116686666169,-21.93195349450523,7.696305599959452
5.576271186440678,34.53116686666169,-22.164621707865365,8.29505067663763
5.627118644067797,34.53116686666169,-22.38718497314428,8.881066012942956
5.677966101694915,34.53116686666169,-22.599476547653367,9.451150091927946
5.728813559322034,34.53116686666169,-22.801420985393836,10.00364561514526
5.779661016949152,34.53116686666169,-22.99302664934025,10.537110371198969
5.830508474576272,34.53116686666169,-23.17437746224356,11.050314146012035
5.88135593220339,34.53116686666169,-23.34562421125006,11.5422311997989
5.932203389830509,34.53116686666169,-23.506975689193318,12.0120290739347
5.983050847457627,34.53116686666169,-23.6586899164489,12.460086784987801
6.033898305084746,34.53116686666169,-23.80106564502512,12.885756350400118
6.084745762711865,34.53116686666169,-23.934434303882615,13.288264445917594
6.135593220338983,34.53116686666169,-24.059152503539003,13.669463755406506
6.186440677966102,34.53116686666169,-24.17559518043105,14.028136778563216
6.237288135593221,34.53116686666169,-24.284149428322287,14.365997422056642
6.288135593220339,34.53116686666169,-24.385209035814878,14.68238498153718
6.338983050847458,34.53116686666169,-24.47916972590183,14.979766110004332
6.389830508474576,34.53116686666169,-24.566425075326272,15.256949303134038
6.4406779661016955,34.53116686666169,-24.64736307792544,15.516177813798276
6.491525423728813,34.53116686666169,-24.722363306621585,15.758034355535246
6.5423728813559325,34.53116686666169,-24.79179462270219,15.982587595527558
6.593220338983051,34.53116686666169,-24.856013377912575,16.191184035308066
6.6440677966101696,34.53116686666169,-24.91536205409035,16.385755625563185
6.694915254237289,34.53116686666169,-24.970168286073065,16.565847155676398
6.745762711864407,34.53116686666169,-25.020744215938404,16.732389122826582
6.796610169491526,34.53116686666169,-25.067386129888547,16.886275414442295
6.8474576271186445,34.53116686666169,-25.110374332931528,17.028859842778118
6.898305084745763,34.53116686666169,-25.149973220674312,17.161064249352613
6.9491525423728815,34.53116686666169,-25.186431511812962,17.282967688367478
7.0,34.53116686666169,-25.219982609126667,17.395306542012193
4.0,36.1530552022552,-13.81969554969003,-0.19845931356118796
4.0508474576271185,36.1530552022552,-13.991535092531446,-0.19845931356116592
4.101694915254237,36.1530552022552,-14.173491514535282,-0.19845931356114227
4.1525423728813555,36.1530552022552,-14.365712271211171,-0.19845931356111696
4.203389830508475,36.1530552022552,-14.568277457758,-0.19845931356108992
4.254237288135593,36.1530552022552,-14.781191127500861,-0.1984593135610611
4.305084745762712,36.1530552022552,-15.004373072891767,-0.19845931356103041
4.3559322033898304,36.1530552022552,-15.237651385962263,-0.19845931356099786
4.406779661016949,36.1530552022552,-15.48075613678918,-0.1984593135609634
4.4576271186440675,36.1530552022552,-15.73331451623778,-0.19845931356092705
4.508474576271187,36.1530552022552,-15.994847779644033,-0.19845931356088875
4.559322033898305,36.1530552022552,-16.264770298576025,-0.1984593135608486
4.610169491525424,36.1530552022552,-16.542390976908326,-0.19845931356080657
4.661016949152542,36.1530552022552,-16.826917215231486,-0.19845931356076277
4.711864406779661,36.1530552022552,-17.117461516017602,-0.19845931356071725
4.762711864406779,36.1530552022552,-17.413050714854048,-0.19845931356067015
4.813559322033898,36.1530552022552,-17.71263770620091,-0.1984593135606216
4.864406779661017,36.1530552022552,-18.01511541282661,-0.19845931356057175
4.915254237288136,36.1530552022552,-18.3193326346049,-0.19845931356052074
4.966101694915254,36.1530552022552,-18.624111313197794,0.2641061095249401
5.016949152542373,36.1530552022552,-18.928264672128815,0.7849503895243691
5.067796610169491,36.1530552022552,-19.230615643182492,1.326593337218768
5.118644067796611,36.1530552022552,-19.530014974026617,1.8862417909406655
5.169491525423728,36.1530552022552,-19.825358429806265,2.4607767949527184
5.220338983050848,36.1530552022552,-20.115602551686756,3.047441522159714
5.271186440677966,36.1530552022552,-20.39977851371335,3.642361466042758
5.322033898305085,36.1530552022552,-20.677003719495126,4.242352963704125
5.372881355932203,36.1530552022552,-20.946490894223242,4.844225540767126
5.423728813559322,36.1530552022552,-21.20755454690889,5.444690573317742
5.474576271186441,36.1530552022552,-21.45961479423182,6.040390634473378
5.52542372881356,36.1530552022552,-21.702198643794475,6.628800895409351
5.576271186440678,36.1530552022552,-21.934938925214905,7.206961754623584
5.627118644067797,36.1530552022552,-22.157571128586344,7.77284670162769
5.677966101694915,36.1530552022552,-22.36992845957231,8.32376376033686
5.728813559322034,36.1530552022552,-22.5719354488049,8.858101303792637
5.779661016949152,36.1530552022552,-22.763600461849077,9.37445433841123
5.830508474576272,36.1530552022552,-22.945007447450536,9.871621910211418
5.88135593220339,36.1530552022552,-23.116307239461296,10.348600205170348
5.932203389830509,36.1530552022552,-23.27770869538768,10.804572074864815
5.983050847457627,36.1530552022552,-23.42946991552604,11.238893737765615
6.033898305084746,36.1530552022552,-23.571889744421952,11.651386921982624
6.084745762711865,36.1530552022552,-23.705299713694863,12.043139716909609
6.135593220338983,36.1530552022552,-23.83005654432109,12.412632469419226
6.186440677966102,36.1530552022552,-23.946535288872475,12.761568891330505
6.237288135593221,36.1530552022552,-24.055123161013324,13.089439415380967
6.288135593220339,36.1530552022552,-24.156214071320253,13.39769547596181
6.338983050847458,36.1530552022552,-24.250203865359914,13.685718483962294
6.389830508474576,36.1530552022552,-24.337486241784273,13.956278365276262
6.4406779661016955,36.1530552022552,-24.418449314610125,14.208118568858195
6.491525423728813,36.1530552022552,-24.493472774330936,14.442817044040078
6.5423728813559325,36.1530552022552,-24.562925596487517,14.662072658005304
6.593220338983051,36.1530552022552,-24.62716424320373,14.865420310720685
6.6440677966101696,36.1530552022552,-24.68653130239959,15.053819161985412
6.694915254237289,36.1530552022552,-24.74135451039623,15.229068265369518
6.745762711864407,36.1530552022552,-24.791946105956125,15.391731608697922
6.796610169491526,36.1530552022552,-24.838602467054926,15.542036802953358
6.8474576271186445,36.1530552022552,-24.88160398552404,15.680818043435014
6.898305084745763,36.1530552022552,-24.92121513886593,15.808869777758778
6.9491525423728815,36.1530552022552,-24.95768472281629,15.927021205834839
7.0,36.1530552022552,-24.991246212449894,16.036776287924276
4.0,37.85112172734609,-13.587499880807297,-0.19845931356166083
4.0508474576271185,37.85112172734609,-13.759392633786891,-0.19845931356165045
4.101694915254237,37.85112172734609,-13.941405398621939,-0.19845931356163926
4.1525423728813555,37.85112172734609,-14.133685676481685,-0.19845931356162735
4.203389830508475,37.85112172734609,-14.336313587366512,-0.19845931356161456
4.254237288135593,37.85112172734609,-14.54929318585662,-0.198459313561601
4.305084745762712,37.85112172734609,-14.772544239567747,-0.1984593135615865
4.3559322033898304,37.85112172734609,-15.00589478730011,-0.19845931356157112
4.406779661016949,37.85112172734609,-15.249074815546702,-0.19845931356155486
4.4576271186440675,37.85112172734609,-15.501711399732386,-0.19845931356153768
4.508474576271187,37.85112172734609,-15.763325646949783,-0.19845931356151958
4.559322033898305,37.85112172734609,-16.03333174742705,-0.1984593135615006
4.610169491525424,37.85112172734609,-16.311038391040746,-0.19845931356148075
4.661016949152542,37.85112172734609,-16.595652732952907,-0.19845931356146002
4.711864406779661,37.85112172734609,-16.886287000821895,-0.1984593135614385
4.762711864406779,37.85112172734609,-17.181967728894595,-0.19845931356141622
4.813559322033898,37.85112172734609,-17.48164748739471,-0.19845931356139324
4.864406779661017,37.85112172734609,-17.784218856284056,-0.19845931356136964
4.915254237288136,37.85112172734609,-18.08853027896709,-0.1984593135613455
4.966101694915254,37.85112172734609,-18.393403332319913,-0.19845931356132093
5.016949152542373,37.85112172734609,-18.697650872380546,0.004802633430826039
5.067796610169491,37.85112172734609,-19.000095466454173,0.5169429648119496
5.118644067796611,37.85112172734609,-19.299587506342455,1.0476959257610925
5.169491525423728,37.85112172734609,-19.595022415263983,1.5940661294617333
5.220338983050848,37.85112172734609,-19.88535641127691,2.1529987417646264
5.271186440677966,37.85112172734609,-20.1696203684294,2.721258500400597
5.322033898305085,37.85112172734609,-20.446931417034442,3.2955156994607346
5.372881355932203,37.85112172734609,-20.71650203850344,3.8723646707580057
5.423728813559322,37.85112172734609,-20.977646529585208,4.4486638244119465
5.474576271186441,37.85112172734609,-21.229784827398536,5.021201101556535
5.52542372881356,37.85112172734609,-21.47244379308372,5.587474860387084
5.576271186440678,37.85112172734609,-21.705256142564444,6.144563907539741
5.627118644067797,37.85112172734609,-21.927957284028412,6.690136945138155
5.677966101694915,37.85112172734609,-22.14038037149125,7.2216765300429575
5.728813559322034,37.85112172734609,-22.34244991221596,7.7378843551273295
5.779661016949152,37.85112172734609,-22.534174274357905,8.237187661394351
5.830508474576272,37.85112172734609,-22.715637432657516,8.718002734584879
5.88135593220339,37.85112172734609,-22.886990267672537,9.179330739639928
5.932203389830509,37.85112172734609,-23.048441701582043,9.620932893484408
5.983050847457627,37.85112172734609,-23.200249914603184,10.042169970048912
6.033898305084746,37.85112172734609,-23.34271384381879,10.442369876305309
6.084745762711865,37.85112172734609,-23.476165123507112,10.82118830757769
6.135593220338983,37.85112172734609,-23.600960585103177,11.180518329541064
6.186440677966102,37.85112172734609,-23.7174753973139,11.518625821625093
6.237288135593221,37.85112172734609,-23.82609689370436,11.837311052326651
6.288135593220339,37.85112172734609,-23.927219106825632,12.136075100120836
6.338983050847458,37.85112172734609,-24.021238004818,12.416752790758967
6.389830508474576,37.85112172734609,-24.108547408242273,12.678386107765572
6.4406779661016955,37.85112172734609,-24.189535551294814,12.923811448165164
6.491525423728813,37.85112172734609,-24.26458224204029,13.152233615211806
6.5423728813559325,37.85112172734609,-24.334056570272843,13.364325705224216
6.593220338983051,37.85112172734609,-24.398315108494888,13.562435294381519
6.6440677966101696,37.85112172734609,-24.45770055070883,13.746311732518146
6.694915254237289,37.85112172734609,-24.5125407347194,13.916511588671343
6.745762711864407,37.85112172734609,-24.563147995973846,14.073912513453552
6.796610169491526,37.85112172734609,-24.609818804221305,14.22014819635292
6.8474576271186445,37.85112172734609,-24.652833638116554,14.35563912079982
6.898305084745763,37.85112172734609,-24.69245705705755,14.480656912134073
6.9491525423728815,37.85112172734609,-24.728937933819616,14.595937035137435
7.0,37.85112172734609,-24.762509815773125,14.70217506530528
4.0,39.62894444199004,-13.355304211924567,-0.19845931356187868
4.0508474576271185,39.62894444199004,-13.52725017504234,-0.19845931356187374
4.101694915254237,39.62894444199004,-13.709319282708595,-0.19845931356186847
4.1525423728813555,39.62894444199004,-13.9016590817522,-0.19845931356186278
4.203389830508475,39.62894444199004,-14.104349716975022,-0.19845931356185673
4.254237288135593,39.62894444199004,-14.31739524421238,-0.19845931356185026
4.305084745762712,39.62894444199004,-14.540715406243727,-0.19845931356184338
4.3559322033898304,39.62894444199004,-14.774138188637956,-0.19845931356183608
4.406779661016949,39.62894444199004,-15.017393494304226,-0.19845931356182833
4.4576271186440675,39.62894444199004,-15.270108283226994,-0.19845931356182017
4.508474576271187,39.62894444199004,-15.531803514255532,-0.19845931356181157
4.559322033898305,39.62894444199004,-15.801893196278073,-0.19845931356180255
4.610169491525424,39.62894444199004,-16.079685805173167,-0.19845931356179308
4.661016949152542,39.62894444199004,-16.364388250674327,-0.1984593135617832
4.711864406779661,39.62894444199004,-16.65511248562619,-0.19845931356177296
4.762711864406779,39.62894444199004,-16.95088474293514,-0.19845931356176236
4.813559322033898,39.62894444199004,-17.250657268588512,-0.19845931356175142
4.864406779661017,39.62894444199004,-17.553322299741502,-0.19845931356174015
4.915254237288136,39.62894444199004,-17.857727923329286,-0.19845931356172866
4.966101694915254,39.62894444199004,-18.162695351442036,-0.19845931356171692
5.016949152542373,39.62894444199004,-18.467037072632273,-0.19845931356170501
5.067796610169491,39.62894444199004,-18.769575289725857,-0.198459313561693
5.118644067796611,39.62894444199004,-19.069160038658293,0.23929864882384738
5.169491525423728,39.62894444199004,-19.364686400721705,0.7568796526477732
5.220338983050848,39.62894444199004,-19.655110270867063,1.287655269771073
5.271186440677966,39.62894444199004,-19.93946222314545,1.8288391332763887
5.322033898305085,39.62894444199004,-20.21685911457376,2.376445468180995
5.372881355932203,39.62894444199004,-20.48651318278364,2.9280356040583744
5.423728813559322,39.62894444199004,-20.747738512261524,3.479894352459659
5.474576271186441,39.62894444199004,-20.999954860565254,4.028933589648434
5.52542372881356,39.62894444199004,-21.24268894237297,4.572991709037098
5.576271186440678,39.62894444199004,-21.475573359913984,5.108565626936279
5.627118644067797,39.62894444199004,-21.69834343947048,5.6336761427821935
5.677966101694915,39.62894444199004,-21.910832283410194,6.145689357623659
5.728813559322034,39.62894444199004,-22.112964375627026,6.643858570167794
5.779661016949152,39.62894444199004,-22.304748086866738,7.125731941264299
5.830508474576272,39.62894444199004,-22.486267417864497,7.5901497062685825
5.88135593220339,39.62894444199004,-22.65767329588378,8.03613588067448
5.932203389830509,39.62894444199004,-22.81917470777641,8.462889030191482
5.983050847457627,39.62894444199004,-22.971029913680333,8.869827847878888
6.033898305084746,39.62894444199004,-23.113537943215626,9.257661507108015
6.084745762711865,39.62894444199004,-23.24703053331936,9.625184946711743
6.135593220338983,39.62894444199004,-23.371864625885266,9.97217094982876
6.186440677966102,39.62894444199004,-23.48841550575533,10.300715359668063
6.237288135593221,39.62894444199004,-23.597070626395396,10.609078167158007
6.288135593220339,39.62894444199004,-23.69822414233101,10.899509108185708
6.338983050847458,39.62894444199004,-23.792272144276087,11.17083194109731
6.389830508474576,39.62894444199004,-23.879608574700278,11.425905812770795
6.4406779661016955,39.62894444199004,-23.960621787979502,11.66334771955975
6.491525423728813,39.62894444199004,-24.035691709749646,11.884963025187803
6.5423728813559325,39.62894444199004,-24.105187544058175,12.091805281840065
6.593220338983051,39.62894444199004,-24.16946597378605,12.283650465393611
6.6440677966101696,39.62894444199004,-24.22886979901807,12.46144561744398
6.694915254237289,39.62894444199004,-24.28372695904257,12.627483217665192
6.745762711864407,39.62894444199004,-24.33434988599157,12.781038101283004
6.796610169491526,39.62894444199004,-24.38103514138769,12.922932249063491
6.8474576271186445,39.62894444199004,-24.424063290709075,13.053951908340487
6.898305084745763,39.62894444199004,-24.463698975249173,13.175009564218492
6.9491525423728815,39.62894444199004,-24.500191144822946,13.287506373494894
7.0,39.62894444199004,-24.533773419096356,13.391180818461295
4.0,41.49026940070148,-13.123108543041836,-0.19845931356198374
4.0508474576271185,41.49026940070148,-13.295107716297787,-0.19845931356198152
4.101694915254237,41.49026940070148,-13.477233166795251,-0.19845931356197907
4.1525423728813555,41.49026940070148,-13.669632487022714,-0.1984593135619765
4.203389830508475,41.49026940070148,-13.872385846583533,-0.19845931356197372
4.254237288135593,41.49026940070148,-14.085497302568138,-0.19845931356197077
4.305084745762712,41.49026940070148,-14.308886572919706,-0.1984593135619676
4.3559322033898304,41.49026940070148,-14.542381589975804,-0.19845931356196428
4.406779661016949,41.49026940070148,-14.785712173061748,-0.19845931356196075
4.4576271186440675,41.49026940070148,-15.038505166721603,-0.198459313561957
4.508474576271187,41.49026940070148,-15.300281381561282,-0.1984593135619531
4.559322033898305,41.49026940070148,-15.570454645129097,-0.19845931356194896
4.610169491525424,41.49026940070148,-15.848333219305585,-0.1984593135619446
4.661016949152542,41.49026940070148,-16.13312376839575,-0.1984593135619401
4.711864406779661,41.49026940070148,-16.423937970430487,-0.1984593135619354
4.762711864406779,41.49026940070148,-16.71980175697569,-0.19845931356193053
4.813559322033898,41.49026940070148,-17.019667049782317,-0.19845931356192553
4.864406779661017,41.49026940070148,-17.322425743198945,-0.19845931356192037
4.915254237288136,41.49026940070148,-17.62692556769148,-0.1984593135619151
4.966101694915254,41.49026940070148,-17.93198737056416,-0.19845931356190974
5.016949152542373,41.49026940070148,-18.236423272884004,-0.19845931356190427
5.067796610169491,41.49026940070148,-18.53905511299754,-0.19845931356189875
5.118644067796611,41.49026940070148,-18.83873257097413,-0.1984593135618932
5.169491525423728,41.49026940070148,-19.134350386179424,-0.04969056025472171
5.220338983050848,41.49026940070148,-19.424864130457216,0.4525155243703566
5.271186440677966,41.49026940070148,-19.709304077861503,0.9658151567160359
5.322033898305085,41.49026940070148,-19.98678681211308,1.4869398697317417
5.372881355932203,41.49026940070148,-20.256524327063836,2.0125450848560846
5.423728813559322,41.49026940070148,-20.51783049493784,2.5395068455888095
5.474576271186441,41.49026940070148,-20.770124893731975,3.064957449564208
5.52542372881356,41.49026940070148,-21.012934091662213,3.5859831059022027
5.576271186440678,41.49026940070148,-21.245890577263523,4.0996437561655
5.627118644067797,41.49026940070148,-21.46872959491255,4.604172613861914
5.677966101694915,41.49026940070148,-21.681284195329138,5.09654302998994
5.728813559322034,41.49026940070148,-21.88347883903809,5.576086058937783
5.779661016949152,41.49026940070148,-22.075321899375567,6.040305852926764
5.830508474576272,41.49026940070148,-22.25689740307148,6.48807298658757
5.88135593220339,41.49026940070148,-22.42835632409502,6.918434554014614
5.932203389830509,41.49026940070148,-22.589907713970774,7.330605602427102
5.983050847457627,41.49026940070148,-22.741809912757475,7.723957916153915
6.033898305084746,41.49026940070148,-22.88436204261246,8.098006806244065
6.084745762711865,41.49026940070148,-23.017895943131613,8.453747868475443
6.135593220338983,41.49026940070148,-23.14276866666735,8.790098992843259
6.186440677966102,41.49026940070148,-23.25935561419676,9.107042891960305
6.237288135593221,41.49026940070148,-23.368044359086433,9.40652973568614
6.288135593220339,41.49026940070148,-23.46922917783639,9.686802939425895
6.338983050847458,41.49026940070148,-23.56330628373417,9.950913837260922
6.389830508474576,41.49026940070148,-23.650669741158282,10.197148279938595
6.4406779661016955,41.49026940070148,-23.73170802466419,10.427791819321447
6.491525423728813,41.49026940070148,-23.806801177459,10.642902443453588
6.5423728813559325,41.49026940070148,-23.876318517843504,10.84264645765833
6.593220338983051,41.49026940070148,-23.940616839077208,11.029219263367743
6.6440677966101696,41.49026940070148,-24.00003904732731,11.202491901804825
6.694915254237289,41.49026940070148,-24.05491318336574,11.362884039435656
6.745762711864407,41.49026940070148,-24.105551776009293,11.51122105201951
6.796610169491526,41.49026940070148,-24.152251478554074,11.649385274329479
6.8474576271186445,41.49026940070148,-24.19529294330159,11.777144902780028
6.898305084745763,41.49026940070148,-24.234940893440793,11.895032870545283
6.9491525423728815,41.49026940070148,-24.271444355826276,12.003741782233343
7.0,41.49026940070148,-24.305037022419587,12.103926783918501
4.0,43.439018605773896,-12.890912874159103,-0.19845931356203111
4.0508474576271185,43.439018605773896,-13.062965257553234,-0.1984593135620301
4.101694915254237,43.439018605773896,-13.245147050881906,-0.19845931356202898
4.1525423728813555,43.439018605773896,-13.437605892293227,-0.1984593135620278
4.203389830508475,43.439018605773896,-13.640421976192044,-0.19845931356202656
4.254237288135593,43.439018605773896,-13.853599360923894,-0.1984593135620252
4.305084745762712,43.439018605773896,-14.077057739595684,-0.1984593135620238
4.3559322033898304,43.439018605773896,-14.310624991313649,-0.19845931356202226
4.406779661016949,43.439018605773896,-14.55403085181927,-0.19845931356202065
4.4576271186440675,43.439018605773896,-14.806902050216209,-0.19845931356201896
4.508474576271187,43.439018605773896,-15.06875924886703,-0.19845931356201718
4.559322033898305,43.439018605773896,-15.33901609398012,-0.1984593135620153
4.610169491525424,43.439018605773896,-15.616980633438004,-0.19845931356201332
4.661016949152542,43.439018605773896,-15.901859286117169,-0.19845931356201127
4.711864406779661,43.439018605773896,-16.192763455234783,-0.19845931356200913
4.762711864406779,43.439018605773896,-16.488718771016238,-0.1984593135620069
4.813559322033898,43.439018605773896,-16.78867683097612,-0.19845931356200464
4.864406779661017,43.439018605773896,-17.091529186656388,-0.1984593135620023
4.915254237288136,43.439018605773896,-17.39612321205367,-0.19845931356199986
4.966101694915254,43.439018605773896,-17.701279389686277,-0.19845931356199742
5.016949152542373,43.439018605773896,-18.005809473135734,-0.19845931356199495
5.067796610169491,43.439018605773896,-18.308534936269222,-0.19845931356199242
5.118644067796611,43.439018605773896,-18.60830510328997,-0.1984593135619899
5.169491525423728,43.439018605773896,-18.904014371637142,-0.19845931356198734
5.220338983050848,43.439018605773896,-19.19461799004737,-0.19845931356198482
5.271186440677966,43.439018605773896,-19.479145932577552,0.1335550321451142
5.322033898305085,43.439018605773896,-19.756714509652397,0.6272604500057264
5.372881355932203,43.439018605773896,-20.026535471344037,1.1262721005235012
5.423728813559322,43.439018605773896,-20.287922477614156,1.6281324139124866
5.474576271186441,43.439018605773896,-20.540294926898696,2.1293395011384724
5.52542372881356,43.439018605773896,-20.783179240951462,2.6270454760267667
5.576271186440678,43.439018605773896,-21.016207794613063,3.118719743565282
5.627118644067797,43.439018605773896,-21.239115750354614,3.602300943655925
5.677966101694915,43.439018605773896,-21.45173610724808,4.074752962981484
5.728813559322034,43.439018605773896,-21.653993302449155,4.535319101705581
5.779661016949152,43.439018605773896,-21.845895711884395,4.98169268752568
5.830508474576272,43.439018605773896,-22.02752738827846,5.412586462205555
5.88135593220339,43.439018605773896,-22.199039352306258,5.827070853794762
5.932203389830509,43.439018605773896,-22.360640720165136,6.2243776629722385
5.983050847457627,43.439018605773896,-22.512589911834617,6.603889558553078
6.033898305084746,43.439018605773896,-22.655186142009295,6.965127621295754
6.084745762711865,43.439018605773896,-22.78876135294386,7.307821043679347
6.135593220338983,43.439018605773896,-22.91367270744944,7.633157630730281
6.186440677966102,43.439018605773896,-23.030295722638186,7.93987097216511
6.237288135593221,43.439018605773896,-23.13901809177747,8.22878483303707
6.288135593220339,43.439018605773896,-23.240234213341765,8.500710091910848
6.338983050847458,43.439018605773896,-23.33434042319226,8.755422296914784
6.389830508474576,43.439018605773896,-23.421730907616286,8.994189340554293
6.4406779661016955,43.439018605773896,-23.50279426134888,9.217385707167756
6.491525423728813,43.439018605773896,-23.577910645168352,9.424937000438314
6.5423728813559325,43.439018605773896,-23.647449491628834,9.619490498970237
6.593220338983051,43.439018605773896,-23.711767704368366,9.799947928673133
6.6440677966101696,43.439018605773896,-23.771208295636548,9.967156037759263
6.694915254237289,43.439018605773896,-23.826099407688908,10.123006461311121
6.745762711864407,43.439018605773896,-23.876753666027017,10.267538359362511
6.796610169491526,43.439018605773896,-23.923467815720457,10.40110000069325
6.8474576271186445,43.439018605773896,-23.966522595894105,10.52443022367424
6.898305084745763,43.439018605773896,-24.006182811632414,10.638309076478986
6.9491525423728815,43.439018605773896,-24.042697566829602,10.744262650903345
7.0,43.439018605773896,-24.076300625742817,10.841909748078802
4.0,45.47929827134038,-12.658717205276371,-0.1984593135620508
4.0508474576271185,45.47929827134038,-12.830822798808683,-0.1984593135620503
4.101694915254237,45.47929827134038,-13.013060934968564,-0.19845931356204974
4.1525423728813555,45.47929827134038,-13.205579297563743,-0.19845931356204918
4.203389830508475,45.47929827134038,-13.408458105800555,-0.19845931356204854
4.254237288135593,45.47929827134038,-13.621701419279654,-0.1984593135620479
4.305084745762712,45.47929827134038,-13.845228906271664,-0.19845931356204718
4.3559322033898304,45.47929827134038,-14.078868392651497,-0.19845931356204644
4.406779661016949,45.47929827134038,-14.322349530576794,-0.19845931356204566
4.4576271186440675,45.47929827134038,-14.575298933710815,-0.1984593135620448
4.508474576271187,45.47929827134038,-14.83723711617278,-0.19845931356204394
4.559322033898305,45.47929827134038,-15.107577542831145,-0.198459313562043
4.610169491525424,45.47929827134038,-15.385628047570425,-0.19845931356204205
4.661016949152542,45.47929827134038,-15.67059480383859,-0.19845931356204102
4.711864406779661,45.47929827134038,-15.961588940039078,-0.19845931356203997
4.762711864406779,45.47929827134038,-16.257635785056785,-0.19845931356203889
4.813559322033898,45.47929827134038,-16.557686612169924,-0.19845931356203775
4.864406779661017,45.47929827134038,-16.860632630113834,-0.1984593135620366
4.915254237288136,45.47929827134038,-17.165320856415864,-0.19845931356203542
4.966101694915254,45.47929827134038,-17.470571408808397,-0.19845931356203422
5.016949152542373,45.47929827134038,-17.775195673387465,-0.19845931356203297
5.067796610169491,45.47929827134038,-18.078014759540906,-0.19845931356203175
5.118644067796611,45.47929827134038,-18.377877635605806,-0.19845931356203048
5.169491525423728,45.47929827134038,-18.67367835709486,-0.19845931356202923
5.220338983050848,45.47929827134038,-18.964371849637523,-0.19845931356202798
5.271186440677966,45.47929827134038,-19.248987787293604,-0.19845931356202673
5.322033898305085,45.47929827134038,-19.526642207191713,-0.1984593135620255
5.372881355932203,45.47929827134038,-19.796546615624237,0.2708680579197718
5.423728813559322,45.47929827134038,-20.058014460290472,0.7469130499278402
5.474576271186441,45.47929827134038,-20.310464960065413,1.2233232183388854
5.52542372881356,45.47929827134038,-20.553424390240707,1.6975065626115984
5.576271186440678,45.47929827134038,-20.786525011962603,2.1668429603916204
5.627118644067797,45.47929827134038,-21.009501905796682,2.6286992016715574
5.677966101694915,45.47929827134038,-21.222188019167024,3.081242312664814
5.728813559322034,45.47929827134038,-21.42450776586022,3.522274916281336
5.779661016949152,45.47929827134038,-21.616469524393224,3.9506412022070383
5.830508474576272,45.47929827134038,-21.79815737348544,4.36446999499205
5.88135593220339,45.47929827134038,-21.9697223805175,4.762855332427637
5.932203389830509,45.47929827134038,-22.1313737263595,5.14504607224376
5.983050847457627,45.47929827134038,-22.283369910911762,5.510436077975073
6.033898305084746,45.47929827134038,-22.426010241406132,5.858552497077109
6.084745762711865,45.47929827134038,-22.559626762756114,6.189042699546452
6.135593220338983,45.47929827134038,-22.684576748231528,6.502287480267071
6.186440677966102,45.47929827134038,-22.801235831079616,6.798613812022832
6.237288135593221,45.47929827134038,-22.90999182446851,7.077229450953384
6.288135593220339,45.47929827134038,-23.011239248847144,7.340010396053967
6.338983050847458,45.47929827134038,-23.105374562650347,7.585932999209356
6.389830508474576,45.47929827134038,-23.19279207407429,7.816955630213104
6.4406779661016955,45.47929827134038,-23.273880498033567,8.032032014393742
6.491525423728813,45.47929827134038,-23.34902011287771,8.23385105354204
6.5423728813559325,45.47929827134038,-23.418580465414163,8.421388683536922
6.593220338983051,45.47929827134038,-23.482918569659525,8.595426422494196
6.6440677966101696,45.47929827134038,-23.54237754394579,8.758210932331782
6.694915254237289,45.47929827134038,-23.59728563201208,8.908901795595344
6.745762711864407,45.47929827134038,-23.647955556044742,9.048272805745524
6.796610169491526,45.47929827134038,-23.69468415288684,9.177288501708533
6.8474576271186445,45.47929827134038,-23.737752248486625,9.297396255640521
6.898305084745763,45.47929827134038,-23.777424729824034,9.408227359764078
6.9491525423728815,45.47929827134038,-23.813950777832932,9.510432064246633
7.0,45.47929827134038,-23.847564229066048,9.604625555180204
4.0,47.615407475587375,-12.42652153639364,-0.19845931356206323
4.0508474576271185,47.615407475587375,-12.598680340064128,-0.19845931356206306
4.101694915254237,47.615407475587375,-12.78097481905522,-0.1984593135620629
4.1525423728813555,47.615407475587375,-12.973552702834258,-0.1984593135620627
4.203389830508475,47.615407475587375,-13.176494235409066,-0.1984593135620625
4.254237288135593,47.615407475587375,-13.389803477635414,-0.19845931356206228
4.305084745762712,47.615407475587375,-13.613400072947645,-0.19845931356206206
4.3559322033898304,47.615407475587375,-13.847111793989342,-0.1984593135620618
4.406779661016949,47.615407475587375,-14.090668209334318,-0.19845931356206156
4.4576271186440675,47.615407475587375,-14.343695817205424,-0.19845931356206128
4.508474576271187,47.615407475587375,-14.60571498347853,-0.19845931356206098
4.559322033898305,47.615407475587375,-14.876138991682168,-0.1984593135620607
4.610169491525424,47.615407475587375,-15.154275461702845,-0.19845931356206037
4.661016949152542,47.615407475587375,-15.43933032156001,-0.19845931356206004
4.711864406779661,47.615407475587375,-15.730414424843373,-0.19845931356205967
4.762711864406779,47.615407475587375,-16.02655279909733,-0.19845931356205931
4.813559322033898,47.615407475587375,-16.326696393363726,-0.19845931356205895
4.864406779661017,47.615407475587375,-16.629736073571276,-0.19845931356205856
4.915254237288136,47.615407475587375,-16.934518500778054,-0.19845931356205818
4.966101694915254,47.615407475587375,-17.23986342793052,-0.1984593135620578
5.016949152542373,47.615407475587375,-17.544581873639192,-0.19845931356205737
5.067796610169491,47.615407475587375,-17.84749458281259,-0.19845931356205695
5.118644067796611,47.615407475587375,-18.147450167921644,-0.19845931356205657
5.169491525423728,47.615407475587375,-18.44334234255258,-0.19845931356205615
5.220338983050848,47.615407475587375,-18.734125709227676,-0.19845931356205573
5.271186440677966,47.615407475587375,-19.018829642009656,-0.19845931356205532
5.322033898305085,47.615407475587375,-19.29656990473103,-0.19845931356205493
5.372881355932203,47.615407475587375,-19.566557759904434,-0.1984593135620545
5.423728813559322,47.615407475587375,-19.82810644296679,-0.10315051617373733
5.474576271186441,47.615407475587375,-20.080634993232135,0.34785680847133943
5.52542372881356,47.615407475587375,-20.323669539529956,0.7978415387058003
5.576271186440678,47.615407475587375,-20.556842229312142,1.244166192083093
5.627118644067797,47.615407475587375,-20.77988806123875,1.6845751904541233
5.677966101694915,47.615407475587375,-20.992639931085968,2.116547781091201
5.728813559322034,47.615407475587375,-21.19502222927128,2.537983354723927
5.779661016949152,47.615407475587375,-21.387043336902057,2.947862766074099
5.830508474576272,47.615407475587375,-21.568787358692422,3.3444665839261094
5.88135593220339,47.615407475587375,-21.74040540872874,3.7265621875170054
5.932203389830509,47.615407475587375,-21.902106732553865,4.093415819993438
5.983050847457627,47.615407475587375,-22.054149909988908,4.444432885262211
6.033898305084746,47.615407475587375,-22.196834340802965,4.779146940039808
6.084745762711865,47.615407475587375,-22.330492172568363,5.0972073680316825
6.135593220338983,47.615407475587375,-22.455480789013613,5.398394727309871
6.186440677966102,47.615407475587375,-22.572175939521046,5.683983944932409
6.237288135593221,47.615407475587375,-22.680965557159546,5.952805244039103
6.288135593220339,47.615407475587375,-22.782244284352522,6.205649601677352
6.338983050847458,47.615407475587375,-22.87640870210843,6.443354017118208
6.389830508474576,47.615407475587375,-22.963853240532295,6.6657207762116055
6.4406779661016955,47.615407475587375,-23.044966734718255,6.873923057640216
6.491525423728813,47.615407475587375,-23.120129580587065,7.0683763707297755
6.5423728813559325,47.615407475587375,-23.189711439199492,7.2489555608470075
6.593220338983051,47.615407475587375,-23.254069434950686,7.418120699506376
6.6440677966101696,47.615407475587375,-23.313546792255032,7.574916873862974
6.694915254237289,47.615407475587375,-23.368471856335248,7.720067860207747
6.745762711864407,47.615407475587375,-23.419157446062464,7.855138192678309
6.796610169491526,47.615407475587375,-23.465900490053222,7.980465499290885
6.8474576271186445,47.615407475587375,-23.508981901079142,8.096196545447002
6.898305084745763,47.615407475587375,-23.548666648015658,8.202990850871972
6.9491525423728815,47.615407475587375,-23.585203988836263,8.301474538106582
7.0,47.615407475587375,-23.61882783238928,8.39298011677615
4.0,49.85184721935248,-12.194325867510909,-0.19845931356206345
4.0508474576271185,49.85184721935248,-12.366537881319575,-0.19845931356206328
4.101694915254237,49.85184721935248,-12.548888703141875,-0.19845931356206312
4.1525423728813555,49.85184721935248,-12.74152610810477,-0.19845931356206292
4.203389830508475,49.85184721935248,-12.944530365017576,-0.19845931356206273
4.254237288135593,49.85184721935248,-13.157905535991171,-0.1984593135620625
4.305084745762712,49.85184721935248,-13.381571239623621,-0.19845931356206228
4.3559322033898304,49.85184721935248,-13.615355195327188,-0.19845931356206206
4.406779661016949,49.85184721935248,-13.858986888091838,-0.19845931356206178
4.4576271186440675,49.85184721935248,-14.11209270070003,-0.19845931356206153
4.508474576271187,49.85184721935248,-14.374192850784278,-0.19845931356206123
4.559322033898305,49.85184721935248,-14.644700440533192,-0.19845931356206095
4.610169491525424,49.85184721935248,-14.922922875835264,-0.19845931356206062
4.661016949152542,49.85184721935248,-15.208065839281431,-0.1984593135620603
4.711864406779661,49.85184721935248,-15.499239909647667,-0.19845931356205995
4.762711864406779,49.85184721935248,-15.79546981313788,-0.19845931356205962
4.813559322033898,49.85184721935248,-16.095706174557527,-0.19845931356205926
4.864406779661017,49.85184721935248,-16.39883951702872,-0.19845931356205887
4.915254237288136,49.85184721935248,-16.70371614514025,-0.19845931356205848
4.966101694915254,49.85184721935248,-17.009155447052642,-0.1984593135620581
5.016949152542373,49.85184721935248,-17.313968073890923,-0.1984593135620577
5.067796610169491,49.85184721935248,-17.61697440608427,-0.1984593135620573
5.118644067796611,49.85184721935248,-17.91702270023748,-0.19845931356205687
5.169491525423728,49.85184721935248,-18.213006328010298,-0.19845931356205646
5.220338983050848,49.85184721935248,-18.50387956881783,-0.19845931356205607
5.271186440677966,49.85184721935248,-18.788671496725705,-0.19845931356205565
5.322033898305085,49.85184721935248,-19.066497602270346,-0.19845931356205526
5.372881355932203,49.85184721935248,-19.33656890418463,-0.19845931356205487
5.423728813559322,49.85184721935248,-19.598198425643105,-0.19845931356205448
5.474576271186441,49.85184721935248,-19.850805026398852,-0.1984593135620541
5.52542372881356,49.85184721935248,-20.093914688819204,-0.0701561769594753
5.576271186440678,49.85184721935248,-20.327159446661682,0.3528235581017288
5.627118644067797,49.85184721935248,-20.55027421668082,0.7707426293833849
5.677966101694915,49.85184721935248,-20.763091843004908,1.1815299403759325
5.728813559322034,49.85184721935248,-20.965536692682345,1.5835116995466016
5.779661016949152,49.85184721935248,-21.157617149410886,1.9742764215455293
5.830508474576272,49.85184721935248,-21.339417343899402,2.353279381325154
5.88135593220339,49.85184721935248,-21.51108843693998,2.718926290664214
5.932203389830509,49.85184721935248,-21.672839738748227,3.0702530759556343
5.983050847457627,49.85184721935248,-21.82492990906605,3.4066770556803467
6.033898305084746,49.85184721935248,-21.967658440199802,3.727738576982834
6.084745762711865,49.85184721935248,-22.101357582380615,4.0330894059626035
6.135593220338983,49.85184721935248,-22.226384829795702,4.322480298940325
6.186440677966102,49.85184721935248,-22.34311604796247,4.596879565195866
6.237288135593221,49.85184721935248,-22.451939289850582,4.855557488835582
6.288135593220339,49.85184721935248,-22.553249319857898,5.0985640570161985
6.338983050847458,49.85184721935248,-22.647442841566516,5.327663748656315
6.389830508474576,49.85184721935248,-22.734914406990296,5.541457381583227
6.4406779661016955,49.85184721935248,-22.816052971402943,5.742497410963171
6.491525423728813,49.85184721935248,-22.89123904829642,5.929520201994975
6.5423728813559325,49.85184721935248,-22.96084241298482,6.104233827538887
6.593220338983051,49.85184721935248,-23.02522030024184,6.267035281957598
6.6440677966101696,49.85184721935248,-23.084716040564267,6.417895846569407
6.694915254237289,49.85184721935248,-23.139658080658418,6.558356117173409
6.745762711864407,49.85184721935248,-23.190359336080185,6.688880934437082
6.796610169491526,49.85184721935248,-23.2371168272196,6.809506175210889
6.8474576271186445,49.85184721935248,-23.280211553671656,6.920897356514943
6.898305084745763,49.85184721935248,-23.319908566207275,7.024140989751097
6.9491525423728815,49.85184721935248,-23.35645719983959,7.1199242250582895
7.0,49.85184721935248,-23.390091435712506,7.208202215771324
4.0,52.19332991019423,-11.574783531270949,-0.1984593135620691
4.0508474576271185,52.19332991019423,-11.754951478853638,-0.1984593135620691
4.101694915254237,52.19332991019423,-11.94572663199854,-0.1984593135620691
4.1525423728813555,52.19332991019423,-12.147263592819291,-0.1984593135620691
4.203389830508475,52.19332991019423,-12.359646338422424,-0.1984593135620691
4.254237288135593,52.19332991019423,-12.582879118582174,-0.1984593135620691
4.305084745762712,52.19332991019423,-12.816877838397787,-0.1984593135620691
4.3559322033898304,52.19332991019423,-13.061462258179736,-0.1984593135620691
4.406779661016949,52.19332991019423,-13.316349365534926,-0.1984593135620691
4.4576271186440675,52.19332991019423,-13.581148282697184,-0.1984593135620691
4.508474576271187,52.19332991019423,-13.855357062081524,-0.1984593135620691
4.559322033898305,52.19332991019423,-14.138361692088058,-0.1984593135620691
4.610169491525424,52.19332991019423,-14.429437581808063,-0.1984593135620691
4.661016949152542,52.19332991019423,-14.727753717573247,-0.1984593135620691
4.711864406779661,52.19332991019423,-15.032379588248373,-0.1984593135620691
4.762711864406779,52.19332991019423,-15.342294863867568,-0.1984593135620691
4.813559322033898,52.19332991019423,-15.656401689694317,-0.1984593135620691
4.864406779661017,52.19332991019423,-15.973539332702162,-0.1984593135620691
4.915254237288136,52.19332991019423,-16.292500798502175,-0.1984593135620691
4.966101694915254,52.19332991019423,-16.612050932779017,-0.1984593135620691
5.016949152542373,52.19332991019423,-16.93094544054406,-0.1984593135620691
5.067796610169491,52.19332991019423,-17.247950205591916,-0.1984593135620691
5.118644067796611,52.19332991019423,-17.56186027572983,-0.1984593135620691
5.169491525423728,52.19332991019423,-17.871517898067115,-0.1984593135620691
5.220338983050848,52.19332991019423,-18.175829041314316,-0.1984593135620691
5.271186440677966,52.19332991019423,-18.473777924231896,-0.1984593135620691
5.322033898305085,52.19332991019423,-18.764439174360955,-0.1984593135620691
5.372881355932203,52.19332991019423,-19.046987360696793,-0.1984593135620691
5.423728813559322,52.19332991019423,-19.32070376912684,-0.1984593135620691
5.474576271186441,52.19332991019423,-19.584980411606427,-0.1984593135620691
5.52542372881356,52.19332991019423,-19.839321371607387,-0.1984593135620691
5.576271186440678,52.19332991019423,-20.083341683405088,-0.1984593135620691
5.627118644067797,52.19332991019423,-20.316764017310277,-0.11842964826431601
5.677966101694915,52.19332991019423,-20.53941349510357,0.2887979997460945
5.728813559322034,52.19332991019423,-20.75121098970574,0.6881367621888729
5.779661016949152,52.19332991019423,-20.952165272128656,1.078409929828493
5.830508474576272,52.19332991019423,-21.142364359792317,1.4569871860021157
5.88135593220339,52.19332991019423,-21.32196639688806,1.8235774932037927
5.932203389830509,52.19332991019423,-21.491190363445927,2.176377592099034
5.983050847457627,52.19332991019423,-21.650306868895473,2.5147804615159863
6.033898305084746,52.19332991019423,-21.799629241633244,2.8383043121689093
6.084745762711865,52.19332991019423,-21.93950508134699,3.146581258543298
6.135593220338983,52.19332991019423,-22.070308397913028,3.4393450925584257
6.186440677966102,52.19332991019423,-22.19243242126543,3.716418588141954
6.237288135593221,52.19332991019423,-22.30628313183234,3.9782054994377227
6.288135593220339,52.19332991019423,-22.41227353152791,4.225262192660057
6.338983050847458,52.19332991019423,-22.510818651037876,4.456871023139289
6.389830508474576,52.19332991019423,-22.602331270080565,4.674827494675942
6.4406779661016955,52.19332991019423,-22.687218313073245,4.878246275184139
6.491525423728813,52.19332991019423,-22.765877872653924,5.0690338967542665
6.5423728813559325,52.19332991019423,-22.838696807195227,5.246243780849094
6.593220338983051,52.19332991019423,-22.906048855175424,5.412154417610731
6.6440677966101696,52.19332991019423,-22.96829320843938,5.566163834221001
6.694915254237289,52.19332991019423,-23.02577348743296,5.7087568145787415
6.745762711864407,52.19332991019423,-23.078817063936018,5.841873982545161
6.796610169491526,52.19332991019423,-23.12773468022999,5.9650939804225525
6.8474576271186445,52.19332991019423,-23.172820317664847,6.078892539308867
6.898305084745763,52.19332991019423,-23.21435127195502,6.183914991429829
6.9491525423728815,52.19332991019423,-23.252588397012985,6.28156936909483
7.0,52.19332991019423,-23.287776483556517,6.371802337483216
4.0,54.64478929191745,-10.928467658725232,-0.1984593135620691
4.0508474576271185,54.64478929191745,-11.117137779086972,-0.1984593135620691
4.101694915254237,54.64478929191745,-11.316915661828066,-0.1984593135620691
4.1525423728813555,54.64478929191745,-11.52796320477651,-0.1984593135620691
4.203389830508475,54.64478929191745,-11.750368347940555,-0.1984593135620691
4.254237288135593,54.64478929191745,-11.984135541642397,-0.1984593135620691
4.305084745762712,54.64478929191745,-12.229176722520824,-0.1984593135620691
4.3559322033898304,54.64478929191745,-12.485303145328011,-0.1984593135620691
4.406779661016949,54.64478929191745,-12.752218442241679,-0.1984593135620691
4.4576271186440675,54.64478929191745,-13.02951328987118,-0.1984593135620691
4.508474576271187,54.64478929191745,-13.316662053593124,-0.1984593135620691
4.559322033898305,54.64478929191745,-13.613021746438916,-0.1984593135620691
4.610169491525424,54.64478929191745,-13.917833583864493,-0.1984593135620691
4.661016949152542,54.64478929191745,-14.23022733644823,-0.1984593135620691
4.711864406779661,54.64478929191745,-14.549228581989967,-0.1984593135620691
4.762711864406779,54.64478929191745,-14.873768840884683,-0.1984593135620691
4.813559322033898,54.64478929191745,-15.202698450342425,-0.1984593135620691
4.864406779661017,54.64478929191745,-15.534801902040277,-0.1984593135620691
4.915254237288136,54.64478929191745,-15.868815243207003,-0.1984593135620691
4.966101694915254,54.64478929191745,-16.203445032270633,-0.1984593135620691
5.016949152542373,54.64478929191745,-16.53738825563513,-0.1984593135620691
5.067796610169491,54.64478929191745,-16.86935255882715,-0.1984593135620691
5.118644067796611,54.64478929191745,-17.198076127643414,-0.1984593135620691
5.169491525423728,54.64478929191745,-17.522346574530154,-0.1984593135620691
5.220338983050848,54.64478929191745,-17.841018240573955,-0.1984593135620691
5.271186440677966,54.64478929191745,-18.153027409551733,-0.1984593135620691
5.322033898305085,54.64478929191745,-18.45740504043513,-0.1984593135620691
5.372881355932203,54.64478929191745,-18.753286749913496,-0.1984593135620691
5.423728813559322,54.64478929191745,-19.03991990756646,-0.1984593135620691
5.474576271186441,54.64478929191745,-19.316667834233808,-0.1984593135620691
5.52542372881356,54.64478929191745,-19.58301121095612,-0.1984593135620691
5.576271186440678,54.64478929191745,-19.83854690537508,-0.1984593135620691
5.627118644067797,54.64478929191745,-20.082984500540547,-0.1984593135620691
5.677966101694915,54.64478929191745,-20.31614086568402,-0.1984593135620691
5.728813559322034,54.64478929191745,-20.53793313969861,-0.17596887067455344
5.779661016949152,54.64478929191745,-20.74837050750255,0.21194340371784237
5.830508474576272,54.64478929191745,-20.947545140081,0.59003362351836
5.88135593220339,54.64478929191745,-21.135622644491246,0.9566265041650205
5.932203389830509,54.64478929191745,-21.312832334488466,1.310555891187395
5.983050847457627,54.64478929191745,-21.47945758963229,1.6506031288493768
6.033898305084746,54.64478929191745,-21.63582652436862,1.9762622674912835
6.084745762711865,54.64478929191745,-21.78230314170579,2.2871437623146433
6.135593220338983,54.64478929191745,-21.919279101144426,2.582962463362175
6.186440677966102,54.64478929191745,-22.047166189242507,2.863525063343576
6.237288135593221,54.64478929191745,-22.166389544751233,3.128717380685075
6.288135593220339,54.64478929191745,-22.277381659253585,3.3784917893167625
6.338983050847458,54.64478929191745,-22.380577148842402,3.614259270245891
6.389830508474576,54.64478929191745,-22.476408272419352,3.8352065424346606
6.4406779661016955,54.64478929191745,-22.565301157271865,4.042309006534832
6.491525423728813,54.64478929191745,-22.647672682134115,4.236014004513984
6.5423728813559325,54.64478929191745,-22.723927961326968,4.416951672182618
6.593220338983051,54.64478929191745,-22.794458370145666,4.585173707180242
6.6440677966101696,54.64478929191745,-22.859640050792606,4.742515574766222
6.694915254237289,54.64478929191745,-22.919832839252763,4.888213788199834
6.745762711864407,54.64478929191745,-22.975379556066287,5.02334053650546
6.796610169491526,54.64478929191745,-23.02660560752451,5.149309284910772
6.8474576271186445,54.64478929191745,-23.073818848034538,5.265658670143356
6.898305084745763,54.64478929191745,-23.117309658968427,5.373045602826582
6.9491525423728815,54.64478929191745,-23.157351204003298,5.472316986573597
7.0,54.64478929191745,-23.19419982559522,5.564622912941818
4.0,57.211390840476525,-10.28215178617952,-0.1984593135620691
4.0508474576271185,57.211390840476525,-10.479324079320312,-0.1984593135620691
4.101694915254237,57.211390840476525,-10.688104691657598,-0.1984593135620691
4.1525423728813555,57.211390840476525,-10.908662816733736,-0.1984593135620691
4.203389830508475,57.211390840476525,-11.14109035745869,-0.1984593135620691
4.254237288135593,57.211390840476525,-11.385391964702626,-0.1984593135620691
4.305084745762712,57.211390840476525,-11.64147560664387,-0.1984593135620691
4.3559322033898304,57.211390840476525,-11.909144032476291,-0.1984593135620691
4.406779661016949,57.211390840476525,-12.188087518948437,-0.1984593135620691
4.4576271186440675,57.211390840476525,-12.47787829704518,-0.1984593135620691
4.508474576271187,57.211390840476525,-12.777967045104731,-0.1984593135620691
4.559322033898305,57.211390840476525,-13.087681800789781,-0.1984593135620691
4.610169491525424,57.211390840476525,-13.406229585920928,-0.1984593135620691
4.661016949152542,57.211390840476525,-13.732700955323219,-0.1984593135620691
4.711864406779661,57.211390840476525,-14.066077575731565,-0.1984593135620691
4.762711864406779,57.211390840476525,-14.405242817901803,-0.1984593135620691
4.813559322033898,57.211390840476525,-14.748995210990538,-0.1984593135620691
4.864406779661017,57.211390840476525,-15.096064471378396,-0.1984593135620691
4.915254237288136,57.211390840476525,-15.445129687911836,-0.1984593135620691
4.966101694915254,57.211390840476525,-15.794839131762252,-0.1984593135620691
5.016949152542373,57.211390840476525,-16.1438310707262,-0.1984593135620691
5.067796610169491,57.211390840476525,-16.490754912062386,-0.1984593135620691
5.118644067796611,57.211390840476525,-16.834291979556998,-0.1984593135620691
5.169491525423728,57.211390840476525,-17.173175250993197,-0.1984593135620691
5.220338983050848,57.211390840476525,-17.506207439833602,-0.1984593135620691
5.271186440677966,57.211390840476525,-17.832276894871573,-0.1984593135620691
5.322033898305085,57.211390840476525,-18.15037090650931,-0.1984593135620691
5.372881355932203,57.211390840476525,-18.4595861391302,-0.1984593135620691
5.423728813559322,57.211390840476525,-18.759136046006084,-0.1984593135620691
5.474576271186441,57.211390840476525,-19.04835525686119,-0.1984593135620691
5.52542372881356,57.211390840476525,-19.32670105030485,-0.1984593135620691
5.576271186440678,57.211390840476525,-19.593752127345073,-0.1984593135620691
5.627118644067797,57.211390840476525,-19.84920498377082,-0.1984593135620691
5.677966101694915,57.211390840476525,-20.09286823626447,-0.1984593135620691
5.728813559322034,57.211390840476525,-20.32465528969148,-0.1984593135620691
5.779661016949152,57.211390840476525,-20.544575742876443,-0.1984593135620691
5.830508474576272,57.211390840476525,-20.752725920369684,-0.1984593135620691
5.88135593220339,57.211390840476525,-20.94927889209443,0.11296773873151775
5.932203389830509,57.211390840476525,-21.134474305531004,0.4663971130087533
5.983050847457627,57.211390840476525,-21.308608310369113,0.8066029829671768
6.033898305084746,57.211390840476525,-21.472023807103998,1.132947026569196
6.084745762711865,57.211390840476525,-21.625101202064585,1.4452081474679552
6.135593220338983,57.211390840476525,-21.768249804375824,1.7426770060899113
6.186440677966102,57.211390840476525,-21.901899957219584,2.0252155754988355
6.237288135593221,57.211390840476525,-22.026495957670125,2.293003428684338
6.288135593220339,57.211390840476525,-22.142489786979265,2.5458150127641024
6.338983050847458,57.211390840476525,-22.250335646646928,2.783648027969691
6.389830508474576,57.211390840476525,-22.35048527475814,3.0073529684264404
6.4406779661016955,57.211390840476525,-22.44338400147048,3.2173193299929017
6.491525423728813,57.211390840476525,-22.529467491614305,3.4134106113047578
6.5423728813559325,57.211390840476525,-22.60915911545871,3.597166813535348
6.593220338983051,57.211390840476525,-22.682867885115915,3.7681784913314402
6.6440677966101696,57.211390840476525,-22.750986893145836,3.927503084952822
6.694915254237289,57.211390840476525,-22.813892191072565,4.075991077288838
6.745762711864407,57.211390840476525,-22.871942048196555,4.213381545792481
6.796610169491526,57.211390840476525,-22.925476534819026,4.34112275972001
6.8474576271186445,57.211390840476525,-22.974817378404232,4.459775314946594
6.898305084745763,57.211390840476525,-23.020268045981833,4.569298673937786
6.9491525423728815,57.211390840476525,-23.062114010993614,4.670327095165289
7.0,57.211390840476525,-23.100623167633923,4.763999144235347
4.0,59.8985426481623,-9.635835913633816,-0.1984593135620691
4.0508474576271185,59.8985426481623,-9.841510379553657,-0.1984593135620691
4.101694915254237,59.8985426481623,-10.059293721487137,-0.1984593135620691
4.1525423728813555,59.8985426481623,-10.289362428690966,-0.1984593135620691
4.203389830508475,59.8985426481623,-10.531812366976832,-0.1984593135620691
4.254237288135593,59.8985426481623,-10.78664838776286,-0.1984593135620691
4.305084745762712,59.8985426481623,-11.053774490766918,-0.1984593135620691
4.3559322033898304,59.8985426481623,-11.332984919624579,-0.1984593135620691
4.406779661016949,59.8985426481623,-11.623956595655201,-0.1984593135620691
4.4576271186440675,59.8985426481623,-11.926243304219188,-0.1984593135620691
4.508474576271187,59.8985426481623,-12.239272036616342,-0.1984593135620691
4.559322033898305,59.8985426481623,-12.562341855140652,-0.1984593135620691
4.610169491525424,59.8985426481623,-12.894625587977366,-0.1984593135620691
4.661016949152542,59.8985426481623,-13.235174574198211,-0.1984593135620691
4.711864406779661,59.8985426481623,-13.582926569473168,-0.1984593135620691
4.762711864406779,59.8985426481623,-13.936716794918926,-0.1984593135620691
4.813559322033898,59.8985426481623,-14.295291971638655,-0.1984593135620691
4.864406779661017,59.8985426481623,-14.65732704071652,-0.1984593135620691
4.915254237288136,59.8985426481623,-15.021444132616674,-0.1984593135620691
4.966101694915254,59.8985426481623,-15.386233231253874,-0.1984593135620691
5.016949152542373,59.8985426481623,-15.750273885817274,-0.1984593135620691
5.067796610169491,59.8985426481623,-16.11215726529763,-0.1984593135620691
5.118644067796611,59.8985426481623,-16.470507831470588,-0.1984593135620691
5.169491525423728,59.8985426481623,-16.824003927456243,-0.1984593135620691
5.220338983050848,59.8985426481623,-17.17139663909325,-0.1984593135620691
5.271186440677966,59.8985426481623,-17.511526380191412,-0.1984593135620691
5.322033898305085,59.8985426481623,-17.84333677258349,-0.1984593135620691
5.372881355932203,59.8985426481623,-18.165885528346905,-0.1984593135620691
5.423728813559322,59.8985426481623,-18.47835218444571,-0.1984593135620691
5.474576271186441,59.8985426481623,-18.780042679488574,-0.1984593135620691
5.52542372881356,59.8985426481623,-19.070390889653588,-0.1984593135620691
5.576271186440678,59.8985426481623,-19.34895734931507,-0.1984593135620691
5.627118644067797,59.8985426481623,-19.615425467001096,-0.1984593135620691
5.677966101694915,59.8985426481623,-19.86959560684492,-0.1984593135620691
5.728813559322034,59.8985426481623,-20.111377439684357,-0.1984593135620691
5.779661016949152,59.8985426481623,-20.340780978250336,-0.1984593135620691
5.830508474576272,59.8985426481623,-20.55790670065837,-0.1984593135620691
5.88135593220339,59.8985426481623,-20.762935139697618,-0.1984593135620691
5.932203389830509,59.8985426481623,-20.956116276573542,-0.1984593135620691
5.983050847457627,59.8985426481623,-21.137759031105933,-0.016375172214688274
6.033898305084746,59.8985426481623,-21.30822108983938,0.3092548909644348
6.084745762711865,59.8985426481623,-21.467899262423384,0.621563438673967
6.135593220338983,59.8985426481623,-21.617220507607225,0.9196939815476354
6.186440677966102,59.8985426481623,-21.75663372519666,1.203211336721484
6.237288135593221,59.8985426481623,-21.88660237058902,1.4719628636147646
6.288135593220339,59.8985426481623,-22.007597914704945,1.7262271208860054
6.338983050847458,59.8985426481623,-22.120094144451453,1.9663082622848336
6.389830508474576,59.8985426481623,-22.22456227709693,2.191905072640489
6.4406779661016955,59.8985426481623,-22.3214668456691,2.4034257590457533
6.491525423728813,59.8985426481623,-22.411262301094496,2.602208784903846
6.5423728813559325,59.8985426481623,-22.49439026959045,2.7872554652070662
6.593220338983051,59.8985426481623,-22.57127740008616,2.9609249997502016
6.6440677966101696,59.8985426481623,-22.642333735499065,3.1220380194989237
6.694915254237289,59.8985426481623,-22.70795154289237,3.2723696188320943
6.745762711864407,59.8985426481623,-22.768504540326823,3.4120702436752293
6.796610169491526,59.8985426481623,-22.824347462113547,3.541234093838843
6.8474576271186445,59.8985426481623,-22.875815908773927,3.6615278373347793
6.898305084745763,59.8985426481623,-22.92322643299524,3.7729615415530358
6.9491525423728815,59.8985426481623,-22.96687681798393,3.875761402278461
7.0,59.8985426481623,-23.007046509672627,3.9705367701041983
4.0,62.71190681900639,-8.989520041088104,-0.1984593135620691
4.0508474576271185,62.71190681900639,-9.203696679786999,-0.1984593135620691
4.101694915254237,62.71190681900639,-9.430482751316669,-0.1984593135620691
4.1525423728813555,62.71190681900639,-9.67006204064819,-0.1984593135620691
4.203389830508475,62.71190681900639,-9.922534376494967,-0.1984593135620691
4.254237288135593,62.71190681900639,-10.187904810823088,-0.1984593135620691
4.305084745762712,62.71190681900639,-10.466073374889962,-0.1984593135620691
4.3559322033898304,62.71190681900639,-10.75682580677286,-0.1984593135620691
4.406779661016949,62.71190681900639,-11.05982567236196,-0.1984593135620691
4.4576271186440675,62.71190681900639,-11.374608311393189,-0.1984593135620691
4.508474576271187,62.71190681900639,-11.700577028127949,-0.1984593135620691
4.559322033898305,62.71190681900639,-12.037001909491515,-0.1984593135620691
4.610169491525424,62.71190681900639,-12.383021590033799,-0.1984593135620691
4.661016949152542,62.71190681900639,-12.7376481930732,-0.1984593135620691
4.711864406779661,62.71190681900639,-13.099775563214767,-0.1984593135620691
4.762711864406779,62.71190681900639,-13.468190771936044,-0.1984593135620691
4.813559322033898,62.71190681900639,-13.841588732286766,-0.1984593135620691
4.864406779661017,62.71190681900639,-14.21858961005464,-0.1984593135620691
4.915254237288136,62.71190681900639,-14.597758577321507,-0.1984593135620691
4.966101694915254,62.71190681900639,-14.977627330745493,-0.1984593135620691
5.016949152542373,62.71190681900639,-15.356716700908345,-0.1984593135620691
5.067796610169491,62.71190681900639,-15.733559618532865,-0.1984593135620691
5.118644067796611,62.71190681900639,-16.10672368338417,-0.1984593135620691
5.169491525423728,62.71190681900639,-16.474832603919285,-0.1984593135620691
5.220338983050848,62.71190681900639,-16.836585838352896,-0.1984593135620691
5.271186440677966,62.71190681900639,-17.190775865511252,-0.1984593135620691
5.322033898305085,62.71190681900639,-17.536302638657673,-0.1984593135620691
5.372881355932203,62.71190681900639,-17.872184917563608,-0.1984593135620691
5.423728813559322,62.71190681900639,-18.19756832288533,-0.1984593135620691
5.474576271186441,62.71190681900639,-18.51173010211596,-0.1984593135620691
5.52542372881356,62.71190681900639,-18.81408072900232,-0.1984593135620691
5.576271186440678,62.71190681900639,-19.104162571285066,-0.1984593135620691
5.627118644067797,62.71190681900639,-19.381645950231366,-0.1984593135620691
5.677966101694915,62.71190681900639,-19.64632297742537,-0.1984593135620691
5.728813559322034,62.71190681900639,-19.89809958967723,-0.1984593135620691
5.779661016949152,62.71190681900639,-20.13698621362423,-0.1984593135620691
5.830508474576272,62.71190681900639,-20.363087480947055,-0.1984593135620691
5.88135593220339,62.71190681900639,-20.5765913873008,-0.1984593135620691
5.932203389830509,62.71190681900639,-20.77775824761608,-0.1984593135620691
5.983050847457627,62.71190681900639,-20.966909751842753,-0.1984593135620691
6.033898305084746,62.71190681900639,-21.14441837257476,-0.1984593135620691
6.084745762711865,62.71190681900639,-21.310697322782183,-0.18330752015281657
6.135593220338983,62.71190681900639,-21.466191210838623,0.11417555439486371
6.186440677966102,62.71190681900639,-21.611367493173738,0.3975808650776816
6.237288135593221,62.71190681900639,-21.746708783507916,0.6667398108136703
6.288135593220339,62.71190681900639,-21.872706042430625,0.9215579581267173
6.338983050847458,62.71190681900639,-21.989852642255983,1.162002901574511
6.389830508474576,62.71190681900639,-22.09863927943572,1.3890903563721722
6.4406779661016955,62.71190681900639,-22.19954968986772,1.602277266594767
6.491525423728813,62.71190681900639,-22.29305711057469,1.8016199784255151
6.5423728813559325,62.71190681900639,-22.37962142372219,1.9891175354164359
6.593220338983051,62.71190681900639,-22.459686915056405,2.1633643984390307
6.6440677966101696,62.71190681900639,-22.533680577852294,2.326719612025678
6.694915254237289,62.71190681900639,-22.602010894712176,2.4780490815706306
6.745762711864407,62.71190681900639,-22.66506703245709,2.6193584976804627
6.796610169491526,62.71190681900639,-22.723218389408064,2.7504102788999414
6.8474576271186445,62.71190681900639,-22.776814439143617,2.871493450734576
6.898305084745763,62.71190681900639,-22.826184820008642,2.9843251458274147
6.9491525423728815,62.71190681900639,-22.871639624974243,3.0886903087562065
7.0,62.71190681900639,-22.91346985171133,3.184916812691352
4.0,65.65741139941404,-8.343204168542393,-0.1984593135620691
4.0508474576271185,65.65741139941404,-8.565882980020339,-0.1984593135620691
4.101694915254237,65.65741139941404,-8.8016717811462,-0.1984593135620691
4.1525423728813555,65.65741139941404,-9.050761652605416,-0.1984593135620691
4.203389830508475,65.65741139941404,-9.313256386013103,-0.1984593135620691
4.254237288135593,65.65741139941404,-9.589161233883317,-0.1984593135620691
4.305084745762712,65.65741139941404,-9.878372259013005,-0.1984593135620691
4.3559322033898304,65.65741139941404,-10.18066669392114,-0.1984593135620691
4.406779661016949,65.65741139941404,-10.495694749068718,-0.1984593135620691
4.4576271186440675,65.65741139941404,-10.82297331856719,-0.1984593135620691
4.508474576271187,65.65741139941404,-11.161882019639554,-0.1984593135620691
4.559322033898305,65.65741139941404,-11.51166196384238,-0.1984593135620691
4.610169491525424,65.65741139941404,-11.871417592090234,-0.1984593135620691
4.661016949152542,65.65741139941404,-12.240121811948189,-0.1984593135620691
4.711864406779661,65.65741139941404,-12.616624556956364,-0.1984593135620691
4.762711864406779,65.65741139941404,-12.999664748953162,-0.1984593135620691
4.813559322033898,65.65741139941404,-13.387885492934878,-0.1984593135620691
4.864406779661017,65.65741139941404,-13.779852179392758,-0.1984593135620691
4.915254237288136,65.65741139941404,-14.174073022026338,-0.1984593135620691
4.966101694915254,65.65741139941404,-14.569021430237111,-0.1984593135620691
5.016949152542373,65.65741139941404,-14.963159515999415,-0.1984593135620691
5.067796610169491,65.65741139941404,-15.354961971768102,-0.1984593135620691
5.118644067796611,65.65741139941404,-15.742939535297754,-0.1984593135620691
5.169491525423728,65.65741139941404,-16.125661280382328,-0.1984593135620691
5.220338983050848,65.65741139941404,-16.50177503761254,-0.1984593135620691
5.271186440677966,65.65741139941404,-16.870025350831092,-0.1984593135620691
5.322033898305085,65.65741139941404,-17.229268504731852,-0.1984593135620691
5.372881355932203,65.65741139941404,-17.578484306780314,-0.1984593135620691
5.423728813559322,65.65741139941404,-17.916784461324955,-0.1984593135620691
5.474576271186441,65.65741139941404,-18.24341752474334,-0.1984593135620691
5.52542372881356,65.65741139941404,-18.557770568351053,-0.1984593135620691
5.576271186440678,65.65741139941404,-18.85936779325506,-0.1984593135620691
5.627118644067797,65.65741139941404,-19.147866433461637,-0.1984593135620691
5.677966101694915,65.65741139941404,-19.42305034800582,-0.1984593135620691
5.728813559322034,65.65741139941404,-19.6848217396701,-0.1984593135620691
5.779661016949152,65.65741139941404,-19.933191448998123,-0.1984593135620691
5.830508474576272,65.65741139941404,-20.168268261235742,-0.1984593135620691
5.88135593220339,65.65741139941404,-20.39024763490399,-0.1984593135620691
5.932203389830509,65.65741139941404,-20.59940021865862,-0.1984593135620691
5.983050847457627,65.65741139941404,-20.796060472579576,-0.1984593135620691
6.033898305084746,65.65741139941404,-20.980615655310135,-0.1984593135620691
6.084745762711865,65.65741139941404,-21.15349538314098,-0.1984593135620691
6.135593220338983,65.65741139941404,-21.31516191407002,-0.1984593135620691
6.186440677966102,65.65741139941404,-21.466101261150815,-0.1984593135620691
6.237288135593221,65.65741139941404,-21.60681519642681,-0.12251535262380538
6.288135593220339,65.65741139941404,-21.7378141701563,0.13202668450594005
6.338983050847458,65.65741139941404,-21.859611140060508,0.37271118999146313
6.389830508474576,65.65741139941404,-21.972716281774506,0.5995456053589193
6.4406779661016955,65.65741139941404,-22.07763253406634,0.813321652634987
6.491525423728813,65.65741139941404,-22.17485192005488,1.014029088631249
6.5423728813559325,65.65741139941404,-22.264852577853933,1.2014726881734394
6.593220338983051,65.65741139941404,-22.34809643002665,1.3775048890954986
6.6440677966101696,65.65741139941404,-22.425027420205524,1.541044394026277
6.694915254237289,65.65741139941404,-22.49607024653198,1.6941682753046903
6.745762711864407,65.65741139941404,-22.56162952458736,1.8359027561794752
6.796610169491526,65.65741139941404,-22.62208931670258,1.9682149159197992
6.8474576271186445,65.65741139941404,-22.67781296951331,2.0908158900708265
6.898305084745763,65.65741139941404,-22.729143207022048,2.2040175361719543
6.9491525423728815,65.65741139941404,-22.77640243196456,2.3094101492584116
7.0,65.65741139941404,-22.819893193750033,2.4069000755042844
4.0,68.74126286916507,-7.696888295996688,-0.1984593135620691
4.0508474576271185,68.74126286916507,-7.928069280253685,-0.1984593135620691
4.101694915254237,68.74126286916507,-8.172860810975742,-0.1984593135620691
4.1525423728813555,68.74126286916507,-8.431461264562646,-0.1984593135620691
4.203389830508475,68.74126286916507,-8.703978395531244,-0.1984593135620691
4.254237288135593,68.74126286916507,-8.990417656943553,-0.1984593135620691
4.305084745762712,68.74126286916507,-9.290671143136056,-0.1984593135620691
4.3559322033898304,68.74126286916507,-9.604507581069427,-0.1984593135620691
4.406779661016949,68.74126286916507,-9.931563825775484,-0.1984593135620691
4.4576271186440675,68.74126286916507,-10.271338325741198,-0.1984593135620691
4.508474576271187,68.74126286916507,-10.623187011151167,-0.1984593135620691
4.559322033898305,68.74126286916507,-10.98632201819325,-0.1984593135620691
4.610169491525424,68.74126286916507,-11.359813594146672,-0.1984593135620691
4.661016949152542,68.74126286916507,-11.742595430823183,-0.1984593135620691
4.711864406779661,68.74126286916507,-12.133473550697968,-0.1984593135620691
4.762711864406779,68.74126286916507,-12.531138725970287,-0.1984593135620691
4.813559322033898,68.74126286916507,-12.934182253582996,-0.1984593135620691
4.864406779661017,68.74126286916507,-13.341114748730881,-0.1984593135620691
4.915254237288136,68.74126286916507,-13.750387466731176,-0.1984593135620691
4.966101694915254,68.74126286916507,-14.160415529728734,-0.1984593135620691
5.016949152542373,68.74126286916507,-14.569602331090492,-0.1984593135620691
5.067796610169491,68.74126286916507,-14.976364325003344,-0.1984593135620691
5.118644067796611,68.74126286916507,-15.379155387211343,-0.1984593135620691
5.169491525423728,68.74126286916507,-15.776489956845374,-0.1984593135620691
5.220338983050848,68.74126286916507,-16.16696423687219,-0.1984593135620691
5.271186440677966,68.74126286916507,-16.549274836150932,-0.1984593135620691
5.322033898305085,68.74126286916507,-16.922234370806034,-0.1984593135620691
5.372881355932203,68.74126286916507,-17.28478369599702,-0.1984593135620691
5.423728813559322,68.74126286916507,-17.636000599764582,-0.1984593135620691
5.474576271186441,68.74126286916507,-17.975104947370724,-0.1984593135620691
5.52542372881356,68.74126286916507,-18.30146040769979,-0.1984593135620691
5.576271186440678,68.74126286916507,-18.614573015225055,-0.1984593135620691
5.627118644067797,68.74126286916507,-18.914086916691915,-0.1984593135620691
5.677966101694915,68.74126286916507,-19.199777718586272,-0.1984593135620691
5.728813559322034,68.74126286916507,-19.471543889662975,-0.1984593135620691
5.779661016949152,68.74126286916507,-19.729396684372016,-0.1984593135620691
5.830508474576272,68.74126286916507,-19.97344904152443,-0.1984593135620691
5.88135593220339,68.74126286916507,-20.203903882507174,-0.1984593135620691
5.932203389830509,68.74126286916507,-20.42104218970116,-0.1984593135620691
5.983050847457627,68.74126286916507,-20.625211193316396,-0.1984593135620691
6.033898305084746,68.74126286916507,-20.816812938045516,-0.1984593135620691
6.084745762711865,68.74126286916507,-20.99629344349978,-0.1984593135620691
6.135593220338983,68.74126286916507,-21.164132617301423,-0.1984593135620691
6.186440677966102,68.74126286916507,-21.320835029127895,-0.1984593135620691
6.237288135593221,68.74126286916507,-21.466921609345704,-0.1984593135620691
6.288135593220339,68.74126286916507,-21.60292229788198,-0.1984593135620691
6.338983050847458,68.74126286916507,-21.729369637865037,-0.1984593135620691
6.389830508474576,68.74126286916507,-21.846793284113296,-0.17540142334181566
6.4406779661016955,68.74126286916507,-21.95571537826496,0.037780762665666365
6.491525423728813,68.74126286916507,-22.05664672953507,0.23840143214210746
6.5423728813559325,68.74126286916507,-22.150083731985678,0.4266479088521815
6.593220338983051,68.74126286916507,-22.2365059449969,0.602237222583113
6.6440677966101696,68.74126286916507,-22.316374262558753,0.7670218614067755
6.694915254237289,68.74126286916507,-22.390129598351784,0.9199154833393927
6.745762711864407,68.74126286916507,-22.45819201671763,1.0630527138353265
6.796610169491526,68.74126286916507,-22.520960243997102,1.195441185371556
6.8474576271186445,68.74126286916507,-22.578811499883006,1.3188241228617197
6.898305084745763,68.74126286916507,-22.632101594035454,1.4332205861746754
6.9491525423728815,68.74126286916507,-22.681165238954875,1.538782684485334
7.0,68.74126286916507,-22.72631653578874,1.636788051536086
4.0,71.96995921910235,-7.050572423450977,-0.1984593135620691
4.0508474576271185,71.96995921910235,-7.290255580487025,-0.1984593135620691
4.101694915254237,71.96995921910235,-7.544049840805273,-0.1984593135620691
4.1525423728813555,71.96995921910235,-7.812160876519871,-0.1984593135620691
4.203389830508475,71.96995921910235,-8.09470040504938,-0.1984593135620691
4.254237288135593,71.96995921910235,-8.391674080003781,-0.1984593135620691
4.305084745762712,71.96995921910235,-8.702970027259099,-0.1984593135620691
4.3559322033898304,71.96995921910235,-9.028348468217708,-0.1984593135620691
4.406779661016949,71.96995921910235,-9.367432902482243,-0.1984593135620691
4.4576271186440675,71.96995921910235,-9.719703332915199,-0.1984593135620691
4.508474576271187,71.96995921910235,-10.084492002662772,-0.1984593135620691
4.559322033898305,71.96995921910235,-10.460982072544116,-0.1984593135620691
4.610169491525424,71.96995921910235,-10.848209596203107,-0.1984593135620691
4.661016949152542,71.96995921910235,-11.24506904969817,-0.1984593135620691
4.711864406779661,71.96995921910235,-11.650322544439565,-0.1984593135620691
4.762711864406779,71.96995921910235,-12.062612702987405,-0.1984593135620691
4.813559322033898,71.96995921910235,-12.480479014231108,-0.1984593135620691
4.864406779661017,71.96995921910235,-12.902377318069,-0.1984593135620691
4.915254237288136,71.96995921910235,-13.326701911436007,-0.1984593135620691
4.966101694915254,71.96995921910235,-13.751809629220354,-0.1984593135620691
5.016949152542373,71.96995921910235,-14.176045146181561,-0.1984593135620691
5.067796610169491,71.96995921910235,-14.597766678238582,-0.1984593135620691
5.118644067796611,71.96995921910235,-15.015371239124928,-0.1984593135620691
5.169491525423728,71.96995921910235,-15.427318633308417,-0.1984593135620691
5.220338983050848,71.96995921910235,-15.832153436131835,-0.1984593135620691
5.271186440677966,71.96995921910235,-16.228524321470772,-0.1984593135620691
5.322033898305085,71.96995921910235,-16.615200236880213,-0.1984593135620691
5.372881355932203,71.96995921910235,-16.991083085213724,-0.1984593135620691
5.423728813559322,71.96995921910235,-17.355216738204206,-0.1984593135620691
5.474576271186441,71.96995921910235,-17.706792369998105,-0.1984593135620691
5.52542372881356,71.96995921910235,-18.04515024704852,-0.1984593135620691
5.576271186440678,71.96995921910235,-18.36977823719505,-0.1984593135620691
5.627118644067797,71.96995921910235,-18.680307399922185,-0.1984593135620691
5.677966101694915,71.96995921910235,-18.97650508916672,-0.1984593135620691
5.728813559322034,71.96995921910235,-19.258266039655847,-0.1984593135620691
5.779661016949152,71.96995921910235,-19.52560191974591,-0.1984593135620691
5.830508474576272,71.96995921910235,-19.778629821813112,-0.1984593135620691
5.88135593220339,71.96995921910235,-20.01756013011036,-0.1984593135620691
5.932203389830509,71.96995921910235,-20.2426841607437,-0.1984593135620691
5.983050847457627,71.96995921910235,-20.454361914053216,-0.1984593135620691
6.033898305084746,71.96995921910235,-20.653010220780896,-0.1984593135620691
6.084745762711865,71.96995921910235,-20.839091503858576,-0.1984593135620691
6.135593220338983,71.96995921910235,-21.01310332053282,-0.1984593135620691
6.186440677966102,71.96995921910235,-21.175568797104972,-0.1984593135620691
6.237288135593221,71.96995921910235,-21.3270280222646,-0.1984593135620691
6.288135593220339,71.96995921910235,-21.46803042560766,-0.1984593135620691
6.338983050847458,71.96995921910235,-21.599128135669563,-0.1984593135620691
6.389830508474576,71.96995921910235,-21.720870286452083,-0.1984593135620691
6.4406779661016955,71.96995921910235,-21.833798222463578,-0.1984593135620691
6.491525423728813,71.96995921910235,-21.938441539015262,-0.1984593135620691
6.5423728813559325,71.96995921910235,-22.03531488611742,-0.1984593135620691
6.593220338983051,71.96995921910235,-22.124915459967145,-0.1601817762568671
6.6440677966101696,71.96995921910235,-22.207721104911982,0.0036832771694429957
6.694915254237289,71.96995921910235,-22.28418895017159,0.1574878609754418
6.745762711864407,71.96995921910235,-22.354754508847897,0.2999154870328712
6.796610169491526,71.96995921910235,-22.41983117129162,0.43329798140415676
6.8474576271186445,71.96995921910235,-22.479810030252697,0.5566380807898107
6.898305084745763,71.96995921910235,-22.53505998104886,0.6711931404896666
6.9491525423728815,71.96995921910235,-22.58592804594519,0.7776696029829655
7.0,71.96995921910235,-22.632739877827444,0.8758677284577886
4.0,75.35030364306381,-6.404256550905259,-0.1984593135620691
4.0508474576271185,75.35030364306381,-6.652441880720359,-0.1984593135620691
4.101694915254237,75.35030364306381,-6.915238870634799,-0.1984593135620691
4.1525423728813555,75.35030364306381,-7.19286048847709,-0.1984593135620691
4.203389830508475,75.35030364306381,-7.485422414567512,-0.1984593135620691
4.254237288135593,75.35030364306381,-7.792930503064003,-0.1984593135620691
4.305084745762712,75.35030364306381,-8.115268911382138,-0.1984593135620691
4.3559322033898304,75.35030364306381,-8.452189355365983,-0.1984593135620691
4.406779661016949,75.35030364306381,-8.803301979188994,-0.1984593135620691
4.4576271186440675,75.35030364306381,-9.168068340089194,-0.1984593135620691
4.508474576271187,75.35030364306381,-9.545796994174374,-0.1984593135620691
4.559322033898305,75.35030364306381,-9.935642126894976,-0.1984593135620691
4.610169491525424,75.35030364306381,-10.336605598259535,-0.1984593135620691
4.661016949152542,75.35030364306381,-10.747542668573153,-0.1984593135620691
4.711864406779661,75.35030364306381,-11.167171538181158,-0.1984593135620691
4.762711864406779,75.35030364306381,-11.59408668000452,-0.1984593135620691
4.813559322033898,75.35030364306381,-12.026775774879216,-0.1984593135620691
4.864406779661017,75.35030364306381,-12.463639887407115,-0.1984593135620691
4.915254237288136,75.35030364306381,-12.903016356140837,-0.1984593135620691
4.966101694915254,75.35030364306381,-13.343203728711968,-0.1984593135620691
5.016949152542373,75.35030364306381,-13.78248796127263,-0.1984593135620691
5.067796610169491,75.35030364306381,-14.219169031473815,-0.1984593135620691
5.118644067796611,75.35030364306381,-14.651587091038508,-0.1984593135620691
5.169491525423728,75.35030364306381,-15.078147309771456,-0.1984593135620691
5.220338983050848,75.35030364306381,-15.497342635391476,-0.1984593135620691
5.271186440677966,75.35030364306381,-15.907773806790608,-0.1984593135620691
5.322033898305085,75.35030364306381,-16.30816610295439,-0.1984593135620691
5.372881355932203,75.35030364306381,-16.697382474430427,-0.1984593135620691
5.423728813559322,75.35030364306381,-17.074432876643826,-0.1984593135620691
5.474576271186441,75.35030364306381,-17.438479792625486,-0.1984593135620691
5.52542372881356,75.35030364306381,-17.78884008639725,-0.1984593135620691
5.576271186440678,75.35030364306381,-18.12498345916504,-0.1984593135620691
5.627118644067797,75.35030364306381,-18.446527883152456,-0.1984593135620691
5.677966101694915,75.35030364306381,-18.75323245974717,-0.1984593135620691
5.728813559322034,75.35030364306381,-19.044988189648716,-0.1984593135620691
5.779661016949152,75.35030364306381,-19.3218071551198,-0.1984593135620691
5.830508474576272,75.35030364306381,-19.583810602101796,-0.1984593135620691
5.88135593220339,75.35030364306381,-19.83121637771354,-0.1984593135620691
5.932203389830509,75.35030364306381,-20.064326131786235,-0.1984593135620691
5.983050847457627,75.35030364306381,-20.283512634790036,-0.1984593135620691
6.033898305084746,75.35030364306381,-20.489207503516273,-0.1984593135620691
6.084745762711865,75.35030364306381,-20.681889564217375,-0.1984593135620691
6.135593220338983,75.35030364306381,-20.862074023764215,-0.1984593135620691
6.186440677966102,75.35030364306381,-21.030302565082046,-0.1984593135620691
6.237288135593221,75.35030364306381,-21.18713443518349,-0.1984593135620691
6.288135593220339,75.35030364306381,-21.333138553333338,-0.1984593135620691
6.338983050847458,75.35030364306381,-21.46888663347409,-0.1984593135620691
6.389830508474576,75.35030364306381,-21.59494728879087,-0.1984593135620691
6.4406779661016955,75.35030364306381,-21.711881066662194,-0.1984593135620691
6.491525423728813,75.35030364306381,-21.820236348495452,-0.1984593135620691
6.5423728813559325,75.35030364306381,-21.920546040249157,-0.1984593135620691
6.593220338983051,75.35030364306381,-22.01332497493739,-0.1984593135620691
6.6440677966101696,75.35030364306381,-22.09906794726521,-0.1984593135620691
6.694915254237289,75.35030364306381,-22.178248301991392,-0.1984593135620691
6.745762711864407,75.35030364306381,-22.251317000978165,-0.1984593135620691
6.796610169491526,75.35030364306381,-22.318702098586137,-0.1984593135620691
6.8474576271186445,75.35030364306381,-22.38080856062239,-0.1950466229279121
6.898305084745763,75.35030364306381,-22.438018368062263,-0.08041911718600744
6.9491525423728815,75.35030364306381,-22.490690852935504,0.02543408917066934
7.0,75.35030364306381,-22.539163219866143,0.12430437882640948
4.0,78.88941887290855,-5.757940678359555,-0.1984593135620691
4.0508474576271185,78.88941887290855,-6.014628180953705,-0.1984593135620691
4.101694915254237,78.88941887290855,-6.286427900464338,-0.1984593135620691
4.1525423728813555,78.88941887290855,-6.573560100434322,-0.1984593135620691
4.203389830508475,78.88941887290855,-6.876144424085654,-0.1984593135620691
4.254237288135593,78.88941887290855,-7.194186926124238,-0.1984593135620691
4.305084745762712,78.88941887290855,-7.527567795505187,-0.1984593135620691
4.3559322033898304,78.88941887290855,-7.87603024251427,-0.1984593135620691
4.406779661016949,78.88941887290855,-8.23917105589576,-0.1984593135620691
4.4576271186440675,78.88941887290855,-8.6164333472632,-0.1984593135620691
4.508474576271187,78.88941887290855,-9.007101985685985,-0.1984593135620691
4.559322033898305,78.88941887290855,-9.410302181245845,-0.1984593135620691
4.610169491525424,78.88941887290855,-9.825001600315975,-0.1984593135620691
4.661016949152542,78.88941887290855,-10.250016287448148,-0.1984593135620691
4.711864406779661,78.88941887290855,-10.684020531922762,-0.1984593135620691
4.762711864406779,78.88941887290855,-11.125560657021644,-0.1984593135620691
4.813559322033898,78.88941887290855,-11.573072535527334,-0.1984593135620691
4.864406779661017,78.88941887290855,-12.02490245674524,-0.1984593135620691
4.915254237288136,78.88941887290855,-12.479330800845673,-0.1984593135620691
4.966101694915254,78.88941887290855,-12.934597828203591,-0.1984593135620691
5.016949152542373,78.88941887290855,-13.388930776363704,-0.1984593135620691
5.067796610169491,78.88941887290855,-13.840571384709056,-0.1984593135620691
5.118644067796611,78.88941887290855,-14.287802942952096,-0.1984593135620691
5.169491525423728,78.88941887290855,-14.728975986234502,-0.1984593135620691
5.220338983050848,78.88941887290855,-15.162531834651125,-0.1984593135620691
5.271186440677966,78.88941887290855,-15.58702329211045,-0.1984593135620691
5.322033898305085,78.88941887290855,-16.001131969028574,-0.1984593135620691
5.372881355932203,78.88941887290855,-16.403681863647133,-0.1984593135620691
5.423728813559322,78.88941887290855,-16.79364901508345,-0.1984593135620691
5.474576271186441,78.88941887290855,-17.17016721525287,-0.1984593135620691
5.52542372881356,78.88941887290855,-17.532529925745987,-0.1984593135620691
5.576271186440678,78.88941887290855,-17.88018868113504,-0.1984593135620691
5.627118644067797,78.88941887290855,-18.21274836638273,-0.1984593135620691
5.677966101694915,78.88941887290855,-18.529959830327623,-0.1984593135620691
5.728813559322034,78.88941887290855,-18.831710339641592,-0.1984593135620691
5.779661016949152,78.88941887290855,-19.118012390493696,-0.1984593135620691
5.830508474576272,78.88941887290855,-19.388991382390483,-0.1984593135620691
5.88135593220339,78.88941887290855,-19.64487262531673,-0.1984593135620691
5.932203389830509,78.88941887290855,-19.885968102828777,-0.1984593135620691
5.983050847457627,78.88941887290855,-20.11266335552686,-0.1984593135620691
6.033898305084746,78.88941887290855,-20.325404786251653,-0.1984593135620691
6.084745762711865,78.88941887290855,-20.524687624576174,-0.1984593135620691
6.135593220338983,78.88941887290855,-20.711044726995617,-0.1984593135620691
6.186440677966102,78.88941887290855,-20.885036333059126,-0.1984593135620691
6.237288135593221,78.88941887290855,-21.047240848102383,-0.1984593135620691
6.288135593220339,78.88941887290855,-21.198246681059018,-0.1984593135620691
6.338983050847458,78.88941887290855,-21.338645131278618,-0.1984593135620691
6.389830508474576,78.88941887290855,-21.46902429112966,-0.1984593135620691
6.4406779661016955,78.88941887290855,-21.589963910860817,-0.1984593135620691
6.491525423728813,78.88941887290855,-21.702031157975643,-0.1984593135620691
6.5423728813559325,78.88941887290855,-21.8057771943809,-0.1984593135620691
6.593220338983051,78.88941887290855,-21.901734489907636,-0.1984593135620691
6.6440677966101696,78.88941887290855,-21.99041478961844,-0.1984593135620691
6.694915254237289,78.88941887290855,-22.072307653811198,-0.1984593135620691
6.745762711864407,78.88941887290855,-22.147879493108434,-0.1984593135620691
6.796610169491526,78.88941887290855,-22.217573025880657,-0.1984593135620691
6.8474576271186445,78.88941887290855,-22.281807090992086,-0.1984593135620691
6.898305084745763,78.88941887290855,-22.340976755075673,-0.1984593135620691
6.9491525423728815,78.88941887290855,-22.39545365992582,-0.1984593135620691
7.0,78.88941887290855,-22.44558656190485,-0.1984593135620691
4.0,82.59476218684244,-5.111624805813844,-0.1984593135620691
4.0508474576271185,82.59476218684244,-5.376814481187045,-0.1984593135620691
4.101694915254237,82.59476218684244,-5.65761693029387,-0.1984593135620691
4.1525423728813555,82.59476218684244,-5.954259712391546,-0.1984593135620691
4.203389830508475,82.59476218684244,-6.26686643360379,-0.1984593135620691
4.254237288135593,82.59476218684244,-6.595443349184467,-0.1984593135620691
4.305084745762712,82.59476218684244,-6.939866679628231,-0.1984593135620691
4.3559322033898304,82.59476218684244,-7.2998711296625505,-0.1984593135620691
4.406779661016949,82.59476218684244,-7.675040132602517,-0.1984593135620691
4.4576271186440675,82.59476218684244,-8.064798354437203,-0.1984593135620691
4.508474576271187,82.59476218684244,-8.468406977197592,-0.1984593135620691
4.559322033898305,82.59476218684244,-8.88496223559671,-0.1984593135620691
4.610169491525424,82.59476218684244,-9.313397602372408,-0.1984593135620691
4.661016949152542,82.59476218684244,-9.752489906323136,-0.1984593135620691
4.711864406779661,82.59476218684244,-10.20086952566436,-0.1984593135620691
4.762711864406779,82.59476218684244,-10.657034634038762,-0.1984593135620691
4.813559322033898,82.59476218684244,-11.119369296175446,-0.1984593135620691
4.864406779661017,82.59476218684244,-11.586165026083359,-0.1984593135620691
4.915254237288136,82.59476218684244,-12.055645245550506,-0.1984593135620691
4.966101694915254,82.59476218684244,-12.525991927695209,-0.1984593135620691
5.016949152542373,82.59476218684244,-12.995373591454776,-0.1984593135620691
5.067796610169491,82.59476218684244,-13.461973737944295,-0.1984593135620691
5.118644067796611,82.59476218684244,-13.924018794865681,-0.1984593135620691
5.169491525423728,82.59476218684244,-14.379804662697545,-0.1984593135620691
5.220338983050848,82.59476218684244,-14.82772103391077,-0.1984593135620691
5.271186440677966,82.59476218684244,-15.266272777430288,-0.1984593135620691
5.322033898305085,82.59476218684244,-15.694097835102752,-0.1984593135620691
5.372881355932203,82.59476218684244,-16.109981252863836,-0.1984593135620691
5.423728813559322,82.59476218684244,-16.512865153523073,-0.1984593135620691
5.474576271186441,82.59476218684244,-16.901854637880252,-0.1984593135620691
5.52542372881356,82.59476218684244,-17.27621976509472,-0.1984593135620691
5.576271186440678,82.59476218684244,-17.635393903105033,-0.1984593135620691
5.627118644067797,82.59476218684244,-17.978968849613,-0.1984593135620691
5.677966101694915,82.59476218684244,-18.306687200908073,-0.1984593135620691
5.728813559322034,82.59476218684244,-18.618432489634465,-0.1984593135620691
5.779661016949152,82.59476218684244,-18.91421762586759,-0.1984593135620691
5.830508474576272,82.59476218684244,-19.194172162679166,-0.1984593135620691
5.88135593220339,82.59476218684244,-19.458528872919914,-0.1984593135620691
5.932203389830509,82.59476218684244,-19.707610073871315,-0.1984593135620691
5.983050847457627,82.59476218684244,-19.94181407626368,-0.1984593135620691
6.033898305084746,82.59476218684244,-20.16160206898703,-0.1984593135620691
6.084745762711865,82.59476218684244,-20.36748568493497,-0.1984593135620691
6.135593220338983,82.59476218684244,-20.560015430227015,-0.1984593135620691
6.186440677966102,82.59476218684244,-20.739770101036203,-0.1984593135620691
6.237288135593221,82.59476218684244,-20.90734726102128,-0.1984593135620691
6.288135593220339,82.59476218684244,-21.0633548087847,-0.1984593135620691
6.338983050847458,82.59476218684244,-21.208403629083143,-0.1984593135620691
6.389830508474576,82.59476218684244,-21.34310129346845,-0.1984593135620691
6.4406779661016955,82.59476218684244,-21.468046755059433,-0.1984593135620691
6.491525423728813,82.59476218684244,-21.583825967455834,-0.1984593135620691
6.5423728813559325,82.59476218684244,-21.691008348512643,-0.1984593135620691
6.593220338983051,82.59476218684244,-21.79014400487788,-0.1984593135620691
6.6440677966101696,82.59476218684244,-21.881761631971667,-0.1984593135620691
6.694915254237289,82.59476218684244,-21.966367005631,-0.1984593135620691
6.745762711864407,82.59476218684244,-22.044441985238702,-0.1984593135620691
6.796610169491526,82.59476218684244,-22.116443953175175,-0.1984593135620691
6.8474576271186445,82.59476218684244,-22.182805621361776,-0.1984593135620691
6.898305084745763,82.59476218684244,-22.243935142089075,-0.1984593135620691
6.9491525423728815,82.59476218684244,-22.300216466916137,-0.1984593135620691
7.0,82.59476218684244,-22.352009903943554,-0.1984593135620691
4.0,86.4741411226667,-4.465308933268132,-0.1984593135620691
4.0508474576271185,86.4741411226667,-4.739000781420386,-0.1984593135620691
4.101694915254237,86.4741411226667,-5.028805960123402,-0.1984593135620691
4.1525423728813555,86.4741411226667,-5.3349593243487705,-0.1984593135620691
4.203389830508475,86.4741411226667,-5.657588443121925,-0.1984593135620691
4.254237288135593,86.4741411226667,-5.996699772244695,-0.1984593135620691
4.305084745762712,86.4741411226667,-6.352165563751275,-0.1984593135620691
4.3559322033898304,86.4741411226667,-6.723712016810831,-0.1984593135620691
4.406779661016949,86.4741411226667,-7.110909209309275,-0.1984593135620691
4.4576271186440675,86.4741411226667,-7.513163361611204,-0.1984593135620691
4.508474576271187,86.4741411226667,-7.9297119687091975,-0.1984593135620691
4.559322033898305,86.4741411226667,-8.359622289947573,-0.1984593135620691
4.610169491525424,86.4741411226667,-8.801793604428843,-0.1984593135620691
4.661016949152542,86.4741411226667,-9.254963525198125,-0.1984593135620691
4.711864406779661,86.4741411226667,-9.71771851940596,-0.1984593135620691
4.762711864406779,86.4741411226667,-10.18850861105588,-0.1984593135620691
4.813559322033898,86.4741411226667,-10.665666056823557,-0.1984593135620691
4.864406779661017,86.4741411226667,-11.147427595421478,-0.1984593135620691
4.915254237288136,86.4741411226667,-11.63195969025534,-0.1984593135620691
4.966101694915254,86.4741411226667,-12.117386027186829,-0.1984593135620691
5.016949152542373,86.4741411226667,-12.601816406545847,-0.1984593135620691
5.067796610169491,86.4741411226667,-13.083376091179531,-0.1984593135620691
5.118644067796611,86.4741411226667,-13.560234646779264,-0.1984593135620691
5.169491525423728,86.4741411226667,-14.030633339160588,-0.1984593135620691
5.220338983050848,86.4741411226667,-14.492910233170415,-0.1984593135620691
5.271186440677966,86.4741411226667,-14.945522262750128,-0.1984593135620691
5.322033898305085,86.4741411226667,-15.387063701176931,-0.1984593135620691
5.372881355932203,86.4741411226667,-15.816280642080539,-0.1984593135620691
5.423728813559322,86.4741411226667,-16.232081291962697,-0.1984593135620691
5.474576271186441,86.4741411226667,-16.633542060507633,-0.1984593135620691
5.52542372881356,86.4741411226667,-17.019909604443452,-0.1984593135620691
5.576271186440678,86.4741411226667,-17.390599125075028,-0.1984593135620691
5.627118644067797,86.4741411226667,-17.74518933284327,-0.1984593135620691
5.677966101694915,86.4741411226667,-18.08341457148852,-0.1984593135620691
5.728813559322034,86.4741411226667,-18.405154639627334,-0.1984593135620691
5.779661016949152,86.4741411226667,-18.710422861241483,-0.1984593135620691
5.830508474576272,86.4741411226667,-18.999352942967853,-0.1984593135620691
5.88135593220339,86.4741411226667,-19.2721851205231,-0.1984593135620691
5.932203389830509,86.4741411226667,-19.529252044913854,-0.1984593135620691
5.983050847457627,86.4741411226667,-19.7709647970005,-0.1984593135620691
6.033898305084746,86.4741411226667,-19.99779935172241,-0.1984593135620691
6.084745762711865,86.4741411226667,-20.21028374529377,-0.1984593135620691
6.135593220338983,86.4741411226667,-20.408986133458413,-0.1984593135620691
6.186440677966102,86.4741411226667,-20.59450386901328,-0.1984593135620691
6.237288135593221,86.4741411226667,-20.76745367394017,-0.1984593135620691
6.288135593220339,86.4741411226667,-20.928462936510375,-0.1984593135620691
6.338983050847458,86.4741411226667,-21.07816212688767,-0.1984593135620691
6.389830508474576,86.4741411226667,-21.217178295807237,-0.1984593135620691
6.4406779661016955,86.4741411226667,-21.346129599258052,-0.1984593135620691
6.491525423728813,86.4741411226667,-21.465620776936024,-0.1984593135620691
6.5423728813559325,86.4741411226667,-21.576239502644384,-0.1984593135620691
6.593220338983051,86.4741411226667,-21.678553519848126,-0.1984593135620691
6.6440677966101696,86.4741411226667,-21.773108474324896,-0.1984593135620691
6.694915254237289,86.4741411226667,-21.860426357450805,-0.1984593135620691
6.745762711864407,86.4741411226667,-21.94100447736897,-0.1984593135620691
6.796610169491526,86.4741411226667,-22.015314880469692,-0.1984593135620691
6.8474576271186445,86.4741411226667,-22.08380415173147,-0.1984593135620691
6.898305084745763,86.4741411226667,-22.14689352910248,-0.1984593135620691
6.9491525423728815,86.4741411226667,-22.20497927390645,-0.1984593135620691
7.0,86.4741411226667,-22.258433245982257,-0.1984593135620691
4.0,90.53572992905958,-3.818993060722427,-0.1984593135620691
4.0508474576271185,90.53572992905958,-4.101187081653732,-0.1984593135620691
4.101694915254237,90.53572992905958,-4.3999949899529405,-0.1984593135620691
4.1525423728813555,90.53572992905958,-4.715658936306001,-0.1984593135620691
4.203389830508475,90.53572992905958,-5.048310452640067,-0.1984593135620691
4.254237288135593,90.53572992905958,-5.397956195304929,-0.1984593135620691
4.305084745762712,90.53572992905958,-5.7644644478743245,-0.1984593135620691
4.3559322033898304,90.53572992905958,-6.147552903959117,-0.1984593135620691
4.406779661016949,90.53572992905958,-6.546778286016039,-0.1984593135620691
4.4576271186440675,90.53572992905958,-6.96152836878521,-0.1984593135620691
4.508474576271187,90.53572992905958,-7.391016960220809,-0.1984593135620691
4.559322033898305,90.53572992905958,-7.834282344298444,-0.1984593135620691
4.610169491525424,90.53572992905958,-8.290189606485281,-0.1984593135620691
4.661016949152542,90.53572992905958,-8.757437144073117,-0.1984593135620691
4.711864406779661,90.53572992905958,-9.23456751314756,-0.1984593135620691
4.762711864406779,90.53572992905958,-9.719982588073004,-0.1984593135620691
4.813559322033898,90.53572992905958,-10.211962817471674,-0.1984593135620691
4.864406779661017,90.53572992905958,-10.708690164759602,-0.1984593135620691
4.915254237288136,90.53572992905958,-11.208274134960174,-0.1984593135620691
4.966101694915254,90.53572992905958,-11.708780126678452,-0.1984593135620691
5.016949152542373,90.53572992905958,-12.208259221636922,-0.1984593135620691
5.067796610169491,90.53572992905958,-12.704778444414771,-0.1984593135620691
5.118644067796611,90.53572992905958,-13.196450498692853,-0.1984593135620691
5.169491525423728,90.53572992905958,-13.681462015623634,-0.1984593135620691
5.220338983050848,90.53572992905958,-14.158099432430063,-0.1984593135620691
5.271186440677966,90.53572992905958,-14.624771748069968,-0.1984593135620691
5.322033898305085,90.53572992905958,-15.080029567251113,-0.1984593135620691
5.372881355932203,90.53572992905958,-15.522580031297245,-0.1984593135620691
5.423728813559322,90.53572992905958,-15.951297430402322,-0.1984593135620691
5.474576271186441,90.53572992905958,-16.365229483135018,-0.1984593135620691
5.52542372881356,90.53572992905958,-16.763599443792188,-0.1984593135620691
5.576271186440678,90.53572992905958,-17.145804347045022,-0.1984593135620691
5.627118644067797,90.53572992905958,-17.511409816073545,-0.1984593135620691
5.677966101694915,90.53572992905958,-17.860141942068974,-0.1984593135620691
5.728813559322034,90.53572992905958,-18.19187678962021,-0.1984593135620691
5.779661016949152,90.53572992905958,-18.506628096615376,-0.1984593135620691
5.830508474576272,90.53572992905958,-18.80453372325654,-0.1984593135620691
5.88135593220339,90.53572992905958,-19.085841368126285,-0.1984593135620691
5.932203389830509,90.53572992905958,-19.350894015956392,-0.1984593135620691
5.983050847457627,90.53572992905958,-19.60011551773732,-0.1984593135620691
6.033898305084746,90.53572992905958,-19.83399663445779,-0.1984593135620691
6.084745762711865,90.53572992905958,-20.053081805652567,-0.1984593135620691
6.135593220338983,90.53572992905958,-20.257956836689814,-0.1984593135620691
6.186440677966102,90.53572992905958,-20.449237636990357,-0.1984593135620691
6.237288135593221,90.53572992905958,-20.627560086859067,-0.1984593135620691
6.288135593220339,90.53572992905958,-20.793571064236055,-0.1984593135620691
6.338983050847458,90.53572992905958,-20.9479206246922,-0.1984593135620691
6.389830508474576,90.53572992905958,-21.091255298146027,-0.1984593135620691
6.4406779661016955,90.53572992905958,-21.224212443456672,-0.1984593135620691
6.491525423728813,90.53572992905958,-21.34741558641622,-0.1984593135620691
6.5423728813559325,90.53572992905958,-21.461470656776125,-0.1984593135620691
6.593220338983051,90.53572992905958,-21.566963034818375,-0.1984593135620691
6.6440677966101696,90.53572992905958,-21.664455316678126,-0.1984593135620691
6.694915254237289,90.53572992905958,-21.75448570927061,-0.1984593135620691
6.745762711864407,90.53572992905958,-21.83756696949924,-0.1984593135620691
6.796610169491526,90.53572992905958,-21.914185807764213,-0.1984593135620691
6.8474576271186445,90.53572992905958,-21.984802682101165,-0.1984593135620691
6.898305084745763,90.53572992905958,-22.049851916115887,-0.1984593135620691
6.9491525423728815,90.53572992905958,-22.109742080896766,-0.1984593135620691
7.0,90.53572992905958,-22.16485658802096,-0.1984593135620691
4.0,94.78808678955572,-3.172677188176717,-0.1984593135620691
4.0508474576271185,94.78808678955572,-3.463373381887072,-0.1984593135620691
4.101694915254237,94.78808678955572,-3.771184019782474,-0.1984593135620691
4.1525423728813555,94.78808678955572,-4.096358548263225,-0.1984593135620691
4.203389830508475,94.78808678955572,-4.4390324621582025,-0.1984593135620691
4.254237288135593,94.78808678955572,-4.799212618365159,-0.1984593135620691
4.305084745762712,94.78808678955572,-5.176763331997369,-0.1984593135620691
4.3559322033898304,94.78808678955572,-5.571393791107399,-0.1984593135620691
4.406779661016949,94.78808678955572,-5.982647362722798,-0.1984593135620691
4.4576271186440675,94.78808678955572,-6.409893375959212,-0.1984593135620691
4.508474576271187,94.78808678955572,-6.852321951732415,-0.1984593135620691
4.559322033898305,94.78808678955572,-7.308942398649309,-0.1984593135620691
4.610169491525424,94.78808678955572,-7.778585608541716,-0.1984593135620691
4.661016949152542,94.78808678955572,-8.259910762948106,-0.1984593135620691
4.711864406779661,94.78808678955572,-8.75141650688916,-0.1984593135620691
4.762711864406779,94.78808678955572,-9.251456565090123,-0.1984593135620691
4.813559322033898,94.78808678955572,-9.758259578119787,-0.1984593135620691
4.864406779661017,94.78808678955572,-10.269952734097721,-0.1984593135620691
4.915254237288136,94.78808678955572,-10.784588579665009,-0.1984593135620691
4.966101694915254,94.78808678955572,-11.30017422617007,-0.1984593135620691
5.016949152542373,94.78808678955572,-11.814702036727994,-0.1984593135620691
5.067796610169491,94.78808678955572,-12.32618079765001,-0.1984593135620691
5.118644067796611,94.78808678955572,-12.832666350606438,-0.1984593135620691
5.169491525423728,94.78808678955572,-13.332290692086676,-0.1984593135620691
5.220338983050848,94.78808678955572,-13.823288631689708,-0.1984593135620691
5.271186440677966,94.78808678955572,-14.304021233389808,-0.1984593135620691
5.322033898305085,94.78808678955572,-14.772995433325294,-0.1984593135620691
5.372881355932203,94.78808678955572,-15.22887942051395,-0.1984593135620691
5.423728813559322,94.78808678955572,-15.670513568841944,-0.1984593135620691
5.474576271186441,94.78808678955572,-16.096916905762402,-0.1984593135620691
5.52542372881356,94.78808678955572,-16.50728928314092,-0.1984593135620691
5.576271186440678,94.78808678955572,-16.901009569015017,-0.1984593135620691
5.627118644067797,94.78808678955572,-17.27763029930382,-0.1984593135620691
5.677966101694915,94.78808678955572,-17.636869312649424,-0.1984593135620691
5.728813559322034,94.78808678955572,-17.978598939613082,-0.1984593135620691
5.779661016949152,94.78808678955572,-18.30283333198927,-0.1984593135620691
5.830508474576272,94.78808678955572,-18.609714503545224,-0.1984593135620691
5.88135593220339,94.78808678955572,-18.899497615729473,-0.1984593135620691
5.932203389830509,94.78808678955572,-19.172535986998934,-0.1984593135620691
5.983050847457627,94.78808678955572,-19.429266238474142,-0.1984593135620691
6.033898305084746,94.78808678955572,-19.67019391719317,-0.1984593135620691
6.084745762711865,94.78808678955572,-19.895879866011366,-0.1984593135620691
6.135593220338983,94.78808678955572,-20.106927539921212,-0.1984593135620691
6.186440677966102,94.78808678955572,-20.303971404967434,-0.1984593135620691
6.237288135593221,94.78808678955572,-20.487666499777962,-0.1984593135620691
6.288135593220339,94.78808678955572,-20.658679191961735,-0.1984593135620691
6.338983050847458,94.78808678955572,-20.817679122496724,-0.1984593135620691
6.389830508474576,94.78808678955572,-20.965332300484814,-0.1984593135620691
6.4406779661016955,94.78808678955572,-21.10229528765529,-0.1984593135620691
6.491525423728813,94.78808678955572,-21.22921039589641,-0.1984593135620691
6.5423728813559325,94.78808678955572,-21.346701810907867,-0.1984593135620691
6.593220338983051,94.78808678955572,-21.45537254978862,-0.1984593135620691
6.6440677966101696,94.78808678955572,-21.555802159031355,-0.1984593135620691
6.694915254237289,94.78808678955572,-21.648545061090413,-0.1984593135620691
6.745762711864407,94.78808678955572,-21.734129461629507,-0.1984593135620691
6.796610169491526,94.78808678955572,-21.81305673505873,-0.1984593135620691
6.8474576271186445,94.78808678955572,-21.885801212470856,-0.1984593135620691
6.898305084745763,94.78808678955572,-21.952810303129294,-0.1984593135620691
6.9491525423728815,94.78808678955572,-22.01450488788708,-0.1984593135620691
7.0,94.78808678955572,-22.071279930059664,-0.1984593135620691
4.0,99.24017185551479,-2.5263613156310054,-0.1984593135620691
4.0508474576271185,99.24017185551479,-2.8255596821204136,-0.1984593135620691
4.101694915254237,99.24017185551479,-3.142373049612006,-0.1984593135620691
4.1525423728813555,99.24017185551479,-3.4770581602204516,-0.1984593135620691
4.203389830508475,99.24017185551479,-3.82975447167634,-0.1984593135620691
4.254237288135593,99.24017185551479,-4.200469041425388,-0.1984593135620691
4.305084745762712,99.24017185551479,-4.589062216120412,-0.1984593135620691
4.3559322033898304,99.24017185551479,-4.995234678255679,-0.1984593135620691
4.406779661016949,99.24017185551479,-5.418516439429556,-0.1984593135620691
4.4576271186440675,99.24017185551479,-5.858258383133213,-0.1984593135620691
4.508474576271187,99.24017185551479,-6.313626943244023,-0.1984593135620691
4.559322033898305,99.24017185551479,-6.783602453000174,-0.1984593135620691
4.610169491525424,99.24017185551479,-7.26698161059815,-0.1984593135620691
4.661016949152542,99.24017185551479,-7.762384381823095,-0.1984593135620691
4.711864406779661,99.24017185551479,-8.268265500630758,-0.1984593135620691
4.762711864406779,99.24017185551479,-8.782930542107241,-0.1984593135620691
4.813559322033898,99.24017185551479,-9.304556338767899,-0.1984593135620691
4.864406779661017,99.24017185551479,-9.83121530343584,-0.1984593135620691
4.915254237288136,99.24017185551479,-10.360903024369842,-0.1984593135620691
4.966101694915254,99.24017185551479,-10.891568325661689,-0.1984593135620691
5.016949152542373,99.24017185551479,-11.421144851819065,-0.1984593135620691
5.067796610169491,99.24017185551479,-11.947583150885247,-0.1984593135620691
5.118644067796611,99.24017185551479,-12.468882202520023,-0.1984593135620691
5.169491525423728,99.24017185551479,-12.983119368549719,-0.1984593135620691
5.220338983050848,99.24017185551479,-13.488477830949353,-0.1984593135620691
5.271186440677966,99.24017185551479,-13.983270718709647,-0.1984593135620691
5.322033898305085,99.24017185551479,-14.465961299399474,-0.1984593135620691
5.372881355932203,99.24017185551479,-14.935178809730655,-0.1984593135620691
5.423728813559322,99.24017185551479,-15.389729707281568,-0.1984593135620691
5.474576271186441,99.24017185551479,-15.828604328389783,-0.1984593135620691
5.52542372881356,99.24017185551479,-16.250979122489653,-0.1984593135620691
5.576271186440678,99.24017185551479,-16.65621479098501,-0.1984593135620691
5.627118644067797,99.24017185551479,-17.04385078253409,-0.1984593135620691
5.677966101694915,99.24017185551479,-17.413596683229873,-0.1984593135620691
5.728813559322034,99.24017185551479,-17.765321089605955,-0.1984593135620691
5.779661016949152,99.24017185551479,-18.099038567363163,-0.1984593135620691
5.830508474576272,99.24017185551479,-18.414895283833907,-0.1984593135620691
5.88135593220339,99.24017185551479,-18.713153863332657,-0.1984593135620691
5.932203389830509,99.24017185551479,-18.994177958041472,-0.1984593135620691
5.983050847457627,99.24017185551479,-19.25841695921096,-0.1984593135620691
6.033898305084746,99.24017185551479,-19.506391199928547,-0.1984593135620691
6.084745762711865,99.24017185551479,-19.738677926370162,-0.1984593135620691
6.135593220338983,99.24017185551479,-19.95589824315261,-0.1984593135620691
6.186440677966102,99.24017185551479,-20.15870517294451,-0.1984593135620691
6.237288135593221,99.24017185551479,-20.347772912696854,-0.1984593135620691
6.288135593220339,99.24017185551479,-20.523787319687415,-0.1984593135620691
6.338983050847458,99.24017185551479,-20.687437620301253,-0.1984593135620691
6.389830508474576,99.24017185551479,-20.839409302823604,-0.1984593135620691
6.4406779661016955,99.24017185551479,-20.98037813185391,-0.1984593135620691
6.491525423728813,99.24017185551479,-21.1110052053766,-0.1984593135620691
6.5423728813559325,99.24017185551479,-21.231932965039608,-0.1984593135620691
6.593220338983051,99.24017185551479,-21.343782064758866,-0.1984593135620691
6.6440677966101696,99.24017185551479,-21.447149001384584,-0.1984593135620691
6.694915254237289,99.24017185551479,-21.54260441291022,-0.1984593135620691
6.745762711864407,99.24017185551479,-21.63069195375978,-0.1984593135620691
6.796610169491526,99.24017185551479,-21.71192766235325,-0.1984593135620691
6.8474576271186445,99.24017185551479,-21.78679974284055,-0.1984593135620691
6.898305084745763,99.24017185551479,-21.8557686901427,-0.1984593135620691
6.9491525423728815,99.24017185551479,-21.919267694877398,-0.1984593135620691
7.0,99.24017185551479,-21.977703272098367,-0.1984593135620691
4.0,103.9013661260782,-1.8800454430853009,-0.1984593135620691
4.0508474576271185,103.9013661260782,-2.187745982353759,-0.1984593135620691
4.101694915254237,103.9013661260782,-2.513562079441545,-0.1984593135620691
4.1525423728813555,103.9013661260782,-2.8577577721776812,-0.1984593135620691
4.203389830508475,103.9013661260782,-3.2204764811944813,-0.1984593135620691
4.254237288135593,103.9013661260782,-3.6017254644856216,-0.1984593135620691
4.305084745762712,103.9013661260782,-4.001361100243463,-0.1984593135620691
4.3559322033898304,103.9013661260782,-4.419075565403967,-0.1984593135620691
4.406779661016949,103.9013661260782,-4.85438551613632,-0.1984593135620691
4.4576271186440675,103.9013661260782,-5.3066233903072195,-0.1984593135620691
4.508474576271187,103.9013661260782,-5.774931934755633,-0.1984593135620691
4.559322033898305,103.9013661260782,-6.258262507351043,-0.1984593135620691
4.610169491525424,103.9013661260782,-6.7553776126545895,-0.1984593135620691
4.661016949152542,103.9013661260782,-7.264858000698088,-0.1984593135620691
4.711864406779661,103.9013661260782,-7.785114494372361,-0.1984593135620691
4.762711864406779,103.9013661260782,-8.314404519124366,-0.1984593135620691
4.813559322033898,103.9013661260782,-8.850853099416017,-0.1984593135620691
4.864406779661017,103.9013661260782,-9.392477872773963,-0.1984593135620691
4.915254237288136,103.9013661260782,-9.937217469074678,-0.1984593135620691
4.966101694915254,103.9013661260782,-10.48296242515331,-0.1984593135620691
5.016949152542373,103.9013661260782,-11.027587666910138,-0.1984593135620691
5.067796610169491,103.9013661260782,-11.568985504120489,-0.1984593135620691
5.118644067796611,103.9013661260782,-12.105098054433611,-0.1984593135620691
5.169491525423728,103.9013661260782,-12.633948045012765,-0.1984593135620691
5.220338983050848,103.9013661260782,-13.153667030209002,-0.1984593135620691
5.271186440677966,103.9013661260782,-13.662520204029487,-0.1984593135620691
5.322033898305085,103.9013661260782,-14.158927165473656,-0.1984593135620691
5.372881355932203,103.9013661260782,-14.641478198947361,-0.1984593135620691
5.423728813559322,103.9013661260782,-15.108945845721195,-0.1984593135620691
5.474576271186441,103.9013661260782,-15.560291751017168,-0.1984593135620691
5.52542372881356,103.9013661260782,-15.99466896183839,-0.1984593135620691
5.576271186440678,103.9013661260782,-16.411420012955006,-0.1984593135620691
5.627118644067797,103.9013661260782,-16.810071265764364,-0.1984593135620691
5.677966101694915,103.9013661260782,-17.190324053810325,-0.1984593135620691
5.728813559322034,103.9013661260782,-17.552043239598827,-0.1984593135620691
5.779661016949152,103.9013661260782,-17.895243802737056,-0.1984593135620691
5.830508474576272,103.9013661260782,-18.220076064122594,-0.1984593135620691
5.88135593220339,103.9013661260782,-18.526810110935845,-0.1984593135620691
5.932203389830509,103.9013661260782,-18.81581992908401,-0.1984593135620691
5.983050847457627,103.9013661260782,-19.08756767994778,-0.1984593135620691
6.033898305084746,103.9013661260782,-19.342588482663928,-0.1984593135620691
6.084745762711865,103.9013661260782,-19.58147598672896,-0.1984593135620691
6.135593220338983,103.9013661260782,-19.804868946384012,-0.1984593135620691
6.186440677966102,103.9013661260782,-20.013438940921592,-0.1984593135620691
6.237288135593221,103.9013661260782,-20.20787932561575,-0.1984593135620691
6.288135593220339,103.9013661260782,-20.388895447413095,-0.1984593135620691
6.338983050847458,103.9013661260782,-20.55719611810578,-0.1984593135620691
6.389830508474576,103.9013661260782,-20.71348630516239,-0.1984593135620691
6.4406779661016955,103.9013661260782,-20.85846097605253,-0.1984593135620691
6.491525423728813,103.9013661260782,-20.99280001485679,-0.1984593135620691
6.5423728813559325,103.9013661260782,-21.11716411917135,-0.1984593135620691
6.593220338983051,103.9013661260782,-21.232191579729115,-0.1984593135620691
6.6440677966101696,103.9013661260782,-21.338495843737814,-0.1984593135620691
6.694915254237289,103.9013661260782,-21.43666376473002,-0.1984593135620691
6.745762711864407,103.9013661260782,-21.527254445890048,-0.1984593135620691
6.796610169491526,103.9013661260782,-21.610798589647768,-0.1984593135620691
6.8474576271186445,103.9013661260782,-21.687798273210245,-0.1984593135620691
6.898305084745763,103.9013661260782,-21.758727077156106,-0.1984593135620691
6.9491525423728815,103.9013661260782,-21.82403050186771,-0.1984593135620691
7.0,103.9013661260782,-21.88412661413707,-0.1984593135620691
4.0,108.78149121489508,-1.2337295705395768,-0.1984593135620691
4.0508474576271185,108.78149121489508,-1.5499322825870863,-0.1984593135620691
4.101694915254237,108.78149121489508,-1.8847511092710647,-0.1984593135620691
4.1525423728813555,108.78149121489508,-2.238457384134895,-0.1984593135620691
4.203389830508475,108.78149121489508,-2.6111984907126047,-0.1984593135620691
4.254237288135593,108.78149121489508,-3.002981887545838,-0.1984593135620691
4.305084745762712,108.78149121489508,-3.413659984366495,-0.1984593135620691
4.3559322033898304,108.78149121489508,-3.8429164525522346,-0.1984593135620691
4.406779661016949,108.78149121489508,-4.290254592843068,-0.1984593135620691
4.4576271186440675,108.78149121489508,-4.75498839748121,-0.1984593135620691
4.508474576271187,108.78149121489508,-5.236236926267228,-0.1984593135620691
4.559322033898305,108.78149121489508,-5.732922561701898,-0.1984593135620691
4.610169491525424,108.78149121489508,-6.243773614711012,-0.1984593135620691
4.661016949152542,108.78149121489508,-6.767331619573067,-0.1984593135620691
4.711864406779661,108.78149121489508,-7.30196348811395,-0.1984593135620691
4.762711864406779,108.78149121489508,-7.8458784961414745,-0.1984593135620691
4.813559322033898,108.78149121489508,-8.397149860064118,-0.1984593135620691
4.864406779661017,108.78149121489508,-8.953740442112075,-0.1984593135620691
4.915254237288136,108.78149121489508,-9.513531913779502,-0.1984593135620691
4.966101694915254,108.78149121489508,-10.074356524644923,-0.1984593135620691
5.016949152542373,108.78149121489508,-10.6340304820012,-0.1984593135620691
5.067796610169491,108.78149121489508,-11.190387857355718,-0.1984593135620691
5.118644067796611,108.78149121489508,-11.741313906347187,-0.1984593135620691
5.169491525423728,108.78149121489508,-12.2847767214758,-0.1984593135620691
5.220338983050848,108.78149121489508,-12.81885622946864,-0.1984593135620691
5.271186440677966,108.78149121489508,-13.34176968934932,-0.1984593135620691
5.322033898305085,108.78149121489508,-13.851893031547828,-0.1984593135620691
5.372881355932203,108.78149121489508,-14.347777588164059,-0.1984593135620691
5.423728813559322,108.78149121489508,-14.828161984160811,-0.1984593135620691
5.474576271186441,108.78149121489508,-15.291979173644545,-0.1984593135620691
5.52542372881356,108.78149121489508,-15.738358801187116,-0.1984593135620691
5.576271186440678,108.78149121489508,-16.166625234924997,-0.1984593135620691
5.627118644067797,108.78149121489508,-16.57629174899463,-0.1984593135620691
5.677966101694915,108.78149121489508,-16.96705142439077,-0.1984593135620691
5.728813559322034,108.78149121489508,-17.338765389591696,-0.1984593135620691
5.779661016949152,108.78149121489508,-17.691449038110946,-0.1984593135620691
5.830508474576272,108.78149121489508,-18.025256844411278,-0.1984593135620691
5.88135593220339,108.78149121489508,-18.340466358539025,-0.1984593135620691
5.932203389830509,108.78149121489508,-18.637461900126546,-0.1984593135620691
5.983050847457627,108.78149121489508,-18.9167184006846,-0.1984593135620691
6.033898305084746,108.78149121489508,-19.178785765399304,-0.1984593135620691
6.084745762711865,108.78149121489508,-19.424274047087756,-0.1984593135620691
6.135593220338983,108.78149121489508,-19.653839649615406,-0.1984593135620691
6.186440677966102,108.78149121489508,-19.868172708898665,-0.1984593135620691
6.237288135593221,108.78149121489508,-20.06798573853464,-0.1984593135620691
6.288135593220339,108.78149121489508,-20.254003575138768,-0.1984593135620691
6.338983050847458,108.78149121489508,-20.426954615910304,-0.1984593135620691
6.389830508474576,108.78149121489508,-20.587563307501178,-0.1984593135620691
6.4406779661016955,108.78149121489508,-20.736543820251146,-0.1984593135620691
6.491525423728813,108.78149121489508,-20.87459482433698,-0.1984593135620691
6.5423728813559325,108.78149121489508,-21.00239527330309,-0.1984593135620691
6.593220338983051,108.78149121489508,-21.120601094699357,-0.1984593135620691
6.6440677966101696,108.78149121489508,-21.22984268609104,-0.1984593135620691
6.694915254237289,108.78149121489508,-21.330723116549823,-0.1984593135620691
6.745762711864407,108.78149121489508,-21.423816938020313,-0.1984593135620691
6.796610169491526,108.78149121489508,-21.509669516942285,-0.1984593135620691
6.8474576271186445,108.78149121489508,-21.588796803579935,-0.1984593135620691
6.898305084745763,108.78149121489508,-21.66168546416951,-0.1984593135620691
6.9491525423728815,108.78149121489508,-21.728793308858027,-0.1984593135620691
7.0,108.78149121489508,-21.790549956175774,-0.1984593135620691
4.0,113.8908300452675,-0.5874136979938722,-0.1984593135620691
4.0508474576271185,113.8908300452675,-0.9121185828204332,-0.1984593135620691
4.101694915254237,113.8908300452675,-1.2559401391006038,-0.1984593135620691
4.1525423728813555,113.8908300452675,-1.6191569960921264,-0.1984593135620691
4.203389830508475,113.8908300452675,-2.0019205002307476,-0.1984593135620691
4.254237288135593,113.8908300452675,-2.4042383106060736,-0.1984593135620691
4.305084745762712,113.8908300452675,-2.825958868489545,-0.1984593135620691
4.3559322033898304,113.8908300452675,-3.266757339700522,-0.1984593135620691
4.406779661016949,113.8908300452675,-3.726123669549832,-0.1984593135620691
4.4576271186440675,113.8908300452675,-4.203353404655218,-0.1984593135620691
4.508474576271187,113.8908300452675,-4.697541917778841,-0.1984593135620691
4.559322033898305,113.8908300452675,-5.207582616052768,-0.1984593135620691
4.610169491525424,113.8908300452675,-5.732169616767452,-0.1984593135620691
4.661016949152542,113.8908300452675,-6.269805238448061,-0.1984593135620691
4.711864406779661,113.8908300452675,-6.818812481855554,-0.1984593135620691
4.762711864406779,113.8908300452675,-7.377352473158599,-0.1984593135620691
4.813559322033898,113.8908300452675,-7.943446620712237,-0.1984593135620691
4.864406779661017,113.8908300452675,-8.515003011450197,-0.1984593135620691
4.915254237288136,113.8908300452675,-9.08984635848434,-0.1984593135620691
4.966101694915254,113.8908300452675,-9.665750624136546,-0.1984593135620691
5.016949152542373,113.8908300452675,-10.240473297092278,-0.1984593135620691
5.067796610169491,113.8908300452675,-10.81179021059096,-0.1984593135620691
5.118644067796611,113.8908300452675,-11.377529758260776,-0.1984593135620691
5.169491525423728,113.8908300452675,-11.935605397938847,-0.1984593135620691
5.220338983050848,113.8908300452675,-12.484045428728288,-0.1984593135620691
5.271186440677966,113.8908300452675,-13.021019174669163,-0.1984593135620691
5.322033898305085,113.8908300452675,-13.544858897622012,-0.1984593135620691
5.372881355932203,113.8908300452675,-14.054076977380767,-0.1984593135620691
5.423728813559322,113.8908300452675,-14.547378122600438,-0.1984593135620691
5.474576271186441,113.8908300452675,-15.02366659627193,-0.1984593135620691
5.52542372881356,113.8908300452675,-15.482048640535853,-0.1984593135620691
5.576271186440678,113.8908300452675,-15.921830456894993,-0.1984593135620691
5.627118644067797,113.8908300452675,-16.342512232224905,-0.1984593135620691
5.677966101694915,113.8908300452675,-16.743778794971224,-0.1984593135620691
5.728813559322034,113.8908300452675,-17.12548753958457,-0.1984593135620691
5.779661016949152,113.8908300452675,-17.487654273484843,-0.1984593135620691
5.830508474576272,113.8908300452675,-17.830437624699965,-0.1984593135620691
5.88135593220339,113.8908300452675,-18.154122606142213,-0.1984593135620691
5.932203389830509,113.8908300452675,-18.459103871169088,-0.1984593135620691
5.983050847457627,113.8908300452675,-18.74586912142142,-0.1984593135620691
6.033898305084746,113.8908300452675,-19.014983048134685,-0.1984593135620691
6.084745762711865,113.8908300452675,-19.267072107446555,-0.1984593135620691
6.135593220338983,113.8908300452675,-19.502810352846808,-0.1984593135620691
6.186440677966102,113.8908300452675,-19.722906476875742,-0.1984593135620691
6.237288135593221,113.8908300452675,-19.928092151453534,-0.1984593135620691
6.288135593220339,113.8908300452675,-20.11911170286445,-0.1984593135620691
6.338983050847458,113.8908300452675,-20.29671311371483,-0.1984593135620691
6.389830508474576,113.8908300452675,-20.461640309839968,-0.1984593135620691
6.4406779661016955,113.8908300452675,-20.614626664449766,-0.1984593135620691
6.491525423728813,113.8908300452675,-20.75638963381717,-0.1984593135620691
6.5423728813559325,113.8908300452675,-20.88762642743483,-0.1984593135620691
6.593220338983051,113.8908300452675,-21.009010609669605,-0.1984593135620691
6.6440677966101696,113.8908300452675,-21.12118952844427,-0.1984593135620691
6.694915254237289,113.8908300452675,-21.22478246836963,-0.1984593135620691
6.745762711864407,113.8908300452675,-21.32037943015058,-0.1984593135620691
6.796610169491526,113.8908300452675,-21.408540444236806,-0.1984593135620691
6.8474576271186445,113.8908300452675,-21.48979533394963,-0.1984593135620691
6.898305084745763,113.8908300452675,-21.564643851182915,-0.1984593135620691
6.9491525423728815,113.8908300452675,-21.633556115848343,-0.1984593135620691
7.0,113.8908300452675,-21.696973298214477,-0.1984593135620691
4.0,119.24014851732345,0.05890217455183233,-0.1984593135620691
4.0508474576271185,119.24014851732345,-0.2743048830537802,-0.1984593135620691
4.101694915254237,119.24014851732345,-0.6271291689301428,-0.1984593135620691
4.1525423728813555,119.24014851732345,-0.999856608049356,-0.1984593135620691
4.203389830508475,119.24014851732345,-1.3926425097488888,-0.1984593135620691
4.254237288135593,119.24014851732345,-1.8054947336663076,-0.1984593135620691
4.305084745762712,119.24014851732345,-2.2382577526125935,-0.1984593135620691
4.3559322033898304,119.24014851732345,-2.690598226848808,-0.1984593135620691
4.406779661016949,119.24014851732345,-3.1619927462565958,-0.1984593135620691
4.4576271186440675,119.24014851732345,-3.651718411829224,-0.1984593135620691
4.508474576271187,119.24014851732345,-4.158846909290453,-0.1984593135620691
4.559322033898305,119.24014851732345,-4.682242670403637,-0.1984593135620691
4.610169491525424,119.24014851732345,-5.2205656188238905,-0.1984593135620691
4.661016949152542,119.24014851732345,-5.7722788573230535,-0.1984593135620691
4.711864406779661,119.24014851732345,-6.335661475597156,-0.1984593135620691
4.762711864406779,119.24014851732345,-6.908826450175722,-0.1984593135620691
4.813559322033898,119.24014851732345,-7.489743381360354,-0.1984593135620691
4.864406779661017,119.24014851732345,-8.076265580788322,-0.1984593135620691
4.915254237288136,119.24014851732345,-8.666160803189175,-0.1984593135620691
4.966101694915254,119.24014851732345,-9.257144723628167,-0.1984593135620691
5.016949152542373,119.24014851732345,-9.84691611218335,-0.1984593135620691
5.067796610169491,119.24014851732345,-10.4331925638262,-0.1984593135620691
5.118644067796611,119.24014851732345,-11.013745610174364,-0.1984593135620691
5.169491525423728,119.24014851732345,-11.586434074401891,-0.1984593135620691
5.220338983050848,119.24014851732345,-12.149234627987937,-0.1984593135620691
5.271186440677966,119.24014851732345,-12.700268659989005,-0.1984593135620691
5.322033898305085,119.24014851732345,-13.237824763696194,-0.1984593135620691
5.372881355932203,119.24014851732345,-13.760376366597473,-0.1984593135620691
5.423728813559322,119.24014851732345,-14.266594261040062,-0.1984593135620691
5.474576271186441,119.24014851732345,-14.755354018899315,-0.1984593135620691
5.52542372881356,119.24014851732345,-15.225738479884587,-0.1984593135620691
5.576271186440678,119.24014851732345,-15.67703567886499,-0.1984593135620691
5.627118644067797,119.24014851732345,-16.108732715455183,-0.1984593135620691
5.677966101694915,119.24014851732345,-16.520506165551677,-0.1984593135620691
5.728813559322034,119.24014851732345,-16.912209689577445,-0.1984593135620691
5.779661016949152,119.24014851732345,-17.283859508858736,-0.1984593135620691
5.830508474576272,119.24014851732345,-17.635618404988648,-0.1984593135620691
5.88135593220339,119.24014851732345,-17.967778853745397,-0.1984593135620691
5.932203389830509,119.24014851732345,-18.280745842211626,-0.1984593135620691
5.983050847457627,119.24014851732345,-18.575019842158245,-0.1984593135620691
6.033898305084746,119.24014851732345,-18.851180330870065,-0.1984593135620691
6.084745762711865,119.24014851732345,-19.109870167805354,-0.1984593135620691
6.135593220338983,119.24014851732345,-19.35178105607821,-0.1984593135620691
6.186440677966102,119.24014851732345,-19.577640244852823,-0.1984593135620691
6.237288135593221,119.24014851732345,-19.78819856437243,-0.1984593135620691
6.288135593220339,119.24014851732345,-19.984219830590128,-0.1984593135620691
6.338983050847458,119.24014851732345,-20.16647161151936,-0.1984593135620691
6.389830508474576,119.24014851732345,-20.335717312178758,-0.1984593135620691
6.4406779661016955,119.24014851732345,-20.49270950864839,-0.1984593135620691
6.491525423728813,119.24014851732345,-20.638184443297362,-0.1984593135620691
6.5423728813559325,119.24014851732345,-20.772857581566576,-0.1984593135620691
6.593220338983051,119.24014851732345,-20.89742012463985,-0.1984593135620691
6.6440677966101696,119.24014851732345,-21.0125363707975,-0.1984593135620691
6.694915254237289,119.24014851732345,-21.118841820189434,-0.1984593135620691
6.745762711864407,119.24014851732345,-21.216941922280853,-0.1984593135620691
6.796610169491526,119.24014851732345,-21.307411371531323,-0.1984593135620691
6.8474576271186445,119.24014851732345,-21.390793864319324,-0.1984593135620691
6.898305084745763,119.24014851732345,-21.46760223819632,-0.1984593135620691
6.9491525423728815,119.24014851732345,-21.538318922838656,-0.1984593135620691
7.0,119.24014851732345,-21.603396640253184,-0.1984593135620691
4.0,124.84071819287054,0.7052180470975387,-0.1984593135620691
4.0508474576271185,124.84071819287054,0.3635088167128746,-0.1984593135620691
4.101694915254237,124.84071819287054,0.0016818012403199134,-0.1984593135620691
4.1525423728813555,124.84071819287054,-0.3805562200065875,-0.1984593135620691
4.203389830508475,124.84071819287054,-0.78336451926703,-0.1984593135620691
4.254237288135593,124.84071819287054,-1.2067511567265417,-0.1984593135620691
4.305084745762712,124.84071819287054,-1.6505566367356437,-0.1984593135620691
4.3559322033898304,124.84071819287054,-2.1144391139970953,-0.1984593135620691
4.406779661016949,124.84071819287054,-2.5978618229633597,-0.1984593135620691
4.4576271186440675,124.84071819287054,-3.10008341900323,-0.1984593135620691
4.508474576271187,124.84071819287054,-3.620151900802064,-0.1984593135620691
4.559322033898305,124.84071819287054,-4.156902724754508,-0.1984593135620691
4.610169491525424,124.84071819287054,-4.708961620880331,-0.1984593135620691
4.661016949152542,124.84071819287054,-5.274752476198046,-0.1984593135620691
4.711864406779661,124.84071819287054,-5.852510469338759,-0.1984593135620691
4.762711864406779,124.84071819287054,-6.440300427192845,-0.1984593135620691
4.813559322033898,124.84071819287054,-7.036040142008471,-0.1984593135620691
4.864406779661017,124.84071819287054,-7.637528150126444,-0.1984593135620691
4.915254237288136,124.84071819287054,-8.242475247894012,-0.1984593135620691
4.966101694915254,124.84071819287054,-8.84853882311979,-0.1984593135620691
5.016949152542373,124.84071819287054,-9.453358927274426,-0.1984593135620691
5.067796610169491,124.84071819287054,-10.054594917061443,-0.1984593135620691
5.118644067796611,124.84071819287054,-10.649961462087951,-0.1984593135620691
5.169491525423728,124.84071819287054,-11.237262750864938,-0.1984593135620691
5.220338983050848,124.84071819287054,-11.814423827247584,-0.1984593135620691
5.271186440677966,124.84071819287054,-12.379518145308847,-0.1984593135620691
5.322033898305085,124.84071819287054,-12.930790629770376,-0.1984593135620691
5.372881355932203,124.84071819287054,-13.46667575581418,-0.1984593135620691
5.423728813559322,124.84071819287054,-13.98581039947969,-0.1984593135620691
5.474576271186441,124.84071819287054,-14.4870414415267,-0.1984593135620691
5.52542372881356,124.84071819287054,-14.969428319233323,-0.1984593135620691
5.576271186440678,124.84071819287054,-15.432240900834985,-0.1984593135620691
5.627118644067797,124.84071819287054,-15.874953198685455,-0.1984593135620691
5.677966101694915,124.84071819287054,-16.297233536132126,-0.1984593135620691
5.728813559322034,124.84071819287054,-16.698931839570317,-0.1984593135620691
5.779661016949152,124.84071819287054,-17.08006474423263,-0.1984593135620691
5.830508474576272,124.84071819287054,-17.440799185277335,-0.1984593135620691
5.88135593220339,124.84071819287054,-17.781435101348585,-0.1984593135620691
5.932203389830509,124.84071819287054,-18.10238781325417,-0.1984593135620691
5.983050847457627,124.84071819287054,-18.404170562895064,-0.1984593135620691
6.033898305084746,124.84071819287054,-18.687377613605445,-0.1984593135620691
6.084745762711865,124.84071819287054,-18.952668228164153,-0.1984593135620691
6.135593220338983,124.84071819287054,-19.200751759309608,-0.1984593135620691
6.186440677966102,124.84071819287054,-19.4323740128299,-0.1984593135620691
6.237288135593221,124.84071819287054,-19.648304977291325,-0.1984593135620691
6.288135593220339,124.84071819287054,-19.849327958315808,-0.1984593135620691
6.338983050847458,124.84071819287054,-20.03623010932389,-0.1984593135620691
6.389830508474576,124.84071819287054,-20.209794314517545,-0.1984593135620691
6.4406779661016955,124.84071819287054,-20.37079235284701,-0.1984593135620691
6.491525423728813,124.84071819287054,-20.519979252777556,-0.1984593135620691
6.5423728813559325,124.84071819287054,-20.658088735698318,-0.1984593135620691
6.593220338983051,124.84071819287054,-20.785829639610096,-0.1984593135620691
6.6440677966101696,124.84071819287054,-20.90388321315073,-0.1984593135620691
6.694915254237289,124.84071819287054,-21.01290117200924,-0.1984593135620691
6.745762711864407,124.84071819287054,-21.11350441441112,-0.1984593135620691
6.796610169491526,124.84071819287054,-21.206282298825844,-0.1984593135620691
6.8474576271186445,124.84071819287054,-21.29179239468902,-0.1984593135620691
6.898305084745763,124.84071819287054,-21.370560625209727,-0.1984593135620691
6.9491525423728815,124.84071819287054,-21.44308172982897,-0.1984593135620691
7.0,124.84071819287054,-21.509819982291887,-0.1984593135620691
4.0,130.7043400457312,1.3515339196432556,-0.1984593135620691
4.0508474576271185,130.7043400457312,1.00132251647954,-0.1984593135620691
4.101694915254237,130.7043400457312,0.6304927714107933,-0.1984593135620691
4.1525423728813555,130.7043400457312,0.23874416803619525,-0.1984593135620691
4.203389830508475,130.7043400457312,-0.1740865287851605,-0.1984593135620691
4.254237288135593,130.7043400457312,-0.608007579786765,-0.1984593135620691
4.305084745762712,130.7043400457312,-1.0628555208586814,-0.1984593135620691
4.3559322033898304,130.7043400457312,-1.5382800011453703,-0.1984593135620691
4.406779661016949,130.7043400457312,-2.033730899670113,-0.1984593135620691
4.4576271186440675,130.7043400457312,-2.5484484261772273,-0.1984593135620691
4.508474576271187,130.7043400457312,-3.081456892313664,-0.1984593135620691
4.559322033898305,130.7043400457312,-3.6315627791053675,-0.1984593135620691
4.610169491525424,130.7043400457312,-4.197357622936758,-0.1984593135620691
4.661016949152542,130.7043400457312,-4.777226095073029,-0.1984593135620691
4.711864406779661,130.7043400457312,-5.369359463080352,-0.1984593135620691
4.762711864406779,130.7043400457312,-5.97177440420996,-0.1984593135620691
4.813559322033898,130.7043400457312,-6.582336902656579,-0.1984593135620691
4.864406779661017,130.7043400457312,-7.19879071946456,-0.1984593135620691
4.915254237288136,130.7043400457312,-7.818789692598841,-0.1984593135620691
4.966101694915254,130.7043400457312,-8.439932922611405,-0.1984593135620691
5.016949152542373,130.7043400457312,-9.059801742365494,-0.1984593135620691
5.067796610169491,130.7043400457312,-9.675997270296676,-0.1984593135620691
5.118644067796611,130.7043400457312,-10.286177314001531,-0.1984593135620691
5.169491525423728,130.7043400457312,-10.888091427327977,-0.1984593135620691
5.220338983050848,130.7043400457312,-11.479613026507227,-0.1984593135620691
5.271186440677966,130.7043400457312,-12.058767630628683,-0.1984593135620691
5.322033898305085,130.7043400457312,-12.623756495844553,-0.1984593135620691
5.372881355932203,130.7043400457312,-13.172975145030879,-0.1984593135620691
5.423728813559322,130.7043400457312,-13.70502653791931,-0.1984593135620691
5.474576271186441,130.7043400457312,-14.218728864154077,-0.1984593135620691
5.52542372881356,130.7043400457312,-14.713118158582054,-0.1984593135620691
5.576271186440678,130.7043400457312,-15.187446122804978,-0.1984593135620691
5.627118644067797,130.7043400457312,-15.641173681915724,-0.1984593135620691
5.677966101694915,130.7043400457312,-16.073960906712575,-0.1984593135620691
5.728813559322034,130.7043400457312,-16.48565398956319,-0.1984593135620691
5.779661016949152,130.7043400457312,-16.876269979606523,-0.1984593135620691
5.830508474576272,130.7043400457312,-17.24597996556602,-0.1984593135620691
5.88135593220339,130.7043400457312,-17.59509134895177,-0.1984593135620691
5.932203389830509,130.7043400457312,-17.924029784296703,-0.1984593135620691
5.983050847457627,130.7043400457312,-18.233321283631884,-0.1984593135620691
6.033898305084746,130.7043400457312,-18.523574896340822,-0.1984593135620691
6.084745762711865,130.7043400457312,-18.795466288522952,-0.1984593135620691
6.135593220338983,130.7043400457312,-19.049722462541006,-0.1984593135620691
6.186440677966102,130.7043400457312,-19.287107780806977,-0.1984593135620691
6.237288135593221,130.7043400457312,-19.508411390210217,-0.1984593135620691
6.288135593220339,130.7043400457312,-19.714436086041488,-0.1984593135620691
6.338983050847458,130.7043400457312,-19.905988607128414,-0.1984593135620691
6.389830508474576,130.7043400457312,-20.08387131685633,-0.1984593135620691
6.4406779661016955,130.7043400457312,-20.248875197045624,-0.1984593135620691
6.491525423728813,130.7043400457312,-20.401774062257743,-0.1984593135620691
6.5423728813559325,130.7043400457312,-20.54331988983006,-0.1984593135620691
6.593220338983051,130.7043400457312,-20.67423915458034,-0.1984593135620691
6.6440677966101696,130.7043400457312,-20.795230055503957,-0.1984593135620691
6.694915254237289,130.7043400457312,-20.906960523829042,-0.1984593135620691
6.745762711864407,130.7043400457312,-21.01006690654139,-0.1984593135620691
6.796610169491526,130.7043400457312,-21.10515322612036,-0.1984593135620691
6.8474576271186445,130.7043400457312,-21.19279092505871,-0.1984593135620691
6.898305084745763,130.7043400457312,-21.27351901222313,-0.1984593135620691
6.9491525423728815,130.7043400457312,-21.347844536819288,-0.1984593135620691
7.0,130.7043400457312,-21.41624332433059,-0.1984593135620691
4.0,136.84336932760237,1.997849792188962,-0.1984593135620691
4.0508474576271185,136.84336932760237,1.6391362162461967,-0.1984593135620691
4.101694915254237,136.84336932760237,1.259303741581256,-0.1984593135620691
4.1525423728813555,136.84336932760237,0.8580445560789656,-0.1984593135620691
4.203389830508475,136.84336932760237,0.4351914616967001,-0.1984593135620691
4.254237288135593,136.84336932760237,-0.009264002846997244,-0.1984593135620691
4.305084745762712,136.84336932760237,-0.4751544049817298,-0.1984593135620691
4.3559322033898304,136.84336932760237,-0.9621208882936543,-0.1984593135620691
4.406779661016949,136.84336932760237,-1.469599976376875,-0.1984593135620691
4.4576271186440675,136.84336932760237,-1.9968134333512317,-0.1984593135620691
4.508474576271187,136.84336932760237,-2.542761883825275,-0.1984593135620691
4.559322033898305,136.84336932760237,-3.1062228334562345,-0.1984593135620691
4.610169491525424,136.84336932760237,-3.685753624993197,-0.1984593135620691
4.661016949152542,136.84336932760237,-4.2796997139480215,-0.1984593135620691
4.711864406779661,136.84336932760237,-4.886208456821953,-0.1984593135620691
4.762711864406779,136.84336932760237,-5.503248381227081,-0.1984593135620691
4.813559322033898,136.84336932760237,-6.128633663304694,-0.1984593135620691
4.864406779661017,136.84336932760237,-6.760053288802682,-0.1984593135620691
4.915254237288136,136.84336932760237,-7.395104137303676,-0.1984593135620691
4.966101694915254,136.84336932760237,-8.031327022103026,-0.1984593135620691
5.016949152542373,136.84336932760237,-8.666244557456567,-0.1984593135620691
5.067796610169491,136.84336932760237,-9.297399623531916,-0.1984593135620691
5.118644067796611,136.84336932760237,-9.922393165915118,-0.1984593135620691
5.169491525423728,136.84336932760237,-10.538920103791021,-0.1984593135620691
5.220338983050848,136.84336932760237,-11.144802225766874,-0.1984593135620691
5.271186440677966,136.84336932760237,-11.738017115948523,-0.1984593135620691
5.322033898305085,136.84336932760237,-12.316722361918735,-0.1984593135620691
5.372881355932203,136.84336932760237,-12.879274534247585,-0.1984593135620691
5.423728813559322,136.84336932760237,-13.424242676358933,-0.1984593135620691
5.474576271186441,136.84336932760237,-13.950416286781461,-0.1984593135620691
5.52542372881356,136.84336932760237,-14.456807997930788,-0.1984593135620691
5.576271186440678,136.84336932760237,-14.942651344774973,-0.1984593135620691
5.627118644067797,136.84336932760237,-15.407394165145998,-0.1984593135620691
5.677966101694915,136.84336932760237,-15.850688277293028,-0.1984593135620691
5.728813559322034,136.84336932760237,-16.272376139556062,-0.1984593135620691
5.779661016949152,136.84336932760237,-16.672475214980416,-0.1984593135620691
5.830508474576272,136.84336932760237,-17.051160745854705,-0.1984593135620691
5.88135593220339,136.84336932760237,-17.408747596554953,-0.1984593135620691
5.932203389830509,136.84336932760237,-17.745671755339245,-0.1984593135620691
5.983050847457627,136.84336932760237,-18.062472004368708,-0.1984593135620691
6.033898305084746,136.84336932760237,-18.359772179076202,-0.1984593135620691
6.084745762711865,136.84336932760237,-18.638264348881748,-0.1984593135620691
6.135593220338983,136.84336932760237,-18.898693165772404,-0.1984593135620691
6.186440677966102,136.84336932760237,-19.141841548784054,-0.1984593135620691
6.237288135593221,136.84336932760237,-19.368517803129112,-0.1984593135620691
6.288135593220339,136.84336932760237,-19.579544213767168,-0.1984593135620691
6.338983050847458,136.84336932760237,-19.77574710493294,-0.1984593135620691
6.389830508474576,136.84336932760237,-19.957948319195122,-0.1984593135620691
6.4406779661016955,136.84336932760237,-20.126958041244244,-0.1984593135620691
6.491525423728813,136.84336932760237,-20.283568871737938,-0.1984593135620691
6.5423728813559325,136.84336932760237,-20.4285510439618,-0.1984593135620691
6.593220338983051,136.84336932760237,-20.56264866955059,-0.1984593135620691
6.6440677966101696,136.84336932760237,-20.686576897857186,-0.1984593135620691
6.694915254237289,136.84336932760237,-20.801019875648848,-0.1984593135620691
6.745762711864407,136.84336932760237,-20.906629398671658,-0.1984593135620691
6.796610169491526,136.84336932760237,-21.00402415341488,-0.1984593135620691
6.8474576271186445,136.84336932760237,-21.093789455428404,-0.1984593135620691
6.898305084745763,136.84336932760237,-21.176477399236536,-0.1984593135620691
6.9491525423728815,136.84336932760237,-21.2526073438096,-0.1984593135620691
7.0,136.84336932760237,-21.322666666369294,-0.1984593135620691
4.0,143.27074160183713,2.6441656647346825,-0.1984593135620691
4.0508474576271185,143.27074160183713,2.2769499160128657,-0.1984593135620691
4.101694915254237,143.27074160183713,1.888114711751733,-0.1984593135620691
4.1525423728813555,143.27074160183713,1.47734494412175,-0.1984593135620691
4.203389830508475,143.27074160183713,1.0444694521785731,-0.1984593135620691
4.254237288135593,143.27074160183713,0.589479574092783,-0.1984593135620691
4.305084745762712,143.27074160183713,0.11254671089523605,-0.1984593135620691
4.3559322033898304,143.27074160183713,-0.3859617754419258,-0.1984593135620691
4.406779661016949,143.27074160183713,-0.9054690530836247,-0.1984593135620691
4.4576271186440675,143.27074160183713,-1.4451784405252255,-0.1984593135620691
4.508474576271187,143.27074160183713,-2.004066875336873,-0.1984593135620691
4.559322033898305,143.27074160183713,-2.580882887807091,-0.1984593135620691
4.610169491525424,143.27074160183713,-3.174149627049623,-0.1984593135620691
4.661016949152542,143.27074160183713,-3.782173332823003,-0.1984593135620691
4.711864406779661,143.27074160183713,-4.403057450563544,-0.1984593135620691
4.762711864406779,143.27074160183713,-5.034722358244192,-0.1984593135620691
4.813559322033898,143.27074160183713,-5.674930423952798,-0.1984593135620691
4.864406779661017,143.27074160183713,-6.321315858140794,-0.1984593135620691
4.915254237288136,143.27074160183713,-6.971418582008502,-0.1984593135620691
4.966101694915254,143.27074160183713,-7.622721121594639,-0.1984593135620691
5.016949152542373,143.27074160183713,-8.272687372547633,-0.1984593135620691
5.067796610169491,143.27074160183713,-8.918801976767147,-0.1984593135620691
5.118644067796611,143.27074160183713,-9.558609017828697,-0.1984593135620691
5.169491525423728,143.27074160183713,-10.189748780254059,-0.1984593135620691
5.220338983050848,143.27074160183713,-10.809991425026514,-0.1984593135620691
5.271186440677966,143.27074160183713,-11.417266601268357,-0.1984593135620691
5.322033898305085,143.27074160183713,-12.009688227992909,-0.1984593135620691
5.372881355932203,143.27074160183713,-12.585573923464285,-0.1984593135620691
5.423728813559322,143.27074160183713,-13.143458814798553,-0.1984593135620691
5.474576271186441,143.27074160183713,-13.682103709408839,-0.1984593135620691
5.52542372881356,143.27074160183713,-14.200497837279517,-0.1984593135620691
5.576271186440678,143.27074160183713,-14.697856566744964,-0.1984593135620691
5.627118644067797,143.27074160183713,-15.173614648376265,-0.1984593135620691
5.677966101694915,143.27074160183713,-15.627415647873473,-0.1984593135620691
5.728813559322034,143.27074160183713,-16.05909828954893,-0.1984593135620691
5.779661016949152,143.27074160183713,-16.468680450354306,-0.1984593135620691
5.830508474576272,143.27074160183713,-16.85634152614339,-0.1984593135620691
5.88135593220339,143.27074160183713,-17.222403844158137,-0.1984593135620691
5.932203389830509,143.27074160183713,-17.56731372638178,-0.1984593135620691
5.983050847457627,143.27074160183713,-17.891622725105524,-0.1984593135620691
6.033898305084746,143.27074160183713,-18.19596946181158,-0.1984593135620691
6.084745762711865,143.27074160183713,-18.481062409240543,-0.1984593135620691
6.135593220338983,143.27074160183713,-18.7476638690038,-0.1984593135620691
6.186440677966102,143.27074160183713,-18.996575316761128,-0.1984593135620691
6.237288135593221,143.27074160183713,-19.228624216048004,-0.1984593135620691
6.288135593220339,143.27074160183713,-19.444652341492844,-0.1984593135620691
6.338983050847458,143.27074160183713,-19.645505602737465,-0.1984593135620691
6.389830508474576,143.27074160183713,-19.83202532153391,-0.1984593135620691
6.4406779661016955,143.27074160183713,-20.00504088544286,-0.1984593135620691
6.491525423728813,143.27074160183713,-20.165363681218125,-0.1984593135620691
6.5423728813559325,143.27074160183713,-20.313782198093538,-0.1984593135620691
6.593220338983051,143.27074160183713,-20.451058184520832,-0.1984593135620691
6.6440677966101696,143.27074160183713,-20.577923740210416,-0.1984593135620691
6.694915254237289,143.27074160183713,-20.69507922746865,-0.1984593135620691
6.745762711864407,143.27074160183713,-20.803191890801926,-0.1984593135620691
6.796610169491526,143.27074160183713,-20.902895080709396,-0.1984593135620691
6.8474576271186445,143.27074160183713,-20.994787985798094,-0.1984593135620691
6.898305084745763,143.27074160183713,-21.07943578624994,-0.1984593135620691
6.9491525423728815,143.27074160183713,-21.157370150799917,-0.1984593135620691
7.0,143.27074160183713,-21.229090008407994,-0.1984593135620691
4.0,150.0,3.2904815372803817,-0.1984593135620691
4.0508474576271185,150.0,2.9147636157795134,-0.1984593135620691
4.101694915254237,150.0,2.5169256819221886,-0.1984593135620691
4.1525423728813555,150.0,2.0966453321645133,-0.1984593135620691
4.203389830508475,150.0,1.6537474426604248,-0.1984593135620691
4.254237288135593,150.0,1.1882231510325418,-0.1984593135620691
4.305084745762712,150.0,0.7002478267721806,-0.1984593135620691
4.3559322033898304,150.0,0.1901973374097814,-0.1984593135620691
4.406779661016949,150.0,-0.3413381297903939,-0.1984593135620691
4.4576271186440675,150.0,-0.893543447699237,-0.1984593135620691
4.508474576271187,150.0,-1.4653718668484892,-0.1984593135620691
4.559322033898305,150.0,-2.0555429421579667,-0.1984593135620691
4.610169491525424,150.0,-2.6625456291060665,-0.1984593135620691
4.661016949152542,150.0,-3.284646951698001,-0.1984593135620691
4.711864406779661,150.0,-3.919906444305152,-0.1984593135620691
4.762711864406779,150.0,-4.566196335261321,-0.1984593135620691
4.813559322033898,150.0,-5.22122718460092,-0.1984593135620691
4.864406779661017,150.0,-5.882578427478922,-0.1984593135620691
4.915254237288136,150.0,-6.547733026713344,-0.1984593135620691
4.966101694915254,150.0,-7.214115221086265,-0.1984593135620691
5.016949152542373,150.0,-7.879130187638712,-0.1984593135620691
5.067796610169491,150.0,-8.540204330002393,-0.1984593135620691
5.118644067796611,150.0,-9.19482486974229,-0.1984593135620691
5.169491525423728,150.0,-9.840577456717108,-0.1984593135620691
5.220338983050848,150.0,-10.475180624286166,-0.1984593135620691
5.271186440677966,150.0,-11.096516086588203,-0.1984593135620691
5.322033898305085,150.0,-11.702654094067094,-0.1984593135620691
5.372881355932203,150.0,-12.291873312680995,-0.1984593135620691
5.423728813559322,150.0,-12.86267495323818,-0.1984593135620691
5.474576271186441,150.0,-13.413791132036227,-0.1984593135620691
5.52542372881356,150.0,-13.944187676628255,-0.1984593135620691
5.576271186440678,150.0,-14.453061788714962,-0.1984593135620691
5.627118644067797,150.0,-14.939835131606543,-0.1984593135620691
5.677966101694915,150.0,-15.404143018453928,-0.1984593135620691
5.728813559322034,150.0,-15.845820439541807,-0.1984593135620691
5.779661016949152,150.0,-16.264885685728203,-0.1984593135620691
5.830508474576272,150.0,-16.661522306432076,-0.1984593135620691
5.88135593220339,150.0,-17.036060091761325,-0.1984593135620691
5.932203389830509,150.0,-17.388955697424322,-0.1984593135620691
5.983050847457627,150.0,-17.720773445842347,-0.1984593135620691
6.033898305084746,150.0,-18.03216674454696,-0.1984593135620691
6.084745762711865,150.0,-18.323860469599346,-0.1984593135620691
6.135593220338983,150.0,-18.596634572235203,-0.1984593135620691
6.186440677966102,150.0,-18.851309084738208,-0.1984593135620691
6.237288135593221,150.0,-19.0887306289669,-0.1984593135620691
6.288135593220339,150.0,-19.309760469218524,-0.1984593135620691
6.338983050847458,150.0,-19.515264100541994,-0.1984593135620691
6.389830508474576,150.0,-19.7061023238727,-0.1984593135620691
6.4406779661016955,150.0,-19.883123729641483,-0.1984593135620691
6.491525423728813,150.0,-20.04715849069832,-0.1984593135620691
6.5423728813559325,150.0,-20.199013352225283,-0.1984593135620691
6.593220338983051,150.0,-20.33946769949108,-0.1984593135620691
6.6440677966101696,150.0,-20.469270582563645,-0.1984593135620691
6.694915254237289,150.0,-20.589138579288456,-0.1984593135620691
6.745762711864407,150.0,-20.699754382932195,-0.1984593135620691
6.796610169491526,150.0,-20.801766008003916,-0.1984593135620691
6.8474576271186445,150.0,-20.89578651616779,-0.1984593135620691
6.898305084745763,150.0,-20.982394173263348,-0.1984593135620691
6.9491525423728815,150.0,-21.062132957790233,-0.1984593135620691
7.0,150.0,-21.1355133504467,-0.1984593135620691
