pH,ionic_strength_mM,zeta_mV_predicted,V_max_kT
3.0,25.0,8.888903576860733,-0.13743102235507704
3.0677966101694913,25.0,8.888903575369811,-0.13743102235507704
3.135593220338983,25.0,8.888903568102998,-0.13743102235507704
3.2033898305084745,25.0,8.888903532684191,-0.13743102235507704
3.2711864406779663,25.0,8.888903360051222,-0.13743102235507704
3.3389830508474576,25.0,8.888902518629893,-0.13743102235507706
3.406779661016949,25.0,8.888898417502807,-0.13743102235507712
3.4745762711864407,25.0,8.888878428434628,-0.13743102235507737
3.542372881355932,25.0,8.888781001287507,-0.13743102235507865
3.610169491525424,25.0,8.88830614932987,-0.1374310223550848
3.6779661016949152,25.0,8.88599199832658,-0.13743102235511495
3.7457627118644066,25.0,8.874719843646739,-0.13743102235526156
3.8135593220338984,25.0,8.819947629863409,-0.1374310223559712
3.8813559322033897,25.0,8.55693414324051,-0.13743102235931778
3.9491525423728815,25.0,7.362200904291386,-0.13743102237324423
4.016949152542373,25.0,3.0532121830535512,-0.13743102240610683
4.084745762711864,25.0,-4.9749020651158835,-0.13743102239481025
4.152542372881356,25.0,-10.426699150819562,-0.13743102233332719
4.220338983050848,25.0,-12.121852934130935,-0.13743102230533877
4.288135593220339,25.0,-12.507103931725625,-0.1374310222983911
4.3559322033898304,25.0,-12.587898448447655,-0.13743102229690646
4.423728813559322,25.0,-12.604550415756437,-0.1374310222965993
4.491525423728813,25.0,-12.607970063966151,-0.13743102229653614
4.559322033898305,25.0,-12.608671801798463,-0.1374310222965232
4.627118644067797,25.0,-12.608815781798059,-0.13743102229652052
4.694915254237288,25.0,-12.608845322163598,-0.13743102229652002
4.762711864406779,25.0,-12.608851382919259,-0.13743102229651988
4.830508474576272,25.0,-12.608852626394421,-0.13743102229651988
4.898305084745763,25.0,-12.608852881516086,-0.13743102229651985
4.966101694915254,25.0,-12.608852933858955,-0.13743102229651985
5.033898305084746,25.0,-12.608852944598052,-0.13743102229651985
5.101694915254237,25.0,-12.608852946801372,-0.13743102229651985
5.169491525423728,25.0,-12.608852947253425,-0.13743102229651985
5.23728813559322,25.0,-12.608852947346172,-0.13743102229651985
5.305084745762712,25.0,-12.6088529473652,-0.13743102229651985
5.372881355932203,25.0,-12.608852947369105,-0.13743102229651985
5.4406779661016955,25.0,-12.608852947369906,-0.13743102229651985
5.508474576271187,25.0,-12.60885294737007,-0.13743102229651985
5.576271186440678,25.0,-12.608852947370103,-0.13743102229651985
5.6440677966101696,25.0,-12.60885294737011,-0.13743102229651985
5.711864406779661,25.0,-12.608852947370112,-0.13743102229651985
5.779661016949152,25.0,-12.608852947370112,-0.13743102229651985
5.847457627118644,25.0,-12.608852947370112,-0.13743102229651985
5.915254237288135,25.0,-12.608852947370112,-0.13743102229651985
5.983050847457627,25.0,-12.608852947370112,-0.13743102229651985
6.0508474576271185,25.0,-12.608852947370112,-0.13743102229651985
6.118644067796611,25.0,-12.608852947370112,-0.13743102229651985
6.186440677966102,25.0,-12.608852947370112,-0.13743102229651985
6.254237288135593,25.0,-12.608852947370112,-0.13743102229651985
6.322033898305085,25.0,-12.608852947370112,-0.13743102229651985
6.389830508474576,25.0,-12.608852947370112,-0.13743102229651985
6.4576271186440675,25.0,-12.608852947370112,-0.13743102229651985
6.525423728813559,25.0,-12.608852947370112,-0.13743102229651985
6.593220338983051,25.0,-12.608852947370112,-0.13743102229651985
6.661016949152542,25.0,-12.608852947370112,-0.13743102229651985
6.728813559322034,25.0,-12.608852947370112,-0.13743102229651985
6.796610169491526,25.0,-12.608852947370112,-0.13743102229651985
6.864406779661017,25.0,-12.608852947370112,-0.13743102229651985
6.932203389830509,25.0,-12.608852947370112,-0.13743102229651985
7.0,25.0,-12.608852947370112,-0.13743102229651985
3.0,25.594368311777455,8.99064427658649,-0.13743102236939664
3.0677966101694913,25.594368311777455,8.99064427509035,-0.13743102236939664
3.135593220338983,25.594368311777455,8.990644267798098,-0.13743102236939664
3.2033898305084745,25.594368311777455,8.990644232255297,-0.13743102236939664
3.2711864406779663,25.594368311777455,8.990644059017976,-0.13743102236939664
3.3389830508474576,25.594368311777455,8.99064321465101,-0.13743102236939664
3.406779661016949,25.594368311777455,8.990639099166753,-0.1374310223693967
3.4745762711864407,25.594368311777455,8.99061904012111,-0.13743102236939686
3.542372881355932,25.594368311777455,8.990521271902326,-0.13743102236939783
3.610169491525424,25.594368311777455,8.990044757589258,-0.13743102236940244
3.6779661016949152,25.594368311777455,8.987722505236853,-0.13743102236942492
3.7457627118644066,25.594368311777455,8.976410889147534,-0.13743102236953436
3.8135593220338984,25.594368311777455,8.921446929525224,-0.13743102237006422
3.8813559322033897,25.594368311777455,8.657512688779535,-0.13743102237256316
3.9491525423728815,25.594368311777455,7.458596943566114,-0.13743102238296998
4.016949152542373,25.594368311777455,3.134523371809497,-0.1374310224076409
4.084745762711864,25.594368311777455,-4.921695592156584,-0.1374310223998862
4.152542372881356,25.594368311777455,-10.39257825673199,-0.13743102235476065
4.220338983050848,25.594368311777455,-12.093666411906899,-0.13743102233415852
4.288135593220339,25.594368311777455,-12.480266091080235,-0.1374310223290416
4.3559322033898304,25.594368311777455,-12.561343452173958,-0.1374310223279481
4.423728813559322,25.594368311777455,-12.57805371446886,-0.13743102232772184
4.491525423728813,25.594368311777455,-12.581485334137636,-0.13743102232767532
4.559322033898305,25.594368311777455,-12.582189528604435,-0.13743102232766577
4.627118644067797,25.594368311777455,-12.582334012647303,-0.13743102232766383
4.694915254237288,25.594368311777455,-12.582363656427361,-0.13743102232766344
4.762711864406779,25.594368311777455,-12.582369738400434,-0.13743102232766333
4.830508474576272,25.594368311777455,-12.582370986228739,-0.13743102232766333
4.898305084745763,25.594368311777455,-12.582371242243529,-0.13743102232766333
4.966101694915254,25.594368311777455,-12.58237129476964,-0.13743102232766333
5.033898305084746,25.594368311777455,-12.582371305546332,-0.13743102232766333
5.101694915254237,25.594368311777455,-12.582371307757366,-0.13743102232766333
5.169491525423728,25.594368311777455,-12.582371308211002,-0.13743102232766333
5.23728813559322,25.594368311777455,-12.582371308304072,-0.13743102232766333
5.305084745762712,25.594368311777455,-12.582371308323168,-0.13743102232766333
5.372881355932203,25.594368311777455,-12.582371308327085,-0.13743102232766333
5.4406779661016955,25.594368311777455,-12.58237130832789,-0.13743102232766333
5.508474576271187,25.594368311777455,-12.582371308328053,-0.13743102232766333
5.576271186440678,25.594368311777455,-12.582371308328087,-0.13743102232766333
5.6440677966101696,25.594368311777455,-12.582371308328094,-0.13743102232766333
5.711864406779661,25.594368311777455,-12.582371308328096,-0.13743102232766333
5.779661016949152,25.594368311777455,-12.582371308328096,-0.13743102232766333
5.847457627118644,25.594368311777455,-12.582371308328096,-0.13743102232766333
5.915254237288135,25.594368311777455,-12.582371308328096,-0.13743102232766333
5.983050847457627,25.594368311777455,-12.582371308328096,-0.13743102232766333
6.0508474576271185,25.594368311777455,-12.582371308328096,-0.13743102232766333
6.118644067796611,25.594368311777455,-12.582371308328096,-0.13743102232766333
6.186440677966102,25.594368311777455,-12.582371308328096,-0.13743102232766333
6.254237288135593,25.594368311777455,-12.582371308328096,-0.13743102232766333
6.322033898305085,25.594368311777455,-12.582371308328096,-0.13743102232766333
6.389830508474576,25.594368311777455,-12.582371308328096,-0.13743102232766333
6.4576271186440675,25.594368311777455,-12.582371308328096,-0.13743102232766333
6.525423728813559,25.594368311777455,-12.582371308328096,-0.13743102232766333
6.593220338983051,25.594368311777455,-12.582371308328096,-0.13743102232766333
6.661016949152542,25.594368311777455,-12.582371308328096,-0.13743102232766333
6.728813559322034,25.594368311777455,-12.582371308328096,-0.13743102232766333
6.796610169491526,25.594368311777455,-12.582371308328096,-0.13743102232766333
6.864406779661017,25.594368311777455,-12.582371308328096,-0.13743102232766333
6.932203389830509,25.594368311777455,-12.582371308328096,-0.13743102232766333
7.0,25.594368311777455,-12.582371308328096,-0.13743102232766333
3.0,26.2028675711567,9.092384976312244,-0.1374310223802985
3.0677966101694913,26.2028675711567,9.092384974810885,-0.1374310223802985
3.135593220338983,26.2028675711567,9.092384967493192,-0.1374310223802985
3.2033898305084745,26.2028675711567,9.092384931826398,-0.1374310223802985
3.2711864406779663,26.2028675711567,9.092384757984727,-0.1374310223802985
3.3389830508474576,26.2028675711567,9.092383910672124,-0.1374310223802985
3.406779661016949,26.2028675711567,9.092379780830695,-0.13743102238029853
3.4745762711864407,26.2028675711567,9.092359651807588,-0.1374310223802987
3.542372881355932,26.2028675711567,9.09226154251714,-0.1374310223802994
3.610169491525424,26.2028675711567,9.091783365848642,-0.13743102238030283
3.6779661016949152,26.2028675711567,9.089453012147123,-0.13743102238031954
3.7457627118644066,26.2028675711567,9.078101934648323,-0.13743102238040095
3.8135593220338984,26.2028675711567,9.022946229187035,-0.13743102238079505
3.8813559322033897,26.2028675711567,8.758091234318558,-0.13743102238265406
3.9491525423728815,26.2028675711567,7.554992982840838,-0.13743102239040147
4.016949152542373,26.2028675711567,3.2158345605654395,-0.13743102240885047
4.084745762711864,26.2028675711567,-4.868489119197286,-0.13743102240357644
4.152542372881356,26.2028675711567,-10.358457362644423,-0.1374310223705774
4.220338983050848,26.2028675711567,-12.065479889682862,-0.1374310223554672
4.288135593220339,26.2028675711567,-12.453428250434845,-0.13743102235171234
4.3559322033898304,26.2028675711567,-12.53478845590026,-0.13743102235090981
4.423728813559322,26.2028675711567,-12.551557013181283,-0.13743102235074375
4.491525423728813,26.2028675711567,-12.55500060430912,-0.13743102235070961
4.559322033898305,26.2028675711567,-12.555707255410407,-0.13743102235070262
4.627118644067797,26.2028675711567,-12.555852243496547,-0.13743102235070118
4.694915254237288,26.2028675711567,-12.555881990691125,-0.1374310223507009
4.762711864406779,26.2028675711567,-12.555888093881611,-0.13743102235070082
4.830508474576272,26.2028675711567,-12.555889346063058,-0.13743102235070082
4.898305084745763,26.2028675711567,-12.555889602970975,-0.13743102235070082
4.966101694915254,26.2028675711567,-12.555889655680327,-0.13743102235070082
5.033898305084746,26.2028675711567,-12.555889666494613,-0.13743102235070082
5.101694915254237,26.2028675711567,-12.55588966871336,-0.13743102235070082
5.169491525423728,26.2028675711567,-12.555889669168579,-0.13743102235070082
5.23728813559322,26.2028675711567,-12.555889669261974,-0.13743102235070082
5.305084745762712,26.2028675711567,-12.555889669281136,-0.13743102235070082
5.372881355932203,26.2028675711567,-12.555889669285069,-0.13743102235070082
5.4406779661016955,26.2028675711567,-12.555889669285875,-0.13743102235070082
5.508474576271187,26.2028675711567,-12.555889669286039,-0.13743102235070082
5.576271186440678,26.2028675711567,-12.555889669286074,-0.13743102235070082
5.6440677966101696,26.2028675711567,-12.555889669286081,-0.13743102235070082
5.711864406779661,26.2028675711567,-12.555889669286083,-0.13743102235070082
5.779661016949152,26.2028675711567,-12.555889669286083,-0.13743102235070082
5.847457627118644,26.2028675711567,-12.555889669286083,-0.13743102235070082
5.915254237288135,26.2028675711567,-12.555889669286083,-0.13743102235070082
5.983050847457627,26.2028675711567,-12.555889669286083,-0.13743102235070082
6.0508474576271185,26.2028675711567,-12.555889669286083,-0.13743102235070082
6.118644067796611,26.2028675711567,-12.555889669286083,-0.13743102235070082
6.186440677966102,26.2028675711567,-12.555889669286083,-0.13743102235070082
6.254237288135593,26.2028675711567,-12.555889669286083,-0.13743102235070082
6.322033898305085,26.2028675711567,-12.555889669286083,-0.13743102235070082
6.389830508474576,26.2028675711567,-12.555889669286083,-0.13743102235070082
6.4576271186440675,26.2028675711567,-12.555889669286083,-0.13743102235070082
6.525423728813559,26.2028675711567,-12.555889669286083,-0.13743102235070082
6.593220338983051,26.2028675711567,-12.555889669286083,-0.13743102235070082
6.661016949152542,26.2028675711567,-12.555889669286083,-0.13743102235070082
6.728813559322034,26.2028675711567,-12.555889669286083,-0.13743102235070082
6.796610169491526,26.2028675711567,-12.555889669286083,-0.13743102235070082
6.864406779661017,26.2028675711567,-12.555889669286083,-0.13743102235070082
6.932203389830509,26.2028675711567,-12.555889669286083,-0.13743102235070082
7.0,26.2028675711567,-12.555889669286083,-0.13743102235070082
3.0,26.825833737636557,9.194125676038002,-0.13743102238856678
3.0677966101694913,26.825833737636557,9.194125674531424,-0.13743102238856678
3.135593220338983,26.825833737636557,9.194125667188292,-0.13743102238856678
3.2033898305084745,26.825833737636557,9.194125631397503,-0.13743102238856678
3.2711864406779663,26.825833737636557,9.19412545695148,-0.13743102238856678
3.3389830508474576,26.825833737636557,9.194124606693242,-0.13743102238856678
3.406779661016949,26.825833737636557,9.194120462494642,-0.1374310223885668
3.4745762711864407,26.825833737636557,9.19410026349407,-0.13743102238856691
3.542372881355932,26.825833737636557,9.194001813131958,-0.13743102238856744
3.610169491525424,26.825833737636557,9.19352197410803,-0.13743102238856997
3.6779661016949152,26.825833737636557,9.191183519057395,-0.13743102238858235
3.7457627118644066,26.825833737636557,9.179792980149118,-0.1374310223886427
3.8135593220338984,26.825833737636557,9.12444552884885,-0.1374310223889347
3.8813559322033897,26.825833737636557,8.858669779857586,-0.13743102239031238
3.9491525423728815,26.825833737636557,7.651389022115566,-0.13743102239605776
4.016949152542373,26.825833737636557,3.2971457493213854,-0.13743102240979924
4.084745762711864,26.825833737636557,-4.815282646237987,-0.13743102240624924
4.152542372881356,26.825833737636557,-10.32433646855685,-0.13743102238220806
4.220338983050848,26.825833737636557,-12.037293367458826,-0.13743102237116692
4.288135593220339,26.825833737636557,-12.426590409789455,-0.13743102236842175
4.3559322033898304,26.825833737636557,-12.508233459626563,-0.13743102236783494
4.423728813559322,26.825833737636557,-12.525060311893705,-0.13743102236771354
4.491525423728813,26.825833737636557,-12.528515874480602,-0.1374310223676886
4.559322033898305,26.825833737636557,-12.52922498221638,-0.13743102236768345
4.627118644067797,26.825833737636557,-12.52937047434579,-0.1374310223676824
4.694915254237288,26.825833737636557,-12.529400324954887,-0.1374310223676822
4.762711864406779,26.825833737636557,-12.529406449362787,-0.13743102236768215
4.830508474576272,26.825833737636557,-12.529407705897375,-0.13743102236768215
4.898305084745763,26.825833737636557,-12.529407963698418,-0.13743102236768215
4.966101694915254,26.825833737636557,-12.529408016591011,-0.13743102236768215
5.033898305084746,26.825833737636557,-12.529408027442894,-0.13743102236768215
5.101694915254237,26.825833737636557,-12.529408029669353,-0.13743102236768215
5.169491525423728,26.825833737636557,-12.529408030126154,-0.13743102236768215
5.23728813559322,26.825833737636557,-12.529408030219875,-0.13743102236768215
5.305084745762712,26.825833737636557,-12.529408030239104,-0.13743102236768215
5.372881355932203,26.825833737636557,-12.529408030243049,-0.13743102236768215
5.4406779661016955,26.825833737636557,-12.529408030243859,-0.13743102236768215
5.508474576271187,26.825833737636557,-12.529408030244024,-0.13743102236768215
5.576271186440678,26.825833737636557,-12.529408030244058,-0.13743102236768215
5.6440677966101696,26.825833737636557,-12.529408030244065,-0.13743102236768215
5.711864406779661,26.825833737636557,-12.529408030244067,-0.13743102236768215
5.779661016949152,26.825833737636557,-12.529408030244067,-0.13743102236768215
5.847457627118644,26.825833737636557,-12.529408030244067,-0.13743102236768215
5.915254237288135,26.825833737636557,-12.529408030244067,-0.13743102236768215
5.983050847457627,26.825833737636557,-12.529408030244067,-0.13743102236768215
6.0508474576271185,26.825833737636557,-12.529408030244067,-0.13743102236768215
6.118644067796611,26.825833737636557,-12.529408030244067,-0.13743102236768215
6.186440677966102,26.825833737636557,-12.529408030244067,-0.13743102236768215
6.254237288135593,26.825833737636557,-12.529408030244067,-0.13743102236768215
6.322033898305085,26.825833737636557,-12.529408030244067,-0.13743102236768215
6.389830508474576,26.825833737636557,-12.529408030244067,-0.13743102236768215
6.4576271186440675,26.825833737636557,-12.529408030244067,-0.13743102236768215
6.525423728813559,26.825833737636557,-12.529408030244067,-0.13743102236768215
6.593220338983051,26.825833737636557,-12.529408030244067,-0.13743102236768215
6.661016949152542,26.825833737636557,-12.529408030244067,-0.13743102236768215
6.728813559322034,26.825833737636557,-12.529408030244067,-0.13743102236768215
6.796610169491526,26.825833737636557,-12.529408030244067,-0.13743102236768215
6.864406779661017,26.825833737636557,-12.529408030244067,-0.13743102236768215
6.932203389830509,26.825833737636557,-12.529408030244067,-0.13743102236768215
7.0,26.825833737636557,-12.529408030244067,-0.13743102236768215
3.0,27.46361075806302,9.29586637576376,-0.13743102239481203
3.0677966101694913,27.46361075806302,9.29586637425196,-0.13743102239481203
3.135593220338983,27.46361075806302,9.29586636688339,-0.13743102239481203
3.2033898305084745,27.46361075806302,9.295866330968607,-0.13743102239481203
3.2711864406779663,27.46361075806302,9.295866155918233,-0.13743102239481203
3.3389830508474576,27.46361075806302,9.295865302714358,-0.13743102239481203
3.406779661016949,27.46361075806302,9.295861144158586,-0.13743102239481203
3.4745762711864407,27.46361075806302,9.29584087518055,-0.1374310223948121
3.542372881355932,27.46361075806302,9.295742083746774,-0.1374310223948125
3.610169491525424,27.46361075806302,9.295260582367415,-0.1374310223948144
3.6779661016949152,27.46361075806302,9.292914025967667,-0.13743102239482352
3.7457627118644066,27.46361075806302,9.28148402564991,-0.13743102239486804
3.8135593220338984,27.46361075806302,9.225944828510663,-0.1374310223950836
3.8813559322033897,27.46361075806302,8.95924832539661,-0.1374310223961006
3.9491525423728815,27.46361075806302,7.747785061390293,-0.1374310224003449
4.016949152542373,27.46361075806302,3.3784569380773295,-0.1374310224105393
4.084745762711864,27.46361075806302,-4.762076173278689,-0.13743102240817737
4.152542372881356,27.46361075806302,-10.290215574469281,-0.13743102239072805
4.220338983050848,27.46361075806302,-12.00910684523479,-0.13743102238269023
4.288135593220339,27.46361075806302,-12.399752569144065,-0.1374310223806907
4.3559322033898304,27.46361075806302,-12.481678463352866,-0.13743102238026322
4.423728813559322,27.46361075806302,-12.498563610606128,-0.1374310223801748
4.491525423728813,27.46361075806302,-12.502031144652086,-0.13743102238015661
4.559322033898305,27.46361075806302,-12.502742709022353,-0.13743102238015287
4.627118644067797,27.46361075806302,-12.502888705195033,-0.13743102238015212
4.694915254237288,27.46361075806302,-12.50291865921865,-0.13743102238015195
4.762711864406779,27.46361075806302,-12.502924804843964,-0.13743102238015192
4.830508474576272,27.46361075806302,-12.502926065731693,-0.13743102238015192
4.898305084745763,27.46361075806302,-12.502926324425863,-0.13743102238015192
4.966101694915254,27.46361075806302,-12.502926377501696,-0.13743102238015192
5.033898305084746,27.46361075806302,-12.502926388391174,-0.13743102238015192
5.101694915254237,27.46361075806302,-12.502926390625348,-0.13743102238015192
5.169491525423728,27.46361075806302,-12.502926391083731,-0.13743102238015192
5.23728813559322,27.46361075806302,-12.502926391177777,-0.13743102238015192
5.305084745762712,27.46361075806302,-12.502926391197072,-0.13743102238015192
5.372881355932203,27.46361075806302,-12.502926391201031,-0.13743102238015192
5.4406779661016955,27.46361075806302,-12.502926391201843,-0.13743102238015192
5.508474576271187,27.46361075806302,-12.50292639120201,-0.13743102238015192
5.576271186440678,27.46361075806302,-12.502926391202044,-0.13743102238015192
5.6440677966101696,27.46361075806302,-12.50292639120205,-0.13743102238015192
5.711864406779661,27.46361075806302,-12.502926391202053,-0.13743102238015192
5.779661016949152,27.46361075806302,-12.502926391202053,-0.13743102238015192
5.847457627118644,27.46361075806302,-12.502926391202053,-0.13743102238015192
5.915254237288135,27.46361075806302,-12.502926391202053,-0.13743102238015192
5.983050847457627,27.46361075806302,-12.502926391202053,-0.13743102238015192
6.0508474576271185,27.46361075806302,-12.502926391202053,-0.13743102238015192
6.118644067796611,27.46361075806302,-12.502926391202053,-0.13743102238015192
6.186440677966102,27.46361075806302,-12.502926391202053,-0.13743102238015192
6.254237288135593,27.46361075806302,-12.502926391202053,-0.13743102238015192
6.322033898305085,27.46361075806302,-12.502926391202053,-0.13743102238015192
6.389830508474576,27.46361075806302,-12.502926391202053,-0.13743102238015192
6.4576271186440675,27.46361075806302,-12.502926391202053,-0.13743102238015192
6.525423728813559,27.46361075806302,-12.502926391202053,-0.13743102238015192
6.593220338983051,27.46361075806302,-12.502926391202053,-0.13743102238015192
6.661016949152542,27.46361075806302,-12.502926391202053,-0.13743102238015192
6.728813559322034,27.46361075806302,-12.502926391202053,-0.13743102238015192
6.796610169491526,27.46361075806302,-12.502926391202053,-0.13743102238015192
6.864406779661017,27.46361075806302,-12.502926391202053,-0.13743102238015192
6.932203389830509,27.46361075806302,-12.502926391202053,-0.13743102238015192
7.0,27.46361075806302,-12.502926391202053,-0.13743102238015192
3.0,28.11655075652632,9.397607075489514,-0.1374310223995089
3.0677966101694913,28.11655075652632,9.397607073972495,-0.1374310223995089
3.135593220338983,28.11655075652632,9.397607066578484,-0.1374310223995089
3.2033898305084745,28.11655075652632,9.397607030539708,-0.1374310223995089
3.2711864406779663,28.11655075652632,9.397606854884984,-0.1374310223995089
3.3389830508474576,28.11655075652632,9.397605998735472,-0.1374310223995089
3.406779661016949,28.11655075652632,9.397601825822528,-0.13743102239950894
3.4745762711864407,28.11655075652632,9.397581486867027,-0.137431022399509
3.542372881355932,28.11655075652632,9.397482354361589,-0.1374310223995093
3.610169491525424,28.11655075652632,9.3969991906268,-0.13743102239951066
3.6779661016949152,28.11655075652632,9.394644532877937,-0.1374310223995174
3.7457627118644066,28.11655075652632,9.383175071150701,-0.13743102239955013
3.8135593220338984,28.11655075652632,9.327444128172475,-0.13743102239970864
3.8813559322033897,28.11655075652632,9.059826870935632,-0.13743102240045657
3.9491525423728815,28.11655075652632,7.8441811006650175,-0.13743102240358007
4.016949152542373,28.11655075652632,3.4597681268332723,-0.13743102241111338
4.084745762711864,28.11655075652632,-4.708869700319391,-0.13743102240956245
4.152542372881356,28.11655075652632,-10.256094680381711,-0.13743102239694432
4.220338983050848,28.11655075652632,-11.980920323010755,-0.13743102239111438
4.288135593220339,28.11655075652632,-12.372914728498676,-0.1374310223896633
4.3559322033898304,28.11655075652632,-12.455123467079169,-0.13743102238935304
4.423728813559322,28.11655075652632,-12.472066909318551,-0.13743102238928884
4.491525423728813,28.11655075652632,-12.47554641482357,-0.13743102238927565
4.559322033898305,28.11655075652632,-12.476260435828326,-0.13743102238927293
4.627118644067797,28.11655075652632,-12.47640693604428,-0.1374310223892724
4.694915254237288,28.11655075652632,-12.476436993482414,-0.13743102238927227
4.762711864406779,28.11655075652632,-12.476443160325141,-0.13743102238927227
4.830508474576272,28.11655075652632,-12.47644442556601,-0.13743102238927227
4.898305084745763,28.11655075652632,-12.476444685153307,-0.13743102238927227
4.966101694915254,28.11655075652632,-12.476444738412383,-0.13743102238927227
5.033898305084746,28.11655075652632,-12.476444749339455,-0.13743102238927227
5.101694915254237,28.11655075652632,-12.476444751581344,-0.13743102238927227
5.169491525423728,28.11655075652632,-12.476444752041308,-0.13743102238927227
5.23728813559322,28.11655075652632,-12.476444752135679,-0.13743102238927227
5.305084745762712,28.11655075652632,-12.47644475215504,-0.13743102238927227
5.372881355932203,28.11655075652632,-12.476444752159013,-0.13743102238927227
5.4406779661016955,28.11655075652632,-12.476444752159829,-0.13743102238927227
5.508474576271187,28.11655075652632,-12.476444752159995,-0.13743102238927227
5.576271186440678,28.11655075652632,-12.47644475216003,-0.13743102238927227
5.6440677966101696,28.11655075652632,-12.476444752160036,-0.13743102238927227
5.711864406779661,28.11655075652632,-12.476444752160038,-0.13743102238927227
5.779661016949152,28.11655075652632,-12.476444752160038,-0.13743102238927227
5.847457627118644,28.11655075652632,-12.476444752160038,-0.13743102238927227
5.915254237288135,28.11655075652632,-12.476444752160038,-0.13743102238927227
5.983050847457627,28.11655075652632,-12.476444752160038,-0.13743102238927227
6.0508474576271185,28.11655075652632,-12.476444752160038,-0.13743102238927227
6.118644067796611,28.11655075652632,-12.476444752160038,-0.13743102238927227
6.186440677966102,28.11655075652632,-12.476444752160038,-0.13743102238927227
6.254237288135593,28.11655075652632,-12.476444752160038,-0.13743102238927227
6.322033898305085,28.11655075652632,-12.476444752160038,-0.13743102238927227
6.389830508474576,28.11655075652632,-12.476444752160038,-0.13743102238927227
6.4576271186440675,28.11655075652632,-12.476444752160038,-0.13743102238927227
6.525423728813559,28.11655075652632,-12.476444752160038,-0.13743102238927227
6.593220338983051,28.11655075652632,-12.476444752160038,-0.13743102238927227
6.661016949152542,28.11655075652632,-12.476444752160038,-0.13743102238927227
6.728813559322034,28.11655075652632,-12.476444752160038,-0.13743102238927227
6.796610169491526,28.11655075652632,-12.476444752160038,-0.13743102238927227
6.864406779661017,28.11655075652632,-12.476444752160038,-0.13743102238927227
6.932203389830509,28.11655075652632,-12.476444752160038,-0.13743102238927227
7.0,28.11655075652632,-12.476444752160038,-0.13743102238927227
3.0,28.78501422877278,9.499347775215272,-0.1374310224030302
3.0677966101694913,28.78501422877278,9.499347773693033,-0.1374310224030302
3.135593220338983,28.78501422877278,9.499347766273583,-0.1374310224030302
3.2033898305084745,28.78501422877278,9.499347730110815,-0.1374310224030302
3.2711864406779663,28.78501422877278,9.499347553851738,-0.1374310224030302
3.3389830508474576,28.78501422877278,9.49934669475659,-0.1374310224030302
3.406779661016949,28.78501422877278,9.499342507486475,-0.1374310224030302
3.4745762711864407,28.78501422877278,9.49932209855351,-0.13743102240303023
3.542372881355932,28.78501422877278,9.499222624976408,-0.13743102240303046
3.610169491525424,28.78501422877278,9.49873779888619,-0.13743102240303148
3.6779661016949152,28.78501422877278,9.49637503978821,-0.1374310224030364
3.7457627118644066,28.78501422877278,9.484866116651494,-0.13743102240306038
3.8135593220338984,28.78501422877278,9.428943427834291,-0.13743102240317642
3.8813559322033897,28.78501422877278,9.160405416474658,-0.13743102240372426
3.9491525423728815,28.78501422877278,7.940577139939745,-0.13743102240601343
4.016949152542373,28.78501422877278,3.5410793155892177,-0.13743102241155675
4.084745762711864,28.78501422877278,-4.655663227360091,-0.13743102241055416
4.152542372881356,28.78501422877278,-10.22197378629414,-0.1374310224014663
4.220338983050848,28.78501422877278,-11.952733800786717,-0.1374310223972546
4.288135593220339,28.78501422877278,-12.346076887853284,-0.13743102239620572
4.3559322033898304,28.78501422877278,-12.428568470805471,-0.13743102239598146
4.423728813559322,28.78501422877278,-12.445570208030974,-0.13743102239593505
4.491525423728813,28.78501422877278,-12.449061684995053,-0.13743102239592553
4.559322033898305,28.78501422877278,-12.449778162634297,-0.13743102239592356
4.627118644067797,28.78501422877278,-12.449925166893522,-0.13743102239592314
4.694915254237288,28.78501422877278,-12.449955327746178,-0.13743102239592306
4.762711864406779,28.78501422877278,-12.449961515806317,-0.13743102239592306
4.830508474576272,28.78501422877278,-12.449962785400327,-0.13743102239592306
4.898305084745763,28.78501422877278,-12.44996304588075,-0.13743102239592306
4.966101694915254,28.78501422877278,-12.449963099323067,-0.13743102239592306
5.033898305084746,28.78501422877278,-12.449963110287737,-0.13743102239592306
5.101694915254237,28.78501422877278,-12.449963112537336,-0.13743102239592306
5.169491525423728,28.78501422877278,-12.449963112998885,-0.13743102239592306
5.23728813559322,28.78501422877278,-12.44996311309358,-0.13743102239592306
5.305084745762712,28.78501422877278,-12.449963113113007,-0.13743102239592306
5.372881355932203,28.78501422877278,-12.449963113116993,-0.13743102239592306
5.4406779661016955,28.78501422877278,-12.449963113117812,-0.13743102239592306
5.508474576271187,28.78501422877278,-12.44996311311798,-0.13743102239592306
5.576271186440678,28.78501422877278,-12.449963113118013,-0.13743102239592306
5.6440677966101696,28.78501422877278,-12.44996311311802,-0.13743102239592306
5.711864406779661,28.78501422877278,-12.449963113118022,-0.13743102239592306
5.779661016949152,28.78501422877278,-12.449963113118022,-0.13743102239592306
5.847457627118644,28.78501422877278,-12.449963113118022,-0.13743102239592306
5.915254237288135,28.78501422877278,-12.449963113118022,-0.13743102239592306
5.983050847457627,28.78501422877278,-12.449963113118022,-0.13743102239592306
6.0508474576271185,28.78501422877278,-12.449963113118022,-0.13743102239592306
6.118644067796611,28.78501422877278,-12.449963113118022,-0.13743102239592306
6.186440677966102,28.78501422877278,-12.449963113118022,-0.13743102239592306
6.254237288135593,28.78501422877278,-12.449963113118022,-0.13743102239592306
6.322033898305085,28.78501422877278,-12.449963113118022,-0.13743102239592306
6.389830508474576,28.78501422877278,-12.449963113118022,-0.13743102239592306
6.4576271186440675,28.78501422877278,-12.449963113118022,-0.13743102239592306
6.525423728813559,28.78501422877278,-12.449963113118022,-0.13743102239592306
6.593220338983051,28.78501422877278,-12.449963113118022,-0.13743102239592306
6.661016949152542,28.78501422877278,-12.449963113118022,-0.13743102239592306
6.728813559322034,28.78501422877278,-12.449963113118022,-0.13743102239592306
6.796610169491526,28.78501422877278,-12.449963113118022,-0.13743102239592306
6.864406779661017,28.78501422877278,-12.449963113118022,-0.13743102239592306
6.932203389830509,28.78501422877278,-12.449963113118022,-0.13743102239592306
7.0,28.78501422877278,-12.449963113118022,-0.13743102239592306
3.0,29.469370241238586,9.601088474941026,-0.1374310224056575
3.0677966101694913,29.469370241238586,9.601088473413569,-0.1374310224056575
3.135593220338983,29.469370241238586,9.60108846596868,-0.1374310224056575
3.2033898305084745,29.469370241238586,9.601088429681916,-0.1374310224056575
3.2711864406779663,29.469370241238586,9.601088252818489,-0.1374310224056575
3.3389830508474576,29.469370241238586,9.601087390777703,-0.1374310224056575
3.406779661016949,29.469370241238586,9.601083189150417,-0.1374310224056575
3.4745762711864407,29.469370241238586,9.601062710239987,-0.13743102240565755
3.542372881355932,29.469370241238586,9.600962895591222,-0.1374310224056577
3.610169491525424,29.469370241238586,9.600476407145573,-0.13743102240565844
3.6779661016949152,29.469370241238586,9.598105546698479,-0.13743102240566202
3.7457627118644066,29.469370241238586,9.586557162152285,-0.1374310224056795
3.8135593220338984,29.469370241238586,9.530442727496101,-0.13743102240576416
3.8813559322033897,29.469370241238586,9.26098396201368,-0.1374310224061638
3.9491525423728815,29.469370241238586,8.036973179214469,-0.13743102240783486
4.016949152542373,29.469370241238586,3.6223905043451605,-0.1374310224118972
4.084745762711864,29.469370241238586,-4.602456754400794,-0.13743102241126098
4.152542372881356,29.469370241238586,-10.187852892206571,-0.13743102240474106
4.220338983050848,29.469370241238586,-11.924547278562683,-0.13743102240171018
4.288135593220339,29.469370241238586,-12.319239047207896,-0.13743102240095498
4.3559322033898304,29.469370241238586,-12.402013474531774,-0.13743102240079347
4.423728813559322,29.469370241238586,-12.419073506743397,-0.13743102240076005
4.491525423728813,29.469370241238586,-12.422576955166539,-0.1374310224007532
4.559322033898305,29.469370241238586,-12.42329588944027,-0.13743102240075175
4.627118644067797,29.469370241238586,-12.423443397742766,-0.1374310224007515
4.694915254237288,29.469370241238586,-12.423473662009942,-0.13743102240075142
4.762711864406779,29.469370241238586,-12.423479871287494,-0.13743102240075142
4.830508474576272,29.469370241238586,-12.423481145234646,-0.1374310224007514
4.898305084745763,29.469370241238586,-12.423481406608195,-0.1374310224007514
4.966101694915254,29.469370241238586,-12.423481460233754,-0.1374310224007514
5.033898305084746,29.469370241238586,-12.423481471236018,-0.1374310224007514
5.101694915254237,29.469370241238586,-12.42348147349333,-0.1374310224007514
5.169491525423728,29.469370241238586,-12.423481473956462,-0.1374310224007514
5.23728813559322,29.469370241238586,-12.423481474051481,-0.1374310224007514
5.305084745762712,29.469370241238586,-12.423481474070977,-0.1374310224007514
5.372881355932203,29.469370241238586,-12.423481474074975,-0.1374310224007514
5.4406779661016955,29.469370241238586,-12.423481474075798,-0.1374310224007514
5.508474576271187,29.469370241238586,-12.423481474075965,-0.1374310224007514
5.576271186440678,29.469370241238586,-12.423481474075999,-0.1374310224007514
5.6440677966101696,29.469370241238586,-12.423481474076006,-0.1374310224007514
5.711864406779661,29.469370241238586,-12.423481474076008,-0.1374310224007514
5.779661016949152,29.469370241238586,-12.423481474076008,-0.1374310224007514
5.847457627118644,29.469370241238586,-12.423481474076008,-0.1374310224007514
5.915254237288135,29.469370241238586,-12.423481474076008,-0.1374310224007514
5.983050847457627,29.469370241238586,-12.423481474076008,-0.1374310224007514
6.0508474576271185,29.469370241238586,-12.423481474076008,-0.1374310224007514
6.118644067796611,29.469370241238586,-12.423481474076008,-0.1374310224007514
6.186440677966102,29.469370241238586,-12.423481474076008,-0.1374310224007514
6.254237288135593,29.469370241238586,-12.423481474076008,-0.1374310224007514
6.322033898305085,29.469370241238586,-12.423481474076008,-0.1374310224007514
6.389830508474576,29.469370241238586,-12.423481474076008,-0.1374310224007514
6.4576271186440675,29.469370241238586,-12.423481474076008,-0.1374310224007514
6.525423728813559,29.469370241238586,-12.423481474076008,-0.1374310224007514
6.593220338983051,29.469370241238586,-12.423481474076008,-0.1374310224007514
6.661016949152542,29.469370241238586,-12.423481474076008,-0.1374310224007514
6.728813559322034,29.469370241238586,-12.423481474076008,-0.1374310224007514
6.796610169491526,29.469370241238586,-12.423481474076008,-0.1374310224007514
6.864406779661017,29.469370241238586,-12.423481474076008,-0.1374310224007514
6.932203389830509,29.469370241238586,-12.423481474076008,-0.1374310224007514
7.0,29.469370241238586,-12.423481474076008,-0.1374310224007514
3.0,30.169996634815767,9.702829174666782,-0.1374310224076102
3.0677966101694913,30.169996634815767,9.702829173134106,-0.1374310224076102
3.135593220338983,30.169996634815767,9.702829165663776,-0.1374310224076102
3.2033898305084745,30.169996634815767,9.702829129253018,-0.1374310224076102
3.2711864406779663,30.169996634815767,9.702828951785241,-0.1374310224076102
3.3389830508474576,30.169996634815767,9.702828086798819,-0.1374310224076102
3.406779661016949,30.169996634815767,9.702823870814361,-0.1374310224076102
3.4745762711864407,30.169996634815767,9.702803321926467,-0.13743102240761024
3.542372881355932,30.169996634815767,9.702703166206039,-0.13743102240761035
3.610169491525424,30.169996634815767,9.70221501540496,-0.13743102240761088
3.6779661016949152,30.169996634815767,9.69983605360875,-0.13743102240761348
3.7457627118644066,30.169996634815767,9.688248207653077,-0.1374310224076262
3.8135593220338984,30.169996634815767,9.631942027157915,-0.13743102240768768
3.8813559322033897,30.169996634815767,9.361562507552705,-0.13743102240797805
3.9491525423728815,30.169996634815767,8.133369218489197,-0.13743102240919283
4.016949152542373,30.169996634815767,3.7037016931011046,-0.13743102241215727
4.084745762711864,30.169996634815767,-4.549250281441496,-0.13743102241176275
4.152542372881356,30.169996634815767,-10.153731998119,-0.13743102240710403
4.220338983050848,30.169996634815767,-11.896360756338646,-0.1374310224049316
4.288135593220339,30.169996634815767,-12.292401206562506,-0.13743102240439
4.3559322033898304,30.169996634815767,-12.375458478258077,-0.13743102240427418
4.423728813559322,30.169996634815767,-12.39257680545582,-0.1374310224042502
4.491525423728813,30.169996634815767,-12.396092225338021,-0.1374310224042453
4.559322033898305,30.169996634815767,-12.396813616246243,-0.13743102240424426
4.627118644067797,30.169996634815767,-12.39696162859201,-0.13743102240424407
4.694915254237288,30.169996634815767,-12.396991996273705,-0.137431022404244
4.762711864406779,30.169996634815767,-12.39699822676867,-0.13743102240424399
4.830508474576272,30.169996634815767,-12.396999505068964,-0.13743102240424399
4.898305084745763,30.169996634815767,-12.39699976733564,-0.13743102240424399
4.966101694915254,30.169996634815767,-12.396999821144439,-0.13743102240424399
5.033898305084746,30.169996634815767,-12.3969998321843,-0.13743102240424399
5.101694915254237,30.169996634815767,-12.396999834449325,-0.13743102240424399
5.169491525423728,30.169996634815767,-12.396999834914038,-0.13743102240424399
5.23728813559322,30.169996634815767,-12.396999835009384,-0.13743102240424399
5.305084745762712,30.169996634815767,-12.396999835028945,-0.13743102240424399
5.372881355932203,30.169996634815767,-12.396999835032958,-0.13743102240424399
5.4406779661016955,30.169996634815767,-12.396999835033782,-0.13743102240424399
5.508474576271187,30.169996634815767,-12.39699983503395,-0.13743102240424399
5.576271186440678,30.169996634815767,-12.396999835033984,-0.13743102240424399
5.6440677966101696,30.169996634815767,-12.396999835033991,-0.13743102240424399
5.711864406779661,30.169996634815767,-12.396999835033993,-0.13743102240424399
5.779661016949152,30.169996634815767,-12.396999835033993,-0.13743102240424399
5.847457627118644,30.169996634815767,-12.396999835033993,-0.13743102240424399
5.915254237288135,30.169996634815767,-12.396999835033993,-0.13743102240424399
5.983050847457627,30.169996634815767,-12.396999835033993,-0.13743102240424399
6.0508474576271185,30.169996634815767,-12.396999835033993,-0.13743102240424399
6.118644067796611,30.169996634815767,-12.396999835033993,-0.13743102240424399
6.186440677966102,30.169996634815767,-12.396999835033993,-0.13743102240424399
6.254237288135593,30.169996634815767,-12.396999835033993,-0.13743102240424399
6.322033898305085,30.169996634815767,-12.396999835033993,-0.13743102240424399
6.389830508474576,30.169996634815767,-12.396999835033993,-0.13743102240424399
6.4576271186440675,30.169996634815767,-12.396999835033993,-0.13743102240424399
6.525423728813559,30.169996634815767,-12.396999835033993,-0.13743102240424399
6.593220338983051,30.169996634815767,-12.396999835033993,-0.13743102240424399
6.661016949152542,30.169996634815767,-12.396999835033993,-0.13743102240424399
6.728813559322034,30.169996634815767,-12.396999835033993,-0.13743102240424399
6.796610169491526,30.169996634815767,-12.396999835033993,-0.13743102240424399
6.864406779661017,30.169996634815767,-12.396999835033993,-0.13743102240424399
6.932203389830509,30.169996634815767,-12.396999835033993,-0.13743102240424399
7.0,30.169996634815767,-12.396999835033993,-0.13743102240424399
3.0,30.88728023346244,9.80456987439254,-0.1374310224090547
3.0677966101694913,30.88728023346244,9.804569872854644,-0.1374310224090547
3.135593220338983,30.88728023346244,9.804569865358875,-0.1374310224090547
3.2033898305084745,30.88728023346244,9.804569828824125,-0.1374310224090547
3.2711864406779663,30.88728023346244,9.804569650751995,-0.1374310224090547
3.3389830508474576,30.88728023346244,9.804568782819937,-0.1374310224090547
3.406779661016949,30.88728023346244,9.804564552478308,-0.1374310224090547
3.4745762711864407,30.88728023346244,9.80454393361295,-0.13743102240905472
3.542372881355932,30.88728023346244,9.804443436820858,-0.13743102240905478
3.610169491525424,30.88728023346244,9.803953623664349,-0.13743102240905516
3.6779661016949152,30.88728023346244,9.801566560519024,-0.13743102240905705
3.7457627118644066,30.88728023346244,9.789939253153872,-0.13743102240906624
3.8135593220338984,30.88728023346244,9.73344132681973,-0.13743102240911076
3.8813559322033897,30.88728023346244,9.462141053091733,-0.13743102240932087
3.9491525423728815,30.88728023346244,8.229765257763924,-0.13743102241020044
4.016949152542373,30.88728023346244,3.7850128818570505,-0.13743102241235483
4.084745762711864,30.88728023346244,-4.496043808482196,-0.1374310224121173
4.152542372881356,30.88728023346244,-10.11961110403143,-0.13743102240880145
4.220338983050848,30.88728023346244,-11.86817423411461,-0.1374310224072504
4.288135593220339,30.88728023346244,-12.265563365917115,-0.1374310224068635
4.3559322033898304,30.88728023346244,-12.34890348198438,-0.13743102240678073
4.423728813559322,30.88728023346244,-12.366080104168242,-0.13743102240676364
4.491525423728813,30.88728023346244,-12.369607495509506,-0.1374310224067601
4.559322033898305,30.88728023346244,-12.370331343052214,-0.1374310224067594
4.627118644067797,30.88728023346244,-12.370479859441254,-0.13743102240675925
4.694915254237288,30.88728023346244,-12.370510330537469,-0.1374310224067592
4.762711864406779,30.88728023346244,-12.370516582249847,-0.1374310224067592
4.830508474576272,30.88728023346244,-12.370517864903281,-0.1374310224067592
4.898305084745763,30.88728023346244,-12.370518128063084,-0.1374310224067592
4.966101694915254,30.88728023346244,-12.370518182055124,-0.1374310224067592
5.033898305084746,30.88728023346244,-12.370518193132579,-0.1374310224067592
5.101694915254237,30.88728023346244,-12.37051819540532,-0.1374310224067592
5.169491525423728,30.88728023346244,-12.370518195871615,-0.1374310224067592
5.23728813559322,30.88728023346244,-12.370518195967284,-0.1374310224067592
5.305084745762712,30.88728023346244,-12.37051819598691,-0.1374310224067592
5.372881355932203,30.88728023346244,-12.37051819599094,-0.1374310224067592
5.4406779661016955,30.88728023346244,-12.370518195991766,-0.1374310224067592
5.508474576271187,30.88728023346244,-12.370518195991934,-0.1374310224067592
5.576271186440678,30.88728023346244,-12.37051819599197,-0.1374310224067592
5.6440677966101696,30.88728023346244,-12.370518195991977,-0.1374310224067592
5.711864406779661,30.88728023346244,-12.370518195991979,-0.1374310224067592
5.779661016949152,30.88728023346244,-12.370518195991979,-0.1374310224067592
5.847457627118644,30.88728023346244,-12.370518195991979,-0.1374310224067592
5.915254237288135,30.88728023346244,-12.370518195991979,-0.1374310224067592
5.983050847457627,30.88728023346244,-12.370518195991979,-0.1374310224067592
6.0508474576271185,30.88728023346244,-12.370518195991979,-0.1374310224067592
6.118644067796611,30.88728023346244,-12.370518195991979,-0.1374310224067592
6.186440677966102,30.88728023346244,-12.370518195991979,-0.1374310224067592
6.254237288135593,30.88728023346244,-12.370518195991979,-0.1374310224067592
6.322033898305085,30.88728023346244,-12.370518195991979,-0.1374310224067592
6.389830508474576,30.88728023346244,-12.370518195991979,-0.1374310224067592
6.4576271186440675,30.88728023346244,-12.370518195991979,-0.1374310224067592
6.525423728813559,30.88728023346244,-12.370518195991979,-0.1374310224067592
6.593220338983051,30.88728023346244,-12.370518195991979,-0.1374310224067592
6.661016949152542,30.88728023346244,-12.370518195991979,-0.1374310224067592
6.728813559322034,30.88728023346244,-12.370518195991979,-0.1374310224067592
6.796610169491526,30.88728023346244,-12.370518195991979,-0.1374310224067592
6.864406779661017,30.88728023346244,-12.370518195991979,-0.1374310224067592
6.932203389830509,30.88728023346244,-12.370518195991979,-0.1374310224067592
7.0,30.88728023346244,-12.370518195991979,-0.1374310224067592
3.0,31.621617057772824,9.906310574118294,-0.13743102241011862
3.0677966101694913,31.621617057772824,9.906310572575178,-0.13743102241011862
3.135593220338983,31.621617057772824,9.906310565053971,-0.13743102241011862
3.2033898305084745,31.621617057772824,9.906310528395226,-0.13743102241011862
3.2711864406779663,31.621617057772824,9.906310349718746,-0.13743102241011862
3.3389830508474576,31.621617057772824,9.906309478841049,-0.13743102241011862
3.406779661016949,31.621617057772824,9.90630523414225,-0.13743102241011862
3.4745762711864407,31.621617057772824,9.906284545299426,-0.13743102241011862
3.542372881355932,31.621617057772824,9.906183707435671,-0.13743102241011868
3.610169491525424,31.621617057772824,9.905692231923732,-0.13743102241011895
3.6779661016949152,31.621617057772824,9.903297067429294,-0.1374310224101203
3.7457627118644066,31.621617057772824,9.891630298654661,-0.13743102241012692
3.8135593220338984,31.621617057772824,9.834940626481542,-0.137431022410159
3.8813559322033897,31.621617057772824,9.562719598630755,-0.13743102241031044
3.9491525423728815,31.621617057772824,8.326161297038649,-0.13743102241094476
4.016949152542373,31.621617057772824,3.866324070612993,-0.13743102241250413
4.084745762711864,31.621617057772824,-4.442837335522898,-0.13743102241236674
4.152542372881356,31.621617057772824,-10.08549020994386,-0.13743102241001587
4.220338983050848,31.621617057772824,-11.839987711890574,-0.13743102240891272
4.288135593220339,31.621617057772824,-12.238725525271725,-0.13743102240863742
4.3559322033898304,31.621617057772824,-12.322348485710682,-0.13743102240857852
4.423728813559322,31.621617057772824,-12.339583402880665,-0.1374310224085663
4.491525423728813,31.621617057772824,-12.34312276568099,-0.1374310224085638
4.559322033898305,31.621617057772824,-12.343849069858187,-0.13743102240856328
4.627118644067797,31.621617057772824,-12.343998090290498,-0.13743102240856317
4.694915254237288,31.621617057772824,-12.344028664801233,-0.13743102240856317
4.762711864406779,31.621617057772824,-12.344034937731024,-0.13743102240856317
4.830508474576272,31.621617057772824,-12.3440362247376,-0.13743102240856317
4.898305084745763,31.621617057772824,-12.344036488790529,-0.13743102240856317
4.966101694915254,31.621617057772824,-12.34403654296581,-0.13743102240856317
5.033898305084746,31.621617057772824,-12.34403655408086,-0.13743102240856317
5.101694915254237,31.621617057772824,-12.344036556361313,-0.13743102240856317
5.169491525423728,31.621617057772824,-12.344036556829192,-0.13743102240856317
5.23728813559322,31.621617057772824,-12.344036556925186,-0.13743102240856317
5.305084745762712,31.621617057772824,-12.34403655694488,-0.13743102240856317
5.372881355932203,31.621617057772824,-12.344036556948922,-0.13743102240856317
5.4406779661016955,31.621617057772824,-12.344036556949751,-0.13743102240856317
5.508474576271187,31.621617057772824,-12.34403655694992,-0.13743102240856317
5.576271186440678,31.621617057772824,-12.344036556949955,-0.13743102240856317
5.6440677966101696,31.621617057772824,-12.344036556949963,-0.13743102240856317
5.711864406779661,31.621617057772824,-12.344036556949964,-0.13743102240856317
5.779661016949152,31.621617057772824,-12.344036556949964,-0.13743102240856317
5.847457627118644,31.621617057772824,-12.344036556949964,-0.13743102240856317
5.915254237288135,31.621617057772824,-12.344036556949964,-0.13743102240856317
5.983050847457627,31.621617057772824,-12.344036556949964,-0.13743102240856317
6.0508474576271185,31.621617057772824,-12.344036556949964,-0.13743102240856317
6.118644067796611,31.621617057772824,-12.344036556949964,-0.13743102240856317
6.186440677966102,31.621617057772824,-12.344036556949964,-0.13743102240856317
6.254237288135593,31.621617057772824,-12.344036556949964,-0.13743102240856317
6.322033898305085,31.621617057772824,-12.344036556949964,-0.13743102240856317
6.389830508474576,31.621617057772824,-12.344036556949964,-0.13743102240856317
6.4576271186440675,31.621617057772824,-12.344036556949964,-0.13743102240856317
6.525423728813559,31.621617057772824,-12.344036556949964,-0.13743102240856317
6.593220338983051,31.621617057772824,-12.344036556949964,-0.13743102240856317
6.661016949152542,31.621617057772824,-12.344036556949964,-0.13743102240856317
6.728813559322034,31.621617057772824,-12.344036556949964,-0.13743102240856317
6.796610169491526,31.621617057772824,-12.344036556949964,-0.13743102240856317
6.864406779661017,31.621617057772824,-12.344036556949964,-0.13743102240856317
6.932203389830509,31.621617057772824,-12.344036556949964,-0.13743102240856317
7.0,31.621617057772824,-12.344036556949964,-0.13743102240856317
3.0,32.37341254362488,10.008051273844053,-0.13743102241089825
3.0677966101694913,32.37341254362488,10.008051272295717,-0.13743102241089825
3.135593220338983,32.37341254362488,10.00805126474907,-0.13743102241089825
3.2033898305084745,32.37341254362488,10.008051227966332,-0.13743102241089825
3.2711864406779663,32.37341254362488,10.0080510486855,-0.13743102241089825
3.3389830508474576,32.37341254362488,10.008050174862166,-0.13743102241089825
3.406779661016949,32.37341254362488,10.008045915806196,-0.13743102241089827
3.4745762711864407,32.37341254362488,10.008025156985909,-0.13743102241089827
3.542372881355932,32.37341254362488,10.00792397805049,-0.1374310224108983
3.610169491525424,32.37341254362488,10.00743084018312,-0.1374310224108985
3.6779661016949152,32.37341254362488,10.005027574339566,-0.13743102241089947
3.7457627118644066,32.37341254362488,9.993321344155456,-0.1374310224109042
3.8135593220338984,32.37341254362488,9.936439926143358,-0.13743102241092725
3.8813559322033897,32.37341254362488,9.663298144169781,-0.137431022411036
3.9491525423728815,32.37341254362488,8.422557336313377,-0.13743102241149183
4.016949152542373,32.37341254362488,3.9476352593689388,-0.13743102241261626
4.084745762711864,32.37341254362488,-4.389630862563599,-0.1374310224125414
4.152542372881356,32.37341254362488,-10.051369315856288,-0.1374310224108806
4.220338983050848,32.37341254362488,-11.811801189666538,-0.1374310224100988
4.288135593220339,32.37341254362488,-12.211887684626335,-0.13743102240990354
4.3559322033898304,32.37341254362488,-12.295793489436985,-0.1374310224098618
4.423728813559322,32.37341254362488,-12.313086701593088,-0.13743102240985314
4.491525423728813,32.37341254362488,-12.316638035852472,-0.13743102240985136
4.559322033898305,32.37341254362488,-12.31736679666416,-0.137431022409851
4.627118644067797,32.37341254362488,-12.317516321139742,-0.13743102240985094
4.694915254237288,32.37341254362488,-12.317546999064996,-0.13743102240985092
4.762711864406779,32.37341254362488,-12.3175532932122,-0.13743102240985092
4.830508474576272,32.37341254362488,-12.317554584571917,-0.13743102240985092
4.898305084745763,32.37341254362488,-12.317554849517972,-0.13743102240985092
4.966101694915254,32.37341254362488,-12.317554903876495,-0.13743102240985092
5.033898305084746,32.37341254362488,-12.31755491502914,-0.13743102240985092
5.101694915254237,32.37341254362488,-12.317554917317308,-0.13743102240985092
5.169491525423728,32.37341254362488,-12.317554917786769,-0.13743102240985092
5.23728813559322,32.37341254362488,-12.317554917883086,-0.13743102240985092
5.305084745762712,32.37341254362488,-12.317554917902848,-0.13743102240985092
5.372881355932203,32.37341254362488,-12.317554917906902,-0.13743102240985092
5.4406779661016955,32.37341254362488,-12.317554917907735,-0.13743102240985092
5.508474576271187,32.37341254362488,-12.317554917907904,-0.13743102240985092
5.576271186440678,32.37341254362488,-12.31755491790794,-0.13743102240985092
5.6440677966101696,32.37341254362488,-12.317554917907946,-0.13743102240985092
5.711864406779661,32.37341254362488,-12.317554917907948,-0.13743102240985092
5.779661016949152,32.37341254362488,-12.317554917907948,-0.13743102240985092
5.847457627118644,32.37341254362488,-12.317554917907948,-0.13743102240985092
5.915254237288135,32.37341254362488,-12.317554917907948,-0.13743102240985092
5.983050847457627,32.37341254362488,-12.317554917907948,-0.13743102240985092
6.0508474576271185,32.37341254362488,-12.317554917907948,-0.13743102240985092
6.118644067796611,32.37341254362488,-12.317554917907948,-0.13743102240985092
6.186440677966102,32.37341254362488,-12.317554917907948,-0.13743102240985092
6.254237288135593,32.37341254362488,-12.317554917907948,-0.13743102240985092
6.322033898305085,32.37341254362488,-12.317554917907948,-0.13743102240985092
6.389830508474576,32.37341254362488,-12.317554917907948,-0.13743102240985092
6.4576271186440675,32.37341254362488,-12.317554917907948,-0.13743102240985092
6.525423728813559,32.37341254362488,-12.317554917907948,-0.13743102240985092
6.593220338983051,32.37341254362488,-12.317554917907948,-0.13743102240985092
6.661016949152542,32.37341254362488,-12.317554917907948,-0.13743102240985092
6.728813559322034,32.37341254362488,-12.317554917907948,-0.13743102240985092
6.796610169491526,32.37341254362488,-12.317554917907948,-0.13743102240985092
6.864406779661017,32.37341254362488,-12.317554917907948,-0.13743102240985092
6.932203389830509,32.37341254362488,-12.317554917907948,-0.13743102240985092
7.0,32.37341254362488,-12.317554917907948,-0.13743102240985092
3.0,33.14308176602603,10.109791973569807,-0.1374310224114705
3.0677966101694913,33.14308176602603,10.109791972016252,-0.1374310224114705
3.135593220338983,33.14308176602603,10.109791964444165,-0.1374310224114705
3.2033898305084745,33.14308176602603,10.109791927537433,-0.1374310224114705
3.2711864406779663,33.14308176602603,10.10979174765225,-0.1374310224114705
3.3389830508474576,33.14308176602603,10.10979087088328,-0.1374310224114705
3.406779661016949,33.14308176602603,10.109786597470139,-0.1374310224114705
3.4745762711864407,33.14308176602603,10.109765768672386,-0.1374310224114705
3.542372881355932,33.14308176602603,10.109664248665304,-0.13743102241147057
3.610169491525424,33.14308176602603,10.109169448442504,-0.1374310224114707
3.6779661016949152,33.14308176602603,10.106758081249836,-0.1374310224114714
3.7457627118644066,33.14308176602603,10.095012389656247,-0.13743102241147478
3.8135593220338984,33.14308176602603,10.037939225805168,-0.13743102241149124
3.8813559322033897,33.14308176602603,9.763876689708804,-0.13743102241156885
3.9491525423728815,33.14308176602603,8.5189533755881,-0.1374310224118945
4.016949152542373,33.14308176602603,4.028946448124882,-0.13743102241270055
4.084745762711864,33.14308176602603,-4.336424389604302,-0.13743102241266375
4.152542372881356,33.14308176602603,-10.01724842176872,-0.13743102241149718
4.220338983050848,33.14308176602603,-11.783614667442501,-0.1374310224109462
4.288135593220339,33.14308176602603,-12.185049843980947,-0.13743102241080857
4.3559322033898304,33.14308176602603,-12.269238493163288,-0.1374310224107791
4.423728813559322,33.14308176602603,-12.28659000030551,-0.137431022410773
4.491525423728813,33.14308176602603,-12.290153306023957,-0.13743102241077176
4.559322033898305,33.14308176602603,-12.290884523470133,-0.1374310224107715
4.627118644067797,33.14308176602603,-12.291034551988986,-0.13743102241077146
4.694915254237288,33.14308176602603,-12.29106533332876,-0.13743102241077146
4.762711864406779,33.14308176602603,-12.291071648693377,-0.13743102241077143
4.830508474576272,33.14308176602603,-12.291072944406235,-0.13743102241077143
4.898305084745763,33.14308176602603,-12.291073210245417,-0.13743102241077143
4.966101694915254,33.14308176602603,-12.291073264787181,-0.13743102241077143
5.033898305084746,33.14308176602603,-12.291073275977421,-0.13743102241077143
5.101694915254237,33.14308176602603,-12.291073278273302,-0.13743102241077143
5.169491525423728,33.14308176602603,-12.291073278744346,-0.13743102241077143
5.23728813559322,33.14308176602603,-12.291073278840988,-0.13743102241077143
5.305084745762712,33.14308176602603,-12.291073278860816,-0.13743102241077143
5.372881355932203,33.14308176602603,-12.291073278864884,-0.13743102241077143
5.4406779661016955,33.14308176602603,-12.291073278865719,-0.13743102241077143
5.508474576271187,33.14308176602603,-12.29107327886589,-0.13743102241077143
5.576271186440678,33.14308176602603,-12.291073278865925,-0.13743102241077143
5.6440677966101696,33.14308176602603,-12.291073278865932,-0.13743102241077143
5.711864406779661,33.14308176602603,-12.291073278865934,-0.13743102241077143
5.779661016949152,33.14308176602603,-12.291073278865934,-0.13743102241077143
5.847457627118644,33.14308176602603,-12.291073278865934,-0.13743102241077143
5.915254237288135,33.14308176602603,-12.291073278865934,-0.13743102241077143
5.983050847457627,33.14308176602603,-12.291073278865934,-0.13743102241077143
6.0508474576271185,33.14308176602603,-12.291073278865934,-0.13743102241077143
6.118644067796611,33.14308176602603,-12.291073278865934,-0.13743102241077143
6.186440677966102,33.14308176602603,-12.291073278865934,-0.13743102241077143
6.254237288135593,33.14308176602603,-12.291073278865934,-0.13743102241077143
6.322033898305085,33.14308176602603,-12.291073278865934,-0.13743102241077143
6.389830508474576,33.14308176602603,-12.291073278865934,-0.13743102241077143
6.4576271186440675,33.14308176602603,-12.291073278865934,-0.13743102241077143
6.525423728813559,33.14308176602603,-12.291073278865934,-0.13743102241077143
6.593220338983051,33.14308176602603,-12.291073278865934,-0.13743102241077143
6.661016949152542,33.14308176602603,-12.291073278865934,-0.13743102241077143
6.728813559322034,33.14308176602603,-12.291073278865934,-0.13743102241077143
6.796610169491526,33.14308176602603,-12.291073278865934,-0.13743102241077143
6.864406779661017,33.14308176602603,-12.291073278865934,-0.13743102241077143
6.932203389830509,33.14308176602603,-12.291073278865934,-0.13743102241077143
7.0,33.14308176602603,-12.291073278865934,-0.13743102241077143
3.0,33.93104966828103,10.211532673295563,-0.13743102241188357
3.0677966101694913,33.93104966828103,10.211532671736789,-0.13743102241188357
3.135593220338983,33.93104966828103,10.211532664139263,-0.13743102241188357
3.2033898305084745,33.93104966828103,10.211532627108538,-0.13743102241188357
3.2711864406779663,33.93104966828103,10.211532446619003,-0.13743102241188357
3.3389830508474576,33.93104966828103,10.211531566904396,-0.13743102241188357
3.406779661016949,33.93104966828103,10.211527279134083,-0.13743102241188357
3.4745762711864407,33.93104966828103,10.211506380358866,-0.13743102241188357
3.542372881355932,33.93104966828103,10.211404519280121,-0.1374310224118836
3.610169491525424,33.93104966828103,10.210908056701891,-0.1374310224118837
3.6779661016949152,33.93104966828103,10.208488588160108,-0.1374310224118842
3.7457627118644066,33.93104966828103,10.196703435157039,-0.13743102241188662
3.8135593220338984,33.93104966828103,10.139438525466982,-0.13743102241189833
3.8813559322033897,33.93104966828103,9.864455235247828,-0.13743102241195368
3.9491525423728815,33.93104966828103,8.615349414862827,-0.13743102241218594
4.016949152542373,33.93104966828103,4.110257636880825,-0.1374310224127628
4.084745762711864,33.93104966828103,-4.283217916645003,-0.1374310224127482
4.152542372881356,33.93104966828103,-9.983127527681148,-0.13743102241193
4.220338983050848,33.93104966828103,-11.755428145218465,-0.13743102241154234
4.288135593220339,33.93104966828103,-12.158212003335557,-0.1374310224114454
4.3559322033898304,33.93104966828103,-12.24268349688959,-0.13743102241142466
4.423728813559322,33.93104966828103,-12.260093299017933,-0.13743102241142036
4.491525423728813,33.93104966828103,-12.26366857619544,-0.1374310224114195
4.559322033898305,33.93104966828103,-12.264402250276106,-0.1374310224114193
4.627118644067797,33.93104966828103,-12.26455278283823,-0.13743102241141927
4.694915254237288,33.93104966828103,-12.264583667592523,-0.13743102241141927
4.762711864406779,33.93104966828103,-12.264590004174552,-0.13743102241141927
4.830508474576272,33.93104966828103,-12.264591304240552,-0.13743102241141927
4.898305084745763,33.93104966828103,-12.264591570972861,-0.13743102241141927
4.966101694915254,33.93104966828103,-12.264591625697866,-0.13743102241141927
5.033898305084746,33.93104966828103,-12.264591636925703,-0.13743102241141927
5.101694915254237,33.93104966828103,-12.264591639229296,-0.13743102241141927
5.169491525423728,33.93104966828103,-12.264591639701921,-0.13743102241141927
5.23728813559322,33.93104966828103,-12.26459163979889,-0.13743102241141927
5.305084745762712,33.93104966828103,-12.264591639818784,-0.13743102241141927
5.372881355932203,33.93104966828103,-12.264591639822866,-0.13743102241141927
5.4406779661016955,33.93104966828103,-12.264591639823704,-0.13743102241141927
5.508474576271187,33.93104966828103,-12.264591639823875,-0.13743102241141927
5.576271186440678,33.93104966828103,-12.26459163982391,-0.13743102241141927
5.6440677966101696,33.93104966828103,-12.264591639823918,-0.13743102241141927
5.711864406779661,33.93104966828103,-12.26459163982392,-0.13743102241141927
5.779661016949152,33.93104966828103,-12.26459163982392,-0.13743102241141927
5.847457627118644,33.93104966828103,-12.26459163982392,-0.13743102241141927
5.915254237288135,33.93104966828103,-12.26459163982392,-0.13743102241141927
5.983050847457627,33.93104966828103,-12.26459163982392,-0.13743102241141927
6.0508474576271185,33.93104966828103,-12.26459163982392,-0.13743102241141927
6.118644067796611,33.93104966828103,-12.26459163982392,-0.13743102241141927
6.186440677966102,33.93104966828103,-12.26459163982392,-0.13743102241141927
6.254237288135593,33.93104966828103,-12.26459163982392,-0.13743102241141927
6.322033898305085,33.93104966828103,-12.26459163982392,-0.13743102241141927
6.389830508474576,33.93104966828103,-12.26459163982392,-0.13743102241141927
6.4576271186440675,33.93104966828103,-12.26459163982392,-0.13743102241141927
6.525423728813559,33.93104966828103,-12.26459163982392,-0.13743102241141927
6.593220338983051,33.93104966828103,-12.26459163982392,-0.13743102241141927
6.661016949152542,33.93104966828103,-12.26459163982392,-0.13743102241141927
6.728813559322034,33.93104966828103,-12.26459163982392,-0.13743102241141927
6.796610169491526,33.93104966828103,-12.26459163982392,-0.13743102241141927
6.864406779661017,33.93104966828103,-12.26459163982392,-0.13743102241141927
6.932203389830509,33.93104966828103,-12.26459163982392,-0.13743102241141927
7.0,33.93104966828103,-12.26459163982392,-0.13743102241141927
3.0,34.73775129660795,10.313273373021321,-0.13743102241218363
3.0677966101694913,34.73775129660795,10.313273371457328,-0.13743102241218363
3.135593220338983,34.73775129660795,10.313273363834362,-0.13743102241218363
3.2033898305084745,34.73775129660795,10.313273326679642,-0.13743102241218363
3.2711864406779663,34.73775129660795,10.313273145585757,-0.13743102241218363
3.3389830508474576,34.73775129660795,10.313272262925514,-0.13743102241218363
3.406779661016949,34.73775129660795,10.31326796079803,-0.13743102241218363
3.4745762711864407,34.73775129660795,10.313246992045348,-0.13743102241218363
3.542372881355932,34.73775129660795,10.31314478989494,-0.13743102241218366
3.610169491525424,34.73775129660795,10.31264666496128,-0.13743102241218375
3.6779661016949152,34.73775129660795,10.310219095070382,-0.13743102241218408
3.7457627118644066,34.73775129660795,10.298394480657834,-0.1374310224121858
3.8135593220338984,34.73775129660795,10.240937825128796,-0.1374310224121941
3.8813559322033897,34.73775129660795,9.965033780786856,-0.13743102241223337
3.9491525423728815,34.73775129660795,8.711745454137555,-0.13743102241239824
4.016949152542373,34.73775129660795,4.191568825636772,-0.13743102241280905
4.084745762711864,34.73775129660795,-4.2300114436857035,-0.13743102241280677
4.152542372881356,34.73775129660795,-9.949006633593578,-0.13743102241223562
4.220338983050848,34.73775129660795,-11.727241622994429,-0.13743102241196412
4.288135593220339,34.73775129660795,-12.131374162690165,-0.1374310224118962
4.3559322033898304,34.73775129660795,-12.216128500615893,-0.13743102241188168
4.423728813559322,34.73775129660795,-12.233596597730356,-0.13743102241187868
4.491525423728813,34.73775129660795,-12.237183846366925,-0.13743102241187807
4.559322033898305,34.73775129660795,-12.237919977082077,-0.13743102241187793
4.627118644067797,34.73775129660795,-12.238071013687472,-0.1374310224118779
4.694915254237288,34.73775129660795,-12.238102001856285,-0.1374310224118779
4.762711864406779,34.73775129660795,-12.238108359655728,-0.1374310224118779
4.830508474576272,34.73775129660795,-12.23810966407487,-0.1374310224118779
4.898305084745763,34.73775129660795,-12.238109931700304,-0.1374310224118779
4.966101694915254,34.73775129660795,-12.238109986608553,-0.1374310224118779
5.033898305084746,34.73775129660795,-12.238109997873982,-0.1374310224118779
5.101694915254237,34.73775129660795,-12.23811000018529,-0.1374310224118779
5.169491525423728,34.73775129660795,-12.238110000659498,-0.1374310224118779
5.23728813559322,34.73775129660795,-12.238110000756791,-0.1374310224118779
5.305084745762712,34.73775129660795,-12.238110000776752,-0.1374310224118779
5.372881355932203,34.73775129660795,-12.238110000780848,-0.1374310224118779
5.4406779661016955,34.73775129660795,-12.238110000781688,-0.1374310224118779
5.508474576271187,34.73775129660795,-12.23811000078186,-0.1374310224118779
5.576271186440678,34.73775129660795,-12.238110000781896,-0.1374310224118779
5.6440677966101696,34.73775129660795,-12.238110000781903,-0.1374310224118779
5.711864406779661,34.73775129660795,-12.238110000781905,-0.1374310224118779
5.779661016949152,34.73775129660795,-12.238110000781905,-0.1374310224118779
5.847457627118644,34.73775129660795,-12.238110000781905,-0.1374310224118779
5.915254237288135,34.73775129660795,-12.238110000781905,-0.1374310224118779
5.983050847457627,34.73775129660795,-12.238110000781905,-0.1374310224118779
6.0508474576271185,34.73775129660795,-12.238110000781905,-0.1374310224118779
6.118644067796611,34.73775129660795,-12.238110000781905,-0.1374310224118779
6.186440677966102,34.73775129660795,-12.238110000781905,-0.1374310224118779
6.254237288135593,34.73775129660795,-12.238110000781905,-0.1374310224118779
6.322033898305085,34.73775129660795,-12.238110000781905,-0.1374310224118779
6.389830508474576,34.73775129660795,-12.238110000781905,-0.1374310224118779
6.4576271186440675,34.73775129660795,-12.238110000781905,-0.1374310224118779
6.525423728813559,34.73775129660795,-12.238110000781905,-0.1374310224118779
6.593220338983051,34.73775129660795,-12.238110000781905,-0.1374310224118779
6.661016949152542,34.73775129660795,-12.238110000781905,-0.1374310224118779
6.728813559322034,34.73775129660795,-12.238110000781905,-0.1374310224118779
6.796610169491526,34.73775129660795,-12.238110000781905,-0.1374310224118779
6.864406779661017,34.73775129660795,-12.238110000781905,-0.1374310224118779
6.932203389830509,34.73775129660795,-12.238110000781905,-0.1374310224118779
7.0,34.73775129660795,-12.238110000781905,-0.1374310224118779
3.0,35.563632040332315,10.415014072747075,-0.1374310224124007
3.0677966101694913,35.563632040332315,10.415014071177861,-0.1374310224124007
3.135593220338983,35.563632040332315,10.415014063529457,-0.1374310224124007
3.2033898305084745,35.563632040332315,10.415014026250745,-0.1374310224124007
3.2711864406779663,35.563632040332315,10.415013844552508,-0.1374310224124007
3.3389830508474576,35.563632040332315,10.415012958946628,-0.1374310224124007
3.406779661016949,35.563632040332315,10.415008642461972,-0.1374310224124007
3.4745762711864407,35.563632040332315,10.414987603731825,-0.1374310224124007
3.542372881355932,35.563632040332315,10.414885060509754,-0.13743102241240074
3.610169491525424,35.563632040332315,10.414385273220663,-0.1374310224124008
3.6779661016949152,35.563632040332315,10.41194960198065,-0.13743102241240104
3.7457627118644066,35.563632040332315,10.400085526158623,-0.13743102241240224
3.8135593220338984,35.563632040332315,10.342437124790608,-0.1374310224124081
3.8813559322033897,35.563632040332315,10.065612326325878,-0.1374310224124358
3.9491525423728815,35.563632040332315,8.808141493412279,-0.13743102241255223
4.016949152542373,35.563632040332315,4.2728800143927135,-0.13743102241284325
4.084745762711864,35.563632040332315,-4.176804970726406,-0.13743102241284721
4.152542372881356,35.563632040332315,-9.914885739506008,-0.1374310224124506
4.220338983050848,35.563632040332315,-11.699055100770394,-0.13743102241226143
4.288135593220339,35.563632040332315,-12.104536322044776,-0.13743102241221408
4.3559322033898304,35.563632040332315,-12.189573504342196,-0.13743102241220395
4.423728813559322,35.563632040332315,-12.207099896442779,-0.13743102241220184
4.491525423728813,35.563632040332315,-12.21069911653841,-0.13743102241220143
4.559322033898305,35.563632040332315,-12.21143770388805,-0.13743102241220131
4.627118644067797,35.563632040332315,-12.211589244536718,-0.13743102241220131
4.694915254237288,35.563632040332315,-12.211620336120049,-0.13743102241220131
4.762711864406779,35.563632040332315,-12.211626715136905,-0.13743102241220131
4.830508474576272,35.563632040332315,-12.211628023909189,-0.13743102241220131
4.898305084745763,35.563632040332315,-12.211628292427749,-0.13743102241220131
4.966101694915254,35.563632040332315,-12.211628347519238,-0.13743102241220131
5.033898305084746,35.563632040332315,-12.211628358822264,-0.13743102241220131
5.101694915254237,35.563632040332315,-12.211628361141285,-0.13743102241220131
5.169491525423728,35.563632040332315,-12.211628361617075,-0.13743102241220131
5.23728813559322,35.563632040332315,-12.211628361714693,-0.13743102241220131
5.305084745762712,35.563632040332315,-12.21162836173472,-0.13743102241220131
5.372881355932203,35.563632040332315,-12.21162836173883,-0.13743102241220131
5.4406779661016955,35.563632040332315,-12.211628361739674,-0.13743102241220131
5.508474576271187,35.563632040332315,-12.211628361739846,-0.13743102241220131
5.576271186440678,35.563632040332315,-12.211628361739882,-0.13743102241220131
5.6440677966101696,35.563632040332315,-12.211628361739889,-0.13743102241220131
5.711864406779661,35.563632040332315,-12.21162836173989,-0.13743102241220131
5.779661016949152,35.563632040332315,-12.21162836173989,-0.13743102241220131
5.847457627118644,35.563632040332315,-12.21162836173989,-0.13743102241220131
5.915254237288135,35.563632040332315,-12.21162836173989,-0.13743102241220131
5.983050847457627,35.563632040332315,-12.21162836173989,-0.13743102241220131
6.0508474576271185,35.563632040332315,-12.21162836173989,-0.13743102241220131
6.118644067796611,35.563632040332315,-12.21162836173989,-0.13743102241220131
6.186440677966102,35.563632040332315,-12.21162836173989,-0.13743102241220131
6.254237288135593,35.563632040332315,-12.21162836173989,-0.13743102241220131
6.322033898305085,35.563632040332315,-12.21162836173989,-0.13743102241220131
6.389830508474576,35.563632040332315,-12.21162836173989,-0.13743102241220131
6.4576271186440675,35.563632040332315,-12.21162836173989,-0.13743102241220131
6.525423728813559,35.563632040332315,-12.21162836173989,-0.13743102241220131
6.593220338983051,35.563632040332315,-12.21162836173989,-0.13743102241220131
6.661016949152542,35.563632040332315,-12.21162836173989,-0.13743102241220131
6.728813559322034,35.563632040332315,-12.21162836173989,-0.13743102241220131
6.796610169491526,35.563632040332315,-12.21162836173989,-0.13743102241220131
6.864406779661017,35.563632040332315,-12.21162836173989,-0.13743102241220131
6.932203389830509,35.563632040332315,-12.21162836173989,-0.13743102241220131
7.0,35.563632040332315,-12.21162836173989,-0.13743102241220131
3.0,36.40914787779178,10.516754772472831,-0.1374310224125572
3.0677966101694913,36.40914787779178,10.516754770898398,-0.1374310224125572
3.135593220338983,36.40914787779178,10.516754763224554,-0.1374310224125572
3.2033898305084745,36.40914787779178,10.516754725821848,-0.1374310224125572
3.2711864406779663,36.40914787779178,10.51675454351926,-0.1374310224125572
3.3389830508474576,36.40914787779178,10.516753654967744,-0.1374310224125572
3.406779661016949,36.40914787779178,10.516749324125916,-0.1374310224125572
3.4745762711864407,36.40914787779178,10.516728215418306,-0.1374310224125572
3.542372881355932,36.40914787779178,10.51662533112457,-0.1374310224125572
3.610169491525424,36.40914787779178,10.51612388148005,-0.13743102241255725
3.6779661016949152,36.40914787779178,10.513680108890922,-0.13743102241255742
3.7457627118644066,36.40914787779178,10.501776571659416,-0.13743102241255828
3.8135593220338984,36.40914787779178,10.44393642445242,-0.1374310224125624
3.8813559322033897,36.40914787779178,10.166190871864902,-0.13743102241258184
3.9491525423728815,36.40914787779178,8.904537532687005,-0.13743102241266353
4.016949152542373,36.40914787779178,4.354191203148658,-0.13743102241286842
4.084745762711864,36.40914787779178,-4.123598497767108,-0.13743102241287505
4.152542372881356,36.40914787779178,-9.880764845418438,-0.13743102241260124
4.220338983050848,36.40914787779178,-11.670868578546358,-0.13743102241247024
4.288135593220339,36.40914787779178,-12.077698481399386,-0.13743102241243743
4.3559322033898304,36.40914787779178,-12.163018508068498,-0.1374310224124304
4.423728813559322,36.40914787779178,-12.180603195155202,-0.13743102241242897
4.491525423728813,36.40914787779178,-12.184214386709893,-0.13743102241242866
4.559322033898305,36.40914787779178,-12.184955430694023,-0.13743102241242858
4.627118644067797,36.40914787779178,-12.185107475385962,-0.13743102241242858
4.694915254237288,36.40914787779178,-12.185138670383813,-0.13743102241242858
4.762711864406779,36.40914787779178,-12.185145070618082,-0.13743102241242858
4.830508474576272,36.40914787779178,-12.185146383743506,-0.13743102241242858
4.898305084745763,36.40914787779178,-12.185146653155194,-0.13743102241242858
4.966101694915254,36.40914787779178,-12.185146708429924,-0.13743102241242858
5.033898305084746,36.40914787779178,-12.185146719770545,-0.13743102241242858
5.101694915254237,36.40914787779178,-12.18514672209728,-0.13743102241242858
5.169491525423728,36.40914787779178,-12.185146722574652,-0.13743102241242858
5.23728813559322,36.40914787779178,-12.185146722672593,-0.13743102241242858
5.305084745762712,36.40914787779178,-12.185146722692688,-0.13743102241242858
5.372881355932203,36.40914787779178,-12.18514672269681,-0.13743102241242858
5.4406779661016955,36.40914787779178,-12.185146722697658,-0.13743102241242858
5.508474576271187,36.40914787779178,-12.18514672269783,-0.13743102241242858
5.576271186440678,36.40914787779178,-12.185146722697866,-0.13743102241242858
5.6440677966101696,36.40914787779178,-12.185146722697873,-0.13743102241242858
5.711864406779661,36.40914787779178,-12.185146722697874,-0.13743102241242858
5.779661016949152,36.40914787779178,-12.185146722697874,-0.13743102241242858
5.847457627118644,36.40914787779178,-12.185146722697874,-0.13743102241242858
5.915254237288135,36.40914787779178,-12.185146722697874,-0.13743102241242858
5.983050847457627,36.40914787779178,-12.185146722697874,-0.13743102241242858
6.0508474576271185,36.40914787779178,-12.185146722697874,-0.13743102241242858
6.118644067796611,36.40914787779178,-12.185146722697874,-0.13743102241242858
6.186440677966102,36.40914787779178,-12.185146722697874,-0.13743102241242858
6.254237288135593,36.40914787779178,-12.185146722697874,-0.13743102241242858
6.322033898305085,36.40914787779178,-12.185146722697874,-0.13743102241242858
6.389830508474576,36.40914787779178,-12.185146722697874,-0.13743102241242858
6.4576271186440675,36.40914787779178,-12.185146722697874,-0.13743102241242858
6.525423728813559,36.40914787779178,-12.185146722697874,-0.13743102241242858
6.593220338983051,36.40914787779178,-12.185146722697874,-0.13743102241242858
6.661016949152542,36.40914787779178,-12.185146722697874,-0.13743102241242858
6.728813559322034,36.40914787779178,-12.185146722697874,-0.13743102241242858
6.796610169491526,36.40914787779178,-12.185146722697874,-0.13743102241242858
6.864406779661017,36.40914787779178,-12.185146722697874,-0.13743102241242858
6.932203389830509,36.40914787779178,-12.185146722697874,-0.13743102241242858
7.0,36.40914787779178,-12.185146722697874,-0.13743102241242858
3.0,37.274765628086925,10.618495472198589,-0.13743102241267044
3.0677966101694913,37.274765628086925,10.618495470618937,-0.13743102241267044
3.135593220338983,37.274765628086925,10.618495462919654,-0.13743102241267044
3.2033898305084745,37.274765628086925,10.618495425392954,-0.13743102241267044
3.2711864406779663,37.274765628086925,10.618495242486015,-0.13743102241267044
3.3389830508474576,37.274765628086925,10.618494350988861,-0.13743102241267044
3.406779661016949,37.274765628086925,10.618490005789862,-0.13743102241267044
3.4745762711864407,37.274765628086925,10.618468827104788,-0.13743102241267044
3.542372881355932,37.274765628086925,10.618365601739388,-0.13743102241267044
3.610169491525424,37.274765628086925,10.617862489739437,-0.13743102241267047
3.6779661016949152,37.274765628086925,10.615410615801196,-0.13743102241267058
3.7457627118644066,37.274765628086925,10.60346761716021,-0.1374310224126712
3.8135593220338984,37.274765628086925,10.545435724114236,-0.13743102241267405
3.8813559322033897,37.274765628086925,10.266769417403928,-0.13743102241268754
3.9491525423728815,37.274765628086925,9.000933571961733,-0.13743102241274427
4.016949152542373,37.274765628086925,4.4355023919046035,-0.13743102241288702
4.084745762711864,37.274765628086925,-4.070392024807808,-0.13743102241289423
4.152542372881356,37.274765628086925,-9.846643951330867,-0.13743102241270722
4.220338983050848,37.274765628086925,-11.642682056322322,-0.1374310224126174
4.288135593220339,37.274765628086925,-12.050860640753996,-0.1374310224125949
4.3559322033898304,37.274765628086925,-12.136463511794801,-0.1374310224125901
4.423728813559322,37.274765628086925,-12.154106493867625,-0.13743102241258906
4.491525423728813,37.274765628086925,-12.157729656881376,-0.13743102241258887
4.559322033898305,37.274765628086925,-12.158473157499994,-0.1374310224125888
4.627118644067797,37.274765628086925,-12.158625706235204,-0.1374310224125888
4.694915254237288,37.274765628086925,-12.158657004647576,-0.1374310224125888
4.762711864406779,37.274765628086925,-12.158663426099258,-0.1374310224125888
4.830508474576272,37.274765628086925,-12.158664743577823,-0.1374310224125888
4.898305084745763,37.274765628086925,-12.158665013882638,-0.1374310224125888
4.966101694915254,37.274765628086925,-12.158665069340609,-0.1374310224125888
5.033898305084746,37.274765628086925,-12.158665080718825,-0.1374310224125888
5.101694915254237,37.274765628086925,-12.158665083053272,-0.1374310224125888
5.169491525423728,37.274765628086925,-12.158665083532227,-0.1374310224125888
5.23728813559322,37.274765628086925,-12.158665083630495,-0.1374310224125888
5.305084745762712,37.274765628086925,-12.158665083650655,-0.1374310224125888
5.372881355932203,37.274765628086925,-12.158665083654792,-0.1374310224125888
5.4406779661016955,37.274765628086925,-12.158665083655642,-0.1374310224125888
5.508474576271187,37.274765628086925,-12.158665083655816,-0.1374310224125888
5.576271186440678,37.274765628086925,-12.158665083655851,-0.1374310224125888
5.6440677966101696,37.274765628086925,-12.158665083655858,-0.1374310224125888
5.711864406779661,37.274765628086925,-12.15866508365586,-0.1374310224125888
5.779661016949152,37.274765628086925,-12.15866508365586,-0.1374310224125888
5.847457627118644,37.274765628086925,-12.15866508365586,-0.1374310224125888
5.915254237288135,37.274765628086925,-12.15866508365586,-0.1374310224125888
5.983050847457627,37.274765628086925,-12.15866508365586,-0.1374310224125888
6.0508474576271185,37.274765628086925,-12.15866508365586,-0.1374310224125888
6.118644067796611,37.274765628086925,-12.15866508365586,-0.1374310224125888
6.186440677966102,37.274765628086925,-12.15866508365586,-0.1374310224125888
6.254237288135593,37.274765628086925,-12.15866508365586,-0.1374310224125888
6.322033898305085,37.274765628086925,-12.15866508365586,-0.1374310224125888
6.389830508474576,37.274765628086925,-12.15866508365586,-0.1374310224125888
6.4576271186440675,37.274765628086925,-12.15866508365586,-0.1374310224125888
6.525423728813559,37.274765628086925,-12.15866508365586,-0.1374310224125888
6.593220338983051,37.274765628086925,-12.15866508365586,-0.1374310224125888
6.661016949152542,37.274765628086925,-12.15866508365586,-0.1374310224125888
6.728813559322034,37.274765628086925,-12.15866508365586,-0.1374310224125888
6.796610169491526,37.274765628086925,-12.15866508365586,-0.1374310224125888
6.864406779661017,37.274765628086925,-12.15866508365586,-0.1374310224125888
6.932203389830509,37.274765628086925,-12.15866508365586,-0.1374310224125888
7.0,37.274765628086925,-12.15866508365586,-0.1374310224125888
3.0,38.16096320881755,10.720236171924343,-0.13743102241274852
3.0677966101694913,38.16096320881755,10.720236170339472,-0.13743102241274852
3.135593220338983,38.16096320881755,10.720236162614748,-0.13743102241274852
3.2033898305084745,38.16096320881755,10.720236124964055,-0.13743102241274852
3.2711864406779663,38.16096320881755,10.720235941452765,-0.13743102241274852
3.3389830508474576,38.16096320881755,10.720235047009975,-0.13743102241274852
3.406779661016949,38.16096320881755,10.720230687453805,-0.13743102241274852
3.4745762711864407,38.16096320881755,10.720209438791265,-0.13743102241274852
3.542372881355932,38.16096320881755,10.720105872354203,-0.13743102241274852
3.610169491525424,38.16096320881755,10.719601097998822,-0.13743102241274854
3.6779661016949152,38.16096320881755,10.717141122711466,-0.1374310224127486
3.7457627118644066,38.16096320881755,10.705158662661,-0.13743102241274902
3.8135593220338984,38.16096320881755,10.646935023776049,-0.137431022412751
3.8813559322033897,38.16096320881755,10.36734796294295,-0.13743102241276042
3.9491525423728815,38.16096320881755,9.097329611236457,-0.13743102241280006
4.016949152542373,38.16096320881755,4.516813580660546,-0.1374310224129001
4.084745762711864,38.16096320881755,-4.0171855518485104,-0.13743102241290692
4.152542372881356,38.16096320881755,-9.812523057243297,-0.13743102241277838
4.220338983050848,38.16096320881755,-11.614495534098285,-0.13743102241271649
4.288135593220339,38.16096320881755,-12.024022800108606,-0.13743102241270094
4.3559322033898304,38.16096320881755,-12.109908515521104,-0.13743102241269764
4.423728813559322,38.16096320881755,-12.127609792580047,-0.13743102241269695
4.491525423728813,38.16096320881755,-12.13124492705286,-0.13743102241269678
4.559322033898305,38.16096320881755,-12.131990884305967,-0.13743102241269675
4.627118644067797,38.16096320881755,-12.132143937084448,-0.13743102241269675
4.694915254237288,38.16096320881755,-12.13217533891134,-0.13743102241269675
4.762711864406779,38.16096320881755,-12.132181781580435,-0.13743102241269675
4.830508474576272,38.16096320881755,-12.132183103412142,-0.13743102241269675
4.898305084745763,38.16096320881755,-12.132183374610083,-0.13743102241269675
4.966101694915254,38.16096320881755,-12.132183430251295,-0.13743102241269675
5.033898305084746,38.16096320881755,-12.132183441667106,-0.13743102241269675
5.101694915254237,38.16096320881755,-12.132183444009268,-0.13743102241269675
5.169491525423728,38.16096320881755,-12.132183444489806,-0.13743102241269675
5.23728813559322,38.16096320881755,-12.132183444588398,-0.13743102241269675
5.305084745762712,38.16096320881755,-12.132183444608623,-0.13743102241269675
5.372881355932203,38.16096320881755,-12.132183444612775,-0.13743102241269675
5.4406779661016955,38.16096320881755,-12.132183444613627,-0.13743102241269675
5.508474576271187,38.16096320881755,-12.132183444613801,-0.13743102241269675
5.576271186440678,38.16096320881755,-12.132183444613837,-0.13743102241269675
5.6440677966101696,38.16096320881755,-12.132183444613844,-0.13743102241269675
5.711864406779661,38.16096320881755,-12.132183444613846,-0.13743102241269675
5.779661016949152,38.16096320881755,-12.132183444613846,-0.13743102241269675
5.847457627118644,38.16096320881755,-12.132183444613846,-0.13743102241269675
5.915254237288135,38.16096320881755,-12.132183444613846,-0.13743102241269675
5.983050847457627,38.16096320881755,-12.132183444613846,-0.13743102241269675
6.0508474576271185,38.16096320881755,-12.132183444613846,-0.13743102241269675
6.118644067796611,38.16096320881755,-12.132183444613846,-0.13743102241269675
6.186440677966102,38.16096320881755,-12.132183444613846,-0.13743102241269675
6.254237288135593,38.16096320881755,-12.132183444613846,-0.13743102241269675
6.322033898305085,38.16096320881755,-12.132183444613846,-0.13743102241269675
6.389830508474576,38.16096320881755,-12.132183444613846,-0.13743102241269675
6.4576271186440675,38.16096320881755,-12.132183444613846,-0.13743102241269675
6.525423728813559,38.16096320881755,-12.132183444613846,-0.13743102241269675
6.593220338983051,38.16096320881755,-12.132183444613846,-0.13743102241269675
6.661016949152542,38.16096320881755,-12.132183444613846,-0.13743102241269675
6.728813559322034,38.16096320881755,-12.132183444613846,-0.13743102241269675
6.796610169491526,38.16096320881755,-12.132183444613846,-0.13743102241269675
6.864406779661017,38.16096320881755,-12.132183444613846,-0.13743102241269675
6.932203389830509,38.16096320881755,-12.132183444613846,-0.13743102241269675
7.0,38.16096320881755,-12.132183444613846,-0.13743102241269675
3.0,39.0682298999466,10.821976871650103,-0.13743102241280392
3.0677966101694913,39.0682298999466,10.821976870060011,-0.13743102241280392
3.135593220338983,39.0682298999466,10.821976862309848,-0.13743102241280392
3.2033898305084745,39.0682298999466,10.82197682453516,-0.13743102241280392
3.2711864406779663,39.0682298999466,10.82197664041952,-0.13743102241280392
3.3389830508474576,39.0682298999466,10.821975743031093,-0.13743102241280392
3.406779661016949,39.0682298999466,10.821971369117751,-0.13743102241280392
3.4745762711864407,39.0682298999466,10.821950050477747,-0.13743102241280392
3.542372881355932,39.0682298999466,10.821846142969022,-0.13743102241280392
3.610169491525424,39.0682298999466,10.821339706258211,-0.13743102241280394
3.6779661016949152,39.0682298999466,10.81887162962174,-0.13743102241280397
3.7457627118644066,39.0682298999466,10.806849708161796,-0.13743102241280428
3.8135593220338984,39.0682298999466,10.748434323437863,-0.13743102241280566
3.8813559322033897,39.0682298999466,10.467926508481979,-0.1374310224128122
3.9491525423728815,39.0682298999466,9.193725650511185,-0.13743102241283978
4.016949152542373,39.0682298999466,4.598124769416492,-0.13743102241290953
4.084745762711864,39.0682298999466,-3.963979078889211,-0.1374310224129155
4.152542372881356,39.0682298999466,-9.778402163155727,-0.13743102241282756
4.220338983050848,39.0682298999466,-11.586309011874249,-0.13743102241278507
4.288135593220339,39.0682298999466,-11.997184959463215,-0.13743102241277438
4.3559322033898304,39.0682298999466,-12.083353519247407,-0.1374310224127721
4.423728813559322,39.0682298999466,-12.10111309129247,-0.13743102241277166
4.491525423728813,39.0682298999466,-12.104760197224344,-0.13743102241277153
4.559322033898305,39.0682298999466,-12.10550861111194,-0.13743102241277153
4.627118644067797,39.0682298999466,-12.105662167933692,-0.13743102241277153
4.694915254237288,39.0682298999466,-12.105693673175104,-0.13743102241277153
4.762711864406779,39.0682298999466,-12.10570013706161,-0.13743102241277153
4.830508474576272,39.0682298999466,-12.10570146324646,-0.13743102241277153
4.898305084745763,39.0682298999466,-12.105701735337526,-0.13743102241277153
4.966101694915254,39.0682298999466,-12.10570179116198,-0.13743102241277153
5.033898305084746,39.0682298999466,-12.105701802615387,-0.13743102241277153
5.101694915254237,39.0682298999466,-12.10570180496526,-0.13743102241277153
5.169491525423728,39.0682298999466,-12.105701805447382,-0.13743102241277153
5.23728813559322,39.0682298999466,-12.105701805546298,-0.13743102241277153
5.305084745762712,39.0682298999466,-12.105701805566591,-0.13743102241277153
5.372881355932203,39.0682298999466,-12.105701805570755,-0.13743102241277153
5.4406779661016955,39.0682298999466,-12.105701805571611,-0.13743102241277153
5.508474576271187,39.0682298999466,-12.105701805571785,-0.13743102241277153
5.576271186440678,39.0682298999466,-12.10570180557182,-0.13743102241277153
5.6440677966101696,39.0682298999466,-12.105701805571828,-0.13743102241277153
5.711864406779661,39.0682298999466,-12.10570180557183,-0.13743102241277153
5.779661016949152,39.0682298999466,-12.10570180557183,-0.13743102241277153
5.847457627118644,39.0682298999466,-12.10570180557183,-0.13743102241277153
5.915254237288135,39.0682298999466,-12.10570180557183,-0.13743102241277153
5.983050847457627,39.0682298999466,-12.10570180557183,-0.13743102241277153
6.0508474576271185,39.0682298999466,-12.10570180557183,-0.13743102241277153
6.118644067796611,39.0682298999466,-12.10570180557183,-0.13743102241277153
6.186440677966102,39.0682298999466,-12.10570180557183,-0.13743102241277153
6.254237288135593,39.0682298999466,-12.10570180557183,-0.13743102241277153
6.322033898305085,39.0682298999466,-12.10570180557183,-0.13743102241277153
6.389830508474576,39.0682298999466,-12.10570180557183,-0.13743102241277153
6.4576271186440675,39.0682298999466,-12.10570180557183,-0.13743102241277153
6.525423728813559,39.0682298999466,-12.10570180557183,-0.13743102241277153
6.593220338983051,39.0682298999466,-12.10570180557183,-0.13743102241277153
6.661016949152542,39.0682298999466,-12.10570180557183,-0.13743102241277153
6.728813559322034,39.0682298999466,-12.10570180557183,-0.13743102241277153
6.796610169491526,39.0682298999466,-12.10570180557183,-0.13743102241277153
6.864406779661017,39.0682298999466,-12.10570180557183,-0.13743102241277153
6.932203389830509,39.0682298999466,-12.10570180557183,-0.13743102241277153
7.0,39.0682298999466,-12.10570180557183,-0.13743102241277153
3.0,39.99706661393718,10.923717571375859,-0.13743102241284275
3.0677966101694913,39.99706661393718,10.923717569780546,-0.13743102241284275
3.135593220338983,39.99706661393718,10.923717562004946,-0.13743102241284275
3.2033898305084745,39.99706661393718,10.923717524106264,-0.13743102241284275
3.2711864406779663,39.99706661393718,10.923717339386272,-0.13743102241284275
3.3389830508474576,39.99706661393718,10.923716439052209,-0.13743102241284275
3.406779661016949,39.99706661393718,10.923712050781695,-0.13743102241284275
3.4745762711864407,39.99706661393718,10.923690662164226,-0.13743102241284275
3.542372881355932,39.99706661393718,10.923586413583838,-0.13743102241284275
3.610169491525424,39.99706661393718,10.923078314517596,-0.13743102241284277
3.6779661016949152,39.99706661393718,10.92060213653201,-0.1374310224128428
3.7457627118644066,39.99706661393718,10.908540753662587,-0.137431022412843
3.8135593220338984,39.99706661393718,10.849933623099677,-0.13743102241284397
3.8813559322033897,39.99706661393718,10.568505054021003,-0.1374310224128485
3.9491525423728815,39.99706661393718,9.290121689785911,-0.13743102241286767
4.016949152542373,39.99706661393718,4.679435958172436,-0.13743102241291627
4.084745762711864,39.99706661393718,-3.9107726059299126,-0.13743102241292127
4.152542372881356,39.99706661393718,-9.744281269068157,-0.13743102241286115
4.220338983050848,39.99706661393718,-11.558122489650213,-0.13743102241283198
4.288135593220339,39.99706661393718,-11.970347118817825,-0.13743102241282468
4.3559322033898304,39.99706661393718,-12.05679852297371,-0.1374310224128231
4.423728813559322,39.99706661393718,-12.074616390004893,-0.1374310224128228
4.491525423728813,39.99706661393718,-12.078275467395827,-0.1374310224128227
4.559322033898305,39.99706661393718,-12.079026337917913,-0.13743102241282268
4.627118644067797,39.99706661393718,-12.079180398782936,-0.13743102241282268
4.694915254237288,39.99706661393718,-12.079212007438867,-0.13743102241282268
4.762711864406779,39.99706661393718,-12.079218492542788,-0.13743102241282268
4.830508474576272,39.99706661393718,-12.079219823080777,-0.13743102241282268
4.898305084745763,39.99706661393718,-12.07922009606497,-0.13743102241282268
4.966101694915254,39.99706661393718,-12.079220152072665,-0.13743102241282268
5.033898305084746,39.99706661393718,-12.079220163563669,-0.13743102241282268
5.101694915254237,39.99706661393718,-12.079220165921255,-0.13743102241282268
5.169491525423728,39.99706661393718,-12.079220166404959,-0.13743102241282268
5.23728813559322,39.99706661393718,-12.079220166504198,-0.13743102241282268
5.305084745762712,39.99706661393718,-12.079220166524559,-0.13743102241282268
5.372881355932203,39.99706661393718,-12.079220166528737,-0.13743102241282268
5.4406779661016955,39.99706661393718,-12.079220166529595,-0.13743102241282268
5.508474576271187,39.99706661393718,-12.07922016652977,-0.13743102241282268
5.576271186440678,39.99706661393718,-12.079220166529806,-0.13743102241282268
5.6440677966101696,39.99706661393718,-12.079220166529813,-0.13743102241282268
5.711864406779661,39.99706661393718,-12.079220166529815,-0.13743102241282268
5.779661016949152,39.99706661393718,-12.079220166529815,-0.13743102241282268
5.847457627118644,39.99706661393718,-12.079220166529815,-0.13743102241282268
5.915254237288135,39.99706661393718,-12.079220166529815,-0.13743102241282268
5.983050847457627,39.99706661393718,-12.079220166529815,-0.13743102241282268
6.0508474576271185,39.99706661393718,-12.079220166529815,-0.13743102241282268
6.118644067796611,39.99706661393718,-12.079220166529815,-0.13743102241282268
6.186440677966102,39.99706661393718,-12.079220166529815,-0.13743102241282268
6.254237288135593,39.99706661393718,-12.079220166529815,-0.13743102241282268
6.322033898305085,39.99706661393718,-12.079220166529815,-0.13743102241282268
6.389830508474576,39.99706661393718,-12.079220166529815,-0.13743102241282268
6.4576271186440675,39.99706661393718,-12.079220166529815,-0.13743102241282268
6.525423728813559,39.99706661393718,-12.079220166529815,-0.13743102241282268
6.593220338983051,39.99706661393718,-12.079220166529815,-0.13743102241282268
6.661016949152542,39.99706661393718,-12.079220166529815,-0.13743102241282268
6.728813559322034,39.99706661393718,-12.079220166529815,-0.13743102241282268
6.796610169491526,39.99706661393718,-12.079220166529815,-0.13743102241282268
6.864406779661017,39.99706661393718,-12.079220166529815,-0.13743102241282268
6.932203389830509,39.99706661393718,-12.079220166529815,-0.13743102241282268
7.0,39.99706661393718,-12.079220166529815,-0.13743102241282268
3.0,40.9479861723122,11.025458271101613,-0.13743102241287164
3.0677966101694913,40.9479861723122,11.025458269501083,-0.13743102241287164
3.135593220338983,40.9479861723122,11.02545826170004,-0.13743102241287164
3.2033898305084745,40.9479861723122,11.025458223677365,-0.13743102241287164
3.2711864406779663,40.9479861723122,11.025458038353023,-0.13743102241287164
3.3389830508474576,40.9479861723122,11.025457135073323,-0.13743102241287164
3.406779661016949,40.9479861723122,11.025452732445638,-0.13743102241287164
3.4745762711864407,40.9479861723122,11.025431273850705,-0.13743102241287164
3.542372881355932,40.9479861723122,11.025326684198653,-0.13743102241287164
3.610169491525424,40.9479861723122,11.024816922776981,-0.13743102241287164
3.6779661016949152,40.9479861723122,11.02233264344228,-0.13743102241287167
3.7457627118644066,40.9479861723122,11.010231799163378,-0.1374310224128718
3.8135593220338984,40.9479861723122,10.951432922761487,-0.13743102241287247
3.8813559322033897,40.9479861723122,10.669083599560025,-0.13743102241287553
3.9491525423728815,40.9479861723122,9.386517729060635,-0.1374310224128885
4.016949152542373,40.9479861723122,4.760747146928379,-0.1374310224129214
4.084745762711864,40.9479861723122,-3.8575661329706152,-0.13743102241292532
4.152542372881356,40.9479861723122,-9.710160374980587,-0.13743102241288538
4.220338983050848,40.9479861723122,-11.529935967426177,-0.13743102241286592
4.288135593220339,40.9479861723122,-11.943509278172437,-0.13743102241286104
4.3559322033898304,40.9479861723122,-12.030243526700012,-0.13743102241285998
4.423728813559322,40.9479861723122,-12.048119688717316,-0.13743102241285976
4.491525423728813,40.9479861723122,-12.051790737567313,-0.13743102241285973
4.559322033898305,40.9479861723122,-12.052544064723886,-0.13743102241285973
4.627118644067797,40.9479861723122,-12.05269862963218,-0.13743102241285973
4.694915254237288,40.9479861723122,-12.052730341702631,-0.13743102241285973
4.762711864406779,40.9479861723122,-12.052736848023965,-0.13743102241285973
4.830508474576272,40.9479861723122,-12.052738182915096,-0.13743102241285973
4.898305084745763,40.9479861723122,-12.052738456792415,-0.13743102241285973
4.966101694915254,40.9479861723122,-12.052738512983352,-0.13743102241285973
5.033898305084746,40.9479861723122,-12.052738524511948,-0.13743102241285973
5.101694915254237,40.9479861723122,-12.05273852687725,-0.13743102241285973
5.169491525423728,40.9479861723122,-12.052738527362536,-0.13743102241285973
5.23728813559322,40.9479861723122,-12.0527385274621,-0.13743102241285973
5.305084745762712,40.9479861723122,-12.052738527482528,-0.13743102241285973
5.372881355932203,40.9479861723122,-12.052738527486719,-0.13743102241285973
5.4406779661016955,40.9479861723122,-12.05273852748758,-0.13743102241285973
5.508474576271187,40.9479861723122,-12.052738527487756,-0.13743102241285973
5.576271186440678,40.9479861723122,-12.052738527487792,-0.13743102241285973
5.6440677966101696,40.9479861723122,-12.052738527487799,-0.13743102241285973
5.711864406779661,40.9479861723122,-12.0527385274878,-0.13743102241285973
5.779661016949152,40.9479861723122,-12.0527385274878,-0.13743102241285973
5.847457627118644,40.9479861723122,-12.0527385274878,-0.13743102241285973
5.915254237288135,40.9479861723122,-12.0527385274878,-0.13743102241285973
5.983050847457627,40.9479861723122,-12.0527385274878,-0.13743102241285973
6.0508474576271185,40.9479861723122,-12.0527385274878,-0.13743102241285973
6.118644067796611,40.9479861723122,-12.0527385274878,-0.13743102241285973
6.186440677966102,40.9479861723122,-12.0527385274878,-0.13743102241285973
6.254237288135593,40.9479861723122,-12.0527385274878,-0.13743102241285973
6.322033898305085,40.9479861723122,-12.0527385274878,-0.13743102241285973
6.389830508474576,40.9479861723122,-12.0527385274878,-0.13743102241285973
6.4576271186440675,40.9479861723122,-12.0527385274878,-0.13743102241285973
6.525423728813559,40.9479861723122,-12.0527385274878,-0.13743102241285973
6.593220338983051,40.9479861723122,-12.0527385274878,-0.13743102241285973
6.661016949152542,40.9479861723122,-12.0527385274878,-0.13743102241285973
6.728813559322034,40.9479861723122,-12.0527385274878,-0.13743102241285973
6.796610169491526,40.9479861723122,-12.0527385274878,-0.13743102241285973
6.864406779661017,40.9479861723122,-12.0527385274878,-0.13743102241285973
6.932203389830509,40.9479861723122,-12.0527385274878,-0.13743102241285973
7.0,40.9479861723122,-12.0527385274878,-0.13743102241285973
3.0,41.92151358878914,11.12719897082737,-0.13743102241288996
3.0677966101694913,41.92151358878914,11.12719896922162,-0.13743102241288996
3.135593220338983,41.92151358878914,11.12719896139514,-0.13743102241288996
3.2033898305084745,41.92151358878914,11.127198923248471,-0.13743102241288996
3.2711864406779663,41.92151358878914,11.127198737319777,-0.13743102241288996
3.3389830508474576,41.92151358878914,11.12719783109444,-0.13743102241288996
3.406779661016949,41.92151358878914,11.127193414109584,-0.13743102241288996
3.4745762711864407,41.92151358878914,11.127171885537187,-0.13743102241288996
3.542372881355932,41.92151358878914,11.127066954813472,-0.13743102241288996
3.610169491525424,41.92151358878914,11.12655553103637,-0.13743102241288999
3.6779661016949152,41.92151358878914,11.124063150352553,-0.13743102241288999
3.7457627118644066,41.92151358878914,11.111922844664171,-0.1374310224128901
3.8135593220338984,41.92151358878914,11.052932222423303,-0.13743102241289054
3.8813559322033897,41.92151358878914,10.769662145099051,-0.13743102241289268
3.9491525423728815,41.92151358878914,9.482913768335365,-0.1374310224129017
4.016949152542373,41.92151358878914,4.8420583356843245,-0.13743102241292468
4.084745762711864,41.92151358878914,-3.8043596600113156,-0.1374310224129278
4.152542372881356,41.92151358878914,-9.676039480893015,-0.1374310224129004
4.220338983050848,41.92151358878914,-11.50174944520214,-0.13743102241288704
4.288135593220339,41.92151358878914,-11.916671437527047,-0.13743102241288369
4.3559322033898304,41.92151358878914,-12.003688530426315,-0.13743102241288296
4.423728813559322,41.92151358878914,-12.021622987429739,-0.13743102241288283
4.491525423728813,41.92151358878914,-12.025306007738795,-0.1374310224128828
4.559322033898305,41.92151358878914,-12.026061791529857,-0.13743102241288277
4.627118644067797,41.92151358878914,-12.026216860481425,-0.13743102241288277
4.694915254237288,41.92151358878914,-12.026248675966393,-0.13743102241288277
4.762711864406779,41.92151358878914,-12.02625520350514,-0.13743102241288277
4.830508474576272,41.92151358878914,-12.026256542749413,-0.13743102241288277
4.898305084745763,41.92151358878914,-12.026256817519858,-0.13743102241288277
4.966101694915254,41.92151358878914,-12.026256873894036,-0.13743102241288277
5.033898305084746,41.92151358878914,-12.02625688546023,-0.13743102241288277
5.101694915254237,41.92151358878914,-12.026256887833243,-0.13743102241288277
5.169491525423728,41.92151358878914,-12.026256888320113,-0.13743102241288277
5.23728813559322,41.92151358878914,-12.026256888420003,-0.13743102241288277
5.305084745762712,41.92151358878914,-12.026256888440495,-0.13743102241288277
5.372881355932203,41.92151358878914,-12.026256888444701,-0.13743102241288277
5.4406779661016955,41.92151358878914,-12.026256888445564,-0.13743102241288277
5.508474576271187,41.92151358878914,-12.02625688844574,-0.13743102241288277
5.576271186440678,41.92151358878914,-12.026256888445777,-0.13743102241288277
5.6440677966101696,41.92151358878914,-12.026256888445785,-0.13743102241288277
5.711864406779661,41.92151358878914,-12.026256888445786,-0.13743102241288277
5.779661016949152,41.92151358878914,-12.026256888445786,-0.13743102241288277
5.847457627118644,41.92151358878914,-12.026256888445786,-0.13743102241288277
5.915254237288135,41.92151358878914,-12.026256888445786,-0.13743102241288277
5.983050847457627,41.92151358878914,-12.026256888445786,-0.13743102241288277
6.0508474576271185,41.92151358878914,-12.026256888445786,-0.13743102241288277
6.118644067796611,41.92151358878914,-12.026256888445786,-0.13743102241288277
6.186440677966102,41.92151358878914,-12.026256888445786,-0.13743102241288277
6.254237288135593,41.92151358878914,-12.026256888445786,-0.13743102241288277
6.322033898305085,41.92151358878914,-12.026256888445786,-0.13743102241288277
6.389830508474576,41.92151358878914,-12.026256888445786,-0.13743102241288277
6.4576271186440675,41.92151358878914,-12.026256888445786,-0.13743102241288277
6.525423728813559,41.92151358878914,-12.026256888445786,-0.13743102241288277
6.593220338983051,41.92151358878914,-12.026256888445786,-0.13743102241288277
6.661016949152542,41.92151358878914,-12.026256888445786,-0.13743102241288277
6.728813559322034,41.92151358878914,-12.026256888445786,-0.13743102241288277
6.796610169491526,41.92151358878914,-12.026256888445786,-0.13743102241288277
6.864406779661017,41.92151358878914,-12.026256888445786,-0.13743102241288277
6.932203389830509,41.92151358878914,-12.026256888445786,-0.13743102241288277
7.0,41.92151358878914,-12.026256888445786,-0.13743102241288277
3.0,42.91818635914608,11.228939670553125,-0.13743102241290503
3.0677966101694913,42.91818635914608,11.228939668942155,-0.13743102241290503
3.135593220338983,42.91818635914608,11.228939661090234,-0.13743102241290503
3.2033898305084745,42.91818635914608,11.228939622819572,-0.13743102241290503
3.2711864406779663,42.91818635914608,11.228939436286527,-0.13743102241290503
3.3389830508474576,42.91818635914608,11.228938527115554,-0.13743102241290503
3.406779661016949,42.91818635914608,11.228934095773527,-0.13743102241290503
3.4745762711864407,42.91818635914608,11.228912497223664,-0.13743102241290503
3.542372881355932,42.91818635914608,11.228807225428286,-0.13743102241290503
3.610169491525424,42.91818635914608,11.228294139295754,-0.13743102241290503
3.6779661016949152,42.91818635914608,11.225793657262823,-0.13743102241290506
3.7457627118644066,42.91818635914608,11.213613890164963,-0.1374310224129051
3.8135593220338984,42.91818635914608,11.154431522085115,-0.13743102241290542
3.8813559322033897,42.91818635914608,10.870240690638074,-0.1374310224129068
3.9491525423728815,42.91818635914608,9.579309807610088,-0.1374310224129126
4.016949152542373,42.91818635914608,4.923369524440266,-0.13743102241292746
4.084745762711864,42.91818635914608,-3.751153187052018,-0.1374310224129297
4.152542372881356,42.91818635914608,-9.641918586805446,-0.13743102241291233
4.220338983050848,42.91818635914608,-11.473562922978106,-0.13743102241290384
4.288135593220339,42.91818635914608,-11.889833596881656,-0.1374310224129017
4.3559322033898304,42.91818635914608,-11.977133534152618,-0.13743102241290123
4.423728813559322,42.91818635914608,-11.995126286142161,-0.13743102241290114
4.491525423728813,42.91818635914608,-11.99882127791028,-0.13743102241290112
4.559322033898305,42.91818635914608,-11.99957951833583,-0.13743102241290112
4.627118644067797,42.91818635914608,-11.999735091330669,-0.13743102241290112
4.694915254237288,42.91818635914608,-11.999767010230158,-0.13743102241290112
4.762711864406779,42.91818635914608,-11.999773558986318,-0.13743102241290112
4.830508474576272,42.91818635914608,-11.99977490258373,-0.13743102241290112
4.898305084745763,42.91818635914608,-11.999775178247303,-0.13743102241290112
4.966101694915254,42.91818635914608,-11.999775234804723,-0.13743102241290112
5.033898305084746,42.91818635914608,-11.999775246408511,-0.13743102241290112
5.101694915254237,42.91818635914608,-11.999775248789238,-0.13743102241290112
5.169491525423728,42.91818635914608,-11.99977524927769,-0.13743102241290112
5.23728813559322,42.91818635914608,-11.999775249377905,-0.13743102241290112
5.305084745762712,42.91818635914608,-11.999775249398464,-0.13743102241290112
5.372881355932203,42.91818635914608,-11.999775249402683,-0.13743102241290112
5.4406779661016955,42.91818635914608,-11.999775249403548,-0.13743102241290112
5.508474576271187,42.91818635914608,-11.999775249403726,-0.13743102241290112
5.576271186440678,42.91818635914608,-11.999775249403763,-0.13743102241290112
5.6440677966101696,42.91818635914608,-11.99977524940377,-0.13743102241290112
5.711864406779661,42.91818635914608,-11.999775249403772,-0.13743102241290112
5.779661016949152,42.91818635914608,-11.999775249403772,-0.13743102241290112
5.847457627118644,42.91818635914608,-11.999775249403772,-0.13743102241290112
5.915254237288135,42.91818635914608,-11.999775249403772,-0.13743102241290112
5.983050847457627,42.91818635914608,-11.999775249403772,-0.13743102241290112
6.0508474576271185,42.91818635914608,-11.999775249403772,-0.13743102241290112
6.118644067796611,42.91818635914608,-11.999775249403772,-0.13743102241290112
6.186440677966102,42.91818635914608,-11.999775249403772,-0.13743102241290112
6.254237288135593,42.91818635914608,-11.999775249403772,-0.13743102241290112
6.322033898305085,42.91818635914608,-11.999775249403772,-0.13743102241290112
6.389830508474576,42.91818635914608,-11.999775249403772,-0.13743102241290112
6.4576271186440675,42.91818635914608,-11.999775249403772,-0.13743102241290112
6.525423728813559,42.91818635914608,-11.999775249403772,-0.13743102241290112
6.593220338983051,42.91818635914608,-11.999775249403772,-0.13743102241290112
6.661016949152542,42.91818635914608,-11.999775249403772,-0.13743102241290112
6.728813559322034,42.91818635914608,-11.999775249403772,-0.13743102241290112
6.796610169491526,42.91818635914608,-11.999775249403772,-0.13743102241290112
6.864406779661017,42.91818635914608,-11.999775249403772,-0.13743102241290112
6.932203389830509,42.91818635914608,-11.999775249403772,-0.13743102241290112
7.0,42.91818635914608,-11.999775249403772,-0.13743102241290112
3.0,43.9385547579795,11.330680370278882,-0.1374310224129126
3.0677966101694913,43.9385547579795,11.330680368662694,-0.1374310224129126
3.135593220338983,43.9385547579795,11.330680360785333,-0.1374310224129126
3.2033898305084745,43.9385547579795,11.330680322390679,-0.1374310224129126
3.2711864406779663,43.9385547579795,11.330680135253282,-0.1374310224129126
3.3389830508474576,43.9385547579795,11.330679223136672,-0.1374310224129126
3.406779661016949,43.9385547579795,11.330674777437473,-0.1374310224129126
3.4745762711864407,43.9385547579795,11.330653108910147,-0.1374310224129126
3.542372881355932,43.9385547579795,11.330547496043105,-0.1374310224129126
3.610169491525424,43.9385547579795,11.330032747555142,-0.13743102241291263
3.6779661016949152,43.9385547579795,11.327524164173095,-0.13743102241291263
3.7457627118644066,43.9385547579795,11.315304935665758,-0.13743102241291266
3.8135593220338984,43.9385547579795,11.25593082174693,-0.13743102241291288
3.8813559322033897,43.9385547579795,10.9708192361771,-0.13743102241291388
3.9491525423728815,43.9385547579795,9.675705846884817,-0.13743102241291807
4.016949152542373,43.9385547579795,5.004680713196213,-0.13743102241292887
4.084745762711864,43.9385547579795,-3.6979467140927182,-0.13743102241293065
4.152542372881356,43.9385547579795,-9.607797692717876,-0.1374310224129183
4.220338983050848,43.9385547579795,-11.445376400754068,-0.1374310224129122
4.288135593220339,43.9385547579795,-11.862995756236266,-0.13743102241291066
4.3559322033898304,43.9385547579795,-11.950578537878918,-0.13743102241291033
4.423728813559322,43.9385547579795,-11.968629584854584,-0.13743102241291028
4.491525423728813,43.9385547579795,-11.972336548081763,-0.13743102241291028
4.559322033898305,43.9385547579795,-11.973097245141801,-0.13743102241291025
4.627118644067797,43.9385547579795,-11.973253322179911,-0.13743102241291025
4.694915254237288,43.9385547579795,-11.97328534449392,-0.13743102241291025
4.762711864406779,43.9385547579795,-11.973291914467493,-0.13743102241291025
4.830508474576272,43.9385547579795,-11.973293262418048,-0.13743102241291025
4.898305084745763,43.9385547579795,-11.973293538974747,-0.13743102241291025
4.966101694915254,43.9385547579795,-11.973293595715408,-0.13743102241291025
5.033898305084746,43.9385547579795,-11.97329360735679,-0.13743102241291025
5.101694915254237,43.9385547579795,-11.973293609745232,-0.13743102241291025
5.169491525423728,43.9385547579795,-11.973293610235265,-0.13743102241291025
5.23728813559322,43.9385547579795,-11.973293610335805,-0.13743102241291025
5.305084745762712,43.9385547579795,-11.973293610356432,-0.13743102241291025
5.372881355932203,43.9385547579795,-11.973293610360663,-0.13743102241291025
5.4406779661016955,43.9385547579795,-11.973293610361534,-0.13743102241291025
5.508474576271187,43.9385547579795,-11.973293610361711,-0.13743102241291025
5.576271186440678,43.9385547579795,-11.973293610361747,-0.13743102241291025
5.6440677966101696,43.9385547579795,-11.973293610361754,-0.13743102241291025
5.711864406779661,43.9385547579795,-11.973293610361756,-0.13743102241291025
5.779661016949152,43.9385547579795,-11.973293610361756,-0.13743102241291025
5.847457627118644,43.9385547579795,-11.973293610361756,-0.13743102241291025
5.915254237288135,43.9385547579795,-11.973293610361756,-0.13743102241291025
5.983050847457627,43.9385547579795,-11.973293610361756,-0.13743102241291025
6.0508474576271185,43.9385547579795,-11.973293610361756,-0.13743102241291025
6.118644067796611,43.9385547579795,-11.973293610361756,-0.13743102241291025
6.186440677966102,43.9385547579795,-11.973293610361756,-0.13743102241291025
6.254237288135593,43.9385547579795,-11.973293610361756,-0.13743102241291025
6.322033898305085,43.9385547579795,-11.973293610361756,-0.13743102241291025
6.389830508474576,43.9385547579795,-11.973293610361756,-0.13743102241291025
6.4576271186440675,43.9385547579795,-11.973293610361756,-0.13743102241291025
6.525423728813559,43.9385547579795,-11.973293610361756,-0.13743102241291025
6.593220338983051,43.9385547579795,-11.973293610361756,-0.13743102241291025
6.661016949152542,43.9385547579795,-11.973293610361756,-0.13743102241291025
6.728813559322034,43.9385547579795,-11.973293610361756,-0.13743102241291025
6.796610169491526,43.9385547579795,-11.973293610361756,-0.13743102241291025
6.864406779661017,43.9385547579795,-11.973293610361756,-0.13743102241291025
6.932203389830509,43.9385547579795,-11.973293610361756,-0.13743102241291025
7.0,43.9385547579795,-11.973293610361756,-0.13743102241291025
3.0,44.98318214251713,11.432421070004636,-0.13743102241292046
3.0677966101694913,44.98318214251713,11.432421068383228,-0.13743102241292046
3.135593220338983,44.98318214251713,11.43242106048043,-0.13743102241292046
3.2033898305084745,44.98318214251713,11.43242102196178,-0.13743102241292046
3.2711864406779663,44.98318214251713,11.432420834220032,-0.13743102241292046
3.3389830508474576,44.98318214251713,11.432419919157784,-0.13743102241292046
3.406779661016949,44.98318214251713,11.432415459101415,-0.13743102241292046
3.4745762711864407,44.98318214251713,11.432393720596625,-0.13743102241292046
3.542372881355932,44.98318214251713,11.432287766657918,-0.13743102241292046
3.610169491525424,44.98318214251713,11.431771355814526,-0.13743102241292046
3.6779661016949152,44.98318214251713,11.429254671083365,-0.1374310224129205
3.7457627118644066,44.98318214251713,11.416995981166547,-0.13743102241292052
3.8135593220338984,44.98318214251713,11.357430121408742,-0.13743102241292063
3.8813559322033897,44.98318214251713,11.071397781716122,-0.13743102241292124
3.9491525423728815,44.98318214251713,9.77210188615954,-0.1374310224129238
4.016949152542373,44.98318214251713,5.085991901952156,-0.13743102241293034
4.084745762711864,44.98318214251713,-3.6447402411334213,-0.13743102241293154
4.152542372881356,44.98318214251713,-9.573676798630306,-0.13743102241292415
4.220338983050848,44.98318214251713,-11.417189878530033,-0.13743102241292052
4.288135593220339,44.98318214251713,-11.836157915590876,-0.1374310224129196
4.3559322033898304,44.98318214251713,-11.924023541605223,-0.13743102241291938
4.423728813559322,44.98318214251713,-11.942132883567007,-0.13743102241291935
4.491525423728813,44.98318214251713,-11.945851818253248,-0.13743102241291935
4.559322033898305,44.98318214251713,-11.946614971947774,-0.13743102241291935
4.627118644067797,44.98318214251713,-11.946771553029157,-0.13743102241291935
4.694915254237288,44.98318214251713,-11.946803678757684,-0.13743102241291935
4.762711864406779,44.98318214251713,-11.94681026994867,-0.13743102241291935
4.830508474576272,44.98318214251713,-11.946811622252367,-0.13743102241291935
4.898305084745763,44.98318214251713,-11.946811899702192,-0.13743102241291935
4.966101694915254,44.98318214251713,-11.946811956626092,-0.13743102241291935
5.033898305084746,44.98318214251713,-11.946811968305072,-0.13743102241291935
5.101694915254237,44.98318214251713,-11.946811970701226,-0.13743102241291935
5.169491525423728,44.98318214251713,-11.946811971192842,-0.13743102241291935
5.23728813559322,44.98318214251713,-11.946811971293707,-0.13743102241291935
5.305084745762712,44.98318214251713,-11.9468119713144,-0.13743102241291935
5.372881355932203,44.98318214251713,-11.946811971318645,-0.13743102241291935
5.4406779661016955,44.98318214251713,-11.946811971319518,-0.13743102241291935
5.508474576271187,44.98318214251713,-11.946811971319697,-0.13743102241291935
5.576271186440678,44.98318214251713,-11.946811971319732,-0.13743102241291935
5.6440677966101696,44.98318214251713,-11.94681197131974,-0.13743102241291935
5.711864406779661,44.98318214251713,-11.946811971319741,-0.13743102241291935
5.779661016949152,44.98318214251713,-11.946811971319741,-0.13743102241291935
5.847457627118644,44.98318214251713,-11.946811971319741,-0.13743102241291935
5.915254237288135,44.98318214251713,-11.946811971319741,-0.13743102241291935
5.983050847457627,44.98318214251713,-11.946811971319741,-0.13743102241291935
6.0508474576271185,44.98318214251713,-11.946811971319741,-0.13743102241291935
6.118644067796611,44.98318214251713,-11.946811971319741,-0.13743102241291935
6.186440677966102,44.98318214251713,-11.946811971319741,-0.13743102241291935
6.254237288135593,44.98318214251713,-11.946811971319741,-0.13743102241291935
6.322033898305085,44.98318214251713,-11.946811971319741,-0.13743102241291935
6.389830508474576,44.98318214251713,-11.946811971319741,-0.13743102241291935
6.4576271186440675,44.98318214251713,-11.946811971319741,-0.13743102241291935
6.525423728813559,44.98318214251713,-11.946811971319741,-0.13743102241291935
6.593220338983051,44.98318214251713,-11.946811971319741,-0.13743102241291935
6.661016949152542,44.98318214251713,-11.946811971319741,-0.13743102241291935
6.728813559322034,44.98318214251713,-11.946811971319741,-0.13743102241291935
6.796610169491526,44.98318214251713,-11.946811971319741,-0.13743102241291935
6.864406779661017,44.98318214251713,-11.946811971319741,-0.13743102241291935
6.932203389830509,44.98318214251713,-11.946811971319741,-0.13743102241291935
7.0,44.98318214251713,-11.946811971319741,-0.13743102241291935
3.0,46.05264526365415,11.534161769730396,-0.13743102241292443
3.0677966101694913,46.05264526365415,11.534161768103768,-0.13743102241292443
3.135593220338983,46.05264526365415,11.534161760175529,-0.13743102241292443
3.2033898305084745,46.05264526365415,11.534161721532886,-0.13743102241292443
3.2711864406779663,46.05264526365415,11.534161533186786,-0.13743102241292443
3.3389830508474576,46.05264526365415,11.534160615178903,-0.13743102241292443
3.406779661016949,46.05264526365415,11.534156140765361,-0.13743102241292443
3.4745762711864407,46.05264526365415,11.534134332283106,-0.13743102241292443
3.542372881355932,46.05264526365415,11.534028037272737,-0.13743102241292443
3.610169491525424,46.05264526365415,11.533509964073914,-0.13743102241292443
3.6779661016949152,46.05264526365415,11.530985177993639,-0.13743102241292443
3.7457627118644066,46.05264526365415,11.51868702666734,-0.13743102241292446
3.8135593220338984,46.05264526365415,11.458929421070557,-0.13743102241292454
3.8813559322033897,46.05264526365415,11.17197632725515,-0.13743102241292493
3.9491525423728815,46.05264526365415,9.86849792543427,-0.13743102241292668
4.016949152542373,46.05264526365415,5.167303090708101,-0.13743102241293112
4.084745762711864,46.05264526365415,-3.5915337681741217,-0.13743102241293198
4.152542372881356,46.05264526365415,-9.539555904542734,-0.13743102241292707
4.220338983050848,46.05264526365415,-11.389003356305997,-0.13743102241292465
4.288135593220339,46.05264526365415,-11.809320074945486,-0.13743102241292401
4.3559322033898304,46.05264526365415,-11.897468545331524,-0.1374310224129239
4.423728813559322,46.05264526365415,-11.91563618227943,-0.13743102241292388
4.491525423728813,46.05264526365415,-11.91936708842473,-0.13743102241292388
4.559322033898305,46.05264526365415,-11.920132698753747,-0.13743102241292388
4.627118644067797,46.05264526365415,-11.920289783878399,-0.13743102241292388
4.694915254237288,46.05264526365415,-11.920322013021448,-0.13743102241292388
4.762711864406779,46.05264526365415,-11.920328625429846,-0.13743102241292388
4.830508474576272,46.05264526365415,-11.920329982086685,-0.13743102241292388
4.898305084745763,46.05264526365415,-11.920330260429635,-0.13743102241292388
4.966101694915254,46.05264526365415,-11.920330317536779,-0.13743102241292388
5.033898305084746,46.05264526365415,-11.920330329253353,-0.13743102241292388
5.101694915254237,46.05264526365415,-11.92033033165722,-0.13743102241292388
5.169491525423728,46.05264526365415,-11.920330332150419,-0.13743102241292388
5.23728813559322,46.05264526365415,-11.920330332251607,-0.13743102241292388
5.305084745762712,46.05264526365415,-11.920330332272368,-0.13743102241292388
5.372881355932203,46.05264526365415,-11.920330332276627,-0.13743102241292388
5.4406779661016955,46.05264526365415,-11.920330332277501,-0.13743102241292388
5.508474576271187,46.05264526365415,-11.92033033227768,-0.13743102241292388
5.576271186440678,46.05264526365415,-11.920330332277718,-0.13743102241292388
5.6440677966101696,46.05264526365415,-11.920330332277725,-0.13743102241292388
5.711864406779661,46.05264526365415,-11.920330332277727,-0.13743102241292388
5.779661016949152,46.05264526365415,-11.920330332277727,-0.13743102241292388
5.847457627118644,46.05264526365415,-11.920330332277727,-0.13743102241292388
5.915254237288135,46.05264526365415,-11.920330332277727,-0.13743102241292388
5.983050847457627,46.05264526365415,-11.920330332277727,-0.13743102241292388
6.0508474576271185,46.05264526365415,-11.920330332277727,-0.13743102241292388
6.118644067796611,46.05264526365415,-11.920330332277727,-0.13743102241292388
6.186440677966102,46.05264526365415,-11.920330332277727,-0.13743102241292388
6.254237288135593,46.05264526365415,-11.920330332277727,-0.13743102241292388
6.322033898305085,46.05264526365415,-11.920330332277727,-0.13743102241292388
6.389830508474576,46.05264526365415,-11.920330332277727,-0.13743102241292388
6.4576271186440675,46.05264526365415,-11.920330332277727,-0.13743102241292388
6.525423728813559,46.05264526365415,-11.920330332277727,-0.13743102241292388
6.593220338983051,46.05264526365415,-11.920330332277727,-0.13743102241292388
6.661016949152542,46.05264526365415,-11.920330332277727,-0.13743102241292388
6.728813559322034,46.05264526365415,-11.920330332277727,-0.13743102241292388
6.796610169491526,46.05264526365415,-11.920330332277727,-0.13743102241292388
6.864406779661017,46.05264526365415,-11.920330332277727,-0.13743102241292388
6.932203389830509,46.05264526365415,-11.920330332277727,-0.13743102241292388
7.0,46.05264526365415,-11.920330332277727,-0.13743102241292388
3.0,47.1475345843839,11.635902469456152,-0.13743102241292854
3.0677966101694913,47.1475345843839,11.635902467824303,-0.13743102241292854
3.135593220338983,47.1475345843839,11.635902459870625,-0.13743102241292854
3.2033898305084745,47.1475345843839,11.635902421103989,-0.13743102241292854
3.2711864406779663,47.1475345843839,11.635902232153537,-0.13743102241292854
3.3389830508474576,47.1475345843839,11.63590131120002,-0.13743102241292854
3.406779661016949,47.1475345843839,11.635896822429306,-0.13743102241292854
3.4745762711864407,47.1475345843839,11.635874943969586,-0.13743102241292854
3.542372881355932,47.1475345843839,11.635768307887552,-0.13743102241292854
3.610169491525424,47.1475345843839,11.6352485723333,-0.13743102241292854
3.6779661016949152,47.1475345843839,11.63271568490391,-0.13743102241292854
3.7457627118644066,47.1475345843839,11.620378072168133,-0.13743102241292854
3.8135593220338984,47.1475345843839,11.56042872073237,-0.1374310224129286
3.8813559322033897,47.1475345843839,11.272554872794174,-0.1374310224129288
3.9491525423728815,47.1475345843839,9.964893964708995,-0.13743102241292968
4.016949152542373,47.1475345843839,5.248614279464045,-0.13743102241293192
4.084745762711864,47.1475345843839,-3.538327295214823,-0.13743102241293242
4.152542372881356,47.1475345843839,-9.505435010455164,-0.13743102241292995
4.220338983050848,47.1475345843839,-11.36081683408196,-0.13743102241292873
4.288135593220339,47.1475345843839,-11.782482234300096,-0.13743102241292843
4.3559322033898304,47.1475345843839,-11.870913549057828,-0.13743102241292837
4.423728813559322,47.1475345843839,-11.889139480991853,-0.13743102241292834
4.491525423728813,47.1475345843839,-11.892882358596214,-0.13743102241292834
4.559322033898305,47.1475345843839,-11.89365042555972,-0.13743102241292834
4.627118644067797,47.1475345843839,-11.893808014727643,-0.13743102241292834
4.694915254237288,47.1475345843839,-11.893840347285211,-0.13743102241292834
4.762711864406779,47.1475345843839,-11.893846980911023,-0.13743102241292834
4.830508474576272,47.1475345843839,-11.893848341921002,-0.13743102241292834
4.898305084745763,47.1475345843839,-11.89384862115708,-0.13743102241292834
4.966101694915254,47.1475345843839,-11.893848678447464,-0.13743102241292834
5.033898305084746,47.1475345843839,-11.893848690201633,-0.13743102241292834
5.101694915254237,47.1475345843839,-11.893848692613215,-0.13743102241292834
5.169491525423728,47.1475345843839,-11.893848693107994,-0.13743102241292834
5.23728813559322,47.1475345843839,-11.89384869320951,-0.13743102241292834
5.305084745762712,47.1475345843839,-11.893848693230336,-0.13743102241292834
5.372881355932203,47.1475345843839,-11.89384869323461,-0.13743102241292834
5.4406779661016955,47.1475345843839,-11.893848693235487,-0.13743102241292834
5.508474576271187,47.1475345843839,-11.893848693235666,-0.13743102241292834
5.576271186440678,47.1475345843839,-11.893848693235704,-0.13743102241292834
5.6440677966101696,47.1475345843839,-11.89384869323571,-0.13743102241292834
5.711864406779661,47.1475345843839,-11.893848693235713,-0.13743102241292834
5.779661016949152,47.1475345843839,-11.893848693235713,-0.13743102241292834
5.847457627118644,47.1475345843839,-11.893848693235713,-0.13743102241292834
5.915254237288135,47.1475345843839,-11.893848693235713,-0.13743102241292834
5.983050847457627,47.1475345843839,-11.893848693235713,-0.13743102241292834
6.0508474576271185,47.1475345843839,-11.893848693235713,-0.13743102241292834
6.118644067796611,47.1475345843839,-11.893848693235713,-0.13743102241292834
6.186440677966102,47.1475345843839,-11.893848693235713,-0.13743102241292834
6.254237288135593,47.1475345843839,-11.893848693235713,-0.13743102241292834
6.322033898305085,47.1475345843839,-11.893848693235713,-0.13743102241292834
6.389830508474576,47.1475345843839,-11.893848693235713,-0.13743102241292834
6.4576271186440675,47.1475345843839,-11.893848693235713,-0.13743102241292834
6.525423728813559,47.1475345843839,-11.893848693235713,-0.13743102241292834
6.593220338983051,47.1475345843839,-11.893848693235713,-0.13743102241292834
6.661016949152542,47.1475345843839,-11.893848693235713,-0.13743102241292834
6.728813559322034,47.1475345843839,-11.893848693235713,-0.13743102241292834
6.796610169491526,47.1475345843839,-11.893848693235713,-0.13743102241292834
6.864406779661017,47.1475345843839,-11.893848693235713,-0.13743102241292834
6.932203389830509,47.1475345843839,-11.893848693235713,-0.13743102241292834
7.0,47.1475345843839,-11.893848693235713,-0.13743102241292834
3.0,48.26845460579944,11.737643169181906,-0.13743102241292846
3.0677966101694913,48.26845460579944,11.737643167544839,-0.13743102241292846
3.135593220338983,48.26845460579944,11.737643159565721,-0.13743102241292846
3.2033898305084745,48.26845460579944,11.73764312067509,-0.13743102241292846
3.2711864406779663,48.26845460579944,11.737642931120288,-0.13743102241292846
3.3389830508474576,48.26845460579944,11.737642007221133,-0.13743102241292846
3.406779661016949,48.26845460579944,11.737637504093248,-0.13743102241292846
3.4745762711864407,48.26845460579944,11.737615555656063,-0.13743102241292846
3.542372881355932,48.26845460579944,11.737508578502368,-0.13743102241292846
3.610169491525424,48.26845460579944,11.736987180592685,-0.13743102241292846
3.6779661016949152,48.26845460579944,11.734446191814179,-0.13743102241292846
3.7457627118644066,48.26845460579944,11.722069117668923,-0.13743102241292848
3.8135593220338984,48.26845460579944,11.661928020394182,-0.13743102241292854
3.8813559322033897,48.26845460579944,11.373133418333197,-0.13743102241292873
3.9491525423728815,48.26845460579944,10.06129000398372,-0.13743102241292962
4.016949152542373,48.26845460579944,5.329925468219988,-0.1374310224129319
4.084745762711864,48.26845460579944,-3.485120822255525,-0.13743102241293242
4.152542372881356,48.26845460579944,-9.471314116367594,-0.13743102241292998
4.220338983050848,48.26845460579944,-11.332630311857924,-0.13743102241292876
4.288135593220339,48.26845460579944,-11.755644393654707,-0.13743102241292846
4.3559322033898304,48.26845460579944,-11.844358552784131,-0.1374310224129284
4.423728813559322,48.26845460579944,-11.862642779704275,-0.13743102241292837
4.491525423728813,48.26845460579944,-11.866397628767698,-0.13743102241292837
4.559322033898305,48.26845460579944,-11.867168152365693,-0.13743102241292837
4.627118644067797,48.26845460579944,-11.867326245576887,-0.13743102241292837
4.694915254237288,48.26845460579944,-11.867358681548975,-0.13743102241292837
4.762711864406779,48.26845460579944,-11.867365336392199,-0.13743102241292837
4.830508474576272,48.26845460579944,-11.86736670175532,-0.13743102241292837
4.898305084745763,48.26845460579944,-11.867366981884524,-0.13743102241292837
4.966101694915254,48.26845460579944,-11.86736703935815,-0.13743102241292837
5.033898305084746,48.26845460579944,-11.867367051149914,-0.13743102241292837
5.101694915254237,48.26845460579944,-11.86736705356921,-0.13743102241292837
5.169491525423728,48.26845460579944,-11.867367054065573,-0.13743102241292837
5.23728813559322,48.26845460579944,-11.86736705416741,-0.13743102241292837
5.305084745762712,48.26845460579944,-11.867367054188303,-0.13743102241292837
5.372881355932203,48.26845460579944,-11.867367054192592,-0.13743102241292837
5.4406779661016955,48.26845460579944,-11.86736705419347,-0.13743102241292837
5.508474576271187,48.26845460579944,-11.867367054193652,-0.13743102241292837
5.576271186440678,48.26845460579944,-11.86736705419369,-0.13743102241292837
5.6440677966101696,48.26845460579944,-11.867367054193696,-0.13743102241292837
5.711864406779661,48.26845460579944,-11.867367054193698,-0.13743102241292837
5.779661016949152,48.26845460579944,-11.867367054193698,-0.13743102241292837
5.847457627118644,48.26845460579944,-11.867367054193698,-0.13743102241292837
5.915254237288135,48.26845460579944,-11.867367054193698,-0.13743102241292837
5.983050847457627,48.26845460579944,-11.867367054193698,-0.13743102241292837
6.0508474576271185,48.26845460579944,-11.867367054193698,-0.13743102241292837
6.118644067796611,48.26845460579944,-11.867367054193698,-0.13743102241292837
6.186440677966102,48.26845460579944,-11.867367054193698,-0.13743102241292837
6.254237288135593,48.26845460579944,-11.867367054193698,-0.13743102241292837
6.322033898305085,48.26845460579944,-11.867367054193698,-0.13743102241292837
6.389830508474576,48.26845460579944,-11.867367054193698,-0.13743102241292837
6.4576271186440675,48.26845460579944,-11.867367054193698,-0.13743102241292837
6.525423728813559,48.26845460579944,-11.867367054193698,-0.13743102241292837
6.593220338983051,48.26845460579944,-11.867367054193698,-0.13743102241292837
6.661016949152542,48.26845460579944,-11.867367054193698,-0.13743102241292837
6.728813559322034,48.26845460579944,-11.867367054193698,-0.13743102241292837
6.796610169491526,48.26845460579944,-11.867367054193698,-0.13743102241292837
6.864406779661017,48.26845460579944,-11.867367054193698,-0.13743102241292837
6.932203389830509,48.26845460579944,-11.867367054193698,-0.13743102241292837
7.0,48.26845460579944,-11.867367054193698,-0.13743102241292837
3.0,49.416024200845655,11.839383868907664,-0.1374310224129284
3.0677966101694913,49.416024200845655,11.839383867265378,-0.1374310224129284
3.135593220338983,49.416024200845655,11.83938385926082,-0.1374310224129284
3.2033898305084745,49.416024200845655,11.839383820246196,-0.1374310224129284
3.2711864406779663,49.416024200845655,11.839383630087042,-0.1374310224129284
3.3389830508474576,49.416024200845655,11.83938270324225,-0.1374310224129284
3.406779661016949,49.416024200845655,11.839378185757194,-0.1374310224129284
3.4745762711864407,49.416024200845655,11.839356167342546,-0.1374310224129284
3.542372881355932,49.416024200845655,11.839248849117187,-0.1374310224129284
3.610169491525424,49.416024200845655,11.838725788852074,-0.1374310224129284
3.6779661016949152,49.416024200845655,11.836176698724453,-0.1374310224129284
3.7457627118644066,49.416024200845655,11.823760163169718,-0.13743102241292843
3.8135593220338984,49.416024200845655,11.763427320055996,-0.13743102241292846
3.8813559322033897,49.416024200845655,11.473711963872223,-0.13743102241292868
3.9491525423728815,49.416024200845655,10.157686043258447,-0.13743102241292957
4.016949152542373,49.416024200845655,5.411236656975934,-0.1374310224129319
4.084745762711864,49.416024200845655,-3.4319143492962256,-0.13743102241293242
4.152542372881356,49.416024200845655,-9.437193222280024,-0.13743102241292998
4.220338983050848,49.416024200845655,-11.304443789633888,-0.1374310224129288
4.288135593220339,49.416024200845655,-11.728806553009315,-0.13743102241292848
4.3559322033898304,49.416024200845655,-11.817803556510434,-0.13743102241292843
4.423728813559322,49.416024200845655,-11.836146078416698,-0.1374310224129284
4.491525423728813,49.416024200845655,-11.839912898939183,-0.1374310224129284
4.559322033898305,49.416024200845655,-11.840685879171664,-0.1374310224129284
4.627118644067797,49.416024200845655,-11.840844476426131,-0.1374310224129284
4.694915254237288,49.416024200845655,-11.840877015812739,-0.1374310224129284
4.762711864406779,49.416024200845655,-11.840883691873376,-0.1374310224129284
4.830508474576272,49.416024200845655,-11.840885061589637,-0.1374310224129284
4.898305084745763,49.416024200845655,-11.84088534261197,-0.1374310224129284
4.966101694915254,49.416024200845655,-11.840885400268835,-0.1374310224129284
5.033898305084746,49.416024200845655,-11.840885412098196,-0.1374310224129284
5.101694915254237,49.416024200845655,-11.840885414525204,-0.1374310224129284
5.169491525423728,49.416024200845655,-11.840885415023148,-0.1374310224129284
5.23728813559322,49.416024200845655,-11.840885415125312,-0.1374310224129284
5.305084745762712,49.416024200845655,-11.840885415146271,-0.1374310224129284
5.372881355932203,49.416024200845655,-11.840885415150572,-0.1374310224129284
5.4406779661016955,49.416024200845655,-11.840885415151455,-0.1374310224129284
5.508474576271187,49.416024200845655,-11.840885415151636,-0.1374310224129284
5.576271186440678,49.416024200845655,-11.840885415151673,-0.1374310224129284
5.6440677966101696,49.416024200845655,-11.84088541515168,-0.1374310224129284
5.711864406779661,49.416024200845655,-11.840885415151682,-0.1374310224129284
5.779661016949152,49.416024200845655,-11.840885415151682,-0.1374310224129284
5.847457627118644,49.416024200845655,-11.840885415151682,-0.1374310224129284
5.915254237288135,49.416024200845655,-11.840885415151682,-0.1374310224129284
5.983050847457627,49.416024200845655,-11.840885415151682,-0.1374310224129284
6.0508474576271185,49.416024200845655,-11.840885415151682,-0.1374310224129284
6.118644067796611,49.416024200845655,-11.840885415151682,-0.1374310224129284
6.186440677966102,49.416024200845655,-11.840885415151682,-0.1374310224129284
6.254237288135593,49.416024200845655,-11.840885415151682,-0.1374310224129284
6.322033898305085,49.416024200845655,-11.840885415151682,-0.1374310224129284
6.389830508474576,49.416024200845655,-11.840885415151682,-0.1374310224129284
6.4576271186440675,49.416024200845655,-11.840885415151682,-0.1374310224129284
6.525423728813559,49.416024200845655,-11.840885415151682,-0.1374310224129284
6.593220338983051,49.416024200845655,-11.840885415151682,-0.1374310224129284
6.661016949152542,49.416024200845655,-11.840885415151682,-0.1374310224129284
6.728813559322034,49.416024200845655,-11.840885415151682,-0.1374310224129284
6.796610169491526,49.416024200845655,-11.840885415151682,-0.1374310224129284
6.864406779661017,49.416024200845655,-11.840885415151682,-0.1374310224129284
6.932203389830509,49.416024200845655,-11.840885415151682,-0.1374310224129284
7.0,49.416024200845655,-11.840885415151682,-0.1374310224129284
3.0,50.59087695600606,11.921279150521839,-0.1374310224129328
3.0677966101694913,50.59087695600606,11.921279148874719,-0.1374310224129328
3.135593220338983,50.59087695600606,11.921279140846606,-0.1374310224129328
3.2033898305084745,50.59087695600606,11.92127910171717,-0.1374310224129328
3.2711864406779663,50.59087695600606,11.921278910998417,-0.1374310224129328
3.3389830508474576,50.59087695600606,11.92127798142611,-0.1374310224129328
3.406779661016949,50.59087695600606,11.921273450647018,-0.1374310224129328
3.4745762711864407,50.59087695600606,11.921251367436668,-0.1374310224129328
3.542372881355932,50.59087695600606,11.921143733395672,-0.1374310224129328
3.610169491525424,50.59087695600606,11.920619133870941,-0.1374310224129328
3.6779661016949152,50.59087695600606,11.91806254229128,-0.1374310224129328
3.7457627118644066,50.59087695600606,11.905609467406306,-0.1374310224129328
3.8135593220338984,50.59087695600606,11.84509907704769,-0.1374310224129328
3.8813559322033897,50.59087695600606,11.554531147694167,-0.1374310224129328
3.9491525423728815,50.59087695600606,10.234632431363273,-0.1374310224129328
4.016949152542373,50.59087695600606,5.474215213165913,-0.1374310224129328
4.084745762711864,50.59087695600606,-3.3949593818566473,-0.1374310224129328
4.152542372881356,50.59087695600606,-9.417910565039735,-0.1374310224129328
4.220338983050848,50.59087695600606,-11.290656069755213,-0.1374310224129328
4.288135593220339,50.59087695600606,-11.716267646141665,-0.1374310224129328
4.3559322033898304,50.59087695600606,-11.805526549662071,-0.1374310224129328
4.423728813559322,50.59087695600606,-11.823923049867068,-0.1374310224129328
4.491525423728813,50.59087695600606,-11.827700955373636,-0.1374310224129328
4.559322033898305,50.59087695600606,-11.828476210329198,-0.1374310224129328
4.627118644067797,50.59087695600606,-11.82863527430302,-0.1374310224129328
4.694915254237288,50.59087695600606,-11.8286679094464,-0.1374310224129328
4.762711864406779,50.59087695600606,-11.828674605153322,-0.1374310224129328
4.830508474576272,50.59087695600606,-11.828675978900378,-0.1374310224129328
4.898305084745763,50.59087695600606,-11.8286762607497,-0.1374310224129328
4.966101694915254,50.59087695600606,-11.82867631857624,-0.1374310224129328
5.033898305084746,50.59087695600606,-11.828676330440413,-0.1374310224129328
5.101694915254237,50.59087695600606,-11.828676332874561,-0.1374310224129328
5.169491525423728,50.59087695600606,-11.828676333373974,-0.1374310224129328
5.23728813559322,50.59087695600606,-11.828676333476437,-0.1374310224129328
5.305084745762712,50.59087695600606,-11.828676333497459,-0.1374310224129328
5.372881355932203,50.59087695600606,-11.828676333501772,-0.1374310224129328
5.4406779661016955,50.59087695600606,-11.828676333502656,-0.1374310224129328
5.508474576271187,50.59087695600606,-11.82867633350284,-0.1374310224129328
5.576271186440678,50.59087695600606,-11.828676333502877,-0.1374310224129328
5.6440677966101696,50.59087695600606,-11.828676333502884,-0.1374310224129328
5.711864406779661,50.59087695600606,-11.828676333502885,-0.1374310224129328
5.779661016949152,50.59087695600606,-11.828676333502885,-0.1374310224129328
5.847457627118644,50.59087695600606,-11.828676333502885,-0.1374310224129328
5.915254237288135,50.59087695600606,-11.828676333502885,-0.1374310224129328
5.983050847457627,50.59087695600606,-11.828676333502885,-0.1374310224129328
6.0508474576271185,50.59087695600606,-11.828676333502885,-0.1374310224129328
6.118644067796611,50.59087695600606,-11.828676333502885,-0.1374310224129328
6.186440677966102,50.59087695600606,-11.828676333502885,-0.1374310224129328
6.254237288135593,50.59087695600606,-11.828676333502885,-0.1374310224129328
6.322033898305085,50.59087695600606,-11.828676333502885,-0.1374310224129328
6.389830508474576,50.59087695600606,-11.828676333502885,-0.1374310224129328
6.4576271186440675,50.59087695600606,-11.828676333502885,-0.1374310224129328
6.525423728813559,50.59087695600606,-11.828676333502885,-0.1374310224129328
6.593220338983051,50.59087695600606,-11.828676333502885,-0.1374310224129328
6.661016949152542,50.59087695600606,-11.828676333502885,-0.1374310224129328
6.728813559322034,50.59087695600606,-11.828676333502885,-0.1374310224129328
6.796610169491526,50.59087695600606,-11.828676333502885,-0.1374310224129328
6.864406779661017,50.59087695600606,-11.828676333502885,-0.1374310224129328
6.932203389830509,50.59087695600606,-11.828676333502885,-0.1374310224129328
7.0,50.59087695600606,-11.828676333502885,-0.1374310224129328
3.0,51.793661521113314,11.98332901402443,-0.1374310224129328
3.0677966101694913,51.793661521113314,11.983329012372865,-0.1374310224129328
3.135593220338983,51.793661521113314,11.98332900432308,-0.1374310224129328
3.2033898305084745,51.793661521113314,11.983328965088013,-0.1374310224129328
3.2711864406779663,51.793661521113314,11.983328773854414,-0.1374310224129328
3.3389830508474576,51.793661521113314,11.983327841772711,-0.1374310224129328
3.406779661016949,51.793661521113314,11.983323298762718,-0.1374310224129328
3.4745762711864407,51.793661521113314,11.983301155938431,-0.1374310224129328
3.542372881355932,51.793661521113314,11.983193231337825,-0.1374310224129328
3.610169491525424,51.793661521113314,11.982667215649291,-0.1374310224129328
3.6779661016949152,51.793661521113314,11.980103722514661,-0.1374310224129328
3.7457627118644066,51.793661521113314,11.967617030378685,-0.1374310224129328
3.8135593220338984,51.793661521113314,11.906943291369265,-0.1374310224129328
3.8813559322033897,51.793661521113314,11.615590969799028,-0.1374310224129328
3.9491525423728815,51.793661521113314,10.292129168298196,-0.1374310224129328
4.016949152542373,51.793661521113314,5.518861136789927,-0.1374310224129328
4.084745762711864,51.793661521113314,-3.374255919936789,-0.1374310224129328
4.152542372881356,51.793661521113314,-9.413466144646728,-0.1374310224129328
4.220338983050848,51.793661521113314,-11.291267152221902,-0.1374310224129328
4.288135593220339,51.793661521113314,-11.71802767305175,-0.1374310224129328
4.3559322033898304,51.793661521113314,-11.807527532239046,-0.1374310224129328
4.423728813559322,51.793661521113314,-11.825973694055383,-0.1374310224129328
4.491525423728813,51.793661521113314,-11.829761798071063,-0.1374310224129328
4.559322033898305,51.793661521113314,-11.830539145838292,-0.1374310224129328
4.627118644067797,51.793661521113314,-11.83069863920755,-0.1374310224129328
4.694915254237288,51.793661521113314,-11.830731362449962,-0.1374310224129328
4.762711864406779,51.793661521113314,-11.830738076232038,-0.1374310224129328
4.830508474576272,51.793661521113314,-11.830739453687544,-0.1374310224129328
4.898305084745763,51.793661521113314,-11.830739736297723,-0.1374310224129328
4.966101694915254,51.793661521113314,-11.830739794280365,-0.1374310224129328
5.033898305084746,51.793661521113314,-11.830739806176565,-0.1374310224129328
5.101694915254237,51.793661521113314,-11.830739808617286,-0.1374310224129328
5.169491525423728,51.793661521113314,-11.830739809118045,-0.1374310224129328
5.23728813559322,51.793661521113314,-11.830739809220786,-0.1374310224129328
5.305084745762712,51.793661521113314,-11.830739809241864,-0.1374310224129328
5.372881355932203,51.793661521113314,-11.830739809246188,-0.1374310224129328
5.4406779661016955,51.793661521113314,-11.830739809247076,-0.1374310224129328
5.508474576271187,51.793661521113314,-11.830739809247259,-0.1374310224129328
5.576271186440678,51.793661521113314,-11.830739809247296,-0.1374310224129328
5.6440677966101696,51.793661521113314,-11.830739809247303,-0.1374310224129328
5.711864406779661,51.793661521113314,-11.830739809247305,-0.1374310224129328
5.779661016949152,51.793661521113314,-11.830739809247305,-0.1374310224129328
5.847457627118644,51.793661521113314,-11.830739809247305,-0.1374310224129328
5.915254237288135,51.793661521113314,-11.830739809247305,-0.1374310224129328
5.983050847457627,51.793661521113314,-11.830739809247305,-0.1374310224129328
6.0508474576271185,51.793661521113314,-11.830739809247305,-0.1374310224129328
6.118644067796611,51.793661521113314,-11.830739809247305,-0.1374310224129328
6.186440677966102,51.793661521113314,-11.830739809247305,-0.1374310224129328
6.254237288135593,51.793661521113314,-11.830739809247305,-0.1374310224129328
6.322033898305085,51.793661521113314,-11.830739809247305,-0.1374310224129328
6.389830508474576,51.793661521113314,-11.830739809247305,-0.1374310224129328
6.4576271186440675,51.793661521113314,-11.830739809247305,-0.1374310224129328
6.525423728813559,51.793661521113314,-11.830739809247305,-0.1374310224129328
6.593220338983051,51.793661521113314,-11.830739809247305,-0.1374310224129328
6.661016949152542,51.793661521113314,-11.830739809247305,-0.1374310224129328
6.728813559322034,51.793661521113314,-11.830739809247305,-0.1374310224129328
6.796610169491526,51.793661521113314,-11.830739809247305,-0.1374310224129328
6.864406779661017,51.793661521113314,-11.830739809247305,-0.1374310224129328
6.932203389830509,51.793661521113314,-11.830739809247305,-0.1374310224129328
7.0,51.793661521113314,-11.830739809247305,-0.1374310224129328
3.0,53.02504196747638,12.045378877527027,-0.1374310224129328
3.0677966101694913,53.02504196747638,12.045378875871014,-0.1374310224129328
3.135593220338983,53.02504196747638,12.045378867799556,-0.1374310224129328
3.2033898305084745,53.02504196747638,12.045378828458858,-0.1374310224129328
3.2711864406779663,53.02504196747638,12.04537863671041,-0.1374310224129328
3.3389830508474576,53.02504196747638,12.045377702119316,-0.1374310224129328
3.406779661016949,53.02504196747638,12.04537314687842,-0.1374310224129328
3.4745762711864407,53.02504196747638,12.045350944440196,-0.1374310224129328
3.542372881355932,53.02504196747638,12.04524272927998,-0.1374310224129328
3.610169491525424,53.02504196747638,12.044715297427643,-0.1374310224129328
3.6779661016949152,53.02504196747638,12.042144902738045,-0.1374310224129328
3.7457627118644066,53.02504196747638,12.02962459335107,-0.1374310224129328
3.8135593220338984,53.02504196747638,11.968787505690841,-0.1374310224129328
3.8813559322033897,53.02504196747638,11.676650791903892,-0.1374310224129328
3.9491525423728815,53.02504196747638,10.349625905233122,-0.1374310224129328
4.016949152542373,53.02504196747638,5.563507060413943,-0.1374310224129328
4.084745762711864,53.02504196747638,-3.3535524580169302,-0.1374310224129328
4.152542372881356,53.02504196747638,-9.40902172425372,-0.1374310224129328
4.220338983050848,53.02504196747638,-11.29187823468859,-0.1374310224129328
4.288135593220339,53.02504196747638,-11.719787699961838,-0.1374310224129328
4.3559322033898304,53.02504196747638,-11.809528514816021,-0.1374310224129328
4.423728813559322,53.02504196747638,-11.828024338243699,-0.1374310224129328
4.491525423728813,53.02504196747638,-11.83182264076849,-0.1374310224129328
4.559322033898305,53.02504196747638,-11.832602081347387,-0.1374310224129328
4.627118644067797,53.02504196747638,-11.832762004112084,-0.1374310224129328
4.694915254237288,53.02504196747638,-11.832794815453521,-0.1374310224129328
4.762711864406779,53.02504196747638,-11.832801547310755,-0.1374310224129328
4.830508474576272,53.02504196747638,-11.83280292847471,-0.1374310224129328
4.898305084745763,53.02504196747638,-11.832803211845745,-0.1374310224129328
4.966101694915254,53.02504196747638,-11.832803269984492,-0.1374310224129328
5.033898305084746,53.02504196747638,-11.832803281912717,-0.1374310224129328
5.101694915254237,53.02504196747638,-11.83280328436001,-0.1374310224129328
5.169491525423728,53.02504196747638,-11.832803284862118,-0.1374310224129328
5.23728813559322,53.02504196747638,-11.832803284965134,-0.1374310224129328
5.305084745762712,53.02504196747638,-11.83280328498627,-0.1374310224129328
5.372881355932203,53.02504196747638,-11.832803284990606,-0.1374310224129328
5.4406779661016955,53.02504196747638,-11.832803284991495,-0.1374310224129328
5.508474576271187,53.02504196747638,-11.832803284991678,-0.1374310224129328
5.576271186440678,53.02504196747638,-11.832803284991716,-0.1374310224129328
5.6440677966101696,53.02504196747638,-11.832803284991723,-0.1374310224129328
5.711864406779661,53.02504196747638,-11.832803284991725,-0.1374310224129328
5.779661016949152,53.02504196747638,-11.832803284991725,-0.1374310224129328
5.847457627118644,53.02504196747638,-11.832803284991725,-0.1374310224129328
5.915254237288135,53.02504196747638,-11.832803284991725,-0.1374310224129328
5.983050847457627,53.02504196747638,-11.832803284991725,-0.1374310224129328
6.0508474576271185,53.02504196747638,-11.832803284991725,-0.1374310224129328
6.118644067796611,53.02504196747638,-11.832803284991725,-0.1374310224129328
6.186440677966102,53.02504196747638,-11.832803284991725,-0.1374310224129328
6.254237288135593,53.02504196747638,-11.832803284991725,-0.1374310224129328
6.322033898305085,53.02504196747638,-11.832803284991725,-0.1374310224129328
6.389830508474576,53.02504196747638,-11.832803284991725,-0.1374310224129328
6.4576271186440675,53.02504196747638,-11.832803284991725,-0.1374310224129328
6.525423728813559,53.02504196747638,-11.832803284991725,-0.1374310224129328
6.593220338983051,53.02504196747638,-11.832803284991725,-0.1374310224129328
6.661016949152542,53.02504196747638,-11.832803284991725,-0.1374310224129328
6.728813559322034,53.02504196747638,-11.832803284991725,-0.1374310224129328
6.796610169491526,53.02504196747638,-11.832803284991725,-0.1374310224129328
6.864406779661017,53.02504196747638,-11.832803284991725,-0.1374310224129328
6.932203389830509,53.02504196747638,-11.832803284991725,-0.1374310224129328
7.0,53.02504196747638,-11.832803284991725,-0.1374310224129328
3.0,54.28569815452188,12.107428741029619,-0.1374310224129328
3.0677966101694913,54.28569815452188,12.10742873936916,-0.1374310224129328
3.135593220338983,54.28569815452188,12.10742873127603,-0.1374310224129328
3.2033898305084745,54.28569815452188,12.107428691829703,-0.1374310224129328
3.2711864406779663,54.28569815452188,12.107428499566407,-0.1374310224129328
3.3389830508474576,54.28569815452188,12.107427562465919,-0.1374310224129328
3.406779661016949,54.28569815452188,12.10742299499412,-0.1374310224129328
3.4745762711864407,54.28569815452188,12.10740073294196,-0.1374310224129328
3.542372881355932,54.28569815452188,12.107292227222135,-0.1374310224129328
3.610169491525424,54.28569815452188,12.106763379205994,-0.1374310224129328
3.6779661016949152,54.28569815452188,12.104186082961428,-0.1374310224129328
3.7457627118644066,54.28569815452188,12.09163215632345,-0.1374310224129328
3.8135593220338984,54.28569815452188,12.030631720012416,-0.1374310224129328
3.8813559322033897,54.28569815452188,11.737710614008753,-0.1374310224129328
3.9491525423728815,54.28569815452188,10.407122642168046,-0.1374310224129328
4.016949152542373,54.28569815452188,5.608152984037957,-0.1374310224129328
4.084745762711864,54.28569815452188,-3.3328489960970717,-0.1374310224129328
4.152542372881356,54.28569815452188,-9.404577303860712,-0.1374310224129328
4.220338983050848,54.28569815452188,-11.29248931715528,-0.1374310224129328
4.288135593220339,54.28569815452188,-11.721547726871924,-0.1374310224129328
4.3559322033898304,54.28569815452188,-11.811529497392996,-0.1374310224129328
4.423728813559322,54.28569815452188,-11.830074982432013,-0.1374310224129328
4.491525423728813,54.28569815452188,-11.833883483465915,-0.1374310224129328
4.559322033898305,54.28569815452188,-11.834665016856484,-0.1374310224129328
4.627118644067797,54.28569815452188,-11.834825369016615,-0.1374310224129328
4.694915254237288,54.28569815452188,-11.834858268457083,-0.1374310224129328
4.762711864406779,54.28569815452188,-11.83486501838947,-0.1374310224129328
4.830508474576272,54.28569815452188,-11.834866403261875,-0.1374310224129328
4.898305084745763,54.28569815452188,-11.834866687393767,-0.1374310224129328
4.966101694915254,54.28569815452188,-11.834866745688617,-0.1374310224129328
5.033898305084746,54.28569815452188,-11.834866757648872,-0.1374310224129328
5.101694915254237,54.28569815452188,-11.834866760102734,-0.1374310224129328
5.169491525423728,54.28569815452188,-11.83486676060619,-0.1374310224129328
5.23728813559322,54.28569815452188,-11.834866760709483,-0.1374310224129328
5.305084745762712,54.28569815452188,-11.834866760730675,-0.1374310224129328
5.372881355932203,54.28569815452188,-11.834866760735023,-0.1374310224129328
5.4406779661016955,54.28569815452188,-11.834866760735915,-0.1374310224129328
5.508474576271187,54.28569815452188,-11.8348667607361,-0.1374310224129328
5.576271186440678,54.28569815452188,-11.834866760736137,-0.1374310224129328
5.6440677966101696,54.28569815452188,-11.834866760736144,-0.1374310224129328
5.711864406779661,54.28569815452188,-11.834866760736146,-0.1374310224129328
5.779661016949152,54.28569815452188,-11.834866760736146,-0.1374310224129328
5.847457627118644,54.28569815452188,-11.834866760736146,-0.1374310224129328
5.915254237288135,54.28569815452188,-11.834866760736146,-0.1374310224129328
5.983050847457627,54.28569815452188,-11.834866760736146,-0.1374310224129328
6.0508474576271185,54.28569815452188,-11.834866760736146,-0.1374310224129328
6.118644067796611,54.28569815452188,-11.834866760736146,-0.1374310224129328
6.186440677966102,54.28569815452188,-11.834866760736146,-0.1374310224129328
6.254237288135593,54.28569815452188,-11.834866760736146,-0.1374310224129328
6.322033898305085,54.28569815452188,-11.834866760736146,-0.1374310224129328
6.389830508474576,54.28569815452188,-11.834866760736146,-0.1374310224129328
6.4576271186440675,54.28569815452188,-11.834866760736146,-0.1374310224129328
6.525423728813559,54.28569815452188,-11.834866760736146,-0.1374310224129328
6.593220338983051,54.28569815452188,-11.834866760736146,-0.1374310224129328
6.661016949152542,54.28569815452188,-11.834866760736146,-0.1374310224129328
6.728813559322034,54.28569815452188,-11.834866760736146,-0.1374310224129328
6.796610169491526,54.28569815452188,-11.834866760736146,-0.1374310224129328
6.864406779661017,54.28569815452188,-11.834866760736146,-0.1374310224129328
6.932203389830509,54.28569815452188,-11.834866760736146,-0.1374310224129328
7.0,54.28569815452188,-11.834866760736146,-0.1374310224129328
3.0,55.57632610515238,12.169478604532213,-0.1374310224129328
3.0677966101694913,55.57632610515238,12.169478602867308,-0.1374310224129328
3.135593220338983,55.57632610515238,12.169478594752507,-0.1374310224129328
3.2033898305084745,55.57632610515238,12.169478555200548,-0.1374310224129328
3.2711864406779663,55.57632610515238,12.169478362422403,-0.1374310224129328
3.3389830508474576,55.57632610515238,12.169477422812522,-0.1374310224129328
3.406779661016949,55.57632610515238,12.169472843109823,-0.1374310224129328
3.4745762711864407,55.57632610515238,12.169450521443723,-0.1374310224129328
3.542372881355932,55.57632610515238,12.16934172516429,-0.1374310224129328
3.610169491525424,55.57632610515238,12.168811460984346,-0.1374310224129328
3.6779661016949152,55.57632610515238,12.166227263184812,-0.1374310224129328
3.7457627118644066,55.57632610515238,12.153639719295832,-0.1374310224129328
3.8135593220338984,55.57632610515238,12.092475934333992,-0.1374310224129328
3.8813559322033897,55.57632610515238,11.798770436113616,-0.1374310224129328
3.9491525423728815,55.57632610515238,10.46461937910297,-0.1374310224129328
4.016949152542373,55.57632610515238,5.652798907661972,-0.1374310224129328
4.084745762711864,55.57632610515238,-3.3121455341772132,-0.1374310224129328
4.152542372881356,55.57632610515238,-9.400132883467704,-0.1374310224129328
4.220338983050848,55.57632610515238,-11.293100399621968,-0.1374310224129328
4.288135593220339,55.57632610515238,-11.723307753782011,-0.1374310224129328
4.3559322033898304,55.57632610515238,-11.813530479969971,-0.1374310224129328
4.423728813559322,55.57632610515238,-11.832125626620329,-0.1374310224129328
4.491525423728813,55.57632610515238,-11.835944326163341,-0.1374310224129328
4.559322033898305,55.57632610515238,-11.836727952365578,-0.1374310224129328
4.627118644067797,55.57632610515238,-11.836888733921148,-0.1374310224129328
4.694915254237288,55.57632610515238,-11.836921721460644,-0.1374310224129328
4.762711864406779,55.57632610515238,-11.836928489468187,-0.1374310224129328
4.830508474576272,55.57632610515238,-11.836929878049041,-0.1374310224129328
4.898305084745763,55.57632610515238,-11.836930162941789,-0.1374310224129328
4.966101694915254,55.57632610515238,-11.836930221392743,-0.1374310224129328
5.033898305084746,55.57632610515238,-11.836930233385024,-0.1374310224129328
5.101694915254237,55.57632610515238,-11.836930235845458,-0.1374310224129328
5.169491525423728,55.57632610515238,-11.836930236350263,-0.1374310224129328
5.23728813559322,55.57632610515238,-11.836930236453831,-0.1374310224129328
5.305084745762712,55.57632610515238,-11.83693023647508,-0.1374310224129328
5.372881355932203,55.57632610515238,-11.83693023647944,-0.1374310224129328
5.4406779661016955,55.57632610515238,-11.836930236480335,-0.1374310224129328
5.508474576271187,55.57632610515238,-11.83693023648052,-0.1374310224129328
5.576271186440678,55.57632610515238,-11.836930236480557,-0.1374310224129328
5.6440677966101696,55.57632610515238,-11.836930236480564,-0.1374310224129328
5.711864406779661,55.57632610515238,-11.836930236480566,-0.1374310224129328
5.779661016949152,55.57632610515238,-11.836930236480566,-0.1374310224129328
5.847457627118644,55.57632610515238,-11.836930236480566,-0.1374310224129328
5.915254237288135,55.57632610515238,-11.836930236480566,-0.1374310224129328
5.983050847457627,55.57632610515238,-11.836930236480566,-0.1374310224129328
6.0508474576271185,55.57632610515238,-11.836930236480566,-0.1374310224129328
6.118644067796611,55.57632610515238,-11.836930236480566,-0.1374310224129328
6.186440677966102,55.57632610515238,-11.836930236480566,-0.1374310224129328
6.254237288135593,55.57632610515238,-11.836930236480566,-0.1374310224129328
6.322033898305085,55.57632610515238,-11.836930236480566,-0.1374310224129328
6.389830508474576,55.57632610515238,-11.836930236480566,-0.1374310224129328
6.4576271186440675,55.57632610515238,-11.836930236480566,-0.1374310224129328
6.525423728813559,55.57632610515238,-11.836930236480566,-0.1374310224129328
6.593220338983051,55.57632610515238,-11.836930236480566,-0.1374310224129328
6.661016949152542,55.57632610515238,-11.836930236480566,-0.1374310224129328
6.728813559322034,55.57632610515238,-11.836930236480566,-0.1374310224129328
6.796610169491526,55.57632610515238,-11.836930236480566,-0.1374310224129328
6.864406779661017,55.57632610515238,-11.836930236480566,-0.1374310224129328
6.932203389830509,55.57632610515238,-11.836930236480566,-0.1374310224129328
7.0,55.57632610515238,-11.836930236480566,-0.1374310224129328
3.0,56.89763839002888,12.231528468034806,-0.1374310224129328
3.0677966101694913,56.89763839002888,12.231528466365456,-0.1374310224129328
3.135593220338983,56.89763839002888,12.231528458228981,-0.1374310224129328
3.2033898305084745,56.89763839002888,12.231528418571394,-0.1374310224129328
3.2711864406779663,56.89763839002888,12.231528225278401,-0.1374310224129328
3.3389830508474576,56.89763839002888,12.231527283159124,-0.1374310224129328
3.406779661016949,56.89763839002888,12.231522691225523,-0.1374310224129328
3.4745762711864407,56.89763839002888,12.231500309945487,-0.1374310224129328
3.542372881355932,56.89763839002888,12.231391223106446,-0.1374310224129328
3.610169491525424,56.89763839002888,12.230859542762696,-0.1374310224129328
3.6779661016949152,56.89763839002888,12.228268443408194,-0.1374310224129328
3.7457627118644066,56.89763839002888,12.215647282268215,-0.1374310224129328
3.8135593220338984,56.89763839002888,12.154320148655566,-0.1374310224129328
3.8813559322033897,56.89763839002888,11.859830258218478,-0.1374310224129328
3.9491525423728815,56.89763839002888,10.522116116037894,-0.1374310224129328
4.016949152542373,56.89763839002888,5.697444831285987,-0.1374310224129328
4.084745762711864,56.89763839002888,-3.2914420722573543,-0.1374310224129328
4.152542372881356,56.89763839002888,-9.395688463074697,-0.1374310224129328
4.220338983050848,56.89763839002888,-11.293711482088657,-0.1374310224129328
4.288135593220339,56.89763839002888,-11.725067780692097,-0.1374310224129328
4.3559322033898304,56.89763839002888,-11.815531462546947,-0.1374310224129328
4.423728813559322,56.89763839002888,-11.834176270808644,-0.1374310224129328
4.491525423728813,56.89763839002888,-11.838005168860768,-0.1374310224129328
4.559322033898305,56.89763839002888,-11.838790887874673,-0.1374310224129328
4.627118644067797,56.89763839002888,-11.83895209882568,-0.1374310224129328
4.694915254237288,56.89763839002888,-11.838985174464206,-0.1374310224129328
4.762711864406779,56.89763839002888,-11.838991960546903,-0.1374310224129328
4.830508474576272,56.89763839002888,-11.838993352836207,-0.1374310224129328
4.898305084745763,56.89763839002888,-11.83899363848981,-0.1374310224129328
4.966101694915254,56.89763839002888,-11.838993697096868,-0.1374310224129328
5.033898305084746,56.89763839002888,-11.838993709121176,-0.1374310224129328
5.101694915254237,56.89763839002888,-11.838993711588182,-0.1374310224129328
5.169491525423728,56.89763839002888,-11.838993712094334,-0.1374310224129328
5.23728813559322,56.89763839002888,-11.83899371219818,-0.1374310224129328
5.305084745762712,56.89763839002888,-11.838993712219485,-0.1374310224129328
5.372881355932203,56.89763839002888,-11.838993712223857,-0.1374310224129328
5.4406779661016955,56.89763839002888,-11.838993712224754,-0.1374310224129328
5.508474576271187,56.89763839002888,-11.838993712224939,-0.1374310224129328
5.576271186440678,56.89763839002888,-11.838993712224976,-0.1374310224129328
5.6440677966101696,56.89763839002888,-11.838993712224983,-0.1374310224129328
5.711864406779661,56.89763839002888,-11.838993712224985,-0.1374310224129328
5.779661016949152,56.89763839002888,-11.838993712224985,-0.1374310224129328
5.847457627118644,56.89763839002888,-11.838993712224985,-0.1374310224129328
5.915254237288135,56.89763839002888,-11.838993712224985,-0.1374310224129328
5.983050847457627,56.89763839002888,-11.838993712224985,-0.1374310224129328
6.0508474576271185,56.89763839002888,-11.838993712224985,-0.1374310224129328
6.118644067796611,56.89763839002888,-11.838993712224985,-0.1374310224129328
6.186440677966102,56.89763839002888,-11.838993712224985,-0.1374310224129328
6.254237288135593,56.89763839002888,-11.838993712224985,-0.1374310224129328
6.322033898305085,56.89763839002888,-11.838993712224985,-0.1374310224129328
6.389830508474576,56.89763839002888,-11.838993712224985,-0.1374310224129328
6.4576271186440675,56.89763839002888,-11.838993712224985,-0.1374310224129328
6.525423728813559,56.89763839002888,-11.838993712224985,-0.1374310224129328
6.593220338983051,56.89763839002888,-11.838993712224985,-0.1374310224129328
6.661016949152542,56.89763839002888,-11.838993712224985,-0.1374310224129328
6.728813559322034,56.89763839002888,-11.838993712224985,-0.1374310224129328
6.796610169491526,56.89763839002888,-11.838993712224985,-0.1374310224129328
6.864406779661017,56.89763839002888,-11.838993712224985,-0.1374310224129328
6.932203389830509,56.89763839002888,-11.838993712224985,-0.1374310224129328
7.0,56.89763839002888,-11.838993712224985,-0.1374310224129328
3.0,58.25036452098909,12.2935783315374,-0.1374310224129328
3.0677966101694913,58.25036452098909,12.293578329863603,-0.1374310224129328
3.135593220338983,58.25036452098909,12.293578321705457,-0.1374310224129328
3.2033898305084745,58.25036452098909,12.293578281942239,-0.1374310224129328
3.2711864406779663,58.25036452098909,12.293578088134398,-0.1374310224129328
3.3389830508474576,58.25036452098909,12.293577143505729,-0.1374310224129328
3.406779661016949,58.25036452098909,12.293572539341225,-0.1374310224129328
3.4745762711864407,58.25036452098909,12.293550098447252,-0.1374310224129328
3.542372881355932,58.25036452098909,12.2934407210486,-0.1374310224129328
3.610169491525424,58.25036452098909,12.292907624541048,-0.1374310224129328
3.6779661016949152,58.25036452098909,12.290309623631577,-0.1374310224129328
3.7457627118644066,58.25036452098909,12.277654845240598,-0.1374310224129328
3.8135593220338984,58.25036452098909,12.216164362977143,-0.1374310224129328
3.8813559322033897,58.25036452098909,11.920890080323343,-0.1374310224129328
3.9491525423728815,58.25036452098909,10.579612852972819,-0.1374310224129328
4.016949152542373,58.25036452098909,5.742090754910002,-0.1374310224129328
4.084745762711864,58.25036452098909,-3.2707386103374954,-0.1374310224129328
4.152542372881356,58.25036452098909,-9.39124404268169,-0.1374310224129328
4.220338983050848,58.25036452098909,-11.294322564555346,-0.1374310224129328
4.288135593220339,58.25036452098909,-11.726827807602184,-0.1374310224129328
4.3559322033898304,58.25036452098909,-11.817532445123922,-0.1374310224129328
4.423728813559322,58.25036452098909,-11.83622691499696,-0.1374310224129328
4.491525423728813,58.25036452098909,-11.840066011558195,-0.1374310224129328
4.559322033898305,58.25036452098909,-11.840853823383767,-0.1374310224129328
4.627118644067797,58.25036452098909,-11.841015463730212,-0.1374310224129328
4.694915254237288,58.25036452098909,-11.841048627467766,-0.1374310224129328
4.762711864406779,58.25036452098909,-11.84105543162562,-0.1374310224129328
4.830508474576272,58.25036452098909,-11.841056827623373,-0.1374310224129328
4.898305084745763,58.25036452098909,-11.841057114037833,-0.1374310224129328
4.966101694915254,58.25036452098909,-11.841057172800992,-0.1374310224129328
5.033898305084746,58.25036452098909,-11.84105718485733,-0.1374310224129328
5.101694915254237,58.25036452098909,-11.841057187330906,-0.1374310224129328
5.169491525423728,58.25036452098909,-11.841057187838405,-0.1374310224129328
5.23728813559322,58.25036452098909,-11.84105718794253,-0.1374310224129328
5.305084745762712,58.25036452098909,-11.84105718796389,-0.1374310224129328
5.372881355932203,58.25036452098909,-11.841057187968275,-0.1374310224129328
5.4406779661016955,58.25036452098909,-11.841057187969174,-0.1374310224129328
5.508474576271187,58.25036452098909,-11.841057187969358,-0.1374310224129328
5.576271186440678,58.25036452098909,-11.841057187969398,-0.1374310224129328
5.6440677966101696,58.25036452098909,-11.841057187969405,-0.1374310224129328
5.711864406779661,58.25036452098909,-11.841057187969406,-0.1374310224129328
5.779661016949152,58.25036452098909,-11.841057187969406,-0.1374310224129328
5.847457627118644,58.25036452098909,-11.841057187969406,-0.1374310224129328
5.915254237288135,58.25036452098909,-11.841057187969406,-0.1374310224129328
5.983050847457627,58.25036452098909,-11.841057187969406,-0.1374310224129328
6.0508474576271185,58.25036452098909,-11.841057187969406,-0.1374310224129328
6.118644067796611,58.25036452098909,-11.841057187969406,-0.1374310224129328
6.186440677966102,58.25036452098909,-11.841057187969406,-0.1374310224129328
6.254237288135593,58.25036452098909,-11.841057187969406,-0.1374310224129328
6.322033898305085,58.25036452098909,-11.841057187969406,-0.1374310224129328
6.389830508474576,58.25036452098909,-11.841057187969406,-0.1374310224129328
6.4576271186440675,58.25036452098909,-11.841057187969406,-0.1374310224129328
6.525423728813559,58.25036452098909,-11.841057187969406,-0.1374310224129328
6.593220338983051,58.25036452098909,-11.841057187969406,-0.1374310224129328
6.661016949152542,58.25036452098909,-11.841057187969406,-0.1374310224129328
6.728813559322034,58.25036452098909,-11.841057187969406,-0.1374310224129328
6.796610169491526,58.25036452098909,-11.841057187969406,-0.1374310224129328
6.864406779661017,58.25036452098909,-11.841057187969406,-0.1374310224129328
6.932203389830509,58.25036452098909,-11.841057187969406,-0.1374310224129328
7.0,58.25036452098909,-11.841057187969406,-0.1374310224129328
3.0,59.63525135381951,12.355628195039994,-0.1374310224129328
3.0677966101694913,59.63525135381951,12.35562819336175,-0.1374310224129328
3.135593220338983,59.63525135381951,12.355628185181931,-0.1374310224129328
3.2033898305084745,59.63525135381951,12.355628145313082,-0.1374310224129328
3.2711864406779663,59.63525135381951,12.355627950990394,-0.1374310224129328
3.3389830508474576,59.63525135381951,12.35562700385233,-0.1374310224129328
3.406779661016949,59.63525135381951,12.355622387456926,-0.1374310224129328
3.4745762711864407,59.63525135381951,12.355599886949015,-0.1374310224129328
3.542372881355932,59.63525135381951,12.355490218990754,-0.1374310224129328
3.610169491525424,59.63525135381951,12.354955706319398,-0.1374310224129328
3.6779661016949152,59.63525135381951,12.352350803854959,-0.1374310224129328
3.7457627118644066,59.63525135381951,12.339662408212977,-0.1374310224129328
3.8135593220338984,59.63525135381951,12.278008577298717,-0.1374310224129328
3.8813559322033897,59.63525135381951,11.981949902428203,-0.1374310224129328
3.9491525423728815,59.63525135381951,10.637109589907743,-0.1374310224129328
4.016949152542373,59.63525135381951,5.786736678534016,-0.1374310224129328
4.084745762711864,59.63525135381951,-3.2500351484176373,-0.1374310224129328
4.152542372881356,59.63525135381951,-9.386799622288681,-0.1374310224129328
4.220338983050848,59.63525135381951,-11.294933647022035,-0.1374310224129328
4.288135593220339,59.63525135381951,-11.72858783451227,-0.1374310224129328
4.3559322033898304,59.63525135381951,-11.819533427700897,-0.1374310224129328
4.423728813559322,59.63525135381951,-11.838277559185276,-0.1374310224129328
4.491525423728813,59.63525135381951,-11.84212685425562,-0.1374310224129328
4.559322033898305,59.63525135381951,-11.842916758892862,-0.1374310224129328
4.627118644067797,59.63525135381951,-11.843078828634743,-0.1374310224129328
4.694915254237288,59.63525135381951,-11.843112080471327,-0.1374310224129328
4.762711864406779,59.63525135381951,-11.843118902704335,-0.1374310224129328
4.830508474576272,59.63525135381951,-11.843120302410538,-0.1374310224129328
4.898305084745763,59.63525135381951,-11.843120589585855,-0.1374310224129328
4.966101694915254,59.63525135381951,-11.843120648505119,-0.1374310224129328
5.033898305084746,59.63525135381951,-11.843120660593483,-0.1374310224129328
5.101694915254237,59.63525135381951,-11.84312066307363,-0.1374310224129328
5.169491525423728,59.63525135381951,-11.843120663582479,-0.1374310224129328
5.23728813559322,59.63525135381951,-11.843120663686879,-0.1374310224129328
5.305084745762712,59.63525135381951,-11.843120663708296,-0.1374310224129328
5.372881355932203,59.63525135381951,-11.843120663712691,-0.1374310224129328
5.4406779661016955,59.63525135381951,-11.843120663713593,-0.1374310224129328
5.508474576271187,59.63525135381951,-11.84312066371378,-0.1374310224129328
5.576271186440678,59.63525135381951,-11.843120663713817,-0.1374310224129328
5.6440677966101696,59.63525135381951,-11.843120663713824,-0.1374310224129328
5.711864406779661,59.63525135381951,-11.843120663713826,-0.1374310224129328
5.779661016949152,59.63525135381951,-11.843120663713826,-0.1374310224129328
5.847457627118644,59.63525135381951,-11.843120663713826,-0.1374310224129328
5.915254237288135,59.63525135381951,-11.843120663713826,-0.1374310224129328
5.983050847457627,59.63525135381951,-11.843120663713826,-0.1374310224129328
6.0508474576271185,59.63525135381951,-11.843120663713826,-0.1374310224129328
6.118644067796611,59.63525135381951,-11.843120663713826,-0.1374310224129328
6.186440677966102,59.63525135381951,-11.843120663713826,-0.1374310224129328
6.254237288135593,59.63525135381951,-11.843120663713826,-0.1374310224129328
6.322033898305085,59.63525135381951,-11.843120663713826,-0.1374310224129328
6.389830508474576,59.63525135381951,-11.843120663713826,-0.1374310224129328
6.4576271186440675,59.63525135381951,-11.843120663713826,-0.1374310224129328
6.525423728813559,59.63525135381951,-11.843120663713826,-0.1374310224129328
6.593220338983051,59.63525135381951,-11.843120663713826,-0.1374310224129328
6.661016949152542,59.63525135381951,-11.843120663713826,-0.1374310224129328
6.728813559322034,59.63525135381951,-11.843120663713826,-0.1374310224129328
6.796610169491526,59.63525135381951,-11.843120663713826,-0.1374310224129328
6.864406779661017,59.63525135381951,-11.843120663713826,-0.1374310224129328
6.932203389830509,59.63525135381951,-11.843120663713826,-0.1374310224129328
7.0,59.63525135381951,-11.843120663713826,-0.1374310224129328
3.0,61.05306350060325,12.417678058542586,-0.1374310224129328
3.0677966101694913,61.05306350060325,12.417678056859897,-0.1374310224129328
3.135593220338983,61.05306350060325,12.417678048658408,-0.1374310224129328
3.2033898305084745,61.05306350060325,12.417678008683927,-0.1374310224129328
3.2711864406779663,61.05306350060325,12.41767781384639,-0.1374310224129328
3.3389830508474576,61.05306350060325,12.417676864198935,-0.1374310224129328
3.406779661016949,61.05306350060325,12.417672235572628,-0.1374310224129328
3.4745762711864407,61.05306350060325,12.417649675450779,-0.1374310224129328
3.542372881355932,61.05306350060325,12.41753971693291,-0.1374310224129328
3.610169491525424,61.05306350060325,12.417003788097748,-0.1374310224129328
3.6779661016949152,61.05306350060325,12.414391984078343,-0.1374310224129328
3.7457627118644066,61.05306350060325,12.40166997118536,-0.1374310224129328
3.8135593220338984,61.05306350060325,12.339852791620293,-0.1374310224129328
3.8813559322033897,61.05306350060325,12.043009724533066,-0.1374310224129328
3.9491525423728815,61.05306350060325,10.694606326842667,-0.1374310224129328
4.016949152542373,61.05306350060325,5.831382602158031,-0.1374310224129328
4.084745762711864,61.05306350060325,-3.229331686497779,-0.1374310224129328
4.152542372881356,61.05306350060325,-9.382355201895674,-0.1374310224129328
4.220338983050848,61.05306350060325,-11.295544729488723,-0.1374310224129328
4.288135593220339,61.05306350060325,-11.730347861422358,-0.1374310224129328
4.3559322033898304,61.05306350060325,-11.82153441027787,-0.1374310224129328
4.423728813559322,61.05306350060325,-11.840328203373591,-0.1374310224129328
4.491525423728813,61.05306350060325,-11.844187696953046,-0.1374310224129328
4.559322033898305,61.05306350060325,-11.844979694401957,-0.1374310224129328
4.627118644067797,61.05306350060325,-11.845142193539276,-0.1374310224129328
4.694915254237288,61.05306350060325,-11.845175533474888,-0.1374310224129328
4.762711864406779,61.05306350060325,-11.845182373783052,-0.1374310224129328
4.830508474576272,61.05306350060325,-11.845183777197704,-0.1374310224129328
4.898305084745763,61.05306350060325,-11.845184065133877,-0.1374310224129328
4.966101694915254,61.05306350060325,-11.845184124209243,-0.1374310224129328
5.033898305084746,61.05306350060325,-11.845184136329635,-0.1374310224129328
5.101694915254237,61.05306350060325,-11.845184138816354,-0.1374310224129328
5.169491525423728,61.05306350060325,-11.84518413932655,-0.1374310224129328
5.23728813559322,61.05306350060325,-11.845184139431227,-0.1374310224129328
5.305084745762712,61.05306350060325,-11.845184139452703,-0.1374310224129328
5.372881355932203,61.05306350060325,-11.845184139457109,-0.1374310224129328
5.4406779661016955,61.05306350060325,-11.845184139458013,-0.1374310224129328
5.508474576271187,61.05306350060325,-11.8451841394582,-0.1374310224129328
5.576271186440678,61.05306350060325,-11.845184139458237,-0.1374310224129328
5.6440677966101696,61.05306350060325,-11.845184139458246,-0.1374310224129328
5.711864406779661,61.05306350060325,-11.845184139458247,-0.1374310224129328
5.779661016949152,61.05306350060325,-11.845184139458247,-0.1374310224129328
5.847457627118644,61.05306350060325,-11.845184139458247,-0.1374310224129328
5.915254237288135,61.05306350060325,-11.845184139458247,-0.1374310224129328
5.983050847457627,61.05306350060325,-11.845184139458247,-0.1374310224129328
6.0508474576271185,61.05306350060325,-11.845184139458247,-0.1374310224129328
6.118644067796611,61.05306350060325,-11.845184139458247,-0.1374310224129328
6.186440677966102,61.05306350060325,-11.845184139458247,-0.1374310224129328
6.254237288135593,61.05306350060325,-11.845184139458247,-0.1374310224129328
6.322033898305085,61.05306350060325,-11.845184139458247,-0.1374310224129328
6.389830508474576,61.05306350060325,-11.845184139458247,-0.1374310224129328
6.4576271186440675,61.05306350060325,-11.845184139458247,-0.1374310224129328
6.525423728813559,61.05306350060325,-11.845184139458247,-0.1374310224129328
6.593220338983051,61.05306350060325,-11.845184139458247,-0.1374310224129328
6.661016949152542,61.05306350060325,-11.845184139458247,-0.1374310224129328
6.728813559322034,61.05306350060325,-11.845184139458247,-0.1374310224129328
6.796610169491526,61.05306350060325,-11.845184139458247,-0.1374310224129328
6.864406779661017,61.05306350060325,-11.845184139458247,-0.1374310224129328
6.932203389830509,61.05306350060325,-11.845184139458247,-0.1374310224129328
7.0,61.05306350060325,-11.845184139458247,-0.1374310224129328
3.0,62.504583751871046,12.47972792204518,-0.1374310224129328
3.0677966101694913,62.504583751871046,12.479727920358044,-0.1374310224129328
3.135593220338983,62.504583751871046,12.479727912134882,-0.1374310224129328
3.2033898305084745,62.504583751871046,12.479727872054772,-0.1374310224129328
3.2711864406779663,62.504583751871046,12.479727676702387,-0.1374310224129328
3.3389830508474576,62.504583751871046,12.479726724545538,-0.1374310224129328
3.406779661016949,62.504583751871046,12.479722083688328,-0.1374310224129328
3.4745762711864407,62.504583751871046,12.479699463952542,-0.1374310224129328
3.542372881355932,62.504583751871046,12.479589214875064,-0.1374310224129328
3.610169491525424,62.504583751871046,12.479051869876098,-0.1374310224129328
3.6779661016949152,62.504583751871046,12.476433164301724,-0.1374310224129328
3.7457627118644066,62.504583751871046,12.46367753415774,-0.1374310224129328
3.8135593220338984,62.504583751871046,12.401697005941868,-0.1374310224129328
3.8813559322033897,62.504583751871046,12.104069546637927,-0.1374310224129328
3.9491525423728815,62.504583751871046,10.752103063777591,-0.1374310224129328
4.016949152542373,62.504583751871046,5.876028525782045,-0.1374310224129328
4.084745762711864,62.504583751871046,-3.2086282245779203,-0.1374310224129328
4.152542372881356,62.504583751871046,-9.377910781502667,-0.1374310224129328
4.220338983050848,62.504583751871046,-11.296155811955412,-0.1374310224129328
4.288135593220339,62.504583751871046,-11.732107888332443,-0.1374310224129328
4.3559322033898304,62.504583751871046,-11.823535392854845,-0.1374310224129328
4.423728813559322,62.504583751871046,-11.842378847561905,-0.1374310224129328
4.491525423728813,62.504583751871046,-11.846248539650473,-0.1374310224129328
4.559322033898305,62.504583751871046,-11.847042629911053,-0.1374310224129328
4.627118644067797,62.504583751871046,-11.847205558443807,-0.1374310224129328
4.694915254237288,62.504583751871046,-11.84723898647845,-0.1374310224129328
4.762711864406779,62.504583751871046,-11.847245844861767,-0.1374310224129328
4.830508474576272,62.504583751871046,-11.84724725198487,-0.1374310224129328
4.898305084745763,62.504583751871046,-11.847247540681899,-0.1374310224129328
4.966101694915254,62.504583751871046,-11.84724759991337,-0.1374310224129328
5.033898305084746,62.504583751871046,-11.84724761206579,-0.1374310224129328
5.101694915254237,62.504583751871046,-11.847247614559079,-0.1374310224129328
5.169491525423728,62.504583751871046,-11.847247615070623,-0.1374310224129328
5.23728813559322,62.504583751871046,-11.847247615175576,-0.1374310224129328
5.305084745762712,62.504583751871046,-11.847247615197109,-0.1374310224129328
5.372881355932203,62.504583751871046,-11.847247615201526,-0.1374310224129328
5.4406779661016955,62.504583751871046,-11.847247615202432,-0.1374310224129328
5.508474576271187,62.504583751871046,-11.847247615202619,-0.1374310224129328
5.576271186440678,62.504583751871046,-11.847247615202658,-0.1374310224129328
5.6440677966101696,62.504583751871046,-11.847247615202665,-0.1374310224129328
5.711864406779661,62.504583751871046,-11.847247615202667,-0.1374310224129328
5.779661016949152,62.504583751871046,-11.847247615202667,-0.1374310224129328
5.847457627118644,62.504583751871046,-11.847247615202667,-0.1374310224129328
5.915254237288135,62.504583751871046,-11.847247615202667,-0.1374310224129328
5.983050847457627,62.504583751871046,-11.847247615202667,-0.1374310224129328
6.0508474576271185,62.504583751871046,-11.847247615202667,-0.1374310224129328
6.118644067796611,62.504583751871046,-11.847247615202667,-0.1374310224129328
6.186440677966102,62.504583751871046,-11.847247615202667,-0.1374310224129328
6.254237288135593,62.504583751871046,-11.847247615202667,-0.1374310224129328
6.322033898305085,62.504583751871046,-11.847247615202667,-0.1374310224129328
6.389830508474576,62.504583751871046,-11.847247615202667,-0.1374310224129328
6.4576271186440675,62.504583751871046,-11.847247615202667,-0.1374310224129328
6.525423728813559,62.504583751871046,-11.847247615202667,-0.1374310224129328
6.593220338983051,62.504583751871046,-11.847247615202667,-0.1374310224129328
6.661016949152542,62.504583751871046,-11.847247615202667,-0.1374310224129328
6.728813559322034,62.504583751871046,-11.847247615202667,-0.1374310224129328
6.796610169491526,62.504583751871046,-11.847247615202667,-0.1374310224129328
6.864406779661017,62.504583751871046,-11.847247615202667,-0.1374310224129328
6.932203389830509,62.504583751871046,-11.847247615202667,-0.1374310224129328
7.0,62.504583751871046,-11.847247615202667,-0.1374310224129328
3.0,63.99061350878908,12.541777785547774,-0.1374310224129328
3.0677966101694913,63.99061350878908,12.54177778385619,-0.1374310224129328
3.135593220338983,63.99061350878908,12.541777775611356,-0.1374310224129328
3.2033898305084745,63.99061350878908,12.541777735425615,-0.1374310224129328
3.2711864406779663,63.99061350878908,12.541777539558383,-0.1374310224129328
3.3389830508474576,63.99061350878908,12.54177658489214,-0.1374310224129328
3.406779661016949,63.99061350878908,12.54177193180403,-0.1374310224129328
3.4745762711864407,63.99061350878908,12.541749252454307,-0.1374310224129328
3.542372881355932,63.99061350878908,12.541638712817218,-0.1374310224129328
3.610169491525424,63.99061350878908,12.54109995165445,-0.1374310224129328
3.6779661016949152,63.99061350878908,12.538474344525108,-0.1374310224129328
3.7457627118644066,63.99061350878908,12.525685097130124,-0.1374310224129328
3.8135593220338984,63.99061350878908,12.463541220263442,-0.1374310224129328
3.8813559322033897,63.99061350878908,12.16512936874279,-0.1374310224129328
3.9491525423728815,63.99061350878908,10.809599800712515,-0.1374310224129328
4.016949152542373,63.99061350878908,5.92067444940606,-0.1374310224129328
4.084745762711864,63.99061350878908,-3.187924762658062,-0.1374310224129328
4.152542372881356,63.99061350878908,-9.373466361109658,-0.1374310224129328
4.220338983050848,63.99061350878908,-11.2967668944221,-0.1374310224129328
4.288135593220339,63.99061350878908,-11.73386791524253,-0.1374310224129328
4.3559322033898304,63.99061350878908,-11.82553637543182,-0.1374310224129328
4.423728813559322,63.99061350878908,-11.84442949175022,-0.1374310224129328
4.491525423728813,63.99061350878908,-11.848309382347898,-0.1374310224129328
4.559322033898305,63.99061350878908,-11.849105565420148,-0.1374310224129328
4.627118644067797,63.99061350878908,-11.84926892334834,-0.1374310224129328
4.694915254237288,63.99061350878908,-11.84930243948201,-0.1374310224129328
4.762711864406779,63.99061350878908,-11.849309315940484,-0.1374310224129328
4.830508474576272,63.99061350878908,-11.849310726772035,-0.1374310224129328
4.898305084745763,63.99061350878908,-11.84931101622992,-0.1374310224129328
4.966101694915254,63.99061350878908,-11.849311075617495,-0.1374310224129328
5.033898305084746,63.99061350878908,-11.849311087801942,-0.1374310224129328
5.101694915254237,63.99061350878908,-11.849311090301802,-0.1374310224129328
5.169491525423728,63.99061350878908,-11.849311090814695,-0.1374310224129328
5.23728813559322,63.99061350878908,-11.849311090919924,-0.1374310224129328
5.305084745762712,63.99061350878908,-11.849311090941514,-0.1374310224129328
5.372881355932203,63.99061350878908,-11.849311090945942,-0.1374310224129328
5.4406779661016955,63.99061350878908,-11.849311090946852,-0.1374310224129328
5.508474576271187,63.99061350878908,-11.84931109094704,-0.1374310224129328
5.576271186440678,63.99061350878908,-11.849311090947078,-0.1374310224129328
5.6440677966101696,63.99061350878908,-11.849311090947085,-0.1374310224129328
5.711864406779661,63.99061350878908,-11.849311090947086,-0.1374310224129328
5.779661016949152,63.99061350878908,-11.849311090947086,-0.1374310224129328
5.847457627118644,63.99061350878908,-11.849311090947086,-0.1374310224129328
5.915254237288135,63.99061350878908,-11.849311090947086,-0.1374310224129328
5.983050847457627,63.99061350878908,-11.849311090947086,-0.1374310224129328
6.0508474576271185,63.99061350878908,-11.849311090947086,-0.1374310224129328
6.118644067796611,63.99061350878908,-11.849311090947086,-0.1374310224129328
6.186440677966102,63.99061350878908,-11.849311090947086,-0.1374310224129328
6.254237288135593,63.99061350878908,-11.849311090947086,-0.1374310224129328
6.322033898305085,63.99061350878908,-11.849311090947086,-0.1374310224129328
6.389830508474576,63.99061350878908,-11.849311090947086,-0.1374310224129328
6.4576271186440675,63.99061350878908,-11.849311090947086,-0.1374310224129328
6.525423728813559,63.99061350878908,-11.849311090947086,-0.1374310224129328
6.593220338983051,63.99061350878908,-11.849311090947086,-0.1374310224129328
6.661016949152542,63.99061350878908,-11.849311090947086,-0.1374310224129328
6.728813559322034,63.99061350878908,-11.849311090947086,-0.1374310224129328
6.796610169491526,63.99061350878908,-11.849311090947086,-0.1374310224129328
6.864406779661017,63.99061350878908,-11.849311090947086,-0.1374310224129328
6.932203389830509,63.99061350878908,-11.849311090947086,-0.1374310224129328
7.0,63.99061350878908,-11.849311090947086,-0.1374310224129328
3.0,65.51197322562194,12.603827649050366,-0.1374310224129328
3.0677966101694913,65.51197322562194,12.603827647354336,-0.1374310224129328
3.135593220338983,65.51197322562194,12.60382763908783,-0.1374310224129328
3.2033898305084745,65.51197322562194,12.603827598796459,-0.1374310224129328
3.2711864406779663,65.51197322562194,12.60382740241438,-0.1374310224129328
3.3389830508474576,65.51197322562194,12.603826445238742,-0.1374310224129328
3.406779661016949,65.51197322562194,12.60382177991973,-0.1374310224129328
3.4745762711864407,65.51197322562194,12.60379904095607,-0.1374310224129328
3.542372881355932,65.51197322562194,12.60368821075937,-0.1374310224129328
3.610169491525424,65.51197322562194,12.603148033432799,-0.1374310224129328
3.6779661016949152,65.51197322562194,12.60051552474849,-0.1374310224129328
3.7457627118644066,65.51197322562194,12.587692660102505,-0.1374310224129328
3.8135593220338984,65.51197322562194,12.525385434585017,-0.1374310224129328
3.8813559322033897,65.51197322562194,12.226189190847652,-0.1374310224129328
3.9491525423728815,65.51197322562194,10.867096537647438,-0.1374310224129328
4.016949152542373,65.51197322562194,5.965320373030074,-0.1374310224129328
4.084745762711864,65.51197322562194,-3.1672213007382033,-0.1374310224129328
4.152542372881356,65.51197322562194,-9.369021940716651,-0.1374310224129328
4.220338983050848,65.51197322562194,-11.29737797688879,-0.1374310224129328
4.288135593220339,65.51197322562194,-11.735627942152618,-0.1374310224129328
4.3559322033898304,65.51197322562194,-11.827537358008795,-0.1374310224129328
4.423728813559322,65.51197322562194,-11.846480135938537,-0.1374310224129328
4.491525423728813,65.51197322562194,-11.850370225045324,-0.1374310224129328
4.559322033898305,65.51197322562194,-11.851168500929242,-0.1374310224129328
4.627118644067797,65.51197322562194,-11.851332288252872,-0.1374310224129328
4.694915254237288,65.51197322562194,-11.851365892485571,-0.1374310224129328
4.762711864406779,65.51197322562194,-11.8513727870192,-0.1374310224129328
4.830508474576272,65.51197322562194,-11.851374201559201,-0.1374310224129328
4.898305084745763,65.51197322562194,-11.851374491777943,-0.1374310224129328
4.966101694915254,65.51197322562194,-11.851374551321621,-0.1374310224129328
5.033898305084746,65.51197322562194,-11.851374563538094,-0.1374310224129328
5.101694915254237,65.51197322562194,-11.851374566044527,-0.1374310224129328
5.169491525423728,65.51197322562194,-11.851374566558768,-0.1374310224129328
5.23728813559322,65.51197322562194,-11.851374566664273,-0.1374310224129328
5.305084745762712,65.51197322562194,-11.85137456668592,-0.1374310224129328
5.372881355932203,65.51197322562194,-11.85137456669036,-0.1374310224129328
5.4406779661016955,65.51197322562194,-11.851374566691272,-0.1374310224129328
5.508474576271187,65.51197322562194,-11.85137456669146,-0.1374310224129328
5.576271186440678,65.51197322562194,-11.851374566691497,-0.1374310224129328
5.6440677966101696,65.51197322562194,-11.851374566691506,-0.1374310224129328
5.711864406779661,65.51197322562194,-11.851374566691508,-0.1374310224129328
5.779661016949152,65.51197322562194,-11.851374566691508,-0.1374310224129328
5.847457627118644,65.51197322562194,-11.851374566691508,-0.1374310224129328
5.915254237288135,65.51197322562194,-11.851374566691508,-0.1374310224129328
5.983050847457627,65.51197322562194,-11.851374566691508,-0.1374310224129328
6.0508474576271185,65.51197322562194,-11.851374566691508,-0.1374310224129328
6.118644067796611,65.51197322562194,-11.851374566691508,-0.1374310224129328
6.186440677966102,65.51197322562194,-11.851374566691508,-0.1374310224129328
6.254237288135593,65.51197322562194,-11.851374566691508,-0.1374310224129328
6.322033898305085,65.51197322562194,-11.851374566691508,-0.1374310224129328
6.389830508474576,65.51197322562194,-11.851374566691508,-0.1374310224129328
6.4576271186440675,65.51197322562194,-11.851374566691508,-0.1374310224129328
6.525423728813559,65.51197322562194,-11.851374566691508,-0.1374310224129328
6.593220338983051,65.51197322562194,-11.851374566691508,-0.1374310224129328
6.661016949152542,65.51197322562194,-11.851374566691508,-0.1374310224129328
6.728813559322034,65.51197322562194,-11.851374566691508,-0.1374310224129328
6.796610169491526,65.51197322562194,-11.851374566691508,-0.1374310224129328
6.864406779661017,65.51197322562194,-11.851374566691508,-0.1374310224129328
6.932203389830509,65.51197322562194,-11.851374566691508,-0.1374310224129328
7.0,65.51197322562194,-11.851374566691508,-0.1374310224129328
3.0,67.06950286271483,12.665877512552962,-0.1374310224129328
3.0677966101694913,67.06950286271483,12.665877510852486,-0.1374310224129328
3.135593220338983,67.06950286271483,12.665877502564307,-0.1374310224129328
3.2033898305084745,67.06950286271483,12.665877462167305,-0.1374310224129328
3.2711864406779663,67.06950286271483,12.665877265270376,-0.1374310224129328
3.3389830508474576,67.06950286271483,12.665876305585346,-0.1374310224129328
3.406779661016949,67.06950286271483,12.665871628035433,-0.1374310224129328
3.4745762711864407,67.06950286271483,12.665848829457834,-0.1374310224129328
3.542372881355932,67.06950286271483,12.665737708701528,-0.1374310224129328
3.610169491525424,67.06950286271483,12.66519611521115,-0.1374310224129328
3.6779661016949152,67.06950286271483,12.662556704971873,-0.1374310224129328
3.7457627118644066,67.06950286271483,12.649700223074888,-0.1374310224129328
3.8135593220338984,67.06950286271483,12.587229648906593,-0.1374310224129328
3.8813559322033897,67.06950286271483,12.287249012952515,-0.1374310224129328
3.9491525423728815,67.06950286271483,10.924593274582364,-0.1374310224129328
4.016949152542373,67.06950286271483,6.009966296654089,-0.1374310224129328
4.084745762711864,67.06950286271483,-3.1465178388183443,-0.1374310224129328
4.152542372881356,67.06950286271483,-9.364577520323644,-0.1374310224129328
4.220338983050848,67.06950286271483,-11.297989059355476,-0.1374310224129328
4.288135593220339,67.06950286271483,-11.737387969062704,-0.1374310224129328
4.3559322033898304,67.06950286271483,-11.82953834058577,-0.1374310224129328
4.423728813559322,67.06950286271483,-11.848530780126852,-0.1374310224129328
4.491525423728813,67.06950286271483,-11.852431067742751,-0.1374310224129328
4.559322033898305,67.06950286271483,-11.853231436438337,-0.1374310224129328
4.627118644067797,67.06950286271483,-11.853395653157405,-0.1374310224129328
4.694915254237288,67.06950286271483,-11.853429345489133,-0.1374310224129328
4.762711864406779,67.06950286271483,-11.853436258097917,-0.1374310224129328
4.830508474576272,67.06950286271483,-11.853437676346367,-0.1374310224129328
4.898305084745763,67.06950286271483,-11.853437967325965,-0.1374310224129328
4.966101694915254,67.06950286271483,-11.853438027025746,-0.1374310224129328
5.033898305084746,67.06950286271483,-11.853438039274248,-0.1374310224129328
5.101694915254237,67.06950286271483,-11.85343804178725,-0.1374310224129328
5.169491525423728,67.06950286271483,-11.85343804230284,-0.1374310224129328
5.23728813559322,67.06950286271483,-11.853438042408621,-0.1374310224129328
5.305084745762712,67.06950286271483,-11.853438042430325,-0.1374310224129328
5.372881355932203,67.06950286271483,-11.853438042434778,-0.1374310224129328
5.4406779661016955,67.06950286271483,-11.853438042435691,-0.1374310224129328
5.508474576271187,67.06950286271483,-11.85343804243588,-0.1374310224129328
5.576271186440678,67.06950286271483,-11.853438042435918,-0.1374310224129328
5.6440677966101696,67.06950286271483,-11.853438042435926,-0.1374310224129328
5.711864406779661,67.06950286271483,-11.853438042435927,-0.1374310224129328
5.779661016949152,67.06950286271483,-11.853438042435927,-0.1374310224129328
5.847457627118644,67.06950286271483,-11.853438042435927,-0.1374310224129328
5.915254237288135,67.06950286271483,-11.853438042435927,-0.1374310224129328
5.983050847457627,67.06950286271483,-11.853438042435927,-0.1374310224129328
6.0508474576271185,67.06950286271483,-11.853438042435927,-0.1374310224129328
6.118644067796611,67.06950286271483,-11.853438042435927,-0.1374310224129328
6.186440677966102,67.06950286271483,-11.853438042435927,-0.1374310224129328
6.254237288135593,67.06950286271483,-11.853438042435927,-0.1374310224129328
6.322033898305085,67.06950286271483,-11.853438042435927,-0.1374310224129328
6.389830508474576,67.06950286271483,-11.853438042435927,-0.1374310224129328
6.4576271186440675,67.06950286271483,-11.853438042435927,-0.1374310224129328
6.525423728813559,67.06950286271483,-11.853438042435927,-0.1374310224129328
6.593220338983051,67.06950286271483,-11.853438042435927,-0.1374310224129328
6.661016949152542,67.06950286271483,-11.853438042435927,-0.1374310224129328
6.728813559322034,67.06950286271483,-11.853438042435927,-0.1374310224129328
6.796610169491526,67.06950286271483,-11.853438042435927,-0.1374310224129328
6.864406779661017,67.06950286271483,-11.853438042435927,-0.1374310224129328
6.932203389830509,67.06950286271483,-11.853438042435927,-0.1374310224129328
7.0,67.06950286271483,-11.853438042435927,-0.1374310224129328
3.0,68.66406235024542,12.727927376055554,-0.1374310224129328
3.0677966101694913,68.66406235024542,12.727927374350632,-0.1374310224129328
3.135593220338983,68.66406235024542,12.727927366040783,-0.1374310224129328
3.2033898305084745,68.66406235024542,12.72792732553815,-0.1374310224129328
3.2711864406779663,68.66406235024542,12.727927128126375,-0.1374310224129328
3.3389830508474576,68.66406235024542,12.72792616593195,-0.1374310224129328
3.406779661016949,68.66406235024542,12.727921476151133,-0.1374310224129328
3.4745762711864407,68.66406235024542,12.727898617959598,-0.1374310224129328
3.542372881355932,68.66406235024542,12.727787206643683,-0.1374310224129328
3.610169491525424,68.66406235024542,12.727244196989503,-0.1374310224129328
3.6779661016949152,68.66406235024542,12.724597885195255,-0.1374310224129328
3.7457627118644066,68.66406235024542,12.711707786047269,-0.1374310224129328
3.8135593220338984,68.66406235024542,12.64907386322817,-0.1374310224129328
3.8813559322033897,68.66406235024542,12.348308835057377,-0.1374310224129328
3.9491525423728815,68.66406235024542,10.982090011517288,-0.1374310224129328
4.016949152542373,68.66406235024542,6.054612220278104,-0.1374310224129328
4.084745762711864,68.66406235024542,-3.125814376898486,-0.1374310224129328
4.152542372881356,68.66406235024542,-9.360133099930636,-0.1374310224129328
4.220338983050848,68.66406235024542,-11.298600141822165,-0.1374310224129328
4.288135593220339,68.66406235024542,-11.739147995972791,-0.1374310224129328
4.3559322033898304,68.66406235024542,-11.831539323162746,-0.1374310224129328
4.423728813559322,68.66406235024542,-11.850581424315168,-0.1374310224129328
4.491525423728813,68.66406235024542,-11.854491910440178,-0.1374310224129328
4.559322033898305,68.66406235024542,-11.855294371947432,-0.1374310224129328
4.627118644067797,68.66406235024542,-11.855459018061936,-0.1374310224129328
4.694915254237288,68.66406235024542,-11.855492798492694,-0.1374310224129328
4.762711864406779,68.66406235024542,-11.855499729176632,-0.1374310224129328
4.830508474576272,68.66406235024542,-11.855501151133533,-0.1374310224129328
4.898305084745763,68.66406235024542,-11.855501442873987,-0.1374310224129328
4.966101694915254,68.66406235024542,-11.855501502729872,-0.1374310224129328
5.033898305084746,68.66406235024542,-11.8555015150104,-0.1374310224129328
5.101694915254237,68.66406235024542,-11.855501517529975,-0.1374310224129328
5.169491525423728,68.66406235024542,-11.855501518046912,-0.1374310224129328
5.23728813559322,68.66406235024542,-11.855501518152971,-0.1374310224129328
5.305084745762712,68.66406235024542,-11.85550151817473,-0.1374310224129328
5.372881355932203,68.66406235024542,-11.855501518179194,-0.1374310224129328
5.4406779661016955,68.66406235024542,-11.85550151818011,-0.1374310224129328
5.508474576271187,68.66406235024542,-11.855501518180299,-0.1374310224129328
5.576271186440678,68.66406235024542,-11.855501518180338,-0.1374310224129328
5.6440677966101696,68.66406235024542,-11.855501518180345,-0.1374310224129328
5.711864406779661,68.66406235024542,-11.855501518180347,-0.1374310224129328
5.779661016949152,68.66406235024542,-11.855501518180347,-0.1374310224129328
5.847457627118644,68.66406235024542,-11.855501518180347,-0.1374310224129328
5.915254237288135,68.66406235024542,-11.855501518180347,-0.1374310224129328
5.983050847457627,68.66406235024542,-11.855501518180347,-0.1374310224129328
6.0508474576271185,68.66406235024542,-11.855501518180347,-0.1374310224129328
6.118644067796611,68.66406235024542,-11.855501518180347,-0.1374310224129328
6.186440677966102,68.66406235024542,-11.855501518180347,-0.1374310224129328
6.254237288135593,68.66406235024542,-11.855501518180347,-0.1374310224129328
6.322033898305085,68.66406235024542,-11.855501518180347,-0.1374310224129328
6.389830508474576,68.66406235024542,-11.855501518180347,-0.1374310224129328
6.4576271186440675,68.66406235024542,-11.855501518180347,-0.1374310224129328
6.525423728813559,68.66406235024542,-11.855501518180347,-0.1374310224129328
6.593220338983051,68.66406235024542,-11.855501518180347,-0.1374310224129328
6.661016949152542,68.66406235024542,-11.855501518180347,-0.1374310224129328
6.728813559322034,68.66406235024542,-11.855501518180347,-0.1374310224129328
6.796610169491526,68.66406235024542,-11.855501518180347,-0.1374310224129328
6.864406779661017,68.66406235024542,-11.855501518180347,-0.1374310224129328
6.932203389830509,68.66406235024542,-11.855501518180347,-0.1374310224129328
7.0,68.66406235024542,-11.855501518180347,-0.1374310224129328
3.0,70.29653206300125,12.789977239558148,-0.1374310224129328
3.0677966101694913,70.29653206300125,12.789977237848777,-0.1374310224129328
3.135593220338983,70.29653206300125,12.789977229517255,-0.1374310224129328
3.2033898305084745,70.29653206300125,12.789977188908994,-0.1374310224129328
3.2711864406779663,70.29653206300125,12.78997699098237,-0.1374310224129328
3.3389830508474576,70.29653206300125,12.789976026278552,-0.1374310224129328
3.406779661016949,70.29653206300125,12.789971324266833,-0.1374310224129328
3.4745762711864407,70.29653206300125,12.789948406461361,-0.1374310224129328
3.542372881355932,70.29653206300125,12.789836704585836,-0.1374310224129328
3.610169491525424,70.29653206300125,12.789292278767851,-0.1374310224129328
3.6779661016949152,70.29653206300125,12.786639065418637,-0.1374310224129328
3.7457627118644066,70.29653206300125,12.77371534901965,-0.1374310224129328
3.8135593220338984,70.29653206300125,12.710918077549742,-0.1374310224129328
3.8813559322033897,70.29653206300125,12.409368657162238,-0.1374310224129328
3.9491525423728815,70.29653206300125,11.03958674845221,-0.1374310224129328
4.016949152542373,70.29653206300125,6.099258143902118,-0.1374310224129328
4.084745762711864,70.29653206300125,-3.105110914978628,-0.1374310224129328
4.152542372881356,70.29653206300125,-9.355688679537629,-0.1374310224129328
4.220338983050848,70.29653206300125,-11.299211224288854,-0.1374310224129328
4.288135593220339,70.29653206300125,-11.740908022882877,-0.1374310224129328
4.3559322033898304,70.29653206300125,-11.83354030573972,-0.1374310224129328
4.423728813559322,70.29653206300125,-11.852632068503484,-0.1374310224129328
4.491525423728813,70.29653206300125,-11.856552753137603,-0.1374310224129328
4.559322033898305,70.29653206300125,-11.857357307456526,-0.1374310224129328
4.627118644067797,70.29653206300125,-11.857522382966469,-0.1374310224129328
4.694915254237288,70.29653206300125,-11.857556251496256,-0.1374310224129328
4.762711864406779,70.29653206300125,-11.857563200255349,-0.1374310224129328
4.830508474576272,70.29653206300125,-11.857564625920698,-0.1374310224129328
4.898305084745763,70.29653206300125,-11.857564918422009,-0.1374310224129328
4.966101694915254,70.29653206300125,-11.857564978433997,-0.1374310224129328
5.033898305084746,70.29653206300125,-11.857564990746553,-0.1374310224129328
5.101694915254237,70.29653206300125,-11.857564993272698,-0.1374310224129328
5.169491525423728,70.29653206300125,-11.857564993790984,-0.1374310224129328
5.23728813559322,70.29653206300125,-11.85756499389732,-0.1374310224129328
5.305084745762712,70.29653206300125,-11.857564993919135,-0.1374310224129328
5.372881355932203,70.29653206300125,-11.857564993923612,-0.1374310224129328
5.4406779661016955,70.29653206300125,-11.85756499392453,-0.1374310224129328
5.508474576271187,70.29653206300125,-11.85756499392472,-0.1374310224129328
5.576271186440678,70.29653206300125,-11.857564993924758,-0.1374310224129328
5.6440677966101696,70.29653206300125,-11.857564993924766,-0.1374310224129328
5.711864406779661,70.29653206300125,-11.857564993924768,-0.1374310224129328
5.779661016949152,70.29653206300125,-11.857564993924768,-0.1374310224129328
5.847457627118644,70.29653206300125,-11.857564993924768,-0.1374310224129328
5.915254237288135,70.29653206300125,-11.857564993924768,-0.1374310224129328
5.983050847457627,70.29653206300125,-11.857564993924768,-0.1374310224129328
6.0508474576271185,70.29653206300125,-11.857564993924768,-0.1374310224129328
6.118644067796611,70.29653206300125,-11.857564993924768,-0.1374310224129328
6.186440677966102,70.29653206300125,-11.857564993924768,-0.1374310224129328
6.254237288135593,70.29653206300125,-11.857564993924768,-0.1374310224129328
6.322033898305085,70.29653206300125,-11.857564993924768,-0.1374310224129328
6.389830508474576,70.29653206300125,-11.857564993924768,-0.1374310224129328
6.4576271186440675,70.29653206300125,-11.857564993924768,-0.1374310224129328
6.525423728813559,70.29653206300125,-11.857564993924768,-0.1374310224129328
6.593220338983051,70.29653206300125,-11.857564993924768,-0.1374310224129328
6.661016949152542,70.29653206300125,-11.857564993924768,-0.1374310224129328
6.728813559322034,70.29653206300125,-11.857564993924768,-0.1374310224129328
6.796610169491526,70.29653206300125,-11.857564993924768,-0.1374310224129328
6.864406779661017,70.29653206300125,-11.857564993924768,-0.1374310224129328
6.932203389830509,70.29653206300125,-11.857564993924768,-0.1374310224129328
7.0,70.29653206300125,-11.857564993924768,-0.1374310224129328
3.0,71.96781330644507,12.852027103060742,-0.1374310224129328
3.0677966101694913,71.96781330644507,12.852027101346927,-0.1374310224129328
3.135593220338983,71.96781330644507,12.852027092993733,-0.1374310224129328
3.2033898305084745,71.96781330644507,12.852027052279839,-0.1374310224129328
3.2711864406779663,71.96781330644507,12.852026853838368,-0.1374310224129328
3.3389830508474576,71.96781330644507,12.852025886625157,-0.1374310224129328
3.406779661016949,71.96781330644507,12.852021172382535,-0.1374310224129328
3.4745762711864407,71.96781330644507,12.851998194963127,-0.1374310224129328
3.542372881355932,71.96781330644507,12.851886202527991,-0.1374310224129328
3.610169491525424,71.96781330644507,12.851340360546203,-0.1374310224129328
3.6779661016949152,71.96781330644507,12.848680245642022,-0.1374310224129328
3.7457627118644066,71.96781330644507,12.835722911992033,-0.1374310224129328
3.8135593220338984,71.96781330644507,12.77276229187132,-0.1374310224129328
3.8813559322033897,71.96781330644507,12.470428479267103,-0.1374310224129328
3.9491525423728815,71.96781330644507,11.097083485387136,-0.1374310224129328
4.016949152542373,71.96781330644507,6.143904067526133,-0.1374310224129328
4.084745762711864,71.96781330644507,-3.084407453058769,-0.1374310224129328
4.152542372881356,71.96781330644507,-9.351244259144622,-0.1374310224129328
4.220338983050848,71.96781330644507,-11.299822306755543,-0.1374310224129328
4.288135593220339,71.96781330644507,-11.742668049792965,-0.1374310224129328
4.3559322033898304,71.96781330644507,-11.835541288316696,-0.1374310224129328
4.423728813559322,71.96781330644507,-11.854682712691798,-0.1374310224129328
4.491525423728813,71.96781330644507,-11.85861359583503,-0.1374310224129328
4.559322033898305,71.96781330644507,-11.859420242965623,-0.1374310224129328
4.627118644067797,71.96781330644507,-11.859585747871,-0.1374310224129328
4.694915254237288,71.96781330644507,-11.859619704499815,-0.1374310224129328
4.762711864406779,71.96781330644507,-11.859626671334064,-0.1374310224129328
4.830508474576272,71.96781330644507,-11.859628100707864,-0.1374310224129328
4.898305084745763,71.96781330644507,-11.85962839397003,-0.1374310224129328
4.966101694915254,71.96781330644507,-11.859628454138123,-0.1374310224129328
5.033898305084746,71.96781330644507,-11.859628466482706,-0.1374310224129328
5.101694915254237,71.96781330644507,-11.859628469015423,-0.1374310224129328
5.169491525423728,71.96781330644507,-11.859628469535057,-0.1374310224129328
5.23728813559322,71.96781330644507,-11.859628469641669,-0.1374310224129328
5.305084745762712,71.96781330644507,-11.85962846966354,-0.1374310224129328
5.372881355932203,71.96781330644507,-11.85962846966803,-0.1374310224129328
5.4406779661016955,71.96781330644507,-11.85962846966895,-0.1374310224129328
5.508474576271187,71.96781330644507,-11.85962846966914,-0.1374310224129328
5.576271186440678,71.96781330644507,-11.859628469669177,-0.1374310224129328
5.6440677966101696,71.96781330644507,-11.859628469669186,-0.1374310224129328
5.711864406779661,71.96781330644507,-11.859628469669188,-0.1374310224129328
5.779661016949152,71.96781330644507,-11.859628469669188,-0.1374310224129328
5.847457627118644,71.96781330644507,-11.859628469669188,-0.1374310224129328
5.915254237288135,71.96781330644507,-11.859628469669188,-0.1374310224129328
5.983050847457627,71.96781330644507,-11.859628469669188,-0.1374310224129328
6.0508474576271185,71.96781330644507,-11.859628469669188,-0.1374310224129328
6.118644067796611,71.96781330644507,-11.859628469669188,-0.1374310224129328
6.186440677966102,71.96781330644507,-11.859628469669188,-0.1374310224129328
6.254237288135593,71.96781330644507,-11.859628469669188,-0.1374310224129328
6.322033898305085,71.96781330644507,-11.859628469669188,-0.1374310224129328
6.389830508474576,71.96781330644507,-11.859628469669188,-0.1374310224129328
6.4576271186440675,71.96781330644507,-11.859628469669188,-0.1374310224129328
6.525423728813559,71.96781330644507,-11.859628469669188,-0.1374310224129328
6.593220338983051,71.96781330644507,-11.859628469669188,-0.1374310224129328
6.661016949152542,71.96781330644507,-11.859628469669188,-0.1374310224129328
6.728813559322034,71.96781330644507,-11.859628469669188,-0.1374310224129328
6.796610169491526,71.96781330644507,-11.859628469669188,-0.1374310224129328
6.864406779661017,71.96781330644507,-11.859628469669188,-0.1374310224129328
6.932203389830509,71.96781330644507,-11.859628469669188,-0.1374310224129328
7.0,71.96781330644507,-11.859628469669188,-0.1374310224129328
3.0,73.67882881433572,12.914076966563336,-0.1374310224129328
3.0677966101694913,73.67882881433572,12.914076964845073,-0.1374310224129328
3.135593220338983,73.67882881433572,12.914076956470208,-0.1374310224129328
3.2033898305084745,73.67882881433572,12.914076915650684,-0.1374310224129328
3.2711864406779663,73.67882881433572,12.914076716694364,-0.1374310224129328
3.3389830508474576,73.67882881433572,12.91407574697176,-0.1374310224129328
3.406779661016949,73.67882881433572,12.914071020498238,-0.1374310224129328
3.4745762711864407,73.67882881433572,12.91404798346489,-0.1374310224129328
3.542372881355932,73.67882881433572,12.913935700470146,-0.1374310224129328
3.610169491525424,73.67882881433572,12.913388442324555,-0.1374310224129328
3.6779661016949152,73.67882881433572,12.910721425865404,-0.1374310224129328
3.7457627118644066,73.67882881433572,12.897730474964414,-0.1374310224129328
3.8135593220338984,73.67882881433572,12.834606506192895,-0.1374310224129328
3.8813559322033897,73.67882881433572,12.531488301371963,-0.1374310224129328
3.9491525423728815,73.67882881433572,11.15458022232206,-0.1374310224129328
4.016949152542373,73.67882881433572,6.188549991150148,-0.1374310224129328
4.084745762711864,73.67882881433572,-3.06370399113891,-0.1374310224129328
4.152542372881356,73.67882881433572,-9.346799838751613,-0.1374310224129328
4.220338983050848,73.67882881433572,-11.300433389222231,-0.1374310224129328
4.288135593220339,73.67882881433572,-11.74442807670305,-0.1374310224129328
4.3559322033898304,73.67882881433572,-11.837542270893671,-0.1374310224129328
4.423728813559322,73.67882881433572,-11.856733356880113,-0.1374310224129328
4.491525423728813,73.67882881433572,-11.860674438532456,-0.1374310224129328
4.559322033898305,73.67882881433572,-11.861483178474717,-0.1374310224129328
4.627118644067797,73.67882881433572,-11.861649112775533,-0.1374310224129328
4.694915254237288,73.67882881433572,-11.861683157503377,-0.1374310224129328
4.762711864406779,73.67882881433572,-11.861690142412781,-0.1374310224129328
4.830508474576272,73.67882881433572,-11.86169157549503,-0.1374310224129328
4.898305084745763,73.67882881433572,-11.861691869518053,-0.1374310224129328
4.966101694915254,73.67882881433572,-11.861691929842248,-0.1374310224129328
5.033898305084746,73.67882881433572,-11.86169194221886,-0.1374310224129328
5.101694915254237,73.67882881433572,-11.861691944758146,-0.1374310224129328
5.169491525423728,73.67882881433572,-11.861691945279128,-0.1374310224129328
5.23728813559322,73.67882881433572,-11.861691945386017,-0.1374310224129328
5.305084745762712,73.67882881433572,-11.861691945407946,-0.1374310224129328
5.372881355932203,73.67882881433572,-11.861691945412446,-0.1374310224129328
5.4406779661016955,73.67882881433572,-11.86169194541337,-0.1374310224129328
5.508474576271187,73.67882881433572,-11.86169194541356,-0.1374310224129328
5.576271186440678,73.67882881433572,-11.861691945413599,-0.1374310224129328
5.6440677966101696,73.67882881433572,-11.861691945413606,-0.1374310224129328
5.711864406779661,73.67882881433572,-11.861691945413607,-0.1374310224129328
5.779661016949152,73.67882881433572,-11.861691945413607,-0.1374310224129328
5.847457627118644,73.67882881433572,-11.861691945413607,-0.1374310224129328
5.915254237288135,73.67882881433572,-11.861691945413607,-0.1374310224129328
5.983050847457627,73.67882881433572,-11.861691945413607,-0.1374310224129328
6.0508474576271185,73.67882881433572,-11.861691945413607,-0.1374310224129328
6.118644067796611,73.67882881433572,-11.861691945413607,-0.1374310224129328
6.186440677966102,73.67882881433572,-11.861691945413607,-0.1374310224129328
6.254237288135593,73.67882881433572,-11.861691945413607,-0.1374310224129328
6.322033898305085,73.67882881433572,-11.861691945413607,-0.1374310224129328
6.389830508474576,73.67882881433572,-11.861691945413607,-0.1374310224129328
6.4576271186440675,73.67882881433572,-11.861691945413607,-0.1374310224129328
6.525423728813559,73.67882881433572,-11.861691945413607,-0.1374310224129328
6.593220338983051,73.67882881433572,-11.861691945413607,-0.1374310224129328
6.661016949152542,73.67882881433572,-11.861691945413607,-0.1374310224129328
6.728813559322034,73.67882881433572,-11.861691945413607,-0.1374310224129328
6.796610169491526,73.67882881433572,-11.861691945413607,-0.1374310224129328
6.864406779661017,73.67882881433572,-11.861691945413607,-0.1374310224129328
6.932203389830509,73.67882881433572,-11.861691945413607,-0.1374310224129328
7.0,73.67882881433572,-11.861691945413607,-0.1374310224129328
3.0,75.43052325818034,12.97612683006593,-0.1374310224129328
3.0677966101694913,75.43052325818034,12.97612682834322,-0.1374310224129328
3.135593220338983,75.43052325818034,12.976126819946682,-0.1374310224129328
3.2033898305084745,75.43052325818034,12.976126779021527,-0.1374310224129328
3.2711864406779663,75.43052325818034,12.97612657955036,-0.1374310224129328
3.3389830508474576,75.43052325818034,12.976125607318362,-0.1374310224129328
3.406779661016949,75.43052325818034,12.976120868613938,-0.1374310224129328
3.4745762711864407,75.43052325818034,12.976097771966653,-0.1374310224129328
3.542372881355932,75.43052325818034,12.9759851984123,-0.1374310224129328
3.610169491525424,75.43052325818034,12.975436524102905,-0.1374310224129328
3.6779661016949152,75.43052325818034,12.972762606088788,-0.1374310224129328
3.7457627118644066,75.43052325818034,12.959738037936795,-0.1374310224129328
3.8135593220338984,75.43052325818034,12.89645072051447,-0.1374310224129328
3.8813559322033897,75.43052325818034,12.592548123476826,-0.1374310224129328
3.9491525423728815,75.43052325818034,11.212076959256985,-0.1374310224129328
4.016949152542373,75.43052325818034,6.2331959147741625,-0.1374310224129328
4.084745762711864,75.43052325818034,-3.0430005292190514,-0.1374310224129328
4.152542372881356,75.43052325818034,-9.342355418358606,-0.1374310224129328
4.220338983050848,75.43052325818034,-11.30104447168892,-0.1374310224129328
4.288135593220339,75.43052325818034,-11.746188103613138,-0.1374310224129328
4.3559322033898304,75.43052325818034,-11.839543253470644,-0.1374310224129328
4.423728813559322,75.43052325818034,-11.858784001068429,-0.1374310224129328
4.491525423728813,75.43052325818034,-11.862735281229881,-0.1374310224129328
4.559322033898305,75.43052325818034,-11.863546113983812,-0.1374310224129328
4.627118644067797,75.43052325818034,-11.863712477680064,-0.1374310224129328
4.694915254237288,75.43052325818034,-11.863746610506938,-0.1374310224129328
4.762711864406779,75.43052325818034,-11.863753613491497,-0.1374310224129328
4.830508474576272,75.43052325818034,-11.863755050282196,-0.1374310224129328
4.898305084745763,75.43052325818034,-11.863755345066075,-0.1374310224129328
4.966101694915254,75.43052325818034,-11.863755405546373,-0.1374310224129328
5.033898305084746,75.43052325818034,-11.863755417955012,-0.1374310224129328
5.101694915254237,75.43052325818034,-11.86375542050087,-0.1374310224129328
5.169491525423728,75.43052325818034,-11.8637554210232,-0.1374310224129328
5.23728813559322,75.43052325818034,-11.863755421130366,-0.1374310224129328
5.305084745762712,75.43052325818034,-11.863755421152353,-0.1374310224129328
5.372881355932203,75.43052325818034,-11.863755421156863,-0.1374310224129328
5.4406779661016955,75.43052325818034,-11.863755421157789,-0.1374310224129328
5.508474576271187,75.43052325818034,-11.86375542115798,-0.1374310224129328
5.576271186440678,75.43052325818034,-11.863755421158018,-0.1374310224129328
5.6440677966101696,75.43052325818034,-11.863755421158027,-0.1374310224129328
5.711864406779661,75.43052325818034,-11.863755421158029,-0.1374310224129328
5.779661016949152,75.43052325818034,-11.863755421158029,-0.1374310224129328
5.847457627118644,75.43052325818034,-11.863755421158029,-0.1374310224129328
5.915254237288135,75.43052325818034,-11.863755421158029,-0.1374310224129328
5.983050847457627,75.43052325818034,-11.863755421158029,-0.1374310224129328
6.0508474576271185,75.43052325818034,-11.863755421158029,-0.1374310224129328
6.118644067796611,75.43052325818034,-11.863755421158029,-0.1374310224129328
6.186440677966102,75.43052325818034,-11.863755421158029,-0.1374310224129328
6.254237288135593,75.43052325818034,-11.863755421158029,-0.1374310224129328
6.322033898305085,75.43052325818034,-11.863755421158029,-0.1374310224129328
6.389830508474576,75.43052325818034,-11.863755421158029,-0.1374310224129328
6.4576271186440675,75.43052325818034,-11.863755421158029,-0.1374310224129328
6.525423728813559,75.43052325818034,-11.863755421158029,-0.1374310224129328
6.593220338983051,75.43052325818034,-11.863755421158029,-0.1374310224129328
6.661016949152542,75.43052325818034,-11.863755421158029,-0.1374310224129328
6.728813559322034,75.43052325818034,-11.863755421158029,-0.1374310224129328
6.796610169491526,75.43052325818034,-11.863755421158029,-0.1374310224129328
6.864406779661017,75.43052325818034,-11.863755421158029,-0.1374310224129328
6.932203389830509,75.43052325818034,-11.863755421158029,-0.1374310224129328
7.0,75.43052325818034,-11.863755421158029,-0.1374310224129328
3.0,77.22386376879851,13.038176693568522,-0.1374310224129328
3.0677966101694913,77.22386376879851,13.038176691841368,-0.1374310224129328
3.135593220338983,77.22386376879851,13.038176683423158,-0.1374310224129328
3.2033898305084745,77.22386376879851,13.038176642392372,-0.1374310224129328
3.2711864406779663,77.22386376879851,13.038176442406357,-0.1374310224129328
3.3389830508474576,77.22386376879851,13.038175467664965,-0.1374310224129328
3.406779661016949,77.22386376879851,13.03817071672964,-0.1374310224129328
3.4745762711864407,77.22386376879851,13.038147560468417,-0.1374310224129328
3.542372881355932,77.22386376879851,13.038034696354455,-0.1374310224129328
3.610169491525424,77.22386376879851,13.037484605881255,-0.1374310224129328
3.6779661016949152,77.22386376879851,13.03480378631217,-0.1374310224129328
3.7457627118644066,77.22386376879851,13.021745600909178,-0.1374310224129328
3.8135593220338984,77.22386376879851,12.958294934836045,-0.1374310224129328
3.8813559322033897,77.22386376879851,12.653607945581689,-0.1374310224129328
3.9491525423728815,77.22386376879851,11.269573696191909,-0.1374310224129328
4.016949152542373,77.22386376879851,6.277841838398177,-0.1374310224129328
4.084745762711864,77.22386376879851,-3.022297067299193,-0.1374310224129328
4.152542372881356,77.22386376879851,-9.337910997965599,-0.1374310224129328
4.220338983050848,77.22386376879851,-11.301655554155609,-0.1374310224129328
4.288135593220339,77.22386376879851,-11.747948130523223,-0.1374310224129328
4.3559322033898304,77.22386376879851,-11.84154423604762,-0.1374310224129328
4.423728813559322,77.22386376879851,-11.860834645256745,-0.1374310224129328
4.491525423728813,77.22386376879851,-11.864796123927308,-0.1374310224129328
4.559322033898305,77.22386376879851,-11.865609049492907,-0.1374310224129328
4.627118644067797,77.22386376879851,-11.865775842584597,-0.1374310224129328
4.694915254237288,77.22386376879851,-11.8658100635105,-0.1374310224129328
4.762711864406779,77.22386376879851,-11.865817084570214,-0.1374310224129328
4.830508474576272,77.22386376879851,-11.865818525069361,-0.1374310224129328
4.898305084745763,77.22386376879851,-11.865818820614097,-0.1374310224129328
4.966101694915254,77.22386376879851,-11.8658188812505,-0.1374310224129328
5.033898305084746,77.22386376879851,-11.865818893691165,-0.1374310224129328
5.101694915254237,77.22386376879851,-11.865818896243594,-0.1374310224129328
5.169491525423728,77.22386376879851,-11.865818896767273,-0.1374310224129328
5.23728813559322,77.22386376879851,-11.865818896874714,-0.1374310224129328
5.305084745762712,77.22386376879851,-11.865818896896759,-0.1374310224129328
5.372881355932203,77.22386376879851,-11.865818896901281,-0.1374310224129328
5.4406779661016955,77.22386376879851,-11.865818896902208,-0.1374310224129328
5.508474576271187,77.22386376879851,-11.8658188969024,-0.1374310224129328
5.576271186440678,77.22386376879851,-11.865818896902438,-0.1374310224129328
5.6440677966101696,77.22386376879851,-11.865818896902447,-0.1374310224129328
5.711864406779661,77.22386376879851,-11.865818896902448,-0.1374310224129328
5.779661016949152,77.22386376879851,-11.865818896902448,-0.1374310224129328
5.847457627118644,77.22386376879851,-11.865818896902448,-0.1374310224129328
5.915254237288135,77.22386376879851,-11.865818896902448,-0.1374310224129328
5.983050847457627,77.22386376879851,-11.865818896902448,-0.1374310224129328
6.0508474576271185,77.22386376879851,-11.865818896902448,-0.1374310224129328
6.118644067796611,77.22386376879851,-11.865818896902448,-0.1374310224129328
6.186440677966102,77.22386376879851,-11.865818896902448,-0.1374310224129328
6.254237288135593,77.22386376879851,-11.865818896902448,-0.1374310224129328
6.322033898305085,77.22386376879851,-11.865818896902448,-0.1374310224129328
6.389830508474576,77.22386376879851,-11.865818896902448,-0.1374310224129328
6.4576271186440675,77.22386376879851,-11.865818896902448,-0.1374310224129328
6.525423728813559,77.22386376879851,-11.865818896902448,-0.1374310224129328
6.593220338983051,77.22386376879851,-11.865818896902448,-0.1374310224129328
6.661016949152542,77.22386376879851,-11.865818896902448,-0.1374310224129328
6.728813559322034,77.22386376879851,-11.865818896902448,-0.1374310224129328
6.796610169491526,77.22386376879851,-11.865818896902448,-0.1374310224129328
6.864406779661017,77.22386376879851,-11.865818896902448,-0.1374310224129328
6.932203389830509,77.22386376879851,-11.865818896902448,-0.1374310224129328
7.0,77.22386376879851,-11.865818896902448,-0.1374310224129328
3.0,79.0598404702862,13.100226557071117,-0.1374310224129328
3.0677966101694913,79.0598404702862,13.100226555339516,-0.1374310224129328
3.135593220338983,79.0598404702862,13.100226546899634,-0.1374310224129328
3.2033898305084745,79.0598404702862,13.100226505763219,-0.1374310224129328
3.2711864406779663,79.0598404702862,13.100226305262355,-0.1374310224129328
3.3389830508474576,79.0598404702862,13.10022532801157,-0.1374310224129328
3.406779661016949,79.0598404702862,13.100220564845342,-0.1374310224129328
3.4745762711864407,79.0598404702862,13.100197348970184,-0.1374310224129328
3.542372881355932,79.0598404702862,13.100084194296612,-0.1374310224129328
3.610169491525424,79.0598404702862,13.099532687659607,-0.1374310224129328
3.6779661016949152,79.0598404702862,13.096844966535553,-0.1374310224129328
3.7457627118644066,79.0598404702862,13.08375316388156,-0.1374310224129328
3.8135593220338984,79.0598404702862,13.020139149157622,-0.1374310224129328
3.8813559322033897,79.0598404702862,12.714667767686553,-0.1374310224129328
3.9491525423728815,79.0598404702862,11.327070433126835,-0.1374310224129328
4.016949152542373,79.0598404702862,6.3224877620221935,-0.1374310224129328
4.084745762711864,79.0598404702862,-3.001593605379334,-0.1374310224129328
4.152542372881356,79.0598404702862,-9.33346657757259,-0.1374310224129328
4.220338983050848,79.0598404702862,-11.302266636622297,-0.1374310224129328
4.288135593220339,79.0598404702862,-11.74970815743331,-0.1374310224129328
4.3559322033898304,79.0598404702862,-11.843545218624595,-0.1374310224129328
4.423728813559322,79.0598404702862,-11.86288528944506,-0.1374310224129328
4.491525423728813,79.0598404702862,-11.866856966624734,-0.1374310224129328
4.559322033898305,79.0598404702862,-11.867671985002001,-0.1374310224129328
4.627118644067797,79.0598404702862,-11.867839207489128,-0.1374310224129328
4.694915254237288,79.0598404702862,-11.86787351651406,-0.1374310224129328
4.762711864406779,79.0598404702862,-11.867880555648929,-0.1374310224129328
4.830508474576272,79.0598404702862,-11.867881999856527,-0.1374310224129328
4.898305084745763,79.0598404702862,-11.867882296162119,-0.1374310224129328
4.966101694915254,79.0598404702862,-11.867882356954624,-0.1374310224129328
5.033898305084746,79.0598404702862,-11.867882369427319,-0.1374310224129328
5.101694915254237,79.0598404702862,-11.867882371986319,-0.1374310224129328
5.169491525423728,79.0598404702862,-11.867882372511344,-0.1374310224129328
5.23728813559322,79.0598404702862,-11.867882372619063,-0.1374310224129328
5.305084745762712,79.0598404702862,-11.867882372641164,-0.1374310224129328
5.372881355932203,79.0598404702862,-11.867882372645697,-0.1374310224129328
5.4406779661016955,79.0598404702862,-11.867882372646628,-0.1374310224129328
5.508474576271187,79.0598404702862,-11.86788237264682,-0.1374310224129328
5.576271186440678,79.0598404702862,-11.867882372646859,-0.1374310224129328
5.6440677966101696,79.0598404702862,-11.867882372646866,-0.1374310224129328
5.711864406779661,79.0598404702862,-11.867882372646868,-0.1374310224129328
5.779661016949152,79.0598404702862,-11.867882372646868,-0.1374310224129328
5.847457627118644,79.0598404702862,-11.867882372646868,-0.1374310224129328
5.915254237288135,79.0598404702862,-11.867882372646868,-0.1374310224129328
5.983050847457627,79.0598404702862,-11.867882372646868,-0.1374310224129328
6.0508474576271185,79.0598404702862,-11.867882372646868,-0.1374310224129328
6.118644067796611,79.0598404702862,-11.867882372646868,-0.1374310224129328
6.186440677966102,79.0598404702862,-11.867882372646868,-0.1374310224129328
6.254237288135593,79.0598404702862,-11.867882372646868,-0.1374310224129328
6.322033898305085,79.0598404702862,-11.867882372646868,-0.1374310224129328
6.389830508474576,79.0598404702862,-11.867882372646868,-0.1374310224129328
6.4576271186440675,79.0598404702862,-11.867882372646868,-0.1374310224129328
6.525423728813559,79.0598404702862,-11.867882372646868,-0.1374310224129328
6.593220338983051,79.0598404702862,-11.867882372646868,-0.1374310224129328
6.661016949152542,79.0598404702862,-11.867882372646868,-0.1374310224129328
6.728813559322034,79.0598404702862,-11.867882372646868,-0.1374310224129328
6.796610169491526,79.0598404702862,-11.867882372646868,-0.1374310224129328
6.864406779661017,79.0598404702862,-11.867882372646868,-0.1374310224129328
6.932203389830509,79.0598404702862,-11.867882372646868,-0.1374310224129328
7.0,79.0598404702862,-11.867882372646868,-0.1374310224129328
3.0,80.9394670266749,13.16227642057371,-0.1374310224129328
3.0677966101694913,80.9394670266749,13.162276418837662,-0.1374310224129328
3.135593220338983,80.9394670266749,13.162276410376109,-0.1374310224129328
3.2033898305084745,80.9394670266749,13.162276369134062,-0.1374310224129328
3.2711864406779663,80.9394670266749,13.16227616811835,-0.1374310224129328
3.3389830508474576,80.9394670266749,13.162275188358171,-0.1374310224129328
3.406779661016949,80.9394670266749,13.162270412961043,-0.1374310224129328
3.4745762711864407,80.9394670266749,13.162247137471946,-0.1374310224129328
3.542372881355932,80.9394670266749,13.162133692238765,-0.1374310224129328
3.610169491525424,80.9394670266749,13.161580769437958,-0.1374310224129328
3.6779661016949152,80.9394670266749,13.158886146758935,-0.1374310224129328
3.7457627118644066,80.9394670266749,13.145760726853942,-0.1374310224129328
3.8135593220338984,80.9394670266749,13.081983363479196,-0.1374310224129328
3.8813559322033897,80.9394670266749,12.775727589791414,-0.1374310224129328
3.9491525423728815,80.9394670266749,11.384567170061757,-0.1374310224129328
4.016949152542373,80.9394670266749,6.367133685646207,-0.1374310224129328
4.084745762711864,80.9394670266749,-2.980890143459476,-0.1374310224129328
4.152542372881356,80.9394670266749,-9.329022157179583,-0.1374310224129328
4.220338983050848,80.9394670266749,-11.302877719088986,-0.1374310224129328
4.288135593220339,80.9394670266749,-11.751468184343397,-0.1374310224129328
4.3559322033898304,80.9394670266749,-11.84554620120157,-0.1374310224129328
4.423728813559322,80.9394670266749,-11.864935933633376,-0.1374310224129328
4.491525423728813,80.9394670266749,-11.868917809322161,-0.1374310224129328
4.559322033898305,80.9394670266749,-11.869734920511096,-0.1374310224129328
4.627118644067797,80.9394670266749,-11.869902572393661,-0.1374310224129328
4.694915254237288,80.9394670266749,-11.869936969517621,-0.1374310224129328
4.762711864406779,80.9394670266749,-11.869944026727646,-0.1374310224129328
4.830508474576272,80.9394670266749,-11.869945474643693,-0.1374310224129328
4.898305084745763,80.9394670266749,-11.86994577171014,-0.1374310224129328
4.966101694915254,80.9394670266749,-11.86994583265875,-0.1374310224129328
5.033898305084746,80.9394670266749,-11.869945845163471,-0.1374310224129328
5.101694915254237,80.9394670266749,-11.869945847729042,-0.1374310224129328
5.169491525423728,80.9394670266749,-11.869945848255417,-0.1374310224129328
5.23728813559322,80.9394670266749,-11.869945848363413,-0.1374310224129328
5.305084745762712,80.9394670266749,-11.86994584838557,-0.1374310224129328
5.372881355932203,80.9394670266749,-11.869945848390115,-0.1374310224129328
5.4406779661016955,80.9394670266749,-11.869945848391048,-0.1374310224129328
5.508474576271187,80.9394670266749,-11.86994584839124,-0.1374310224129328
5.576271186440678,80.9394670266749,-11.869945848391279,-0.1374310224129328
5.6440677966101696,80.9394670266749,-11.869945848391287,-0.1374310224129328
5.711864406779661,80.9394670266749,-11.86994584839129,-0.1374310224129328
5.779661016949152,80.9394670266749,-11.86994584839129,-0.1374310224129328
5.847457627118644,80.9394670266749,-11.86994584839129,-0.1374310224129328
5.915254237288135,80.9394670266749,-11.86994584839129,-0.1374310224129328
5.983050847457627,80.9394670266749,-11.86994584839129,-0.1374310224129328
6.0508474576271185,80.9394670266749,-11.86994584839129,-0.1374310224129328
6.118644067796611,80.9394670266749,-11.86994584839129,-0.1374310224129328
6.186440677966102,80.9394670266749,-11.86994584839129,-0.1374310224129328
6.254237288135593,80.9394670266749,-11.86994584839129,-0.1374310224129328
6.322033898305085,80.9394670266749,-11.86994584839129,-0.1374310224129328
6.389830508474576,80.9394670266749,-11.86994584839129,-0.1374310224129328
6.4576271186440675,80.9394670266749,-11.86994584839129,-0.1374310224129328
6.525423728813559,80.9394670266749,-11.86994584839129,-0.1374310224129328
6.593220338983051,80.9394670266749,-11.86994584839129,-0.1374310224129328
6.661016949152542,80.9394670266749,-11.86994584839129,-0.1374310224129328
6.728813559322034,80.9394670266749,-11.86994584839129,-0.1374310224129328
6.796610169491526,80.9394670266749,-11.86994584839129,-0.1374310224129328
6.864406779661017,80.9394670266749,-11.86994584839129,-0.1374310224129328
6.932203389830509,80.9394670266749,-11.86994584839129,-0.1374310224129328
7.0,80.9394670266749,-11.86994584839129,-0.1374310224129328
3.0,82.86378120158736,13.224326284076303,-0.1374310224129328
3.0677966101694913,82.86378120158736,13.22432628233581,-0.1374310224129328
3.135593220338983,82.86378120158736,13.224326273852583,-0.1374310224129328
3.2033898305084745,82.86378120158736,13.224326232504906,-0.1374310224129328
3.2711864406779663,82.86378120158736,13.224326030974346,-0.1374310224129328
3.3389830508474576,82.86378120158736,13.224325048704774,-0.1374310224129328
3.406779661016949,82.86378120158736,13.224320261076743,-0.1374310224129328
3.4745762711864407,82.86378120158736,13.224296925973709,-0.1374310224129328
3.542372881355932,82.86378120158736,13.224183190180918,-0.1374310224129328
3.610169491525424,82.86378120158736,13.223628851216308,-0.1374310224129328
3.6779661016949152,82.86378120158736,13.220927326982318,-0.1374310224129328
3.7457627118644066,82.86378120158736,13.207768289826323,-0.1374310224129328
3.8135593220338984,82.86378120158736,13.14382757780077,-0.1374310224129328
3.8813559322033897,82.86378120158736,12.836787411896276,-0.1374310224129328
3.9491525423728815,82.86378120158736,11.442063906996681,-0.1374310224129328
4.016949152542373,82.86378120158736,6.411779609270222,-0.1374310224129328
4.084745762711864,82.86378120158736,-2.960186681539617,-0.1374310224129328
4.152542372881356,82.86378120158736,-9.324577736786576,-0.1374310224129328
4.220338983050848,82.86378120158736,-11.303488801555675,-0.1374310224129328
4.288135593220339,82.86378120158736,-11.753228211253484,-0.1374310224129328
4.3559322033898304,82.86378120158736,-11.847547183778545,-0.1374310224129328
4.423728813559322,82.86378120158736,-11.86698657782169,-0.1374310224129328
4.491525423728813,82.86378120158736,-11.870978652019586,-0.1374310224129328
4.559322033898305,82.86378120158736,-11.871797856020192,-0.1374310224129328
4.627118644067797,82.86378120158736,-11.871965937298192,-0.1374310224129328
4.694915254237288,82.86378120158736,-11.872000422521182,-0.1374310224129328
4.762711864406779,82.86378120158736,-11.872007497806361,-0.1374310224129328
4.830508474576272,82.86378120158736,-11.872008949430858,-0.1374310224129328
4.898305084745763,82.86378120158736,-11.872009247258163,-0.1374310224129328
4.966101694915254,82.86378120158736,-11.872009308362875,-0.1374310224129328
5.033898305084746,82.86378120158736,-11.872009320899624,-0.1374310224129328
5.101694915254237,82.86378120158736,-11.872009323471767,-0.1374310224129328
5.169491525423728,82.86378120158736,-11.872009323999489,-0.1374310224129328
5.23728813559322,82.86378120158736,-11.872009324107761,-0.1374310224129328
5.305084745762712,82.86378120158736,-11.872009324129975,-0.1374310224129328
5.372881355932203,82.86378120158736,-11.872009324134533,-0.1374310224129328
5.4406779661016955,82.86378120158736,-11.872009324135467,-0.1374310224129328
5.508474576271187,82.86378120158736,-11.87200932413566,-0.1374310224129328
5.576271186440678,82.86378120158736,-11.872009324135698,-0.1374310224129328
5.6440677966101696,82.86378120158736,-11.872009324135707,-0.1374310224129328
5.711864406779661,82.86378120158736,-11.872009324135709,-0.1374310224129328
5.779661016949152,82.86378120158736,-11.872009324135709,-0.1374310224129328
5.847457627118644,82.86378120158736,-11.872009324135709,-0.1374310224129328
5.915254237288135,82.86378120158736,-11.872009324135709,-0.1374310224129328
5.983050847457627,82.86378120158736,-11.872009324135709,-0.1374310224129328
6.0508474576271185,82.86378120158736,-11.872009324135709,-0.1374310224129328
6.118644067796611,82.86378120158736,-11.872009324135709,-0.1374310224129328
6.186440677966102,82.86378120158736,-11.872009324135709,-0.1374310224129328
6.254237288135593,82.86378120158736,-11.872009324135709,-0.1374310224129328
6.322033898305085,82.86378120158736,-11.872009324135709,-0.1374310224129328
6.389830508474576,82.86378120158736,-11.872009324135709,-0.1374310224129328
6.4576271186440675,82.86378120158736,-11.872009324135709,-0.1374310224129328
6.525423728813559,82.86378120158736,-11.872009324135709,-0.1374310224129328
6.593220338983051,82.86378120158736,-11.872009324135709,-0.1374310224129328
6.661016949152542,82.86378120158736,-11.872009324135709,-0.1374310224129328
6.728813559322034,82.86378120158736,-11.872009324135709,-0.1374310224129328
6.796610169491526,82.86378120158736,-11.872009324135709,-0.1374310224129328
6.864406779661017,82.86378120158736,-11.872009324135709,-0.1374310224129328
6.932203389830509,82.86378120158736,-11.872009324135709,-0.1374310224129328
7.0,82.86378120158736,-11.872009324135709,-0.1374310224129328
3.0,84.83384543119868,13.286376147578897,-0.1374310224129328
3.0677966101694913,84.83384543119868,13.286376145833957,-0.1374310224129328
3.135593220338983,84.83384543119868,13.286376137329059,-0.1374310224129328
3.2033898305084745,84.83384543119868,13.286376095875752,-0.1374310224129328
3.2711864406779663,84.83384543119868,13.286375893830344,-0.1374310224129328
3.3389830508474576,84.83384543119868,13.286374909051379,-0.1374310224129328
3.406779661016949,84.83384543119868,13.286370109192447,-0.1374310224129328
3.4745762711864407,84.83384543119868,13.286346714475474,-0.1374310224129328
3.542372881355932,84.83384543119868,13.286232688123075,-0.1374310224129328
3.610169491525424,84.83384543119868,13.285676932994662,-0.1374310224129328
3.6779661016949152,84.83384543119868,13.282968507205702,-0.1374310224129328
3.7457627118644066,84.83384543119868,13.269775852798706,-0.1374310224129328
3.8135593220338984,84.83384543119868,13.205671792122347,-0.1374310224129328
3.8813559322033897,84.83384543119868,12.897847234001139,-0.1374310224129328
3.9491525423728815,84.83384543119868,11.499560643931607,-0.1374310224129328
4.016949152542373,84.83384543119868,6.4564255328942375,-0.1374310224129328
4.084745762711864,84.83384543119868,-2.939483219619758,-0.1374310224129328
4.152542372881356,84.83384543119868,-9.320133316393568,-0.1374310224129328
4.220338983050848,84.83384543119868,-11.304099884022364,-0.1374310224129328
4.288135593220339,84.83384543119868,-11.75498823816357,-0.1374310224129328
4.3559322033898304,84.83384543119868,-11.84954816635552,-0.1374310224129328
4.423728813559322,84.83384543119868,-11.869037222010006,-0.1374310224129328
4.491525423728813,84.83384543119868,-11.873039494717013,-0.1374310224129328
4.559322033898305,84.83384543119868,-11.873860791529287,-0.1374310224129328
4.627118644067797,84.83384543119868,-11.874029302202725,-0.1374310224129328
4.694915254237288,84.83384543119868,-11.874063875524744,-0.1374310224129328
4.762711864406779,84.83384543119868,-11.874070968885079,-0.1374310224129328
4.830508474576272,84.83384543119868,-11.874072424218024,-0.1374310224129328
4.898305084745763,84.83384543119868,-11.874072722806185,-0.1374310224129328
4.966101694915254,84.83384543119868,-11.874072784067002,-0.1374310224129328
5.033898305084746,84.83384543119868,-11.874072796635778,-0.1374310224129328
5.101694915254237,84.83384543119868,-11.87407279921449,-0.1374310224129328
5.169491525423728,84.83384543119868,-11.874072799743562,-0.1374310224129328
5.23728813559322,84.83384543119868,-11.87407279985211,-0.1374310224129328
5.305084745762712,84.83384543119868,-11.87407279987438,-0.1374310224129328
5.372881355932203,84.83384543119868,-11.874072799878949,-0.1374310224129328
5.4406779661016955,84.83384543119868,-11.874072799879887,-0.1374310224129328
5.508474576271187,84.83384543119868,-11.87407279988008,-0.1374310224129328
5.576271186440678,84.83384543119868,-11.87407279988012,-0.1374310224129328
5.6440677966101696,84.83384543119868,-11.874072799880128,-0.1374310224129328
5.711864406779661,84.83384543119868,-11.87407279988013,-0.1374310224129328
5.779661016949152,84.83384543119868,-11.87407279988013,-0.1374310224129328
5.847457627118644,84.83384543119868,-11.87407279988013,-0.1374310224129328
5.915254237288135,84.83384543119868,-11.87407279988013,-0.1374310224129328
5.983050847457627,84.83384543119868,-11.87407279988013,-0.1374310224129328
6.0508474576271185,84.83384543119868,-11.87407279988013,-0.1374310224129328
6.118644067796611,84.83384543119868,-11.87407279988013,-0.1374310224129328
6.186440677966102,84.83384543119868,-11.87407279988013,-0.1374310224129328
6.254237288135593,84.83384543119868,-11.87407279988013,-0.1374310224129328
6.322033898305085,84.83384543119868,-11.87407279988013,-0.1374310224129328
6.389830508474576,84.83384543119868,-11.87407279988013,-0.1374310224129328
6.4576271186440675,84.83384543119868,-11.87407279988013,-0.1374310224129328
6.525423728813559,84.83384543119868,-11.87407279988013,-0.1374310224129328
6.593220338983051,84.83384543119868,-11.87407279988013,-0.1374310224129328
6.661016949152542,84.83384543119868,-11.87407279988013,-0.1374310224129328
6.728813559322034,84.83384543119868,-11.87407279988013,-0.1374310224129328
6.796610169491526,84.83384543119868,-11.87407279988013,-0.1374310224129328
6.864406779661017,84.83384543119868,-11.87407279988013,-0.1374310224129328
6.932203389830509,84.83384543119868,-11.87407279988013,-0.1374310224129328
7.0,84.83384543119868,-11.87407279988013,-0.1374310224129328
3.0,86.85074741081986,13.34842601108149,-0.1374310224129328
3.0677966101694913,86.85074741081986,13.348426009332103,-0.1374310224129328
3.135593220338983,86.85074741081986,13.348426000805533,-0.1374310224129328
3.2033898305084745,86.85074741081986,13.348425959246596,-0.1374310224129328
3.2711864406779663,86.85074741081986,13.348425756686341,-0.1374310224129328
3.3389830508474576,86.85074741081986,13.348424769397981,-0.1374310224129328
3.406779661016949,86.85074741081986,13.348419957308145,-0.1374310224129328
3.4745762711864407,86.85074741081986,13.348396502977238,-0.1374310224129328
3.542372881355932,86.85074741081986,13.348282186065228,-0.1374310224129328
3.610169491525424,86.85074741081986,13.34772501477301,-0.1374310224129328
3.6779661016949152,86.85074741081986,13.345009687429084,-0.1374310224129328
3.7457627118644066,86.85074741081986,13.331783415771087,-0.1374310224129328
3.8135593220338984,86.85074741081986,13.267516006443921,-0.1374310224129328
3.8813559322033897,86.85074741081986,12.958907056106,-0.1374310224129328
3.9491525423728815,86.85074741081986,11.55705738086653,-0.1374310224129328
4.016949152542373,86.85074741081986,6.501071456518251,-0.1374310224129328
4.084745762711864,86.85074741081986,-2.9187797576999,-0.1374310224129328
4.152542372881356,86.85074741081986,-9.31568889600056,-0.1374310224129328
4.220338983050848,86.85074741081986,-11.304710966489052,-0.1374310224129328
4.288135593220339,86.85074741081986,-11.756748265073657,-0.1374310224129328
4.3559322033898304,86.85074741081986,-11.851549148932495,-0.1374310224129328
4.423728813559322,86.85074741081986,-11.871087866198321,-0.1374310224129328
4.491525423728813,86.85074741081986,-11.87510033741444,-0.1374310224129328
4.559322033898305,86.85074741081986,-11.875923727038382,-0.1374310224129328
4.627118644067797,86.85074741081986,-11.876092667107256,-0.1374310224129328
4.694915254237288,86.85074741081986,-11.876127328528304,-0.1374310224129328
4.762711864406779,86.85074741081986,-11.876134439963794,-0.1374310224129328
4.830508474576272,86.85074741081986,-11.87613589900519,-0.1374310224129328
4.898305084745763,86.85074741081986,-11.876136198354207,-0.1374310224129328
4.966101694915254,86.85074741081986,-11.876136259771126,-0.1374310224129328
5.033898305084746,86.85074741081986,-11.87613627237193,-0.1374310224129328
5.101694915254237,86.85074741081986,-11.876136274957215,-0.1374310224129328
5.169491525423728,86.85074741081986,-11.876136275487633,-0.1374310224129328
5.23728813559322,86.85074741081986,-11.876136275596458,-0.1374310224129328
5.305084745762712,86.85074741081986,-11.876136275618785,-0.1374310224129328
5.372881355932203,86.85074741081986,-11.876136275623367,-0.1374310224129328
5.4406779661016955,86.85074741081986,-11.876136275624306,-0.1374310224129328
5.508474576271187,86.85074741081986,-11.8761362756245,-0.1374310224129328
5.576271186440678,86.85074741081986,-11.876136275624539,-0.1374310224129328
5.6440677966101696,86.85074741081986,-11.876136275624548,-0.1374310224129328
5.711864406779661,86.85074741081986,-11.87613627562455,-0.1374310224129328
5.779661016949152,86.85074741081986,-11.87613627562455,-0.1374310224129328
5.847457627118644,86.85074741081986,-11.87613627562455,-0.1374310224129328
5.915254237288135,86.85074741081986,-11.87613627562455,-0.1374310224129328
5.983050847457627,86.85074741081986,-11.87613627562455,-0.1374310224129328
6.0508474576271185,86.85074741081986,-11.87613627562455,-0.1374310224129328
6.118644067796611,86.85074741081986,-11.87613627562455,-0.1374310224129328
6.186440677966102,86.85074741081986,-11.87613627562455,-0.1374310224129328
6.254237288135593,86.85074741081986,-11.87613627562455,-0.1374310224129328
6.322033898305085,86.85074741081986,-11.87613627562455,-0.1374310224129328
6.389830508474576,86.85074741081986,-11.87613627562455,-0.1374310224129328
6.4576271186440675,86.85074741081986,-11.87613627562455,-0.1374310224129328
6.525423728813559,86.85074741081986,-11.87613627562455,-0.1374310224129328
6.593220338983051,86.85074741081986,-11.87613627562455,-0.1374310224129328
6.661016949152542,86.85074741081986,-11.87613627562455,-0.1374310224129328
6.728813559322034,86.85074741081986,-11.87613627562455,-0.1374310224129328
6.796610169491526,86.85074741081986,-11.87613627562455,-0.1374310224129328
6.864406779661017,86.85074741081986,-11.87613627562455,-0.1374310224129328
6.932203389830509,86.85074741081986,-11.87613627562455,-0.1374310224129328
7.0,86.85074741081986,-11.87613627562455,-0.1374310224129328
3.0,88.91560069542702,13.410475874584085,-0.1374310224129328
3.0677966101694913,88.91560069542702,13.410475872830252,-0.1374310224129328
3.135593220338983,88.91560069542702,13.41047586428201,-0.1374310224129328
3.2033898305084745,88.91560069542702,13.41047582261744,-0.1374310224129328
3.2711864406779663,88.91560069542702,13.41047561954234,-0.1374310224129328
3.3389830508474576,88.91560069542702,13.410474629744584,-0.1374310224129328
3.406779661016949,88.91560069542702,13.410469805423848,-0.1374310224129328
3.4745762711864407,88.91560069542702,13.410446291479003,-0.1374310224129328
3.542372881355932,88.91560069542702,13.410331684007383,-0.1374310224129328
3.610169491525424,88.91560069542702,13.409773096551362,-0.1374310224129328
3.6779661016949152,88.91560069542702,13.407050867652467,-0.1374310224129328
3.7457627118644066,88.91560069542702,13.39379097874347,-0.1374310224129328
3.8135593220338984,88.91560069542702,13.329360220765498,-0.1374310224129328
3.8813559322033897,88.91560069542702,13.019966878210864,-0.1374310224129328
3.9491525423728815,88.91560069542702,11.614554117801456,-0.1374310224129328
4.016949152542373,88.91560069542702,6.545717380142267,-0.1374310224129328
4.084745762711864,88.91560069542702,-2.898076295780041,-0.1374310224129328
4.152542372881356,88.91560069542702,-9.311244475607554,-0.1374310224129328
4.220338983050848,88.91560069542702,-11.30532204895574,-0.1374310224129328
4.288135593220339,88.91560069542702,-11.758508291983743,-0.1374310224129328
4.3559322033898304,88.91560069542702,-11.85355013150947,-0.1374310224129328
4.423728813559322,88.91560069542702,-11.873138510386637,-0.1374310224129328
4.491525423728813,88.91560069542702,-11.877161180111864,-0.1374310224129328
4.559322033898305,88.91560069542702,-11.877986662547476,-0.1374310224129328
4.627118644067797,88.91560069542702,-11.87815603201179,-0.1374310224129328
4.694915254237288,88.91560069542702,-11.878190781531865,-0.1374310224129328
4.762711864406779,88.91560069542702,-11.87819791104251,-0.1374310224129328
4.830508474576272,88.91560069542702,-11.878199373792356,-0.1374310224129328
4.898305084745763,88.91560069542702,-11.878199673902229,-0.1374310224129328
4.966101694915254,88.91560069542702,-11.878199735475253,-0.1374310224129328
5.033898305084746,88.91560069542702,-11.878199748108083,-0.1374310224129328
5.101694915254237,88.91560069542702,-11.878199750699938,-0.1374310224129328
5.169491525423728,88.91560069542702,-11.878199751231707,-0.1374310224129328
5.23728813559322,88.91560069542702,-11.878199751340807,-0.1374310224129328
5.305084745762712,88.91560069542702,-11.87819975136319,-0.1374310224129328
5.372881355932203,88.91560069542702,-11.878199751367784,-0.1374310224129328
5.4406779661016955,88.91560069542702,-11.878199751368726,-0.1374310224129328
5.508474576271187,88.91560069542702,-11.878199751368921,-0.1374310224129328
5.576271186440678,88.91560069542702,-11.878199751368959,-0.1374310224129328
5.6440677966101696,88.91560069542702,-11.878199751368967,-0.1374310224129328
5.711864406779661,88.91560069542702,-11.87819975136897,-0.1374310224129328
5.779661016949152,88.91560069542702,-11.87819975136897,-0.1374310224129328
5.847457627118644,88.91560069542702,-11.87819975136897,-0.1374310224129328
5.915254237288135,88.91560069542702,-11.87819975136897,-0.1374310224129328
5.983050847457627,88.91560069542702,-11.87819975136897,-0.1374310224129328
6.0508474576271185,88.91560069542702,-11.87819975136897,-0.1374310224129328
6.118644067796611,88.91560069542702,-11.87819975136897,-0.1374310224129328
6.186440677966102,88.91560069542702,-11.87819975136897,-0.1374310224129328
6.254237288135593,88.91560069542702,-11.87819975136897,-0.1374310224129328
6.322033898305085,88.91560069542702,-11.87819975136897,-0.1374310224129328
6.389830508474576,88.91560069542702,-11.87819975136897,-0.1374310224129328
6.4576271186440675,88.91560069542702,-11.87819975136897,-0.1374310224129328
6.525423728813559,88.91560069542702,-11.87819975136897,-0.1374310224129328
6.593220338983051,88.91560069542702,-11.87819975136897,-0.1374310224129328
6.661016949152542,88.91560069542702,-11.87819975136897,-0.1374310224129328
6.728813559322034,88.91560069542702,-11.87819975136897,-0.1374310224129328
6.796610169491526,88.91560069542702,-11.87819975136897,-0.1374310224129328
6.864406779661017,88.91560069542702,-11.87819975136897,-0.1374310224129328
6.932203389830509,88.91560069542702,-11.87819975136897,-0.1374310224129328
7.0,88.91560069542702,-11.87819975136897,-0.1374310224129328
3.0,91.02954531446777,13.472525738086679,-0.1374310224129328
3.0677966101694913,91.02954531446777,13.472525736328398,-0.1374310224129328
3.135593220338983,91.02954531446777,13.472525727758484,-0.1374310224129328
3.2033898305084745,91.02954531446777,13.472525685988286,-0.1374310224129328
3.2711864406779663,91.02954531446777,13.472525482398336,-0.1374310224129328
3.3389830508474576,91.02954531446777,13.472524490091189,-0.1374310224129328
3.406779661016949,91.02954531446777,13.47251965353955,-0.1374310224129328
3.4745762711864407,91.02954531446777,13.472496079980766,-0.1374310224129328
3.542372881355932,91.02954531446777,13.472381181949538,-0.1374310224129328
3.610169491525424,91.02954531446777,13.471821178329714,-0.1374310224129328
3.6779661016949152,91.02954531446777,13.46909204787585,-0.1374310224129328
3.7457627118644066,91.02954531446777,13.45579854171585,-0.1374310224129328
3.8135593220338984,91.02954531446777,13.391204435087072,-0.1374310224129328
3.8813559322033897,91.02954531446777,13.081026700315727,-0.1374310224129328
3.9491525423728815,91.02954531446777,11.67205085473638,-0.1374310224129328
4.016949152542373,91.02954531446777,6.590363303766281,-0.1374310224129328
4.084745762711864,91.02954531446777,-2.8773728338601825,-0.1374310224129328
4.152542372881356,91.02954531446777,-9.306800055214545,-0.1374310224129328
4.220338983050848,91.02954531446777,-11.305933131422428,-0.1374310224129328
4.288135593220339,91.02954531446777,-11.76026831889383,-0.1374310224129328
4.3559322033898304,91.02954531446777,-11.855551114086444,-0.1374310224129328
4.423728813559322,91.02954531446777,-11.875189154574953,-0.1374310224129328
4.491525423728813,91.02954531446777,-11.87922202280929,-0.1374310224129328
4.559322033898305,91.02954531446777,-11.880049598056571,-0.1374310224129328
4.627118644067797,91.02954531446777,-11.88021939691632,-0.1374310224129328
4.694915254237288,91.02954531446777,-11.880254234535427,-0.1374310224129328
4.762711864406779,91.02954531446777,-11.880261382121226,-0.1374310224129328
4.830508474576272,91.02954531446777,-11.880262848579521,-0.1374310224129328
4.898305084745763,91.02954531446777,-11.88026314945025,-0.1374310224129328
4.966101694915254,91.02954531446777,-11.880263211179377,-0.1374310224129328
5.033898305084746,91.02954531446777,-11.880263223844237,-0.1374310224129328
5.101694915254237,91.02954531446777,-11.880263226442663,-0.1374310224129328
5.169491525423728,91.02954531446777,-11.880263226975778,-0.1374310224129328
5.23728813559322,91.02954531446777,-11.880263227085155,-0.1374310224129328
5.305084745762712,91.02954531446777,-11.880263227107598,-0.1374310224129328
5.372881355932203,91.02954531446777,-11.8802632271122,-0.1374310224129328
5.4406779661016955,91.02954531446777,-11.880263227113145,-0.1374310224129328
5.508474576271187,91.02954531446777,-11.88026322711334,-0.1374310224129328
5.576271186440678,91.02954531446777,-11.88026322711338,-0.1374310224129328
5.6440677966101696,91.02954531446777,-11.880263227113389,-0.1374310224129328
5.711864406779661,91.02954531446777,-11.88026322711339,-0.1374310224129328
5.779661016949152,91.02954531446777,-11.88026322711339,-0.1374310224129328
5.847457627118644,91.02954531446777,-11.88026322711339,-0.1374310224129328
5.915254237288135,91.02954531446777,-11.88026322711339,-0.1374310224129328
5.983050847457627,91.02954531446777,-11.88026322711339,-0.1374310224129328
6.0508474576271185,91.02954531446777,-11.88026322711339,-0.1374310224129328
6.118644067796611,91.02954531446777,-11.88026322711339,-0.1374310224129328
6.186440677966102,91.02954531446777,-11.88026322711339,-0.1374310224129328
6.254237288135593,91.02954531446777,-11.88026322711339,-0.1374310224129328
6.322033898305085,91.02954531446777,-11.88026322711339,-0.1374310224129328
6.389830508474576,91.02954531446777,-11.88026322711339,-0.1374310224129328
6.4576271186440675,91.02954531446777,-11.88026322711339,-0.1374310224129328
6.525423728813559,91.02954531446777,-11.88026322711339,-0.1374310224129328
6.593220338983051,91.02954531446777,-11.88026322711339,-0.1374310224129328
6.661016949152542,91.02954531446777,-11.88026322711339,-0.1374310224129328
6.728813559322034,91.02954531446777,-11.88026322711339,-0.1374310224129328
6.796610169491526,91.02954531446777,-11.88026322711339,-0.1374310224129328
6.864406779661017,91.02954531446777,-11.88026322711339,-0.1374310224129328
6.932203389830509,91.02954531446777,-11.88026322711339,-0.1374310224129328
7.0,91.02954531446777,-11.88026322711339,-0.1374310224129328
3.0,93.19374840128488,13.534575601589271,-0.1374310224129328
3.0677966101694913,93.19374840128488,13.534575599826544,-0.1374310224129328
3.135593220338983,93.19374840128488,13.534575591234958,-0.1374310224129328
3.2033898305084745,93.19374840128488,13.534575549359129,-0.1374310224129328
3.2711864406779663,93.19374840128488,13.53457534525433,-0.1374310224129328
3.3389830508474576,93.19374840128488,13.53457435043779,-0.1374310224129328
3.406779661016949,93.19374840128488,13.53456950165525,-0.1374310224129328
3.4745762711864407,93.19374840128488,13.534545868482528,-0.1374310224129328
3.542372881355932,93.19374840128488,13.534430679891692,-0.1374310224129328
3.610169491525424,93.19374840128488,13.533869260108062,-0.1374310224129328
3.6779661016949152,93.19374840128488,13.531133228099232,-0.1374310224129328
3.7457627118644066,93.19374840128488,13.517806104688232,-0.1374310224129328
3.8135593220338984,93.19374840128488,13.453048649408647,-0.1374310224129328
3.8813559322033897,93.19374840128488,13.142086522420588,-0.1374310224129328
3.9491525423728815,93.19374840128488,11.729547591671302,-0.1374310224129328
4.016949152542373,93.19374840128488,6.635009227390295,-0.1374310224129328
4.084745762711864,93.19374840128488,-2.856669371940324,-0.1374310224129328
4.152542372881356,93.19374840128488,-9.302355634821538,-0.1374310224129328
4.220338983050848,93.19374840128488,-11.306544213889117,-0.1374310224129328
4.288135593220339,93.19374840128488,-11.762028345803916,-0.1374310224129328
4.3559322033898304,93.19374840128488,-11.857552096663419,-0.1374310224129328
4.423728813559322,93.19374840128488,-11.877239798763267,-0.1374310224129328
4.491525423728813,93.19374840128488,-11.881282865506718,-0.1374310224129328
4.559322033898305,93.19374840128488,-11.882112533565666,-0.1374310224129328
4.627118644067797,93.19374840128488,-11.882282761820854,-0.1374310224129328
4.694915254237288,93.19374840128488,-11.882317687538988,-0.1374310224129328
4.762711864406779,93.19374840128488,-11.882324853199943,-0.1374310224129328
4.830508474576272,93.19374840128488,-11.882326323366687,-0.1374310224129328
4.898305084745763,93.19374840128488,-11.882326624998273,-0.1374310224129328
4.966101694915254,93.19374840128488,-11.882326686883504,-0.1374310224129328
5.033898305084746,93.19374840128488,-11.88232669958039,-0.1374310224129328
5.101694915254237,93.19374840128488,-11.882326702185386,-0.1374310224129328
5.169491525423728,93.19374840128488,-11.882326702719851,-0.1374310224129328
5.23728813559322,93.19374840128488,-11.882326702829506,-0.1374310224129328
5.305084745762712,93.19374840128488,-11.882326702852003,-0.1374310224129328
5.372881355932203,93.19374840128488,-11.882326702856618,-0.1374310224129328
5.4406779661016955,93.19374840128488,-11.882326702857565,-0.1374310224129328
5.508474576271187,93.19374840128488,-11.88232670285776,-0.1374310224129328
5.576271186440678,93.19374840128488,-11.8823267028578,-0.1374310224129328
5.6440677966101696,93.19374840128488,-11.882326702857808,-0.1374310224129328
5.711864406779661,93.19374840128488,-11.88232670285781,-0.1374310224129328
5.779661016949152,93.19374840128488,-11.88232670285781,-0.1374310224129328
5.847457627118644,93.19374840128488,-11.88232670285781,-0.1374310224129328
5.915254237288135,93.19374840128488,-11.88232670285781,-0.1374310224129328
5.983050847457627,93.19374840128488,-11.88232670285781,-0.1374310224129328
6.0508474576271185,93.19374840128488,-11.88232670285781,-0.1374310224129328
6.118644067796611,93.19374840128488,-11.88232670285781,-0.1374310224129328
6.186440677966102,93.19374840128488,-11.88232670285781,-0.1374310224129328
6.254237288135593,93.19374840128488,-11.88232670285781,-0.1374310224129328
6.322033898305085,93.19374840128488,-11.88232670285781,-0.1374310224129328
6.389830508474576,93.19374840128488,-11.88232670285781,-0.1374310224129328
6.4576271186440675,93.19374840128488,-11.88232670285781,-0.1374310224129328
6.525423728813559,93.19374840128488,-11.88232670285781,-0.1374310224129328
6.593220338983051,93.19374840128488,-11.88232670285781,-0.1374310224129328
6.661016949152542,93.19374840128488,-11.88232670285781,-0.1374310224129328
6.728813559322034,93.19374840128488,-11.88232670285781,-0.1374310224129328
6.796610169491526,93.19374840128488,-11.88232670285781,-0.1374310224129328
6.864406779661017,93.19374840128488,-11.88232670285781,-0.1374310224129328
6.932203389830509,93.19374840128488,-11.88232670285781,-0.1374310224129328
7.0,93.19374840128488,-11.88232670285781,-0.1374310224129328
3.0,95.40940483750418,13.596625465091865,-0.1374310224129328
3.0677966101694913,95.40940483750418,13.596625463324692,-0.1374310224129328
3.135593220338983,95.40940483750418,13.596625454711432,-0.1374310224129328
3.2033898305084745,95.40940483750418,13.596625412729974,-0.1374310224129328
3.2711864406779663,95.40940483750418,13.596625208110327,-0.1374310224129328
3.3389830508474576,95.40940483750418,13.596624210784393,-0.1374310224129328
3.406779661016949,95.40940483750418,13.59661934977095,-0.1374310224129328
3.4745762711864407,95.40940483750418,13.596595656984293,-0.1374310224129328
3.542372881355932,95.40940483750418,13.596480177833847,-0.1374310224129328
3.610169491525424,95.40940483750418,13.595917341886414,-0.1374310224129328
3.6779661016949152,95.40940483750418,13.593174408322614,-0.1374310224129328
3.7457627118644066,95.40940483750418,13.579813667660613,-0.1374310224129328
3.8135593220338984,95.40940483750418,13.514892863730221,-0.1374310224129328
3.8813559322033897,95.40940483750418,13.20314634452545,-0.1374310224129328
3.9491525423728815,95.40940483750418,11.787044328606227,-0.1374310224129328
4.016949152542373,95.40940483750418,6.67965515101431,-0.1374310224129328
4.084745762711864,95.40940483750418,-2.8359659100204655,-0.1374310224129328
4.152542372881356,95.40940483750418,-9.297911214428531,-0.1374310224129328
4.220338983050848,95.40940483750418,-11.307155296355806,-0.1374310224129328
4.288135593220339,95.40940483750418,-11.763788372714004,-0.1374310224129328
4.3559322033898304,95.40940483750418,-11.859553079240394,-0.1374310224129328
4.423728813559322,95.40940483750418,-11.879290442951582,-0.1374310224129328
4.491525423728813,95.40940483750418,-11.883343708204144,-0.1374310224129328
4.559322033898305,95.40940483750418,-11.884175469074762,-0.1374310224129328
4.627118644067797,95.40940483750418,-11.884346126725385,-0.1374310224129328
4.694915254237288,95.40940483750418,-11.884381140542548,-0.1374310224129328
4.762711864406779,95.40940483750418,-11.884388324278659,-0.1374310224129328
4.830508474576272,95.40940483750418,-11.884389798153853,-0.1374310224129328
4.898305084745763,95.40940483750418,-11.884390100546295,-0.1374310224129328
4.966101694915254,95.40940483750418,-11.884390162587628,-0.1374310224129328
5.033898305084746,95.40940483750418,-11.884390175316542,-0.1374310224129328
5.101694915254237,95.40940483750418,-11.884390177928111,-0.1374310224129328
5.169491525423728,95.40940483750418,-11.884390178463923,-0.1374310224129328
5.23728813559322,95.40940483750418,-11.884390178573854,-0.1374310224129328
5.305084745762712,95.40940483750418,-11.884390178596409,-0.1374310224129328
5.372881355932203,95.40940483750418,-11.884390178601036,-0.1374310224129328
5.4406779661016955,95.40940483750418,-11.884390178601985,-0.1374310224129328
5.508474576271187,95.40940483750418,-11.88439017860218,-0.1374310224129328
5.576271186440678,95.40940483750418,-11.884390178602219,-0.1374310224129328
5.6440677966101696,95.40940483750418,-11.884390178602228,-0.1374310224129328
5.711864406779661,95.40940483750418,-11.88439017860223,-0.1374310224129328
5.779661016949152,95.40940483750418,-11.88439017860223,-0.1374310224129328
5.847457627118644,95.40940483750418,-11.88439017860223,-0.1374310224129328
5.915254237288135,95.40940483750418,-11.88439017860223,-0.1374310224129328
5.983050847457627,95.40940483750418,-11.88439017860223,-0.1374310224129328
6.0508474576271185,95.40940483750418,-11.88439017860223,-0.1374310224129328
6.118644067796611,95.40940483750418,-11.88439017860223,-0.1374310224129328
6.186440677966102,95.40940483750418,-11.88439017860223,-0.1374310224129328
6.254237288135593,95.40940483750418,-11.88439017860223,-0.1374310224129328
6.322033898305085,95.40940483750418,-11.88439017860223,-0.1374310224129328
6.389830508474576,95.40940483750418,-11.88439017860223,-0.1374310224129328
6.4576271186440675,95.40940483750418,-11.88439017860223,-0.1374310224129328
6.525423728813559,95.40940483750418,-11.88439017860223,-0.1374310224129328
6.593220338983051,95.40940483750418,-11.88439017860223,-0.1374310224129328
6.661016949152542,95.40940483750418,-11.88439017860223,-0.1374310224129328
6.728813559322034,95.40940483750418,-11.88439017860223,-0.1374310224129328
6.796610169491526,95.40940483750418,-11.88439017860223,-0.1374310224129328
6.864406779661017,95.40940483750418,-11.88439017860223,-0.1374310224129328
6.932203389830509,95.40940483750418,-11.88439017860223,-0.1374310224129328
7.0,95.40940483750418,-11.88439017860223,-0.1374310224129328
3.0,97.67773791274253,13.658675328594459,-0.1374310224129328
3.0677966101694913,97.67773791274253,13.65867532682284,-0.1374310224129328
3.135593220338983,97.67773791274253,13.658675318187909,-0.1374310224129328
3.2033898305084745,97.67773791274253,13.65867527610082,-0.1374310224129328
3.2711864406779663,97.67773791274253,13.658675070966323,-0.1374310224129328
3.3389830508474576,97.67773791274253,13.658674071130996,-0.1374310224129328
3.406779661016949,97.67773791274253,13.658669197886653,-0.1374310224129328
3.4745762711864407,97.67773791274253,13.658645445486057,-0.1374310224129328
3.542372881355932,97.67773791274253,13.658529675776002,-0.1374310224129328
3.610169491525424,97.67773791274253,13.657965423664765,-0.1374310224129328
3.6779661016949152,97.67773791274253,13.655215588545998,-0.1374310224129328
3.7457627118644066,97.67773791274253,13.641821230632996,-0.1374310224129328
3.8135593220338984,97.67773791274253,13.576737078051798,-0.1374310224129328
3.8813559322033897,97.67773791274253,13.264206166630313,-0.1374310224129328
3.9491525423728815,97.67773791274253,11.84454106554115,-0.1374310224129328
4.016949152542373,97.67773791274253,6.7243010746383245,-0.1374310224129328
4.084745762711864,97.67773791274253,-2.815262448100607,-0.1374310224129328
4.152542372881356,97.67773791274253,-9.293466794035522,-0.1374310224129328
4.220338983050848,97.67773791274253,-11.307766378822494,-0.1374310224129328
4.288135593220339,97.67773791274253,-11.76554839962409,-0.1374310224129328
4.3559322033898304,97.67773791274253,-11.861554061817369,-0.1374310224129328
4.423728813559322,97.67773791274253,-11.881341087139898,-0.1374310224129328
4.491525423728813,97.67773791274253,-11.885404550901569,-0.1374310224129328
4.559322033898305,97.67773791274253,-11.886238404583857,-0.1374310224129328
4.627118644067797,97.67773791274253,-11.886409491629916,-0.1374310224129328
4.694915254237288,97.67773791274253,-11.88644459354611,-0.1374310224129328
4.762711864406779,97.67773791274253,-11.886451795357374,-0.1374310224129328
4.830508474576272,97.67773791274253,-11.886453272941019,-0.1374310224129328
4.898305084745763,97.67773791274253,-11.886453576094317,-0.1374310224129328
4.966101694915254,97.67773791274253,-11.886453638291755,-0.1374310224129328
5.033898305084746,97.67773791274253,-11.886453651052696,-0.1374310224129328
5.101694915254237,97.67773791274253,-11.886453653670834,-0.1374310224129328
5.169491525423728,97.67773791274253,-11.886453654207996,-0.1374310224129328
5.23728813559322,97.67773791274253,-11.886453654318203,-0.1374310224129328
5.305084745762712,97.67773791274253,-11.886453654340814,-0.1374310224129328
5.372881355932203,97.67773791274253,-11.886453654345452,-0.1374310224129328
5.4406779661016955,97.67773791274253,-11.886453654346404,-0.1374310224129328
5.508474576271187,97.67773791274253,-11.886453654346601,-0.1374310224129328
5.576271186440678,97.67773791274253,-11.88645365434664,-0.1374310224129328
5.6440677966101696,97.67773791274253,-11.88645365434665,-0.1374310224129328
5.711864406779661,97.67773791274253,-11.886453654346651,-0.1374310224129328
5.779661016949152,97.67773791274253,-11.886453654346651,-0.1374310224129328
5.847457627118644,97.67773791274253,-11.886453654346651,-0.1374310224129328
5.915254237288135,97.67773791274253,-11.886453654346651,-0.1374310224129328
5.983050847457627,97.67773791274253,-11.886453654346651,-0.1374310224129328
6.0508474576271185,97.67773791274253,-11.886453654346651,-0.1374310224129328
6.118644067796611,97.67773791274253,-11.886453654346651,-0.1374310224129328
6.186440677966102,97.67773791274253,-11.886453654346651,-0.1374310224129328
6.254237288135593,97.67773791274253,-11.886453654346651,-0.1374310224129328
6.322033898305085,97.67773791274253,-11.886453654346651,-0.1374310224129328
6.389830508474576,97.67773791274253,-11.886453654346651,-0.1374310224129328
6.4576271186440675,97.67773791274253,-11.886453654346651,-0.1374310224129328
6.525423728813559,97.67773791274253,-11.886453654346651,-0.1374310224129328
6.593220338983051,97.67773791274253,-11.886453654346651,-0.1374310224129328
6.661016949152542,97.67773791274253,-11.886453654346651,-0.1374310224129328
6.728813559322034,97.67773791274253,-11.886453654346651,-0.1374310224129328
6.796610169491526,97.67773791274253,-11.886453654346651,-0.1374310224129328
6.864406779661017,97.67773791274253,-11.886453654346651,-0.1374310224129328
6.932203389830509,97.67773791274253,-11.886453654346651,-0.1374310224129328
7.0,97.67773791274253,-11.886453654346651,-0.1374310224129328
3.0,100.0,13.720725192097053,-0.1374310224129328
3.0677966101694913,100.0,13.720725190320987,-0.1374310224129328
3.135593220338983,100.0,13.720725181664385,-0.1374310224129328
3.2033898305084745,100.0,13.720725139471664,-0.1374310224129328
3.2711864406779663,100.0,13.720724933822321,-0.1374310224129328
3.3389830508474576,100.0,13.7207239314776,-0.1374310224129328
3.406779661016949,100.0,13.720719046002355,-0.1374310224129328
3.4745762711864407,100.0,13.720695233987822,-0.1374310224129328
3.542372881355932,100.0,13.720579173718157,-0.1374310224129328
3.610169491525424,100.0,13.720013505443116,-0.1374310224129328
3.6779661016949152,100.0,13.717256768769381,-0.1374310224129328
3.7457627118644066,100.0,13.703828793605378,-0.1374310224129328
3.8135593220338984,100.0,13.638581292373374,-0.1374310224129328
3.8813559322033897,100.0,13.325265988735175,-0.1374310224129328
3.9491525423728815,100.0,11.902037802476077,-0.1374310224129328
4.016949152542373,100.0,6.76894699826234,-0.1374310224129328
4.084745762711864,100.0,-2.794558986180748,-0.1374310224129328
4.152542372881356,100.0,-9.289022373642515,-0.1374310224129328
4.220338983050848,100.0,-11.308377461289183,-0.1374310224129328
4.288135593220339,100.0,-11.767308426534177,-0.1374310224129328
4.3559322033898304,100.0,-11.863555044394344,-0.1374310224129328
4.423728813559322,100.0,-11.883391731328214,-0.1374310224129328
4.491525423728813,100.0,-11.887465393598996,-0.1374310224129328
4.559322033898305,100.0,-11.888301340092951,-0.1374310224129328
4.627118644067797,100.0,-11.888472856534449,-0.1374310224129328
4.694915254237288,100.0,-11.88850804654967,-0.1374310224129328
4.762711864406779,100.0,-11.888515266436091,-0.1374310224129328
4.830508474576272,100.0,-11.888516747728184,-0.1374310224129328
4.898305084745763,100.0,-11.888517051642339,-0.1374310224129328
4.966101694915254,100.0,-11.88851711399588,-0.1374310224129328
5.033898305084746,100.0,-11.888517126788848,-0.1374310224129328
5.101694915254237,100.0,-11.88851712941356,-0.1374310224129328
5.169491525423728,100.0,-11.888517129952067,-0.1374310224129328
5.23728813559322,100.0,-11.888517130062551,-0.1374310224129328
5.305084745762712,100.0,-11.88851713008522,-0.1374310224129328
5.372881355932203,100.0,-11.88851713008987,-0.1374310224129328
5.4406779661016955,100.0,-11.888517130090824,-0.1374310224129328
5.508474576271187,100.0,-11.88851713009102,-0.1374310224129328
5.576271186440678,100.0,-11.88851713009106,-0.1374310224129328
5.6440677966101696,100.0,-11.888517130091069,-0.1374310224129328
5.711864406779661,100.0,-11.88851713009107,-0.1374310224129328
5.779661016949152,100.0,-11.88851713009107,-0.1374310224129328
5.847457627118644,100.0,-11.88851713009107,-0.1374310224129328
5.915254237288135,100.0,-11.88851713009107,-0.1374310224129328
5.983050847457627,100.0,-11.88851713009107,-0.1374310224129328
6.0508474576271185,100.0,-11.88851713009107,-0.1374310224129328
6.118644067796611,100.0,-11.88851713009107,-0.1374310224129328
6.186440677966102,100.0,-11.88851713009107,-0.1374310224129328
6.254237288135593,100.0,-11.88851713009107,-0.1374310224129328
6.322033898305085,100.0,-11.88851713009107,-0.1374310224129328
6.389830508474576,100.0,-11.88851713009107,-0.1374310224129328
6.4576271186440675,100.0,-11.88851713009107,-0.1374310224129328
6.525423728813559,100.0,-11.88851713009107,-0.1374310224129328
6.593220338983051,100.0,-11.88851713009107,-0.1374310224129328
6.661016949152542,100.0,-11.88851713009107,-0.1374310224129328
6.728813559322034,100.0,-11.88851713009107,-0.1374310224129328
6.796610169491526,100.0,-11.88851713009107,-0.1374310224129328
6.864406779661017,100.0,-11.88851713009107,-0.1374310224129328
6.932203389830509,100.0,-11.88851713009107,-0.1374310224129328
7.0,100.0,-11.88851713009107,-0.1374310224129328
