pH,ionic_strength_mM,zeta_mV_predicted,V_max_kT
3.0,25.0,16.325711829441573,-0.1817283927942549
3.0677966101694913,25.0,16.317695755271842,-0.18172839279447653
3.135593220338983,25.0,16.30575022843845,-0.18172839279480657
3.2033898305084745,25.0,16.287953506410695,-0.18172839279529784
3.2711864406779663,25.0,16.261449438512578,-0.1817283927960285
3.3389830508474576,25.0,16.221999754331513,-0.1817283927971138
3.406779661016949,25.0,16.16332989017623,-0.18172839279872302
3.4745762711864407,25.0,16.07618294355079,-0.18172839280110253
3.542372881355932,25.0,15.946973091057018,-0.1817283928046069
3.610169491525424,25.0,15.755916112634274,-0.18172839280973685
3.6779661016949152,25.0,15.474536817665836,-0.1817283928171794
3.7457627118644066,25.0,15.062568250240886,-0.18172839282783412
3.8135593220338984,25.0,14.46457402976116,-0.18172839284278852
3.8813559322033897,25.0,13.60731321749153,-0.18172839286317
3.9491525423728815,25.0,12.40009909099902,-0.18172839288976084
4.016949152542373,25.0,10.74208303828918,-0.18172839292225784
4.084745762711864,25.0,8.541503833778016,-0.18172839295819762
4.152542372881356,25.0,5.7497573845352115,-0.18172839299198829
4.220338983050848,25.0,2.4040710650631,-0.18172839301509283
4.288135593220339,25.0,-1.3423877015868264,-0.18172839301846158
4.3559322033898304,25.0,-5.231792054758198,-0.18172839299680574
4.423728813559322,25.0,-8.964855080744899,-0.18172839295192067
4.491525423728813,25.0,-12.287524765138114,-0.18172839289211462
4.559322033898305,25.0,-15.052120185518907,-0.1817283928281006
4.627118644067797,25.0,-17.2262232652297,0.8207405236141405
4.694915254237288,25.0,-18.861345088291205,3.6391151650718583
4.762711864406779,25.0,-20.050300764167343,6.091416419879188
4.830508474576272,25.0,-20.893784370421496,8.033394030574453
4.898305084745763,25.0,-21.48176952413429,9.485950521132514
4.966101694915254,25.0,-21.886652268047964,10.533010933406242
5.033898305084746,25.0,-22.163102638059023,11.269639606693966
5.101694915254237,25.0,-22.350771604582224,11.7798379760082
5.169491525423728,25.0,-22.4776712670877,12.129821277289519
5.23728813559322,25.0,-22.563251466120423,12.367486374215543
5.305084745762712,25.0,-22.620862641454398,12.5288983685005
5.372881355932203,25.0,-22.65959869369884,12.63765844313666
5.4406779661016955,25.0,-22.685622513101105,12.71083060011239
5.508474576271187,25.0,-22.703096401880153,12.760009724076575
5.576271186440678,25.0,-22.71482507408791,12.793040547480231
5.6440677966101696,25.0,-22.722695554354342,12.81521531910918
5.711864406779661,25.0,-22.727976137494004,12.830097462568178
5.779661016949152,25.0,-22.731518674569013,12.84008324973415
5.847457627118644,25.0,-22.733895047702575,12.846817512716495
5.915254237288135,25.0,-22.73548906563482,12.85134406795171
5.983050847457627,25.0,-22.736558261430226,12.854380456188284
6.0508474576271185,25.0,-22.737275413961836,12.856417163650427
6.118644067796611,25.0,-22.737756429707098,12.857783280519488
6.186440677966102,25.0,-22.738079058159315,12.85869958308204
6.254237288135593,25.0,-22.738295451103564,12.859314171653452
6.322033898305085,25.0,-22.73844058924413,12.859726389121573
6.389830508474576,25.0,-22.73853793537411,12.86000287047264
6.4576271186440675,25.0,-22.738603226617503,12.860188310569198
6.525423728813559,25.0,-22.738647018195273,12.8603126876444
6.593220338983051,25.0,-22.738676389676368,12.860396108817504
6.661016949152542,25.0,-22.738696089431752,12.860452060319316
6.728813559322034,25.0,-22.738709302255458,12.860489587580433
6.796610169491526,25.0,-22.73871816422651,12.860514757496459
6.864406779661017,25.0,-22.738724108036706,12.860531639209503
6.932203389830509,25.0,-22.73872809460753,12.86054296193972
7.0,25.0,-22.73873076843881,12.860550556204576
3.0,25.594368311777455,16.413416143483712,-0.18172839285215878
3.0677966101694913,25.594368311777455,16.40540637463301,-0.18172839285232253
3.135593220338983,25.594368311777455,16.393470243964877,-0.18172839285256642
3.2033898305084745,25.594368311777455,16.375687520561353,-0.18172839285292944
3.2711864406779663,25.594368311777455,16.34920430035004,-0.18172839285346937
3.3389830508474576,25.594368311777455,16.30978564667582,-0.18172839285427136
3.406779661016949,25.594368311777455,16.251161931321448,-0.1817283928554605
3.4745762711864407,25.594368311777455,16.16408353312624,-0.18172839285721895
3.542372881355932,25.594368311777455,16.034975315089007,-0.18172839285980874
3.610169491525424,25.594368311777455,15.84406861910831,-0.18172839286360012
3.6779661016949152,25.594368311777455,15.562910652708652,-0.18172839286910117
3.7457627118644066,25.594368311777455,15.151266133339266,-0.18172839287697762
3.8135593220338984,25.594368311777455,14.553742285795018,-0.18172839288803505
3.8813559322033897,25.594368311777455,13.697155781521904,-0.18172839290311057
3.9491525423728815,25.594368311777455,12.490891230849666,-0.18172839292279008
4.016949152542373,25.594368311777455,10.834179347730561,-0.18172839294686358
4.084745762711864,25.594368311777455,8.635331084530753,-0.18172839297353335
4.152542372881356,25.594368311777455,5.845780579542044,-0.18172839299869883
4.220338983050848,25.594368311777455,2.502725924794085,-0.18172839301608568
4.288135593220339,25.594368311777455,-1.2407859357698459,-0.18172839301902866
4.3559322033898304,25.594368311777455,-5.12713094408434,-0.18172839300361138
4.423728813559322,25.594368311777455,-8.857257600865909,-0.18172839297111493
4.491525423728813,25.594368311777455,-12.177313725061465,-0.18172839292760903
4.559322033898305,25.594368311777455,-14.93973455776438,-0.18172839288094295
4.627118644067797,25.594368311777455,-17.112127521871013,0.49204966947927625
4.694915254237288,25.594368311777455,-18.745963183586074,3.236076972561615
4.762711864406779,25.594368311777455,-19.933983645454678,5.635409402317069
4.830508474576272,25.594368311777455,-20.77680378064788,7.5402709732212525
4.898305084745763,25.594368311777455,-21.364326434401146,8.966660835044031
4.966101694915254,25.594368311777455,-21.768890703857615,9.995513153194166
5.033898305084746,25.594368311777455,-22.045123622315458,10.720325356527056
5.101694915254237,25.594368311777455,-22.232644971353977,11.222291110535943
5.169491525423728,25.594368311777455,-22.359444816562362,11.566314242687586
5.23728813559322,25.594368311777455,-22.444957699544098,11.800370344490295
5.305084745762712,25.594368311777455,-22.50252355882529,11.958801402470112
5.372881355932203,25.594368311777455,-22.541229141894647,12.066084973678624
5.4406779661016955,25.594368311777455,-22.56723249136609,12.138264221354715
5.508474576271187,25.594368311777455,-22.584692635456516,12.186776216640967
5.576271186440678,25.594368311777455,-22.596412082073478,12.219359060919075
5.6440677966101696,25.594368311777455,-22.604276371542774,12.241233130153143
5.711864406779661,25.594368311777455,-22.609552801058026,12.255913482260924
5.779661016949152,25.594368311777455,-22.613092551628576,12.26576387771082
5.847457627118644,25.594368311777455,-22.61546705554406,12.272372496322786
5.915254237288135,25.594368311777455,-22.617059819646638,12.276805798672848
5.983050847457627,25.594368311777455,-22.61812817442929,12.279779634163738
6.0508474576271185,25.594368311777455,-22.618844762859897,12.281774383688933
6.118644067796611,25.594368311777455,-22.619325400245668,12.283112357524512
6.186440677966102,25.594368311777455,-22.619647774923372,12.284009783636595
6.254237288135593,25.594368311777455,-22.619863997656303,12.284611711300862
6.322033898305085,25.594368311777455,-22.62000902163347,12.285015436846829
6.389830508474576,25.594368311777455,-22.620106291192503,12.28528622252594
6.4576271186440675,25.594368311777455,-22.620171531078817,12.285467842454686
6.525423728813559,25.594368311777455,-22.620215288210815,12.285589657295144
6.593220338983051,25.594368311777455,-22.62024463658876,12.285671359947735
6.661016949152542,25.594368311777455,-22.620264320848626,12.285726158819115
6.728813559322034,25.594368311777455,-22.62027752327933,12.285762912999006
6.796610169491526,25.594368311777455,-22.62028637827969,12.285787564401621
6.864406779661017,25.594368311777455,-22.62029231741458,12.285804098342595
6.932203389830509,25.594368311777455,-22.62029630084963,12.285815187818697
7.0,25.594368311777455,-22.620298972577718,12.28582262563775
3.0,26.2028675711567,16.501120457525843,-0.1817283928956663
3.0677966101694913,26.2028675711567,16.49311699399417,-0.1817283928957869
3.135593220338983,26.2028675711567,16.481190259491306,-0.18172839289596646
3.2033898305084745,26.2028675711567,16.463421534712005,-0.18172839289623374
3.2711864406779663,26.2028675711567,16.4369591621875,-0.18172839289663126
3.3389830508474576,26.2028675711567,16.397571539020124,-0.18172839289722173
3.406779661016949,26.2028675711567,16.33899397246666,-0.18172839289809728
3.4745762711864407,26.2028675711567,16.25198412270169,-0.18172839289939202
3.542372881355932,26.2028675711567,16.12297753912099,-0.181728392901299
3.610169491525424,26.2028675711567,15.932221125582343,-0.18172839290409087
3.6779661016949152,26.2028675711567,15.651284487751465,-0.1817283929081421
3.7457627118644066,26.2028675711567,15.239964016437641,-0.18172839291394355
3.8135593220338984,26.2028675711567,14.642910541828874,-0.18172839292208973
3.8813559322033897,26.2028675711567,13.786998345552274,-0.18172839293319998
3.9491525423728815,26.2028675711567,12.58168337070031,-0.18172839294771134
4.016949152542373,26.2028675711567,10.92627565717194,-0.18172839296547935
4.084745762711864,26.2028675711567,8.729158335283488,-0.181728392985197
4.152542372881356,26.2028675711567,5.941803774548874,-0.1817283930038681
4.220338983050848,26.2028675711567,2.6013807845250665,-0.181728393016898
4.288135593220339,26.2028675711567,-1.1391841699528693,-0.18172839301939522
4.3559322033898304,26.2028675711567,-5.022469833410485,-0.18172839300847038
4.423728813559322,26.2028675711567,-8.749660120986922,-0.18172839298503338
4.491525423728813,26.2028675711567,-12.06710268498482,-0.18172839295350254
4.559322033898305,26.2028675711567,-14.827348930009856,-0.181728392919608
4.627118644067797,26.2028675711567,-16.99803177851233,0.17046206936836522
4.694915254237288,26.2028675711567,-18.630581278880946,2.839449483405181
4.762711864406779,26.2028675711567,-19.817666526742016,5.185643876583265
4.830508474576272,26.2028675711567,-20.65982319087427,7.052635521219936
4.898305084745763,26.2028675711567,-21.24688334466801,8.452925056421092
4.966101694915254,26.2028675711567,-21.65112913966727,9.464360859563952
5.033898305084746,26.2028675711567,-21.9271446065719,10.176482075938143
5.101694915254237,26.2028675711567,-22.114518338125738,10.670220887098004
5.169491525423728,26.2028675711567,-22.24121836603703,11.008353823235034
5.23728813559322,26.2028675711567,-22.326663932967772,11.239099426216018
5.305084745762712,26.2028675711567,-22.384184476196186,11.394982849417532
5.372881355932203,26.2028675711567,-22.422859590090457,11.500019760167925
5.4406779661016955,26.2028675711567,-22.44884246963108,11.571176028297273
5.508474576271187,26.2028675711567,-22.466288869032883,11.619023777003925
5.576271186440678,26.2028675711567,-22.47799909005905,11.651160576313398
5.6440677966101696,26.2028675711567,-22.485857188731213,11.672735240907938
5.711864406779661,26.2028675711567,-22.491129464622052,11.687214672305425
5.779661016949152,26.2028675711567,-22.494666428688138,11.696930260087186
5.847457627118644,26.2028675711567,-22.497039063385547,11.703448440207753
5.915254237288135,26.2028675711567,-22.49863057365846,11.707821074835387
5.983050847457627,26.2028675711567,-22.499698087428364,11.710754215514523
6.0508474576271185,26.2028675711567,-22.50041411175796,11.71272166866633
6.118644067796611,26.2028675711567,-22.50089437078424,11.714041333675969
6.186440677966102,26.2028675711567,-22.501216491687433,11.714926479484806
6.254237288135593,26.2028675711567,-22.501432544209045,11.715520170453257
6.322033898305085,26.2028675711567,-22.501577454022815,11.715918371488302
6.389830508474576,26.2028675711567,-22.501674647010898,11.716185451789176
6.4576271186440675,26.2028675711567,-22.50173983554014,11.716364586469231
6.525423728813559,26.2028675711567,-22.501783558226364,11.716484734422467
6.593220338983051,26.2028675711567,-22.50181288350116,11.716565319074697
6.661016949152542,26.2028675711567,-22.5018325522655,11.716619368091127
6.728813559322034,26.2028675711567,-22.501845744303207,11.716655619335551
6.796610169491526,26.2028675711567,-22.50185459233288,11.716679933414284
6.864406779661017,26.2028675711567,-22.50186052679246,11.716696241108778
6.932203389830509,26.2028675711567,-22.501864507091735,11.716707178839176
7.0,26.2028675711567,-22.501867176716626,11.716714514880909
3.0,26.825833737636557,16.58882477156798,-0.18172839292824
3.0677966101694913,26.825833737636557,16.58082761335534,-0.18172839292832843
3.135593220338983,26.825833737636557,16.568910275017736,-0.18172839292846013
3.2033898305084745,26.825833737636557,16.551155548862663,-0.1817283929286562
3.2711864406779663,26.825833737636557,16.52471402402496,-0.1817283929289478
3.3389830508474576,26.825833737636557,16.48535743136443,-0.18172839292938092
3.406779661016949,26.825833737636557,16.42682601361188,-0.18172839293002319
3.4745762711864407,26.825833737636557,16.33988471227714,-0.18172839293097295
3.542372881355932,26.825833737636557,16.210979763152977,-0.1817283929323719
3.610169491525424,26.825833737636557,16.020373632056376,-0.1817283929344201
3.6779661016949152,26.825833737636557,15.739658322794279,-0.18172839293739257
3.7457627118644066,26.825833737636557,15.328661899536021,-0.18172839294164972
3.8135593220338984,26.825833737636557,14.732078797862732,-0.1817283929476288
3.8813559322033897,26.825833737636557,13.876840909582645,-0.18172839295578622
3.9491525423728815,26.825833737636557,12.672475510550955,-0.18172839296644666
4.016949152542373,26.825833737636557,11.018371966613321,-0.18172839297951163
4.084745762711864,26.825833737636557,8.822985586036225,-0.1817283929940343
4.152542372881356,26.825833737636557,6.037826969555707,-0.18172839300783358
4.220338983050848,26.825833737636557,2.700035644256052,-0.18172839301755722
4.288135593220339,26.825833737636557,-1.0375824041358888,-0.18172839301962884
4.3559322033898304,26.825833737636557,-4.917808722736626,-0.18172839301192456
4.423728813559322,26.825833737636557,-8.642062641107934,-0.18172839299508778
4.491525423728813,26.825833737636557,-11.956891644908168,-0.18172839297232263
4.559322033898305,26.825833737636557,-14.714963302255327,-0.18172839294779686
4.627118644067797,26.825833737636557,-16.883936035153646,-0.14405994807752465
4.694915254237288,26.825833737636557,-18.51519937417581,2.4493458277599816
4.762711864406779,26.825833737636557,-19.701349408029348,4.741896268835505
4.830508474576272,26.825833737636557,-20.54284260110066,6.571660096479662
4.898305084745763,26.825833737636557,-21.129440254934867,7.9458037507619546
4.966101694915254,26.825833737636557,-21.533367575476923,8.938696428007109
5.033898305084746,26.825833737636557,-21.80916559082834,9.638804211715316
5.101694915254237,26.825833737636557,-21.99639170489749,10.123989985833369
5.169491525423728,26.825833737636557,-22.122991915511697,10.45701825204887
5.23728813559322,26.825833737636557,-22.208370166391447,10.683329899631868
5.305084745762712,26.825833737636557,-22.265845393567076,10.837040709038838
5.372881355932203,26.825833737636557,-22.304490038286268,10.940614682528423
5.4406779661016955,26.825833737636557,-22.330452447896068,11.010299054970298
5.508474576271187,26.825833737636557,-22.347885102609247,11.057134639997498
5.576271186440678,26.825833737636557,-22.359586098044616,11.088591714550926
5.6440677966101696,26.825833737636557,-22.36743800591965,11.10973811029577
5.711864406779661,26.825833737636557,-22.372706128186074,11.124017507096097
5.779661016949152,26.825833737636557,-22.3762403057477,11.133598881638692
5.847457627118644,26.825833737636557,-22.37861107122703,11.14002702200397
5.915254237288135,26.825833737636557,-22.380201327670278,11.144339256366443
5.983050847457627,26.825833737636557,-22.38126800042743,11.147231881629427
6.0508474576271185,26.825833737636557,-22.38198346065602,11.149172158734487
6.118644067796611,26.825833737636557,-22.38246334132281,11.150473595624337
6.186440677966102,26.825833737636557,-22.38278520845149,11.151346515261142
6.254237288135593,26.825833737636557,-22.383001090761784,11.151932005840514
6.322033898305085,26.825833737636557,-22.383145886412155,11.152324706716083
6.389830508474576,26.825833737636557,-22.383243002829285,11.152588097971512
6.4576271186440675,26.825833737636557,-22.383308140001454,11.152764758357485
6.525423728813559,26.825833737636557,-22.383351828241906,11.152883246770894
6.593220338983051,26.825833737636557,-22.383381130413554,11.152962718350715
6.661016949152542,26.825833737636557,-22.383400783682376,11.15301602081747
6.728813559322034,26.825833737636557,-22.38341396532708,11.153051771343247
6.796610169491526,26.825833737636557,-22.38342280638606,11.153075749584945
6.864406779661017,26.825833737636557,-22.383428736170334,11.153091832030242
6.932203389830509,26.825833737636557,-22.383432713333836,11.153102618683791
7.0,26.825833737636557,-22.383435380855534,11.153109853396836
3.0,27.46361075806302,16.676529085610117,-0.18172839295253354
3.0677966101694913,27.46361075806302,16.668538232716504,-0.18172839295259816
3.135593220338983,27.46361075806302,16.656630290544165,-0.18172839295269444
3.2033898305084745,27.46361075806302,16.63888956301332,-0.1817283929528377
3.2711864406779663,27.46361075806302,16.61246888586242,-0.18172839295305077
3.3389830508474576,27.46361075806302,16.573143323708734,-0.18172839295336732
3.406779661016949,27.46361075806302,16.514658054757096,-0.1817283929538367
3.4745762711864407,27.46361075806302,16.427785301852587,-0.1817283929545308
3.542372881355932,27.46361075806302,16.298981987184963,-0.18172839295555324
3.610169491525424,27.46361075806302,16.10852613853041,-0.1817283929570503
3.6779661016949152,27.46361075806302,15.828032157837093,-0.18172839295922302
3.7457627118644066,27.46361075806302,15.4173597826344,-0.1817283929623353
3.8135593220338984,27.46361075806302,14.82124705389659,-0.1817283929667074
3.8813559322033897,27.46361075806302,13.966683473613017,-0.18172839297267435
3.9491525423728815,27.46361075806302,12.763267650401598,-0.18172839298047644
4.016949152542373,27.46361075806302,11.1104682760547,-0.181728392990047
4.084745762711864,27.46361075806302,8.916812836788962,-0.18172839300070287
4.152542372881356,27.46361075806302,6.1338501645625385,-0.1817283930108621
4.220338983050848,27.46361075806302,2.7986905039870353,-0.18172839301808796
4.288135593220339,27.46361075806302,-0.9359806383189101,-0.18172839301977528
4.3559322033898304,27.46361075806302,-4.813147612062769,-0.1817283930143688
4.423728813559322,27.46361075806302,-8.534465161228946,-0.18172839300232127
4.491525423728813,27.46361075806302,-11.846680604831521,-0.18172839298594765
4.559322033898305,27.46361075806302,-14.602577674500802,-0.18172839296826795
4.627118644067797,27.46361075806302,-16.769840291794964,-0.18172839295177656
4.694915254237288,27.46361075806302,-18.399817469470683,2.0658739711439975
4.762711864406779,27.46361075806302,-19.585032289316686,4.304685468982984
4.830508474576272,27.46361075806302,-20.425862011327045,6.0964073361585385
4.898305084745763,27.46361075806302,-21.011997165201723,7.444181187833126
4.966101694915254,27.46361075806302,-21.415606011286574,8.419490263261808
5.033898305084746,27.46361075806302,-21.691186575084778,9.107203314262467
5.101694915254237,27.46361075806302,-21.878265071669247,9.584168341955397
5.169491525423728,27.46361075806302,-22.004765464986363,9.911211826211558
5.23728813559322,27.46361075806302,-22.09007639981512,10.133914490962848
5.305084745762712,27.46361075806302,-22.14750631093797,10.284625486645762
5.372881355932203,27.46361075806302,-22.186120486482075,10.386743239832125
5.4406779661016955,27.46361075806302,-22.212062426161058,10.45544832216791
5.508474576271187,27.46361075806302,-22.22948133618561,10.50162591984369
5.576271186440678,27.46361075806302,-22.24117310603019,10.532641149509011
5.6440677966101696,27.46361075806302,-22.249018823108084,10.553462943512773
5.711864406779661,27.46361075806302,-22.254282791750096,10.567437136873771
5.779661016949152,27.46361075806302,-22.257814182807262,10.576813730414987
5.847457627118644,27.46361075806302,-22.26018307906852,10.583104487046523
5.915254237288135,27.46361075806302,-22.261772081682096,10.587324561008927
5.983050847457627,27.46361075806302,-22.262837913426495,10.590155366296784
6.0508474576271185,27.46361075806302,-22.26355280955408,10.592054176954754
6.118644067796611,27.46361075806302,-22.264032311861385,10.593327800464197
6.186440677966102,27.46361075806302,-22.26435392521555,10.594182064754763
6.254237288135593,27.46361075806302,-22.264569637314526,10.594755042724943
6.322033898305085,27.46361075806302,-22.264714318801495,10.595139351143727
6.389830508474576,27.46361075806302,-22.26481135864768,10.595397113439846
6.4576271186440675,27.46361075806302,-22.26487644446277,10.595569998402917
6.525423728813559,27.46361075806302,-22.264920098257452,10.595685954592458
6.593220338983051,27.46361075806302,-22.264949377325948,10.595763727780358
6.661016949152542,27.46361075806302,-22.26496901509925,10.595815891117159
6.728813559322034,27.46361075806302,-22.264982186350952,10.595850877616597
6.796610169491526,27.46361075806302,-22.26499102043925,10.595874343418114
6.864406779661017,27.46361075806302,-22.264996945548212,10.595890082164678
6.932203389830509,27.46361075806302,-22.26500091957594,10.59590063829615
7.0,27.46361075806302,-22.265003584994442,10.595907718395805
3.0,28.11655075652632,16.764233399652248,-0.1817283929705782
3.0677966101694913,28.11655075652632,16.75624885207767,-0.18172839297062526
3.135593220338983,28.11655075652632,16.744350306070594,-0.18172839297069532
3.2033898305084745,28.11655075652632,16.726623577163974,-0.18172839297079962
3.2711864406779663,28.11655075652632,16.700223747699876,-0.1817283929709548
3.3389830508474576,28.11655075652632,16.660929216053038,-0.18172839297118526
3.406779661016949,28.11655075652632,16.602490095902308,-0.18172839297152701
3.4745762711864407,28.11655075652632,16.515685891428035,-0.18172839297203242
3.542372881355932,28.11655075652632,16.386984211216944,-0.18172839297277693
3.610169491525424,28.11655075652632,16.196678645004443,-0.1817283929738671
3.6779661016949152,28.11655075652632,15.916405992879906,-0.18172839297544946
3.7457627118644066,28.11655075652632,15.506057665732776,-0.1817283929777164
3.8135593220338984,28.11655075652632,14.910415309930444,-0.1817283929809016
3.8813559322033897,28.11655075652632,14.056526037643387,-0.18172839298525018
3.9491525423728815,28.11655075652632,12.854059790252242,-0.18172839299093924
4.016949152542373,28.11655075652632,11.202564585496077,-0.18172839299792404
4.084745762711864,28.11655075652632,9.010640087541695,-0.18172839300571345
4.152542372881356,28.11655075652632,6.229873359569368,-0.18172839301316435
4.220338983050848,28.11655075652632,2.8973453637180167,-0.1817283930185119
4.288135593220339,28.11655075652632,-0.8343788725019334,-0.18172839301986535
4.3559322033898304,28.11655075652632,-4.708486501388914,-0.18172839301609006
4.423728813559322,28.11655075652632,-8.42686768134996,-0.18172839300750313
4.491525423728813,28.11655075652632,-11.736469564754875,-0.18172839299577084
4.559322033898305,28.11655075652632,-14.490192046746278,-0.1817283929830737
4.627118644067797,28.11655075652632,-16.65574454843628,-0.18172839297121562
4.694915254237288,28.11655075652632,-18.284435564765552,1.6891366411233273
4.762711864406779,28.11655075652632,-19.46871517060402,3.873893743592731
4.830508474576272,28.11655075652632,-20.308881421553437,5.627713868989913
4.898305084745763,28.11655075652632,-20.894554075468587,6.949283176672179
4.966101694915254,28.11655075652632,-21.29784444709623,7.9061371689275175
5.033898305084746,28.11655075652632,-21.573207559341217,8.581209502329614
5.101694915254237,28.11655075652632,-21.760138438441007,9.049894460873617
5.169491525423728,28.11655075652632,-21.88653901446103,9.37134426898103
5.23728813559322,28.11655075652632,-21.9717826332388,9.590463663806627
5.305084745762712,28.11655075652632,-22.029167228308868,9.738717661289963
5.372881355932203,28.11655075652632,-22.06775093467789,9.838616679857187
5.4406779661016955,28.11655075652632,-22.093672404426048,9.906151187832661
5.508474576271187,28.11655075652632,-22.111077569761978,9.95167387891157
5.576271186440678,28.11655075652632,-22.12276011401576,9.98224933124257
5.6440677966101696,28.11655075652632,-22.130599640296523,10.002775925817504
5.711864406779661,28.11655075652632,-22.135859455314122,10.01655201959492
5.779661016949152,28.11655075652632,-22.13938805986683,10.025795697917825
5.847457627118644,28.11655075652632,-22.141755086910006,10.031997285473963
5.915254237288135,28.11655075652632,-22.143342835693918,10.036157543182693
5.983050847457627,28.11655075652632,-22.144407826425567,10.03894822477367
6.0508474576271185,28.11655075652632,-22.145122158452146,10.04082012212242
6.118644067796611,28.11655075652632,-22.14560128239996,10.042075693736107
6.186440677966102,28.11655075652632,-22.14592264197961,10.042917850051351
6.254237288135593,28.11655075652632,-22.14613818386727,10.043482706908794
6.322033898305085,28.11655075652632,-22.14628275119084,10.043861568339821
6.389830508474576,28.11655075652632,-22.146379714466075,10.044115677253432
6.4576271186440675,28.11655075652632,-22.146444748924093,10.044286111841945
6.525423728813559,28.11655075652632,-22.146488368273,10.044400424534725
6.593220338983051,28.11655075652632,-22.146517624238346,10.044477095410484
6.661016949152542,28.11655075652632,-22.14653724651613,10.044528519414587
6.728813559322034,28.11655075652632,-22.14655040737483,10.044563010035933
6.796610169491526,28.11655075652632,-22.146559234492436,10.04458614324699
6.864406779661017,28.11655075652632,-22.146565154926094,10.044601658921874
6.932203389830509,28.11655075652632,-22.146569125818043,10.044612065436981
7.0,28.11655075652632,-22.146571789133354,10.044619045187506
3.0,28.78501422877278,16.851937713694387,-0.18172839298394136
3.0677966101694913,28.78501422877278,16.843959471438836,-0.18172839298397545
3.135593220338983,28.78501422877278,16.832070321597023,-0.1817283929840263
3.2033898305084745,28.78501422877278,16.81435759131463,-0.18172839298410193
3.2711864406779663,28.78501422877278,16.787978609537337,-0.18172839298421445
3.3389830508474576,28.78501422877278,16.748715108397345,-0.18172839298438156
3.406779661016949,28.78501422877278,16.690322137047527,-0.18172839298462942
3.4745762711864407,28.78501422877278,16.603586481003486,-0.18172839298499596
3.542372881355932,28.78501422877278,16.474986435248933,-0.18172839298553592
3.610169491525424,28.78501422877278,16.28483115147848,-0.1817283929863266
3.6779661016949152,28.78501422877278,16.00477982792272,-0.1817283929874744
3.7457627118644066,28.78501422877278,15.594755548831154,-0.18172839298911897
3.8135593220338984,28.78501422877278,14.999583565964304,-0.1817283929914302
3.8813559322033897,28.78501422877278,14.14636860167376,-0.18172839299458668
3.9491525423728815,28.78501422877278,12.944851930102887,-0.1817283929987183
4.016949152542373,28.78501422877278,11.29466089493746,-0.18172839300379545
4.084745762711864,28.78501422877278,9.104467338294434,-0.18172839300946642
4.152542372881356,28.78501422877278,6.3258965545762,-0.18172839301490842
4.220338983050848,28.78501422877278,2.996000223449002,-0.18172839301884844
4.288135593220339,28.78501422877278,-0.7327771066849529,-0.1817283930199196
4.3559322033898304,28.78501422877278,-4.6038253907150555,-0.18172839301729746
4.423728813559322,28.78501422877278,-8.31927020147097,-0.18172839301120294
4.491525423728813,28.78501422877278,-11.626258524678226,-0.18172839300283072
4.559322033898305,28.78501422877278,-14.377806418991751,-0.18172839299374874
4.627118644067797,28.78501422877278,-16.541648805077596,-0.18172839298525653
4.694915254237288,28.78501422877278,-18.16905366006042,1.3192312507688364
4.762711864406779,28.78501422877278,-19.352398051891356,3.449481784513334
4.830508474576272,28.78501422877278,-20.191900831779822,5.165192467761056
4.898305084745763,28.78501422877278,-20.777110985735444,6.46002700097673
4.966101694915254,28.78501422877278,-21.180082882905882,7.399000147676444
5.033898305084746,28.78501422877278,-21.455228543597656,8.062021078432835
5.101694915254237,28.78501422877278,-21.64201180521276,8.522100089656396
5.169491525423728,28.78501422877278,-21.768312563935694,8.837946595371543
5.23728813559322,28.78501422877278,-21.853488866662474,9.052610890267657
5.305084745762712,28.78501422877278,-21.91082814567976,9.198700038986278
5.372881355932203,28.78501422877278,-21.949381382873696,9.297157645549762
5.4406779661016955,28.78501422877278,-21.975282382691034,9.363401057985413
5.508474576271187,28.78501422877278,-21.99267380333834,9.40792453365545
5.576271186440678,28.78501422877278,-22.004347122001327,9.437828950246702
5.6440677966101696,28.78501422877278,-22.012180457484956,9.457905090781761
5.711864406779661,28.78501422877278,-22.017436118878145,9.471378887863379
5.779661016949152,28.78501422877278,-22.02096193692639,9.480419735100568
5.847457627118644,28.78501422877278,-22.02332709475149,9.486485246900727
5.915254237288135,28.78501422877278,-22.024913589705736,9.490568057048279
5.983050847457627,28.78501422877278,-22.025977739424633,9.493318806603005
6.0508474576271185,28.78501422877278,-22.026691507350204,9.495163919196022
6.118644067796611,28.78501422877278,-22.02717025293853,9.496401525138202
6.186440677966102,28.78501422877278,-22.027491358743667,9.497231631310502
6.254237288135593,28.78501422877278,-22.027706730420007,9.4977884058444
6.322033898305085,28.78501422877278,-22.02785118358018,9.498161846304134
6.389830508474576,28.78501422877278,-22.027948070284463,9.498412319284798
6.4576271186440675,28.78501422877278,-22.028013053385408,9.498580315202409
6.525423728813559,28.78501422877278,-22.028056638288543,9.49869299224818
6.593220338983051,28.78501422877278,-22.02808587115074,9.498768566076714
6.661016949152542,28.78501422877278,-22.028105477933,9.498819254279367
6.728813559322034,28.78501422877278,-22.0281186283987,9.498853251391036
6.796610169491526,28.78501422877278,-22.02812744854562,9.498876053600194
6.864406779661017,28.78501422877278,-22.02813336430397,9.498891347268824
6.932203389830509,28.78501422877278,-22.028137332060144,9.498901604882162
7.0,28.78501422877278,-22.02813999327226,9.498908484762826
3.0,29.469370241238586,16.939642027736518,-0.1817283929937927
3.0677966101694913,29.469370241238586,16.931670090799997,-0.18172839299381735
3.135593220338983,29.469370241238586,16.91979033712345,-0.18172839299385407
3.2033898305084745,29.469370241238586,16.902091605465284,-0.18172839299390872
3.2711864406779663,29.469370241238586,16.875733471374794,-0.18172839299399002
3.3389830508474576,29.469370241238586,16.83650100074165,-0.18172839299411073
3.406779661016949,29.469370241238586,16.77815417819274,-0.18172839299428978
3.4745762711864407,29.469370241238586,16.691487070578933,-0.18172839299455457
3.542372881355932,29.469370241238586,16.562988659280915,-0.18172839299494464
3.610169491525424,29.469370241238586,16.37298365795251,-0.18172839299551594
3.6779661016949152,29.469370241238586,16.093153662965534,-0.18172839299634527
3.7457627118644066,29.469370241238586,15.68345343192953,-0.18172839299753374
3.8135593220338984,29.469370241238586,15.088751821998159,-0.18172839299920432
3.8813559322033897,29.469370241238586,14.236211165704129,-0.18172839300148658
3.9491525423728815,29.469370241238586,13.035644069953529,-0.1817283930044755
4.016949152542373,29.469370241238586,11.386757204378837,-0.1817283930081516
4.084745762711864,29.469370241238586,9.198294589047167,-0.18172839301226407
4.152542372881356,29.469370241238586,6.42191974958303,-0.18172839301622296
4.220338983050848,29.469370241238586,3.0946550831799833,-0.1817283930191135
4.288135593220339,29.469370241238586,-0.6311753408679762,-0.1817283930199514
4.3559322033898304,29.469370241238586,-4.499164280041201,-0.18172839301813987
4.423728813559322,29.469370241238586,-8.211672721591984,-0.18172839301383212
4.491525423728813,29.469370241238586,-11.516047484601579,-0.1817283930078813
4.559322033898305,29.469370241238586,-14.265420791237228,-0.18172839300141058
4.627118644067797,29.469370241238586,-16.427553061718918,-0.18172839299535254
4.694915254237288,29.469370241238586,-18.053671755355293,0.9562498195319297
4.762711864406779,29.469370241238586,-19.236080933178695,3.0315959143088693
4.830508474576272,29.469370241238586,-20.07492024200621,4.708907151342865
4.898305084745763,29.469370241238586,-20.659667896002304,5.977642795125496
4.966101694915254,29.469370241238586,-21.062321318715536,6.898117246093165
5.033898305084746,29.469370241238586,-21.337249527854098,7.548423751602975
5.101694915254237,29.469370241238586,-21.52388517198452,8.000303611302188
5.169491525423728,29.469370241238586,-21.65008611341036,8.310147642824695
5.23728813559322,29.469370241238586,-21.735195100086152,8.521657725806689
5.305084745762712,29.469370241238586,-21.792489063050656,8.664510166125321
5.372881355932203,29.469370241238586,-21.831011831069507,8.761304276527417
5.4406779661016955,29.469370241238586,-21.856892360956024,8.826583156023855
5.508474576271187,29.469370241238586,-21.87427003691471,8.870458550288582
5.576271186440678,29.469370241238586,-21.8859341299869,8.89992776968429
5.6440677966101696,29.469370241238586,-21.893761274673395,8.919711783821413
5.711864406779661,29.469370241238586,-21.89901278244217,8.932989542920192
5.779661016949152,29.469370241238586,-21.902535813985953,8.941898857894603
5.847457627118644,29.469370241238586,-21.904899102592978,8.947876128279916
5.915254237288135,29.469370241238586,-21.90648434371756,8.95188590891117
5.983050847457627,29.469370241238586,-21.907547652423702,8.954575652660738
6.0508474576271185,29.469370241238586,-21.90826085624827,8.956379844896082
6.118644067796611,29.469370241238586,-21.908739223477102,8.957590003733248
6.186440677966102,29.469370241238586,-21.90906007550773,8.95840170022732
6.254237288135593,29.469370241238586,-21.909275276972753,8.958946126925492
6.322033898305085,29.469370241238586,-21.909419615969522,8.959311285444306
6.389830508474576,29.469370241238586,-21.909516426102858,8.959556203590033
6.4576271186440675,29.469370241238586,-21.90958135784673,8.959720473800804
6.525423728813559,29.469370241238586,-21.90962490830409,8.959830651967813
6.593220338983051,29.469370241238586,-21.909654118063138,8.95990454976935
6.661016949152542,29.469370241238586,-21.909673709349878,8.959954113842407
6.728813559322034,29.469370241238586,-21.909686849422577,8.959987356988632
6.796610169491526,29.469370241238586,-21.909695662598807,8.960009653505525
6.864406779661017,29.469370241238586,-21.909701573681847,8.960024608001351
6.932203389830509,29.469370241238586,-21.90970553830225,8.960034638128187
7.0,29.469370241238586,-21.90970819741117,8.960041365431447
3.0,30.169996634815767,17.027346341778653,-0.18172839300102853
3.0677966101694913,30.169996634815767,17.019380710161162,-0.18172839300104626
3.135593220338983,30.169996634815767,17.00751035264988,-0.18172839300107269
3.2033898305084745,30.169996634815767,16.98982561961594,-0.181728393001112
3.2711864406779663,30.169996634815767,16.963488333212254,-0.1817283930011705
3.3389830508474576,30.169996634815767,16.924286893085952,-0.18172839300125734
3.406779661016949,30.169996634815767,16.86598621933796,-0.18172839300138616
3.4745762711864407,30.169996634815767,16.779387660154384,-0.1817283930015767
3.542372881355932,30.169996634815767,16.6509908833129,-0.1817283930018574
3.610169491525424,30.169996634815767,16.461136164426545,-0.18172839300226845
3.6779661016949152,30.169996634815767,16.181527498008347,-0.1817283930028653
3.7457627118644066,30.169996634815767,15.772151315027909,-0.18172839300372073
3.8135593220338984,30.169996634815767,15.177920078032017,-0.18172839300492338
3.8813559322033897,30.169996634815767,14.3260537297345,-0.18172839300656693
3.9491525423728815,30.169996634815767,13.126436209804174,-0.18172839300872046
4.016949152542373,30.169996634815767,11.478853513820216,-0.1817283930113714
4.084745762711864,30.169996634815767,9.292121839799904,-0.18172839301434154
4.152542372881356,30.169996634815767,6.517942944589861,-0.18172839301720967
4.220338983050848,30.169996634815767,3.193309942910967,-0.18172839301932092
4.288135593220339,30.169996634815767,-0.5295735750509977,-0.1817283930199694
4.3559322033898304,30.169996634815767,-4.3945031693673435,-0.18172839301872493
4.423728813559322,30.169996634815767,-8.104075241712996,-0.18172839301569305
4.491525423728813,30.169996634815767,-11.405836444524931,-0.18172839301148067
4.559322033898305,30.169996634815767,-14.153035163482702,-0.18172839300688912
4.627118644067797,30.169996634815767,-16.313457318360232,-0.18172839300258498
4.694915254237288,30.169996634815767,-17.93828985065016,0.6002788922005907
4.762711864406779,30.169996634815767,-19.11976381446603,2.6203763589685036
4.830508474576272,30.169996634815767,-19.9579396522326,4.259449271984722
4.898305084745763,30.169996634815767,-20.542224806269164,5.50113147188822
4.966101694915254,30.169996634815767,-20.94455975452519,6.40346970629457
5.033898305084746,30.169996634815767,-21.219270512110537,7.0415501321447955
5.101694915254237,30.169996634815767,-21.405758538756277,7.484652163722292
5.169491525423728,30.169996634815767,-21.531859662885026,7.789136210813028
5.23728813559322,30.169996634815767,-21.616901333509826,7.996332779670412
5.305084745762712,30.169996634815767,-21.67414998042155,8.137068076295614
5.372881355932203,30.169996634815767,-21.712642279265317,8.23190360395153
5.4406779661016955,30.169996634815767,-21.738502339221014,8.295710911977622
5.508474576271187,30.169996634815767,-21.755866270491072,8.338620248685023
5.576271186440678,30.169996634815767,-21.767521137972473,8.367656475919226
5.6440677966101696,30.169996634815767,-21.77534209186183,8.387149843238504
5.711864406779661,30.169996634815767,-21.780589446006196,8.400232557012192
5.779661016949152,30.169996634815767,-21.78410969104552,8.409011005639025
5.847457627118644,30.169996634815767,-21.786471110434466,8.414900481303691
5.915254237288135,30.169996634815767,-21.78805509772938,8.41885136754499
5.983050847457627,30.169996634815767,-21.78911756542277,8.421501605932338
6.0508474576271185,30.169996634815767,-21.78983020514633,8.423279299595752
6.118644067796611,30.169996634815767,-21.790308194015676,8.424471684711861
6.186440677966102,30.169996634815767,-21.79062879227179,8.425271459807911
6.254237288135593,30.169996634815767,-21.790843823525492,8.425807890533825
6.322033898305085,30.169996634815767,-21.790988048358862,8.426167685998376
6.389830508474576,30.169996634815767,-21.791084781921253,8.426409007056835
6.4576271186440675,30.169996634815767,-21.791149662308047,8.426570864650923
6.525423728813559,30.169996634815767,-21.791193178319634,8.426679424645787
6.593220338983051,30.169996634815767,-21.791222364975535,8.426752237120667
6.661016949152542,30.169996634815767,-21.791241940766753,8.42680107325338
6.728813559322034,30.169996634815767,-21.79125507044645,8.42683382816245
6.796610169491526,30.169996634815767,-21.791263876651993,8.426855797213765
6.864406779661017,30.169996634815767,-21.791269783059725,8.426870532075194
6.932203389830509,30.169996634815767,-21.791273744544352,8.426880414891091
7.0,30.169996634815767,-21.79127640155008,8.42688704339149
3.0,30.88728023346244,17.11505065582079,-0.1817283930063193
3.0677966101694913,30.88728023346244,17.10709132952233,-0.181728393006332
3.135593220338983,30.88728023346244,17.09523036817631,-0.1817283930063509
3.2033898305084745,30.88728023346244,17.077559633766597,-0.1817283930063791
3.2711864406779663,30.88728023346244,17.051243195049715,-0.18172839300642102
3.3389830508474576,30.88728023346244,17.01207278543026,-0.18172839300648327
3.406779661016949,30.88728023346244,16.953818260483175,-0.1817283930065756
3.4745762711864407,30.88728023346244,16.867288249729835,-0.18172839300671215
3.542372881355932,30.88728023346244,16.73899310734489,-0.18172839300691335
3.610169491525424,30.88728023346244,16.54928867090058,-0.181728393007208
3.6779661016949152,30.88728023346244,16.269901333051163,-0.18172839300763585
3.7457627118644066,30.88728023346244,15.860849198126287,-0.18172839300824917
3.8135593220338984,30.88728023346244,15.267088334065875,-0.1817283930091116
3.8813559322033897,30.88728023346244,14.415896293764874,-0.18172839301029056
3.9491525423728815,30.88728023346244,13.21722834965482,-0.18172839301183613
4.016949152542373,30.88728023346244,11.570949823261598,-0.18172839301374033
4.084745762711864,30.88728023346244,9.385949090552641,-0.181728393015877
4.152542372881356,30.88728023346244,6.613966139596695,-0.18172839301794655
4.220338983050848,30.88728023346244,3.291964802641952,-0.18172839301948207
4.288135593220339,30.88728023346244,-0.4279718092340171,-0.18172839301997923
4.3559322033898304,30.88728023346244,-4.289842058693485,-0.18172839301912905
4.423728813559322,30.88728023346244,-7.996477761834006,-0.181728393017004
4.491525423728813,30.88728023346244,-11.295625404448282,-0.1817283930140341
4.559322033898305,30.88728023346244,-14.040649535728175,-0.1817283930107888
4.627118644067797,30.88728023346244,-16.199361575001546,-0.18172839300774274
4.694915254237288,30.88728023346244,-17.82290794594503,0.25168362964194596
4.762711864406779,30.88728023346244,-19.003446695753365,2.216076563707157
4.830508474576272,30.88728023346244,-19.840959062458985,3.8163391432096616
4.898305084745763,30.88728023346244,-20.42478171653602,5.031402360994244
4.966101694915254,30.88728023346244,-20.82679819033484,5.915208625858432
5.033898305084746,30.88728023346244,-21.101291496366972,6.540577620162077
5.101694915254237,30.88728023346244,-21.28763190552803,6.9754997214308485
5.169491525423728,30.88728023346244,-21.41363321235969,7.273971664883433
5.23728813559322,30.88728023346244,-21.4986075669335,7.477565201086892
5.305084745762712,30.88728023346244,-21.55581089779244,7.615278259022264
5.372881355932203,30.88728023346244,-21.594272727461124,7.708695629167077
5.4406779661016955,30.88728023346244,-21.620112317486,7.77154920799544
5.508474576271187,30.88728023346244,-21.637462504067436,7.813794894527415
5.576271186440678,30.88728023346244,-21.64910814595804,7.84216968522768
5.6440677966101696,30.88728023346244,-21.656922909050262,7.861219039328013
5.711864406779661,30.88728023346244,-21.662166109570215,7.874003777469853
5.779661016949152,30.88728023346244,-21.665683568105077,7.882582293704464
5.847457627118644,30.88728023346244,-21.66804311827595,7.888337638026038
5.915254237288135,30.88728023346244,-21.669625851741195,7.892198545448597
5.983050847457627,30.88728023346244,-21.670687478421836,7.894788427145522
6.0508474576271185,30.88728023346244,-21.671399554044392,7.896525635835594
6.118644067796611,30.88728023346244,-21.671877164554246,7.8976908658707075
6.186440677966102,30.88728023346244,-21.672197509035847,7.898472427155223
6.254237288135593,30.88728023346244,-21.672412370078234,7.8989966414166215
6.322033898305085,30.88728023346244,-21.672556480748202,7.899348243052855
6.389830508474576,30.88728023346244,-21.67265313773964,7.899584068374644
6.4576271186440675,30.88728023346244,-21.672717966769362,7.899742239899791
6.525423728813559,30.88728023346244,-21.67276144833518,7.899848327601495
6.593220338983051,30.88728023346244,-21.672790611887926,7.899919481880589
6.661016949152542,30.88728023346244,-21.672810172183627,7.899967205843315
6.728813559322034,30.88728023346244,-21.672823291470323,7.899999214808352
6.796610169491526,30.88728023346244,-21.672832090705178,7.90002068354745
6.864406779661017,30.88728023346244,-21.6728379924376,7.900035082844505
6.932203389830509,30.88728023346244,-21.672841950786452,7.900044740594105
7.0,30.88728023346244,-21.672844605688987,7.900051218140372
3.0,31.621617057772824,17.202754969862923,-0.1817283930101719
3.0677966101694913,31.621617057772824,17.194801948883494,-0.18172839301018098
3.135593220338983,31.621617057772824,17.18295038370274,-0.1817283930101945
3.2033898305084745,31.621617057772824,17.165293647917252,-0.18172839301021462
3.2711864406779663,31.621617057772824,17.138998056887175,-0.18172839301024454
3.3389830508474576,31.621617057772824,17.099858677774563,-0.18172839301028898
3.406779661016949,31.621617057772824,17.04165030162839,-0.1817283930103549
3.4745762711864407,31.621617057772824,16.955188839305283,-0.18172839301045238
3.542372881355932,31.621617057772824,16.82699533137687,-0.18172839301059604
3.610169491525424,31.621617057772824,16.637441177374612,-0.18172839301080643
3.6779661016949152,31.621617057772824,16.358275168093975,-0.18172839301111196
3.7457627118644066,31.621617057772824,15.949547081224663,-0.18172839301154997
3.8135593220338984,31.621617057772824,15.356256590099731,-0.18172839301216603
3.8813559322033897,31.621617057772824,14.505738857795244,-0.18172839301300844
3.9491525423728815,31.621617057772824,13.308020489505461,-0.18172839301411342
4.016949152542373,31.621617057772824,11.663046132702975,-0.18172839301547591
4.084745762711864,31.621617057772824,9.479776341305376,-0.181728393017007
4.152542372881356,31.621617057772824,6.709989334603524,-0.18172839301849436
4.220338983050848,31.621617057772824,3.3906196623729334,-0.18172839301960642
4.288135593220339,31.621617057772824,-0.32637004341704046,-0.18172839301998422
4.3559322033898304,31.621617057772824,-4.185180948019631,-0.1817283930194068
4.423728813559322,31.621617057772824,-7.88888028195502,-0.1817283930179235
4.491525423728813,31.621617057772824,-11.185414364371637,-0.18172839301583787
4.559322033898305,31.621617057772824,-13.928263907973651,-0.1817283930135531
4.627118644067797,31.621617057772824,-16.085265831642864,-0.18172839301140575
4.694915254237288,31.621617057772824,-17.707526041239902,-0.08960164556889522
4.762711864406779,31.621617057772824,-18.887129577040703,1.8186262072505783
4.830508474576272,31.621617057772824,-19.723978472685374,3.3797491080112656
4.898305084745763,31.621617057772824,-20.307338626802885,4.568051648173679
4.966101694915254,31.621617057772824,-20.709036626144496,5.433454166272121
5.033898305084746,31.621617057772824,-20.983312480623415,6.046382073802728
5.101694915254237,31.621617057772824,-21.16950527229979,6.472437873126227
5.169491525423728,31.621617057772824,-21.29540676183436,6.765411934968286
5.23728813559322,31.621617057772824,-21.380313800357175,6.964962497446968
5.305084745762712,31.621617057772824,-21.437471815163338,7.100380106500327
5.372881355932203,31.621617057772824,-21.475903175656935,7.191634174163438
5.4406779661016955,31.621617057772824,-21.50172229575099,7.253065032920717
5.508474576271187,31.621617057772824,-21.519058737643803,7.294673330907234
5.576271186440678,31.621617057772824,-21.53069515394361,7.322620100547155
5.6440677966101696,31.621617057772824,-21.5385037262387,7.341382143301937
5.711864406779661,31.621617057772824,-21.54374277313424,7.353974073840065
5.779661016949152,31.621617057772824,-21.547257445164643,7.362423224852845
5.847457627118644,31.621617057772824,-21.549615126117438,7.368091781392192
5.915254237288135,31.621617057772824,-21.55119660575302,7.371894469841557
5.983050847457627,31.621617057772824,-21.55225739142091,7.374445299208783
6.0508474576271185,31.621617057772824,-21.552968902942457,7.376156313190997
6.118644067796611,31.621617057772824,-21.55344613509282,7.377303973314425
6.186440677966102,31.621617057772824,-21.553766225799908,7.378073749900004
6.254237288135593,31.621617057772824,-21.553980916630977,7.378590059875509
6.322033898305085,31.621617057772824,-21.554124913137546,7.3789363599528235
6.389830508474576,31.621617057772824,-21.554221493558035,7.379168629433064
6.4576271186440675,31.621617057772824,-21.554286271230684,7.379324416005518
6.525423728813559,31.621617057772824,-21.554329718350726,7.379428904089615
6.593220338983051,31.621617057772824,-21.554358858800327,7.379498985486782
6.661016949152542,31.621617057772824,-21.554378403600506,7.379545989855948
6.728813559322034,31.621617057772824,-21.5543915124942,7.379577516182114
6.796610169491526,31.621617057772824,-21.554400304758364,7.3795986612104585
6.864406779661017,31.621617057772824,-21.55440620181548,7.379612843391514
6.932203389830509,31.621617057772824,-21.55441015702856,7.379622355519299
7.0,31.621617057772824,-21.554412809827898,7.379628735395595
3.0,32.37341254362488,17.29045928390506,-0.18172839301296378
3.0677966101694913,32.37341254362488,17.28251256824466,-0.18172839301297022
3.135593220338983,32.37341254362488,17.270670399229168,-0.18172839301297986
3.2033898305084745,32.37341254362488,17.253027662067907,-0.18172839301299418
3.2711864406779663,32.37341254362488,17.226752918724635,-0.18172839301301544
3.3389830508474576,32.37341254362488,17.18764457011887,-0.18172839301304708
3.406779661016949,32.37341254362488,17.129482342773606,-0.18172839301309396
3.4745762711864407,32.37341254362488,17.043089428880734,-0.18172839301316335
3.542372881355932,32.37341254362488,16.91499755540886,-0.18172839301326552
3.610169491525424,32.37341254362488,16.725593683848647,-0.18172839301341523
3.6779661016949152,32.37341254362488,16.44664900313679,-0.18172839301363264
3.7457627118644066,32.37341254362488,16.03824496432304,-0.18172839301394433
3.8135593220338984,32.37341254362488,15.445424846133589,-0.18172839301438284
3.8813559322033897,32.37341254362488,14.595581421825617,-0.18172839301498264
3.9491525423728815,32.37341254362488,13.398812629356108,-0.18172839301576982
4.016949152542373,32.37341254362488,11.755142442144356,-0.18172839301674118
4.084745762711864,32.37341254362488,9.573603592058113,-0.1817283930178344
4.152542372881356,32.37341254362488,6.806012529610356,-0.18172839301889945
4.220338983050848,32.37341254362488,3.4892745221039188,-0.18172839301970173
4.288135593220339,32.37341254362488,-0.2247682776000599,-0.18172839301998658
4.3559322033898304,32.37341254362488,-4.080519837345772,-0.18172839301959656
4.423728813559322,32.37341254362488,-7.7812828020760305,-0.1817283930185652
4.491525423728813,32.37341254362488,-11.075203324294986,-0.1817283930171059
4.559322033898305,32.37341254362488,-13.815878280219122,-0.18172839301550314
4.627118644067797,32.37341254362488,-15.97117008828418,-0.18172839301399477
4.694915254237288,32.37341254362488,-17.59214413653477,-0.18172839301271654
4.762711864406779,32.37341254362488,-18.770812458328038,1.4281400181189914
4.830508474576272,32.37341254362488,-19.606997882911763,2.9500997958561843
4.898305084745763,32.37341254362488,-20.18989553706974,4.111055473347881
4.966101694915254,32.37341254362488,-20.591275061954146,4.957958339435074
5.033898305084746,32.37341254362488,-20.86533346487985,5.558187628147117
5.101694915254237,32.37341254362488,-21.051378639071544,5.976088773390202
5.169491525423728,32.37341254362488,-21.177180311309023,6.2630455993721075
5.23728813559322,32.37341254362488,-21.26202003378085,6.458815974930602
5.305084745762712,32.37341254362488,-21.31913273253423,6.591388241777059
5.372881355932203,32.37341254362488,-21.357533623852742,6.681241201528453
5.4406779661016955,32.37341254362488,-21.383332274015977,6.741697408311527
5.508474576271187,32.37341254362488,-21.400654971220163,6.7823321370648975
5.576271186440678,32.37341254362488,-21.41228216192918,6.809625082931533
5.6440677966101696,32.37341254362488,-21.420084543427137,6.8279482207525675
5.711864406779661,32.37341254362488,-21.425319436698263,6.840245602884917
5.779661016949152,32.37341254362488,-21.428831322224205,6.848497120651339
5.847457627118644,32.37341254362488,-21.43118713395892,6.854033088119294
5.915254237288135,32.37341254362488,-21.432767359764835,6.857746832261893
5.983050847457627,32.37341254362488,-21.433827304419975,6.860237998838763
6.0508474576271185,32.37341254362488,-21.434538251840515,6.86190899327235
6.118644067796611,32.37341254362488,-21.43501510563139,6.863029810488274
6.186440677966102,32.37341254362488,-21.435334942563962,6.863781582643947
6.254237288135593,32.37341254362488,-21.435549463183715,6.86428581659095
6.322033898305085,32.37341254362488,-21.435693345526886,6.86462401703252
6.389830508474576,32.37341254362488,-21.435789849376427,6.864850853952273
6.4576271186440675,32.37341254362488,-21.435854575691998,6.8650029968288315
6.525423728813559,32.37341254362488,-21.435897988366268,6.865105041039828
6.593220338983051,32.37341254362488,-21.435927105712718,6.865173483302853
6.661016949152542,32.37341254362488,-21.435946635017377,6.865219388286861
6.728813559322034,32.37341254362488,-21.43595973351807,6.8652501772439205
6.796610169491526,32.37341254362488,-21.43596851881155,6.865270827711322
6.864406779661017,32.37341254362488,-21.435974411193353,6.865284678185454
6.932203389830509,32.37341254362488,-21.43597836327066,6.865293967834178
7.0,32.37341254362488,-21.435981013966803,6.865300198491599
3.0,33.14308176602603,17.378163597947196,-0.18172839301499022
3.0677966101694913,33.14308176602603,17.370223187605824,-0.1817283930149948
3.135593220338983,33.14308176602603,17.358390414755593,-0.1817283930150016
3.2033898305084745,33.14308176602603,17.340761676218563,-0.1817283930150117
3.2711864406779663,33.14308176602603,17.314507780562092,-0.18172839301502677
3.3389830508474576,33.14308176602603,17.27543046246317,-0.18172839301504914
3.406779661016949,33.14308176602603,17.217314383918822,-0.1817283930150823
3.4745762711864407,33.14308176602603,17.13099001845618,-0.18172839301513138
3.542372881355932,33.14308176602603,17.00299977944084,-0.18172839301520366
3.610169491525424,33.14308176602603,16.813746190322682,-0.18172839301530958
3.6779661016949152,33.14308176602603,16.535022838179604,-0.1817283930154634
3.7457627118644066,33.14308176602603,16.126942847421418,-0.18172839301568394
3.8135593220338984,33.14308176602603,15.534593102167445,-0.1817283930159943
3.8813559322033897,33.14308176602603,14.685423985855985,-0.18172839301641897
3.9491525423728815,33.14308176602603,13.48960476920675,-0.1817283930169765
4.016949152542373,33.14308176602603,11.847238751585735,-0.18172839301766514
4.084745762711864,33.14308176602603,9.667430842810848,-0.18172839301844118
4.152542372881356,33.14308176602603,6.9020357246171855,-0.18172839301919944
4.220338983050848,33.14308176602603,3.5879293818349005,-0.18172839301977473
4.288135593220339,33.14308176602603,-0.12316651178308313,-0.1817283930199875
4.3559322033898304,33.14308176602603,-3.975858726671917,-0.18172839301972618
4.423728813559322,33.14308176602603,-7.673685322197044,-0.18172839301901333
4.491525423728813,33.14308176602603,-10.96499228421834,-0.18172839301799815
4.559322033898305,33.14308176602603,-13.703492652464599,-0.18172839301688026
4.627118644067797,33.14308176602603,-15.8570743449255,-0.18172839301582677
4.694915254237288,33.14308176602603,-17.47676223182964,-0.18172839301493335
4.762711864406779,33.14308176602603,-18.654495339615373,1.044748975527066
4.830508474576272,33.14308176602603,-19.490017293138152,2.527323809593513
4.898305084745763,33.14308176602603,-20.0724524473366,3.661211894758526
4.966101694915254,33.14308176602603,-20.473513497763804,4.489482519692778
5.033898305084746,33.14308176602603,-20.747354449136292,5.077083094823817
5.101694915254237,33.14308176602603,-20.9332520058433,5.486045570225174
5.169491525423728,33.14308176602603,-21.058953860783692,5.767380468395395
5.23728813559322,33.14308176602603,-21.143726267204528,5.95909827583816
5.305084745762712,33.14308176602603,-21.200793649905123,6.089262476882206
5.372881355932203,33.14308176602603,-21.239164072048556,6.176978293030578
5.4406779661016955,33.14308176602603,-21.264942252280967,6.236089768339795
5.508474576271187,33.14308176602603,-21.28225120479653,6.276094953375855
5.576271186440678,33.14308176602603,-21.293869169914753,6.302965143063744
5.6440677966101696,33.14308176602603,-21.301665360615573,6.321004502222287
5.711864406779661,33.14308176602603,-21.30689610026229,6.3331114468197525
5.779661016949152,33.14308176602603,-21.31040519928377,6.341235189291113
5.847457627118644,33.14308176602603,-21.312759141800413,6.346685435490416
5.915254237288135,33.14308176602603,-21.31433811377666,6.350341676041137
5.983050847457627,33.14308176602603,-21.315397217419044,6.35279427012858
6.0508474576271185,33.14308176602603,-21.31610760073858,6.354439391699986
6.118644067796611,33.14308176602603,-21.316584076169963,6.3555428548746855
6.186440677966102,33.14308176602603,-21.316903659328027,6.356282987120285
6.254237288135593,33.14308176602603,-21.317118009736458,6.35677941389374
6.322033898305085,33.14308176602603,-21.31726177791623,6.357112377911079
6.389830508474576,33.14308176602603,-21.31735820519482,6.357335702675964
6.4576271186440675,33.14308176602603,-21.317422880153316,6.357485489900995
6.525423728813559,33.14308176602603,-21.317466258381817,6.357585954147003
6.593220338983051,33.14308176602603,-21.31749535262512,6.357653336709317
6.661016949152542,33.14308176602603,-21.317514866434255,6.357698530940552
6.728813559322034,33.14308176602603,-21.317527954541948,6.357728843188333
6.796610169491526,33.14308176602603,-21.317536732864735,6.357749173922019
6.864406779661017,33.14308176602603,-21.31754262057123,6.357762809947581
6.932203389830509,33.14308176602603,-21.317546569512764,6.3577719557635515
7.0,33.14308176602603,-21.317549218105714,6.357778089950976
3.0,33.93104966828103,17.46586791198933,-0.18172839301643742
3.0677966101694913,33.93104966828103,17.457933806966988,-0.18172839301644067
3.135593220338983,33.93104966828103,17.446110430282022,-0.18172839301644547
3.2033898305084745,33.93104966828103,17.428495690369218,-0.18172839301645263
3.2711864406779663,33.93104966828103,17.402262642399553,-0.18172839301646324
3.3389830508474576,33.93104966828103,17.363216354807477,-0.18172839301647906
3.406779661016949,33.93104966828103,17.305146425064038,-0.18172839301650248
3.4745762711864407,33.93104966828103,17.21889060803163,-0.18172839301653715
3.542372881355932,33.93104966828103,17.091002003472827,-0.18172839301658822
3.610169491525424,33.93104966828103,16.901898696796714,-0.18172839301666302
3.6779661016949152,33.93104966828103,16.623396673222416,-0.18172839301677168
3.7457627118644066,33.93104966828103,16.215640730519798,-0.18172839301692753
3.8135593220338984,33.93104966828103,15.623761358201302,-0.18172839301714683
3.8813559322033897,33.93104966828103,14.775266549886357,-0.18172839301744703
3.9491525423728815,33.93104966828103,13.580396909057393,-0.18172839301784136
4.016949152542373,33.93104966828103,11.939335061027114,-0.18172839301832874
4.084745762711864,33.93104966828103,9.761258093563583,-0.18172839301887883
4.152542372881356,33.93104966828103,6.998058919624017,-0.1817283930194178
4.220338983050848,33.93104966828103,3.6865842415658836,-0.18172839301982957
4.288135593220339,33.93104966828103,-0.02156474596610458,-0.18172839301998775
4.3559322033898304,33.93104966828103,-3.87119761599806,-0.18172839301981333
4.423728813559322,33.93104966828103,-7.566087842318057,-0.18172839301932153
4.491525423728813,33.93104966828103,-10.854781244141693,-0.18172839301861646
4.559322033898305,33.93104966828103,-13.591107024710073,-0.18172839301783797
4.627118644067797,33.93104966828103,-15.742978601566817,-0.1817283930171033
4.694915254237288,33.93104966828103,-17.36138032712451,-0.18172839301647978
4.762711864406779,33.93104966828103,-18.53817822090271,0.6687465764839126
4.830508474576272,33.93104966828103,-19.37303670336454,2.111437173710794
4.898305084745763,33.93104966828103,-19.955009357603462,3.21795587291062
4.966101694915254,33.93104966828103,-20.355751933573455,4.027373517613651
5.033898305084746,33.93104966828103,-20.62937543339273,4.602169938325663
5.101694915254237,33.93104966828103,-20.815125372615057,5.002650783189825
5.169491525423728,33.93104966828103,-20.940727410258358,5.277968100595801
5.23728813559322,33.93104966828103,-21.025432500628202,5.466014436434752
5.305084745762712,33.93104966828103,-21.082454567276017,5.593229464634837
5.372881355932203,33.93104966828103,-21.120794520244367,5.679562199005472
5.4406779661016955,33.93104966828103,-21.146552230545957,5.737650714047815
5.508474576271187,33.93104966828103,-21.163847438372898,5.776694412165141
5.576271186440678,33.93104966828103,-21.175456177900323,5.802918887656603
5.6440677966101696,33.93104966828103,-21.183246177804012,5.820524783687346
5.711864406779661,33.93104966828103,-21.188472763826315,5.832340830936321
5.779661016949152,33.93104966828103,-21.191979076343333,5.84026938949401
5.847457627118644,33.93104966828103,-21.194331149641897,5.845588689652824
5.915254237288135,33.93104966828103,-21.19590886778848,5.849157088001283
5.983050847457627,33.93104966828103,-21.196967130418113,5.851550758538933
6.0508474576271185,33.93104966828103,-21.19767694963664,5.853156356399246
6.118644067796611,33.93104966828103,-21.198153046708537,5.854233309239222
6.186440677966102,33.93104966828103,-21.198472376092084,5.85495566011905
6.254237288135593,33.93104966828103,-21.1986865562892,5.855440160477231
6.322033898305085,33.93104966828103,-21.19883021030557,5.855765125206711
6.389830508474576,33.93104966828103,-21.198926561013213,5.855983084715815
6.4576271186440675,33.93104966828103,-21.198991184614634,5.8561292733870225
6.525423728813559,33.93104966828103,-21.199034528397362,5.856227324037234
6.593220338983051,33.93104966828103,-21.199063599537514,5.856293087772725
6.661016949152542,33.93104966828103,-21.19908309785113,5.856337196239115
6.728813559322034,33.93104966828103,-21.19909617556582,5.85636678025306
6.796610169491526,33.93104966828103,-21.19910494691792,5.856386622552943
6.864406779661017,33.93104966828103,-21.19911082994911,5.856399930981112
6.932203389830509,33.93104966828103,-21.199114775754868,5.856408857074309
7.0,33.93104966828103,-21.199117422244623,5.856414843891539
3.0,34.73775129660795,17.553572226031466,-0.1817283930174775
3.0677966101694913,34.73775129660795,17.545644426328156,-0.18172839301747978
3.135593220338983,34.73775129660795,17.533830445808455,-0.18172839301748317
3.2033898305084745,34.73775129660795,17.516229704519876,-0.1817283930174882
3.2711864406779663,34.73775129660795,17.490017504237013,-0.18172839301749566
3.3389830508474576,34.73775129660795,17.451002247151784,-0.18172839301750676
3.406779661016949,34.73775129660795,17.392978466209254,-0.18172839301752322
3.4745762711864407,34.73775129660795,17.30679119760708,-0.18172839301754762
3.542372881355932,34.73775129660795,17.179004227504816,-0.1817283930175835
3.610169491525424,34.73775129660795,16.99005120327075,-0.1817283930176361
3.6779661016949152,34.73775129660795,16.711770508265232,-0.18172839301771251
3.7457627118644066,34.73775129660795,16.304338613618178,-0.1817283930178221
3.8135593220338984,34.73775129660795,15.712929614235161,-0.18172839301797636
3.8813559322033897,34.73775129660795,14.86510911391673,-0.18172839301818758
3.9491525423728815,34.73775129660795,13.67118904890804,-0.1817283930184651
4.016949152542373,34.73775129660795,12.031431370468495,-0.18172839301880847
4.084745762711864,34.73775129660795,9.855085344316322,-0.18172839301919652
4.152542372881356,34.73775129660795,7.09408211463085,-0.18172839301957777
4.220338983050848,34.73775129660795,3.7852391012968685,-0.181728393019871
4.288135593220339,34.73775129660795,0.08003701985087597,-0.18172839301998772
4.3559322033898304,34.73775129660795,-3.766536505324201,-0.18172839301987218
4.423728813559322,34.73775129660795,-7.458490362439067,-0.18172839301953456
4.491525423728813,34.73775129660795,-10.744570204065043,-0.18172839301904725
4.559322033898305,34.73775129660795,-13.478721396955546,-0.18172839301850768
4.627118644067797,34.73775129660795,-15.628882858208131,-0.1817283930179978
4.694915254237288,34.73775129660795,-17.245998422419376,-0.18172839301756472
4.762711864406779,34.73775129660795,-18.421861102190043,0.300120150616545
4.830508474576272,34.73775129660795,-19.256056113590926,1.7025885920052146
4.898305084745763,34.73775129660795,-19.83756626787032,2.7814684858958456
4.966101694915254,34.73775129660795,-20.237990369383105,3.5720551534367133
5.033898305084746,34.73775129660795,-20.511396417649166,4.1341916240717715
5.101694915254237,34.73775129660795,-20.696998739386814,4.526036297620761
5.169491525423728,34.73775129660795,-20.82250095973302,4.795621613907596
5.23728813559322,34.73775129660795,-20.907138734051877,4.979336092710855
5.305084745762712,34.73775129660795,-20.96411548464691,5.104315055720349
5.372881355932203,34.73775129660795,-21.002424968440174,5.188538449733793
5.4406779661016955,34.73775129660795,-21.028162208810944,5.245208122529092
5.508474576271187,34.73775129660795,-21.04544367194926,5.283501141136943
5.576271186440678,34.73775129660795,-21.05704318588589,5.309308423237582
5.6440677966101696,34.73775129660795,-21.064826994992444,5.326634273272522
5.711864406779661,34.73775129660795,-21.070049427390337,5.338262387265144
5.779661016949152,34.73775129660795,-21.073552953402892,5.346064850505748
5.847457627118644,34.73775129660795,-21.07590315748338,5.3512995563236405
5.915254237288135,34.73775129660795,-21.077479621800297,5.354811206989072
5.983050847457627,34.73775129660795,-21.078537043417178,5.3571668120630065
6.0508474576271185,34.73775129660795,-21.079246298534702,5.358746877141803
6.118644067796611,34.73775129660795,-21.079722017247107,5.3598067040420565
6.186440677966102,34.73775129660795,-21.080041092856142,5.3605175680044015
6.254237288135593,34.73775129660795,-21.08025510284194,5.360994363803881
6.322033898305085,34.73775129660795,-21.08039864269491,5.36131416093444
6.389830508474576,34.73775129660795,-21.080494916831604,5.361528654450707
6.4576271186440675,34.73775129660795,-21.080559489075952,5.361672518431821
6.525423728813559,34.73775129660795,-21.080602798412905,5.361769009883213
6.593220338983051,34.73775129660795,-21.080631846449908,5.361833727846078
6.661016949152542,34.73775129660795,-21.080651329268004,5.361877134901411
6.728813559322034,34.73775129660795,-21.080664396589693,5.361906248471673
6.796610169491526,34.73775129660795,-21.080673160971106,5.361925775240218
6.864406779661017,34.73775129660795,-21.080679039326984,5.361938872038397
6.932203389830509,34.73775129660795,-21.08068298199697,5.361947656189308
7.0,34.73775129660795,-21.08068562638353,5.361953547804463
3.0,35.563632040332315,17.6412765400736,-0.18172839301822205
3.0677966101694913,35.563632040332315,17.63335504568932,-0.1817283930182236
3.135593220338983,35.563632040332315,17.62155046133488,-0.181728393018226
3.2033898305084745,35.563632040332315,17.603963718670528,-0.18172839301822952
3.2711864406779663,35.563632040332315,17.577772366074473,-0.1817283930182347
3.3389830508474576,35.563632040332315,17.538788139496088,-0.18172839301824248
3.406779661016949,35.563632040332315,17.48081050735447,-0.18172839301825403
3.4745762711864407,35.563632040332315,17.394691787182527,-0.18172839301827107
3.542372881355932,35.563632040332315,17.2670064515368,-0.18172839301829619
3.610169491525424,35.563632040332315,17.07820370974478,-0.18172839301833296
3.6779661016949152,35.563632040332315,16.800144343308045,-0.18172839301838642
3.7457627118644066,35.563632040332315,16.39303649671655,-0.18172839301846308
3.8135593220338984,35.563632040332315,15.802097870269016,-0.18172839301857102
3.8813559322033897,35.563632040332315,14.9549516779471,-0.18172839301871885
3.9491525423728815,35.563632040332315,13.761981188758682,-0.18172839301891322
4.016949152542373,35.563632040332315,12.123527679909872,-0.18172839301915383
4.084745762711864,35.563632040332315,9.948912595069055,-0.18172839301942617
4.152542372881356,35.563632040332315,7.19010530963768,-0.18172839301969446
4.220338983050848,35.563632040332315,3.8838939610278502,-0.18172839301990218
4.288135593220339,35.563632040332315,0.18163878566785252,-0.18172839301998758
4.3559322033898304,35.563632040332315,-3.6618753946503464,-0.18172839301991167
4.423728813559322,35.563632040332315,-7.350892882560081,-0.1817283930196812
4.491525423728813,35.563632040332315,-10.634359163988398,-0.18172839301934612
4.559322033898305,35.563632040332315,-13.366335769201022,-0.18172839301897412
4.627118644067797,35.563632040332315,-15.514787114849451,-0.18172839301862206
4.694915254237288,35.563632040332315,-17.130616517714248,-0.18172839301832278
4.762711864406779,35.563632040332315,-18.30554398347738,-0.061034680883458446
4.830508474576272,35.563632040332315,-19.139075523817315,1.3009195476026716
4.898305084745763,35.563632040332315,-19.720123178137182,2.351923069294499
4.966101694915254,35.563632040332315,-20.120228805192763,3.123852426215712
5.033898305084746,35.563632040332315,-20.39341740190561,3.673045505672419
5.101694915254237,35.563632040332315,-20.57887210615857,4.0558321091134975
5.169491525423728,35.563632040332315,-20.70427450920769,4.319585609436176
5.23728813559322,35.563632040332315,-20.788844967475555,4.499737086988183
5.305084745762712,35.563632040332315,-20.845776402017805,4.62161191262809
5.372881355932203,35.563632040332315,-20.884055416635984,4.704252328527006
5.4406779661016955,35.563632040332315,-20.909772187075934,4.76000460311761
5.508474576271187,35.563632040332315,-20.92703990552563,4.797478387942047
5.576271186440678,35.563632040332315,-20.938630193871465,4.822648566870534
5.6440677966101696,35.563632040332315,-20.946407812180883,4.8395467322183086
5.711864406779661,35.563632040332315,-20.951626090954363,4.85088782584304
5.779661016949152,35.563632040332315,-20.955126830462458,4.858497706094212
5.847457627118644,35.563632040332315,-20.957475165324873,4.8636032106046265
5.915254237288135,35.563632040332315,-20.95905037581212,4.867028189397547
5.983050847457627,35.563632040332315,-20.960106956416247,4.869325655927286
6.0508474576271185,35.563632040332315,-20.960815647432764,4.870866723830128
6.118644067796611,35.563632040332315,-20.96129098778568,4.871900393558761
6.186440677966102,35.563632040332315,-20.961609809620203,4.872593713030143
6.254237288135593,35.563632040332315,-20.96182364939468,4.873058741290736
6.322033898305085,35.563632040332315,-20.961967075084253,4.873370645694348
6.389830508474576,35.563632040332315,-20.96206327265,4.873579845426689
6.4576271186440675,35.563632040332315,-20.96212779353727,4.873720158791035
6.525423728813559,35.563632040332315,-20.962171068428454,4.8738142687985615
6.593220338983051,35.563632040332315,-20.962200093362306,4.873877389499252
6.661016949152542,35.563632040332315,-20.962219560684883,4.873919725253369
6.728813559322034,35.563632040332315,-20.96223261761357,4.87394812029069
6.796610169491526,35.563632040332315,-20.962241375024295,4.873967165131927
6.864406779661017,35.563632040332315,-20.962247248704863,4.87397993869667
6.932203389830509,35.563632040332315,-20.962251188239073,4.873988506051754
7.0,35.563632040332315,-20.96225383052244,4.873994252259856
3.0,36.40914787779178,17.728980854115736,-0.18172839301875315
3.0677966101694913,36.40914787779178,17.721065665050485,-0.18172839301875426
3.135593220338983,36.40914787779178,17.70927047686131,-0.1817283930187559
3.2033898305084745,36.40914787779178,17.691697732821183,-0.18172839301875834
3.2711864406779663,36.40914787779178,17.66552722791193,-0.18172839301876198
3.3389830508474576,36.40914787779178,17.62657403184039,-0.18172839301876736
3.406779661016949,36.40914787779178,17.568642548499685,-0.18172839301877539
3.4745762711864407,36.40914787779178,17.482592376757975,-0.18172839301878724
3.542372881355932,36.40914787779178,17.355008675568786,-0.18172839301880467
3.610169491525424,36.40914787779178,17.166356216218816,-0.18172839301883026
3.6779661016949152,36.40914787779178,16.88851817835086,-0.18172839301886742
3.7457627118644066,36.40914787779178,16.48173437981493,-0.18172839301892077
3.8135593220338984,36.40914787779178,15.891266126302874,-0.18172839301899582
3.8813559322033897,36.40914787779178,15.04479424197747,-0.1817283930190987
3.9491525423728815,36.40914787779178,13.852773328609326,-0.181728393019234
4.016949152542373,36.40914787779178,12.215623989351252,-0.18172839301940164
4.084745762711864,36.40914787779178,10.042739845821792,-0.1817283930195916
4.152542372881356,36.40914787779178,7.286128504644511,-0.18172839301977922
4.220338983050848,36.40914787779178,3.9825488207588338,-0.18172839301992547
4.288135593220339,36.40914787779178,0.28324055148483107,-0.18172839301998744
4.3559322033898304,36.40914787779178,-3.5572142839764895,-0.18172839301993804
4.423728813559322,36.40914787779178,-7.243295402681093,-0.18172839301978166
4.491525423728813,36.40914787779178,-10.52414812391175,-0.1817283930195527
4.559322033898305,36.40914787779178,-13.253950141446497,-0.18172839301929775
4.627118644067797,36.40914787779178,-15.400691371490767,-0.18172839301905613
4.694915254237288,36.40914787779178,-17.01523461300912,-0.18172839301885055
4.762711864406779,36.40914787779178,-18.18922686476472,-0.1817283930186882
4.830508474576272,36.40914787779178,-19.022094934043704,0.9065642383460581
4.898305084745763,36.40914787779178,-19.60268008840404,1.9296681469958825
4.966101694915254,36.40914787779178,-20.002467241002414,2.6824708003638302
5.033898305084746,36.40914787779178,-20.275438386162048,3.2185817497421465
5.101694915254237,36.40914787779178,-20.460745472930327,3.592941325342212
5.169491525423728,36.40914787779178,-20.586048058682355,3.8506858245081506
5.23728813559322,36.40914787779178,-20.67055120089923,4.026556414038563
5.305084745762712,36.40914787779178,-20.7274373193887,4.14610879088106
5.372881355932203,36.40914787779178,-20.765685864831795,4.226888236588588
5.4406779661016955,36.40914787779178,-20.791382165340924,4.281241462036871
5.508474576271187,36.40914787779178,-20.808636139101992,4.317775062454642
5.576271186440678,36.40914787779178,-20.820217201857034,4.342313826401261
5.6440677966101696,36.40914787779178,-20.82798862936932,4.358860288146619
5.711864406779661,36.40914787779178,-20.833202754518386,4.370016088471265
5.779661016949152,36.40914787779178,-20.83670070752202,4.3775016444202315
5.847457627118644,36.40914787779178,-20.839047173166357,4.382523742593183
5.915254237288135,36.40914787779178,-20.840621129823937,4.385892770583405
5.983050847457627,36.40914787779178,-20.841676869415316,4.388152706158442
6.0508474576271185,36.40914787779178,-20.84238499633083,4.389668599795221
6.118644067796611,36.40914787779178,-20.84285995832425,4.390685384050677
6.186440677966102,36.40914787779178,-20.84317852638426,4.391367377890848
6.254237288135593,36.40914787779178,-20.843392195947423,4.391824809770371
6.322033898305085,36.40914787779178,-20.843535507473597,4.39213161913144
6.389830508474576,36.40914787779178,-20.843631628468394,4.392337401535472
6.4576271186440675,36.40914787779178,-20.84369609799859,4.39247542284961
6.525423728813559,36.40914787779178,-20.843739338443996,4.392567995550239
6.593220338983051,36.40914787779178,-20.8437683402747,4.39263008516146
6.661016949152542,36.40914787779178,-20.843787792101757,4.392671729352673
6.728813559322034,36.40914787779178,-20.843800838637446,4.392699660551566
6.796610169491526,36.40914787779178,-20.84380958907748,4.39271839429166
6.864406779661017,36.40914787779178,-20.84381545808274,4.392730959197807
6.932203389830509,36.40914787779178,-20.843819394481176,4.3927393866035365
7.0,36.40914787779178,-20.84382203466135,4.392745038946251
3.0,37.274765628086925,17.81668516815787,-0.18172839301913343
3.0677966101694913,37.274765628086925,17.80877628441165,-0.1817283930191342
3.135593220338983,37.274765628086925,17.796990492387742,-0.18172839301913532
3.2033898305084745,37.274765628086925,17.77943174697184,-0.181728393019137
3.2711864406779663,37.274765628086925,17.753282089749394,-0.1817283930191395
3.3389830508474576,37.274765628086925,17.7143599241847,-0.18172839301914323
3.406779661016949,37.274765628086925,17.656474589644905,-0.18172839301914873
3.4745762711864407,37.274765628086925,17.570492966333425,-0.1817283930191569
3.542372881355932,37.274765628086925,17.443010899600772,-0.1817283930191689
3.610169491525424,37.274765628086925,17.25450872269285,-0.1817283930191865
3.6779661016949152,37.274765628086925,16.976892013393673,-0.18172839301921206
3.7457627118644066,37.274765628086925,16.570432262913307,-0.18172839301924876
3.8135593220338984,37.274765628086925,15.980434382336732,-0.18172839301930047
3.8813559322033897,37.274765628086925,15.134636806007844,-0.1817283930193713
3.9491525423728815,37.274765628086925,13.94356546845997,-0.1817283930194645
4.016949152542373,37.274765628086925,12.307720298792633,-0.18172839301958008
4.084745762711864,37.274765628086925,10.13656709657453,-0.18172839301971122
4.152542372881356,37.274765628086925,7.382151699651343,-0.1817283930198411
4.220338983050848,37.274765628086925,4.081203680489819,-0.18172839301994292
4.288135593220339,37.274765628086925,0.3848423173018116,-0.18172839301998736
4.3559322033898304,37.274765628086925,-3.452553173302631,-0.1817283930199557
4.423728813559322,37.274765628086925,-7.135697922802104,-0.18172839301985072
4.491525423728813,37.274765628086925,-10.4139370838351,-0.1817283930196959
4.559322033898305,37.274765628086925,-13.141564513691968,-0.18172839301952295
4.627118644067797,37.274765628086925,-15.286595628132082,-0.18172839301935886
4.694915254237288,37.274765628086925,-16.899852708303985,-0.1817283930192191
4.762711864406779,37.274765628086925,-18.07290974605205,-0.18172839301910867
4.830508474576272,37.274765628086925,-18.90511434427009,0.5196495068837741
4.898305084745763,37.274765628086925,-19.485236998670896,1.514621902522173
4.966101694915254,37.274765628086925,-19.884705676812068,2.248094762588315
5.033898305084746,37.274765628086925,-20.157459370418486,2.771195015582272
5.101694915254237,37.274765628086925,-20.342618839702084,3.1368346800252613
5.169491525423728,37.274765628086925,-20.467821608157017,3.3886620774544824
5.23728813559322,37.274765628086925,-20.552257434322904,3.5605300350078846
5.305084745762712,37.274765628086925,-20.609098236759593,3.6773370428218826
5.372881355932203,37.274765628086925,-20.647316313027602,3.7560560002591594
5.4406779661016955,37.274765628086925,-20.67299214360591,3.809324582162555
5.508474576271187,37.274765628086925,-20.690232372678356,3.8452507705963495
5.576271186440678,37.274765628086925,-20.701804209842603,3.869381632431999
5.6440677966101696,37.274765628086925,-20.70956944655775,3.8855821190631077
5.711864406779661,37.274765628086925,-20.714779418082408,3.8964550033055514
5.779661016949152,37.274765628086925,-20.718274584581582,3.9037507297091096
5.847457627118644,37.274765628086925,-20.72061918100784,3.9086454736328906
5.915254237288135,37.274765628086925,-20.722191883835755,3.911929068723898
5.983050847457627,37.274765628086925,-20.723246782414382,3.914131696806037
6.0508474576271185,37.274765628086925,-20.723954345228886,3.9156091506879416
6.118644067796611,37.274765628086925,-20.72442892886282,3.916600151651551
6.186440677966102,37.274765628086925,-20.724747243148318,3.9172648517709474
6.254237288135593,37.274765628086925,-20.724960742500162,3.9177106843079743
6.322033898305085,37.274765628086925,-20.725103939862933,3.9180097137541225
6.389830508474576,37.274765628086925,-20.725199984286782,3.9182102780388353
6.4576271186440675,37.274765628086925,-20.725264402459906,3.9183447994853977
6.525423728813559,37.274765628086925,-20.72530760845954,3.9184350247802224
6.593220338983051,37.274765628086925,-20.725336587187094,3.918495539958955
6.661016949152542,37.274765628086925,-20.72535602351863,3.918536128161061
6.728813559322034,37.274765628086925,-20.725369059661315,3.9185633510970086
6.796610169491526,37.274765628086925,-20.725377803130662,3.918581609797977
6.864406779661017,37.274765628086925,-20.725383667460616,3.9185938560906655
6.932203389830509,37.274765628086925,-20.725387600723277,3.9186020697992316
7.0,37.274765628086925,-20.725390238800255,3.9186075788131918
3.0,38.16096320881755,17.904389482200006,-0.18172839301939314
3.0677966101694913,38.16096320881755,17.896486903772814,-0.18172839301939367
3.135593220338983,38.16096320881755,17.884710507914168,-0.18172839301939447
3.2033898305084745,38.16096320881755,17.867165761122497,-0.18172839301939564
3.2711864406779663,38.16096320881755,17.84103695158685,-0.18172839301939736
3.3389830508474576,38.16096320881755,17.802145816529002,-0.18172839301939994
3.406779661016949,38.16096320881755,17.744306630790117,-0.18172839301940374
3.4745762711864407,38.16096320881755,17.658393555908873,-0.18172839301940938
3.542372881355932,38.16096320881755,17.531013123632757,-0.1817283930194177
3.610169491525424,38.16096320881755,17.342661229166882,-0.1817283930194299
3.6779661016949152,38.16096320881755,17.065265848436486,-0.1817283930194476
3.7457627118644066,38.16096320881755,16.659130146011684,-0.181728393019473
3.8135593220338984,38.16096320881755,16.069602638370586,-0.1817283930195088
3.8813559322033897,38.16096320881755,15.224479370038214,-0.18172839301955784
3.9491525423728815,38.16096320881755,14.034357608310614,-0.18172839301962243
4.016949152542373,38.16096320881755,12.39981660823401,-0.18172839301970256
4.084745762711864,38.16096320881755,10.230394347327262,-0.18172839301979363
4.152542372881356,38.16096320881755,7.478174894658173,-0.18172839301988403
4.220338983050848,38.16096320881755,4.179858540220801,-0.18172839301995533
4.288135593220339,38.16096320881755,0.4864440831187882,-0.18172839301998733
4.3559322033898304,38.16096320881755,-3.347892062628776,-0.18172839301996696
4.423728813559322,38.16096320881755,-7.028100442923117,-0.18172839301989616
4.491525423728813,38.16096320881755,-10.303726043758454,-0.18172839301979082
4.559322033898305,38.16096320881755,-13.029178885937444,-0.1817283930196729
4.627118644067797,38.16096320881755,-15.1724998847734,-0.18172839301956076
4.694915254237288,38.16096320881755,-16.784470803598857,-0.18172839301946522
4.762711864406779,38.16096320881755,-17.95659262733939,-0.18172839301938967
4.830508474576272,38.16096320881755,-18.788133754496478,0.14029476654657283
4.898305084745763,38.16096320881755,-19.36779390893776,1.1068835520558278
4.966101694915254,38.16096320881755,-19.766944112621722,1.8209004541114824
5.033898305084746,38.16096320881755,-20.039480354674925,2.3311123398055087
5.101694915254237,38.16096320881755,-20.22449220647384,2.68762391284542
5.169491525423728,38.16096320881755,-20.349595157631686,2.9334533909940896
5.23728813559322,38.16096320881755,-20.43396366774658,3.101523406437808
5.305084745762712,38.16096320881755,-20.490759154130487,3.2153013426128494
5.372881355932203,38.16096320881755,-20.528946761223413,3.29256978864838
5.4406779661016955,38.16096320881755,-20.5546021218709,3.344640921498833
5.508474576271187,38.16096320881755,-20.571828606254723,3.379640968276743
5.576271186440678,38.16096320881755,-20.583391217828176,3.4031498414242805
5.6440677966101696,38.16096320881755,-20.59115026374619,3.418932786454226
5.711864406779661,38.16096320881755,-20.596356081646434,3.4295254559398685
5.779661016949152,38.16096320881755,-20.599848461641148,3.4366331650882334
5.847457627118644,38.16096320881755,-20.60219118884933,3.4414017705016136
5.915254237288135,38.16096320881755,-20.603762637847577,3.4446007481992624
5.983050847457627,38.16096320881755,-20.604816695413454,3.446746615800264
6.0508474576271185,38.16096320881755,-20.60552369412695,3.448185996833145
6.118644067796611,38.16096320881755,-20.605997899401395,3.4491514606010996
6.186440677966102,38.16096320881755,-20.60631595991238,3.4497990320627916
6.254237288135593,38.16096320881755,-20.606529289052904,3.45023337596852
6.322033898305085,38.16096320881755,-20.606672372252277,3.4505246997556083
6.389830508474576,38.16096320881755,-20.606768340105177,3.4507200957254622
6.4576271186440675,38.16096320881755,-20.606832706921224,3.4508511507089454
6.525423728813559,38.16096320881755,-20.606875878475087,3.4509390510027407
6.593220338983051,38.16096320881755,-20.606904834099492,3.4509980067761323
6.661016949152542,38.16096320881755,-20.606924254935507,3.4510375490679857
6.728813559322034,38.16096320881755,-20.60693728068519,3.451064070500993
6.796610169491526,38.16096320881755,-20.60694601718385,3.451081858696824
6.864406779661017,38.16096320881755,-20.606951876838497,3.451093789417055
6.932203389830509,38.16096320881755,-20.60695580696538,3.451101791468065
7.0,38.16096320881755,-20.606958442939167,3.4511071585212667
3.0,39.0682298999466,17.992093796242145,-0.1817283930195757
3.0677966101694913,39.0682298999466,17.984197523133982,-0.18172839301957605
3.135593220338983,39.0682298999466,17.9724305234406,-0.1817283930195766
3.2033898305084745,39.0682298999466,17.95489977527315,-0.18172839301957738
3.2711864406779663,39.0682298999466,17.92879181342431,-0.18172839301957858
3.3389830508474576,39.0682298999466,17.88993170887331,-0.18172839301958035
3.406779661016949,39.0682298999466,17.832138671935336,-0.181728393019583
3.4745762711864407,39.0682298999466,17.746294145484324,-0.18172839301958688
3.542372881355932,39.0682298999466,17.619015347664742,-0.18172839301959262
3.610169491525424,39.0682298999466,17.430813735640918,-0.181728393019601
3.6779661016949152,39.0682298999466,17.1536396834793,-0.1817283930196132
3.7457627118644066,39.0682298999466,16.747828029110064,-0.1817283930196307
3.8135593220338984,39.0682298999466,16.158770894404448,-0.18172839301965538
3.8813559322033897,39.0682298999466,15.314321934068587,-0.1817283930196892
3.9491525423728815,39.0682298999466,14.12514974816126,-0.18172839301973379
4.016949152542373,39.0682298999466,12.491912917675393,-0.18172839301978913
4.084745762711864,39.0682298999466,10.324221598080001,-0.18172839301985208
4.152542372881356,39.0682298999466,7.574198089665006,-0.18172839301991472
4.220338983050848,39.0682298999466,4.278513399951786,-0.18172839301996446
4.288135593220339,39.0682298999466,0.5880458489357689,-0.18172839301998733
4.3559322033898304,39.0682298999466,-3.243230951954917,-0.18172839301997437
4.423728813559322,39.0682298999466,-6.920502963044127,-0.1817283930199268
4.491525423728813,39.0682298999466,-10.193515003681805,-0.1817283930198555
4.559322033898305,39.0682298999466,-12.916793258182917,-0.18172839301977536
4.627118644067797,39.0682298999466,-15.058404141414714,-0.18172839301969912
4.694915254237288,39.0682298999466,-16.669088898893726,-0.18172839301963406
4.762711864406779,39.0682298999466,-17.840275508626725,-0.18172839301958263
4.830508474576272,39.0682298999466,-18.671153164722867,-0.181728393019544
4.898305084745763,39.0682298999466,-19.250350819204616,0.7065997788578698
4.966101694915254,39.0682298999466,-19.649182548431373,1.401085350970746
5.033898305084746,39.0682298999466,-19.921501338931364,1.8981564930248418
5.101694915254237,39.0682298999466,-20.106365573245593,2.245602395611058
5.169491525423728,39.0682298999466,-20.23136870710635,2.4854462857749358
5.23728813559322,39.0682298999466,-20.315669901170253,2.6494364639800976
5.305084745762712,39.0682298999466,-20.372420071501377,2.7607240889000515
5.372881355932203,39.0682298999466,-20.41057720941922,2.836082373951274
5.4406779661016955,39.0682298999466,-20.436212100135887,2.8867890882481655
5.508474576271187,39.0682298999466,-20.453424839831087,2.9208722071688507
5.576271186440678,39.0682298999466,-20.464978225813745,2.943765277007684
5.6440677966101696,39.0682298999466,-20.472731080934626,2.9591664380628746
5.711864406779661,39.0682298999466,-20.477932745210456,2.969578221785122
5.779661016949152,39.0682298999466,-20.481422338700707,2.9765645634570537
5.847457627118644,39.0682298999466,-20.483763196690813,2.9812517459961376
5.915254237288135,39.0682298999466,-20.485333391859395,2.984396103350048
5.983050847457627,39.0682298999466,-20.48638660841252,2.9865053324068995
6.0508474576271185,39.0682298999466,-20.48709304302501,2.98792013774853
6.118644067796611,39.0682298999466,-20.487566869939965,2.988869117525094
6.186440677966102,39.0682298999466,-20.487884676676437,2.98950563263859
6.254237288135593,39.0682298999466,-20.488097835605643,2.9899325607763276
6.322033898305085,39.0682298999466,-20.488240804641617,2.9902189106608756
6.389830508474576,39.0682298999466,-20.488336695923568,2.9904109705526523
6.4576271186440675,39.0682298999466,-20.48840101138254,2.990539787981446
6.525423728813559,39.0682298999466,-20.48844414849063,2.9906261875191276
6.593220338983051,39.0682298999466,-20.488473081011886,2.9906841367180337
6.661016949152542,39.0682298999466,-20.48849248635238,2.990723003889442
6.728813559322034,39.0682298999466,-20.488505501709064,2.990749072512117
6.796610169491526,39.0682298999466,-20.488514231237033,2.990766557003483
6.864406779661017,39.0682298999466,-20.488520086216372,2.9907782840261308
6.932203389830509,39.0682298999466,-20.48852401320748,2.990786149455186
7.0,39.0682298999466,-20.48852664707807,2.990791424874717
3.0,39.99706661393718,18.07979811028428,-0.18172839301970245
3.0677966101694913,39.99706661393718,18.071908142495147,-0.18172839301970267
3.135593220338983,39.99706661393718,18.060150538967026,-0.18172839301970306
3.2033898305084745,39.99706661393718,18.04263378942381,-0.18172839301970362
3.2711864406779663,39.99706661393718,18.016546675261772,-0.18172839301970442
3.3389830508474576,39.99706661393718,17.977717601217613,-0.18172839301970564
3.406779661016949,39.99706661393718,17.919970713080552,-0.18172839301970745
3.4745762711864407,39.99706661393718,17.834194735059775,-0.18172839301971014
3.542372881355932,39.99706661393718,17.707017571696728,-0.18172839301971408
3.610169491525424,39.99706661393718,17.518966242114953,-0.18172839301971985
3.6779661016949152,39.99706661393718,17.242013518522118,-0.18172839301972826
3.7457627118644066,39.99706661393718,16.836525912208444,-0.18172839301974034
3.8135593220338984,39.99706661393718,16.247939150438302,-0.18172839301975732
3.8813559322033897,39.99706661393718,15.404164498098957,-0.18172839301978064
3.9491525423728815,39.99706661393718,14.215941888011903,-0.18172839301981136
4.016949152542373,39.99706661393718,12.584009227116772,-0.18172839301984953
4.084745762711864,39.99706661393718,10.418048848832736,-0.18172839301989302
4.152542372881356,39.99706661393718,7.670221284671838,-0.1817283930199364
4.220338983050848,39.99706661393718,4.377168259682769,-0.18172839301997104
4.288135593220339,39.99706661393718,0.6896476147527473,-0.18172839301998736
4.3559322033898304,39.99706661393718,-3.1385698412810603,-0.18172839301997917
4.423728813559322,39.99706661393718,-6.81290548316514,-0.18172839301994725
4.491525423728813,39.99706661393718,-10.083303963605157,-0.18172839301989901
4.559322033898305,39.99706661393718,-12.804407630428392,-0.18172839301984467
4.627118644067797,39.99706661393718,-14.944308398056032,-0.18172839301979282
4.694915254237288,39.99706661393718,-16.553706994188595,-0.18172839301974858
4.762711864406779,39.99706661393718,-17.72395838991406,-0.18172839301971355
4.830508474576272,39.99706661393718,-18.554172574949252,-0.18172839301968727
4.898305084745763,39.99706661393718,-19.132907729471476,0.31390917108482885
4.966101694915254,39.99706661393718,-19.531420984241027,0.9887994131248053
5.033898305084746,39.99706661393718,-19.803522323187803,1.4725073105900917
5.101694915254237,39.99706661393718,-19.988238940017354,1.8110924264323551
5.169491525423728,39.99706661393718,-20.113142256581014,2.0448778762831026
5.23728813559322,39.99706661393718,-20.197376134593927,2.204473293958388
5.305084745762712,39.99706661393718,-20.254080988872275,2.313274175200899
5.372881355932203,39.99706661393718,-20.29220765761503,2.3866251376245837
5.4406779661016955,39.99706661393718,-20.317822078400877,2.435981562577997
5.508474576271187,39.99706661393718,-20.33502107340745,2.469407082194746
5.576271186440678,39.99706661393718,-20.346565233799314,2.491902358438141
5.6440677966101696,39.99706661393718,-20.35431189812306,2.5070048849146502
5.711864406779661,39.99706661393718,-20.35950940877448,2.5171409257995285
5.779661016949152,39.99706661393718,-20.36299621576027,2.5239422503423676
5.847457627118644,39.99706661393718,-20.3653352045323,2.528505306929384
5.915254237288135,39.99706661393718,-20.366904145871217,2.5315663968872286
5.983050847457627,39.99706661393718,-20.367956521411585,2.533619770988821
6.0508474576271185,39.99706661393718,-20.368662391923074,2.534997110857688
6.118644067796611,39.99706661393718,-20.36913584047854,2.5359209608257345
6.186440677966102,39.99706661393718,-20.369453393440498,2.5365406205263215
6.254237288135593,39.99706661393718,-20.369666382158385,2.53695624330348
6.322033898305085,39.99706661393718,-20.36980923703096,2.5372350104516723
6.389830508474576,39.99706661393718,-20.36990505174196,2.5374219844745842
6.4576271186440675,39.99706661393718,-20.36996931584386,2.537547390737877
6.525423728813559,39.99706661393718,-20.370012418506178,2.5376315023632596
6.593220338983051,39.99706661393718,-20.370041327924284,2.5376879170326387
6.661016949152542,39.99706661393718,-20.370060717769256,2.5377257549782586
6.728813559322034,39.99706661393718,-20.37007372273294,2.5377511332884386
6.796610169491526,39.99706661393718,-20.37008244529022,2.537768154780195
6.864406779661017,39.99706661393718,-20.370088295594247,2.5377795712644056
6.932203389830509,39.99706661393718,-20.370092219449585,2.5377872284123133
7.0,39.99706661393718,-20.370094851216983,2.5377923641356617
3.0,40.9479861723122,18.16750242432641,-0.1817283930197957
3.0677966101694913,40.9479861723122,18.15961876185631,-0.18172839301979585
3.135593220338983,40.9479861723122,18.147870554493455,-0.18172839301979613
3.2033898305084745,40.9479861723122,18.13036780357446,-0.18172839301979649
3.2711864406779663,40.9479861723122,18.10430153709923,-0.181728393019797
3.3389830508474576,40.9479861723122,18.065503493561916,-0.18172839301979785
3.406779661016949,40.9479861723122,18.007802754225764,-0.18172839301979907
3.4745762711864407,40.9479861723122,17.922095324635222,-0.18172839301980084
3.542372881355932,40.9479861723122,17.795019795728713,-0.18172839301980348
3.610169491525424,40.9479861723122,17.607118748588984,-0.18172839301980734
3.6779661016949152,40.9479861723122,17.33038735356493,-0.181728393019813
3.7457627118644066,40.9479861723122,16.92522379530682,-0.18172839301982105
3.8135593220338984,40.9479861723122,16.33710740647216,-0.18172839301983243
3.8813559322033897,40.9479861723122,15.494007062129327,-0.18172839301984806
3.9491525423728815,40.9479861723122,14.306734027862547,-0.18172839301986865
4.016949152542373,40.9479861723122,12.676105536558149,-0.18172839301989424
4.084745762711864,40.9479861723122,10.511876099585471,-0.18172839301992344
4.152542372881356,40.9479861723122,7.766244479678667,-0.18172839301995267
4.220338983050848,40.9479861723122,4.47582311941375,-0.18172839301997612
4.288135593220339,40.9479861723122,0.7912493805697243,-0.1817283930199874
4.3559322033898304,40.9479861723122,-3.0339087306072052,-0.18172839301998242
4.423728813559322,40.9479861723122,-6.705308003286154,-0.1817283930199616
4.491525423728813,40.9479861723122,-9.973092923528512,-0.18172839301992988
4.559322033898305,40.9479861723122,-12.692022002673868,-0.18172839301989402
4.627118644067797,40.9479861723122,-14.83021265469735,-0.18172839301985977
4.694915254237288,40.9479861723122,-16.438325089483467,-0.18172839301983051
4.762711864406779,40.9479861723122,-17.6076412712014,-0.18172839301980734
4.830508474576272,40.9479861723122,-18.437191985175645,-0.18172839301978994
4.898305084745763,40.9479861723122,-19.015464639738337,-0.07084848682697958
4.966101694915254,40.9479861723122,-19.41365942005068,0.5840637272415733
5.033898305084746,40.9479861723122,-19.68554330744424,1.0543357761280707
5.101694915254237,40.9479861723122,-19.87011230678911,1.3839151045058795
5.169491525423728,40.9479861723122,-19.994915806055683,1.6115798815814149
5.23728813559322,40.9479861723122,-20.079082368017605,1.767145111618759
5.305084745762712,40.9479861723122,-20.13574190624317,1.873035411765985
5.372881355932203,40.9479861723122,-20.17383810581084,1.9444006795377138
5.4406779661016955,40.9479861723122,-20.199432056665866,1.9927909774282553
5.508474576271187,40.9479861723122,-20.216617306983817,2.025380070884959
5.576271186440678,40.9479861723122,-20.228152241784887,2.047269783873838
5.6440677966101696,40.9479861723122,-20.2358927153115,2.0619657919560814
5.711864406779661,40.9479861723122,-20.241086072338504,2.0718290143854876
5.779661016949152,40.9479861723122,-20.244570092819835,2.0784472837621237
5.847457627118644,40.9479861723122,-20.246907212373788,2.0828875305526755
5.915254237288135,40.9479861723122,-20.24847489988304,2.0858662359843096
5.983050847457627,40.9479861723122,-20.249526434410658,2.087864347330132
6.0508474576271185,40.9479861723122,-20.250231740821135,2.089204618942664
6.118644067796611,40.9479861723122,-20.250704811017112,2.090103605529228
6.186440677966102,40.9479861723122,-20.25102211020456,2.0907065885165994
6.254237288135593,40.9479861723122,-20.251234928711128,2.0911110257908287
6.322033898305085,40.9479861723122,-20.251377669420304,2.0913822905932498
6.389830508474576,40.9479861723122,-20.251473407560354,2.091564232666451
6.4576271186440675,40.9479861723122,-20.25153762030518,2.091686263928503
6.525423728813559,40.9479861723122,-20.251580688521724,2.091768111897383
6.593220338983051,40.9479861723122,-20.25160957483668,2.0918230083058647
6.661016949152542,40.9479861723122,-20.251628949186134,2.091859827937246
6.728813559322034,40.9479861723122,-20.251641943756816,2.0918845232534022
6.796610169491526,40.9479861723122,-20.251650659343408,2.0919010866541434
6.864406779661017,40.9479861723122,-20.25165650497213,2.09191219589216
6.932203389830509,40.9479861723122,-20.25166042569169,2.09191964696703
7.0,40.9479861723122,-20.25166305535589,2.0919246444752075
3.0,41.92151358878914,18.25520673836855,-0.18172839301985444
3.0677966101694913,41.92151358878914,18.247329381217476,-0.18172839301985455
3.135593220338983,41.92151358878914,18.235590570019884,-0.18172839301985474
3.2033898305084745,41.92151358878914,18.21810181772512,-0.181728393019855
3.2711864406779663,41.92151358878914,18.192056398936693,-0.18172839301985536
3.3389830508474576,41.92151358878914,18.153289385906223,-0.1817283930198559
3.406779661016949,41.92151358878914,18.095634795370984,-0.18172839301985677
3.4745762711864407,41.92151358878914,18.00999591421067,-0.181728393019858
3.542372881355932,41.92151358878914,17.8830220197607,-0.18172839301985982
3.610169491525424,41.92151358878914,17.69527125506302,-0.1817283930198625
3.6779661016949152,41.92151358878914,17.418761188607743,-0.18172839301986637
3.7457627118644066,41.92151358878914,17.013921678405197,-0.18172839301987195
3.8135593220338984,41.92151358878914,16.42627566250602,-0.1817283930198798
3.8813559322033897,41.92151358878914,15.5838496261597,-0.1817283930198906
3.9491525423728815,41.92151358878914,14.397526167713192,-0.18172839301990484
4.016949152542373,41.92151358878914,12.76820184599953,-0.18172839301992252
4.084745762711864,41.92151358878914,10.60570335033821,-0.18172839301994276
4.152542372881356,41.92151358878914,7.8622676746855,-0.18172839301996302
4.220338983050848,41.92151358878914,4.574477979144735,-0.1817283930199794
4.288135593220339,41.92151358878914,0.8928511463867044,-0.18172839301998744
4.3559322033898304,41.92151358878914,-2.9292476199333466,-0.18172839301998434
4.423728813559322,41.92151358878914,-6.597710523407164,-0.18172839301997035
4.491525423728813,41.92151358878914,-9.86288188345186,-0.18172839301994884
4.559322033898305,41.92151358878914,-12.57963637491934,-0.18172839301992447
4.627118644067797,41.92151358878914,-14.716116911338665,-0.18172839301990112
4.694915254237288,41.92151358878914,-16.322943184778335,-0.18172839301988117
4.762711864406779,41.92151358878914,-17.491324152488733,-0.18172839301986535
4.830508474576272,41.92151358878914,-18.32021139540203,-0.18172839301985347
4.898305084745763,41.92151358878914,-18.898021550005193,-0.1817283930198449
4.966101694915254,41.92151358878914,-19.295897855860332,0.18716875125194918
5.033898305084746,41.92151358878914,-19.56756429170068,0.6438039750493437
5.101694915254237,41.92151358878914,-19.751985673560863,0.9642466857067197
5.169491525423728,41.92151358878914,-19.87668935553035,1.1857364476576866
5.23728813559322,41.92151358878914,-19.96078860144128,1.3372246043843719
5.305084745762712,41.92151358878914,-20.01740282361406,1.4402003143105233
5.372881355932203,41.92151358878914,-20.05546855400665,1.5098108914570394
5.4406779661016955,41.92151358878914,-20.081042034930853,1.556967479055796
5.508474576271187,41.92151358878914,-20.09821354056018,1.5886648450551548
5.576271186440678,41.92151358878914,-20.109739249770456,1.6099556720766663
5.6440677966101696,41.92151358878914,-20.117473532499933,1.6242496431350193
5.711864406779661,41.92151358878914,-20.122662735902527,1.6338430540898607
5.779661016949152,41.92151358878914,-20.126143969879397,1.6402802856884964
5.847457627118644,41.92151358878914,-20.128479220215272,1.6445990760238787
5.915254237288135,41.92151358878914,-20.130045653894857,1.6474963047451088
5.983050847457627,41.92151358878914,-20.131096347409724,1.6494397622684338
6.0508474576271185,41.92151358878914,-20.131801089719197,1.6507433740656323
6.118644067796611,41.92151358878914,-20.132273781555682,1.651617771226591
6.186440677966102,41.92151358878914,-20.132590826968617,1.6522042612503545
6.254237288135593,41.92151358878914,-20.132803475263866,1.6525976362664145
6.322033898305085,41.92151358878914,-20.132946101809644,1.6528614813854503
6.389830508474576,41.92151358878914,-20.133041763378746,1.653038446951835
6.4576271186440675,41.92151358878914,-20.133105924766493,1.6531571403989154
6.525423728813559,41.92151358878914,-20.133148958537266,1.6532367496525675
6.593220338983051,41.92151358878914,-20.133177821749076,1.653290144528537
6.661016949152542,41.92151358878914,-20.133197180603005,1.653325957065588
6.728813559322034,41.92151358878914,-20.133210164780685,1.6533499769130109
6.796610169491526,41.92151358878914,-20.13321887339659,1.6533660872700298
6.864406779661017,41.92151358878914,-20.133224714350003,1.6533768926471297
6.932203389830509,41.92151358878914,-20.13322863193379,1.6533841399195088
7.0,41.92151358878914,-20.1332312594948,1.6533890007353793
3.0,42.91818635914608,18.34291105241068,-0.1817283930199021
3.0677966101694913,42.91818635914608,18.33504000057864,-0.18172839301990218
3.135593220338983,42.91818635914608,18.323310585546313,-0.18172839301990226
3.2033898305084745,42.91818635914608,18.305835831875775,-0.18172839301990246
3.2711864406779663,42.91818635914608,18.27981126077415,-0.18172839301990268
3.3389830508474576,42.91818635914608,18.241075278250527,-0.18172839301990304
3.406779661016949,42.91818635914608,18.1834668365162,-0.18172839301990357
3.4745762711864407,42.91818635914608,18.097896503786117,-0.18172839301990437
3.542372881355932,42.91818635914608,17.971024243792684,-0.18172839301990554
3.610169491525424,42.91818635914608,17.78342376153705,-0.18172839301990726
3.6779661016949152,42.91818635914608,17.507135023650555,-0.18172839301990973
3.7457627118644066,42.91818635914608,17.102619561503573,-0.18172839301991328
3.8135593220338984,42.91818635914608,16.515443918539873,-0.1817283930199183
3.8813559322033897,42.91818635914608,15.67369219019007,-0.18172839301992522
3.9491525423728815,42.91818635914608,14.488318307563834,-0.18172839301993432
4.016949152542373,42.91818635914608,12.860298155440908,-0.18172839301994564
4.084745762711864,42.91818635914608,10.699530601090943,-0.1817283930199586
4.152542372881356,42.91818635914608,7.958290869692329,-0.18172839301997162
4.220338983050848,42.91818635914608,4.673132838875717,-0.1817283930199822
4.288135593220339,42.91818635914608,0.9944529122036814,-0.1817283930199875
4.3559322033898304,42.91818635914608,-2.824586509259492,-0.18172839301998572
4.423728813559322,42.91818635914608,-6.4901130435281775,-0.18172839301997704
4.491525423728813,42.91818635914608,-9.752670843375215,-0.18172839301996355
4.559322033898305,42.91818635914608,-12.467250747164817,-0.1817283930199482
4.627118644067797,42.91818635914608,-14.602021167979984,-0.1817283930199335
4.694915254237288,42.91818635914608,-16.207561280073207,-0.1817283930199209
4.762711864406779,42.91818635914608,-17.375007033776072,-0.1817283930199109
4.830508474576272,42.91818635914608,-18.20323080562842,-0.1817283930199034
4.898305084745763,42.91818635914608,-18.780578460272057,-0.18172839301989796
4.966101694915254,42.91818635914608,-19.178136291669986,-0.18172839301989413
5.033898305084746,42.91818635914608,-19.449585275957123,0.2410650400835773
5.101694915254237,42.91818635914608,-19.633859040332624,0.5522542204918175
5.169491525423728,42.91818635914608,-19.758462905005015,0.7675223705202119
5.23728813559322,42.91818635914608,-19.842494834864958,0.9148568588798561
5.305084745762712,42.91818635914608,-19.899063740984957,1.0149518927859211
5.372881355932203,42.91818635914608,-19.937099002202462,1.0827911658895162
5.4406779661016955,42.91818635914608,-19.962652013195843,1.1286360673364957
5.508474576271187,42.91818635914608,-19.979809774136548,1.1594519219833062
5.576271186440678,42.91818635914608,-19.99132625775603,1.1801507216831202
5.6440677966101696,42.91818635914608,-19.99905434968837,1.1940472588519921
5.711864406779661,42.91818635914608,-20.004239399466552,1.2033739470378488
5.779661016949152,42.91818635914608,-20.007717846938963,1.2096322130855595
5.847457627118644,42.91818635914608,-20.01005122805676,1.2138309370994533
5.915254237288135,42.91818635914608,-20.01161640790668,1.2166476216082094
5.983050847457627,42.91818635914608,-20.012666260408793,1.2185370507991649
6.0508474576271185,42.91818635914608,-20.01337043861726,1.2198044223278923
6.118644067796611,42.91818635914608,-20.013842752094256,1.2206545114684275
6.186440677966102,42.91818635914608,-20.014159543732678,1.2212246972747054
6.254237288135593,42.91818635914608,-20.014372021816612,1.221607136628662
6.322033898305085,42.91818635914608,-20.014514534198987,1.2218636469745128
6.389830508474576,42.91818635914608,-20.01461011919714,1.2220356929845888
6.4576271186440675,42.91818635914608,-20.014674229227815,1.2221510868141667
6.525423728813559,42.91818635914608,-20.014717228552815,1.2222284829720802
6.593220338983051,42.91818635914608,-20.014746068661474,1.2222803934988031
6.661016949152542,42.91818635914608,-20.014765412019884,1.2223152104665351
6.728813559322034,42.91818635914608,-20.01477838580456,1.222338562575179
6.796610169491526,42.91818635914608,-20.01478708744978,1.2223542250730206
6.864406779661017,42.91818635914608,-20.01479292372788,1.2223647300665172
6.932203389830509,42.91818635914608,-20.014796838175894,1.2223717758686843
7.0,42.91818635914608,-20.01479946363371,1.2223765015565342
3.0,43.9385547579795,18.43061536645282,-0.181728393019926
3.0677966101694913,43.9385547579795,18.42275061993981,-0.18172839301992602
3.135593220338983,43.9385547579795,18.411030601072742,-0.18172839301992613
3.2033898305084745,43.9385547579795,18.39356984602643,-0.18172839301992624
3.2711864406779663,43.9385547579795,18.36756612261161,-0.1817283930199264
3.3389830508474576,43.9385547579795,18.328861170594834,-0.18172839301992666
3.406779661016949,43.9385547579795,18.271298877661415,-0.18172839301992705
3.4745762711864407,43.9385547579795,18.185797093361572,-0.1817283930199276
3.542372881355932,43.9385547579795,18.05902646782467,-0.18172839301992846
3.610169491525424,43.9385547579795,17.87157626801109,-0.18172839301992968
3.6779661016949152,43.9385547579795,17.59550885869337,-0.18172839301993146
3.7457627118644066,43.9385547579795,17.191317444601953,-0.18172839301993401
3.8135593220338984,43.9385547579795,16.60461217457373,-0.18172839301993762
3.8813559322033897,43.9385547579795,15.763534754220444,-0.18172839301994256
3.9491525423728815,43.9385547579795,14.57911044741448,-0.1817283930199491
4.016949152542373,43.9385547579795,12.952394464882289,-0.18172839301995727
4.084745762711864,43.9385547579795,10.79335785184368,-0.18172839301996657
4.152542372881356,43.9385547579795,8.054314064699163,-0.18172839301997598
4.220338983050848,43.9385547579795,4.771787698606703,-0.18172839301998361
4.288135593220339,43.9385547579795,1.096054678020662,-0.18172839301998753
4.3559322033898304,43.9385547579795,-2.719925398585633,-0.18172839301998642
4.423728813559322,43.9385547579795,-6.3825155636491875,-0.18172839301998037
4.491525423728813,43.9385547579795,-9.642459803298564,-0.18172839301997085
4.559322033898305,43.9385547579795,-12.354865119410288,-0.18172839301996
4.627118644067797,43.9385547579795,-14.487925424621299,-0.18172839301994959
4.694915254237288,43.9385547579795,-16.092179375368072,-0.18172839301994068
4.762711864406779,43.9385547579795,-17.258689915063403,-0.1817283930199336
4.830508474576272,43.9385547579795,-18.086250215854804,-0.18172839301992827
4.898305084745763,43.9385547579795,-18.663135370538914,-0.1817283930199244
4.966101694915254,43.9385547579795,-19.06037472747964,-0.1817283930199217
5.033898305084746,43.9385547579795,-19.331606260213558,-0.15373690966012302
5.101694915254237,43.9385547579795,-19.515732407104377,0.14809550415135486
5.169491525423728,43.9385547579795,-19.64023645447968,0.35710305234220113
5.23728813559322,43.9385547579795,-19.72420106828863,0.5002144747021343
5.305084745762712,43.9385547579795,-19.780724658355847,0.5974636138500419
5.372881355932203,43.9385547579795,-19.81872945039827,0.6634284822288814
5.4406779661016955,43.9385547579795,-19.84426199146083,0.7079773040383995
5.508474576271187,43.9385547579795,-19.861406007712908,0.7379221300477689
5.576271186440678,43.9385547579795,-19.872913265741598,0.758035940167117
5.6440677966101696,43.9385547579795,-19.880635166876804,0.7715397668270453
5.711864406779661,43.9385547579795,-19.885816063030575,0.7806029016559912
5.779661016949152,43.9385547579795,-19.88929172399852,0.7866843285358025
5.847457627118644,43.9385547579795,-19.891623235898244,0.7907644126962282
5.915254237288135,43.9385547579795,-19.893187161918494,0.7935015098653234
5.983050847457627,43.9385547579795,-19.894236173407858,0.7953375525648363
6.0508474576271185,43.9385547579795,-19.89493978751532,0.7965691143396254
6.118644067796611,43.9385547579795,-19.895411722632826,0.7973951842215102
6.186440677966102,43.9385547579795,-19.895728260496732,0.7979492594907661
6.254237288135593,43.9385547579795,-19.89594056836935,0.7983208930882734
6.322033898305085,43.9385547579795,-19.896082966588324,0.7985701557909546
6.389830508474576,43.9385547579795,-19.89617847501553,0.7987373406841377
6.4576271186440675,43.9385547579795,-19.89624253368913,0.7988494740922748
6.525423728813559,43.9385547579795,-19.896285498568357,0.7989246834437194
6.593220338983051,43.9385547579795,-19.896314315573864,0.7989751272537184
6.661016949152542,43.9385547579795,-19.896333643436755,0.7990089604784344
6.728813559322034,43.9385547579795,-19.896346606828434,0.7990316527803286
6.796610169491526,43.9385547579795,-19.89635530150296,0.7990468727390823
6.864406779661017,43.9385547579795,-19.896361133105756,0.7990570809172154
6.932203389830509,43.9385547579795,-19.896365044417994,0.7990639276424154
7.0,43.9385547579795,-19.896367667772616,0.7990685198074177
3.0,44.98318214251713,18.51831968049495,-0.18172839301995034
3.0677966101694913,44.98318214251713,18.51046123930097,-0.1817283930199504
3.135593220338983,44.98318214251713,18.49875061659917,-0.18172839301995042
3.2033898305084745,44.98318214251713,18.481303860177086,-0.1817283930199505
3.2711864406779663,44.98318214251713,18.455320984449067,-0.18172839301995058
3.3389830508474576,44.98318214251713,18.416647062939134,-0.18172839301995075
3.406779661016949,44.98318214251713,18.35913091880663,-0.18172839301995097
3.4745762711864407,44.98318214251713,18.273697682937016,-0.18172839301995133
3.542372881355932,44.98318214251713,18.147028691856654,-0.18172839301995183
3.610169491525424,44.98318214251713,17.95972877448512,-0.18172839301995256
3.6779661016949152,44.98318214251713,17.683882693736184,-0.18172839301995364
3.7457627118644066,44.98318214251713,17.28001532770033,-0.1817283930199552
3.8135593220338984,44.98318214251713,16.69378043060759,-0.18172839301995736
3.8813559322033897,44.98318214251713,15.853377318250814,-0.18172839301996035
3.9491525423728815,44.98318214251713,14.669902587265122,-0.18172839301996427
4.016949152542373,44.98318214251713,13.044490774323666,-0.18172839301996918
4.084745762711864,44.98318214251713,10.887185102596415,-0.18172839301997482
4.152542372881356,44.98318214251713,8.150337259705992,-0.1817283930199805
4.220338983050848,44.98318214251713,4.870442558337684,-0.18172839301998517
4.288135593220339,44.98318214251713,1.1976564438376385,-0.1817283930199876
4.3559322033898304,44.98318214251713,-2.6152642879117782,-0.181728393019987
4.423728813559322,44.98318214251713,-6.274918083770203,-0.18172839301998348
4.491525423728813,44.98318214251713,-9.53224876322192,-0.18172839301997784
4.559322033898305,44.98318214251713,-12.242479491655764,-0.1817283930199714
4.627118644067797,44.98318214251713,-14.373829681262617,-0.1817283930199652
4.694915254237288,44.98318214251713,-15.976797470662946,-0.1817283930199599
4.762711864406779,44.98318214251713,-17.14237279635074,-0.18172839301995572
4.830508474576272,44.98318214251713,-17.969269626081196,-0.18172839301995253
4.898305084745763,44.98318214251713,-18.545692280805774,-0.18172839301995022
4.966101694915254,44.98318214251713,-18.942613163289295,-0.18172839301994861
5.033898305084746,44.98318214251713,-19.21362724447,-0.18172839301994748
5.101694915254237,44.98318214251713,-19.397605773876137,-0.1817283930199467
5.169491525423728,44.98318214251713,-19.522010003954346,-0.0453655504522464
5.23728813559322,44.98318214251713,-19.605907301712307,0.09346047471926071
5.305084745762712,44.98318214251713,-19.662385575726745,0.1878993541127897
5.372881355932203,44.98318214251713,-19.70035989859408,0.25189328734790556
5.4406779661016955,44.98318214251713,-19.72587196972582,0.2951620268687989
5.508474576271187,44.98318214251713,-19.743002241289275,0.324246569706069
5.576271186440678,44.98318214251713,-19.75450027372717,0.34378260449197506
5.6440677966101696,44.98318214251713,-19.762215984065243,0.3568985625322866
5.711864406779661,44.98318214251713,-19.7673927265946,0.3657013929575067
5.779661016949152,44.98318214251713,-19.770865601058087,0.37160816042670236
5.847457627118644,44.98318214251713,-19.773195243739735,0.3755710670116332
5.915254237288135,44.98318214251713,-19.77475791593032,0.37822955773711614
5.983050847457627,44.98318214251713,-19.77580608640693,0.38001287190098987
6.0508474576271185,44.98318214251713,-19.776509136413384,0.3812090652458312
6.118644067796611,44.98318214251713,-19.776980693171403,0.3820114118812917
6.186440677966102,44.98318214251713,-19.777296977260796,0.38254957515715676
6.254237288135593,44.98318214251713,-19.777509114922093,0.38291053616575244
6.322033898305085,44.98318214251713,-19.777651398977667,0.38315264054308396
6.389830508474576,44.98318214251713,-19.777746830833927,0.38331502422617825
6.4576271186440675,44.98318214251713,-19.77781083815045,0.38342393739316166
6.525423728813559,44.98318214251713,-19.777853768583906,0.3834969868875381
6.593220338983051,44.98318214251713,-19.777882562486266,0.3835459820560732
6.661016949152542,44.98318214251713,-19.777901874853633,0.38357884366103967
6.728813559322034,44.98318214251713,-19.77791482785231,0.38360088428737904
6.796610169491526,44.98318214251713,-19.77792351555615,0.3836156671607155
6.864406779661017,44.98318214251713,-19.777929342483638,0.38362558218132775
6.932203389830509,44.98318214251713,-19.7779332506601,0.38363223228290866
7.0,44.98318214251713,-19.777935871911527,0.38363669257054256
3.0,46.05264526365415,18.60602399453709,-0.18172839301996258
3.0677966101694913,46.05264526365415,18.598171858662138,-0.1817283930199626
3.135593220338983,46.05264526365415,18.5864706321256,-0.18172839301996263
3.2033898305084745,46.05264526365415,18.56903787432774,-0.1817283930199627
3.2711864406779663,46.05264526365415,18.54307584628653,-0.18172839301996274
3.3389830508474576,46.05264526365415,18.50443295528344,-0.18172839301996285
3.406779661016949,46.05264526365415,18.446962959951847,-0.18172839301996302
3.4745762711864407,46.05264526365415,18.361598272512467,-0.18172839301996324
3.542372881355932,46.05264526365415,18.23503091588864,-0.18172839301996357
3.610169491525424,46.05264526365415,18.047881280959157,-0.18172839301996407
3.6779661016949152,46.05264526365415,17.772256528779,-0.18172839301996477
3.7457627118644066,46.05264526365415,17.36871321079871,-0.1817283930199658
3.8135593220338984,46.05264526365415,16.782948686641447,-0.18172839301996727
3.8813559322033897,46.05264526365415,15.943219882281186,-0.18172839301996926
3.9491525423728815,46.05264526365415,14.76069472711577,-0.1817283930199719
4.016949152542373,46.05264526365415,13.136587083765047,-0.1817283930199752
4.084745762711864,46.05264526365415,10.981012353349152,-0.18172839301997898
4.152542372881356,46.05264526365415,8.246360454712825,-0.1817283930199828
4.220338983050848,46.05264526365415,4.969097418068669,-0.18172839301998595
4.288135593220339,46.05264526365415,1.299258209654619,-0.18172839301998764
4.3559322033898304,46.05264526365415,-2.510603177237919,-0.1817283930199873
4.423728813559322,46.05264526365415,-6.167320603891213,-0.181728393019985
4.491525423728813,46.05264526365415,-9.42203772314527,-0.18172839301998128
4.559322033898305,46.05264526365415,-12.130093863901237,-0.18172839301997706
4.627118644067797,46.05264526365415,-14.259733937903931,-0.18172839301997298
4.694915254237288,46.05264526365415,-15.861415565957813,-0.18172839301996946
4.762711864406779,46.05264526365415,-17.026055677638077,-0.18172839301996668
4.830508474576272,46.05264526365415,-17.85228903630758,-0.18172839301996457
4.898305084745763,46.05264526365415,-18.42824919107263,-0.18172839301996307
4.966101694915254,46.05264526365415,-18.824851599098945,-0.181728393019962
5.033898305084746,46.05264526365415,-19.095648228726436,-0.18172839301996124
5.101694915254237,46.05264526365415,-19.27947914064789,-0.18172839301996074
5.169491525423728,46.05264526365415,-19.40378355342901,-0.18172839301996035
5.23728813559322,46.05264526365415,-19.48761353513598,-0.18172839301996013
5.305084745762712,46.05264526365415,-19.544046493097635,-0.18172839301995997
5.372881355932203,46.05264526365415,-19.581990346789887,-0.151653736663455
5.4406779661016955,46.05264526365415,-19.607481947990806,-0.1096486977398689
5.508474576271187,46.05264526365415,-19.62459847486564,-0.08141343421610561
5.576271186440678,46.05264526365415,-19.636087281712737,-0.06244778693430669
5.6440677966101696,46.05264526365415,-19.64379680125368,-0.04971473907688542
5.711864406779661,46.05264526365415,-19.648969390158623,-0.04116888587688931
5.779661016949152,46.05264526365415,-19.65243947811765,-0.03543454556939791
5.847457627118644,46.05264526365415,-19.65476725158122,-0.03158731906403054
5.915254237288135,46.05264526365415,-19.656328669942134,-0.029006430260007505
5.983050847457627,46.05264526365415,-19.657375999405996,-0.027275170827408532
6.0508474576271185,46.05264526365415,-19.658078485311442,-0.02611389395772969
6.118644067796611,46.05264526365415,-19.65854966370997,-0.025334967425812586
6.186440677966102,46.05264526365415,-19.65886569402485,-0.02481251281691094
6.254237288135593,46.05264526365415,-19.659077661474832,-0.02446208802172974
6.322033898305085,46.05264526365415,-19.659219831367007,-0.024227050500263327
6.389830508474576,46.05264526365415,-19.659315186652314,-0.024069406677320788
6.4576271186440675,46.05264526365415,-19.659379142611765,-0.023963672603248855
6.525423728813559,46.05264526365415,-19.65942203859945,-0.02389275536733621
6.593220338983051,46.05264526365415,-19.659450809398656,-0.02384519032957029
6.661016949152542,46.05264526365415,-19.659470106270508,-0.02381328792902951
6.728813559322034,46.05264526365415,-19.659483048876183,-0.0237918906511662
6.796610169491526,46.05264526365415,-19.659491729609332,-0.023777539278181447
6.864406779661017,46.05264526365415,-19.659497551861513,-0.02376791366914525
6.932203389830509,46.05264526365415,-19.659501456902202,-0.023761457678731838
7.0,46.05264526365415,-19.659504076050432,-0.023757127583349844
3.0,47.1475345843839,18.693728308579225,-0.18172839301997507
3.0677966101694913,47.1475345843839,18.685882478023302,-0.18172839301997507
3.135593220338983,47.1475345843839,18.67419064765203,-0.1817283930199751
3.2033898305084745,47.1475345843839,18.6567718884784,-0.1817283930199751
3.2711864406779663,47.1475345843839,18.630830708123987,-0.18172839301997512
3.3389830508474576,47.1475345843839,18.59221884762775,-0.1817283930199752
3.406779661016949,47.1475345843839,18.534795001097063,-0.18172839301997526
3.4745762711864407,47.1475345843839,18.449498862087918,-0.18172839301997537
3.542372881355932,47.1475345843839,18.323033139920625,-0.18172839301997556
3.610169491525424,47.1475345843839,18.13603378743319,-0.1817283930199758
3.6779661016949152,47.1475345843839,17.860630363821812,-0.18172839301997615
3.7457627118644066,47.1475345843839,17.457411093897086,-0.18172839301997668
3.8135593220338984,47.1475345843839,16.872116942675305,-0.1817283930199774
3.8813559322033897,47.1475345843839,16.033062446311558,-0.18172839301997842
3.9491525423728815,47.1475345843839,14.851486866966411,-0.18172839301997973
4.016949152542373,47.1475345843839,13.228683393206428,-0.1817283930199814
4.084745762711864,47.1475345843839,11.07483960410189,-0.1817283930199833
4.152542372881356,47.1475345843839,8.342383649719656,-0.18172839301998522
4.220338983050848,47.1475345843839,5.067752277799652,-0.18172839301998683
4.288135593220339,47.1475345843839,1.4008599754715974,-0.1817283930199877
4.3559322033898304,47.1475345843839,-2.4059420665640627,-0.18172839301998756
4.423728813559322,47.1475345843839,-6.0597231240122245,-0.18172839301998645
4.491525423728813,47.1475345843839,-9.311826683068622,-0.1817283930199846
4.559322033898305,47.1475345843839,-12.017708236146712,-0.1817283930199825
4.627118644067797,47.1475345843839,-14.14563819454525,-0.18172839301998048
4.694915254237288,47.1475345843839,-15.746033661252683,-0.18172839301997873
4.762711864406779,47.1475345843839,-16.90973855892541,-0.18172839301997737
4.830508474576272,47.1475345843839,-17.73530844653397,-0.18172839301997631
4.898305084745763,47.1475345843839,-18.31080610133949,-0.18172839301997556
4.966101694915254,47.1475345843839,-18.7070900349086,-0.18172839301997504
5.033898305084746,47.1475345843839,-18.977669212982875,-0.18172839301997468
5.101694915254237,47.1475345843839,-19.161352507419647,-0.1817283930199744
5.169491525423728,47.1475345843839,-19.285557102903677,-0.18172839301997423
5.23728813559322,47.1475345843839,-19.369319768559656,-0.18172839301997412
5.305084745762712,47.1475345843839,-19.42570741046853,-0.18172839301997404
5.372881355932203,47.1475345843839,-19.463620794985697,-0.18172839301997398
5.4406779661016955,47.1475345843839,-19.489091926255796,-0.18172839301997393
5.508474576271187,47.1475345843839,-19.506194708442006,-0.18172839301997393
5.576271186440678,47.1475345843839,-19.51767428969831,-0.18172839301997393
5.6440677966101696,47.1475345843839,-19.525377618442114,-0.1817283930199739
5.711864406779661,47.1475345843839,-19.530546053722645,-0.1817283930199739
5.779661016949152,47.1475345843839,-19.534013355177212,-0.1817283930199739
5.847457627118644,47.1475345843839,-19.536339259422704,-0.18172839301997387
5.915254237288135,47.1475345843839,-19.537899423953956,-0.18172839301997387
5.983050847457627,47.1475345843839,-19.538945912405065,-0.18172839301997387
6.0508474576271185,47.1475345843839,-19.539647834209507,-0.18172839301997387
6.118644067796611,47.1475345843839,-19.540118634248543,-0.18172839301997387
6.186440677966102,47.1475345843839,-19.54043441078891,-0.18172839301997387
6.254237288135593,47.1475345843839,-19.540646208027574,-0.18172839301997387
6.322033898305085,47.1475345843839,-19.540788263756347,-0.18172839301997387
6.389830508474576,47.1475345843839,-19.54088354247071,-0.18172839301997387
6.4576271186440675,47.1475345843839,-19.540947447073084,-0.18172839301997387
6.525423728813559,47.1475345843839,-19.540990308614994,-0.18172839301997387
6.593220338983051,47.1475345843839,-19.541019056311054,-0.18172839301997387
6.661016949152542,47.1475345843839,-19.541038337687382,-0.18172839301997387
6.728813559322034,47.1475345843839,-19.54105126990006,-0.18172839301997387
6.796610169491526,47.1475345843839,-19.541059943662518,-0.18172839301997387
6.864406779661017,47.1475345843839,-19.541065761239388,-0.18172839301997387
6.932203389830509,47.1475345843839,-19.541069663144302,-0.18172839301997387
7.0,47.1475345843839,-19.541072280189344,-0.18172839301997387
3.0,48.26845460579944,18.781432622621356,-0.18172839301997493
3.0677966101694913,48.26845460579944,18.773593097384467,-0.18172839301997495
3.135593220338983,48.26845460579944,18.76191066317846,-0.18172839301997495
3.2033898305084745,48.26845460579944,18.74450590262905,-0.18172839301997498
3.2711864406779663,48.26845460579944,18.718585569961448,-0.181728393019975
3.3389830508474576,48.26845460579944,18.68000473997205,-0.18172839301997507
3.406779661016949,48.26845460579944,18.62262704224228,-0.18172839301997515
3.4745762711864407,48.26845460579944,18.537399451663365,-0.18172839301997526
3.542372881355932,48.26845460579944,18.41103536395261,-0.18172839301997543
3.610169491525424,48.26845460579944,18.224186293907223,-0.18172839301997568
3.6779661016949152,48.26845460579944,17.949004198864625,-0.18172839301997604
3.7457627118644066,48.26845460579944,17.546108976995463,-0.18172839301997656
3.8135593220338984,48.26845460579944,16.96128519870916,-0.18172839301997729
3.8813559322033897,48.26845460579944,16.122905010341928,-0.1817283930199783
3.9491525423728815,48.26845460579944,14.942279006817055,-0.18172839301997964
4.016949152542373,48.26845460579944,13.320779702647805,-0.1817283930199813
4.084745762711864,48.26845460579944,11.168666854854623,-0.18172839301998323
4.152542372881356,48.26845460579944,8.438406844726485,-0.18172839301998517
4.220338983050848,48.26845460579944,5.1664071375306335,-0.1817283930199868
4.288135593220339,48.26845460579944,1.5024617412885743,-0.18172839301998767
4.3559322033898304,48.26845460579944,-2.301280955890208,-0.18172839301998758
4.423728813559322,48.26845460579944,-5.952125644133238,-0.18172839301998647
4.491525423728813,48.26845460579944,-9.201615642991976,-0.18172839301998467
4.559322033898305,48.26845460579944,-11.905322608392188,-0.1817283930199826
4.627118644067797,48.26845460579944,-14.031542451186567,-0.18172839301998062
4.694915254237288,48.26845460579944,-15.630651756547554,-0.18172839301997887
4.762711864406779,48.26845460579944,-16.79342144021275,-0.1817283930199775
4.830508474576272,48.26845460579944,-17.61832785676036,-0.18172839301997648
4.898305084745763,48.26845460579944,-18.19336301160635,-0.18172839301997573
4.966101694915254,48.26845460579944,-18.589328470718254,-0.1817283930199752
5.033898305084746,48.26845460579944,-18.859690197239317,-0.18172839301997482
5.101694915254237,48.26845460579944,-19.043225874191407,-0.18172839301997457
5.169491525423728,48.26845460579944,-19.167330652378347,-0.1817283930199744
5.23728813559322,48.26845460579944,-19.251026001983334,-0.1817283930199743
5.305084745762712,48.26845460579944,-19.307368327839427,-0.1817283930199742
5.372881355932203,48.26845460579944,-19.34525124318151,-0.18172839301997415
5.4406779661016955,48.26845460579944,-19.370701904520786,-0.18172839301997412
5.508474576271187,48.26845460579944,-19.387790942018373,-0.1817283930199741
5.576271186440678,48.26845460579944,-19.399261297683882,-0.18172839301997407
5.6440677966101696,48.26845460579944,-19.40695843563055,-0.18172839301997404
5.711864406779661,48.26845460579944,-19.41212271728667,-0.18172839301997404
5.779661016949152,48.26845460579944,-19.415587232236778,-0.18172839301997404
5.847457627118644,48.26845460579944,-19.417911267264195,-0.18172839301997404
5.915254237288135,48.26845460579944,-19.419470177965778,-0.18172839301997404
5.983050847457627,48.26845460579944,-19.420515825404134,-0.18172839301997404
6.0508474576271185,48.26845460579944,-19.42121718310757,-0.18172839301997404
6.118644067796611,48.26845460579944,-19.421687604787117,-0.18172839301997404
6.186440677966102,48.26845460579944,-19.422003127552973,-0.18172839301997404
6.254237288135593,48.26845460579944,-19.422214754580317,-0.18172839301997404
6.322033898305085,48.26845460579944,-19.42235669614569,-0.18172839301997404
6.389830508474576,48.26845460579944,-19.422451898289104,-0.18172839301997404
6.4576271186440675,48.26845460579944,-19.422515751534405,-0.18172839301997404
6.525423728813559,48.26845460579944,-19.42255857863054,-0.18172839301997404
6.593220338983051,48.26845460579944,-19.42258730322345,-0.18172839301997404
6.661016949152542,48.26845460579944,-19.42260656910426,-0.18172839301997404
6.728813559322034,48.26845460579944,-19.422619490923935,-0.18172839301997404
6.796610169491526,48.26845460579944,-19.422628157715707,-0.18172839301997404
6.864406779661017,48.26845460579944,-19.42263397061727,-0.18172839301997404
6.932203389830509,48.26845460579944,-19.42263786938641,-0.18172839301997404
7.0,48.26845460579944,-19.42264048432825,-0.18172839301997404
3.0,49.416024200845655,18.869136936663494,-0.18172839301997482
3.0677966101694913,49.416024200845655,18.86130371674563,-0.18172839301997482
3.135593220338983,49.416024200845655,18.849630678704887,-0.18172839301997482
3.2033898305084745,49.416024200845655,18.83223991677971,-0.18172839301997484
3.2711864406779663,49.416024200845655,18.80634043179891,-0.1817283930199749
3.3389830508474576,49.416024200845655,18.767790632316355,-0.18172839301997495
3.406779661016949,49.416024200845655,18.710459083387498,-0.18172839301997504
3.4745762711864407,49.416024200845655,18.625300041238816,-0.18172839301997515
3.542372881355932,49.416024200845655,18.499037587984596,-0.18172839301997532
3.610169491525424,49.416024200845655,18.31233880038126,-0.18172839301997556
3.6779661016949152,49.416024200845655,18.03737803390744,-0.18172839301997593
3.7457627118644066,49.416024200845655,17.634806860093843,-0.18172839301997645
3.8135593220338984,49.416024200845655,17.050453454743018,-0.18172839301997717
3.8813559322033897,49.416024200845655,16.2127475743723,-0.1817283930199782
3.9491525423728815,49.416024200845655,15.033071146667702,-0.18172839301997953
4.016949152542373,49.416024200845655,13.412876012089185,-0.18172839301998123
4.084745762711864,49.416024200845655,11.262494105607361,-0.18172839301998314
4.152542372881356,49.416024200845655,8.53443003973332,-0.1817283930199851
4.220338983050848,49.416024200845655,5.265061997261619,-0.18172839301998675
4.288135593220339,49.416024200845655,1.604063507105555,-0.18172839301998767
4.3559322033898304,49.416024200845655,-2.196619845216349,-0.18172839301998758
4.423728813559322,49.416024200845655,-5.844528164254248,-0.18172839301998653
4.491525423728813,49.416024200845655,-9.091404602915325,-0.18172839301998475
4.559322033898305,49.416024200845655,-11.79293698063766,-0.1817283930199827
4.627118644067797,49.416024200845655,-13.917446707827882,-0.18172839301998073
4.694915254237288,49.416024200845655,-15.515269851842422,-0.181728393019979
4.762711864406779,49.416024200845655,-16.677104321500085,-0.18172839301997765
4.830508474576272,49.416024200845655,-17.501347266986745,-0.18172839301997662
4.898305084745763,49.416024200845655,-18.07591992187321,-0.18172839301997587
4.966101694915254,49.416024200845655,-18.471566906527904,-0.18172839301997534
5.033898305084746,49.416024200845655,-18.741711181495752,-0.18172839301997498
5.101694915254237,49.416024200845655,-18.92509924096316,-0.18172839301997473
5.169491525423728,49.416024200845655,-19.04910420185301,-0.18172839301997457
5.23728813559322,49.416024200845655,-19.132732235407005,-0.18172839301997443
5.305084745762712,49.416024200845655,-19.189029245210317,-0.18172839301997437
5.372881355932203,49.416024200845655,-19.22688169137732,-0.18172839301997432
5.4406779661016955,49.416024200845655,-19.252311882785772,-0.1817283930199743
5.508474576271187,49.416024200845655,-19.269387175594733,-0.18172839301997426
5.576271186440678,49.416024200845655,-19.280848305669448,-0.18172839301997423
5.6440677966101696,49.416024200845655,-19.288539252818985,-0.18172839301997423
5.711864406779661,49.416024200845655,-19.293699380850693,-0.1817283930199742
5.779661016949152,49.416024200845655,-19.297161109296336,-0.1817283930199742
5.847457627118644,49.416024200845655,-19.29948327510568,-0.1817283930199742
5.915254237288135,49.416024200845655,-19.301040931977596,-0.1817283930199742
5.983050847457627,49.416024200845655,-19.3020857384032,-0.1817283930199742
6.0508474576271185,49.416024200845655,-19.30278653200563,-0.1817283930199742
6.118644067796611,49.416024200845655,-19.303256575325687,-0.1817283930199742
6.186440677966102,49.416024200845655,-19.30357184431703,-0.1817283930199742
6.254237288135593,49.416024200845655,-19.303783301133056,-0.1817283930199742
6.322033898305085,49.416024200845655,-19.30392512853503,-0.1817283930199742
6.389830508474576,49.416024200845655,-19.304020254107492,-0.1817283930199742
6.4576271186440675,49.416024200845655,-19.30408405599572,-0.1817283930199742
6.525423728813559,49.416024200845655,-19.304126848646085,-0.1817283930199742
6.593220338983051,49.416024200845655,-19.304155550135846,-0.1817283930199742
6.661016949152542,49.416024200845655,-19.30417480052113,-0.1817283930199742
6.728813559322034,49.416024200845655,-19.304187711947804,-0.1817283930199742
6.796610169491526,49.416024200845655,-19.30419637176889,-0.1817283930199742
6.864406779661017,49.416024200845655,-19.304202179995144,-0.1817283930199742
6.932203389830509,49.416024200845655,-19.30420607562851,-0.1817283930199742
7.0,49.416024200845655,-19.30420868846716,-0.1817283930199742
3.0,50.59087695600606,18.95007909399979,-0.18172839301998775
3.0677966101694913,50.59087695600606,18.94225132362675,-0.18172839301998775
3.135593220338983,50.59087695600606,18.93058640647941,-0.18172839301998775
3.2033898305084745,50.59087695600606,18.913207743248968,-0.18172839301998775
3.2711864406779663,50.59087695600606,18.88732627645299,-0.18172839301998775
3.3389830508474576,50.59087695600606,18.848803295936627,-0.18172839301998775
3.406779661016949,50.59087695600606,18.79151163237404,-0.18172839301998775
3.4745762711864407,50.59087695600606,18.70641183508532,-0.18172839301998775
3.542372881355932,50.59087695600606,18.580237222196292,-0.18172839301998775
3.610169491525424,50.59087695600606,18.393668320313218,-0.18172839301998775
3.6779661016949152,50.59087695600606,18.118898843122302,-0.18172839301998775
3.7457627118644066,50.59087695600606,17.716607736723923,-0.18172839301998775
3.8135593220338984,50.59087695600606,17.132660864077025,-0.18172839301998775
3.8813559322033897,50.59087695600606,16.29553777287725,-0.18172839301998775
3.9491525423728815,50.59087695600606,15.116682042106255,-0.18172839301998775
4.016949152542373,50.59087695600606,13.497614071848025,-0.18172839301998775
4.084745762711864,50.59087695600606,11.34872817884522,-0.18172839301998775
4.152542372881356,50.59087695600606,8.622562017990688,-0.18172839301998775
4.220338983050848,50.59087695600606,5.35546846389925,-0.18172839301998775
4.288135593220339,50.59087695600606,1.6970169181122,-0.18172839301998775
4.3559322033898304,50.59087695600606,-2.1010223115506443,-0.18172839301998775
4.423728813559322,50.59087695600606,-5.746392793007666,-0.18172839301998775
4.491525423728813,50.59087695600606,-8.991010390621808,-0.18172839301998775
4.559322033898305,50.59087695600606,-11.69066332133108,-0.18172839301998775
4.627118644067797,50.59087695600606,-13.813695034230628,-0.18172839301998775
4.694915254237288,50.59087695600606,-15.410406578043673,-0.18172839301998775
4.762711864406779,50.59087695600606,-16.571432763358096,-0.18172839301998775
4.830508474576272,50.59087695600606,-17.39510228579245,-0.18172839301998775
4.898305084745763,50.59087695600606,-17.969275212410277,-0.18172839301998775
4.966101694915254,50.59087695600606,-18.364646946784923,-0.18172839301998775
5.033898305084746,50.59087695600606,-18.634603283286857,-0.18172839301998775
5.101694915254237,50.59087695600606,-18.817863760296454,-0.18172839301998775
5.169491525423728,50.59087695600606,-18.94178245135098,-0.18172839301998775
5.23728813559322,50.59087695600606,-19.02535230516256,-0.18172839301998775
5.305084745762712,50.59087695600606,-19.081610149324995,-0.18172839301998775
5.372881355932203,50.59087695600606,-19.11943626167217,-0.18172839301998775
5.4406779661016955,50.59087695600606,-19.144848761381766,-0.18172839301998775
5.508474576271187,50.59087695600606,-19.161912174966798,-0.18172839301998775
5.576271186440678,50.59087695600606,-19.173365331571766,-0.18172839301998775
5.6440677966101696,50.59087695600606,-19.18105092815517,-0.18172839301998775
5.711864406779661,50.59087695600606,-19.186207466303117,-0.18172839301998775
5.779661016949152,50.59087695600606,-19.189666786435893,-0.18172839301998775
5.847457627118644,50.59087695600606,-19.191987336722267,-0.18172839301998775
5.915254237288135,50.59087695600606,-19.193543909937524,-0.18172839301998775
5.983050847457627,50.59087695600606,-19.194587989494803,-0.18172839301998775
6.0508474576271185,50.59087695600606,-19.195288295557475,-0.18172839301998775
6.118644067796611,50.59087695600606,-19.195758011869973,-0.18172839301998775
6.186440677966102,50.59087695600606,-19.196073061529734,-0.18172839301998775
6.254237288135593,50.59087695600606,-19.196284371235965,-0.18172839301998775
6.322033898305085,50.59087695600606,-19.19642609996909,-0.18172839301998775
6.389830508474576,50.59087695600606,-19.196521159363012,-0.18172839301998775
6.4576271186440675,50.59087695600606,-19.196584916864477,-0.18172839301998775
6.525423728813559,50.59087695600606,-19.19662767974414,-0.18172839301998775
6.593220338983051,50.59087695600606,-19.19665636126637,-0.18172839301998775
6.661016949152542,50.59087695600606,-19.19667559825923,-0.18172839301998775
6.728813559322034,50.59087695600606,-19.196688500703466,-0.18172839301998775
6.796610169491526,50.59087695600606,-19.19669715449994,-0.18172839301998775
6.864406779661017,50.59087695600606,-19.19670295868543,-0.18172839301998775
6.932203389830509,50.59087695600606,-19.196706851608617,-0.18172839301998775
7.0,50.59087695600606,-19.196709462629524,-0.18172839301998775
3.0,51.793661521113314,19.02425909463024,-0.18172839301998775
3.0677966101694913,51.793661521113314,19.01643591802781,-0.18172839301998775
3.135593220338983,51.793661521113314,19.004777846502027,-0.18172839301998775
3.2033898305084745,51.793661521113314,18.987409382036827,-0.18172839301998775
3.2711864406779663,51.793661521113314,18.96154310392369,-0.18172839301998775
3.3389830508474576,51.793661521113314,18.923042730832854,-0.18172839301998775
3.406779661016949,51.793661521113314,18.86578468920191,-0.18172839301998775
3.4745762711864407,51.793661521113314,18.78073483320288,-0.18172839301998775
3.542372881355932,51.793661521113314,18.654634266587696,-0.18172839301998775
3.610169491525424,51.793661521113314,18.468174853703108,-0.18172839301998775
3.6779661016949152,51.793661521113314,18.193566626509202,-0.18172839301998775
3.7457627118644066,51.793661521113314,17.791511606885706,-0.18172839301998775
3.8135593220338984,51.793661521113314,17.20790742671118,-0.18172839301998775
3.8813559322033897,51.793661521113314,16.371275605856777,-0.18172839301998775
3.9491525423728815,51.793661521113314,15.19311169313272,-0.18172839301998775
4.016949152542373,51.793661521113314,13.574993881924323,-0.18172839301998775
4.084745762711864,51.793661521113314,11.427369074568201,-0.18172839301998775
4.152542372881356,51.793661521113314,8.702802779498597,-0.18172839301998775
4.220338983050848,51.793661521113314,5.437626537443526,-0.18172839301998775
4.288135593220339,51.793661521113314,1.78132197430851,-0.18172839301998775
4.3559322033898304,51.793661521113314,-2.0144883548930936,-0.18172839301998775
4.423728813559322,51.793661521113314,-5.65771953039349,-0.18172839301998775
4.491525423728813,51.793661521113314,-8.90043300611142,-0.18172839301998775
4.559322033898305,51.793661521113314,-11.598501630472445,-0.18172839301998775
4.627118644067797,51.793661521113314,-13.720287430394805,-0.18172839301998775
4.694915254237288,51.793661521113314,-15.316061935151307,-0.18172839301998775
4.762711864406779,51.793661521113314,-16.47640676578678,-0.18172839301998775
4.830508474576272,51.793661521113314,-17.299592913177477,-0.18172839301998775
4.898305084745763,51.793661521113314,-17.87342888321756,-0.18172839301998775
4.966101694915254,51.793661521113314,-18.268568591489306,-0.18172839301998775
5.033898305084746,51.793661521113314,-18.53836650261263,-0.18172839301998775
5.101694915254237,51.793661521113314,-18.721519432191293,-0.18172839301998775
5.169491525423728,51.793661521113314,-18.845365400872257,-0.18172839301998775
5.23728813559322,51.793661521113314,-18.928886211249992,-0.18172839301998775
5.305084745762712,51.793661521113314,-18.985111040183458,-0.18172839301998775
5.372881355932203,51.793661521113314,-19.022914954066067,-0.18172839301998775
5.4406779661016955,51.793661521113314,-19.048312540308768,-0.18172839301998775
5.508474576271187,51.793661521113314,-19.065365940134566,-0.18172839301998775
5.576271186440678,51.793661521113314,-19.076812375390833,-0.18172839301998775
5.6440677966101696,51.793661521113314,-19.084493461639102,-0.18172839301998775
5.711864406779661,51.793661521113314,-19.089646973643937,-0.18172839301998775
5.779661016949152,51.793661521113314,-19.09310426365544,-0.18172839301998775
5.847457627118644,51.793661521113314,-19.095423452113966,-0.18172839301998775
5.915254237288135,51.793661521113314,-19.096979111845567,-0.18172839301998775
5.983050847457627,51.793661521113314,-19.098022578678947,-0.18172839301998775
6.0508474576271185,51.793661521113314,-19.098722473763107,-0.18172839301998775
6.118644067796611,51.793661521113314,-19.099191914419972,-0.18172839301998775
6.186440677966102,51.793661521113314,-19.099506779191085,-0.18172839301998775
6.254237288135593,51.793661521113314,-19.099717964889038,-0.18172839301998775
6.322033898305085,51.793661521113314,-19.099859610447872,-0.18172839301998775
6.389830508474576,51.793661521113314,-19.099954614055655,-0.18172839301998775
6.4576271186440675,51.793661521113314,-19.100018334140678,-0.18172839301998775
6.525423728813559,51.793661521113314,-19.100061071924703,-0.18172839301998775
6.593220338983051,51.793661521113314,-19.100089736615026,-0.18172839301998775
6.661016949152542,51.793661521113314,-19.100108962318547,-0.18172839301998775
6.728813559322034,51.793661521113314,-19.100121857190913,-0.18172839301998775
6.796610169491526,51.793661521113314,-19.10013050590886,-0.18172839301998775
6.864406779661017,51.793661521113314,-19.100136306688132,-0.18172839301998775
6.932203389830509,51.793661521113314,-19.100140197326734,-0.18172839301998775
7.0,51.793661521113314,-19.10014280681535,-0.18172839301998775
3.0,53.02504196747638,19.098439095260694,-0.18172839301998775
3.0677966101694913,53.02504196747638,19.090620512428877,-0.18172839301998775
3.135593220338983,53.02504196747638,19.078969286524643,-0.18172839301998775
3.2033898305084745,53.02504196747638,19.06161102082469,-0.18172839301998775
3.2711864406779663,53.02504196747638,19.035759931394395,-0.18172839301998775
3.3389830508474576,53.02504196747638,18.99728216572909,-0.18172839301998775
3.406779661016949,53.02504196747638,18.94005774602978,-0.18172839301998775
3.4745762711864407,53.02504196747638,18.855057831320444,-0.18172839301998775
3.542372881355932,53.02504196747638,18.7290313109791,-0.18172839301998775
3.610169491525424,53.02504196747638,18.542681387092998,-0.18172839301998775
3.6779661016949152,53.02504196747638,18.26823440989611,-0.18172839301998775
3.7457627118644066,53.02504196747638,17.866415477047493,-0.18172839301998775
3.8135593220338984,53.02504196747638,17.28315398934534,-0.18172839301998775
3.8813559322033897,53.02504196747638,16.447013438836308,-0.18172839301998775
3.9491525423728815,53.02504196747638,15.269541344159187,-0.18172839301998775
4.016949152542373,53.02504196747638,13.652373692000625,-0.18172839301998775
4.084745762711864,53.02504196747638,11.506009970291185,-0.18172839301998775
4.152542372881356,53.02504196747638,8.783043541006508,-0.18172839301998775
4.220338983050848,53.02504196747638,5.519784610987805,-0.18172839301998775
4.288135593220339,53.02504196747638,1.8656270305048233,-0.18172839301998775
4.3559322033898304,53.02504196747638,-1.9279543982355396,-0.18172839301998775
4.423728813559322,53.02504196747638,-5.569046267779312,-0.18172839301998775
4.491525423728813,53.02504196747638,-8.80985562160103,-0.18172839301998775
4.559322033898305,53.02504196747638,-11.506339939613806,-0.18172839301998775
4.627118644067797,53.02504196747638,-13.626879826558977,-0.18172839301998775
4.694915254237288,53.02504196747638,-15.221717292258937,-0.18172839301998775
4.762711864406779,53.02504196747638,-16.381380768215465,-0.18172839301998775
4.830508474576272,53.02504196747638,-17.204083540562497,-0.18172839301998775
4.898305084745763,53.02504196747638,-17.777582554024836,-0.18172839301998775
4.966101694915254,53.02504196747638,-18.172490236193685,-0.18172839301998775
5.033898305084746,53.02504196747638,-18.442129721938393,-0.18172839301998775
5.101694915254237,53.02504196747638,-18.625175104086125,-0.18172839301998775
5.169491525423728,53.02504196747638,-18.748948350393533,-0.18172839301998775
5.23728813559322,53.02504196747638,-18.83242011733742,-0.18172839301998775
5.305084745762712,53.02504196747638,-18.88861193104192,-0.18172839301998775
5.372881355932203,53.02504196747638,-18.92639364645996,-0.18172839301998775
5.4406779661016955,53.02504196747638,-18.951776319235766,-0.18172839301998775
5.508474576271187,53.02504196747638,-18.968819705302327,-0.18172839301998775
5.576271186440678,53.02504196747638,-18.980259419209894,-0.18172839301998775
5.6440677966101696,53.02504196747638,-18.987935995123035,-0.18172839301998775
5.711864406779661,53.02504196747638,-18.993086480984754,-0.18172839301998775
5.779661016949152,53.02504196747638,-18.996541740874985,-0.18172839301998775
5.847457627118644,53.02504196747638,-18.998859567505658,-0.18172839301998775
5.915254237288135,53.02504196747638,-19.000414313753602,-0.18172839301998775
5.983050847457627,53.02504196747638,-19.001457167863084,-0.18172839301998775
6.0508474576271185,53.02504196747638,-19.002156651968733,-0.18172839301998775
6.118644067796611,53.02504196747638,-19.002625816969967,-0.18172839301998775
6.186440677966102,53.02504196747638,-19.002940496852435,-0.18172839301998775
6.254237288135593,53.02504196747638,-19.00315155854211,-0.18172839301998775
6.322033898305085,53.02504196747638,-19.003293120926646,-0.18172839301998775
6.389830508474576,53.02504196747638,-19.003388068748297,-0.18172839301998775
6.4576271186440675,53.02504196747638,-19.003451751416875,-0.18172839301998775
6.525423728813559,53.02504196747638,-19.003494464105266,-0.18172839301998775
6.593220338983051,53.02504196747638,-19.003523111963677,-0.18172839301998775
6.661016949152542,53.02504196747638,-19.003542326377865,-0.18172839301998775
6.728813559322034,53.02504196747638,-19.003555213678357,-0.18172839301998775
6.796610169491526,53.02504196747638,-19.003563857317776,-0.18172839301998775
6.864406779661017,53.02504196747638,-19.00356965469083,-0.18172839301998775
6.932203389830509,53.02504196747638,-19.003573543044848,-0.18172839301998775
7.0,53.02504196747638,-19.00357615100117,-0.18172839301998775
3.0,54.28569815452188,19.172619095891147,-0.18172839301998775
3.0677966101694913,54.28569815452188,19.16480510682994,-0.18172839301998775
3.135593220338983,54.28569815452188,19.153160726547263,-0.18172839301998775
3.2033898305084745,54.28569815452188,19.13581265961255,-0.18172839301998775
3.2711864406779663,54.28569815452188,19.1099767588651,-0.18172839301998775
3.3389830508474576,54.28569815452188,19.07152160062532,-0.18172839301998775
3.406779661016949,54.28569815452188,19.01433080285765,-0.18172839301998775
3.4745762711864407,54.28569815452188,18.929380829438006,-0.18172839301998775
3.542372881355932,54.28569815452188,18.803428355370507,-0.18172839301998775
3.610169491525424,54.28569815452188,18.617187920482884,-0.18172839301998775
3.6779661016949152,54.28569815452188,18.342902193283013,-0.18172839301998775
3.7457627118644066,54.28569815452188,17.94131934720928,-0.18172839301998775
3.8135593220338984,54.28569815452188,17.3584005519795,-0.18172839301998775
3.8813559322033897,54.28569815452188,16.52275127181584,-0.18172839301998775
3.9491525423728815,54.28569815452188,15.345970995185652,-0.18172839301998775
4.016949152542373,54.28569815452188,13.729753502076923,-0.18172839301998775
4.084745762711864,54.28569815452188,11.584650866014169,-0.18172839301998775
4.152542372881356,54.28569815452188,8.863284302514417,-0.18172839301998775
4.220338983050848,54.28569815452188,5.601942684532082,-0.18172839301998775
4.288135593220339,54.28569815452188,1.949932086701135,-0.18172839301998775
4.3559322033898304,54.28569815452188,-1.8414204415779873,-0.18172839301998775
4.423728813559322,54.28569815452188,-5.480373005165134,-0.18172839301998775
4.491525423728813,54.28569815452188,-8.719278237090641,-0.18172839301998775
4.559322033898305,54.28569815452188,-11.41417824875517,-0.18172839301998775
4.627118644067797,54.28569815452188,-13.533472222723152,-0.18172839301998775
4.694915254237288,54.28569815452188,-15.12737264936657,-0.18172839301998775
4.762711864406779,54.28569815452188,-16.28635477064415,-0.18172839301998775
4.830508474576272,54.28569815452188,-17.10857416794752,-0.18172839301998775
4.898305084745763,54.28569815452188,-17.68173622483211,-0.18172839301998775
4.966101694915254,54.28569815452188,-18.076411880898064,-0.18172839301998775
5.033898305084746,54.28569815452188,-18.34589294126416,-0.18172839301998775
5.101694915254237,54.28569815452188,-18.52883077598096,-0.18172839301998775
5.169491525423728,54.28569815452188,-18.652531299914813,-0.18172839301998775
5.23728813559322,54.28569815452188,-18.73595402342485,-0.18172839301998775
5.305084745762712,54.28569815452188,-18.79211282190038,-0.18172839301998775
5.372881355932203,54.28569815452188,-18.829872338853857,-0.18172839301998775
5.4406779661016955,54.28569815452188,-18.855240098162763,-0.18172839301998775
5.508474576271187,54.28569815452188,-18.87227347047009,-0.18172839301998775
5.576271186440678,54.28569815452188,-18.883706463028958,-0.18172839301998775
5.6440677966101696,54.28569815452188,-18.891378528606968,-0.18172839301998775
5.711864406779661,54.28569815452188,-18.896525988325575,-0.18172839301998775
5.779661016949152,54.28569815452188,-18.89997921809453,-0.18172839301998775
5.847457627118644,54.28569815452188,-18.90229568289735,-0.18172839301998775
5.915254237288135,54.28569815452188,-18.903849515661644,-0.18172839301998775
5.983050847457627,54.28569815452188,-18.904891757047224,-0.18172839301998775
6.0508474576271185,54.28569815452188,-18.90559083017436,-0.18172839301998775
6.118644067796611,54.28569815452188,-18.906059719519963,-0.18172839301998775
6.186440677966102,54.28569815452188,-18.906374214513786,-0.18172839301998775
6.254237288135593,54.28569815452188,-18.906585152195184,-0.18172839301998775
6.322033898305085,54.28569815452188,-18.906726631405423,-0.18172839301998775
6.389830508474576,54.28569815452188,-18.90682152344094,-0.18172839301998775
6.4576271186440675,54.28569815452188,-18.906885168693073,-0.18172839301998775
6.525423728813559,54.28569815452188,-18.906927856285833,-0.18172839301998775
6.593220338983051,54.28569815452188,-18.906956487312332,-0.18172839301998775
6.661016949152542,54.28569815452188,-18.906975690437182,-0.18172839301998775
6.728813559322034,54.28569815452188,-18.906988570165804,-0.18172839301998775
6.796610169491526,54.28569815452188,-18.906997208726693,-0.18172839301998775
6.864406779661017,54.28569815452188,-18.90700300269353,-0.18172839301998775
6.932203389830509,54.28569815452188,-18.907006888762965,-0.18172839301998775
7.0,54.28569815452188,-18.907009495186994,-0.18172839301998775
3.0,55.57632610515238,19.2467990965216,-0.18172839301998775
3.0677966101694913,55.57632610515238,19.238989701231006,-0.18172839301998775
3.135593220338983,55.57632610515238,19.22735216656988,-0.18172839301998775
3.2033898305084745,55.57632610515238,19.21001429840041,-0.18172839301998775
3.2711864406779663,55.57632610515238,19.184193586335798,-0.18172839301998775
3.3389830508474576,55.57632610515238,19.145761035521552,-0.18172839301998775
3.406779661016949,55.57632610515238,19.08860385968552,-0.18172839301998775
3.4745762711864407,55.57632610515238,19.003703827555565,-0.18172839301998775
3.542372881355932,55.57632610515238,18.87782539976191,-0.18172839301998775
3.610169491525424,55.57632610515238,18.691694453872774,-0.18172839301998775
3.6779661016949152,55.57632610515238,18.417569976669917,-0.18172839301998775
3.7457627118644066,55.57632610515238,18.016223217371063,-0.18172839301998775
3.8135593220338984,55.57632610515238,17.43364711461366,-0.18172839301998775
3.8813559322033897,55.57632610515238,16.59848910479537,-0.18172839301998775
3.9491525423728815,55.57632610515238,15.422400646212118,-0.18172839301998775
4.016949152542373,55.57632610515238,13.807133312153223,-0.18172839301998775
4.084745762711864,55.57632610515238,11.66329176173715,-0.18172839301998775
4.152542372881356,55.57632610515238,8.943525064022326,-0.18172839301998775
4.220338983050848,55.57632610515238,5.68410075807636,-0.18172839301998775
4.288135593220339,55.57632610515238,2.034237142897447,-0.18172839301998775
4.3559322033898304,55.57632610515238,-1.7548864849204349,-0.18172839301998775
4.423728813559322,55.57632610515238,-5.391699742550957,-0.18172839301998775
4.491525423728813,55.57632610515238,-8.628700852580254,-0.18172839301998775
4.559322033898305,55.57632610515238,-11.322016557896534,-0.18172839301998775
4.627118644067797,55.57632610515238,-13.440064618887327,-0.18172839301998775
4.694915254237288,55.57632610515238,-15.033028006474202,-0.18172839301998775
4.762711864406779,55.57632610515238,-16.191328773072833,-0.18172839301998775
4.830508474576272,55.57632610515238,-17.013064795332543,-0.18172839301998775
4.898305084745763,55.57632610515238,-17.58588989563939,-0.18172839301998775
4.966101694915254,55.57632610515238,-17.980333525602443,-0.18172839301998775
5.033898305084746,55.57632610515238,-18.249656160589932,-0.18172839301998775
5.101694915254237,55.57632610515238,-18.432486447875796,-0.18172839301998775
5.169491525423728,55.57632610515238,-18.55611424943609,-0.18172839301998775
5.23728813559322,55.57632610515238,-18.63948792951228,-0.18172839301998775
5.305084745762712,55.57632610515238,-18.69561371275884,-0.18172839301998775
5.372881355932203,55.57632610515238,-18.733351031247754,-0.18172839301998775
5.4406779661016955,55.57632610515238,-18.75870387708976,-0.18172839301998775
5.508474576271187,55.57632610515238,-18.775727235637856,-0.18172839301998775
5.576271186440678,55.57632610515238,-18.78715350684802,-0.18172839301998775
5.6440677966101696,55.57632610515238,-18.794821062090897,-0.18172839301998775
5.711864406779661,55.57632610515238,-18.799965495666395,-0.18172839301998775
5.779661016949152,55.57632610515238,-18.803416695314073,-0.18172839301998775
5.847457627118644,55.57632610515238,-18.805731798289045,-0.18172839301998775
5.915254237288135,55.57632610515238,-18.807284717569683,-0.18172839301998775
5.983050847457627,55.57632610515238,-18.808326346231365,-0.18172839301998775
6.0508474576271185,55.57632610515238,-18.809025008379994,-0.18172839301998775
6.118644067796611,55.57632610515238,-18.809493622069958,-0.18172839301998775
6.186440677966102,55.57632610515238,-18.809807932175136,-0.18172839301998775
6.254237288135593,55.57632610515238,-18.810018745848257,-0.18172839301998775
6.322033898305085,55.57632610515238,-18.8101601418842,-0.18172839301998775
6.389830508474576,55.57632610515238,-18.81025497813358,-0.18172839301998775
6.4576271186440675,55.57632610515238,-18.81031858596927,-0.18172839301998775
6.525423728813559,55.57632610515238,-18.810361248466396,-0.18172839301998775
6.593220338983051,55.57632610515238,-18.810389862660983,-0.18172839301998775
6.661016949152542,55.57632610515238,-18.810409054496496,-0.18172839301998775
6.728813559322034,55.57632610515238,-18.810421926653248,-0.18172839301998775
6.796610169491526,55.57632610515238,-18.81043056013561,-0.18172839301998775
6.864406779661017,55.57632610515238,-18.810436350696225,-0.18172839301998775
6.932203389830509,55.57632610515238,-18.810440234481078,-0.18172839301998775
7.0,55.57632610515238,-18.81044283937282,-0.18172839301998775
3.0,56.89763839002888,19.32097909715205,-0.18172839301998775
3.0677966101694913,56.89763839002888,19.31317429563207,-0.18172839301998775
3.135593220338983,56.89763839002888,19.301543606592496,-0.18172839301998775
3.2033898305084745,56.89763839002888,19.28421593718827,-0.18172839301998775
3.2711864406779663,56.89763839002888,19.2584104138065,-0.18172839301998775
3.3389830508474576,56.89763839002888,19.220000470417784,-0.18172839301998775
3.406779661016949,56.89763839002888,19.16287691651339,-0.18172839301998775
3.4745762711864407,56.89763839002888,19.078026825673128,-0.18172839301998775
3.542372881355932,56.89763839002888,18.952222444153314,-0.18172839301998775
3.610169491525424,56.89763839002888,18.766200987262664,-0.18172839301998775
3.6779661016949152,56.89763839002888,18.49223776005682,-0.18172839301998775
3.7457627118644066,56.89763839002888,18.09112708753285,-0.18172839301998775
3.8135593220338984,56.89763839002888,17.508893677247816,-0.18172839301998775
3.8813559322033897,56.89763839002888,16.674226937774897,-0.18172839301998775
3.9491525423728815,56.89763839002888,15.498830297238584,-0.18172839301998775
4.016949152542373,56.89763839002888,13.884513122229523,-0.18172839301998775
4.084745762711864,56.89763839002888,11.741932657460133,-0.18172839301998775
4.152542372881356,56.89763839002888,9.023765825530235,-0.18172839301998775
4.220338983050848,56.89763839002888,5.766258831620637,-0.18172839301998775
4.288135593220339,56.89763839002888,2.118542199093758,-0.18172839301998775
4.3559322033898304,56.89763839002888,-1.6683525282628824,-0.18172839301998775
4.423728813559322,56.89763839002888,-5.303026479936779,-0.18172839301998775
4.491525423728813,56.89763839002888,-8.538123468069864,-0.18172839301998775
4.559322033898305,56.89763839002888,-11.229854867037897,-0.18172839301998775
4.627118644067797,56.89763839002888,-13.346657015051502,-0.18172839301998775
4.694915254237288,56.89763839002888,-14.938683363581834,-0.18172839301998775
4.762711864406779,56.89763839002888,-16.096302775501517,-0.18172839301998775
4.830508474576272,56.89763839002888,-16.917555422717566,-0.18172839301998775
4.898305084745763,56.89763839002888,-17.49004356644667,-0.18172839301998775
4.966101694915254,56.89763839002888,-17.884255170306826,-0.18172839301998775
5.033898305084746,56.89763839002888,-18.1534193799157,-0.18172839301998775
5.101694915254237,56.89763839002888,-18.33614211977063,-0.18172839301998775
5.169491525423728,56.89763839002888,-18.459697198957365,-0.18172839301998775
5.23728813559322,56.89763839002888,-18.54302183559971,-0.18172839301998775
5.305084745762712,56.89763839002888,-18.599114603617302,-0.18172839301998775
5.372881355932203,56.89763839002888,-18.63682972364165,-0.18172839301998775
5.4406779661016955,56.89763839002888,-18.662167656016763,-0.18172839301998775
5.508474576271187,56.89763839002888,-18.67918100080562,-0.18172839301998775
5.576271186440678,56.89763839002888,-18.690600550667085,-0.18172839301998775
5.6440677966101696,56.89763839002888,-18.69826359557483,-0.18172839301998775
5.711864406779661,56.89763839002888,-18.703405003007216,-0.18172839301998775
5.779661016949152,56.89763839002888,-18.70685417253362,-0.18172839301998775
5.847457627118644,56.89763839002888,-18.70916791368074,-0.18172839301998775
5.915254237288135,56.89763839002888,-18.71071991947772,-0.18172839301998775
5.983050847457627,56.89763839002888,-18.711760935415505,-0.18172839301998775
6.0508474576271185,56.89763839002888,-18.712459186585622,-0.18172839301998775
6.118644067796611,56.89763839002888,-18.712927524619957,-0.18172839301998775
6.186440677966102,56.89763839002888,-18.713241649836487,-0.18172839301998775
6.254237288135593,56.89763839002888,-18.71345233950133,-0.18172839301998775
6.322033898305085,56.89763839002888,-18.713593652362977,-0.18172839301998775
6.389830508474576,56.89763839002888,-18.713688432826224,-0.18172839301998775
6.4576271186440675,56.89763839002888,-18.71375200324547,-0.18172839301998775
6.525423728813559,56.89763839002888,-18.71379464064696,-0.18172839301998775
6.593220338983051,56.89763839002888,-18.71382323800964,-0.18172839301998775
6.661016949152542,56.89763839002888,-18.713842418555814,-0.18172839301998775
6.728813559322034,56.89763839002888,-18.713855283140695,-0.18172839301998775
6.796610169491526,56.89763839002888,-18.71386391154453,-0.18172839301998775
6.864406779661017,56.89763839002888,-18.713869698698925,-0.18172839301998775
6.932203389830509,56.89763839002888,-18.71387358019919,-0.18172839301998775
7.0,56.89763839002888,-18.71387618355864,-0.18172839301998775
3.0,58.25036452098909,19.395159097782503,-0.18172839301998775
3.0677966101694913,58.25036452098909,19.387358890033134,-0.18172839301998775
3.135593220338983,58.25036452098909,19.375735046615116,-0.18172839301998775
3.2033898305084745,58.25036452098909,19.358417575976134,-0.18172839301998775
3.2711864406779663,58.25036452098909,19.332627241277205,-0.18172839301998775
3.3389830508474576,58.25036452098909,19.294239905314015,-0.18172839301998775
3.406779661016949,58.25036452098909,19.237149973341264,-0.18172839301998775
3.4745762711864407,58.25036452098909,19.15234982379069,-0.18172839301998775
3.542372881355932,58.25036452098909,19.02661948854472,-0.18172839301998775
3.610169491525424,58.25036452098909,18.840707520652554,-0.18172839301998775
3.6779661016949152,58.25036452098909,18.566905543443724,-0.18172839301998775
3.7457627118644066,58.25036452098909,18.166030957694637,-0.18172839301998775
3.8135593220338984,58.25036452098909,17.584140239881975,-0.18172839301998775
3.8813559322033897,58.25036452098909,16.749964770754428,-0.18172839301998775
3.9491525423728815,58.25036452098909,15.57525994826505,-0.18172839301998775
4.016949152542373,58.25036452098909,13.961892932305823,-0.18172839301998775
4.084745762711864,58.25036452098909,11.820573553183118,-0.18172839301998775
4.152542372881356,58.25036452098909,9.104006587038146,-0.18172839301998775
4.220338983050848,58.25036452098909,5.848416905164917,-0.18172839301998775
4.288135593220339,58.25036452098909,2.2028472552900715,-0.18172839301998775
4.3559322033898304,58.25036452098909,-1.5818185716053283,-0.18172839301998775
4.423728813559322,58.25036452098909,-5.214353217322601,-0.18172839301998775
4.491525423728813,58.25036452098909,-8.447546083559473,-0.18172839301998775
4.559322033898305,58.25036452098909,-11.13769317617926,-0.18172839301998775
4.627118644067797,58.25036452098909,-13.253249411215673,-0.18172839301998775
4.694915254237288,58.25036452098909,-14.844338720689466,-0.18172839301998775
4.762711864406779,58.25036452098909,-16.001276777930197,-0.18172839301998775
4.830508474576272,58.25036452098909,-16.82204605010259,-0.18172839301998775
4.898305084745763,58.25036452098909,-17.394197237253945,-0.18172839301998775
4.966101694915254,58.25036452098909,-17.788176815011205,-0.18172839301998775
5.033898305084746,58.25036452098909,-18.057182599241465,-0.18172839301998775
5.101694915254237,58.25036452098909,-18.239797791665467,-0.18172839301998775
5.169491525423728,58.25036452098909,-18.36328014847864,-0.18172839301998775
5.23728813559322,58.25036452098909,-18.446555741687142,-0.18172839301998775
5.305084745762712,58.25036452098909,-18.50261549447576,-0.18172839301998775
5.372881355932203,58.25036452098909,-18.540308416035543,-0.18172839301998775
5.4406779661016955,58.25036452098909,-18.56563143494376,-0.18172839301998775
5.508474576271187,58.25036452098909,-18.582634765973385,-0.18172839301998775
5.576271186440678,58.25036452098909,-18.59404759448615,-0.18172839301998775
5.6440677966101696,58.25036452098909,-18.601706129058762,-0.18172839301998775
5.711864406779661,58.25036452098909,-18.606844510348033,-0.18172839301998775
5.779661016949152,58.25036452098909,-18.610291649753165,-0.18172839301998775
5.847457627118644,58.25036452098909,-18.612604029072433,-0.18172839301998775
5.915254237288135,58.25036452098909,-18.614155121385757,-0.18172839301998775
5.983050847457627,58.25036452098909,-18.615195524599642,-0.18172839301998775
6.0508474576271185,58.25036452098909,-18.615893364791248,-0.18172839301998775
6.118644067796611,58.25036452098909,-18.616361427169952,-0.18172839301998775
6.186440677966102,58.25036452098909,-18.616675367497834,-0.18172839301998775
6.254237288135593,58.25036452098909,-18.6168859331544,-0.18172839301998775
6.322033898305085,58.25036452098909,-18.617027162841755,-0.18172839301998775
6.389830508474576,58.25036452098909,-18.617121887518866,-0.18172839301998775
6.4576271186440675,58.25036452098909,-18.617185420521665,-0.18172839301998775
6.525423728813559,58.25036452098909,-18.617228032827523,-0.18172839301998775
6.593220338983051,58.25036452098909,-18.61725661335829,-0.18172839301998775
6.661016949152542,58.25036452098909,-18.61727578261513,-0.18172839301998775
6.728813559322034,58.25036452098909,-18.61728863962814,-0.18172839301998775
6.796610169491526,58.25036452098909,-18.617297262953443,-0.18172839301998775
6.864406779661017,58.25036452098909,-18.617303046701622,-0.18172839301998775
6.932203389830509,58.25036452098909,-18.617306925917305,-0.18172839301998775
7.0,58.25036452098909,-18.61730952774446,-0.18172839301998775
3.0,59.63525135381951,19.469339098412956,-0.18172839301998775
3.0677966101694913,59.63525135381951,19.4615434844342,-0.18172839301998775
3.135593220338983,59.63525135381951,19.44992648663773,-0.18172839301998775
3.2033898305084745,59.63525135381951,19.432619214763992,-0.18172839301998775
3.2711864406779663,59.63525135381951,19.40684406874791,-0.18172839301998775
3.3389830508474576,59.63525135381951,19.368479340210246,-0.18172839301998775
3.406779661016949,59.63525135381951,19.31142303016913,-0.18172839301998775
3.4745762711864407,59.63525135381951,19.226672821908252,-0.18172839301998775
3.542372881355932,59.63525135381951,19.10101653293612,-0.18172839301998775
3.610169491525424,59.63525135381951,18.91521405404244,-0.18172839301998775
3.6779661016949152,59.63525135381951,18.641573326830628,-0.18172839301998775
3.7457627118644066,59.63525135381951,18.24093482785642,-0.18172839301998775
3.8135593220338984,59.63525135381951,17.65938680251613,-0.18172839301998775
3.8813559322033897,59.63525135381951,16.825702603733955,-0.18172839301998775
3.9491525423728815,59.63525135381951,15.651689599291513,-0.18172839301998775
4.016949152542373,59.63525135381951,14.03927274238212,-0.18172839301998775
4.084745762711864,59.63525135381951,11.899214448906099,-0.18172839301998775
4.152542372881356,59.63525135381951,9.184247348546055,-0.18172839301998775
4.220338983050848,59.63525135381951,5.930574978709192,-0.18172839301998775
4.288135593220339,59.63525135381951,2.2871523114863814,-0.18172839301998775
4.3559322033898304,59.63525135381951,-1.4952846149477776,-0.18172839301998775
4.423728813559322,59.63525135381951,-5.125679954708425,-0.18172839301998775
4.491525423728813,59.63525135381951,-8.356968699049087,-0.18172839301998775
4.559322033898305,59.63525135381951,-11.045531485320625,-0.18172839301998775
4.627118644067797,59.63525135381951,-13.15984180737985,-0.18172839301998775
4.694915254237288,59.63525135381951,-14.7499940777971,-0.18172839301998775
4.762711864406779,59.63525135381951,-15.906250780358885,-0.18172839301998775
4.830508474576272,59.63525135381951,-16.726536677487616,-0.18172839301998775
4.898305084745763,59.63525135381951,-17.298350908061224,-0.18172839301998775
4.966101694915254,59.63525135381951,-17.692098459715588,-0.18172839301998775
5.033898305084746,59.63525135381951,-17.960945818567236,-0.18172839301998775
5.101694915254237,59.63525135381951,-18.143453463560302,-0.18172839301998775
5.169491525423728,59.63525135381951,-18.26686309799992,-0.18172839301998775
5.23728813559322,59.63525135381951,-18.350089647774574,-0.18172839301998775
5.305084745762712,59.63525135381951,-18.406116385334222,-0.18172839301998775
5.372881355932203,59.63525135381951,-18.44378710842944,-0.18172839301998775
5.4406779661016955,59.63525135381951,-18.46909521387076,-0.18172839301998775
5.508474576271187,59.63525135381951,-18.48608853114115,-0.18172839301998775
5.576271186440678,59.63525135381951,-18.497494638305216,-0.18172839301998775
5.6440677966101696,59.63525135381951,-18.505148662542695,-0.18172839301998775
5.711864406779661,59.63525135381951,-18.510284017688853,-0.18172839301998775
5.779661016949152,59.63525135381951,-18.513729126972713,-0.18172839301998775
5.847457627118644,59.63525135381951,-18.516040144464128,-0.18172839301998775
5.915254237288135,59.63525135381951,-18.5175903232938,-0.18172839301998775
5.983050847457627,59.63525135381951,-18.518630113783782,-0.18172839301998775
6.0508474576271185,59.63525135381951,-18.51932754299688,-0.18172839301998775
6.118644067796611,59.63525135381951,-18.51979532971995,-0.18172839301998775
6.186440677966102,59.63525135381951,-18.520109085159188,-0.18172839301998775
6.254237288135593,59.63525135381951,-18.520319526807477,-0.18172839301998775
6.322033898305085,59.63525135381951,-18.52046067332053,-0.18172839301998775
6.389830508474576,59.63525135381951,-18.520555342211512,-0.18172839301998775
6.4576271186440675,59.63525135381951,-18.520618837797866,-0.18172839301998775
6.525423728813559,59.63525135381951,-18.52066142500809,-0.18172839301998775
6.593220338983051,59.63525135381951,-18.520689988706945,-0.18172839301998775
6.661016949152542,59.63525135381951,-18.52070914667445,-0.18172839301998775
6.728813559322034,59.63525135381951,-18.520721996115586,-0.18172839301998775
6.796610169491526,59.63525135381951,-18.520730614362364,-0.18172839301998775
6.864406779661017,59.63525135381951,-18.520736394704322,-0.18172839301998775
6.932203389830509,59.63525135381951,-18.52074027163542,-0.18172839301998775
7.0,59.63525135381951,-18.520742871930285,-0.18172839301998775
3.0,61.05306350060325,19.543519099043408,-0.18172839301998775
3.0677966101694913,61.05306350060325,19.535728078835263,-0.18172839301998775
3.135593220338983,61.05306350060325,19.52411792666035,-0.18172839301998775
3.2033898305084745,61.05306350060325,19.506820853551854,-0.18172839301998775
3.2711864406779663,61.05306350060325,19.48106089621861,-0.18172839301998775
3.3389830508474576,61.05306350060325,19.442718775106478,-0.18172839301998775
3.406779661016949,61.05306350060325,19.385696086997,-0.18172839301998775
3.4745762711864407,61.05306350060325,19.300995820025815,-0.18172839301998775
3.542372881355932,61.05306350060325,19.17541357732753,-0.18172839301998775
3.610169491525424,61.05306350060325,18.98972058743233,-0.18172839301998775
3.6779661016949152,61.05306350060325,18.71624111021753,-0.18172839301998775
3.7457627118644066,61.05306350060325,18.315838698018204,-0.18172839301998775
3.8135593220338984,61.05306350060325,17.73463336515029,-0.18172839301998775
3.8813559322033897,61.05306350060325,16.901440436713486,-0.18172839301998775
3.9491525423728815,61.05306350060325,15.72811925031798,-0.18172839301998775
4.016949152542373,61.05306350060325,14.11665255245842,-0.18172839301998775
4.084745762711864,61.05306350060325,11.977855344629083,-0.18172839301998775
4.152542372881356,61.05306350060325,9.264488110053964,-0.18172839301998775
4.220338983050848,61.05306350060325,6.01273305225347,-0.18172839301998775
4.288135593220339,61.05306350060325,2.3714573676826936,-0.18172839301998775
4.3559322033898304,61.05306350060325,-1.4087506582902252,-0.18172839301998775
4.423728813559322,61.05306350060325,-5.037006692094248,-0.18172839301998775
4.491525423728813,61.05306350060325,-8.266391314538698,-0.18172839301998775
4.559322033898305,61.05306350060325,-10.953369794461988,-0.18172839301998775
4.627118644067797,61.05306350060325,-13.066434203544025,-0.18172839301998775
4.694915254237288,61.05306350060325,-14.655649434904731,-0.18172839301998775
4.762711864406779,61.05306350060325,-15.81122478278757,-0.18172839301998775
4.830508474576272,61.05306350060325,-16.63102730487264,-0.18172839301998775
4.898305084745763,61.05306350060325,-17.202504578868503,-0.18172839301998775
4.966101694915254,61.05306350060325,-17.596020104419967,-0.18172839301998775
5.033898305084746,61.05306350060325,-17.864709037893004,-0.18172839301998775
5.101694915254237,61.05306350060325,-18.047109135455138,-0.18172839301998775
5.169491525423728,61.05306350060325,-18.170446047521196,-0.18172839301998775
5.23728813559322,61.05306350060325,-18.253623553862003,-0.18172839301998775
5.305084745762712,61.05306350060325,-18.309617276192682,-0.18172839301998775
5.372881355932203,61.05306350060325,-18.347265800823337,-0.18172839301998775
5.4406779661016955,61.05306350060325,-18.37255899279776,-0.18172839301998775
5.508474576271187,61.05306350060325,-18.389542296308914,-0.18172839301998775
5.576271186440678,61.05306350060325,-18.40094168212428,-0.18172839301998775
5.6440677966101696,61.05306350060325,-18.408591196026627,-0.18172839301998775
5.711864406779661,61.05306350060325,-18.413723525029674,-0.18172839301998775
5.779661016949152,61.05306350060325,-18.417166604192257,-0.18172839301998775
5.847457627118644,61.05306350060325,-18.419476259855823,-0.18172839301998775
5.915254237288135,61.05306350060325,-18.421025525201838,-0.18172839301998775
5.983050847457627,61.05306350060325,-18.422064702967923,-0.18172839301998775
6.0508474576271185,61.05306350060325,-18.42276172120251,-0.18172839301998775
6.118644067796611,61.05306350060325,-18.423229232269946,-0.18172839301998775
6.186440677966102,61.05306350060325,-18.42354280282054,-0.18172839301998775
6.254237288135593,61.05306350060325,-18.42375312046055,-0.18172839301998775
6.322033898305085,61.05306350060325,-18.42389418379931,-0.18172839301998775
6.389830508474576,61.05306350060325,-18.423988796904155,-0.18172839301998775
6.4576271186440675,61.05306350060325,-18.424052255074063,-0.18172839301998775
6.525423728813559,61.05306350060325,-18.424094817188653,-0.18172839301998775
6.593220338983051,61.05306350060325,-18.424123364055596,-0.18172839301998775
6.661016949152542,61.05306350060325,-18.424142510733766,-0.18172839301998775
6.728813559322034,61.05306350060325,-18.424155352603034,-0.18172839301998775
6.796610169491526,61.05306350060325,-18.42416396577128,-0.18172839301998775
6.864406779661017,61.05306350060325,-18.424169742707022,-0.18172839301998775
6.932203389830509,61.05306350060325,-18.42417361735354,-0.18172839301998775
7.0,61.05306350060325,-18.42417621611611,-0.18172839301998775
3.0,62.504583751871046,19.61769909967386,-0.18172839301998775
3.0677966101694913,62.504583751871046,19.609912673236327,-0.18172839301998775
3.135593220338983,62.504583751871046,19.598309366682965,-0.18172839301998775
3.2033898305084745,62.504583751871046,19.581022492339713,-0.18172839301998775
3.2711864406779663,62.504583751871046,19.55527772368931,-0.18172839301998775
3.3389830508474576,62.504583751871046,19.51695821000271,-0.18172839301998775
3.406779661016949,62.504583751871046,19.45996914382487,-0.18172839301998775
3.4745762711864407,62.504583751871046,19.375318818143374,-0.18172839301998775
3.542372881355932,62.504583751871046,19.249810621718932,-0.18172839301998775
3.610169491525424,62.504583751871046,19.06422712082222,-0.18172839301998775
3.6779661016949152,62.504583751871046,18.790908893604435,-0.18172839301998775
3.7457627118644066,62.504583751871046,18.39074256817999,-0.18172839301998775
3.8135593220338984,62.504583751871046,17.809879927784447,-0.18172839301998775
3.8813559322033897,62.504583751871046,16.977178269693017,-0.18172839301998775
3.9491525423728815,62.504583751871046,15.804548901344445,-0.18172839301998775
4.016949152542373,62.504583751871046,14.19403236253472,-0.18172839301998775
4.084745762711864,62.504583751871046,12.056496240352065,-0.18172839301998775
4.152542372881356,62.504583751871046,9.344728871561873,-0.18172839301998775
4.220338983050848,62.504583751871046,6.094891125797748,-0.18172839301998775
4.288135593220339,62.504583751871046,2.455762423879005,-0.18172839301998775
4.3559322033898304,62.504583751871046,-1.322216701632673,-0.18172839301998775
4.423728813559322,62.504583751871046,-4.94833342948007,-0.18172839301998775
4.491525423728813,62.504583751871046,-8.175813930028308,-0.18172839301998775
4.559322033898305,62.504583751871046,-10.861208103603353,-0.18172839301998775
4.627118644067797,62.504583751871046,-12.973026599708199,-0.18172839301998775
4.694915254237288,62.504583751871046,-14.561304792012365,-0.18172839301998775
4.762711864406779,62.504583751871046,-15.716198785216253,-0.18172839301998775
4.830508474576272,62.504583751871046,-16.53551793225766,-0.18172839301998775
4.898305084745763,62.504583751871046,-17.106658249675778,-0.18172839301998775
4.966101694915254,62.504583751871046,-17.49994174912435,-0.18172839301998775
5.033898305084746,62.504583751871046,-17.76847225721877,-0.18172839301998775
5.101694915254237,62.504583751871046,-17.950764807349973,-0.18172839301998775
5.169491525423728,62.504583751871046,-18.074028997042472,-0.18172839301998775
5.23728813559322,62.504583751871046,-18.157157459949435,-0.18172839301998775
5.305084745762712,62.504583751871046,-18.213118167051146,-0.18172839301998775
5.372881355932203,62.504583751871046,-18.250744493217233,-0.18172839301998775
5.4406779661016955,62.504583751871046,-18.276022771724758,-0.18172839301998775
5.508474576271187,62.504583751871046,-18.29299606147668,-0.18172839301998775
5.576271186440678,62.504583751871046,-18.304388725943344,-0.18172839301998775
5.6440677966101696,62.504583751871046,-18.31203372951056,-0.18172839301998775
5.711864406779661,62.504583751871046,-18.317163032370495,-0.18172839301998775
5.779661016949152,62.504583751871046,-18.3206040814118,-0.18172839301998775
5.847457627118644,62.504583751871046,-18.322912375247515,-0.18172839301998775
5.915254237288135,62.504583751871046,-18.324460727109877,-0.18172839301998775
5.983050847457627,62.504583751871046,-18.325499292152063,-0.18172839301998775
6.0508474576271185,62.504583751871046,-18.326195899408138,-0.18172839301998775
6.118644067796611,62.504583751871046,-18.326663134819945,-0.18172839301998775
6.186440677966102,62.504583751871046,-18.32697652048189,-0.18172839301998775
6.254237288135593,62.504583751871046,-18.327186714113623,-0.18172839301998775
6.322033898305085,62.504583751871046,-18.327327694278086,-0.18172839301998775
6.389830508474576,62.504583751871046,-18.327422251596797,-0.18172839301998775
6.4576271186440675,62.504583751871046,-18.327485672350264,-0.18172839301998775
6.525423728813559,62.504583751871046,-18.327528209369216,-0.18172839301998775
6.593220338983051,62.504583751871046,-18.32755673940425,-0.18172839301998775
6.661016949152542,62.504583751871046,-18.327575874793084,-0.18172839301998775
6.728813559322034,62.504583751871046,-18.327588709090477,-0.18172839301998775
6.796610169491526,62.504583751871046,-18.3275973171802,-0.18172839301998775
6.864406779661017,62.504583751871046,-18.32760309070972,-0.18172839301998775
6.932203389830509,62.504583751871046,-18.327606963071652,-0.18172839301998775
7.0,62.504583751871046,-18.327609560301934,-0.18172839301998775
3.0,63.99061350878908,19.691879100304313,-0.18172839301998775
3.0677966101694913,63.99061350878908,19.68409726763739,-0.18172839301998775
3.135593220338983,63.99061350878908,19.67250080670558,-0.18172839301998775
3.2033898305084745,63.99061350878908,19.655224131127575,-0.18172839301998775
3.2711864406779663,63.99061350878908,19.629494551160015,-0.18172839301998775
3.3389830508474576,63.99061350878908,19.59119764489894,-0.18172839301998775
3.406779661016949,63.99061350878908,19.53424220065274,-0.18172839301998775
3.4745762711864407,63.99061350878908,19.449641816260936,-0.18172839301998775
3.542372881355932,63.99061350878908,19.324207666110336,-0.18172839301998775
3.610169491525424,63.99061350878908,19.138733654212107,-0.18172839301998775
3.6779661016949152,63.99061350878908,18.86557667699134,-0.18172839301998775
3.7457627118644066,63.99061350878908,18.465646438341775,-0.18172839301998775
3.8135593220338984,63.99061350878908,17.885126490418607,-0.18172839301998775
3.8813559322033897,63.99061350878908,17.052916102672544,-0.18172839301998775
3.9491525423728815,63.99061350878908,15.88097855237091,-0.18172839301998775
4.016949152542373,63.99061350878908,14.271412172611019,-0.18172839301998775
4.084745762711864,63.99061350878908,12.135137136075047,-0.18172839301998775
4.152542372881356,63.99061350878908,9.424969633069784,-0.18172839301998775
4.220338983050848,63.99061350878908,6.177049199342025,-0.18172839301998775
4.288135593220339,63.99061350878908,2.540067480075317,-0.18172839301998775
4.3559322033898304,63.99061350878908,-1.2356827449751204,-0.18172839301998775
4.423728813559322,63.99061350878908,-4.859660166865893,-0.18172839301998775
4.491525423728813,63.99061350878908,-8.08523654551792,-0.18172839301998775
4.559322033898305,63.99061350878908,-10.769046412744716,-0.18172839301998775
4.627118644067797,63.99061350878908,-12.879618995872374,-0.18172839301998775
4.694915254237288,63.99061350878908,-14.466960149119997,-0.18172839301998775
4.762711864406779,63.99061350878908,-15.621172787644937,-0.18172839301998775
4.830508474576272,63.99061350878908,-16.440008559642685,-0.18172839301998775
4.898305084745763,63.99061350878908,-17.010811920483057,-0.18172839301998775
4.966101694915254,63.99061350878908,-17.40386339382873,-0.18172839301998775
5.033898305084746,63.99061350878908,-17.67223547654454,-0.18172839301998775
5.101694915254237,63.99061350878908,-17.85442047924481,-0.18172839301998775
5.169491525423728,63.99061350878908,-17.97761194656375,-0.18172839301998775
5.23728813559322,63.99061350878908,-18.060691366036863,-0.18172839301998775
5.305084745762712,63.99061350878908,-18.116619057909606,-0.18172839301998775
5.372881355932203,63.99061350878908,-18.154223185611126,-0.18172839301998775
5.4406779661016955,63.99061350878908,-18.179486550651756,-0.18172839301998775
5.508474576271187,63.99061350878908,-18.196449826644443,-0.18172839301998775
5.576271186440678,63.99061350878908,-18.207835769762408,-0.18172839301998775
5.6440677966101696,63.99061350878908,-18.215476262994493,-0.18172839301998775
5.711864406779661,63.99061350878908,-18.22060253971131,-0.18172839301998775
5.779661016949152,63.99061350878908,-18.22404155863135,-0.18172839301998775
5.847457627118644,63.99061350878908,-18.22634849063921,-0.18172839301998775
5.915254237288135,63.99061350878908,-18.22789592901792,-0.18172839301998775
5.983050847457627,63.99061350878908,-18.228933881336204,-0.18172839301998775
6.0508474576271185,63.99061350878908,-18.229630077613766,-0.18172839301998775
6.118644067796611,63.99061350878908,-18.23009703736994,-0.18172839301998775
6.186440677966102,63.99061350878908,-18.23041023814324,-0.18172839301998775
6.254237288135593,63.99061350878908,-18.230620307766696,-0.18172839301998775
6.322033898305085,63.99061350878908,-18.230761204756867,-0.18172839301998775
6.389830508474576,63.99061350878908,-18.23085570628944,-0.18172839301998775
6.4576271186440675,63.99061350878908,-18.23091908962646,-0.18172839301998775
6.525423728813559,63.99061350878908,-18.230961601549783,-0.18172839301998775
6.593220338983051,63.99061350878908,-18.230990114752906,-0.18172839301998775
6.661016949152542,63.99061350878908,-18.2310092388524,-0.18172839301998775
6.728813559322034,63.99061350878908,-18.231022065577925,-0.18172839301998775
6.796610169491526,63.99061350878908,-18.231030668589113,-0.18172839301998775
6.864406779661017,63.99061350878908,-18.23103643871242,-0.18172839301998775
6.932203389830509,63.99061350878908,-18.23104030878977,-0.18172839301998775
7.0,63.99061350878908,-18.231042904487754,-0.18172839301998775
3.0,65.51197322562194,19.76605910093476,-0.18172839301998775
3.0677966101694913,65.51197322562194,19.75828186203845,-0.18172839301998775
3.135593220338983,65.51197322562194,19.7466922467282,-0.18172839301998775
3.2033898305084745,65.51197322562194,19.729425769915434,-0.18172839301998775
3.2711864406779663,65.51197322562194,19.703711378630715,-0.18172839301998775
3.3389830508474576,65.51197322562194,19.665437079795172,-0.18172839301998775
3.406779661016949,65.51197322562194,19.60851525748061,-0.18172839301998775
3.4745762711864407,65.51197322562194,19.523964814378495,-0.18172839301998775
3.542372881355932,65.51197322562194,19.39860471050174,-0.18172839301998775
3.610169491525424,65.51197322562194,19.213240187601997,-0.18172839301998775
3.6779661016949152,65.51197322562194,18.94024446037824,-0.18172839301998775
3.7457627118644066,65.51197322562194,18.54055030850356,-0.18172839301998775
3.8135593220338984,65.51197322562194,17.960373053052763,-0.18172839301998775
3.8813559322033897,65.51197322562194,17.12865393565207,-0.18172839301998775
3.9491525423728815,65.51197322562194,15.957408203397375,-0.18172839301998775
4.016949152542373,65.51197322562194,14.348791982687317,-0.18172839301998775
4.084745762711864,65.51197322562194,12.213778031798029,-0.18172839301998775
4.152542372881356,65.51197322562194,9.505210394577691,-0.18172839301998775
4.220338983050848,65.51197322562194,6.259207272886301,-0.18172839301998775
4.288135593220339,65.51197322562194,2.624372536271627,-0.18172839301998775
4.3559322033898304,65.51197322562194,-1.1491487883175697,-0.18172839301998775
4.423728813559322,65.51197322562194,-4.770986904251718,-0.18172839301998775
4.491525423728813,65.51197322562194,-7.994659161007533,-0.18172839301998775
4.559322033898305,65.51197322562194,-10.676884721886083,-0.18172839301998775
4.627118644067797,65.51197322562194,-12.78621139203655,-0.18172839301998775
4.694915254237288,65.51197322562194,-14.372615506227632,-0.18172839301998775
4.762711864406779,65.51197322562194,-15.526146790073623,-0.18172839301998775
4.830508474576272,65.51197322562194,-16.344499187027708,-0.18172839301998775
4.898305084745763,65.51197322562194,-16.914965591290336,-0.18172839301998775
4.966101694915254,65.51197322562194,-17.307785038533112,-0.18172839301998775
5.033898305084746,65.51197322562194,-17.57599869587031,-0.18172839301998775
5.101694915254237,65.51197322562194,-17.758076151139644,-0.18172839301998775
5.169491525423728,65.51197322562194,-17.881194896085027,-0.18172839301998775
5.23728813559322,65.51197322562194,-17.964225272124295,-0.18172839301998775
5.305084745762712,65.51197322562194,-18.02011994876807,-0.18172839301998775
5.372881355932203,65.51197322562194,-18.057701878005027,-0.18172839301998775
5.4406779661016955,65.51197322562194,-18.082950329578757,-0.18172839301998775
5.508474576271187,65.51197322562194,-18.099903591812208,-0.18172839301998775
5.576271186440678,65.51197322562194,-18.111282813581475,-0.18172839301998775
5.6440677966101696,65.51197322562194,-18.118918796478425,-0.18172839301998775
5.711864406779661,65.51197322562194,-18.124042047052136,-0.18172839301998775
5.779661016949152,65.51197322562194,-18.127479035850897,-0.18172839301998775
5.847457627118644,65.51197322562194,-18.129784606030906,-0.18172839301998775
5.915254237288135,65.51197322562194,-18.131331130925957,-0.18172839301998775
5.983050847457627,65.51197322562194,-18.132368470520344,-0.18172839301998775
6.0508474576271185,65.51197322562194,-18.1330642558194,-0.18172839301998775
6.118644067796611,65.51197322562194,-18.13353093991994,-0.18172839301998775
6.186440677966102,65.51197322562194,-18.13384395580459,-0.18172839301998775
6.254237288135593,65.51197322562194,-18.134053901419772,-0.18172839301998775
6.322033898305085,65.51197322562194,-18.134194715235644,-0.18172839301998775
6.389830508474576,65.51197322562194,-18.134289160982085,-0.18172839301998775
6.4576271186440675,65.51197322562194,-18.134352506902662,-0.18172839301998775
6.525423728813559,65.51197322562194,-18.134394993730346,-0.18172839301998775
6.593220338983051,65.51197322562194,-18.13442349010156,-0.18172839301998775
6.661016949152542,65.51197322562194,-18.13444260291172,-0.18172839301998775
6.728813559322034,65.51197322562194,-18.134455422065372,-0.18172839301998775
6.796610169491526,65.51197322562194,-18.134464019998035,-0.18172839301998775
6.864406779661017,65.51197322562194,-18.13446978671512,-0.18172839301998775
6.932203389830509,65.51197322562194,-18.134473654507886,-0.18172839301998775
7.0,65.51197322562194,-18.13447624867358,-0.18172839301998775
3.0,67.06950286271483,19.840239101565217,-0.18172839301998775
3.0677966101694913,67.06950286271483,19.83246645643952,-0.18172839301998775
3.135593220338983,67.06950286271483,19.820883686750815,-0.18172839301998775
3.2033898305084745,67.06950286271483,19.803627408703296,-0.18172839301998775
3.2711864406779663,67.06950286271483,19.77792820610142,-0.18172839301998775
3.3389830508474576,67.06950286271483,19.739676514691403,-0.18172839301998775
3.406779661016949,67.06950286271483,19.682788314308482,-0.18172839301998775
3.4745762711864407,67.06950286271483,19.59828781249606,-0.18172839301998775
3.542372881355932,67.06950286271483,19.473001754893144,-0.18172839301998775
3.610169491525424,67.06950286271483,19.287746720991887,-0.18172839301998775
3.6779661016949152,67.06950286271483,19.014912243765146,-0.18172839301998775
3.7457627118644066,67.06950286271483,18.615454178665345,-0.18172839301998775
3.8135593220338984,67.06950286271483,18.035619615686922,-0.18172839301998775
3.8813559322033897,67.06950286271483,17.204391768631602,-0.18172839301998775
3.9491525423728815,67.06950286271483,16.03383785442384,-0.18172839301998775
4.016949152542373,67.06950286271483,14.426171792763618,-0.18172839301998775
4.084745762711864,67.06950286271483,12.292418927521013,-0.18172839301998775
4.152542372881356,67.06950286271483,9.585451156085602,-0.18172839301998775
4.220338983050848,67.06950286271483,6.34136534643058,-0.18172839301998775
4.288135593220339,67.06950286271483,2.7086775924679403,-0.18172839301998775
4.3559322033898304,67.06950286271483,-1.0626148316600157,-0.18172839301998775
4.423728813559322,67.06950286271483,-4.682313641637538,-0.18172839301998775
4.491525423728813,67.06950286271483,-7.904081776497142,-0.18172839301998775
4.559322033898305,67.06950286271483,-10.584723031027444,-0.18172839301998775
4.627118644067797,67.06950286271483,-12.692803788200724,-0.18172839301998775
4.694915254237288,67.06950286271483,-14.278270863335262,-0.18172839301998775
4.762711864406779,67.06950286271483,-15.431120792502306,-0.18172839301998775
4.830508474576272,67.06950286271483,-16.24898981441273,-0.18172839301998775
4.898305084745763,67.06950286271483,-16.81911926209761,-0.18172839301998775
4.966101694915254,67.06950286271483,-17.21170668323749,-0.18172839301998775
5.033898305084746,67.06950286271483,-17.47976191519608,-0.18172839301998775
5.101694915254237,67.06950286271483,-17.66173182303448,-0.18172839301998775
5.169491525423728,67.06950286271483,-17.784777845606303,-0.18172839301998775
5.23728813559322,67.06950286271483,-17.867759178211724,-0.18172839301998775
5.305084745762712,67.06950286271483,-17.92362083962653,-0.18172839301998775
5.372881355932203,67.06950286271483,-17.96118057039892,-0.18172839301998775
5.4406779661016955,67.06950286271483,-17.986414108505755,-0.18172839301998775
5.508474576271187,67.06950286271483,-18.003357356979972,-0.18172839301998775
5.576271186440678,67.06950286271483,-18.014729857400535,-0.18172839301998775
5.6440677966101696,67.06950286271483,-18.022361329962358,-0.18172839301998775
5.711864406779661,67.06950286271483,-18.027481554392953,-0.18172839301998775
5.779661016949152,67.06950286271483,-18.03091651307044,-0.18172839301998775
5.847457627118644,67.06950286271483,-18.033220721422598,-0.18172839301998775
5.915254237288135,67.06950286271483,-18.034766332833996,-0.18172839301998775
5.983050847457627,67.06950286271483,-18.03580305970448,-0.18172839301998775
6.0508474576271185,67.06950286271483,-18.036498434025027,-0.18172839301998775
6.118644067796611,67.06950286271483,-18.036964842469935,-0.18172839301998775
6.186440677966102,67.06950286271483,-18.03727767346594,-0.18172839301998775
6.254237288135593,67.06950286271483,-18.037487495072842,-0.18172839301998775
6.322033898305085,67.06950286271483,-18.03762822571442,-0.18172839301998775
6.389830508474576,67.06950286271483,-18.037722615674728,-0.18172839301998775
6.4576271186440675,67.06950286271483,-18.03778592417886,-0.18172839301998775
6.525423728813559,67.06950286271483,-18.03782838591091,-0.18172839301998775
6.593220338983051,67.06950286271483,-18.037856865450212,-0.18172839301998775
6.661016949152542,67.06950286271483,-18.037875966971036,-0.18172839301998775
6.728813559322034,67.06950286271483,-18.037888778552816,-0.18172839301998775
6.796610169491526,67.06950286271483,-18.03789737140695,-0.18172839301998775
6.864406779661017,67.06950286271483,-18.037903134717816,-0.18172839301998775
6.932203389830509,67.06950286271483,-18.037907000226,-0.18172839301998775
7.0,67.06950286271483,-18.0379095928594,-0.18172839301998775
3.0,68.66406235024542,19.91441910219567,-0.18172839301998775
3.0677966101694913,68.66406235024542,19.906651050840583,-0.18172839301998775
3.135593220338983,68.66406235024542,19.895075126773435,-0.18172839301998775
3.2033898305084745,68.66406235024542,19.877829047491158,-0.18172839301998775
3.2711864406779663,68.66406235024542,19.85214503357212,-0.18172839301998775
3.3389830508474576,68.66406235024542,19.81391594958764,-0.18172839301998775
3.406779661016949,68.66406235024542,19.757061371136352,-0.18172839301998775
3.4745762711864407,68.66406235024542,19.67261081061362,-0.18172839301998775
3.542372881355932,68.66406235024542,19.54739879928455,-0.18172839301998775
3.610169491525424,68.66406235024542,19.362253254381773,-0.18172839301998775
3.6779661016949152,68.66406235024542,19.08958002715205,-0.18172839301998775
3.7457627118644066,68.66406235024542,18.690358048827132,-0.18172839301998775
3.8135593220338984,68.66406235024542,18.110866178321082,-0.18172839301998775
3.8813559322033897,68.66406235024542,17.280129601611133,-0.18172839301998775
3.9491525423728815,68.66406235024542,16.110267505450306,-0.18172839301998775
4.016949152542373,68.66406235024542,14.503551602839917,-0.18172839301998775
4.084745762711864,68.66406235024542,12.371059823243995,-0.18172839301998775
4.152542372881356,68.66406235024542,9.665691917593511,-0.18172839301998775
4.220338983050848,68.66406235024542,6.423523419974858,-0.18172839301998775
4.288135593220339,68.66406235024542,2.7929826486642515,-0.18172839301998775
4.3559322033898304,68.66406235024542,-0.9760808750024632,-0.18172839301998775
4.423728813559322,68.66406235024542,-4.593640379023361,-0.18172839301998775
4.491525423728813,68.66406235024542,-7.813504391986753,-0.18172839301998775
4.559322033898305,68.66406235024542,-10.492561340168807,-0.18172839301998775
4.627118644067797,68.66406235024542,-12.599396184364897,-0.18172839301998775
4.694915254237288,68.66406235024542,-14.183926220442894,-0.18172839301998775
4.762711864406779,68.66406235024542,-15.33609479493099,-0.18172839301998775
4.830508474576272,68.66406235024542,-16.153480441797754,-0.18172839301998775
4.898305084745763,68.66406235024542,-16.72327293290489,-0.18172839301998775
4.966101694915254,68.66406235024542,-17.11562832794187,-0.18172839301998775
5.033898305084746,68.66406235024542,-17.383525134521847,-0.18172839301998775
5.101694915254237,68.66406235024542,-17.565387494929315,-0.18172839301998775
5.169491525423728,68.66406235024542,-17.688360795127583,-0.18172839301998775
5.23728813559322,68.66406235024542,-17.771293084299156,-0.18172839301998775
5.305084745762712,68.66406235024542,-17.82712173048499,-0.18172839301998775
5.372881355932203,68.66406235024542,-17.864659262792816,-0.18172839301998775
5.4406779661016955,68.66406235024542,-17.889877887432753,-0.18172839301998775
5.508474576271187,68.66406235024542,-17.906811122147737,-0.18172839301998775
5.576271186440678,68.66406235024542,-17.9181769012196,-0.18172839301998775
5.6440677966101696,68.66406235024542,-17.925803863446287,-0.18172839301998775
5.711864406779661,68.66406235024542,-17.930921061733773,-0.18172839301998775
5.779661016949152,68.66406235024542,-17.934353990289985,-0.18172839301998775
5.847457627118644,68.66406235024542,-17.936656836814294,-0.18172839301998775
5.915254237288135,68.66406235024542,-17.938201534742035,-0.18172839301998775
5.983050847457627,68.66406235024542,-17.93923764888862,-0.18172839301998775
6.0508474576271185,68.66406235024542,-17.939932612230656,-0.18172839301998775
6.118644067796611,68.66406235024542,-17.94039874501993,-0.18172839301998775
6.186440677966102,68.66406235024542,-17.94071139112729,-0.18172839301998775
6.254237288135593,68.66406235024542,-17.940921088725915,-0.18172839301998775
6.322033898305085,68.66406235024542,-17.9410617361932,-0.18172839301998775
6.389830508474576,68.66406235024542,-17.94115607036737,-0.18172839301998775
6.4576271186440675,68.66406235024542,-17.941219341455056,-0.18172839301998775
6.525423728813559,68.66406235024542,-17.941261778091476,-0.18172839301998775
6.593220338983051,68.66406235024542,-17.941290240798864,-0.18172839301998775
6.661016949152542,68.66406235024542,-17.94130933103035,-0.18172839301998775
6.728813559322034,68.66406235024542,-17.941322135040263,-0.18172839301998775
6.796610169491526,68.66406235024542,-17.941330722815866,-0.18172839301998775
6.864406779661017,68.66406235024542,-17.941336482720516,-0.18172839301998775
6.932203389830509,68.66406235024542,-17.941340345944113,-0.18172839301998775
7.0,68.66406235024542,-17.941342937045224,-0.18172839301998775
3.0,70.29653206300125,19.988599102826118,-0.18172839301998775
3.0677966101694913,70.29653206300125,19.980835645241644,-0.18172839301998775
3.135593220338983,70.29653206300125,19.969266566796048,-0.18172839301998775
3.2033898305084745,70.29653206300125,19.952030686279016,-0.18172839301998775
3.2711864406779663,70.29653206300125,19.926361861042825,-0.18172839301998775
3.3389830508474576,70.29653206300125,19.888155384483866,-0.18172839301998775
3.406779661016949,70.29653206300125,19.831334427964222,-0.18172839301998775
3.4745762711864407,70.29653206300125,19.746933808731182,-0.18172839301998775
3.542372881355932,70.29653206300125,19.62179584367595,-0.18172839301998775
3.610169491525424,70.29653206300125,19.436759787771663,-0.18172839301998775
3.6779661016949152,70.29653206300125,19.16424781053895,-0.18172839301998775
3.7457627118644066,70.29653206300125,18.765261918988916,-0.18172839301998775
3.8135593220338984,70.29653206300125,18.186112740955238,-0.18172839301998775
3.8813559322033897,70.29653206300125,17.35586743459066,-0.18172839301998775
3.9491525423728815,70.29653206300125,16.18669715647677,-0.18172839301998775
4.016949152542373,70.29653206300125,14.580931412916215,-0.18172839301998775
4.084745762711864,70.29653206300125,12.449700718966977,-0.18172839301998775
4.152542372881356,70.29653206300125,9.74593267910142,-0.18172839301998775
4.220338983050848,70.29653206300125,6.505681493519134,-0.18172839301998775
4.288135593220339,70.29653206300125,2.877287704860562,-0.18172839301998775
4.3559322033898304,70.29653206300125,-0.8895469183449125,-0.18172839301998775
4.423728813559322,70.29653206300125,-4.504967116409185,-0.18172839301998775
4.491525423728813,70.29653206300125,-7.7229270074763665,-0.18172839301998775
4.559322033898305,70.29653206300125,-10.400399649310174,-0.18172839301998775
4.627118644067797,70.29653206300125,-12.505988580529074,-0.18172839301998775
4.694915254237288,70.29653206300125,-14.089581577550529,-0.18172839301998775
4.762711864406779,70.29653206300125,-15.241068797359677,-0.18172839301998775
4.830508474576272,70.29653206300125,-16.057971069182777,-0.18172839301998775
4.898305084745763,70.29653206300125,-16.62742660371217,-0.18172839301998775
4.966101694915254,70.29653206300125,-17.019549972646253,-0.18172839301998775
5.033898305084746,70.29653206300125,-17.287288353847615,-0.18172839301998775
5.101694915254237,70.29653206300125,-17.46904316682415,-0.18172839301998775
5.169491525423728,70.29653206300125,-17.59194374464886,-0.18172839301998775
5.23728813559322,70.29653206300125,-17.674826990386588,-0.18172839301998775
5.305084745762712,70.29653206300125,-17.730622621343453,-0.18172839301998775
5.372881355932203,70.29653206300125,-17.768137955186713,-0.18172839301998775
5.4406779661016955,70.29653206300125,-17.793341666359755,-0.18172839301998775
5.508474576271187,70.29653206300125,-17.8102648873155,-0.18172839301998775
5.576271186440678,70.29653206300125,-17.821623945038667,-0.18172839301998775
5.6440677966101696,70.29653206300125,-17.829246396930223,-0.18172839301998775
5.711864406779661,70.29653206300125,-17.834360569074594,-0.18172839301998775
5.779661016949152,70.29653206300125,-17.837791467509533,-0.18172839301998775
5.847457627118644,70.29653206300125,-17.84009295220599,-0.18172839301998775
5.915254237288135,70.29653206300125,-17.841636736650077,-0.18172839301998775
5.983050847457627,70.29653206300125,-17.842672238072765,-0.18172839301998775
6.0508474576271185,70.29653206300125,-17.843366790436285,-0.18172839301998775
6.118644067796611,70.29653206300125,-17.84383264756993,-0.18172839301998775
6.186440677966102,70.29653206300125,-17.84414510878864,-0.18172839301998775
6.254237288135593,70.29653206300125,-17.84435468237899,-0.18172839301998775
6.322033898305085,70.29653206300125,-17.844495246671976,-0.18172839301998775
6.389830508474576,70.29653206300125,-17.844589525060016,-0.18172839301998775
6.4576271186440675,70.29653206300125,-17.844652758731257,-0.18172839301998775
6.525423728813559,70.29653206300125,-17.84469517027204,-0.18172839301998775
6.593220338983051,70.29653206300125,-17.84472361614752,-0.18172839301998775
6.661016949152542,70.29653206300125,-17.84474269508967,-0.18172839301998775
6.728813559322034,70.29653206300125,-17.84475549152771,-0.18172839301998775
6.796610169491526,70.29653206300125,-17.844764074224788,-0.18172839301998775
6.864406779661017,70.29653206300125,-17.844769830723216,-0.18172839301998775
6.932203389830509,70.29653206300125,-17.84477369166223,-0.18172839301998775
7.0,70.29653206300125,-17.84477628123105,-0.18172839301998775
3.0,71.96781330644507,20.062779103456574,-0.18172839301998775
3.0677966101694913,71.96781330644507,20.05502023964271,-0.18172839301998775
3.135593220338983,71.96781330644507,20.043458006818668,-0.18172839301998775
3.2033898305084745,71.96781330644507,20.02623232506688,-0.18172839301998775
3.2711864406779663,71.96781330644507,20.000578688513528,-0.18172839301998775
3.3389830508474576,71.96781330644507,19.9623948193801,-0.18172839301998775
3.406779661016949,71.96781330644507,19.905607484792093,-0.18172839301998775
3.4745762711864407,71.96781330644507,19.821256806848744,-0.18172839301998775
3.542372881355932,71.96781330644507,19.69619288806736,-0.18172839301998775
3.610169491525424,71.96781330644507,19.511266321161553,-0.18172839301998775
3.6779661016949152,71.96781330644507,19.238915593925856,-0.18172839301998775
3.7457627118644066,71.96781330644507,18.840165789150703,-0.18172839301998775
3.8135593220338984,71.96781330644507,18.261359303589398,-0.18172839301998775
3.8813559322033897,71.96781330644507,17.43160526757019,-0.18172839301998775
3.9491525423728815,71.96781330644507,16.263126807503237,-0.18172839301998775
4.016949152542373,71.96781330644507,14.658311222992516,-0.18172839301998775
4.084745762711864,71.96781330644507,12.52834161468996,-0.18172839301998775
4.152542372881356,71.96781330644507,9.826173440609331,-0.18172839301998775
4.220338983050848,71.96781330644507,6.587839567063413,-0.18172839301998775
4.288135593220339,71.96781330644507,2.961592761056875,-0.18172839301998775
4.3559322033898304,71.96781330644507,-0.8030129616873583,-0.18172839301998775
4.423728813559322,71.96781330644507,-4.416293853795006,-0.18172839301998775
4.491525423728813,71.96781330644507,-7.632349622965975,-0.18172839301998775
4.559322033898305,71.96781330644507,-10.308237958451535,-0.18172839301998775
4.627118644067797,71.96781330644507,-12.412580976693247,-0.18172839301998775
4.694915254237288,71.96781330644507,-13.995236934658159,-0.18172839301998775
4.762711864406779,71.96781330644507,-15.146042799788358,-0.18172839301998775
4.830508474576272,71.96781330644507,-15.9624616965678,-0.18172839301998775
4.898305084745763,71.96781330644507,-16.531580274519445,-0.18172839301998775
4.966101694915254,71.96781330644507,-16.923471617350632,-0.18172839301998775
5.033898305084746,71.96781330644507,-17.191051573173382,-0.18172839301998775
5.101694915254237,71.96781330644507,-17.372698838718982,-0.18172839301998775
5.169491525423728,71.96781330644507,-17.495526694170135,-0.18172839301998775
5.23728813559322,71.96781330644507,-17.578360896474017,-0.18172839301998775
5.305084745762712,71.96781330644507,-17.63412351220191,-0.18172839301998775
5.372881355932203,71.96781330644507,-17.671616647580606,-0.18172839301998775
5.4406779661016955,71.96781330644507,-17.696805445286753,-0.18172839301998775
5.508474576271187,71.96781330644507,-17.713718652483262,-0.18172839301998775
5.576271186440678,71.96781330644507,-17.725070988857727,-0.18172839301998775
5.6440677966101696,71.96781330644507,-17.732688930414152,-0.18172839301998775
5.711864406779661,71.96781330644507,-17.73780007641541,-0.18172839301998775
5.779661016949152,71.96781330644507,-17.741228944729077,-0.18172839301998775
5.847457627118644,71.96781330644507,-17.74352906759768,-0.18172839301998775
5.915254237288135,71.96781330644507,-17.745071938558112,-0.18172839301998775
5.983050847457627,71.96781330644507,-17.746106827256902,-0.18172839301998775
6.0508474576271185,71.96781330644507,-17.746800968641914,-0.18172839301998775
6.118644067796611,71.96781330644507,-17.747266550119924,-0.18172839301998775
6.186440677966102,71.96781330644507,-17.747578826449992,-0.18172839301998775
6.254237288135593,71.96781330644507,-17.74778827603206,-0.18172839301998775
6.322033898305085,71.96781330644507,-17.747928757150753,-0.18172839301998775
6.389830508474576,71.96781330644507,-17.748022979752655,-0.18172839301998775
6.4576271186440675,71.96781330644507,-17.74808617600745,-0.18172839301998775
6.525423728813559,71.96781330644507,-17.748128562452603,-0.18172839301998775
6.593220338983051,71.96781330644507,-17.74815699149617,-0.18172839301998775
6.661016949152542,71.96781330644507,-17.748176059148985,-0.18172839301998775
6.728813559322034,71.96781330644507,-17.748188848015154,-0.18172839301998775
6.796610169491526,71.96781330644507,-17.748197425633702,-0.18172839301998775
6.864406779661017,71.96781330644507,-17.748203178725912,-0.18172839301998775
6.932203389830509,71.96781330644507,-17.748207037380343,-0.18172839301998775
7.0,71.96781330644507,-17.74820962541687,-0.18172839301998775
3.0,73.67882881433572,20.136959104087026,-0.18172839301998775
3.0677966101694913,73.67882881433572,20.129204834043776,-0.18172839301998775
3.135593220338983,73.67882881433572,20.117649446841284,-0.18172839301998775
3.2033898305084745,73.67882881433572,20.10043396385474,-0.18172839301998775
3.2711864406779663,73.67882881433572,20.07479551598423,-0.18172839301998775
3.3389830508474576,73.67882881433572,20.036634254276333,-0.18172839301998775
3.406779661016949,73.67882881433572,19.979880541619963,-0.18172839301998775
3.4745762711864407,73.67882881433572,19.895579804966307,-0.18172839301998775
3.542372881355932,73.67882881433572,19.770589932458762,-0.18172839301998775
3.610169491525424,73.67882881433572,19.585772854551443,-0.18172839301998775
3.6779661016949152,73.67882881433572,19.31358337731276,-0.18172839301998775
3.7457627118644066,73.67882881433572,18.915069659312486,-0.18172839301998775
3.8135593220338984,73.67882881433572,18.336605866223554,-0.18172839301998775
3.8813559322033897,73.67882881433572,17.507343100549722,-0.18172839301998775
3.9491525423728815,73.67882881433572,16.339556458529703,-0.18172839301998775
4.016949152542373,73.67882881433572,14.735691033068814,-0.18172839301998775
4.084745762711864,73.67882881433572,12.606982510412942,-0.18172839301998775
4.152542372881356,73.67882881433572,9.90641420211724,-0.18172839301998775
4.220338983050848,73.67882881433572,6.66999764060769,-0.18172839301998775
4.288135593220339,73.67882881433572,3.045897817253187,-0.18172839301998775
4.3559322033898304,73.67882881433572,-0.7164790050298062,-0.18172839301998775
4.423728813559322,73.67882881433572,-4.327620591180829,-0.18172839301998775
4.491525423728813,73.67882881433572,-7.541772238455587,-0.18172839301998775
4.559322033898305,73.67882881433572,-10.216076267592898,-0.18172839301998775
4.627118644067797,73.67882881433572,-12.31917337285742,-0.18172839301998775
4.694915254237288,73.67882881433572,-13.90089229176579,-0.18172839301998775
4.762711864406779,73.67882881433572,-15.051016802217044,-0.18172839301998775
4.830508474576272,73.67882881433572,-15.866952323952823,-0.18172839301998775
4.898305084745763,73.67882881433572,-16.435733945326724,-0.18172839301998775
4.966101694915254,73.67882881433572,-16.827393262055015,-0.18172839301998775
5.033898305084746,73.67882881433572,-17.09481479249915,-0.18172839301998775
5.101694915254237,73.67882881433572,-17.276354510613817,-0.18172839301998775
5.169491525423728,73.67882881433572,-17.399109643691414,-0.18172839301998775
5.23728813559322,73.67882881433572,-17.48189480256145,-0.18172839301998775
5.305084745762712,73.67882881433572,-17.537624403060374,-0.18172839301998775
5.372881355932203,73.67882881433572,-17.575095339974503,-0.18172839301998775
5.4406779661016955,73.67882881433572,-17.60026922421375,-0.18172839301998775
5.508474576271187,73.67882881433572,-17.617172417651027,-0.18172839301998775
5.576271186440678,73.67882881433572,-17.62851803267679,-0.18172839301998775
5.6440677966101696,73.67882881433572,-17.636131463898085,-0.18172839301998775
5.711864406779661,73.67882881433572,-17.64123958375623,-0.18172839301998775
5.779661016949152,73.67882881433572,-17.64466642194862,-0.18172839301998775
5.847457627118644,73.67882881433572,-17.646965182989376,-0.18172839301998775
5.915254237288135,73.67882881433572,-17.648507140466155,-0.18172839301998775
5.983050847457627,73.67882881433572,-17.649541416441043,-0.18172839301998775
6.0508474576271185,73.67882881433572,-17.650235146847542,-0.18172839301998775
6.118644067796611,73.67882881433572,-17.650700452669923,-0.18172839301998775
6.186440677966102,73.67882881433572,-17.651012544111342,-0.18172839301998775
6.254237288135593,73.67882881433572,-17.651221869685138,-0.18172839301998775
6.322033898305085,73.67882881433572,-17.65136226762953,-0.18172839301998775
6.389830508474576,73.67882881433572,-17.651456434445297,-0.18172839301998775
6.4576271186440675,73.67882881433572,-17.651519593283652,-0.18172839301998775
6.525423728813559,73.67882881433572,-17.65156195463317,-0.18172839301998775
6.593220338983051,73.67882881433572,-17.651590366844825,-0.18172839301998775
6.661016949152542,73.67882881433572,-17.651609423208303,-0.18172839301998775
6.728813559322034,73.67882881433572,-17.6516222045026,-0.18172839301998775
6.796610169491526,73.67882881433572,-17.65163077704262,-0.18172839301998775
6.864406779661017,73.67882881433572,-17.651636526728613,-0.18172839301998775
6.932203389830509,73.67882881433572,-17.65164038309846,-0.18172839301998775
7.0,73.67882881433572,-17.651642969602694,-0.18172839301998775
3.0,75.43052325818034,20.21113910471748,-0.18172839301998775
3.0677966101694913,75.43052325818034,20.20338942844484,-0.18172839301998775
3.135593220338983,75.43052325818034,20.1918408868639,-0.18172839301998775
3.2033898305084745,75.43052325818034,20.1746356026426,-0.18172839301998775
3.2711864406779663,75.43052325818034,20.14901234345493,-0.18172839301998775
3.3389830508474576,75.43052325818034,20.110873689172564,-0.18172839301998775
3.406779661016949,75.43052325818034,20.054153598447833,-0.18172839301998775
3.4745762711864407,75.43052325818034,19.969902803083865,-0.18172839301998775
3.542372881355932,75.43052325818034,19.844986976850166,-0.18172839301998775
3.610169491525424,75.43052325818034,19.66027938794133,-0.18172839301998775
3.6779661016949152,75.43052325818034,19.388251160699664,-0.18172839301998775
3.7457627118644066,75.43052325818034,18.989973529474273,-0.18172839301998775
3.8135593220338984,75.43052325818034,18.411852428857713,-0.18172839301998775
3.8813559322033897,75.43052325818034,17.58308093352925,-0.18172839301998775
3.9491525423728815,75.43052325818034,16.41598610955617,-0.18172839301998775
4.016949152542373,75.43052325818034,14.813070843145114,-0.18172839301998775
4.084745762711864,75.43052325818034,12.685623406135926,-0.18172839301998775
4.152542372881356,75.43052325818034,9.98665496362515,-0.18172839301998775
4.220338983050848,75.43052325818034,6.752155714151968,-0.18172839301998775
4.288135593220339,75.43052325818034,3.130202873449498,-0.18172839301998775
4.3559322033898304,75.43052325818034,-0.6299450483722537,-0.18172839301998775
4.423728813559322,75.43052325818034,-4.238947328566652,-0.18172839301998775
4.491525423728813,75.43052325818034,-7.451194853945198,-0.18172839301998775
4.559322033898305,75.43052325818034,-10.123914576734263,-0.18172839301998775
4.627118644067797,75.43052325818034,-12.225765769021596,-0.18172839301998775
4.694915254237288,75.43052325818034,-13.806547648873424,-0.18172839301998775
4.762711864406779,75.43052325818034,-14.955990804645728,-0.18172839301998775
4.830508474576272,75.43052325818034,-15.771442951337846,-0.18172839301998775
4.898305084745763,75.43052325818034,-16.339887616134003,-0.18172839301998775
4.966101694915254,75.43052325818034,-16.731314906759394,-0.18172839301998775
5.033898305084746,75.43052325818034,-16.998578011824918,-0.18172839301998775
5.101694915254237,75.43052325818034,-17.180010182508653,-0.18172839301998775
5.169491525423728,75.43052325818034,-17.30269259321269,-0.18172839301998775
5.23728813559322,75.43052325818034,-17.385428708648877,-0.18172839301998775
5.305084745762712,75.43052325818034,-17.441125293918834,-0.18172839301998775
5.372881355932203,75.43052325818034,-17.4785740323684,-0.18172839301998775
5.4406779661016955,75.43052325818034,-17.503733003140752,-0.18172839301998775
5.508474576271187,75.43052325818034,-17.52062618281879,-0.18172839301998775
5.576271186440678,75.43052325818034,-17.531965076495858,-0.18172839301998775
5.6440677966101696,75.43052325818034,-17.539573997382018,-0.18172839301998775
5.711864406779661,75.43052325818034,-17.544679091097052,-0.18172839301998775
5.779661016949152,75.43052325818034,-17.54810389916817,-0.18172839301998775
5.847457627118644,75.43052325818034,-17.55040129838107,-0.18172839301998775
5.915254237288135,75.43052325818034,-17.551942342374193,-0.18172839301998775
5.983050847457627,75.43052325818034,-17.552976005625183,-0.18172839301998775
6.0508474576271185,75.43052325818034,-17.55366932505317,-0.18172839301998775
6.118644067796611,75.43052325818034,-17.55413435521992,-0.18172839301998775
6.186440677966102,75.43052325818034,-17.554446261772693,-0.18172839301998775
6.254237288135593,75.43052325818034,-17.55465546333821,-0.18172839301998775
6.322033898305085,75.43052325818034,-17.554795778108307,-0.18172839301998775
6.389830508474576,75.43052325818034,-17.55488988913794,-0.18172839301998775
6.4576271186440675,75.43052325818034,-17.55495301055985,-0.18172839301998775
6.525423728813559,75.43052325818034,-17.554995346813733,-0.18172839301998775
6.593220338983051,75.43052325818034,-17.55502374219348,-0.18172839301998775
6.661016949152542,75.43052325818034,-17.55504278726762,-0.18172839301998775
6.728813559322034,75.43052325818034,-17.555055560990045,-0.18172839301998775
6.796610169491526,75.43052325818034,-17.555064128451537,-0.18172839301998775
6.864406779661017,75.43052325818034,-17.55506987473131,-0.18172839301998775
6.932203389830509,75.43052325818034,-17.555073728816573,-0.18172839301998775
7.0,75.43052325818034,-17.555076313788515,-0.18172839301998775
3.0,77.22386376879851,20.28531910534793,-0.18172839301998775
3.0677966101694913,77.22386376879851,20.277574022845904,-0.18172839301998775
3.135593220338983,77.22386376879851,20.266032326886517,-0.18172839301998775
3.2033898305084745,77.22386376879851,20.24883724143046,-0.18172839301998775
3.2711864406779663,77.22386376879851,20.223229170925634,-0.18172839301998775
3.3389830508474576,77.22386376879851,20.185113124068796,-0.18172839301998775
3.406779661016949,77.22386376879851,20.128426655275703,-0.18172839301998775
3.4745762711864407,77.22386376879851,20.044225801201428,-0.18172839301998775
3.542372881355932,77.22386376879851,19.91938402124157,-0.18172839301998775
3.610169491525424,77.22386376879851,19.73478592133122,-0.18172839301998775
3.6779661016949152,77.22386376879851,19.462918944086567,-0.18172839301998775
3.7457627118644066,77.22386376879851,19.064877399636057,-0.18172839301998775
3.8135593220338984,77.22386376879851,18.48709899149187,-0.18172839301998775
3.8813559322033897,77.22386376879851,17.65881876650878,-0.18172839301998775
3.9491525423728815,77.22386376879851,16.492415760582634,-0.18172839301998775
4.016949152542373,77.22386376879851,14.890450653221414,-0.18172839301998775
4.084745762711864,77.22386376879851,12.764264301858908,-0.18172839301998775
4.152542372881356,77.22386376879851,10.066895725133058,-0.18172839301998775
4.220338983050848,77.22386376879851,6.834313787696245,-0.18172839301998775
4.288135593220339,77.22386376879851,3.21450792964581,-0.18172839301998775
4.3559322033898304,77.22386376879851,-0.5434110917147015,-0.18172839301998775
4.423728813559322,77.22386376879851,-4.150274065952475,-0.18172839301998775
4.491525423728813,77.22386376879851,-7.36061746943481,-0.18172839301998775
4.559322033898305,77.22386376879851,-10.031752885875626,-0.18172839301998775
4.627118644067797,77.22386376879851,-12.13235816518577,-0.18172839301998775
4.694915254237288,77.22386376879851,-13.712203005981056,-0.18172839301998775
4.762711864406779,77.22386376879851,-14.860964807074412,-0.18172839301998775
4.830508474576272,77.22386376879851,-15.675933578722871,-0.18172839301998775
4.898305084745763,77.22386376879851,-16.24404128694128,-0.18172839301998775
4.966101694915254,77.22386376879851,-16.635236551463777,-0.18172839301998775
5.033898305084746,77.22386376879851,-16.902341231150686,-0.18172839301998775
5.101694915254237,77.22386376879851,-17.08366585440349,-0.18172839301998775
5.169491525423728,77.22386376879851,-17.206275542733966,-0.18172839301998775
5.23728813559322,77.22386376879851,-17.28896261473631,-0.18172839301998775
5.305084745762712,77.22386376879851,-17.344626184777294,-0.18172839301998775
5.372881355932203,77.22386376879851,-17.382052724762293,-0.18172839301998775
5.4406779661016955,77.22386376879851,-17.40719678206775,-0.18172839301998775
5.508474576271187,77.22386376879851,-17.424079947986556,-0.18172839301998775
5.576271186440678,77.22386376879851,-17.435412120314922,-0.18172839301998775
5.6440677966101696,77.22386376879851,-17.44301653086595,-0.18172839301998775
5.711864406779661,77.22386376879851,-17.44811859843787,-0.18172839301998775
5.779661016949152,77.22386376879851,-17.451541376387713,-0.18172839301998775
5.847457627118644,77.22386376879851,-17.453837413772764,-0.18172839301998775
5.915254237288135,77.22386376879851,-17.455377544282232,-0.18172839301998775
5.983050847457627,77.22386376879851,-17.45641059480932,-0.18172839301998775
6.0508474576271185,77.22386376879851,-17.4571035032588,-0.18172839301998775
6.118644067796611,77.22386376879851,-17.457568257769918,-0.18172839301998775
6.186440677966102,77.22386376879851,-17.457879979434043,-0.18172839301998775
6.254237288135593,77.22386376879851,-17.458089056991284,-0.18172839301998775
6.322033898305085,77.22386376879851,-17.458229288587084,-0.18172839301998775
6.389830508474576,77.22386376879851,-17.458323343830585,-0.18172839301998775
6.4576271186440675,77.22386376879851,-17.458386427836047,-0.18172839301998775
6.525423728813559,77.22386376879851,-17.458428738994296,-0.18172839301998775
6.593220338983051,77.22386376879851,-17.45845711754213,-0.18172839301998775
6.661016949152542,77.22386376879851,-17.458476151326938,-0.18172839301998775
6.728813559322034,77.22386376879851,-17.458488917477492,-0.18172839301998775
6.796610169491526,77.22386376879851,-17.458497479860455,-0.18172839301998775
6.864406779661017,77.22386376879851,-17.45850322273401,-0.18172839301998775
6.932203389830509,77.22386376879851,-17.458507074534687,-0.18172839301998775
7.0,77.22386376879851,-17.45850965797434,-0.18172839301998775
3.0,79.0598404702862,20.359499105978383,-0.18172839301998775
3.0677966101694913,79.0598404702862,20.35175861724697,-0.18172839301998775
3.135593220338983,79.0598404702862,20.340223766909137,-0.18172839301998775
3.2033898305084745,79.0598404702862,20.323038880218323,-0.18172839301998775
3.2711864406779663,79.0598404702862,20.297445998396338,-0.18172839301998775
3.3389830508474576,79.0598404702862,20.259352558965027,-0.18172839301998775
3.406779661016949,79.0598404702862,20.202699712103577,-0.18172839301998775
3.4745762711864407,79.0598404702862,20.11854879931899,-0.18172839301998775
3.542372881355932,79.0598404702862,19.993781065632977,-0.18172839301998775
3.610169491525424,79.0598404702862,19.80929245472111,-0.18172839301998775
3.6779661016949152,79.0598404702862,19.53758672747347,-0.18172839301998775
3.7457627118644066,79.0598404702862,19.139781269797844,-0.18172839301998775
3.8135593220338984,79.0598404702862,18.56234555412603,-0.18172839301998775
3.8813559322033897,79.0598404702862,17.73455659948831,-0.18172839301998775
3.9491525423728815,79.0598404702862,16.568845411609104,-0.18172839301998775
4.016949152542373,79.0598404702862,14.967830463297714,-0.18172839301998775
4.084745762711864,79.0598404702862,12.842905197581892,-0.18172839301998775
4.152542372881356,79.0598404702862,10.14713648664097,-0.18172839301998775
4.220338983050848,79.0598404702862,6.916471861240525,-0.18172839301998775
4.288135593220339,79.0598404702862,3.2988129858421233,-0.18172839301998775
4.3559322033898304,79.0598404702862,-0.4568771350571472,-0.18172839301998775
4.423728813559322,79.0598404702862,-4.061600803338296,-0.18172839301998775
4.491525423728813,79.0598404702862,-7.2700400849244184,-0.18172839301998775
4.559322033898305,79.0598404702862,-9.939591195016988,-0.18172839301998775
4.627118644067797,79.0598404702862,-12.038950561349944,-0.18172839301998775
4.694915254237288,79.0598404702862,-13.617858363088686,-0.18172839301998775
4.762711864406779,79.0598404702862,-14.765938809503094,-0.18172839301998775
4.830508474576272,79.0598404702862,-15.580424206107892,-0.18172839301998775
4.898305084745763,79.0598404702862,-16.148194957748554,-0.18172839301998775
4.966101694915254,79.0598404702862,-16.539158196168156,-0.18172839301998775
5.033898305084746,79.0598404702862,-16.806104450476454,-0.18172839301998775
5.101694915254237,79.0598404702862,-16.987321526298324,-0.18172839301998775
5.169491525423728,79.0598404702862,-17.109858492255242,-0.18172839301998775
5.23728813559322,79.0598404702862,-17.192496520823738,-0.18172839301998775
5.305084745762712,79.0598404702862,-17.248127075635754,-0.18172839301998775
5.372881355932203,79.0598404702862,-17.285531417156186,-0.18172839301998775
5.4406779661016955,79.0598404702862,-17.310660560994748,-0.18172839301998775
5.508474576271187,79.0598404702862,-17.32753371315432,-0.18172839301998775
5.576271186440678,79.0598404702862,-17.338859164133982,-0.18172839301998775
5.6440677966101696,79.0598404702862,-17.34645906434988,-0.18172839301998775
5.711864406779661,79.0598404702862,-17.351558105778686,-0.18172839301998775
5.779661016949152,79.0598404702862,-17.354978853607257,-0.18172839301998775
5.847457627118644,79.0598404702862,-17.357273529164456,-0.18172839301998775
5.915254237288135,79.0598404702862,-17.358812746190267,-0.18172839301998775
5.983050847457627,79.0598404702862,-17.35984518399346,-0.18172839301998775
6.0508474576271185,79.0598404702862,-17.36053768146443,-0.18172839301998775
6.118644067796611,79.0598404702862,-17.361002160319913,-0.18172839301998775
6.186440677966102,79.0598404702862,-17.36131369709539,-0.18172839301998775
6.254237288135593,79.0598404702862,-17.361522650644353,-0.18172839301998775
6.322033898305085,79.0598404702862,-17.36166279906586,-0.18172839301998775
6.389830508474576,79.0598404702862,-17.361756798523224,-0.18172839301998775
6.4576271186440675,79.0598404702862,-17.361819845112244,-0.18172839301998775
6.525423728813559,79.0598404702862,-17.36186213117486,-0.18172839301998775
6.593220338983051,79.0598404702862,-17.361890492890783,-0.18172839301998775
6.661016949152542,79.0598404702862,-17.36190951538625,-0.18172839301998775
6.728813559322034,79.0598404702862,-17.361922273964936,-0.18172839301998775
6.796610169491526,79.0598404702862,-17.36193083126937,-0.18172839301998775
6.864406779661017,79.0598404702862,-17.361936570736706,-0.18172839301998775
6.932203389830509,79.0598404702862,-17.3619404202528,-0.18172839301998775
7.0,79.0598404702862,-17.36194300216016,-0.18172839301998775
3.0,80.9394670266749,20.433679106608835,-0.18172839301998775
3.0677966101694913,80.9394670266749,20.425943211648033,-0.18172839301998775
3.135593220338983,80.9394670266749,20.414415206931753,-0.18172839301998775
3.2033898305084745,80.9394670266749,20.397240519006182,-0.18172839301998775
3.2711864406779663,80.9394670266749,20.37166282586704,-0.18172839301998775
3.3389830508474576,80.9394670266749,20.33359199386126,-0.18172839301998775
3.406779661016949,80.9394670266749,20.276972768931444,-0.18172839301998775
3.4745762711864407,80.9394670266749,20.192871797436553,-0.18172839301998775
3.542372881355932,80.9394670266749,20.06817811002438,-0.18172839301998775
3.610169491525424,80.9394670266749,19.883798988110996,-0.18172839301998775
3.6779661016949152,80.9394670266749,19.612254510860375,-0.18172839301998775
3.7457627118644066,80.9394670266749,19.214685139959627,-0.18172839301998775
3.8135593220338984,80.9394670266749,18.63759211676019,-0.18172839301998775
3.8813559322033897,80.9394670266749,17.81029443246784,-0.18172839301998775
3.9491525423728815,80.9394670266749,16.645275062635566,-0.18172839301998775
4.016949152542373,80.9394670266749,15.045210273374012,-0.18172839301998775
4.084745762711864,80.9394670266749,12.921546093304874,-0.18172839301998775
4.152542372881356,80.9394670266749,10.227377248148878,-0.18172839301998775
4.220338983050848,80.9394670266749,6.9986299347848,-0.18172839301998775
4.288135593220339,80.9394670266749,3.3831180420384337,-0.18172839301998775
4.3559322033898304,80.9394670266749,-0.3703431783995963,-0.18172839301998775
4.423728813559322,80.9394670266749,-3.97292754072412,-0.18172839301998775
4.491525423728813,80.9394670266749,-7.179462700414032,-0.18172839301998775
4.559322033898305,80.9394670266749,-9.847429504158354,-0.18172839301998775
4.627118644067797,80.9394670266749,-11.94554295751412,-0.18172839301998775
4.694915254237288,80.9394670266749,-13.523513720196322,-0.18172839301998775
4.762711864406779,80.9394670266749,-14.67091281193178,-0.18172839301998775
4.830508474576272,80.9394670266749,-15.484914833492917,-0.18172839301998775
4.898305084745763,80.9394670266749,-16.052348628555833,-0.18172839301998775
4.966101694915254,80.9394670266749,-16.443079840872535,-0.18172839301998775
5.033898305084746,80.9394670266749,-16.70986766980222,-0.18172839301998775
5.101694915254237,80.9394670266749,-16.89097719819316,-0.18172839301998775
5.169491525423728,80.9394670266749,-17.01344144177652,-0.18172839301998775
5.23728813559322,80.9394670266749,-17.09603042691117,-0.18172839301998775
5.305084745762712,80.9394670266749,-17.151627966494218,-0.18172839301998775
5.372881355932203,80.9394670266749,-17.189010109550086,-0.18172839301998775
5.4406779661016955,80.9394670266749,-17.21412433992175,-0.18172839301998775
5.508474576271187,80.9394670266749,-17.230987478322085,-0.18172839301998775
5.576271186440678,80.9394670266749,-17.24230620795305,-0.18172839301998775
5.6440677966101696,80.9394670266749,-17.249901597833816,-0.18172839301998775
5.711864406779661,80.9394670266749,-17.25499761311951,-0.18172839301998775
5.779661016949152,80.9394670266749,-17.258416330826805,-0.18172839301998775
5.847457627118644,80.9394670266749,-17.26070964455615,-0.18172839301998775
5.915254237288135,80.9394670266749,-17.26224794809831,-0.18172839301998775
5.983050847457627,80.9394670266749,-17.2632797731776,-0.18172839301998775
6.0508474576271185,80.9394670266749,-17.263971859670058,-0.18172839301998775
6.118644067796611,80.9394670266749,-17.264436062869912,-0.18172839301998775
6.186440677966102,80.9394670266749,-17.264747414756744,-0.18172839301998775
6.254237288135593,80.9394670266749,-17.26495624429743,-0.18172839301998775
6.322033898305085,80.9394670266749,-17.26509630954464,-0.18172839301998775
6.389830508474576,80.9394670266749,-17.26519025321587,-0.18172839301998775
6.4576271186440675,80.9394670266749,-17.265253262388445,-0.18172839301998775
6.525423728813559,80.9394670266749,-17.265295523355427,-0.18172839301998775
6.593220338983051,80.9394670266749,-17.265323868239438,-0.18172839301998775
6.661016949152542,80.9394670266749,-17.265342879445573,-0.18172839301998775
6.728813559322034,80.9394670266749,-17.265355630452383,-0.18172839301998775
6.796610169491526,80.9394670266749,-17.265364182678287,-0.18172839301998775
6.864406779661017,80.9394670266749,-17.265369918739406,-0.18172839301998775
6.932203389830509,80.9394670266749,-17.265373765970917,-0.18172839301998775
7.0,80.9394670266749,-17.265376346345985,-0.18172839301998775
3.0,82.86378120158736,20.507859107239288,-0.18172839301998775
3.0677966101694913,82.86378120158736,20.500127806049097,-0.18172839301998775
3.135593220338983,82.86378120158736,20.48860664695437,-0.18172839301998775
3.2033898305084745,82.86378120158736,20.471442157794044,-0.18172839301998775
3.2711864406779663,82.86378120158736,20.44587965333774,-0.18172839301998775
3.3389830508474576,82.86378120158736,20.40783142875749,-0.18172839301998775
3.406779661016949,82.86378120158736,20.351245825759314,-0.18172839301998775
3.4745762711864407,82.86378120158736,20.26719479555411,-0.18172839301998775
3.542372881355932,82.86378120158736,20.142575154415784,-0.18172839301998775
3.610169491525424,82.86378120158736,19.958305521500886,-0.18172839301998775
3.6779661016949152,82.86378120158736,19.686922294247278,-0.18172839301998775
3.7457627118644066,82.86378120158736,19.289589010121414,-0.18172839301998775
3.8135593220338984,82.86378120158736,18.712838679394345,-0.18172839301998775
3.8813559322033897,82.86378120158736,17.88603226544737,-0.18172839301998775
3.9491525423728815,82.86378120158736,16.72170471366203,-0.18172839301998775
4.016949152542373,82.86378120158736,15.122590083450312,-0.18172839301998775
4.084745762711864,82.86378120158736,13.000186989027856,-0.18172839301998775
4.152542372881356,82.86378120158736,10.307618009656787,-0.18172839301998775
4.220338983050848,82.86378120158736,7.080788008329078,-0.18172839301998775
4.288135593220339,82.86378120158736,3.467423098234745,-0.18172839301998775
4.3559322033898304,82.86378120158736,-0.28380922174204426,-0.18172839301998775
4.423728813559322,82.86378120158736,-3.8842542781099425,-0.18172839301998775
4.491525423728813,82.86378120158736,-7.088885315903642,-0.18172839301998775
4.559322033898305,82.86378120158736,-9.755267813299717,-0.18172839301998775
4.627118644067797,82.86378120158736,-11.852135353678294,-0.18172839301998775
4.694915254237288,82.86378120158736,-13.429169077303953,-0.18172839301998775
4.762711864406779,82.86378120158736,-14.575886814360464,-0.18172839301998775
4.830508474576272,82.86378120158736,-15.38940546087794,-0.18172839301998775
4.898305084745763,82.86378120158736,-15.956502299363112,-0.18172839301998775
4.966101694915254,82.86378120158736,-16.347001485576918,-0.18172839301998775
5.033898305084746,82.86378120158736,-16.613630889127993,-0.18172839301998775
5.101694915254237,82.86378120158736,-16.794632870087995,-0.18172839301998775
5.169491525423728,82.86378120158736,-16.917024391297797,-0.18172839301998775
5.23728813559322,82.86378120158736,-16.9995643329986,-0.18172839301998775
5.305084745762712,82.86378120158736,-17.055128857352678,-0.18172839301998775
5.372881355932203,82.86378120158736,-17.092488801943983,-0.18172839301998775
5.4406779661016955,82.86378120158736,-17.117588118848747,-0.18172839301998775
5.508474576271187,82.86378120158736,-17.13444124348985,-0.18172839301998775
5.576271186440678,82.86378120158736,-17.145753251772113,-0.18172839301998775
5.6440677966101696,82.86378120158736,-17.153344131317745,-0.18172839301998775
5.711864406779661,82.86378120158736,-17.15843712046033,-0.18172839301998775
5.779661016949152,82.86378120158736,-17.16185380804635,-0.18172839301998775
5.847457627118644,82.86378120158736,-17.164145759947846,-0.18172839301998775
5.915254237288135,82.86378120158736,-17.16568315000635,-0.18172839301998775
5.983050847457627,82.86378120158736,-17.16671436236174,-0.18172839301998775
6.0508474576271185,82.86378120158736,-17.16740603787569,-0.18172839301998775
6.118644067796611,82.86378120158736,-17.167869965419907,-0.18172839301998775
6.186440677966102,82.86378120158736,-17.168181132418095,-0.18172839301998775
6.254237288135593,82.86378120158736,-17.168389837950503,-0.18172839301998775
6.322033898305085,82.86378120158736,-17.168529820023416,-0.18172839301998775
6.389830508474576,82.86378120158736,-17.168623707908512,-0.18172839301998775
6.4576271186440675,82.86378120158736,-17.168686679664642,-0.18172839301998775
6.525423728813559,82.86378120158736,-17.16872891553599,-0.18172839301998775
6.593220338983051,82.86378120158736,-17.168757243588093,-0.18172839301998775
6.661016949152542,82.86378120158736,-17.168776243504887,-0.18172839301998775
6.728813559322034,82.86378120158736,-17.16878898693983,-0.18172839301998775
6.796610169491526,82.86378120158736,-17.168797534087204,-0.18172839301998775
6.864406779661017,82.86378120158736,-17.168803266742106,-0.18172839301998775
6.932203389830509,82.86378120158736,-17.168807111689034,-0.18172839301998775
7.0,82.86378120158736,-17.16880969053181,-0.18172839301998775
3.0,84.83384543119868,20.58203910786974,-0.18172839301998775
3.0677966101694913,84.83384543119868,20.57431240045016,-0.18172839301998775
3.135593220338983,84.83384543119868,20.56279808697699,-0.18172839301998775
3.2033898305084745,84.83384543119868,20.545643796581906,-0.18172839301998775
3.2711864406779663,84.83384543119868,20.520096480808448,-0.18172839301998775
3.3389830508474576,84.83384543119868,20.482070863653725,-0.18172839301998775
3.406779661016949,84.83384543119868,20.425518882587188,-0.18172839301998775
3.4745762711864407,84.83384543119868,20.341517793671677,-0.18172839301998775
3.542372881355932,84.83384543119868,20.21697219880719,-0.18172839301998775
3.610169491525424,84.83384543119868,20.032812054890776,-0.18172839301998775
3.6779661016949152,84.83384543119868,19.76159007763418,-0.18172839301998775
3.7457627118644066,84.83384543119868,19.3644928802832,-0.18172839301998775
3.8135593220338984,84.83384543119868,18.788085242028504,-0.18172839301998775
3.8813559322033897,84.83384543119868,17.9617700984269,-0.18172839301998775
3.9491525423728815,84.83384543119868,16.798134364688497,-0.18172839301998775
4.016949152542373,84.83384543119868,15.199969893526612,-0.18172839301998775
4.084745762711864,84.83384543119868,13.07882788475084,-0.18172839301998775
4.152542372881356,84.83384543119868,10.387858771164698,-0.18172839301998775
4.220338983050848,84.83384543119868,7.162946081873357,-0.18172839301998775
4.288135593220339,84.83384543119868,3.5517281544310584,-0.18172839301998775
4.3559322033898304,84.83384543119868,-0.19727526508449,-0.18172839301998775
4.423728813559322,84.83384543119868,-3.795581015495763,-0.18172839301998775
4.491525423728813,84.83384543119868,-6.998307931393252,-0.18172839301998775
4.559322033898305,84.83384543119868,-9.663106122441079,-0.18172839301998775
4.627118644067797,84.83384543119868,-11.758727749842468,-0.18172839301998775
4.694915254237288,84.83384543119868,-13.334824434411583,-0.18172839301998775
4.762711864406779,84.83384543119868,-14.480860816789146,-0.18172839301998775
4.830508474576272,84.83384543119868,-15.293896088262962,-0.18172839301998775
4.898305084745763,84.83384543119868,-15.86065597017039,-0.18172839301998775
4.966101694915254,84.83384543119868,-16.250923130281297,-0.18172839301998775
5.033898305084746,84.83384543119868,-16.517394108453757,-0.18172839301998775
5.101694915254237,84.83384543119868,-16.698288541982826,-0.18172839301998775
5.169491525423728,84.83384543119868,-16.820607340819073,-0.18172839301998775
5.23728813559322,84.83384543119868,-16.903098239086027,-0.18172839301998775
5.305084745762712,84.83384543119868,-16.958629748211138,-0.18172839301998775
5.372881355932203,84.83384543119868,-16.995967494337876,-0.18172839301998775
5.4406779661016955,84.83384543119868,-17.021051897775745,-0.18172839301998775
5.508474576271187,84.83384543119868,-17.037895008657614,-0.18172839301998775
5.576271186440678,84.83384543119868,-17.049200295591174,-0.18172839301998775
5.6440677966101696,84.83384543119868,-17.056786664801677,-0.18172839301998775
5.711864406779661,84.83384543119868,-17.061876627801148,-0.18172839301998775
5.779661016949152,84.83384543119868,-17.065291285265893,-0.18172839301998775
5.847457627118644,84.83384543119868,-17.06758187533954,-0.18172839301998775
5.915254237288135,84.83384543119868,-17.069118351914387,-0.18172839301998775
5.983050847457627,84.83384543119868,-17.070148951545878,-0.18172839301998775
6.0508474576271185,84.83384543119868,-17.070840216081315,-0.18172839301998775
6.118644067796611,84.83384543119868,-17.071303867969903,-0.18172839301998775
6.186440677966102,84.83384543119868,-17.071614850079442,-0.18172839301998775
6.254237288135593,84.83384543119868,-17.071823431603576,-0.18172839301998775
6.322033898305085,84.83384543119868,-17.071963330502193,-0.18172839301998775
6.389830508474576,84.83384543119868,-17.072057162601155,-0.18172839301998775
6.4576271186440675,84.83384543119868,-17.07212009694084,-0.18172839301998775
6.525423728813559,84.83384543119868,-17.072162307716553,-0.18172839301998775
6.593220338983051,84.83384543119868,-17.072190618936744,-0.18172839301998775
6.661016949152542,84.83384543119868,-17.072209607564204,-0.18172839301998775
6.728813559322034,84.83384543119868,-17.072222343427274,-0.18172839301998775
6.796610169491526,84.83384543119868,-17.072230885496122,-0.18172839301998775
6.864406779661017,84.83384543119868,-17.072236614744803,-0.18172839301998775
6.932203389830509,84.83384543119868,-17.072240457407148,-0.18172839301998775
7.0,84.83384543119868,-17.07224303471763,-0.18172839301998775
3.0,86.85074741081986,20.656219108500192,-0.18172839301998775
3.0677966101694913,86.85074741081986,20.648496994851225,-0.18172839301998775
3.135593220338983,86.85074741081986,20.636989526999606,-0.18172839301998775
3.2033898305084745,86.85074741081986,20.619845435369765,-0.18172839301998775
3.2711864406779663,86.85074741081986,20.594313308279148,-0.18172839301998775
3.3389830508474576,86.85074741081986,20.556310298549953,-0.18172839301998775
3.406779661016949,86.85074741081986,20.499791939415054,-0.18172839301998775
3.4745762711864407,86.85074741081986,20.415840791789236,-0.18172839301998775
3.542372881355932,86.85074741081986,20.291369243198595,-0.18172839301998775
3.610169491525424,86.85074741081986,20.107318588280663,-0.18172839301998775
3.6779661016949152,86.85074741081986,19.836257861021085,-0.18172839301998775
3.7457627118644066,86.85074741081986,19.439396750444985,-0.18172839301998775
3.8135593220338984,86.85074741081986,18.86333180466266,-0.18172839301998775
3.8813559322033897,86.85074741081986,18.037507931406427,-0.18172839301998775
3.9491525423728815,86.85074741081986,16.874564015714963,-0.18172839301998775
4.016949152542373,86.85074741081986,15.27734970360291,-0.18172839301998775
4.084745762711864,86.85074741081986,13.157468780473822,-0.18172839301998775
4.152542372881356,86.85074741081986,10.468099532672607,-0.18172839301998775
4.220338983050848,86.85074741081986,7.245104155417633,-0.18172839301998775
4.288135593220339,86.85074741081986,3.6360332106273683,-0.18172839301998775
4.3559322033898304,86.85074741081986,-0.11074130842693908,-0.18172839301998775
4.423728813559322,86.85074741081986,-3.706907752881588,-0.18172839301998775
4.491525423728813,86.85074741081986,-6.907730546882865,-0.18172839301998775
4.559322033898305,86.85074741081986,-9.570944431582445,-0.18172839301998775
4.627118644067797,86.85074741081986,-11.665320146006643,-0.18172839301998775
4.694915254237288,86.85074741081986,-13.240479791519219,-0.18172839301998775
4.762711864406779,86.85074741081986,-14.385834819217832,-0.18172839301998775
4.830508474576272,86.85074741081986,-15.198386715647986,-0.18172839301998775
4.898305084745763,86.85074741081986,-15.764809640977669,-0.18172839301998775
4.966101694915254,86.85074741081986,-16.15484477498568,-0.18172839301998775
5.033898305084746,86.85074741081986,-16.42115732777953,-0.18172839301998775
5.101694915254237,86.85074741081986,-16.601944213877665,-0.18172839301998775
5.169491525423728,86.85074741081986,-16.724190290340353,-0.18172839301998775
5.23728813559322,86.85074741081986,-16.80663214517346,-0.18172839301998775
5.305084745762712,86.85074741081986,-16.8621306390696,-0.18172839301998775
5.372881355932203,86.85074741081986,-16.899446186731772,-0.18172839301998775
5.4406779661016955,86.85074741081986,-16.924515676702747,-0.18172839301998775
5.508474576271187,86.85074741081986,-16.94134877382538,-0.18172839301998775
5.576271186440678,86.85074741081986,-16.95264733941024,-0.18172839301998775
5.6440677966101696,86.85074741081986,-16.96022919828561,-0.18172839301998775
5.711864406779661,86.85074741081986,-16.96531613514197,-0.18172839301998775
5.779661016949152,86.85074741081986,-16.96872876248544,-0.18172839301998775
5.847457627118644,86.85074741081986,-16.971017990731234,-0.18172839301998775
5.915254237288135,86.85074741081986,-16.97255355382243,-0.18172839301998775
5.983050847457627,86.85074741081986,-16.97358354073002,-0.18172839301998775
6.0508474576271185,86.85074741081986,-16.974274394286947,-0.18172839301998775
6.118644067796611,86.85074741081986,-16.9747377705199,-0.18172839301998775
6.186440677966102,86.85074741081986,-16.975048567740796,-0.18172839301998775
6.254237288135593,86.85074741081986,-16.97525702525665,-0.18172839301998775
6.322033898305085,86.85074741081986,-16.97539684098097,-0.18172839301998775
6.389830508474576,86.85074741081986,-16.9754906172938,-0.18172839301998775
6.4576271186440675,86.85074741081986,-16.97555351421704,-0.18172839301998775
6.525423728813559,86.85074741081986,-16.97559569989712,-0.18172839301998775
6.593220338983051,86.85074741081986,-16.9756239942854,-0.18172839301998775
6.661016949152542,86.85074741081986,-16.97564297162352,-0.18172839301998775
6.728813559322034,86.85074741081986,-16.97565569991472,-0.18172839301998775
6.796610169491526,86.85074741081986,-16.97566423690504,-0.18172839301998775
6.864406779661017,86.85074741081986,-16.975669962747503,-0.18172839301998775
6.932203389830509,86.85074741081986,-16.975673803125265,-0.18172839301998775
7.0,86.85074741081986,-16.975676378903454,-0.18172839301998775
3.0,88.91560069542702,20.730399109130644,-0.18172839301998775
3.0677966101694913,88.91560069542702,20.72268158925229,-0.18172839301998775
3.135593220338983,88.91560069542702,20.711180967022223,-0.18172839301998775
3.2033898305084745,88.91560069542702,20.694047074157627,-0.18172839301998775
3.2711864406779663,88.91560069542702,20.66853013574985,-0.18172839301998775
3.3389830508474576,88.91560069542702,20.630549733446188,-0.18172839301998775
3.406779661016949,88.91560069542702,20.574064996242928,-0.18172839301998775
3.4745762711864407,88.91560069542702,20.4901637899068,-0.18172839301998775
3.542372881355932,88.91560069542702,20.36576628759,-0.18172839301998775
3.610169491525424,88.91560069542702,20.181825121670556,-0.18172839301998775
3.6779661016949152,88.91560069542702,19.91092564440799,-0.18172839301998775
3.7457627118644066,88.91560069542702,19.51430062060677,-0.18172839301998775
3.8135593220338984,88.91560069542702,18.93857836729682,-0.18172839301998775
3.8813559322033897,88.91560069542702,18.113245764385958,-0.18172839301998775
3.9491525423728815,88.91560069542702,16.95099366674143,-0.18172839301998775
4.016949152542373,88.91560069542702,15.354729513679212,-0.18172839301998775
4.084745762711864,88.91560069542702,13.236109676196806,-0.18172839301998775
4.152542372881356,88.91560069542702,10.548340294180518,-0.18172839301998775
4.220338983050848,88.91560069542702,7.327262228961912,-0.18172839301998775
4.288135593220339,88.91560069542702,3.7203382668236817,-0.18172839301998775
4.3559322033898304,88.91560069542702,-0.024207351769385266,-0.18172839301998775
4.423728813559322,88.91560069542702,-3.618234490267409,-0.18172839301998775
4.491525423728813,88.91560069542702,-6.817153162372474,-0.18172839301998775
4.559322033898305,88.91560069542702,-9.478782740723807,-0.18172839301998775
4.627118644067797,88.91560069542702,-11.571912542170816,-0.18172839301998775
4.694915254237288,88.91560069542702,-13.146135148626849,-0.18172839301998775
4.762711864406779,88.91560069542702,-14.290808821646515,-0.18172839301998775
4.830508474576272,88.91560069542702,-15.102877343033008,-0.18172839301998775
4.898305084745763,88.91560069542702,-15.668963311784944,-0.18172839301998775
4.966101694915254,88.91560069542702,-16.05876641969006,-0.18172839301998775
5.033898305084746,88.91560069542702,-16.324920547105293,-0.18172839301998775
5.101694915254237,88.91560069542702,-16.505599885772497,-0.18172839301998775
5.169491525423728,88.91560069542702,-16.627773239861625,-0.18172839301998775
5.23728813559322,88.91560069542702,-16.710166051260888,-0.18172839301998775
5.305084745762712,88.91560069542702,-16.765631529928058,-0.18172839301998775
5.372881355932203,88.91560069542702,-16.802924879125666,-0.18172839301998775
5.4406779661016955,88.91560069542702,-16.82797945562974,-0.18172839301998775
5.508474576271187,88.91560069542702,-16.84480253899314,-0.18172839301998775
5.576271186440678,88.91560069542702,-16.856094383229305,-0.18172839301998775
5.6440677966101696,88.91560069542702,-16.863671731769543,-0.18172839301998775
5.711864406779661,88.91560069542702,-16.868755642482785,-0.18172839301998775
5.779661016949152,88.91560069542702,-16.872166239704985,-0.18172839301998775
5.847457627118644,88.91560069542702,-16.87445410612293,-0.18172839301998775
5.915254237288135,88.91560069542702,-16.875988755730464,-0.18172839301998775
5.983050847457627,88.91560069542702,-16.87701812991416,-0.18172839301998775
6.0508474576271185,88.91560069542702,-16.877708572492573,-0.18172839301998775
6.118644067796611,88.91560069542702,-16.878171673069897,-0.18172839301998775
6.186440677966102,88.91560069542702,-16.878482285402143,-0.18172839301998775
6.254237288135593,88.91560069542702,-16.878690618909722,-0.18172839301998775
6.322033898305085,88.91560069542702,-16.878830351459747,-0.18172839301998775
6.389830508474576,88.91560069542702,-16.87892407198644,-0.18172839301998775
6.4576271186440675,88.91560069542702,-16.878986931493237,-0.18172839301998775
6.525423728813559,88.91560069542702,-16.87902909207768,-0.18172839301998775
6.593220338983051,88.91560069542702,-16.87905736963405,-0.18172839301998775
6.661016949152542,88.91560069542702,-16.87907633568284,-0.18172839301998775
6.728813559322034,88.91560069542702,-16.879089056402165,-0.18172839301998775
6.796610169491526,88.91560069542702,-16.879097588313954,-0.18172839301998775
6.864406779661017,88.91560069542702,-16.8791033107502,-0.18172839301998775
6.932203389830509,88.91560069542702,-16.879107148843378,-0.18172839301998775
7.0,88.91560069542702,-16.879109723089275,-0.18172839301998775
3.0,91.02954531446777,20.804579109761097,-0.18172839301998775
3.0677966101694913,91.02954531446777,20.796866183653353,-0.18172839301998775
3.135593220338983,91.02954531446777,20.78537240704484,-0.18172839301998775
3.2033898305084745,91.02954531446777,20.76824871294549,-0.18172839301998775
3.2711864406779663,91.02954531446777,20.742746963220554,-0.18172839301998775
3.3389830508474576,91.02954531446777,20.70478916834242,-0.18172839301998775
3.406779661016949,91.02954531446777,20.6483380530708,-0.18172839301998775
3.4745762711864407,91.02954531446777,20.56448678802436,-0.18172839301998775
3.542372881355932,91.02954531446777,20.440163331981402,-0.18172839301998775
3.610169491525424,91.02954531446777,20.256331655060443,-0.18172839301998775
3.6779661016949152,91.02954531446777,19.985593427794893,-0.18172839301998775
3.7457627118644066,91.02954531446777,19.589204490768555,-0.18172839301998775
3.8135593220338984,91.02954531446777,19.01382492993098,-0.18172839301998775
3.8813559322033897,91.02954531446777,18.18898359736549,-0.18172839301998775
3.9491525423728815,91.02954531446777,17.027423317767894,-0.18172839301998775
4.016949152542373,91.02954531446777,15.43210932375551,-0.18172839301998775
4.084745762711864,91.02954531446777,13.314750571919788,-0.18172839301998775
4.152542372881356,91.02954531446777,10.628581055688427,-0.18172839301998775
4.220338983050848,91.02954531446777,7.40942030250619,-0.18172839301998775
4.288135593220339,91.02954531446777,3.8046433230199934,-0.18172839301998775
4.3559322033898304,91.02954531446777,0.062326604888167214,-0.18172839301998775
4.423728813559322,91.02954531446777,-3.5295612276532315,-0.18172839301998775
4.491525423728813,91.02954531446777,-6.726575777862085,-0.18172839301998775
4.559322033898305,91.02954531446777,-9.38662104986517,-0.18172839301998775
4.627118644067797,91.02954531446777,-11.478504938334991,-0.18172839301998775
4.694915254237288,91.02954531446777,-13.05179050573448,-0.18172839301998775
4.762711864406779,91.02954531446777,-14.195782824075199,-0.18172839301998775
4.830508474576272,91.02954531446777,-15.00736797041803,-0.18172839301998775
4.898305084745763,91.02954531446777,-15.573116982592223,-0.18172839301998775
4.966101694915254,91.02954531446777,-15.962688064394438,-0.18172839301998775
5.033898305084746,91.02954531446777,-16.22868376643106,-0.18172839301998775
5.101694915254237,91.02954531446777,-16.409255557667333,-0.18172839301998775
5.169491525423728,91.02954531446777,-16.531356189382905,-0.18172839301998775
5.23728813559322,91.02954531446777,-16.61369995734832,-0.18172839301998775
5.305084745762712,91.02954531446777,-16.66913242078652,-0.18172839301998775
5.372881355932203,91.02954531446777,-16.706403571519562,-0.18172839301998775
5.4406779661016955,91.02954531446777,-16.731443234556743,-0.18172839301998775
5.508474576271187,91.02954531446777,-16.748256304160904,-0.18172839301998775
5.576271186440678,91.02954531446777,-16.75954142704837,-0.18172839301998775
5.6440677966101696,91.02954531446777,-16.767114265253472,-0.18172839301998775
5.711864406779661,91.02954531446777,-16.772195149823606,-0.18172839301998775
5.779661016949152,91.02954531446777,-16.77560371692453,-0.18172839301998775
5.847457627118644,91.02954531446777,-16.77789022151462,-0.18172839301998775
5.915254237288135,91.02954531446777,-16.779423957638503,-0.18172839301998775
5.983050847457627,91.02954531446777,-16.7804527190983,-0.18172839301998775
6.0508474576271185,91.02954531446777,-16.7811427506982,-0.18172839301998775
6.118644067796611,91.02954531446777,-16.781605575619892,-0.18172839301998775
6.186440677966102,91.02954531446777,-16.781916003063493,-0.18172839301998775
6.254237288135593,91.02954531446777,-16.782124212562795,-0.18172839301998775
6.322033898305085,91.02954531446777,-16.782263861938524,-0.18172839301998775
6.389830508474576,91.02954531446777,-16.782357526679082,-0.18172839301998775
6.4576271186440675,91.02954531446777,-16.782420348769435,-0.18172839301998775
6.525423728813559,91.02954531446777,-16.782462484258247,-0.18172839301998775
6.593220338983051,91.02954531446777,-16.782490744982706,-0.18172839301998775
6.661016949152542,91.02954531446777,-16.782509699742153,-0.18172839301998775
6.728813559322034,91.02954531446777,-16.782522412889612,-0.18172839301998775
6.796610169491526,91.02954531446777,-16.78253093972287,-0.18172839301998775
6.864406779661017,91.02954531446777,-16.782536658752896,-0.18172839301998775
6.932203389830509,91.02954531446777,-16.78254049456149,-0.18172839301998775
7.0,91.02954531446777,-16.7825430672751,-0.18172839301998775
3.0,93.19374840128488,20.87875911039155,-0.18172839301998775
3.0677966101694913,93.19374840128488,20.871050778054418,-0.18172839301998775
3.135593220338983,93.19374840128488,20.859563847067456,-0.18172839301998775
3.2033898305084745,93.19374840128488,20.842450351733348,-0.18172839301998775
3.2711864406779663,93.19374840128488,20.816963790691254,-0.18172839301998775
3.3389830508474576,93.19374840128488,20.779028603238647,-0.18172839301998775
3.406779661016949,93.19374840128488,20.722611109898665,-0.18172839301998775
3.4745762711864407,93.19374840128488,20.63880978614192,-0.18172839301998775
3.542372881355932,93.19374840128488,20.514560376372806,-0.18172839301998775
3.610169491525424,93.19374840128488,20.33083818845033,-0.18172839301998775
3.6779661016949152,93.19374840128488,20.060261211181796,-0.18172839301998775
3.7457627118644066,93.19374840128488,19.66410836093034,-0.18172839301998775
3.8135593220338984,93.19374840128488,19.089071492565136,-0.18172839301998775
3.8813559322033897,93.19374840128488,18.264721430345016,-0.18172839301998775
3.9491525423728815,93.19374840128488,17.10385296879436,-0.18172839301998775
4.016949152542373,93.19374840128488,15.509489133831808,-0.18172839301998775
4.084745762711864,93.19374840128488,13.39339146764277,-0.18172839301998775
4.152542372881356,93.19374840128488,10.708821817196334,-0.18172839301998775
4.220338983050848,93.19374840128488,7.491578376050466,-0.18172839301998775
4.288135593220339,93.19374840128488,3.8889483792163033,-0.18172839301998775
4.3559322033898304,93.19374840128488,0.14886056154571792,-0.18172839301998775
4.423728813559322,93.19374840128488,-3.4408879650390563,-0.18172839301998775
4.491525423728813,93.19374840128488,-6.635998393351699,-0.18172839301998775
4.559322033898305,93.19374840128488,-9.294459359006536,-0.18172839301998775
4.627118644067797,93.19374840128488,-11.385097334499168,-0.18172839301998775
4.694915254237288,93.19374840128488,-12.957445862842116,-0.18172839301998775
4.762711864406779,93.19374840128488,-14.100756826503886,-0.18172839301998775
4.830508474576272,93.19374840128488,-14.911858597803057,-0.18172839301998775
4.898305084745763,93.19374840128488,-15.477270653399502,-0.18172839301998775
4.966101694915254,93.19374840128488,-15.866609709098821,-0.18172839301998775
5.033898305084746,93.19374840128488,-16.132446985756832,-0.18172839301998775
5.101694915254237,93.19374840128488,-16.31291122956217,-0.18172839301998775
5.169491525423728,93.19374840128488,-16.434939138904184,-0.18172839301998775
5.23728813559322,93.19374840128488,-16.517233863435752,-0.18172839301998775
5.305084745762712,93.19374840128488,-16.572633311644985,-0.18172839301998775
5.372881355932203,93.19374840128488,-16.60988226391346,-0.18172839301998775
5.4406779661016955,93.19374840128488,-16.634907013483744,-0.18172839301998775
5.508474576271187,93.19374840128488,-16.651710069328672,-0.18172839301998775
5.576271186440678,93.19374840128488,-16.662988470867433,-0.18172839301998775
5.6440677966101696,93.19374840128488,-16.670556798737408,-0.18172839301998775
5.711864406779661,93.19374840128488,-16.675634657164426,-0.18172839301998775
5.779661016949152,93.19374840128488,-16.679041194144077,-0.18172839301998775
5.847457627118644,93.19374840128488,-16.68132633690632,-0.18172839301998775
5.915254237288135,93.19374840128488,-16.682859159546545,-0.18172839301998775
5.983050847457627,93.19374840128488,-16.68388730828244,-0.18172839301998775
6.0508474576271185,93.19374840128488,-16.684576928903834,-0.18172839301998775
6.118644067796611,93.19374840128488,-16.68503947816989,-0.18172839301998775
6.186440677966102,93.19374840128488,-16.685349720724847,-0.18172839301998775
6.254237288135593,93.19374840128488,-16.68555780621587,-0.18172839301998775
6.322033898305085,93.19374840128488,-16.6856973724173,-0.18172839301998775
6.389830508474576,93.19374840128488,-16.685790981371728,-0.18172839301998775
6.4576271186440675,93.19374840128488,-16.685853766045636,-0.18172839301998775
6.525423728813559,93.19374840128488,-16.685895876438813,-0.18172839301998775
6.593220338983051,93.19374840128488,-16.68592412033136,-0.18172839301998775
6.661016949152542,93.19374840128488,-16.685943063801474,-0.18172839301998775
6.728813559322034,93.19374840128488,-16.68595576937706,-0.18172839301998775
6.796610169491526,93.19374840128488,-16.685964291131793,-0.18172839301998775
6.864406779661017,93.19374840128488,-16.6859700067556,-0.18172839301998775
6.932203389830509,93.19374840128488,-16.68597384027961,-0.18172839301998775
7.0,93.19374840128488,-16.685976411460924,-0.18172839301998775
3.0,95.40940483750418,20.952939111022,-0.18172839301998775
3.0677966101694913,95.40940483750418,20.945235372455482,-0.18172839301998775
3.135593220338983,95.40940483750418,20.933755287090072,-0.18172839301998775
3.2033898305084745,95.40940483750418,20.916651990521206,-0.18172839301998775
3.2711864406779663,95.40940483750418,20.891180618161957,-0.18172839301998775
3.3389830508474576,95.40940483750418,20.85326803813488,-0.18172839301998775
3.406779661016949,95.40940483750418,20.79688416672654,-0.18172839301998775
3.4745762711864407,95.40940483750418,20.713132784259482,-0.18172839301998775
3.542372881355932,95.40940483750418,20.58895742076421,-0.18172839301998775
3.610169491525424,95.40940483750418,20.40534472184022,-0.18172839301998775
3.6779661016949152,95.40940483750418,20.1349289945687,-0.18172839301998775
3.7457627118644066,95.40940483750418,19.739012231092126,-0.18172839301998775
3.8135593220338984,95.40940483750418,19.164318055199296,-0.18172839301998775
3.8813559322033897,95.40940483750418,18.340459263324544,-0.18172839301998775
3.9491525423728815,95.40940483750418,17.180282619820826,-0.18172839301998775
4.016949152542373,95.40940483750418,15.586868943908108,-0.18172839301998775
4.084745762711864,95.40940483750418,13.472032363365752,-0.18172839301998775
4.152542372881356,95.40940483750418,10.789062578704245,-0.18172839301998775
4.220338983050848,95.40940483750418,7.573736449594743,-0.18172839301998775
4.288135593220339,95.40940483750418,3.973253435412615,-0.18172839301998775
4.3559322033898304,95.40940483750418,0.2353945182032704,-0.18172839301998775
4.423728813559322,95.40940483750418,-3.3522147024248787,-0.18172839301998775
4.491525423728813,95.40940483750418,-6.545421008841309,-0.18172839301998775
4.559322033898305,95.40940483750418,-9.2022976681479,-0.18172839301998775
4.627118644067797,95.40940483750418,-11.291689730663343,-0.18172839301998775
4.694915254237288,95.40940483750418,-12.863101219949748,-0.18172839301998775
4.762711864406779,95.40940483750418,-14.00573082893257,-0.18172839301998775
4.830508474576272,95.40940483750418,-14.81634922518808,-0.18172839301998775
4.898305084745763,95.40940483750418,-15.38142432420678,-0.18172839301998775
4.966101694915254,95.40940483750418,-15.770531353803202,-0.18172839301998775
5.033898305084746,95.40940483750418,-16.0362102050826,-0.18172839301998775
5.101694915254237,95.40940483750418,-16.216566901457007,-0.18172839301998775
5.169491525423728,95.40940483750418,-16.33852208842546,-0.18172839301998775
5.23728813559322,95.40940483750418,-16.42076776952318,-0.18172839301998775
5.305084745762712,95.40940483750418,-16.476134202503445,-0.18172839301998775
5.372881355932203,95.40940483750418,-16.513360956307356,-0.18172839301998775
5.4406779661016955,95.40940483750418,-16.538370792410742,-0.18172839301998775
5.508474576271187,95.40940483750418,-16.555163834496437,-0.18172839301998775
5.576271186440678,95.40940483750418,-16.566435514686496,-0.18172839301998775
5.6440677966101696,95.40940483750418,-16.57399933222134,-0.18172839301998775
5.711864406779661,95.40940483750418,-16.579074164505247,-0.18172839301998775
5.779661016949152,95.40940483750418,-16.582478671363624,-0.18172839301998775
5.847457627118644,95.40940483750418,-16.584762452298012,-0.18172839301998775
5.915254237288135,95.40940483750418,-16.586294361454584,-0.18172839301998775
5.983050847457627,95.40940483750418,-16.58732189746658,-0.18172839301998775
6.0508474576271185,95.40940483750418,-16.588011107109462,-0.18172839301998775
6.118644067796611,95.40940483750418,-16.58847338071989,-0.18172839301998775
6.186440677966102,95.40940483750418,-16.588783438386194,-0.18172839301998775
6.254237288135593,95.40940483750418,-16.58899139986894,-0.18172839301998775
6.322033898305085,95.40940483750418,-16.58913088289608,-0.18172839301998775
6.389830508474576,95.40940483750418,-16.58922443606437,-0.18172839301998775
6.4576271186440675,95.40940483750418,-16.589287183321833,-0.18172839301998775
6.525423728813559,95.40940483750418,-16.589329268619377,-0.18172839301998775
6.593220338983051,95.40940483750418,-16.589357495680012,-0.18172839301998775
6.661016949152542,95.40940483750418,-16.589376427860792,-0.18172839301998775
6.728813559322034,95.40940483750418,-16.589389125864503,-0.18172839301998775
6.796610169491526,95.40940483750418,-16.58939764254071,-0.18172839301998775
6.864406779661017,95.40940483750418,-16.589403354758296,-0.18172839301998775
6.932203389830509,95.40940483750418,-16.589407185997725,-0.18172839301998775
7.0,95.40940483750418,-16.589409755646745,-0.18172839301998775
3.0,97.67773791274253,21.027119111652453,-0.18172839301998775
3.0677966101694913,97.67773791274253,21.019419966856546,-0.18172839301998775
3.135593220338983,97.67773791274253,21.00794672711269,-0.18172839301998775
3.2033898305084745,97.67773791274253,20.99085362930907,-0.18172839301998775
3.2711864406779663,97.67773791274253,20.96539744563266,-0.18172839301998775
3.3389830508474576,97.67773791274253,20.927507473031113,-0.18172839301998775
3.406779661016949,97.67773791274253,20.87115722355441,-0.18172839301998775
3.4745762711864407,97.67773791274253,20.787455782377044,-0.18172839301998775
3.542372881355932,97.67773791274253,20.663354465155614,-0.18172839301998775
3.610169491525424,97.67773791274253,20.47985125523011,-0.18172839301998775
3.6779661016949152,97.67773791274253,20.209596777955603,-0.18172839301998775
3.7457627118644066,97.67773791274253,19.81391610125391,-0.18172839301998775
3.8135593220338984,97.67773791274253,19.23956461783345,-0.18172839301998775
3.8813559322033897,97.67773791274253,18.416197096304074,-0.18172839301998775
3.9491525423728815,97.67773791274253,17.25671227084729,-0.18172839301998775
4.016949152542373,97.67773791274253,15.664248753984406,-0.18172839301998775
4.084745762711864,97.67773791274253,13.550673259088736,-0.18172839301998775
4.152542372881356,97.67773791274253,10.869303340212154,-0.18172839301998775
4.220338983050848,97.67773791274253,7.655894523139021,-0.18172839301998775
4.288135593220339,97.67773791274253,4.057558491608927,-0.18172839301998775
4.3559322033898304,97.67773791274253,0.3219284748608229,-0.18172839301998775
4.423728813559322,97.67773791274253,-3.263541439810701,-0.18172839301998775
4.491525423728813,97.67773791274253,-6.454843624330921,-0.18172839301998775
4.559322033898305,97.67773791274253,-9.110135977289264,-0.18172839301998775
4.627118644067797,97.67773791274253,-11.198282126827516,-0.18172839301998775
4.694915254237288,97.67773791274253,-12.768756577057381,-0.18172839301998775
4.762711864406779,97.67773791274253,-13.910704831361254,-0.18172839301998775
4.830508474576272,97.67773791274253,-14.720839852573103,-0.18172839301998775
4.898305084745763,97.67773791274253,-15.285577995014059,-0.18172839301998775
4.966101694915254,97.67773791274253,-15.674452998507583,-0.18172839301998775
5.033898305084746,97.67773791274253,-15.93997342440837,-0.18172839301998775
5.101694915254237,97.67773791274253,-16.12022257335184,-0.18172839301998775
5.169491525423728,97.67773791274253,-16.242105037946736,-0.18172839301998775
5.23728813559322,97.67773791274253,-16.324301675610613,-0.18172839301998775
5.305084745762712,97.67773791274253,-16.379635093361905,-0.18172839301998775
5.372881355932203,97.67773791274253,-16.416839648701252,-0.18172839301998775
5.4406779661016955,97.67773791274253,-16.44183457133774,-0.18172839301998775
5.508474576271187,97.67773791274253,-16.4586175996642,-0.18172839301998775
5.576271186440678,97.67773791274253,-16.46988255850556,-0.18172839301998775
5.6440677966101696,97.67773791274253,-16.477441865705273,-0.18172839301998775
5.711864406779661,97.67773791274253,-16.482513671846068,-0.18172839301998775
5.779661016949152,97.67773791274253,-16.48591614858317,-0.18172839301998775
5.847457627118644,97.67773791274253,-16.488198567689707,-0.18172839301998775
5.915254237288135,97.67773791274253,-16.489729563362623,-0.18172839301998775
5.983050847457627,97.67773791274253,-16.49075648665072,-0.18172839301998775
6.0508474576271185,97.67773791274253,-16.49144528531509,-0.18172839301998775
6.118644067796611,97.67773791274253,-16.491907283269885,-0.18172839301998775
6.186440677966102,97.67773791274253,-16.492217156047545,-0.18172839301998775
6.254237288135593,97.67773791274253,-16.492424993522015,-0.18172839301998775
6.322033898305085,97.67773791274253,-16.492564393374856,-0.18172839301998775
6.389830508474576,97.67773791274253,-16.492657890757012,-0.18172839301998775
6.4576271186440675,97.67773791274253,-16.49272060059803,-0.18172839301998775
6.525423728813559,97.67773791274253,-16.49276266079994,-0.18172839301998775
6.593220338983051,97.67773791274253,-16.492790871028667,-0.18172839301998775
6.661016949152542,97.67773791274253,-16.49280979192011,-0.18172839301998775
6.728813559322034,97.67773791274253,-16.49282248235195,-0.18172839301998775
6.796610169491526,97.67773791274253,-16.492830993949628,-0.18172839301998775
6.864406779661017,97.67773791274253,-16.492836702760997,-0.18172839301998775
6.932203389830509,97.67773791274253,-16.49284053171584,-0.18172839301998775
7.0,97.67773791274253,-16.49284309983257,-0.18172839301998775
3.0,100.0,21.101299112282906,-0.18172839301998775
3.0677966101694913,100.0,21.09360456125761,-0.18172839301998775
3.135593220338983,100.0,21.08213816713531,-0.18172839301998775
3.2033898305084745,100.0,21.06505526809693,-0.18172839301998775
3.2711864406779663,100.0,21.039614273103364,-0.18172839301998775
3.3389830508474576,100.0,21.001746907927345,-0.18172839301998775
3.406779661016949,100.0,20.94543028038228,-0.18172839301998775
3.4745762711864407,100.0,20.861778780494607,-0.18172839301998775
3.542372881355932,100.0,20.73775150954702,-0.18172839301998775
3.610169491525424,100.0,20.55435778862,-0.18172839301998775
3.6779661016949152,100.0,20.284264561342507,-0.18172839301998775
3.7457627118644066,100.0,19.888819971415696,-0.18172839301998775
3.8135593220338984,100.0,19.31481118046761,-0.18172839301998775
3.8813559322033897,100.0,18.491934929283605,-0.18172839301998775
3.9491525423728815,100.0,17.333141921873757,-0.18172839301998775
4.016949152542373,100.0,15.741628564060708,-0.18172839301998775
4.084745762711864,100.0,13.62931415481172,-0.18172839301998775
4.152542372881356,100.0,10.949544101720065,-0.18172839301998775
4.220338983050848,100.0,7.7380525966833,-0.18172839301998775
4.288135593220339,100.0,4.14186354780524,-0.18172839301998775
4.3559322033898304,100.0,0.4084624315183767,-0.18172839301998775
4.423728813559322,100.0,-3.1748681771965224,-0.18172839301998775
4.491525423728813,100.0,-6.36426623982053,-0.18172839301998775
4.559322033898305,100.0,-9.017974286430626,-0.18172839301998775
4.627118644067797,100.0,-11.10487452299169,-0.18172839301998775
4.694915254237288,100.0,-12.674411934165011,-0.18172839301998775
4.762711864406779,100.0,-13.815678833789937,-0.18172839301998775
4.830508474576272,100.0,-14.625330479958125,-0.18172839301998775
4.898305084745763,100.0,-15.189731665821334,-0.18172839301998775
4.966101694915254,100.0,-15.578374643211962,-0.18172839301998775
5.033898305084746,100.0,-15.843736643734136,-0.18172839301998775
5.101694915254237,100.0,-16.023878245246674,-0.18172839301998775
5.169491525423728,100.0,-16.145687987468012,-0.18172839301998775
5.23728813559322,100.0,-16.22783558169804,-0.18172839301998775
5.305084745762712,100.0,-16.283135984220365,-0.18172839301998775
5.372881355932203,100.0,-16.320318341095145,-0.18172839301998775
5.4406779661016955,100.0,-16.345298350264738,-0.18172839301998775
5.508474576271187,100.0,-16.362071364831962,-0.18172839301998775
5.576271186440678,100.0,-16.373329602324624,-0.18172839301998775
5.6440677966101696,100.0,-16.380884399189203,-0.18172839301998775
5.711864406779661,100.0,-16.385953179186885,-0.18172839301998775
5.779661016949152,100.0,-16.389353625802713,-0.18172839301998775
5.847457627118644,100.0,-16.3916346830814,-0.18172839301998775
5.915254237288135,100.0,-16.39316476527066,-0.18172839301998775
5.983050847457627,100.0,-16.394191075834858,-0.18172839301998775
6.0508474576271185,100.0,-16.39487946352072,-0.18172839301998775
6.118644067796611,100.0,-16.39534118581988,-0.18172839301998775
6.186440677966102,100.0,-16.395650873708895,-0.18172839301998775
6.254237288135593,100.0,-16.395858587175088,-0.18172839301998775
6.322033898305085,100.0,-16.395997903853633,-0.18172839301998775
6.389830508474576,100.0,-16.396091345449655,-0.18172839301998775
6.4576271186440675,100.0,-16.396154017874228,-0.18172839301998775
6.525423728813559,100.0,-16.396196052980503,-0.18172839301998775
6.593220338983051,100.0,-16.39622424637732,-0.18172839301998775
6.661016949152542,100.0,-16.396243155979423,-0.18172839301998775
6.728813559322034,100.0,-16.396255838839394,-0.18172839301998775
6.796610169491526,100.0,-16.396264345358542,-0.18172839301998775
6.864406779661017,100.0,-16.396270050763693,-0.18172839301998775
6.932203389830509,100.0,-16.396273877433952,-0.18172839301998775
7.0,100.0,-16.39627644401839,-0.18172839301998775
