294	1.20
	0.000000	0.000000	0.000000
zein_blocked.pdb	-3.799501	-6.831500	-12.378501
kappa_casein_frag.pdb	-2.358501	4.961500	-12.094500
-2.879793	0.762244	-0.273349	10	63	75	1003.15
-0.785398	2.063651	-2.044600	283	35	22	974.32
-2.356194	0.831641	0.616218	255	70	54	905.30
2.356194	1.134796	2.434290	287	6	46	901.21
2.879793	1.545873	-1.877082	279	283	10	895.46
-1.832596	2.349581	-2.702517	229	15	9	884.71
-0.261799	2.089241	-0.114193	267	288	6	881.74
-0.785398	1.134796	2.434290	265	259	50	878.73
-1.047198	0.615174	-0.666022	249	28	83	878.58
-0.261799	0.571433	-1.188419	263	10	91	877.88
-1.047198	2.033014	2.977192	256	290	29	874.48
2.356194	1.554776	0.100351	252	19	38	872.05
-1.832596	1.870545	-2.976234	224	13	31	871.68
2.094395	0.906588	1.252948	269	22	45	867.08
-0.261799	0.700570	1.559208	280	268	60	865.48
2.879793	0.961715	0.014085	279	42	37	861.73
2.356194	1.948085	-2.363031	21	50	32	860.49
-2.879793	1.113094	-0.272241	7	75	60	858.19
-0.523599	1.554776	0.100351	4	10	32	857.07
-0.785398	0.864993	2.278281	265	257	58	855.57
-2.617994	1.113094	-0.272241	286	78	60	842.44
-0.261799	1.909857	-0.381669	264	283	15	840.70
-1.047198	1.134796	2.434290	271	8	54	839.34
2.356194	0.910508	1.903534	277	8	47	838.85
0.000000	0.700570	1.559208	292	269	60	834.28
2.356194	0.906588	1.252948	270	18	45	832.26
-0.523599	0.571433	-1.188419	262	16	91	831.68
2.879793	1.413430	2.550734	0	4	45	831.11
-1.308997	1.569311	-3.003978	237	278	47	830.62
2.094395	1.569311	-3.003978	0	4	35	827.85
-0.523599	1.982574	-1.115518	271	9	15	825.52
2.356194	0.297065	2.160177	285	42	75	824.88
-1.308997	0.864993	2.278281	275	13	58	822.19
1.570796	0.992645	-1.723759	20	10	82	821.18
-0.523599	2.063651	-2.044600	279	35	22	820.18
2.094395	1.870545	-2.976234	19	31	35	818.90
2.094395	1.741644	-2.695914	0	7	30	818.18
-0.785398	2.063651	-2.044600	284	35	23	817.55
-2.879793	1.510910	-0.740472	293	75	47	817.25
2.879793	2.104282	-0.813972	17	57	14	816.62
2.094395	1.736875	3.023612	259	267	37	815.37
2.879793	1.617114	-1.572037	272	283	13	814.82
-3.141593	2.455966	-0.641220	17	67	291	814.69
2.356194	1.301460	-0.509251	1	38	26	813.63
2.356194	1.301460	-0.509251	1	39	26	812.65
-3.141593	1.045978	0.343692	272	39	39	811.53
-1.308997	0.864993	2.278281	238	275	58	810.44
-0.261799	1.836682	-0.676006	15	45	31	809.90
-2.617994	2.164094	-2.991358	237	53	14	809.33
-2.617994	1.301460	-0.509251	283	79	57	808.51
2.617994	1.134796	2.434290	290	8	46	805.86
-1.047198	0.910508	1.903534	240	268	49	804.44
-0.523599	1.982574	-1.115518	283	18	16	802.85
-1.047198	1.870545	-2.976234	246	266	31	802.60
2.094395	2.153910	-1.714959	41	44	25	802.27
-1.047198	1.134796	2.434290	249	260	46	802.06
-0.785398	1.699788	2.452890	269	9	45	800.65
-0.785398	0.290380	-0.796960	264	33	89	799.17
0.000000	1.025536	1.576859	292	262	44	798.99
1.570796	1.214854	-1.966664	30	17	75	798.51
-2.356194	2.164094	-2.991358	230	40	14	797.61
2.617994	0.906588	1.252948	271	15	45	796.31
-1.308997	1.391910	3.030322	240	276	51	795.86
0.261799	1.301460	-0.509251	3	17	24	794.02
-0.523599	2.104282	-0.813972	33	46	43	793.94
2.617994	1.904882	-1.478089	237	266	22	792.53
-1.047198	0.866955	-0.931351	243	21	80	792.06
0.000000	2.153910	-1.714959	284	50	30	791.34
1.570796	0.080730	-2.622036	267	31	87	788.85
-3.141593	0.762244	-0.273349	20	56	76	788.29
-1.047198	1.574060	2.783565	252	276	38	788.16
2.356194	1.545873	-1.877082	284	11	17	786.50
-0.785398	0.571433	-1.188419	261	21	90	785.98
-1.047198	2.719179	-1.780644	241	293	289	784.95
-2.356194	2.164094	-2.991358	231	40	15	783.75
-1.047198	2.164094	-2.991358	277	36	36	783.38
-1.570796	1.870545	-2.976234	227	292	31	782.80
-2.617994	1.617114	-1.572037	264	63	46	782.53
2.879793	1.194549	-0.801900	265	13	14	782.53
1.832596	0.297065	2.160177	3	38	75	782.34
-3.141593	0.906588	1.252948	272	24	49	782.32
-1.308997	1.335669	0.897240	29	20	47	781.81
-1.308997	1.870545	-2.976234	236	278	31	781.43
-1.570796	2.579248	-2.364801	234	8	0	780.52
-2.879793	1.741644	-2.695914	242	70	42	780.24
2.094395	1.904882	-1.478089	43	38	37	779.80
2.356194	1.948085	-2.363031	18	33	29	778.71
2.617994	1.545873	-1.877082	271	285	10	778.71
-0.523599	1.599406	1.426070	7	56	62	778.21
-2.356194	1.417623	-0.202254	264	69	38	777.22
2.356194	1.904882	-1.478089	37	52	37	776.93
-1.047198	1.662363	0.915448	37	34	69	776.65
2.617994	1.948085	-2.363031	277	277	28	774.41
-1.047198	2.588535	-2.976617	14	67	71	774.26
0.000000	1.982574	-1.115518	284	18	16	773.96
2.617994	1.869911	2.701025	287	265	51	773.80
-1.832596	0.762244	-0.273349	252	54	71	773.65
2.879793	1.736875	3.023612	4	288	39	772.69
-1.047198	0.864993	2.278281	250	264	58	772.46
-0.785398	2.063651	-2.044600	283	34	22	772.29
2.094395	0.733948	3.021411	2	43	72	772.01
-2.879793	0.831641	0.616218	273	55	50	771.75
2.617994	1.904882	-1.478089	27	64	38	771.41
0.000000	1.504028	0.636812	267	258	16	770.97
-0.785398	2.396274	-1.959260	12	47	41	770.87
-2.356194	2.164094	-2.991358	230	41	14	770.66
0.000000	1.504028	0.636812	266	258	16	770.65
2.094395	0.914445	2.687814	9	51	64	770.55
-1.308997	0.618092	2.539118	253	276	75	770.36
-0.785398	0.866955	-0.931351	244	10	80	770.01
-0.785398	1.699788	2.452890	271	15	47	769.87
-1.308997	1.870545	-2.976234	235	278	31	769.84
2.094395	1.050534	3.042579	12	49	64	769.79
-1.570796	2.033014	2.977192	255	21	31	768.68
-1.570796	1.721184	-0.153948	11	292	36	768.46
-3.141593	1.301460	-0.509251	263	286	19	767.73
2.356194	1.440580	2.260026	267	254	43	766.87
-1.832596	2.349581	-2.702517	230	17	10	766.85
-1.047198	1.134796	2.434290	251	266	50	765.49
1.832596	0.914445	2.687814	16	45	64	765.41
-2.356194	2.187132	-0.479875	269	77	7	764.75
2.094395	0.618092	2.539118	2	46	70	764.09
-1.047198	0.914445	2.687814	258	263	64	763.40
-1.047198	0.571433	-1.188419	262	27	90	762.79
-0.261799	2.187132	-0.479875	265	289	7	762.46
0.000000	1.025536	1.576859	292	261	44	762.40
2.356194	1.417623	-0.202254	247	16	29	761.90
-1.308997	2.153910	-1.714959	7	27	25	761.74
-0.523599	2.588535	-2.976617	281	73	71	761.25
2.356194	1.367556	0.358405	252	16	39	761.02
2.879793	2.063651	-2.044600	270	247	29	760.99
-0.523599	1.732874	-0.951685	283	14	17	760.50
-3.141593	2.343981	-1.040456	10	76	9	760.37
2.879793	1.433411	-1.035986	21	62	57	760.35
0.000000	2.455966	-0.641220	266	281	292	759.85
1.832596	0.906588	1.252948	270	26	45	759.80
-2.617994	1.870545	-2.976234	228	54	26	759.58
-0.523599	2.164094	-2.991358	268	26	34	759.42
-2.617994	2.343981	-1.040456	273	79	9	759.07
-1.832596	0.458961	-0.107937	261	52	80	758.71
2.879793	1.870545	-2.976234	4	288	36	758.66
2.356194	1.168678	2.108595	263	254	32	758.49
-0.523599	2.356369	3.005869	278	76	67	757.54
-1.047198	1.391910	3.030322	251	267	51	757.54
2.617994	1.846342	-1.796954	266	282	21	756.89
2.356194	0.906588	1.252948	269	18	45	756.59
1.832596	1.050534	3.042579	18	43	64	756.13
-2.879793	1.417623	-0.202254	5	82	42	756.00
2.879793	1.569311	-3.003978	4	287	30	755.77
-0.785398	0.864993	2.278281	264	257	58	755.67
-1.047198	1.218453	2.777284	254	266	54	755.25
-2.617994	2.349581	-2.702517	234	53	6	755.17
2.094395	2.180315	-1.357379	43	36	21	755.12
-1.308997	0.864993	2.278281	276	14	58	755.00
2.094395	2.251330	-2.330739	18	24	20	754.15
2.879793	2.041297	-2.664597	6	20	29	753.79
-1.570796	1.909857	-0.381669	12	292	35	753.66
-2.879793	1.617114	-1.572037	276	67	47	753.48
-1.308997	1.134796	2.434290	270	15	54	752.69
-1.047198	1.870545	-2.976234	246	267	31	752.47
-2.617994	2.104282	-0.813972	277	82	19	752.13
1.570796	1.374601	-2.456031	40	35	68	751.82
2.094395	2.180315	-1.357379	44	37	21	751.81
-0.523599	1.417623	-0.202254	39	45	30	751.56
-2.356194	0.496451	0.593859	263	63	72	751.44
1.832596	0.906588	1.252948	269	26	45	751.03
2.617994	2.033014	2.977192	288	265	51	750.75
2.356194	1.242974	-2.977882	10	38	57	750.15
2.879793	0.910508	1.903534	283	6	47	750.14
-1.047198	1.809167	1.213774	27	39	77	747.73
0.523599	1.904882	-1.478089	268	69	24	746.63
2.094395	2.041297	-2.664597	19	29	28	746.48
-1.832596	1.569311	-3.003978	246	25	46	746.48
-2.356194	0.831641	0.616218	255	69	54	746.09
2.356194	1.869911	2.701025	274	266	51	745.73
2.617994	1.756530	-2.105156	285	293	21	745.72
2.356194	1.948085	-2.363031	267	280	28	745.60
2.879793	1.045978	0.343692	246	263	27	745.33
2.879793	2.104282	-0.813972	6	42	11	744.52
2.879793	1.045978	0.343692	277	42	39	744.40
-2.356194	0.709924	0.218797	266	68	66	744.33
2.617994	1.335669	0.897240	267	17	44	744.32
-0.523599	0.914445	2.687814	282	287	64	744.05
-0.523599	1.184361	0.625864	3	8	41	743.96
-1.047198	2.719179	-1.780644	242	293	289	743.51
2.879793	2.041297	-2.664597	290	257	36	743.31
2.879793	2.153910	-1.714959	8	40	17	743.06
2.879793	0.418037	1.360082	281	45	66	742.56
2.356194	1.168678	2.108595	287	19	53	742.50
0.000000	1.195355	1.200319	286	260	34	741.86
-2.879793	2.349581	-2.702517	244	65	6	741.76
-0.785398	2.295480	1.008277	6	25	91	741.71
-1.047198	2.719179	-1.780644	242	0	289	741.66
-0.523599	2.295480	1.008277	3	29	91	741.50
-3.141593	0.674054	1.013609	270	22	48	740.94
2.356194	2.251330	-2.330739	16	32	20	740.83
-0.261799	2.349581	-2.702517	276	82	54	740.47
-2.617994	0.674054	1.013609	261	47	57	740.33
-2.356194	1.256302	0.062705	263	68	41	740.13
2.356194	1.134796	2.434290	287	7	46	739.99
2.356194	0.961715	0.014085	290	41	37	739.67
-1.047198	2.108018	1.311430	12	34	87	739.17
-1.047198	1.569311	-3.003978	248	268	47	739.04
2.879793	1.545873	-1.877082	279	282	10	738.97
2.617994	0.418037	1.360082	2	55	72	738.92
-0.261799	1.982574	-1.115518	283	18	16	738.40
1.832596	1.045978	0.343692	276	37	36	737.86
-1.308997	1.574060	2.783565	271	28	46	736.26
2.617994	1.025536	1.576859	280	28	52	735.77
1.832596	2.153910	-1.714959	36	27	21	735.70
2.879793	0.418037	1.360082	286	57	72	735.40
0.000000	1.846342	-1.796954	282	48	21	735.38
1.308997	0.992645	-1.723759	18	1	81	735.27
-0.785398	0.290380	-0.796960	263	33	90	734.57
-1.570796	1.247695	1.809890	235	7	38	734.55
-2.094395	2.349581	-2.702517	229	30	9	734.13
-2.617994	0.831641	0.616218	264	51	50	734.10
2.617994	2.153910	-1.714959	20	59	21	733.78
-1.047198	1.869911	2.701025	3	53	49	733.60
-1.047198	2.164094	-2.991358	277	37	36	733.29
2.617994	1.195355	1.200319	272	17	48	733.23
2.356194	0.906588	1.252948	269	17	45	732.83
1.570796	1.135813	-2.658866	32	40	76	732.82
-1.832596	2.349581	-2.702517	230	16	10	732.67
0.261799	2.187132	-0.479875	280	283	7	732.58
-1.047198	1.391910	3.030322	252	266	51	732.49
-1.047198	1.488617	1.159546	38	44	62	731.56
-0.261799	2.187132	-0.479875	265	288	7	731.50
1.832596	1.617114	-1.572037	48	25	59	731.42
-0.785398	2.041297	-2.664597	275	36	30	731.36
-2.094395	1.417623	-0.202254	251	62	38	731.30
-1.570796	1.391910	3.030322	232	289	51	731.24
2.094395	2.251330	-2.330739	18	25	20	731.11
1.570796	1.325504	-1.671296	38	12	74	730.86
0.261799	1.732874	-0.951685	290	21	19	730.68
-2.617994	2.041297	-2.664597	231	59	25	730.17
-2.879793	0.762244	-0.273349	10	62	76	729.57
2.094395	0.906588	1.252948	269	21	45	729.29
-2.356194	0.831641	0.616218	257	45	50	729.19
2.356194	1.569311	-3.003978	287	288	32	729.11
-2.094395	2.349581	-2.702517	232	31	11	728.85
-3.141593	2.396274	-1.959260	286	260	49	728.32
1.832596	1.135813	-2.658866	26	50	76	728.22
2.094395	0.906588	1.252948	268	22	45	728.21
2.094395	0.929350	-2.910676	8	42	71	727.95
2.356194	0.910508	1.903534	289	32	56	727.86
2.356194	1.113094	-0.272241	293	40	31	727.60
1.570796	0.910508	1.903534	225	292	21	727.56
2.617994	1.870545	-2.976234	291	285	36	727.38
2.617994	1.506530	1.988858	278	254	54	727.28
-2.094395	0.709924	0.218797	254	62	66	726.91
-2.617994	0.831641	0.616218	264	52	50	726.86
-3.141593	1.113094	-0.272241	266	11	22	726.37
-0.261799	1.195355	1.200319	6	66	43	726.34
-2.094395	0.961715	0.014085	252	65	57	726.32
-1.047198	2.456751	-1.503343	232	3	7	726.26
-2.879793	0.831641	0.616218	273	56	50	725.88
2.356194	1.736875	3.023612	283	284	38	725.67
2.617994	1.948085	-2.363031	13	40	29	725.65
-3.141593	0.910508	1.903534	271	49	56	724.84
-2.356194	1.606104	-0.451151	264	69	34	724.49
2.879793	1.554776	0.100351	289	50	23	724.34
2.617994	1.134796	2.434290	291	7	46	724.27
-0.523599	1.554776	0.100351	288	3	27	723.73
2.879793	1.256302	0.062705	255	291	30	723.73
2.356194	2.153910	-1.714959	25	42	21	723.58
2.094395	2.396274	-1.959260	26	34	13	723.46
-1.047198	1.569311	-3.003978	248	267	47	722.85
-1.047198	1.168678	2.108595	275	12	54	722.72
2.879793	1.741644	-2.695914	6	20	31	722.35
-0.261799	1.134796	2.434290	289	261	50	722.28
-1.308997	1.218453	2.777284	242	276	54	722.22
-3.141593	1.045978	0.343692	271	38	39	722.22
-3.141593	0.458961	-0.107937	20	46	83	722.19
-2.356194	1.870545	-2.976234	221	39	27	722.18
0.000000	0.906588	1.252948	287	263	50	721.32
-2.879793	1.904882	-1.478089	288	16	18	721.31
-3.141593	0.906588	1.252948	272	23	49	720.72
-3.141593	2.104282	-0.813972	0	46	11	720.51
-1.832596	1.569311	-3.003978	225	11	47	720.49
-0.523599	1.555207	1.708892	0	51	56	720.20
2.617994	2.041297	-2.664597	5	16	29	720.12
-3.141593	1.433411	-1.035986	272	4	14	719.91
-2.617994	0.615174	-0.666022	3	50	88	719.72
-2.617994	0.615174	-0.666022	2	50	87	718.88
1.832596	0.640596	-2.797608	1	40	87	718.72
1.047198	1.545873	-1.877082	32	283	59	718.60
-0.261799	0.640596	-2.797608	289	292	82	718.51
2.356194	0.700570	1.559208	275	20	50	718.35
2.617994	0.906588	1.252948	270	14	45	718.07
2.356194	1.846342	-1.796954	32	58	43	718.02
2.617994	1.696674	-1.253233	233	272	13	717.97
-3.141593	1.256302	0.062705	290	58	35	717.95
-0.261799	0.080730	-2.622036	0	29	84	717.78
2.356194	0.297065	2.160177	284	42	74	717.67
-2.094395	1.870545	-2.976234	224	28	31	717.47
2.617994	1.391910	3.030322	4	4	39	717.23
-2.617994	0.700570	1.559208	290	289	34	717.02
2.617994	1.569311	-3.003978	290	284	30	716.88
-2.617994	1.194549	-0.801900	277	1	13	716.82
-0.261799	1.732874	-0.951685	6	35	20	716.55
1.570796	1.045978	0.343692	280	38	36	716.08
-1.047198	2.251330	-2.330739	246	293	20	716.07
-1.047198	0.615174	-0.666022	249	27	83	716.06
-2.356194	2.393226	1.857173	11	19	84	715.92
0.261799	1.195355	1.200319	5	268	36	715.58
2.356194	1.195355	1.200319	250	289	43	715.39
0.523599	1.135813	-2.658866	18	284	72	715.07
2.879793	1.982574	-1.115518	20	70	29	715.03
2.617994	0.674054	1.013609	278	33	51	714.89
0.000000	0.700570	1.559208	292	268	60	714.82
-3.141593	2.164094	-2.991358	10	0	43	714.63
0.000000	1.982574	-1.115518	1	48	27	714.46
2.879793	0.418037	1.360082	281	46	66	714.44
-0.523599	2.760637	2.781135	264	44	74	714.03
2.094395	1.025536	1.576859	266	12	45	714.01
-0.785398	1.869911	2.701025	267	16	43	713.76
-1.308997	2.719179	-1.780644	237	11	289	713.55
-1.308997	1.998705	2.370472	271	25	46	713.34
-2.094395	0.709924	0.218797	255	61	66	713.07
1.570796	1.045978	0.343692	280	39	36	713.04
0.000000	1.335669	0.897240	0	83	54	712.62
0.000000	0.379747	-1.713059	280	23	96	712.49
0.261799	0.906588	1.252948	6	265	50	712.35
-3.141593	2.343981	-1.040456	10	77	9	711.91
1.308997	1.128190	-2.288622	27	15	78	711.86
1.047198	0.640596	-2.797608	18	29	89	711.49
2.356194	1.982574	-1.115518	41	47	29	710.85
-1.570796	0.458961	-0.107937	253	45	80	710.81
2.356194	1.756530	-2.105156	260	277	17	710.75
1.832596	1.014500	0.906702	271	32	43	710.22
-0.523599	1.440580	2.260026	277	8	50	709.99
1.832596	1.948085	-2.363031	252	0	28	709.96
2.356194	1.247695	1.809890	256	258	43	709.66
1.047198	0.080730	-2.622036	280	43	91	709.50
-2.879793	1.113094	-0.272241	6	75	60	708.55
-2.879793	0.674054	1.013609	269	51	56	708.38
2.617994	2.251330	-2.330739	12	55	20	708.23
-3.141593	1.433411	-1.035986	8	69	57	707.99
2.617994	0.618092	2.539118	279	60	75	707.60
2.356194	1.732874	-0.951685	41	42	39	707.47
-0.785398	1.869911	2.701025	288	55	49	707.32
-1.570796	2.579248	-2.364801	235	8	1	707.22
-1.047198	1.699788	2.452890	271	18	47	707.19
-1.047198	1.699788	2.452890	263	2	41	707.12
-2.617994	1.256302	0.062705	9	290	287	707.09
0.261799	1.367556	0.358405	0	64	41	707.02
-0.523599	2.455966	-0.641220	261	5	1	706.96
2.879793	2.104282	-0.813972	7	42	11	706.64
-0.785398	1.948085	-2.363031	279	36	26	706.59
-2.879793	2.041297	-2.664597	243	71	25	706.54
2.879793	1.756530	-2.105156	290	1	21	706.34
-1.047198	1.569311	-3.003978	247	268	47	706.32
2.617994	1.756530	-2.105156	285	292	21	705.51
-0.261799	2.187132	-0.479875	263	285	7	705.30
-1.047198	1.440580	2.260026	27	76	43	704.78
2.617994	1.846342	-1.796954	19	69	43	704.73
2.356194	2.041297	-2.664597	17	36	28	704.52
2.879793	1.014500	0.906702	259	262	33	704.44
1.832596	0.733948	3.021411	7	39	73	704.41
-1.047198	1.574060	2.783565	259	289	45	704.26
2.617994	1.948085	-2.363031	277	276	28	704.26
-0.261799	2.153910	-1.714959	291	49	29	704.19
-3.141593	1.699788	2.452890	2	12	50	703.93
2.617994	1.741644	-2.695914	293	290	30	703.78
-2.094395	2.299159	2.264663	26	28	78	703.74
-3.141593	1.736875	3.023612	9	11	42	703.58
-2.617994	1.617114	-1.572037	263	64	48	703.21
-0.261799	0.379747	-1.713059	279	24	95	703.18
2.879793	1.846342	-1.796954	285	0	20	702.62
-1.047198	1.218453	2.777284	253	267	54	702.22
-2.094395	1.569311	-3.003978	218	21	43	702.17
-2.617994	0.831641	0.616218	269	75	55	702.12
-2.879793	1.367556	0.358405	271	285	39	701.67
-2.879793	2.396274	-1.959260	6	262	49	701.55
-2.879793	0.961715	0.014085	291	68	56	701.54
-1.832596	1.569311	-3.003978	225	12	47	701.29
-3.141593	1.367556	0.358405	265	272	41	701.22
-1.570796	1.870545	-2.976234	228	292	31	701.14
-1.308997	2.349581	-2.702517	291	41	39	701.07
-3.141593	1.741644	-2.695914	10	261	21	700.97
1.308997	0.080730	-2.622036	273	41	91	700.89
-3.141593	2.033014	2.977192	258	68	16	700.60
-1.308997	2.174483	2.653697	24	64	68	700.58
2.094395	1.506530	1.988858	249	266	54	700.40
0.523599	1.301460	-0.509251	288	77	16	700.10
-2.879793	1.909857	-0.381669	283	49	13	700.06
-0.523599	2.153910	-1.714959	31	72	36	699.93
-0.785398	1.310100	1.488307	20	56	49	699.81
1.308997	0.992645	-1.723759	17	2	82	699.80
-2.094395	1.510910	-0.740472	250	59	43	699.77
-1.832596	2.041297	-2.664597	225	18	27	699.59
0.785398	0.370812	-2.547742	1	31	93	699.18
-0.261799	1.982574	-1.115518	34	71	35	698.87
-1.308997	0.914445	2.687814	245	272	64	698.81
-2.879793	1.606104	-0.451151	4	82	39	698.70
0.000000	0.618092	2.539118	8	283	73	698.25
-2.617994	1.417623	-0.202254	283	84	42	697.99
-1.308997	2.001437	0.381215	32	3	75	697.60
-1.047198	2.033014	2.977192	255	290	29	697.55
-1.570796	2.251330	-2.330739	227	10	19	697.25
-1.308997	0.866955	-0.931351	245	31	82	697.16
-0.523599	1.741644	-2.695914	284	51	28	697.01
-2.356194	1.194549	-0.801900	269	69	70	696.91
-0.261799	1.696674	-1.253233	2	38	17	696.69
2.879793	1.756530	-2.105156	290	0	21	696.51
0.785398	2.455966	-0.641220	293	268	291	696.15
-2.617994	1.510910	-0.740472	283	250	19	696.14
-1.832596	2.251330	-2.330739	226	26	19	695.86
2.094395	1.545873	-1.877082	281	12	17	695.86
-2.094395	1.134497	-1.109631	5	278	288	695.82
2.356194	1.569311	-3.003978	282	283	30	695.67
0.785398	1.504028	0.636812	18	267	18	695.61
2.617994	1.413347	-1.339188	257	290	6	695.57
2.094395	1.736875	3.023612	259	268	37	695.55
-1.308997	0.615174	-0.666022	253	36	83	695.36
2.879793	1.904882	-1.478089	251	255	22	695.30
2.094395	1.510910	-0.740472	45	25	47	695.22
-2.879793	1.846342	-1.796954	270	69	36	695.03
0.000000	2.187132	-0.479875	272	285	7	694.95
-0.261799	0.290380	-0.796960	258	15	84	694.93
2.617994	0.418037	1.360082	3	57	72	694.85
-0.523599	1.732874	-0.951685	14	35	22	694.57
0.000000	1.836682	-0.676006	8	50	31	694.53
-3.141593	0.674054	1.013609	278	53	57	694.37
-0.785398	0.674054	1.013609	282	1	53	694.14
-1.308997	1.391910	3.030322	240	277	51	694.06
-0.261799	1.367556	0.358405	13	31	36	693.96
2.356194	0.961715	0.014085	252	19	22	693.91
0.000000	1.732874	-0.951685	290	19	19	693.87
-1.570796	2.104282	-0.813972	16	1	33	693.69
0.000000	1.904882	-1.478089	288	48	22	693.67
-0.785398	1.014500	0.906702	1	9	45	693.49
2.356194	1.569311	-3.003978	3	11	36	692.78
-2.879793	0.906588	1.252948	266	54	50	692.65
2.356194	1.247695	1.809890	266	284	45	692.29
0.785398	1.875281	0.107086	272	63	55	692.21
1.308997	1.134796	2.434290	263	10	42	692.17
-0.523599	0.866955	-0.931351	247	0	80	692.11
-0.523599	1.488617	1.159546	6	34	53	692.08
2.617994	1.846342	-1.796954	280	0	20	692.05
-1.047198	1.391910	3.030322	251	266	51	691.85
-1.308997	1.766067	2.153843	265	12	44	691.84
0.000000	0.910508	1.903534	2	266	53	691.74
1.832596	0.419640	2.974122	2	50	87	691.63
2.617994	1.195355	1.200319	258	281	43	691.39
-1.047198	2.356369	3.005869	13	72	67	691.33
1.308997	0.640596	-2.797608	15	35	89	691.26
2.879793	1.756530	-2.105156	276	260	14	691.19
1.308997	0.618092	2.539118	25	33	75	691.09
-0.261799	1.732874	-0.951685	9	41	22	691.09
0.000000	1.554776	0.100351	16	58	43	691.06
-3.141593	1.846342	-1.796954	291	16	19	690.90
-2.879793	2.164094	-2.991358	239	63	9	690.62
2.094395	1.756530	-2.105156	257	290	19	690.55
-0.785398	1.374601	-2.456031	277	37	24	690.48
2.617994	1.569311	-3.003978	284	261	23	690.45
-1.047198	2.033014	2.977192	253	285	26	690.45
2.356194	2.164094	-2.991358	269	261	49	690.20
-0.261799	1.195355	1.200319	275	266	36	690.06
-1.047198	0.379747	-1.713059	282	23	91	690.06
-0.261799	1.025536	1.576859	288	283	50	690.05
0.261799	1.014500	0.906702	2	269	44	690.03
-1.570796	1.599406	1.426070	7	17	55	689.68
-2.617994	1.256302	0.062705	267	15	32	689.58
-2.094395	2.164094	-2.991358	226	26	14	689.47
-1.308997	1.391910	3.030322	238	270	48	689.44
-2.094395	2.164094	-2.991358	227	26	15	689.26
2.617994	1.014500	0.906702	268	20	43	689.15
-2.879793	2.104282	-0.813972	293	82	19	688.77
2.879793	1.301460	-0.509251	256	293	19	688.72
1.570796	1.214854	-1.966664	32	21	80	688.61
-2.879793	1.256302	0.062705	289	73	41	688.56
2.356194	0.618092	2.539118	289	48	70	688.55
1.570796	1.391910	3.030322	19	23	52	688.40
0.261799	1.721184	-0.153948	6	61	43	688.10
0.261799	1.982574	-1.115518	287	23	19	688.10
2.879793	2.164094	-2.991358	4	266	50	687.97
-2.617994	2.349581	-2.702517	233	53	6	687.80
-0.261799	1.982574	-1.115518	274	6	15	687.33
-2.617994	1.836682	-0.676006	278	83	31	687.21
2.879793	1.617114	-1.572037	282	4	15	687.15
2.617994	1.113094	-0.272241	251	9	19	687.13
2.879793	1.256302	0.062705	290	51	32	687.08
2.356194	1.413430	2.550734	284	1	46	686.96
-1.570796	0.615174	-0.666022	258	43	83	686.80
2.094395	1.569311	-3.003978	258	268	23	686.74
-3.141593	0.674054	1.013609	270	21	48	686.50
0.000000	1.301460	-0.509251	2	15	24	686.41
-2.356194	0.866955	-0.931351	278	55	85	686.33
1.308997	1.721184	-0.153948	237	65	47	686.31
1.308997	0.370812	-2.547742	288	35	94	686.11
-1.570796	2.251330	-2.330739	228	12	19	686.04
-2.879793	1.554776	0.100351	273	270	43	685.97
1.570796	1.413347	-1.339188	41	3	68	685.88
-2.617994	2.588535	-2.976617	267	42	10	685.85
-1.308997	2.104282	-0.813972	19	9	33	685.76
2.094395	0.864993	2.278281	292	26	58	685.71
-0.261799	1.195355	1.200319	276	266	36	685.62
0.261799	0.700570	1.559208	9	271	60	685.58
2.617994	1.870545	-2.976234	290	285	36	685.42
-1.047198	0.290380	-0.796960	268	38	90	685.09
-1.308997	2.456751	-1.503343	229	17	7	684.96
2.094395	1.335669	0.897240	272	29	46	684.88
0.000000	1.413347	-1.339188	291	41	11	684.84
1.832596	2.164094	-2.991358	244	276	49	684.78
-1.570796	0.866955	-0.931351	249	38	75	684.70
2.617994	1.256302	0.062705	284	43	32	684.50
-0.261799	0.615174	-0.666022	251	8	90	684.47
-1.832596	2.579248	-2.364801	233	21	1	684.40
0.523599	2.115563	0.685730	281	48	74	684.19
-0.261799	1.846342	-1.796954	279	23	20	684.18
-0.785398	2.164094	-2.991358	272	33	36	684.14
-1.832596	2.478122	2.609777	28	44	80	684.05
2.094395	1.732874	-0.951685	45	28	39	683.99
1.832596	2.153910	-1.714959	45	30	25	683.92
-2.094395	1.433411	-1.035986	250	55	52	683.40
0.000000	1.696674	-1.253233	292	46	18	683.27
-2.617994	0.961715	0.014085	278	68	56	683.27
2.356194	0.910508	1.903534	281	18	52	682.86
2.879793	1.218453	2.777284	2	1	40	682.82
-0.261799	2.579248	-2.364801	285	78	63	682.74
-2.094395	2.349581	-2.702517	229	29	9	682.67
1.308997	1.135813	-2.658866	36	28	76	682.38
-1.308997	1.574060	2.783565	253	3	45	682.34
0.261799	1.836682	-0.676006	3	70	35	682.30
-0.785398	1.599406	1.426070	16	50	62	681.93
-0.261799	1.417623	-0.202254	13	29	26	681.87
-2.879793	0.831641	0.616218	272	56	50	681.59
-1.047198	1.599406	1.426070	31	50	67	681.50
-1.047198	2.456751	-1.503343	232	2	7	681.48
-0.261799	1.617114	-1.572037	293	44	15	681.48
2.617994	1.736875	3.023612	285	261	37	681.29
0.000000	1.301460	-0.509251	9	47	19	681.20
-0.261799	0.864993	2.278281	288	268	60	681.03
2.879793	1.982574	-1.115518	21	69	29	680.92
2.094395	0.914445	2.687814	3	35	62	680.85
2.356194	1.014500	0.906702	253	3	36	680.81
2.879793	1.569311	-3.003978	5	20	36	680.79
2.356194	1.440580	2.260026	269	270	44	680.54
0.000000	1.732874	-0.951685	3	45	22	680.50
-0.785398	2.637879	2.121598	270	36	81	680.46
-1.047198	0.618092	2.539118	264	269	75	680.23
0.000000	1.184361	0.625864	278	265	37	680.20
2.094395	0.864993	2.278281	11	53	60	680.18
2.617994	1.113094	-0.272241	251	8	19	679.93
-3.141593	2.396274	-1.959260	286	259	49	679.65
-2.879793	2.356369	3.005869	249	53	2	679.62
-0.261799	0.910508	1.903534	284	263	53	679.59
-2.617994	0.961715	0.014085	279	68	56	679.48
-1.047198	0.571433	-1.188419	263	27	91	679.46
-1.047198	1.050534	3.042579	260	272	68	679.29
-2.617994	2.041297	-2.664597	231	58	25	679.13
-3.141593	1.256302	0.062705	273	41	32	678.85
2.356194	0.864993	2.278281	285	13	52	678.41
-1.308997	1.555207	1.708892	267	6	45	678.36
2.879793	1.569311	-3.003978	3	287	30	678.36
-1.047198	2.349581	-2.702517	252	288	15	678.36
-2.617994	0.290380	-0.796960	11	30	92	678.07
-0.785398	2.180315	-1.357379	282	22	17	677.97
-1.308997	1.194549	-0.801900	229	29	67	677.97
-0.261799	2.138223	1.678323	273	50	85	677.63
2.879793	1.417623	-0.202254	272	26	28	677.54
-1.570796	1.766067	2.153843	270	20	48	677.52
-1.047198	1.574060	2.783565	270	24	46	677.36
-3.141593	2.588535	-2.976617	252	59	284	677.30
2.094395	1.135813	-2.658866	16	42	67	677.25
2.617994	1.506530	1.988858	281	283	51	677.08
-2.356194	2.579248	-2.364801	233	44	293	677.05
-2.617994	0.960688	-0.577532	289	67	75	677.00
1.570796	2.033014	2.977192	17	17	34	676.94
-3.141593	0.831641	0.616218	282	57	50	676.92
-1.308997	2.719179	-1.780644	237	10	289	676.89
2.617994	1.574060	2.783565	287	266	38	676.87
2.356194	2.063651	-2.044600	17	31	23	676.87
2.356194	2.041297	-2.664597	3	13	29	676.85
2.094395	0.929350	-2.910676	9	41	71	676.80
2.356194	2.033014	2.977192	275	266	51	676.76
1.832596	0.910508	1.903534	9	36	57	676.64
-2.879793	2.251330	-2.330739	16	263	43	676.60
2.879793	1.301460	-0.509251	267	14	20	676.54
1.570796	1.218453	2.777284	16	26	56	676.54
-0.785398	2.478122	2.609777	280	60	77	676.48
-0.261799	2.063651	-2.044600	286	50	28	676.46
0.523599	1.606104	-0.451151	286	78	32	676.36
2.356194	1.574060	2.783565	281	278	39	676.21
-1.308997	1.721184	-0.153948	16	4	36	676.11
1.570796	0.899350	-2.069907	14	20	86	676.02
-1.570796	1.242974	-2.977882	237	292	65	676.01
0.000000	1.982574	-1.115518	278	5	15	676.01
-1.570796	0.618092	2.539118	250	289	76	675.83
2.356194	1.218453	2.777284	5	31	53	675.52
-0.261799	2.063651	-2.044600	285	50	28	675.35
0.261799	1.554776	0.100351	4	62	43	675.29
2.879793	1.218453	2.777284	293	17	44	675.27
-3.141593	0.906588	1.252948	283	81	47	675.21
2.617994	1.699788	2.452890	285	270	51	675.15
-0.261799	1.606104	-0.451151	29	54	31	675.13
0.000000	1.417623	-0.202254	9	36	26	674.85
-3.141593	1.510910	-0.740472	276	21	21	674.81
1.832596	1.214854	-1.966664	29	28	75	674.79
2.617994	1.195355	1.200319	272	18	48	674.45
1.308997	1.875281	0.107086	242	60	65	674.27
0.785398	0.370812	-2.547742	2	31	94	674.17
-1.047198	2.041297	-2.664597	280	38	31	674.08
2.356194	1.904882	-1.478089	226	280	22	674.00
2.617994	1.870545	-2.976234	283	261	36	673.99
1.832596	0.591903	2.010408	23	49	69	673.96
-0.261799	1.606104	-0.451151	16	43	28	673.86
1.308997	1.214854	-1.966664	29	6	75	673.39
-3.141593	1.721184	-0.153948	1	60	20	673.36
-2.879793	1.554776	0.100351	289	74	25	673.24
-1.308997	0.615174	-0.666022	252	36	83	673.20
2.617994	2.104282	-0.813972	11	38	11	673.11
-1.832596	1.870545	-2.976234	223	13	31	673.05
-0.261799	1.184361	0.625864	288	285	38	673.04
2.617994	1.301460	-0.509251	251	7	19	672.93
-0.523599	1.732874	-0.951685	31	48	24	672.74
2.356194	0.709924	0.218797	286	39	43	672.74
0.000000	1.417623	-0.202254	11	48	28	672.56
1.832596	0.419640	2.974122	2	51	87	672.43
0.261799	1.195355	1.200319	7	280	39	672.42
-1.308997	2.033014	2.977192	264	24	36	672.17
2.356194	1.545873	-1.877082	284	10	17	672.14
-0.785398	2.033014	2.977192	262	284	30	672.09
-3.141593	1.194549	-0.801900	12	62	64	671.99
-0.785398	1.824694	1.850876	279	16	51	671.88
-2.356194	2.299159	2.264663	274	33	40	671.81
-2.617994	1.050534	3.042579	230	43	63	671.68
-2.879793	1.113094	-0.272241	292	68	54	671.65
2.356194	0.864993	2.278281	290	29	58	671.61
0.523599	1.301460	-0.509251	288	76	16	671.60
-1.047198	1.766067	2.153843	272	13	48	671.37
-0.523599	2.349581	-2.702517	293	82	54	671.35
2.094395	1.569311	-3.003978	15	25	43	671.23
-2.617994	1.696674	-1.253233	269	67	40	671.23
-2.879793	1.242974	-2.977882	4	20	30	671.01
-1.570796	0.458961	-0.107937	253	44	80	670.89
2.356194	1.756530	-2.105156	264	284	19	670.57
-0.261799	2.164094	-2.991358	270	59	48	670.56
0.785398	1.683268	0.374177	266	63	53	670.51
0.261799	1.510910	-0.740472	2	57	21	670.37
2.356194	1.247695	1.809890	267	283	45	670.33
-2.617994	0.906588	1.252948	254	72	47	670.28
-0.785398	1.554776	0.100351	0	6	32	670.13
2.879793	1.699788	2.452890	271	72	21	670.12
1.047198	2.979456	-1.009304	272	57	84	670.04
-2.356194	2.356369	3.005869	4	26	44	669.96
0.523599	1.045978	0.343692	11	286	41	669.94
2.356194	1.391910	3.030322	9	31	49	669.92
2.094395	2.041297	-2.664597	20	28	28	669.86
-1.047198	0.850607	-1.335383	252	16	87	669.72
-0.785398	0.615174	-0.666022	247	14	77	669.70
0.000000	0.910508	1.903534	3	265	53	669.70
0.523599	1.433411	-1.035986	291	17	20	669.69
1.570796	1.417623	-0.202254	224	53	31	669.69
-2.879793	0.674054	1.013609	270	51	56	669.64
-0.261799	1.413430	2.550734	289	257	38	669.61
1.308997	1.450119	-2.739050	28	13	52	669.46
-1.832596	0.929350	-2.910676	246	9	79	669.22
-1.570796	2.719179	-1.780644	236	22	289	669.15
2.356194	1.741644	-2.695914	16	35	37	669.12
-2.094395	1.134497	-1.109631	5	277	287	669.09
2.617994	1.256302	0.062705	250	5	30	668.97
2.356194	0.700570	1.559208	287	36	56	668.94
-2.879793	2.343981	-1.040456	289	79	9	668.87
0.000000	1.904882	-1.478089	286	43	21	668.79
-2.879793	2.343981	-1.040456	289	80	9	668.78
2.617994	0.906588	1.252948	274	26	49	668.75
-1.047198	2.456751	-1.503343	232	1	7	668.72
-2.617994	2.041297	-2.664597	232	59	25	668.71
-2.356194	1.721184	-0.153948	265	69	22	668.25
-3.141593	1.168678	2.108595	289	293	44	668.11
2.879793	2.063651	-2.044600	272	255	30	667.98
2.617994	1.545873	-1.877082	270	285	10	667.80
2.356194	0.418037	1.360082	290	40	63	667.33
0.261799	1.301460	-0.509251	3	51	19	667.22
-0.785398	1.367556	0.358405	30	31	40	667.22
0.261799	1.184361	0.625864	285	258	35	667.18
-0.523599	1.872854	1.543456	0	53	75	667.06
2.356194	0.864993	2.278281	285	12	52	666.99
2.094395	2.724429	-0.348782	248	34	76	666.97
-0.523599	1.982574	-1.115518	29	51	32	666.95
1.308997	1.325504	-1.671296	34	0	74	666.56
-1.047198	0.762244	-0.273349	235	17	65	666.54
-0.523599	1.836682	-0.676006	35	45	35	666.48
-0.785398	1.218453	2.777284	267	259	54	666.27
-3.141593	1.301460	-0.509251	269	10	20	666.23
1.570796	0.419640	2.974122	9	47	87	666.15
2.094395	1.440580	2.260026	252	261	43	666.10
2.879793	1.025536	1.576859	278	27	52	666.07
-0.785398	1.699788	2.452890	1	71	51	666.01
2.617994	1.014500	0.906702	247	270	33	665.94
-1.570796	1.869911	2.701025	248	10	34	665.88
2.094395	1.741644	-2.695914	247	264	18	665.86
-0.261799	1.904882	-1.478089	12	65	24	665.76
-1.047198	1.606104	-0.451151	217	13	33	665.57
-1.832596	2.579248	-2.364801	274	34	17	665.53
-0.523599	2.881233	-2.582574	287	65	80	665.43
-0.785398	2.579248	-2.364801	20	69	63	665.38
-0.785398	1.662363	0.915448	31	46	69	665.35
-1.047198	1.599406	1.426070	31	49	67	665.29
-1.308997	2.251330	-2.330739	264	27	22	665.23
2.094395	1.448123	-2.163292	69	18	27	665.16
0.523599	0.929350	-2.910676	19	293	77	665.05
0.261799	1.301460	-0.509251	4	20	24	665.03
1.308997	1.128190	-2.288622	31	19	81	664.97
0.000000	2.456751	-1.503343	291	64	50	664.82
2.617994	1.194549	-0.801900	246	1	5	664.54
0.261799	1.809167	1.213774	270	57	72	664.41
1.832596	1.574060	2.783565	12	22	46	664.19
-2.879793	2.104282	-0.813972	286	48	11	664.08
-2.617994	1.256302	0.062705	276	72	41	664.04
-0.261799	2.063651	-2.044600	281	45	27	663.94
1.570796	2.349581	-2.702517	17	15	20	663.74
2.356194	1.184361	0.625864	252	10	38	663.64
2.879793	1.721184	-0.153948	11	55	20	663.49
-1.570796	1.310100	1.488307	235	11	32	663.47
2.617994	1.756530	-2.105156	273	280	19	663.36
1.308997	0.850607	-1.335383	10	288	82	663.26
2.879793	2.041297	-2.664597	2	287	35	663.07
-2.356194	1.510910	-0.740472	263	66	43	663.04
-1.308997	0.618092	2.539118	252	276	75	662.90
1.047198	1.128190	-2.288622	29	9	81	662.75
-1.047198	1.872854	1.543456	19	48	78	662.71
2.617994	2.153910	-1.714959	243	260	36	662.67
-1.570796	0.618092	2.539118	243	286	75	662.64
2.879793	0.297065	2.160177	270	50	80	662.54
-0.785398	0.864993	2.278281	267	263	61	662.52
-1.047198	2.349581	-2.702517	251	289	15	662.25
-0.785398	2.041297	-2.664597	3	63	37	662.24
2.879793	1.982574	-1.115518	21	70	29	662.15
2.094395	1.948085	-2.363031	20	26	29	662.10
2.356194	1.736875	3.023612	272	262	37	662.06
1.832596	1.214854	-1.966664	29	27	75	661.89
2.879793	2.164094	-2.991358	8	28	33	661.57
-0.261799	1.606104	-0.451151	29	55	31	661.43
2.094395	1.391910	3.030322	274	284	31	661.26
-3.141593	1.014500	0.906702	270	29	45	661.26
-2.879793	1.194549	-0.801900	0	66	64	661.22
-1.047198	1.948085	-2.363031	283	37	25	661.11
2.617994	1.574060	2.783565	289	285	40	660.99
2.617994	1.982574	-1.115518	32	60	29	660.77
-3.141593	2.251330	-2.330739	2	259	43	660.71
2.879793	1.574060	2.783565	272	72	35	660.63
2.879793	1.846342	-1.796954	285	1	20	660.53
2.356194	1.391910	3.030322	9	30	49	660.40
-3.141593	0.831641	0.616218	268	28	42	660.11
0.000000	1.301460	-0.509251	1	13	24	660.02
-2.879793	0.960688	-0.577532	7	64	75	659.61
2.356194	1.741644	-2.695914	247	218	274	659.58
2.617994	0.961715	0.014085	284	42	37	659.56
-1.047198	1.440580	2.260026	276	18	51	659.42
2.094395	1.870545	-2.976234	257	268	36	659.35
0.261799	1.554776	0.100351	4	63	43	659.31
2.094395	1.134796	2.434290	293	18	53	659.24
-0.785398	1.904882	-1.478089	265	14	19	659.22
-0.261799	2.664082	-1.071402	254	279	288	658.94
2.356194	1.904882	-1.478089	247	289	24	658.88
1.047198	0.370812	-2.547742	287	29	90	658.86
-1.308997	2.033014	2.977192	250	5	29	658.84
-0.523599	1.367556	0.358405	26	40	40	658.82
-3.141593	1.195355	1.200319	278	273	43	658.68
-0.261799	2.349581	-2.702517	273	60	49	658.60
2.356194	1.413430	2.550734	272	267	37	658.55
-1.047198	2.881233	-2.582574	15	57	80	658.52
-2.356194	1.721184	-0.153948	264	68	22	658.39
2.879793	0.674054	1.013609	272	25	48	658.33
2.617994	2.180315	-1.357379	32	67	23	658.29
-0.523599	1.310100	1.488307	285	1	48	658.09
1.832596	0.297065	2.160177	4	38	76	657.95
0.523599	1.982574	-1.115518	276	71	33	657.69
-0.261799	1.301460	-0.509251	15	41	19	657.66
-1.308997	1.440580	2.260026	267	15	50	657.62
2.879793	0.831641	0.616218	275	37	46	657.56
2.879793	0.674054	1.013609	271	25	48	657.47
-1.308997	1.168678	2.108595	262	3	52	657.30
2.356194	1.545873	-1.877082	263	290	11	657.19
1.570796	1.128190	-2.288622	29	31	81	657.04
-0.785398	1.247695	1.809890	279	5	51	657.00
-1.570796	1.555207	1.708892	264	11	45	656.99
-0.261799	0.914445	2.687814	290	270	64	656.93
1.570796	2.979456	-1.009304	254	43	79	656.81
2.094395	1.948085	-2.363031	259	286	28	656.80
2.617994	2.063651	-2.044600	14	37	23	656.74
-0.785398	1.741644	-2.695914	277	39	31	656.71
2.356194	1.756530	-2.105156	249	270	13	656.67
1.047198	1.545873	-1.877082	37	284	63	656.58
-1.047198	1.504028	0.636812	6	14	42	656.52
-0.523599	1.904882	-1.478089	20	54	24	656.51
0.785398	1.367556	0.358405	15	264	30	656.49
-1.047198	2.164094	-2.991358	4	52	44	656.14
-0.523599	1.836682	-0.676006	34	45	35	656.08
-0.261799	1.732874	-0.951685	275	2	19	655.99
-2.617994	1.606104	-0.451151	281	84	39	655.98
-0.785398	2.164094	-2.991358	9	81	50	655.96
-1.047198	1.869911	2.701025	265	16	41	655.95
-1.570796	2.478122	2.609777	20	53	80	655.93
-2.356194	1.135813	-2.658866	245	40	75	655.92
2.356194	0.831641	0.616218	229	283	19	655.83
2.094395	2.251330	-2.330739	26	39	20	655.77
2.094395	1.869911	2.701025	259	260	52	655.74
-0.785398	1.756530	-2.105156	281	34	21	655.52
0.523599	1.909857	-0.381669	40	275	272	655.43
-2.356194	2.041297	-2.664597	223	43	25	655.41
1.832596	1.135813	-2.658866	25	50	76	655.29
-3.141593	1.134796	2.434290	1	2	42	655.21
-2.879793	2.063651	-2.044600	9	260	31	654.84
-2.879793	0.961715	0.014085	267	266	16	654.84
-2.879793	1.904882	-1.478089	287	271	24	654.80
-3.141593	1.909857	-0.381669	290	48	13	654.80
2.094395	1.617114	-1.572037	278	15	17	654.71
0.785398	1.367556	0.358405	16	264	30	654.67
2.356194	1.050534	3.042579	1	58	65	654.61
-1.308997	1.050534	3.042579	249	280	68	654.43
-2.617994	2.104282	-0.813972	276	82	19	654.35
0.785398	2.001437	0.381215	273	56	65	654.24
1.832596	1.413430	2.550734	241	267	33	654.22
-1.570796	1.569311	-3.003978	229	292	47	654.15
2.617994	1.335669	0.897240	267	18	44	654.13
-0.785398	2.396274	-1.959260	11	47	41	653.98
-0.785398	1.310100	1.488307	280	1	48	653.94
-3.141593	2.104282	-0.813972	293	46	11	653.93
2.879793	1.433411	-1.035986	20	62	57	653.90
2.617994	2.063651	-2.044600	268	270	31	653.83
2.094395	1.014500	0.906702	269	29	43	653.70
0.261799	1.433411	-1.035986	290	16	20	653.68
2.879793	1.256302	0.062705	278	43	32	653.68
0.261799	2.115563	0.685730	290	48	79	653.68
1.570796	1.756530	-2.105156	51	26	51	653.56
2.094395	0.700570	1.559208	27	56	60	653.45
2.617994	1.574060	2.783565	290	285	40	653.44
-1.308997	2.579248	-2.364801	239	288	1	653.37
-0.785398	2.033014	2.977192	287	55	47	653.30
-1.570796	1.391910	3.030322	232	288	51	652.86
2.617994	2.063651	-2.044600	259	262	31	652.80
-2.879793	1.824694	1.850876	276	28	46	652.78
2.879793	2.180315	-1.357379	18	76	23	652.71
2.879793	2.349581	-2.702517	0	250	55	652.59
1.047198	0.370812	-2.547742	292	33	94	652.56
2.356194	1.869911	2.701025	288	292	48	652.48
1.832596	2.063651	-2.044600	27	20	25	652.46
-0.523599	1.904882	-1.478089	22	57	24	652.34
2.094395	1.617114	-1.572037	43	41	60	652.21
-1.308997	1.599406	1.426070	291	17	53	652.20
-0.261799	1.184361	0.625864	251	263	35	652.04
0.261799	1.732874	-0.951685	293	59	24	652.03
-0.523599	1.836682	-0.676006	8	25	25	652.00
-1.832596	1.721184	-0.153948	4	288	36	651.96
-1.308997	2.881233	-2.582574	24	49	80	651.89
2.356194	0.700570	1.559208	277	23	52	651.88
1.047198	1.846342	-1.796954	35	279	42	651.77
2.617994	1.696674	-1.253233	30	59	47	651.73
-1.047198	1.335669	0.897240	45	38	52	651.73
-1.047198	1.335669	0.897240	28	30	47	651.70
-3.141593	1.504028	0.636812	271	274	52	651.61
-2.879793	1.696674	-1.253233	281	273	18	651.58
-0.523599	2.407836	1.410646	280	31	94	651.55
2.879793	1.301460	-0.509251	235	269	14	651.54
-3.141593	1.504028	0.636812	268	254	61	651.18
2.356194	1.699788	2.452890	284	293	50	651.10
-1.047198	0.864993	2.278281	254	270	61	650.84
-0.261799	1.413347	-1.339188	1	39	11	650.73
-0.785398	1.448123	-2.163292	280	35	20	650.72
0.785398	0.733948	3.021411	23	14	78	650.70
2.356194	2.033014	2.977192	285	287	46	650.69
0.000000	1.721184	-0.153948	284	284	18	650.67
0.000000	2.063651	-2.044600	278	69	31	650.42
1.308997	0.864993	2.278281	274	13	49	650.35
2.094395	0.864993	2.278281	12	52	60	650.34
-1.308997	1.662363	0.915448	38	22	69	650.24
2.094395	1.948085	-2.363031	8	15	26	650.24
2.094395	1.982574	-1.115518	46	32	29	650.19
2.617994	1.732874	-0.951685	34	57	40	649.88
-0.785398	1.555207	1.708892	11	57	58	649.62
1.570796	2.724429	-0.348782	261	52	83	649.59
0.000000	1.184361	0.625864	6	63	38	649.50
2.617994	0.709924	0.218797	281	40	44	649.41
2.879793	1.195355	1.200319	268	276	43	649.29
2.879793	1.574060	2.783565	3	5	44	649.27
-0.785398	1.569311	-3.003978	274	36	35	649.08
-3.141593	1.194549	-0.801900	13	62	64	648.99
2.617994	1.045978	0.343692	252	3	29	648.92
-2.879793	1.869911	2.701025	246	58	18	648.69
2.356194	1.025536	1.576859	2	47	51	648.58
-0.261799	1.134796	2.434290	288	261	49	648.50
0.000000	1.617114	-1.572037	286	45	15	648.49
2.356194	1.658653	-2.409879	20	48	45	648.40
2.356194	0.618092	2.539118	289	61	75	648.39
1.832596	1.741644	-2.695914	239	278	20	648.32
-3.141593	0.418037	1.360082	274	44	66	648.18
2.094395	1.440580	2.260026	251	261	43	648.12
2.094395	1.869911	2.701025	13	30	40	648.03
0.523599	1.982574	-1.115518	275	71	33	648.00
0.261799	2.108018	1.311430	271	42	85	647.95
-1.832596	0.290380	-0.796960	284	42	89	647.87
0.785398	0.379747	-1.713059	276	12	90	647.75
-1.570796	2.343981	-1.040456	17	4	36	647.72
-1.308997	1.218453	2.777284	239	270	50	647.65
-0.785398	2.295480	1.008277	5	25	92	647.63
-2.094395	2.579248	-2.364801	229	30	293	647.55
2.617994	0.418037	1.360082	287	45	66	647.50
-1.308997	1.736875	3.023612	237	274	32	647.49
-2.879793	1.696674	-1.253233	281	272	18	647.45
-2.879793	0.961715	0.014085	7	76	61	647.42
-2.356194	1.433411	-1.035986	261	62	52	647.41
-0.523599	1.310100	1.488307	9	63	48	647.26
2.879793	1.391910	3.030322	5	3	38	647.25
0.523599	1.367556	0.358405	1	260	30	647.21
-1.047198	2.063651	-2.044600	286	35	22	647.19
-1.832596	2.984978	1.954446	273	42	86	647.02
2.356194	2.063651	-2.044600	257	277	31	646.99
-0.785398	1.440580	2.260026	277	16	51	646.96
-1.308997	1.870545	-2.976234	236	277	31	646.92
-1.308997	1.218453	2.777284	242	275	54	646.89
1.570796	0.866395	-2.492918	15	30	85	646.89
2.879793	2.664082	-1.071402	14	47	290	646.86
2.094395	1.658653	-2.409879	261	287	18	646.84
-0.523599	1.014500	0.906702	3	12	45	646.84
2.879793	2.251330	-2.330739	282	258	43	646.80
-0.523599	2.704512	1.488683	274	12	85	646.75
1.308997	1.134796	2.434290	264	10	43	646.69
-0.261799	1.301460	-0.509251	28	51	17	646.46
2.617994	1.741644	-2.695914	288	284	28	646.36
-2.617994	0.960688	-0.577532	288	67	74	646.29
1.570796	0.370812	-2.547742	282	30	90	646.28
2.617994	1.014500	0.906702	264	14	40	646.26
-1.308997	2.153910	-1.714959	6	29	25	646.21
1.832596	2.033014	2.977192	15	20	35	645.99
2.356194	1.732874	-0.951685	42	43	40	645.93
-0.261799	2.455966	-0.641220	266	0	1	645.90
2.094395	0.910508	1.903534	293	33	56	645.87
0.523599	1.977582	0.969896	272	48	73	645.85
1.832596	1.617114	-1.572037	48	26	60	645.74
0.261799	2.455966	-0.641220	276	277	293	645.70
2.356194	1.413430	2.550734	282	289	43	645.70
-0.261799	2.164094	-2.991358	270	60	48	645.70
1.308997	1.391910	3.030322	19	15	52	645.68
0.785398	1.184361	0.625864	19	266	35	645.68
-1.308997	1.301460	-0.509251	222	31	51	645.59
-1.308997	1.875281	0.107086	24	4	51	645.57
1.308997	1.045978	0.343692	284	38	36	645.56
-1.308997	2.251330	-2.330739	242	10	20	645.40
2.879793	0.961715	0.014085	32	60	61	645.32
-1.308997	1.134796	2.434290	240	275	50	645.17
2.879793	0.618092	2.539118	268	57	75	645.16
-0.785398	1.555207	1.708892	7	48	56	645.15
-2.356194	2.881233	-2.582574	271	35	3	645.07
-1.570796	2.984978	1.954446	267	38	85	645.04
0.000000	1.904882	-1.478089	283	22	19	645.02
-0.261799	0.733948	3.021411	291	281	74	645.02
-0.261799	1.367556	0.358405	16	35	40	644.81
-2.617994	1.721184	-0.153948	277	71	22	644.73
1.832596	1.870545	-2.976234	21	24	35	644.62
1.308997	1.214854	-1.966664	31	10	80	644.58
1.832596	0.618092	2.539118	8	42	71	644.54
-0.785398	1.025536	1.576859	290	13	52	644.54
2.617994	1.696674	-1.253233	29	59	47	644.39
-2.879793	0.906588	1.252948	268	79	47	644.19
2.356194	1.113094	-0.272241	21	39	43	644.15
2.094395	2.041297	-2.664597	20	29	28	644.11
-2.879793	1.256302	0.062705	286	68	39	643.99
2.356194	1.506530	1.988858	263	259	54	643.98
1.832596	1.113094	-0.272241	221	38	11	643.91
1.832596	1.736875	3.023612	245	271	35	643.89
1.570796	2.979456	-1.009304	255	42	77	643.74
0.523599	0.080730	-2.622036	291	42	91	643.62
0.000000	1.433411	-1.035986	2	42	14	643.60
-3.141593	2.251330	-2.330739	2	260	43	643.58
2.356194	1.113094	-0.272241	293	40	32	643.54
-1.570796	1.662363	0.915448	288	7	48	643.53
2.094395	2.579248	-2.364801	25	50	3	643.50
2.879793	2.343981	-1.040456	24	69	9	643.42
0.000000	0.379747	-1.713059	278	22	94	643.41
-2.356194	1.554776	0.100351	262	44	23	643.37
-2.356194	0.960688	-0.577532	275	67	75	643.35
0.000000	1.014500	0.906702	273	255	41	643.33
-2.879793	1.256302	0.062705	272	267	30	643.29
-0.785398	1.736875	3.023612	261	279	39	643.29
2.356194	1.301460	-0.509251	2	38	27	643.28
0.523599	1.875281	0.107086	282	254	7	643.24
-3.141593	1.948085	-2.363031	3	283	29	643.16
2.617994	1.904882	-1.478089	26	65	38	643.09
-1.047198	1.869911	2.701025	260	4	36	642.96
-0.785398	1.335669	0.897240	24	38	47	642.94
-3.141593	1.194549	-0.801900	261	279	6	642.91
-0.523599	2.456751	-1.503343	20	54	50	642.78
0.261799	0.379747	-1.713059	277	21	95	642.68
1.832596	1.014500	0.906702	272	32	43	642.55
-2.879793	1.014500	0.906702	267	24	45	642.50
-0.785398	2.251330	-2.330739	285	43	33	642.43
-2.617994	0.961715	0.014085	280	263	16	642.30
0.000000	1.554776	0.100351	252	257	25	641.94
1.832596	2.724429	-0.348782	253	45	83	641.91
-1.570796	0.961715	0.014085	231	39	52	641.62
-3.141593	2.343981	-1.040456	9	77	9	641.58
2.356194	1.506530	1.988858	266	264	54	641.57
2.094395	1.014500	0.906702	242	8	34	641.50
-0.523599	1.909857	-0.381669	25	35	42	641.45
-0.523599	1.555207	1.708892	293	52	56	641.36
-1.047198	0.290380	-0.796960	267	37	90	641.35
0.261799	2.153910	-1.714959	274	72	36	641.26
2.879793	1.045978	0.343692	286	49	40	641.24
-1.308997	1.998705	2.370472	270	25	46	640.95
2.356194	1.242974	-2.977882	10	37	56	640.92
2.356194	1.440580	2.260026	276	281	45	640.86
1.832596	1.741644	-2.695914	292	6	31	640.83
2.617994	2.251330	-2.330739	267	260	43	640.80
-2.879793	1.617114	-1.572037	275	68	49	640.74
-2.094395	2.588535	-2.976617	22	24	58	640.67
2.356194	1.870545	-2.976234	14	33	36	640.60
-0.785398	1.335669	0.897240	25	40	47	640.53
-3.141593	0.961715	0.014085	20	69	61	640.48
1.570796	1.545873	-1.877082	46	18	63	640.34
-0.523599	1.699788	2.452890	281	73	51	640.32
0.000000	1.504028	0.636812	270	261	18	640.17
-2.617994	1.824694	1.850876	257	37	28	640.05
1.308997	1.128190	-2.288622	30	20	81	640.04
2.094395	1.699788	2.452890	261	272	51	640.01
0.000000	1.599406	1.426070	290	8	45	639.94
-2.356194	0.762244	-0.273349	273	64	71	639.92
1.832596	1.658653	-2.409879	237	284	10	639.82
-1.308997	1.506530	1.988858	267	11	48	639.58
-2.094395	1.450119	-2.739050	223	24	59	639.46
-3.141593	0.418037	1.360082	280	67	74	639.41
-1.570796	2.164094	-2.991358	289	36	39	639.34
0.785398	0.674054	1.013609	21	280	61	639.31
-0.523599	1.909857	-0.381669	37	42	47	639.29
2.617994	2.153910	-1.714959	12	35	17	639.28
2.617994	2.704512	1.488683	44	1	282	639.25
-1.047198	0.864993	2.278281	273	4	60	639.17
-1.047198	2.251330	-2.330739	290	43	33	639.11
-1.308997	1.736875	3.023612	250	6	41	639.07
2.094395	1.168678	2.108595	248	261	32	638.95
1.570796	0.961715	0.014085	226	50	11	638.90
2.356194	1.736875	3.023612	282	283	38	638.87
-0.261799	1.554776	0.100351	6	15	32	638.77
0.261799	1.606104	-0.451151	2	53	29	638.75
2.356194	1.335669	0.897240	270	26	46	638.69
0.523599	1.696674	-1.253233	274	69	17	638.64
0.261799	1.732874	-0.951685	5	81	25	638.63
-1.308997	0.866955	-0.931351	244	31	80	638.42
2.879793	1.741644	-2.695914	2	287	28	638.42
-1.570796	0.290380	-0.796960	278	43	90	638.34
0.523599	1.504028	0.636812	5	262	18	638.33
-1.570796	1.413430	2.550734	267	24	50	638.26
0.261799	1.696674	-1.253233	287	70	17	638.25
-1.308997	1.555207	1.708892	28	40	58	638.15
2.356194	0.914445	2.687814	293	26	57	638.08
2.879793	1.741644	-2.695914	290	258	21	637.92
2.094395	1.413430	2.550734	255	257	32	637.80
2.094395	1.391910	3.030322	274	285	31	637.76
0.785398	1.696674	-1.253233	261	65	17	637.69
0.261799	1.875281	0.107086	266	256	7	637.65
-3.141593	1.948085	-2.363031	3	258	26	637.59
-2.879793	2.881233	-2.582574	250	49	277	637.55
-2.879793	0.496451	0.593859	278	55	66	637.50
-1.832596	1.242974	-2.977882	233	11	65	637.47
-0.261799	1.256302	0.062705	14	30	29	637.47
2.879793	0.906588	1.252948	274	27	49	637.31
2.356194	0.674054	1.013609	281	34	51	637.30
-0.785398	2.393226	1.857173	280	38	83	637.04
0.000000	1.836682	-0.676006	9	50	31	636.97
-1.308997	0.615174	-0.666022	252	37	83	636.92
0.261799	1.683268	0.374177	280	262	13	636.85
0.000000	1.014500	0.906702	283	268	44	636.81
1.570796	1.699788	2.452890	242	289	51	636.81
-0.261799	1.218453	2.777284	288	262	51	636.74
-0.785398	2.588535	-2.976617	1	72	71	636.69
2.617994	2.041297	-2.664597	288	285	35	636.66
1.047198	0.080730	-2.622036	279	42	91	636.57
1.047198	1.875281	0.107086	260	59	55	636.56
-1.047198	1.599406	1.426070	286	13	51	636.43
-0.785398	1.247695	1.809890	285	12	52	636.40
1.308997	0.496451	0.593859	285	32	39	636.40
1.047198	1.448123	-2.163292	39	293	68	636.34
-1.308997	1.736875	3.023612	248	1	38	636.31
2.879793	0.831641	0.616218	292	55	50	636.31
1.570796	1.391910	3.030322	261	292	31	636.30
-1.047198	2.115563	0.685730	23	18	85	636.27
-2.356194	1.506530	1.988858	233	40	23	636.23
1.570796	1.948085	-2.363031	53	34	37	636.05
-2.879793	0.674054	1.013609	269	50	57	636.00
-1.308997	1.977582	0.969896	25	18	82	635.86
2.617994	1.732874	-0.951685	229	279	25	635.86
1.308997	2.001437	0.381215	248	52	77	635.78
2.356194	2.041297	-2.664597	16	36	28	635.78
-0.261799	1.846342	-1.796954	289	48	21	635.76
-0.261799	2.033014	2.977192	265	81	52	635.70
-3.141593	2.033014	2.977192	257	68	15	635.70
-1.047198	1.870545	-2.976234	245	267	31	635.57
2.879793	2.180315	-1.357379	19	76	24	635.54
-1.047198	1.554776	0.100351	290	4	32	635.53
1.832596	1.413430	2.550734	250	279	37	635.51
1.832596	1.135834	-1.431087	284	20	14	635.45
1.570796	0.864993	2.278281	276	11	49	635.44
-0.785398	1.025536	1.576859	252	265	43	635.38
-2.356194	1.870545	-2.976234	220	39	27	635.35
2.094395	1.574060	2.783565	274	286	40	635.32
-2.879793	2.704512	1.488683	290	25	92	635.31
-3.141593	1.699788	2.452890	289	27	46	635.28
0.261799	2.153910	-1.714959	275	72	36	635.14
-0.785398	1.113094	-0.272241	22	24	19	635.09
0.261799	1.606104	-0.451151	2	20	23	635.07
0.261799	0.674054	1.013609	7	293	55	635.07
-2.617994	0.709924	0.218797	279	70	66	635.01
2.879793	0.910508	1.903534	281	55	56	634.96
1.047198	1.545873	-1.877082	33	283	60	634.86
-2.879793	1.184361	0.625864	268	17	42	634.83
2.879793	1.732874	-0.951685	250	273	25	634.81
-0.785398	0.419640	2.974122	292	275	88	634.80
-0.261799	0.370812	-2.547742	289	15	86	634.75
1.570796	0.866395	-2.492918	14	30	85	634.61
-1.570796	1.766067	2.153843	275	24	50	634.56
1.308997	0.709924	0.218797	268	42	20	634.50
0.523599	0.831641	0.616218	7	269	55	634.47
-3.141593	1.658653	-2.409879	45	280	281	634.40
0.261799	2.063651	-2.044600	269	41	27	634.21
-2.617994	0.203748	0.590255	279	51	81	634.12
-1.832596	1.310100	1.488307	233	24	31	633.96
-0.785398	1.736875	3.023612	274	34	40	633.94
-0.785398	1.872854	1.543456	9	49	75	633.87
-2.617994	1.606104	-0.451151	21	266	281	633.75
0.261799	1.554776	0.100351	268	251	25	633.74
1.832596	1.413347	-1.339188	43	17	68	633.66
-3.141593	1.433411	-1.035986	264	269	9	633.63
-1.047198	0.458961	-0.107937	243	21	75	633.60
-1.047198	1.699788	2.452890	261	293	40	633.51
0.000000	1.247695	1.809890	1	270	40	633.47
-1.308997	2.251330	-2.330739	242	9	20	633.41
-0.523599	2.164094	-2.991358	287	84	50	633.38
-3.141593	1.413347	-1.339188	276	285	9	633.22
-2.879793	1.413347	-1.339188	283	284	9	633.22
-3.141593	1.554776	0.100351	282	49	23	633.21
1.832596	1.050534	3.042579	19	42	64	633.20
2.617994	2.396274	-1.959260	11	34	14	633.09
1.047198	0.370812	-2.547742	293	33	94	633.09
-0.785398	1.506530	1.988858	12	73	54	633.09
0.523599	1.836682	-0.676006	285	77	38	632.97
2.879793	1.184361	0.625864	264	14	39	632.97
-1.570796	1.488617	1.159546	24	17	54	632.88
0.000000	2.073035	2.027405	255	54	78	632.88
-1.047198	1.766067	2.153843	268	9	45	632.86
1.047198	1.214854	-1.966664	27	293	80	632.81
2.879793	1.025536	1.576859	275	3	46	632.75
-0.523599	1.869911	2.701025	280	77	51	632.63
-1.832596	1.247695	1.809890	233	20	38	632.51
-0.785398	1.014500	0.906702	0	9	45	632.50
2.094395	1.870545	-2.976234	19	30	35	632.48
0.000000	1.247695	1.809890	44	230	292	632.46
2.356194	1.045978	0.343692	251	15	30	632.39
1.308997	0.700570	1.559208	268	26	43	632.35
0.261799	1.367556	0.358405	280	259	30	632.21
-0.261799	2.456751	-1.503343	267	287	9	632.14
2.356194	1.836682	-0.676006	218	3	40	632.13
-1.308997	1.869911	2.701025	252	1	34	632.10
1.308997	1.325504	-1.671296	30	292	69	632.03
0.261799	1.875281	0.107086	7	69	64	632.03
0.000000	1.658653	-2.409879	272	44	22	632.01
1.308997	1.545873	-1.877082	43	4	63	631.86
2.094395	2.104282	-0.813972	218	21	51	631.86
1.570796	1.869911	2.701025	241	285	51	631.84
-3.141593	1.658653	-2.409879	3	285	20	631.81
-2.356194	1.417623	-0.202254	263	69	38	631.73
-1.047198	2.089241	-0.114193	36	11	62	631.72
0.785398	2.455966	-0.641220	38	250	255	631.70
2.356194	1.741644	-2.695914	4	12	31	631.57
0.000000	0.591903	2.010408	4	276	68	631.53
-1.832596	1.875281	0.107086	283	293	35	631.51
-0.261799	1.977582	0.969896	5	50	83	631.51
0.261799	2.153910	-1.714959	274	43	27	631.48
-1.047198	1.506530	1.988858	277	13	51	631.48
2.617994	1.606104	-0.451151	224	281	34	631.32
-0.785398	2.153910	-1.714959	266	18	17	631.20
-3.141593	1.367556	0.358405	260	252	47	631.18
1.047198	1.904882	-1.478089	31	271	35	631.15
2.356194	2.180315	-1.357379	38	50	21	631.08
-2.879793	1.301460	-0.509251	269	269	17	631.07
1.832596	2.033014	2.977192	248	272	51	631.02
-0.261799	1.256302	0.062705	13	30	29	630.99
0.785398	2.089241	-0.114193	276	63	59	630.40
-0.785398	2.115563	0.685730	22	27	85	630.33
0.000000	1.417623	-0.202254	6	19	28	630.33
-0.261799	0.914445	2.687814	291	270	65	630.09
0.000000	2.343981	-1.040456	272	285	8	630.08
2.879793	1.732874	-0.951685	22	68	40	630.08
1.570796	1.128190	-2.288622	27	24	78	629.99
-2.617994	1.510910	-0.740472	283	251	19	629.96
0.785398	2.001437	0.381215	273	58	72	629.86
-1.832596	0.733948	3.021411	249	5	80	629.85
1.047198	0.496451	0.593859	19	287	70	629.83
2.356194	1.195355	1.200319	250	288	43	629.83
-3.141593	1.301460	-0.509251	265	5	20	629.79
-2.879793	2.164094	-2.991358	240	62	9	629.71
2.356194	0.418037	1.360082	10	50	72	629.69
2.356194	2.063651	-2.044600	23	46	27	629.65
1.832596	1.417623	-0.202254	217	36	31	629.60
1.832596	2.041297	-2.664597	20	21	28	629.59
-0.261799	1.440580	2.260026	279	6	50	629.53
0.523599	0.674054	1.013609	11	273	60	629.42
-2.617994	1.721184	-0.153948	272	49	18	629.38
-3.141593	2.104282	-0.813972	6	61	14	629.27
-2.879793	1.301460	-0.509251	272	15	24	629.26
2.094395	1.574060	2.783565	259	267	36	629.17
2.617994	2.349581	-2.702517	282	266	53	629.06
0.000000	1.310100	1.488307	273	86	52	628.92
-0.523599	1.488617	1.159546	13	52	56	628.92
-2.879793	1.870545	-2.976234	238	67	26	628.82
2.356194	1.506530	1.988858	263	258	54	628.77
-0.261799	1.510910	-0.740472	12	38	20	628.76
-0.523599	2.455966	-0.641220	260	4	1	628.74
2.879793	2.174483	2.653697	268	66	3	628.72
-0.785398	0.850607	-1.335383	254	8	88	628.62
-1.308997	1.909857	-0.381669	18	4	36	628.60
2.617994	1.433411	-1.035986	232	281	4	628.59
2.879793	2.349581	-2.702517	8	24	28	628.56
-0.261799	1.504028	0.636812	252	265	16	628.54
-0.523599	2.153910	-1.714959	29	69	36	628.43
0.000000	1.335669	0.897240	2	43	47	628.42
-1.570796	0.914445	2.687814	236	283	64	628.39
-1.832596	2.251330	-2.330739	7	28	31	628.34
-0.523599	1.909857	-0.381669	256	290	15	628.30
-2.617994	1.014500	0.906702	260	52	44	628.18
0.000000	2.247462	0.191623	252	275	282	628.17
0.261799	2.637879	2.121598	252	17	89	628.13
-1.047198	1.413430	2.550734	266	6	49	628.12
1.570796	2.579248	-2.364801	36	31	2	628.08
1.832596	2.724429	-0.348782	253	44	78	628.07
-2.879793	1.875281	0.107086	290	69	10	628.01
0.523599	1.732874	-0.951685	279	71	24	627.89
0.000000	1.554776	0.100351	15	57	43	627.89
-2.356194	1.721184	-0.153948	265	68	22	627.85
2.356194	1.909857	-0.381669	220	7	54	627.85
-2.617994	1.756530	-2.105156	243	68	54	627.82
2.617994	2.041297	-2.664597	275	258	36	627.75
-1.570796	0.866395	-2.492918	256	293	90	627.70
2.094395	1.732874	-0.951685	45	27	39	627.62
2.879793	1.134796	2.434290	291	0	43	627.61
-2.617994	1.301460	-0.509251	282	79	57	627.53
2.356194	2.180315	-1.357379	37	49	21	627.52
1.832596	1.574060	2.783565	241	267	33	627.50
0.000000	1.184361	0.625864	7	64	38	627.48
-2.879793	1.194549	-0.801900	265	260	1	627.44
-3.141593	1.606104	-0.451151	248	256	34	627.44
-2.879793	0.762244	-0.273349	9	63	75	627.38
0.000000	2.108018	1.311430	277	45	86	627.35
2.356194	2.104282	-0.813972	221	4	51	627.34
-1.047198	0.866955	-0.931351	244	20	80	627.32
-2.879793	1.721184	-0.153948	280	51	18	627.23
-3.141593	1.904882	-1.478089	276	272	24	627.19
0.000000	1.836682	-0.676006	293	19	21	627.19
-1.308997	0.571433	-1.188419	264	29	85	627.17
-0.785398	1.488617	1.159546	9	29	53	627.15
-0.261799	1.909857	-0.381669	29	53	47	627.14
2.617994	1.736875	3.023612	290	285	39	627.03
-1.308997	1.875281	0.107086	23	4	51	626.96
1.832596	1.574060	2.783565	268	289	40	626.95
2.879793	1.574060	2.783565	2	287	40	626.95
1.047198	2.247462	0.191623	272	53	76	626.90
2.356194	1.732874	-0.951685	219	292	24	626.83
2.356194	1.448123	-2.163292	273	289	12	626.81
0.000000	0.379747	-1.713059	279	22	95	626.75
-3.141593	2.153910	-1.714959	279	258	36	626.74
-1.570796	0.899350	-2.069907	15	280	26	626.70
0.523599	1.301460	-0.509251	287	75	16	626.70
0.523599	1.606104	-0.451151	287	60	30	626.66
0.000000	1.367556	0.358405	17	81	47	626.66
-0.523599	2.180315	-1.357379	25	55	38	626.56
2.094395	1.134796	2.434290	290	13	52	626.35
1.308997	0.914445	2.687814	9	22	62	626.31
1.047198	1.872854	1.543456	238	31	83	626.28
-3.141593	1.721184	-0.153948	250	258	52	626.21
2.356194	1.413347	-1.339188	251	3	6	626.20
-1.308997	1.699788	2.452890	270	22	48	626.18
-1.308997	2.984978	1.954446	261	32	81	626.15
0.261799	1.606104	-0.451151	7	75	33	626.14
-3.141593	1.904882	-1.478089	287	15	18	626.00
-0.785398	1.555207	1.708892	8	48	56	625.73
-2.356194	1.569311	-3.003978	221	38	43	625.70
-2.094395	1.812176	0.656819	21	271	75	625.63
-1.570796	2.478122	2.609777	14	47	74	625.58
-0.785398	1.948085	-2.363031	278	36	25	625.56
-0.523599	1.367556	0.358405	6	13	37	625.37
-1.308997	1.809167	1.213774	30	29	77	625.31
2.879793	0.762244	-0.273349	28	47	76	625.29
-1.832596	0.762244	-0.273349	251	55	72	625.26
-0.261799	1.846342	-1.796954	279	22	20	625.25
-0.785398	0.571433	-1.188419	262	21	90	625.20
-1.308997	0.960688	-0.577532	235	32	69	625.19
0.000000	1.721184	-0.153948	283	284	18	625.10
2.094395	1.413430	2.550734	260	271	37	625.03
0.523599	1.184361	0.625864	11	283	37	625.03
-1.570796	2.579248	-2.364801	234	8	1	625.01
-1.570796	1.050534	3.042579	241	290	68	625.01
-1.832596	1.869911	2.701025	253	24	36	625.00
-2.356194	1.606104	-0.451151	263	69	33	624.92
-1.047198	1.504028	0.636812	45	29	57	624.88
2.617994	1.732874	-0.951685	227	276	24	624.83
-0.261799	1.413347	-1.339188	2	39	11	624.78
1.832596	1.506530	1.988858	238	277	54	624.73
2.094395	1.391910	3.030322	275	284	31	624.71
2.617994	0.831641	0.616218	239	270	19	624.57
2.879793	2.164094	-2.991358	4	290	43	624.56
-0.785398	1.870545	-2.976234	8	71	36	624.55
-2.617994	0.960688	-0.577532	288	68	75	624.46
2.356194	0.914445	2.687814	1	54	64	624.38
-2.879793	2.063651	-2.044600	9	261	31	624.14
-0.785398	1.836682	-0.676006	24	28	31	624.03
-1.047198	2.251330	-2.330739	263	22	22	624.01
1.832596	0.762244	-0.273349	231	40	287	623.92
-1.570796	2.164094	-2.991358	247	18	26	623.87
2.617994	1.301460	-0.509251	251	8	19	623.77
2.617994	1.367556	0.358405	254	8	39	623.76
2.879793	2.592629	0.909713	31	283	37	623.67
-2.879793	1.998705	2.370472	284	32	43	623.64
2.879793	2.664082	-1.071402	11	38	0	623.63
2.879793	1.948085	-2.363031	282	257	27	623.60
1.832596	0.906588	1.252948	280	32	49	623.50
0.261799	1.504028	0.636812	284	260	18	623.40
-2.094395	1.606104	-0.451151	251	62	34	623.34
0.523599	2.104282	-0.813972	284	75	47	623.31
-3.141593	1.869911	2.701025	258	66	18	623.27
1.832596	0.929350	-2.910676	13	36	72	623.27
0.000000	0.685216	-1.712745	278	2	92	623.18
2.617994	0.831641	0.616218	264	24	38	623.17
-0.523599	1.184361	0.625864	3	7	41	623.15
1.308997	1.413347	-1.339188	35	283	66	623.09
2.879793	1.014500	0.906702	272	31	45	623.09
1.832596	1.014500	0.906702	272	33	43	623.08
-0.785398	1.870545	-2.976234	273	35	35	623.06
0.523599	1.846342	-1.796954	261	65	20	623.05
-1.047198	0.618092	2.539118	265	269	75	622.98
1.832596	1.736875	3.023612	248	275	37	622.96
2.094395	1.413430	2.550734	1	15	50	622.95
2.094395	0.419640	2.974122	287	52	87	622.91
-0.261799	1.699788	2.452890	286	267	29	622.90
-2.356194	1.256302	0.062705	262	68	41	622.90
-2.879793	1.732874	-0.951685	290	81	44	622.84
-1.570796	0.866395	-2.492918	256	292	90	622.80
0.000000	0.618092	2.539118	8	282	73	622.74
1.832596	1.658653	-2.409879	37	35	48	622.72
-0.785398	2.033014	2.977192	261	284	30	622.61
-2.617994	1.606104	-0.451151	283	250	34	622.57
0.000000	1.488617	1.159546	0	10	44	622.57
-1.308997	1.195355	1.200319	29	27	44	622.50
-0.785398	2.164094	-2.991358	289	55	44	622.49
2.356194	2.719179	-1.780644	23	45	292	622.48
-3.141593	1.045978	0.343692	263	11	33	622.41
1.832596	1.756530	-2.105156	47	41	51	622.37
2.879793	1.545873	-1.877082	275	271	6	622.32
-2.879793	1.948085	-2.363031	10	287	29	622.32
2.617994	1.741644	-2.695914	2	71	42	622.32
2.356194	1.025536	1.576859	288	34	53	622.32
-3.141593	1.417623	-0.202254	249	254	32	622.24
2.617994	0.831641	0.616218	280	39	46	622.24
2.094395	1.247695	1.809890	242	268	43	622.22
-0.261799	1.756530	-2.105156	274	31	21	622.21
-0.523599	1.904882	-1.478089	278	20	17	622.18
-0.785398	0.591903	2.010408	268	269	70	621.94
-1.832596	1.450119	-2.739050	225	10	59	621.92
-0.785398	1.982574	-1.115518	269	14	15	621.90
-1.308997	2.407836	1.410646	25	264	246	621.82
-2.617994	2.187132	-0.479875	284	79	7	621.78
-2.617994	1.948085	-2.363031	236	65	37	621.74
1.832596	0.910508	1.903534	277	16	51	621.73
-2.879793	1.982574	-1.115518	286	82	32	621.73
0.523599	0.640596	-2.797608	9	11	85	621.66
2.356194	0.419640	2.974122	277	46	85	621.66
1.047198	2.979456	-1.009304	273	57	83	621.59
0.261799	1.367556	0.358405	293	80	45	621.59
1.570796	1.135834	-1.431087	28	6	82	621.48
-1.308997	1.134796	2.434290	271	15	55	621.46
0.261799	0.080730	-2.622036	290	36	86	621.43
0.523599	0.674054	1.013609	12	274	61	621.33
0.261799	1.417623	-0.202254	7	76	31	621.32
2.617994	1.736875	3.023612	286	262	37	621.25
-1.832596	1.050534	3.042579	236	7	68	621.21
0.000000	1.367556	0.358405	11	60	41	620.96
-0.523599	2.455966	-0.641220	259	3	1	620.92
-1.047198	2.356369	3.005869	13	71	67	620.84
-2.879793	1.417623	-0.202254	3	77	40	620.83
2.356194	2.356369	3.005869	280	272	63	620.82
1.308997	0.866395	-2.492918	16	23	85	620.80
-1.570796	2.343981	-1.040456	223	38	8	620.59
0.000000	1.696674	-1.253233	293	46	18	620.59
2.094395	1.510910	-0.740472	44	23	45	620.58
-3.141593	1.736875	3.023612	10	11	42	620.54
-0.261799	1.721184	-0.153948	237	267	24	620.53
-0.261799	1.904882	-1.478089	1	46	23	620.50
2.356194	2.153910	-1.714959	33	56	25	620.46
-3.141593	2.041297	-2.664597	257	80	25	620.39
-0.261799	1.506530	1.988858	283	4	49	620.38
2.094395	1.335669	0.897240	272	30	46	620.26
-0.523599	0.379747	-1.713059	280	24	94	620.19
-2.356194	2.393226	1.857173	12	19	85	620.18
2.094395	1.736875	3.023612	255	258	34	620.05
0.000000	1.846342	-1.796954	276	270	36	619.97
2.356194	1.504028	0.636812	255	14	48	619.94
-0.261799	2.033014	2.977192	266	82	52	619.80
1.308997	0.899350	-2.069907	14	12	86	619.80
1.832596	1.948085	-2.363031	251	0	28	619.76
2.879793	2.063651	-2.044600	273	257	31	619.76
2.094395	1.617114	-1.572037	39	37	54	619.75
-0.785398	1.335669	0.897240	24	39	47	619.74
-1.047198	0.591903	2.010408	250	271	69	619.69
-2.094395	0.960688	-0.577532	2	271	1	619.68
0.261799	1.335669	0.897240	282	63	48	619.61
-3.141593	2.041297	-2.664597	8	290	35	619.48
1.308997	1.050534	3.042579	11	16	61	619.36
-3.141593	1.696674	-1.253233	268	264	17	619.35
-3.141593	1.113094	-0.272241	248	257	12	619.23
-0.261799	1.510910	-0.740472	9	31	19	619.21
-0.523599	1.506530	1.988858	290	72	54	619.20
-1.570796	2.001437	0.381215	28	285	75	619.19
2.879793	1.195355	1.200319	275	33	47	619.19
2.879793	1.658653	-2.409879	288	264	15	619.11
-0.261799	2.041297	-2.664597	278	86	35	619.09
-1.832596	2.033014	2.977192	243	20	25	618.96
-2.356194	1.554776	0.100351	262	68	25	618.82
0.261799	2.115563	0.685730	289	47	76	618.80
2.356194	1.014500	0.906702	237	281	33	618.76
-1.308997	2.033014	2.977192	265	25	36	618.74
2.094395	1.846342	-1.796954	40	45	43	618.73
2.356194	1.256302	0.062705	290	43	32	618.72
1.832596	0.419640	2.974122	3	52	87	618.72
0.785398	2.089241	-0.114193	277	66	64	618.71
1.570796	1.391910	3.030322	240	285	21	618.70
0.523599	1.504028	0.636812	4	262	18	618.61
-0.261799	1.574060	2.783565	283	268	38	618.57
0.261799	1.184361	0.625864	283	254	35	618.52
-1.308997	1.909857	-0.381669	287	5	24	618.50
-1.047198	2.174483	2.653697	12	71	68	618.40
-3.141593	1.256302	0.062705	20	76	44	618.37
-1.832596	1.310100	1.488307	233	25	31	618.36
-0.523599	2.187132	-0.479875	259	1	7	618.30
-0.523599	0.618092	2.539118	288	1	69	618.28
-1.570796	0.458961	-0.107937	253	46	80	618.15
0.000000	2.153910	-1.714959	287	69	35	618.01
2.356194	1.574060	2.783565	272	263	36	617.99
2.879793	0.831641	0.616218	283	46	47	617.93
0.785398	0.080730	-2.622036	285	43	91	617.91
-0.785398	1.554776	0.100351	2	7	33	617.90
1.308997	0.685216	-1.712745	0	6	89	617.79
-2.094395	0.571433	-1.188419	284	36	95	617.76
-1.047198	1.812176	0.656819	36	24	73	617.69
-0.261799	2.343981	-1.040456	33	64	58	617.64
-0.785398	1.741644	-2.695914	275	36	29	617.62
-0.523599	0.290380	-0.796960	259	22	85	617.61
1.570796	1.658653	-2.409879	38	23	47	617.57
-1.570796	2.588535	-2.976617	34	49	71	617.56
-3.141593	0.762244	-0.273349	19	57	76	617.54
-1.570796	1.699788	2.452890	248	8	37	617.50
-1.570796	2.138223	1.678323	12	31	82	617.48
2.617994	1.417623	-0.202254	250	6	29	617.46
0.523599	1.606104	-0.451151	286	77	33	617.42
-1.832596	0.080730	-2.622036	1	286	94	617.42
0.000000	1.256302	0.062705	252	257	44	617.40
-2.879793	1.658653	-2.409879	249	72	55	617.37
0.785398	1.488617	1.159546	242	64	65	617.32
0.523599	1.904882	-1.478089	267	69	24	617.21
2.356194	0.418037	1.360082	290	41	63	617.19
1.570796	0.080730	-2.622036	267	38	91	617.12
-0.785398	1.599406	1.426070	289	14	51	617.10
2.617994	1.569311	-3.003978	291	70	46	617.04
2.617994	2.592629	0.909713	32	285	37	616.96
-3.141593	2.153910	-1.714959	279	257	36	616.94
0.523599	1.417623	-0.202254	44	282	282	616.92
-0.523599	1.812176	0.656819	244	281	0	616.88
1.047198	2.404280	-0.174044	4	274	285	616.75
-1.308997	1.599406	1.426070	7	21	55	616.73
0.523599	1.417623	-0.202254	286	78	31	616.67
1.047198	0.685216	-1.712745	292	2	88	616.67
1.308997	1.617114	-1.572037	43	288	58	616.59
-2.617994	0.496451	0.593859	275	67	72	616.53
-2.356194	1.696674	-1.253233	256	61	40	616.51
-1.832596	1.413430	2.550734	232	12	42	616.47
2.617994	1.247695	1.809890	285	30	52	616.41
-3.141593	0.418037	1.360082	281	67	74	616.40
-1.308997	2.356369	3.005869	25	64	67	616.39
0.000000	1.510910	-0.740472	11	53	21	616.36
0.523599	2.153910	-1.714959	261	68	36	616.36
1.570796	0.906588	1.252948	272	29	46	616.36
-0.261799	2.251330	-2.330739	289	86	43	616.35
-1.047198	2.063651	-2.044600	287	34	23	616.35
-2.879793	0.290380	-0.796960	13	23	92	616.29
2.617994	2.164094	-2.991358	9	22	33	616.26
-3.141593	1.699788	2.452890	258	67	21	616.18
-0.261799	1.391910	3.030322	286	260	47	616.17
2.094395	2.724429	-0.348782	247	35	78	616.11
-2.617994	2.579248	-2.364801	241	57	293	616.07
1.570796	0.910508	1.903534	276	18	51	616.01
-1.832596	0.458961	-0.107937	262	52	81	615.99
-0.523599	0.762244	-0.273349	237	4	78	615.98
2.879793	0.961715	0.014085	279	41	37	615.94
-1.308997	1.247695	1.809890	272	10	52	615.83
-3.141593	1.014500	0.906702	279	60	44	615.81
0.785398	1.113094	-0.272241	273	79	14	615.74
0.785398	1.812176	0.656819	265	56	63	615.62
-0.785398	1.413430	2.550734	274	20	50	615.60
-1.570796	0.960688	-0.577532	241	43	69	615.55
-0.785398	1.413430	2.550734	274	19	50	615.52
1.570796	1.374601	-2.456031	41	35	68	615.44
-2.617994	1.554776	0.100351	273	8	35	615.39
-0.785398	2.704512	1.488683	273	15	85	615.38
-2.094395	1.870545	-2.976234	218	22	27	615.26
-0.785398	0.866955	-0.931351	243	10	80	615.17
-1.047198	1.310100	1.488307	36	56	51	615.15
2.879793	1.391910	3.030322	5	4	38	615.14
0.000000	0.700570	1.559208	293	269	61	615.10
1.570796	0.914445	2.687814	8	27	62	615.09
-1.047198	2.760637	2.781135	284	56	80	615.03
-0.261799	1.836682	-0.676006	8	36	26	614.98
-3.141593	2.041297	-2.664597	10	260	36	614.90
-1.570796	1.869911	2.701025	253	15	36	614.89
-0.785398	1.766067	2.153843	272	5	45	614.86
1.570796	1.574060	2.783565	268	3	43	614.81
-0.523599	2.153910	-1.714959	15	58	34	614.79
2.094395	1.134796	2.434290	283	6	47	614.70
2.356194	1.168678	2.108595	263	255	32	614.65
-0.261799	2.153910	-1.714959	283	41	26	614.59
-0.261799	1.766067	2.153843	271	66	62	614.43
-0.785398	1.948085	-2.363031	25	76	24	614.37
-0.785398	1.696674	-1.253233	278	18	18	614.35
0.000000	1.367556	0.358405	8	37	36	614.32
2.094395	1.440580	2.260026	258	275	44	614.26
-2.094395	0.458961	-0.107937	270	56	80	614.16
0.261799	1.836682	-0.676006	2	70	35	614.13
1.308997	1.569311	-3.003978	31	16	47	614.13
-0.261799	0.910508	1.903534	286	277	54	614.09
2.617994	1.413347	-1.339188	280	18	16	614.07
1.832596	2.180315	-1.357379	47	23	22	614.01
-0.523599	1.417623	-0.202254	21	36	28	613.94
-0.523599	2.456751	-1.503343	21	55	51	613.91
-1.570796	1.599406	1.426070	263	8	42	613.88
-1.047198	2.356369	3.005869	293	55	60	613.85
2.094395	0.297065	2.160177	291	40	75	613.84
-0.523599	1.555207	1.708892	293	51	56	613.78
-1.047198	0.591903	2.010408	257	276	70	613.54
0.000000	1.310100	1.488307	0	5	49	613.46
-1.570796	1.812176	0.656819	17	4	60	613.43
-0.523599	1.440580	2.260026	276	7	50	613.34
-0.523599	2.104282	-0.813972	32	45	43	613.33
-0.523599	2.138223	1.678323	285	45	81	613.19
-1.308997	1.869911	2.701025	267	26	43	613.14
1.570796	1.050534	3.042579	11	22	61	613.10
-2.356194	0.203748	0.590255	272	53	84	613.06
-2.094395	1.574060	2.783565	231	27	39	612.99
-0.261799	1.721184	-0.153948	27	53	44	612.99
-1.047198	1.766067	2.153843	292	39	55	612.98
2.879793	1.846342	-1.796954	267	261	19	612.96
0.523599	1.045978	0.343692	5	266	47	612.95
-0.261799	1.184361	0.625864	23	72	40	612.93
-1.047198	2.478122	2.609777	0	64	80	612.90
-0.785398	0.591903	2.010408	263	264	69	612.89
-2.356194	0.203748	0.590255	272	54	83	612.81
1.047198	1.846342	-1.796954	36	278	43	612.79
1.570796	1.325504	-1.671296	256	19	2	612.78
-2.879793	2.455966	-0.641220	5	72	291	612.73
2.879793	1.869911	2.701025	5	268	52	612.71
2.617994	0.591903	2.010408	285	53	66	612.69
-3.141593	1.658653	-2.409879	4	285	21	612.63
-2.617994	1.696674	-1.253233	268	68	41	612.62
2.879793	1.732874	-0.951685	23	68	40	612.56
0.261799	0.685216	-1.712745	288	10	100	612.55
1.832596	1.736875	3.023612	241	268	34	612.54
1.570796	0.370812	-2.547742	283	36	94	612.53
2.617994	1.413347	-1.339188	272	7	12	612.50
-0.261799	1.014500	0.906702	4	16	45	612.50
-1.570796	1.869911	2.701025	269	29	43	612.50
-2.617994	1.870545	-2.976234	227	54	26	612.44
-0.261799	1.721184	-0.153948	278	287	18	612.38
2.094395	2.396274	-1.959260	34	43	12	612.32
0.261799	1.135813	-2.658866	9	277	71	612.26
0.000000	1.014500	0.906702	5	21	45	612.23
0.261799	0.674054	1.013609	0	269	61	612.23
1.047198	1.128190	-2.288622	29	8	81	612.21
-1.570796	2.719179	-1.780644	236	23	289	612.20
-0.261799	2.041297	-2.664597	279	87	35	612.20
-0.523599	0.571433	-1.188419	261	15	90	612.19
1.832596	0.864993	2.278281	3	28	59	612.18
2.879793	1.658653	-2.409879	293	287	22	612.17
0.000000	0.571433	-1.188419	268	13	98	612.13
-1.308997	2.984978	1.954446	262	34	86	611.66
-0.261799	2.089241	-0.114193	266	288	6	611.63
-0.523599	1.510910	-0.740472	19	36	21	611.61
-0.785398	2.180315	-1.357379	282	23	17	611.55
-1.047198	1.242974	-2.977882	255	272	65	611.52
-0.785398	1.242974	-2.977882	266	266	65	611.51
-2.879793	2.033014	2.977192	244	60	14	611.46
2.356194	1.242974	-2.977882	7	59	63	611.34
2.879793	2.033014	2.977192	5	292	46	611.32
-1.570796	1.247695	1.809890	236	7	38	611.25
-2.879793	0.418037	1.360082	268	64	74	611.22
-0.261799	1.417623	-0.202254	17	42	28	611.14
0.261799	1.184361	0.625864	288	65	38	611.06
0.000000	1.872854	1.543456	276	48	69	610.98
2.617994	1.658653	-2.409879	275	265	15	610.98
-1.308997	1.977582	0.969896	26	18	82	610.92
-2.879793	1.732874	-0.951685	276	272	24	610.87
-0.785398	1.869911	2.701025	4	82	52	610.82
-0.261799	2.164094	-2.991358	270	82	50	610.80
-0.785398	2.153910	-1.714959	23	49	34	610.75
2.356194	1.574060	2.783565	285	288	42	610.75
-2.356194	2.588535	-2.976617	276	38	20	610.68
-3.141593	1.617114	-1.572037	276	264	9	610.65
-1.308997	2.104282	-0.813972	20	9	34	610.49
0.000000	1.025536	1.576859	1	285	50	610.48
-1.308997	0.290380	-0.796960	272	41	90	610.46
-2.356194	1.510910	-0.740472	262	77	52	610.42
-0.785398	2.174483	2.653697	289	69	66	610.37
1.832596	1.247695	1.809890	232	280	43	610.33
2.617994	2.349581	-2.702517	290	287	43	610.31
-1.308997	2.356369	3.005869	25	63	67	610.31
-1.308997	1.766067	2.153843	271	16	48	610.24
0.261799	0.379747	-1.713059	278	21	96	610.24
-0.261799	1.836682	-0.676006	15	44	31	610.21
2.879793	1.510910	-0.740472	236	266	18	610.05
-2.356194	1.440580	2.260026	233	39	34	610.04
-2.094395	1.045978	0.343692	245	66	47	609.93
-0.523599	2.349581	-2.702517	290	68	53	609.91
-1.832596	1.736875	3.023612	243	21	38	609.85
1.832596	0.992645	-1.723759	17	24	89	609.82
0.261799	2.187132	-0.479875	8	66	59	609.79
-1.308997	1.440580	2.260026	268	15	50	609.78
2.356194	1.184361	0.625864	253	12	39	609.77
-2.879793	2.187132	-0.479875	5	78	7	609.77
2.617994	1.367556	0.358405	254	7	39	609.75
2.617994	1.310100	1.488307	265	263	51	609.75
-1.832596	2.187132	-0.479875	288	1	29	609.72
-0.785398	1.218453	2.777284	265	254	51	609.70
-2.617994	1.732874	-0.951685	273	70	36	609.70
2.356194	2.251330	-2.330739	21	64	19	609.70
-0.523599	0.700570	1.559208	2	19	52	609.70
2.617994	1.413430	2.550734	283	261	36	609.62
-1.308997	1.506530	1.988858	267	10	48	609.57
0.000000	2.579248	-2.364801	270	59	57	609.54
-0.261799	1.050534	3.042579	288	269	64	609.45
2.617994	1.545873	-1.877082	15	62	58	609.43
-1.047198	1.247695	1.809890	17	46	45	609.43
2.094395	1.413347	-1.339188	279	20	16	609.43
-1.047198	1.662363	0.915448	37	33	69	609.39
-1.047198	1.134497	-1.109631	235	12	76	609.27
2.356194	1.014500	0.906702	236	281	33	609.16
-0.261799	1.014500	0.906702	262	263	42	609.12
-2.617994	0.203748	0.590255	281	55	84	609.11
1.308997	1.135813	-2.658866	35	28	76	609.05
2.094395	1.195355	1.200319	272	26	48	609.04
-3.141593	1.413347	-1.339188	275	285	9	608.96
2.879793	0.674054	1.013609	270	23	47	608.86
-0.261799	1.504028	0.636812	16	53	52	608.86
-0.523599	0.831641	0.616218	4	10	41	608.83
2.879793	1.736875	3.023612	5	264	38	608.79
-1.308997	1.168678	2.108595	273	15	54	608.76
1.308997	1.134796	2.434290	263	11	42	608.67
-2.356194	1.417623	-0.202254	262	30	26	608.63
-2.617994	1.413347	-1.339188	33	263	267	608.62
0.000000	1.256302	0.062705	7	20	32	608.50
0.261799	1.433411	-1.035986	292	20	19	608.38
-1.832596	1.506530	1.988858	264	20	48	608.38
-0.261799	0.571433	-1.188419	262	10	91	608.33
-0.261799	1.555207	1.708892	287	2	46	608.31
-2.356194	1.732874	-0.951685	259	65	35	608.30
1.832596	1.218453	2.777284	13	33	56	608.26
-0.261799	1.335669	0.897240	3	12	44	608.12
-0.261799	2.664082	-1.071402	254	278	288	608.11
2.356194	1.699788	2.452890	270	250	51	608.10
-2.617994	0.290380	-0.796960	12	29	93	608.04
-1.047198	1.812176	0.656819	35	25	73	607.97
2.094395	2.063651	-2.044600	29	36	26	607.92
-2.879793	1.606104	-0.451151	271	274	31	607.90
1.308997	2.979456	-1.009304	261	50	79	607.72
2.356194	0.591903	2.010408	293	53	66	607.61
-3.141593	1.014500	0.906702	270	28	45	607.59
2.617994	1.113094	-0.272241	255	13	20	607.57
-2.879793	1.504028	0.636812	272	52	26	607.56
-1.832596	1.869911	2.701025	272	33	43	607.56
-3.141593	1.417623	-0.202254	10	69	38	607.55
-1.570796	1.440580	2.260026	255	10	46	607.54
2.879793	0.700570	1.559208	281	53	59	607.51
1.832596	2.579248	-2.364801	32	41	3	607.50
0.000000	1.335669	0.897240	281	261	28	607.49
-0.785398	1.168678	2.108595	260	258	42	607.47
2.356194	1.869911	2.701025	275	266	51	607.46
2.617994	1.413430	2.550734	289	1	46	607.42
-2.879793	0.906588	1.252948	266	68	50	607.42
-0.523599	1.766067	2.153843	282	45	56	607.41
0.523599	1.335669	0.897240	12	271	29	607.39
-0.261799	1.417623	-0.202254	290	1	26	607.35
1.308997	2.089241	-0.114193	22	277	1	607.30
-1.047198	1.736875	3.023612	256	291	41	607.30
-1.047198	1.872854	1.543456	19	47	78	607.29
2.356194	1.699788	2.452890	273	268	51	607.25
1.308997	2.379497	0.561089	270	41	92	607.24
-1.308997	2.588535	-2.976617	25	59	71	607.24
2.617994	0.674054	1.013609	273	28	48	607.16
-3.141593	1.113094	-0.272241	20	69	61	607.12
-2.356194	0.496451	0.593859	260	54	69	607.09
-1.832596	0.960688	-0.577532	252	57	76	607.04
2.356194	0.297065	2.160177	285	41	75	607.02
-1.570796	2.108018	1.311430	9	278	239	606.98
2.356194	1.617114	-1.572037	32	50	53	606.90
2.094395	1.741644	-2.695914	293	6	30	606.89
-2.879793	2.104282	-0.813972	292	82	19	606.87
1.832596	1.413430	2.550734	17	37	49	606.79
-1.308997	1.812176	0.656819	36	12	73	606.71
2.094395	2.153910	-1.714959	29	32	21	606.70
0.523599	0.700570	1.559208	267	42	33	606.64
0.523599	1.510910	-0.740472	285	76	19	606.63
-1.308997	1.050534	3.042579	249	279	68	606.57
2.879793	1.195355	1.200319	267	277	43	606.53
-0.261799	0.571433	-1.188419	267	18	98	606.50
1.308997	1.168678	2.108595	263	17	46	606.43
1.570796	1.214854	-1.966664	30	16	75	606.30
-1.047198	1.812176	0.656819	36	25	73	606.25
-1.308997	1.113094	-0.272241	224	32	56	606.15
-1.308997	2.295480	1.008277	8	14	90	606.04
1.308997	0.866395	-2.492918	20	28	88	606.04
2.356194	2.164094	-2.991358	272	265	50	605.89
-1.570796	0.080730	-2.622036	8	290	94	605.86
-0.785398	1.504028	0.636812	2	9	42	605.72
1.570796	0.733948	3.021411	17	44	79	605.67
2.617994	1.247695	1.809890	271	253	43	605.65
-1.047198	2.115563	0.685730	23	17	84	605.57
-1.308997	2.396274	-1.959260	243	16	13	605.50
-1.570796	2.033014	2.977192	264	28	36	605.50
2.356194	0.618092	2.539118	288	49	70	605.48
-2.879793	0.709924	0.218797	292	69	66	605.47
-0.261799	1.875281	0.107086	239	271	7	605.43
-1.570796	1.574060	2.783565	244	6	41	605.41
0.000000	2.041297	-2.664597	267	40	35	605.41
-2.356194	1.045978	0.343692	256	50	42	605.38
-0.261799	2.180315	-1.357379	11	55	36	605.37
-1.047198	1.736875	3.023612	260	9	40	605.34
-3.141593	1.836682	-0.676006	276	18	22	605.33
-0.261799	0.906588	1.252948	273	264	50	605.31
2.617994	1.909857	-0.381669	226	285	54	605.22
-1.047198	1.721184	-0.153948	292	5	29	605.16
2.094395	1.310100	1.488307	236	274	52	605.13
-0.785398	1.736875	3.023612	290	59	38	605.12
0.000000	1.606104	-0.451151	13	53	30	605.06
1.832596	1.218453	2.777284	14	33	56	605.04
-0.523599	2.456751	-1.503343	263	10	10	604.99
-0.261799	1.909857	-0.381669	261	280	16	604.94
-0.785398	0.914445	2.687814	275	289	64	604.93
-1.308997	2.456751	-1.503343	228	16	7	604.92
-2.879793	1.696674	-1.253233	284	17	18	604.91
-1.047198	1.736875	3.023612	281	38	42	604.90
-2.094395	1.998705	2.370472	265	30	39	604.85
-0.261799	2.180315	-1.357379	15	63	39	604.84
0.000000	2.041297	-2.664597	265	65	38	604.83
1.832596	1.391910	3.030322	267	287	31	604.73
-2.094395	1.875281	0.107086	278	0	35	604.68
0.523599	2.180315	-1.357379	270	70	39	604.60
-1.308997	1.569311	-3.003978	238	278	47	604.57
0.000000	2.115563	0.685730	4	45	79	604.53
-1.047198	2.393226	1.857173	288	42	88	604.52
1.570796	1.413430	2.550734	21	29	49	604.47
2.879793	1.413347	-1.339188	268	289	9	604.42
0.261799	1.506530	1.988858	34	274	15	604.38
-1.308997	1.488617	1.159546	24	25	54	604.29
-0.785398	1.812176	0.656819	32	37	73	604.25
-2.356194	0.496451	0.593859	260	53	69	604.24
2.356194	1.025536	1.576859	291	40	52	604.20
-0.523599	2.379497	0.561089	65	285	31	604.20
2.879793	1.113094	-0.272241	255	1	19	604.17
1.308997	1.448123	-2.163292	42	13	68	604.13
2.617994	1.256302	0.062705	252	9	30	604.05
2.094395	1.045978	0.343692	272	33	36	604.03
-1.570796	0.914445	2.687814	241	288	67	603.81
2.356194	1.184361	0.625864	253	11	39	603.78
-3.141593	2.349581	-2.702517	11	265	53	603.66
2.879793	1.909857	-0.381669	12	52	15	603.59
1.308997	1.741644	-2.695914	31	12	41	603.53
-0.523599	1.824694	1.850876	288	61	70	603.46
-1.047198	1.506530	1.988858	270	6	48	603.42
-0.261799	1.504028	0.636812	15	53	52	603.40
-1.570796	0.615174	-0.666022	257	43	83	603.39
2.879793	0.700570	1.559208	0	80	58	603.38
1.308997	1.448123	-2.163292	43	13	67	603.34
1.308997	0.929350	-2.910676	18	21	72	603.27
-0.261799	2.115563	0.685730	11	40	81	603.23
-3.141593	0.831641	0.616218	265	14	39	603.22
0.000000	1.998705	2.370472	7	20	25	603.20
-2.879793	1.242974	-2.977882	240	60	62	603.15
-2.356194	1.194549	-0.801900	268	69	70	603.12
1.570796	2.404280	-0.174044	250	50	73	602.96
-1.308997	0.458961	-0.107937	246	31	76	602.93
2.094395	0.733948	3.021411	3	43	72	602.90
-2.879793	1.417623	-0.202254	288	68	36	602.89
-0.523599	1.617114	-1.572037	14	48	13	602.88
1.308997	1.135834	-1.431087	283	19	14	602.82
-1.047198	1.247695	1.809890	262	285	45	602.80
0.261799	2.104282	-0.813972	7	78	49	602.80
1.832596	0.864993	2.278281	293	24	58	602.53
-0.261799	1.256302	0.062705	6	15	32	602.53
-1.308997	2.349581	-2.702517	245	4	15	602.42
-2.356194	2.349581	-2.702517	233	45	9	602.36
-0.261799	1.510910	-0.740472	14	43	21	602.36
-0.523599	1.599406	1.426070	7	55	61	602.36
-0.523599	1.440580	2.260026	276	8	50	602.32
-0.523599	0.571433	-1.188419	261	16	91	602.31
-3.141593	1.756530	-2.105156	290	260	14	602.27
-0.261799	1.440580	2.260026	285	268	37	602.19
-1.570796	1.218453	2.777284	229	282	50	602.10
2.617994	0.961715	0.014085	253	12	23	602.06
-2.617994	1.367556	0.358405	267	13	37	602.02
0.785398	1.510910	-0.740472	270	75	20	602.00
-3.141593	2.164094	-2.991358	5	31	33	601.96
2.617994	1.168678	2.108595	278	250	32	601.94
-2.094395	1.872854	1.543456	271	18	48	601.94
2.617994	1.504028	0.636812	265	22	42	601.91
-2.094395	0.831641	0.616218	245	48	54	601.90
0.523599	1.875281	0.107086	284	65	57	601.87
-1.047198	0.906588	1.252948	293	13	49	601.83
2.879793	2.456751	-1.503343	9	44	9	601.82
2.094395	2.153910	-1.714959	2	17	17	601.80
2.879793	1.014500	0.906702	289	59	44	601.73
-1.308997	1.574060	2.783565	271	29	46	601.72
-2.879793	1.014500	0.906702	281	272	33	601.69
0.000000	2.104282	-0.813972	13	249	270	601.69
-2.617994	1.721184	-0.153948	273	60	20	601.67
-1.047198	1.247695	1.809890	18	47	45	601.61
2.094395	1.545873	-1.877082	281	11	17	601.55
-2.879793	1.982574	-1.115518	282	275	31	601.53
-0.785398	0.379747	-1.713059	281	25	95	601.50
-3.141593	1.846342	-1.796954	290	286	21	601.49
2.094395	1.658653	-2.409879	262	286	19	601.42
0.523599	1.510910	-0.740472	286	59	21	601.18
-2.094395	0.496451	0.593859	255	64	74	601.13
2.617994	1.658653	-2.409879	279	278	19	601.03
0.261799	1.836682	-0.676006	293	21	21	600.95
-1.047198	2.295480	1.008277	6	21	93	600.91
-1.308997	1.256302	0.062705	223	23	33	600.90
2.094395	1.998705	2.370472	68	33	242	600.87
2.094395	0.914445	2.687814	0	23	57	600.85
-0.523599	1.824694	1.850876	282	18	54	600.85
2.094395	0.733948	3.021411	2	54	79	600.75
-1.832596	1.134796	2.434290	221	6	46	600.73
1.570796	1.617114	-1.572037	48	11	61	600.67
-1.308997	0.571433	-1.188419	265	32	91	600.66
2.356194	2.863997	0.549740	275	39	89	600.66
-2.617994	1.554776	0.100351	269	49	23	600.66
-2.617994	0.674054	1.013609	262	71	61	600.66
-2.094395	1.732874	-0.951685	2	287	21	600.62
0.261799	1.683268	0.374177	280	261	13	600.62
-2.879793	1.836682	-0.676006	1	83	32	600.58
2.356194	2.153910	-1.714959	15	28	18	600.54
1.308997	0.618092	2.539118	25	34	75	600.52
-3.141593	1.696674	-1.253233	268	263	17	600.41
-3.141593	1.696674	-1.253233	283	18	18	600.35
-1.308997	1.812176	0.656819	35	12	72	600.34
1.832596	1.982574	-1.115518	46	16	29	600.33
-2.617994	1.194549	-0.801900	281	67	64	600.31
-0.785398	1.247695	1.809890	291	26	51	600.24
1.308997	1.448123	-2.163292	38	9	65	600.20
-1.570796	1.168678	2.108595	287	24	53	600.18
2.617994	0.297065	2.160177	276	42	74	600.17
-1.047198	0.615174	-0.666022	248	28	84	600.11
1.047198	0.992645	-1.723759	12	288	81	600.08
1.832596	1.247695	1.809890	231	280	43	600.06
0.261799	1.809167	1.213774	271	67	83	599.98
1.570796	2.063651	-2.044600	47	23	31	599.93
-2.617994	0.496451	0.593859	274	66	72	599.82
-2.879793	1.301460	-0.509251	267	258	16	599.79
-3.141593	1.417623	-0.202254	254	262	32	599.74
2.879793	1.696674	-1.253233	17	69	47	599.68
2.879793	1.113094	-0.272241	260	11	22	599.65
2.617994	0.674054	1.013609	271	26	47	599.61
2.617994	2.251330	-2.330739	12	39	20	599.55
-1.047198	2.001437	0.381215	37	16	80	599.53
-1.570796	1.555207	1.708892	262	8	43	599.40
-3.141593	1.554776	0.100351	282	50	23	599.39
-2.617994	1.301460	-0.509251	281	251	16	599.38
-0.785398	1.766067	2.153843	292	50	57	599.37
-3.141593	1.184361	0.625864	266	10	40	599.30
-1.832596	2.579248	-2.364801	233	20	0	599.17
-0.261799	2.404280	-0.174044	254	289	288	599.06
0.000000	1.617114	-1.572037	286	44	15	599.05
-1.308997	1.014500	0.906702	32	22	35	598.99
2.617994	1.658653	-2.409879	10	55	45	598.96
-2.879793	1.450119	-2.739050	242	64	58	598.88
-1.832596	2.251330	-2.330739	227	26	19	598.87
1.832596	1.741644	-2.695914	42	55	44	598.85
1.832596	1.050534	3.042579	10	28	61	598.81
0.261799	1.982574	-1.115518	289	71	33	598.80
2.094395	2.033014	2.977192	14	26	35	598.80
2.094395	1.014500	0.906702	269	28	43	598.76
-1.047198	2.704512	1.488683	273	18	86	598.75
0.000000	2.456751	-1.503343	292	65	51	598.67
-0.523599	2.251330	-2.330739	12	82	43	598.66
0.523599	1.448123	-2.163292	268	21	20	598.65
-1.308997	2.349581	-2.702517	250	13	19	598.65
2.879793	2.343981	-1.040456	23	69	9	598.62
2.094395	2.456751	-1.503343	28	31	7	598.55
-1.047198	0.914445	2.687814	260	270	66	598.52
-0.523599	2.041297	-2.664597	1	86	35	598.52
-3.141593	1.875281	0.107086	8	66	10	598.52
-0.261799	0.910508	1.903534	283	262	52	598.42
-0.523599	0.290380	-0.796960	258	22	84	598.42
0.000000	2.001437	0.381215	11	53	71	598.38
-1.308997	2.001437	0.381215	31	3	74	598.37
-1.570796	0.864993	2.278281	265	11	61	598.32
-3.141593	1.413347	-1.339188	270	270	3	598.27
0.523599	1.904882	-1.478089	268	70	24	598.27
-0.785398	2.187132	-0.479875	37	26	55	598.24
-0.523599	1.658653	-2.409879	274	36	25	598.12
0.000000	1.440580	2.260026	268	45	47	598.10
1.047198	0.419640	2.974122	10	28	82	598.00
0.785398	1.417623	-0.202254	270	76	31	597.97
2.617994	1.301460	-0.509251	252	7	19	597.86
-2.617994	1.683268	0.374177	273	9	40	597.82
-3.141593	2.251330	-2.330739	266	83	19	597.80
-1.047198	2.349581	-2.702517	28	69	54	597.76
-1.570796	2.349581	-2.702517	265	30	23	597.55
-1.047198	1.824694	1.850876	18	57	72	597.53
1.308997	1.374601	-2.456031	43	21	68	597.52
2.879793	2.180315	-1.357379	248	257	43	597.49
-2.617994	1.836682	-0.676006	276	40	16	597.48
-2.617994	2.704512	1.488683	286	26	89	597.47
1.832596	2.153910	-1.714959	45	31	25	597.44
1.047198	1.448123	-2.163292	33	292	65	597.39
-2.617994	2.637879	2.121598	14	24	86	597.33
-0.523599	1.256302	0.062705	41	50	31	597.29
2.879793	1.184361	0.625864	253	268	39	597.05
-1.832596	0.458961	-0.107937	261	51	80	597.03
2.356194	1.510910	-0.740472	219	2	18	596.99
-0.523599	1.766067	2.153843	283	52	57	596.91
2.356194	2.251330	-2.330739	20	48	20	596.87
2.356194	1.617114	-1.572037	232	280	3	596.81
1.308997	1.214854	-1.966664	31	9	80	596.76
0.261799	1.683268	0.374177	292	66	56	596.75
1.570796	0.831641	0.616218	276	36	38	596.70
0.785398	0.619654	-2.216909	3	17	94	596.70
0.000000	1.683268	0.374177	14	68	62	596.69
-0.523599	2.164094	-2.991358	277	58	45	596.69
-0.523599	1.606104	-0.451151	36	44	31	596.69
1.047198	1.325504	-1.671296	24	281	69	596.66
-1.047198	1.555207	1.708892	27	59	62	596.65
2.356194	1.766067	2.153843	269	256	64	596.52
-0.785398	1.998705	2.370472	292	69	67	596.46
-2.617994	0.496451	0.593859	274	67	72	596.42
2.879793	1.904882	-1.478089	253	258	23	596.38
-2.879793	1.045978	0.343692	273	262	27	596.33
-0.261799	1.741644	-2.695914	269	33	31	596.25
-1.570796	1.599406	1.426070	236	11	17	596.18
-1.047198	1.335669	0.897240	28	29	47	596.17
-2.356194	1.113094	-0.272241	291	264	15	596.16
-2.879793	1.045978	0.343692	274	263	27	596.12
2.617994	0.591903	2.010408	277	40	62	596.12
0.000000	2.089241	-0.114193	262	272	5	596.08
-1.832596	1.450119	-2.739050	224	8	59	596.07
0.000000	0.370812	-2.547742	292	18	88	595.96
2.879793	2.251330	-2.330739	281	255	43	595.96
1.047198	1.617114	-1.572037	30	274	53	595.75
1.832596	1.658653	-2.409879	255	292	19	595.74
2.879793	1.948085	-2.363031	288	281	29	595.71
0.261799	1.014500	0.906702	1	264	45	595.68
2.617994	1.417623	-0.202254	250	7	29	595.63
-1.047198	1.413430	2.550734	274	23	50	595.56
-0.261799	2.251330	-2.330739	286	72	43	595.52
-1.832596	1.256302	0.062705	235	57	41	595.50
-0.785398	1.391910	3.030322	264	283	52	595.41
-0.785398	0.571433	-1.188419	260	22	91	595.37
2.094395	1.025536	1.576859	267	12	46	595.35
-1.047198	0.910508	1.903534	276	5	56	595.33
1.832596	1.025536	1.576859	264	17	45	595.32
-2.879793	2.637879	2.121598	15	16	86	595.31
-2.094395	1.721184	-0.153948	252	61	22	595.28
1.308997	0.709924	0.218797	13	25	47	595.25
-1.832596	2.637879	2.121598	2	40	86	595.18
-3.141593	1.875281	0.107086	293	57	11	595.14
-0.261799	1.869911	2.701025	284	267	24	595.09
-3.141593	2.089241	-0.114193	20	67	3	595.06
1.308997	0.992645	-1.723759	18	5	87	595.03
0.000000	2.063651	-2.044600	274	44	27	595.01
-0.523599	2.579248	-2.364801	6	76	63	595.01
0.523599	2.153910	-1.714959	261	67	36	594.97
-2.617994	1.741644	-2.695914	231	58	42	594.96
0.000000	1.310100	1.488307	293	292	46	594.90
0.261799	0.685216	-1.712745	288	9	100	594.80
1.832596	0.864993	2.278281	19	46	60	594.77
2.356194	1.488617	1.159546	271	21	50	594.70
-3.141593	0.850607	-1.335383	5	43	95	594.66
-2.356194	0.961715	0.014085	264	72	57	594.59
2.617994	2.033014	2.977192	288	248	52	594.55
-0.785398	2.396274	-1.959260	16	51	44	594.53
-2.879793	1.504028	0.636812	267	20	41	594.51
-2.879793	2.881233	-2.582574	272	39	289	594.46
0.261799	0.831641	0.616218	7	24	42	594.39
-1.047198	0.733948	3.021411	269	266	79	594.36
1.832596	0.831641	0.616218	272	34	38	594.32
1.047198	1.367556	0.358405	27	272	30	594.22
-0.261799	1.367556	0.358405	14	31	37	594.18
2.617994	1.617114	-1.572037	22	61	54	594.17
-2.094395	0.618092	2.539118	229	13	71	594.16
-1.308997	1.699788	2.452890	25	60	51	594.15
0.261799	1.113094	-0.272241	265	258	62	594.12
1.832596	0.591903	2.010408	286	24	59	594.12
2.094395	2.863997	0.549740	282	40	91	594.09
-0.523599	1.948085	-2.363031	282	45	28	594.09
-2.617994	2.089241	-0.114193	277	44	8	594.06
-3.141593	0.458961	-0.107937	19	47	83	594.01
-0.261799	2.073035	2.027405	266	59	78	593.99
-0.785398	2.356369	3.005869	293	75	67	593.94
1.047198	2.724429	-0.348782	282	58	84	593.84
0.523599	2.115563	0.685730	282	50	84	593.84
2.356194	1.658653	-2.409879	267	273	17	593.79
0.523599	1.504028	0.636812	278	53	46	593.77
2.879793	2.356369	3.005869	8	274	63	593.77
-2.356194	1.683268	0.374177	3	21	274	593.71
0.000000	1.606104	-0.451151	7	37	25	593.65
2.094395	1.510910	-0.740472	45	24	47	593.56
0.261799	1.374601	-2.456031	7	268	63	593.52
1.047198	2.001437	0.381215	258	60	79	593.52
-2.617994	2.299159	2.264663	278	35	40	593.44
0.785398	1.045978	0.343692	14	266	47	593.43
-1.308997	2.164094	-2.991358	261	21	29	593.28
0.523599	1.335669	0.897240	13	283	32	593.28
0.000000	2.456751	-1.503343	272	278	8	593.28
-1.832596	2.041297	-2.664597	224	17	27	593.26
-1.047198	2.295480	1.008277	7	20	92	593.25
1.308997	0.831641	0.616218	280	37	38	593.02
-0.261799	1.617114	-1.572037	292	44	15	592.99
-2.094395	1.606104	-0.451151	251	61	33	592.97
-0.261799	1.025536	1.576859	278	261	45	592.84
-0.523599	1.846342	-1.796954	272	17	21	592.83
-1.832596	2.637879	2.121598	1	39	85	592.79
1.308997	1.488617	1.159546	226	37	65	592.74
1.832596	1.440580	2.260026	248	283	45	592.73
2.879793	2.153910	-1.714959	5	29	17	592.70
2.617994	1.184361	0.625864	254	292	38	592.70
1.570796	0.419640	2.974122	9	46	87	592.65
2.879793	1.504028	0.636812	266	17	42	592.62
-2.879793	1.998705	2.370472	284	33	44	592.53
-1.047198	1.836682	-0.676006	24	17	31	592.52
-0.261799	2.396274	-1.959260	267	293	15	592.45
-0.785398	2.041297	-2.664597	18	80	35	592.38
-0.785398	1.721184	-0.153948	283	5	22	592.31
-2.617994	1.904882	-1.478089	3	271	24	592.20
2.617994	1.510910	-0.740472	291	35	22	592.18
2.356194	1.982574	-1.115518	220	289	35	592.10
-1.047198	2.041297	-2.664597	266	26	29	592.09
-1.308997	2.164094	-2.991358	263	26	30	592.05
1.570796	1.113094	-0.272241	228	53	10	591.97
2.356194	0.929350	-2.910676	0	47	72	591.93
-2.356194	2.349581	-2.702517	234	44	10	591.69
2.879793	0.458961	-0.107937	26	37	83	591.57
-2.094395	0.709924	0.218797	254	61	66	591.52
0.261799	1.440580	2.260026	13	271	31	591.50
-1.308997	2.164094	-2.991358	246	292	21	591.46
-1.047198	1.218453	2.777284	261	288	56	591.43
-2.617994	1.510910	-0.740472	284	251	19	591.42
2.094395	1.135813	-2.658866	17	41	67	591.38
0.000000	1.846342	-1.796954	279	42	20	591.34
1.570796	1.050534	3.042579	11	23	61	591.27
-1.570796	2.104282	-0.813972	15	2	33	591.26
2.879793	1.736875	3.023612	274	73	33	591.25
-1.047198	2.396274	-1.959260	28	45	46	591.24
-0.523599	1.606104	-0.451151	21	34	28	591.17
2.617994	1.194549	-0.801900	247	1	6	591.13
1.570796	1.247695	1.809890	238	10	43	591.12
-1.570796	1.025536	1.576859	236	10	47	591.06
-0.785398	2.251330	-2.330739	281	38	29	591.06
-2.617994	0.674054	1.013609	261	46	57	591.02
1.308997	2.724429	-0.348782	271	57	84	591.02
-0.523599	2.063651	-2.044600	278	35	22	590.96
-1.047198	0.379747	-1.713059	279	24	89	590.92
-2.356194	1.998705	2.370472	270	33	40	590.90
0.523599	1.135813	-2.658866	289	287	55	590.88
0.000000	2.396274	-1.959260	284	83	50	590.86
-0.261799	1.617114	-1.572037	10	63	10	590.86
-1.308997	1.699788	2.452890	259	9	42	590.73
0.000000	1.606104	-0.451151	3	18	24	590.72
-2.879793	1.982574	-1.115518	285	17	19	590.59
-0.261799	0.709924	0.218797	275	287	53	590.58
2.356194	1.335669	0.897240	257	9	47	590.58
-0.261799	0.831641	0.616218	19	59	22	590.56
0.785398	1.982574	-1.115518	5	51	291	590.56
2.094395	1.184361	0.625864	261	30	38	590.52
-2.879793	1.413347	-1.339188	280	286	9	590.47
-0.261799	2.664082	-1.071402	253	280	288	590.40
1.832596	1.846342	-1.796954	51	34	46	590.31
-1.832596	1.050534	3.042579	236	8	68	590.25
-1.832596	1.870545	-2.976234	223	12	31	590.22
-2.617994	0.290380	-0.796960	11	29	92	590.22
-2.094395	0.929350	-2.910676	245	20	79	590.19
2.356194	1.195355	1.200319	273	23	48	590.18
-2.617994	0.370812	-2.547742	53	293	252	590.15
-0.523599	2.033014	2.977192	276	56	48	590.14
0.523599	1.982574	-1.115518	278	77	35	590.08
2.617994	1.836682	-0.676006	224	281	40	590.07
-2.879793	2.349581	-2.702517	243	65	6	590.06
-3.141593	1.756530	-2.105156	3	33	26	590.06
-2.356194	2.349581	-2.702517	228	40	7	590.03
1.832596	0.640596	-2.797608	293	33	82	590.03
1.570796	1.168678	2.108595	259	8	43	590.02
-2.356194	2.104282	-0.813972	260	78	19	589.99
0.523599	2.456751	-1.503343	268	66	53	589.94
0.000000	0.290380	-0.796960	258	23	95	589.92
-1.308997	1.766067	2.153843	270	16	47	589.82
1.832596	0.914445	2.687814	6	31	62	589.82
2.617994	1.045978	0.343692	282	42	39	589.82
0.000000	0.906588	1.252948	1	285	50	589.78
2.617994	2.349581	-2.702517	8	19	28	589.73
-3.141593	1.721184	-0.153948	10	69	22	589.70
-1.047198	0.914445	2.687814	257	263	64	589.68
2.617994	1.510910	-0.740472	35	53	48	589.63
2.879793	2.592629	0.909713	31	282	36	589.61
2.879793	0.297065	2.160177	273	63	83	589.55
0.261799	0.674054	1.013609	0	270	60	589.49
2.879793	2.251330	-2.330739	291	285	36	589.49
-2.094395	0.496451	0.593859	254	63	74	589.49
0.523599	1.732874	-0.951685	281	77	25	589.44
-0.523599	1.870545	-2.976234	288	72	36	589.42
0.261799	1.904882	-1.478089	281	72	24	589.38
-0.261799	1.948085	-2.363031	276	45	28	589.36
-0.261799	1.696674	-1.253233	4	43	18	589.34
0.000000	1.683268	0.374177	12	65	59	589.32
1.308997	1.218453	2.777284	17	19	56	589.31
-0.785398	1.134796	2.434290	266	259	51	589.30
-1.832596	0.850607	-1.335383	262	36	91	589.26
-3.141593	1.510910	-0.740472	14	71	47	589.25
0.523599	1.488617	1.159546	256	63	57	589.25
-2.879793	2.396274	-1.959260	6	261	49	589.19
0.523599	1.554776	0.100351	3	270	25	589.15
-2.879793	1.756530	-2.105156	257	78	54	589.13
-1.570796	1.569311	-3.003978	229	290	47	589.13
-1.570796	1.875281	0.107086	281	1	31	589.10
1.047198	1.367556	0.358405	25	284	31	589.07
1.832596	0.640596	-2.797608	0	41	87	589.03
-3.141593	1.195355	1.200319	278	274	43	589.02
2.356194	0.674054	1.013609	282	34	52	588.96
-0.785398	1.504028	0.636812	12	20	44	588.85
2.617994	1.045978	0.343692	253	7	30	588.84
-1.047198	0.910508	1.903534	241	267	50	588.82
-3.141593	1.869911	2.701025	293	30	43	588.82
-3.141593	1.391910	3.030322	9	291	32	588.74
2.879793	1.869911	2.701025	5	267	52	588.65
1.570796	1.741644	-2.695914	32	23	41	588.54
2.094395	0.831641	0.616218	228	9	20	588.52
-2.094395	1.870545	-2.976234	217	22	27	588.44
-2.879793	0.203748	0.590255	286	51	80	588.40
2.879793	1.869911	2.701025	5	266	52	588.38
-0.261799	1.014500	0.906702	4	17	45	588.31
0.523599	1.506530	1.988858	22	277	25	588.25
-0.523599	1.045978	0.343692	16	26	31	588.21
-1.047198	1.195355	1.200319	25	34	44	588.21
-0.523599	2.760637	2.781135	264	50	80	588.18
1.308997	0.866395	-2.492918	21	27	88	588.18
1.832596	1.869911	2.701025	245	268	52	588.18
-2.879793	2.164094	-2.991358	248	63	15	588.14
-3.141593	2.356369	3.005869	252	59	288	588.11
0.523599	0.700570	1.559208	15	285	60	588.09
-1.832596	2.033014	2.977192	242	19	25	588.08
-1.832596	0.831641	0.616218	232	43	52	588.05
-0.523599	1.301460	-0.509251	291	10	24	587.97
-1.832596	2.760637	2.781135	19	46	84	587.97
-1.570796	2.001437	0.381215	26	286	73	587.91
-2.356194	0.709924	0.218797	267	68	66	587.90
0.000000	1.909857	-0.381669	271	275	16	587.88
1.570796	1.904882	-1.478089	54	8	43	587.87
-2.879793	1.413347	-1.339188	281	278	7	587.83
-1.308997	1.869911	2.701025	257	11	37	587.75
-1.570796	2.063651	-2.044600	228	22	31	587.72
1.570796	1.448123	-2.163292	42	27	68	587.70
-1.047198	0.866955	-0.931351	242	21	80	587.69
-2.094395	1.741644	-2.695914	219	27	43	587.67
-1.047198	1.696674	-1.253233	4	23	18	587.64
2.879793	1.948085	-2.363031	4	18	26	587.62
-1.047198	2.881233	-2.582574	16	57	80	587.62
-0.523599	1.367556	0.358405	5	12	37	587.59
0.523599	1.554776	0.100351	3	269	25	587.58
-3.141593	1.510910	-0.740472	251	259	19	587.54
-0.785398	2.295480	1.008277	4	26	92	587.53
0.261799	1.977582	0.969896	280	51	78	587.29
2.356194	1.448123	-2.163292	272	290	13	587.27
2.879793	2.396274	-1.959260	272	261	49	587.23
-3.141593	1.904882	-1.478089	293	81	41	587.19
-0.785398	2.637879	2.121598	269	37	82	587.17
0.000000	1.256302	0.062705	10	36	29	587.17
1.570796	1.413347	-1.339188	41	2	66	587.10
2.094395	0.591903	2.010408	285	24	59	586.96
2.617994	0.866955	-0.931351	28	33	89	586.95
0.261799	1.194549	-0.801900	3	52	10	586.92
0.000000	2.180315	-1.357379	3	70	40	586.90
1.570796	1.045978	0.343692	281	40	36	586.90
1.047198	2.187132	-0.479875	262	61	55	586.85
-0.261799	2.455966	-0.641220	265	292	1	586.68
0.523599	1.599406	1.426070	250	56	61	586.63
2.094395	1.218453	2.777284	10	38	56	586.63
1.308997	0.864993	2.278281	39	32	62	586.53
-0.523599	0.960688	-0.577532	237	288	70	586.46
1.308997	1.256302	0.062705	232	64	30	586.45
2.879793	0.906588	1.252948	285	59	50	586.45
-0.785398	1.696674	-1.253233	265	13	21	586.44
-0.523599	1.554776	0.100351	289	3	27	586.36
-0.785398	2.456751	-1.503343	29	45	51	586.35
-0.785398	2.251330	-2.330739	254	1	20	586.34
0.523599	2.343981	-1.040456	35	244	264	586.30
-0.261799	1.756530	-2.105156	284	48	21	586.30
-0.523599	1.195355	1.200319	17	60	44	586.27
0.261799	1.014500	0.906702	5	280	44	586.27
1.832596	1.025536	1.576859	281	27	52	586.27
-1.570796	1.824694	1.850876	25	32	67	586.25
-2.356194	1.606104	-0.451151	275	1	22	586.14
2.356194	1.134796	2.434290	286	7	46	586.13
-3.141593	2.356369	3.005869	251	60	288	586.04
-2.879793	1.836682	-0.676006	280	41	16	586.01
2.617994	2.456751	-1.503343	17	43	9	585.98
-2.094395	0.961715	0.014085	253	65	58	585.96
1.570796	0.496451	0.593859	29	10	70	585.84
0.000000	1.433411	-1.035986	289	16	20	585.72
0.000000	1.948085	-2.363031	288	253	34	585.60
1.047198	1.846342	-1.796954	35	278	42	585.59
-0.523599	1.417623	-0.202254	40	45	30	585.55
1.832596	1.391910	3.030322	272	288	34	585.47
-2.617994	1.904882	-1.478089	3	272	24	585.46
2.879793	1.335669	0.897240	271	26	46	585.42
0.523599	1.554776	0.100351	285	249	25	585.40
2.094395	1.545873	-1.877082	258	2	11	585.32
-2.879793	1.732874	-0.951685	22	269	276	585.31
2.617994	2.881233	-2.582574	287	280	72	585.31
-0.261799	2.089241	-0.114193	252	279	5	585.22
-2.094395	2.760637	2.781135	24	36	82	585.21
2.879793	1.113094	-0.272241	244	283	15	585.21
0.785398	1.450119	-2.739050	7	286	48	585.20
-2.617994	1.982574	-1.115518	291	270	32	585.19
-1.832596	1.721184	-0.153948	262	18	21	585.19
-2.356194	2.138223	1.678323	15	8	81	585.19
-2.617994	1.417623	-0.202254	277	72	38	585.15
-2.617994	1.417623	-0.202254	283	83	42	585.14
-0.523599	0.370812	-2.547742	1	9	91	585.11
-2.879793	2.180315	-1.357379	284	258	41	585.11
2.879793	2.033014	2.977192	6	267	51	585.10
-1.570796	2.349581	-2.702517	231	3	10	585.06
-1.832596	1.242974	-2.977882	227	3	63	585.06
0.261799	2.247462	0.191623	6	51	75	584.98
0.785398	2.187132	-0.479875	274	65	55	584.97
-2.879793	2.187132	-0.479875	291	58	7	584.96
1.570796	1.658653	-2.409879	37	23	47	584.96
-3.141593	1.545873	-1.877082	289	288	13	584.94
1.570796	0.910508	1.903534	277	18	51	584.91
-2.094395	1.875281	0.107086	256	47	12	584.86
1.570796	1.134796	2.434290	285	12	52	584.84
0.000000	1.872854	1.543456	276	47	68	584.76
-0.785398	0.615174	-0.666022	250	27	90	584.67
-2.879793	2.251330	-2.330739	250	76	19	584.64
-0.523599	2.063651	-2.044600	278	34	22	584.63
0.000000	1.555207	1.708892	291	288	41	584.61
-2.879793	1.242974	-2.977882	3	21	31	584.58
0.523599	1.113094	-0.272241	289	80	14	584.53
-2.879793	2.379497	0.561089	27	261	28	584.51
0.000000	2.153910	-1.714959	288	72	36	584.43
-2.879793	2.180315	-1.357379	285	259	41	584.40
0.523599	2.104282	-0.813972	280	68	43	584.36
0.261799	2.180315	-1.357379	278	288	14	584.24
2.617994	1.982574	-1.115518	32	61	29	584.17
-2.617994	1.569311	-3.003978	228	53	43	584.15
-1.308997	2.104282	-0.813972	19	10	34	584.02
-2.879793	2.579248	-2.364801	251	67	293	583.92
1.570796	1.413430	2.550734	20	30	49	583.91
2.617994	1.247695	1.809890	276	280	45	583.90
2.617994	2.164094	-2.991358	8	23	33	583.87
-2.094395	1.134497	-1.109631	257	54	79	583.81
-2.879793	2.041297	-2.664597	242	71	25	583.80
-0.785398	1.977582	0.969896	20	37	83	583.78
-1.047198	1.809167	1.213774	27	40	77	583.77
-0.785398	0.831641	0.616218	227	288	56	583.61
-2.356194	1.836682	-0.676006	261	80	32	583.57
-1.047198	1.195355	1.200319	44	49	46	583.56
-1.047198	2.396274	-1.959260	267	24	16	583.47
2.617994	1.836682	-0.676006	21	47	22	583.46
0.261799	1.417623	-0.202254	2	53	28	583.45
-0.261799	1.506530	1.988858	283	3	49	583.45
-0.785398	1.504028	0.636812	16	21	47	583.42
-1.570796	2.592629	0.909713	283	7	98	583.41
-1.308997	1.135813	-2.658866	257	8	67	583.31
0.000000	0.961715	0.014085	21	72	14	583.28
0.261799	1.696674	-1.253233	288	59	19	583.23
-2.617994	2.187132	-0.479875	283	79	7	583.21
1.047198	1.135834	-1.431087	16	278	73	583.20
-0.261799	0.370812	-2.547742	290	15	86	583.17
-0.785398	2.187132	-0.479875	38	26	56	583.13
-1.047198	1.872854	1.543456	20	47	78	583.06
2.356194	1.658653	-2.409879	283	291	24	583.06
-0.261799	1.433411	-1.035986	6	35	14	583.01
1.832596	1.870545	-2.976234	293	6	35	582.99
1.832596	1.756530	-2.105156	251	4	19	582.95
2.617994	1.869911	2.701025	289	248	52	582.89
-1.308997	1.569311	-3.003978	236	279	47	582.84
-1.308997	1.242974	-2.977882	244	281	65	582.82
1.570796	2.979456	-1.009304	255	41	77	582.82
1.308997	1.450119	-2.739050	27	13	52	582.76
-0.785398	1.658653	-2.409879	277	35	25	582.75
1.832596	2.396274	-1.959260	41	34	13	582.72
2.879793	1.870545	-2.976234	3	287	36	582.71
-1.047198	0.850607	-1.335383	253	15	88	582.69
2.879793	1.606104	-0.451151	234	266	34	582.64
-0.261799	2.153910	-1.714959	276	21	19	582.63
-2.094395	1.113094	-0.272241	252	66	56	582.63
2.617994	0.640596	-2.797608	267	50	87	582.57
0.261799	1.113094	-0.272241	9	73	14	582.49
-0.785398	2.456751	-1.503343	239	284	7	582.49
2.617994	2.863997	0.549740	269	36	86	582.40
-1.570796	2.299159	2.264663	21	49	83	582.29
-1.570796	0.929350	-2.910676	246	284	79	582.26
-2.356194	0.961715	0.014085	266	71	58	582.23
1.570796	2.041297	-2.664597	15	11	29	582.23
-2.094395	1.488617	1.159546	259	15	39	582.22
-1.047198	1.721184	-0.153948	7	12	31	582.21
-2.617994	1.904882	-1.478089	263	67	32	582.19
2.879793	2.863997	0.549740	266	31	86	582.15
1.570796	0.899350	-2.069907	15	18	85	582.00
-2.879793	1.504028	0.636812	274	287	48	581.93
2.879793	2.174483	2.653697	270	65	5	581.90
-2.094395	1.555207	1.708892	250	23	36	581.88
-0.261799	2.180315	-1.357379	11	56	36	581.86
1.308997	0.496451	0.593859	25	1	70	581.80
0.523599	1.721184	-0.153948	286	75	46	581.79
2.356194	2.104282	-0.813972	220	3	51	581.78
-0.785398	1.836682	-0.676006	9	20	25	581.65
2.094395	0.297065	2.160177	292	41	76	581.64
-0.785398	1.766067	2.153843	3	67	62	581.60
2.094395	2.104282	-0.813972	219	21	51	581.60
0.000000	0.618092	2.539118	7	283	73	581.39
-2.356194	1.569311	-3.003978	222	38	44	581.39
2.879793	1.433411	-1.035986	243	270	5	581.37
1.308997	2.089241	-0.114193	254	51	54	581.37
1.308997	1.218453	2.777284	265	5	39	581.34
-0.523599	1.599406	1.426070	6	54	61	581.25
-2.094395	1.450119	-2.739050	224	26	59	581.21
-1.832596	2.984978	1.954446	272	41	83	581.19
2.879793	1.413347	-1.339188	267	289	9	581.16
-2.617994	1.450119	-2.739050	232	53	58	581.16
0.261799	1.875281	0.107086	276	264	10	581.12
1.308997	1.135834	-1.431087	24	289	81	581.04
-1.570796	1.413430	2.550734	246	5	45	580.95
0.523599	2.356369	3.005869	231	46	68	580.95
-1.047198	1.310100	1.488307	37	56	51	580.71
-1.047198	1.504028	0.636812	27	23	50	580.70
2.356194	1.846342	-1.796954	31	57	42	580.68
-2.879793	1.335669	0.897240	270	52	34	580.67
-0.785398	1.184361	0.625864	29	35	38	580.66
0.261799	0.906588	1.252948	5	266	49	580.64
0.785398	0.640596	-2.797608	10	13	82	580.62
-0.785398	2.174483	2.653697	291	75	68	580.60
1.832596	1.134497	-1.109631	282	25	16	580.57
-0.523599	2.041297	-2.664597	2	86	35	580.57
-3.141593	1.875281	0.107086	293	55	12	580.56
2.617994	2.104282	-0.813972	270	13	27	580.56
0.785398	0.297065	2.160177	17	16	79	580.53
-1.570796	2.033014	2.977192	247	13	30	580.50
-3.141593	2.588535	-2.976617	253	59	285	580.46
-1.832596	0.929350	-2.910676	246	8	79	580.36
2.094395	1.045978	0.343692	247	23	29	580.27
-3.141593	1.440580	2.260026	292	6	49	580.16
0.523599	2.343981	-1.040456	35	243	264	580.15
2.094395	1.310100	1.488307	270	17	50	580.14
1.832596	1.310100	1.488307	286	31	51	580.12
-3.141593	0.297065	2.160177	262	58	83	580.04
1.832596	0.733948	3.021411	16	53	80	579.98
1.570796	0.297065	2.160177	11	37	79	579.93
-1.832596	1.506530	1.988858	265	20	48	579.93
0.261799	1.510910	-0.740472	5	61	21	579.89
-1.047198	1.606104	-0.451151	217	17	40	579.86
-0.261799	2.108018	1.311430	284	46	87	579.86
0.261799	1.510910	-0.740472	0	20	21	579.82
-2.879793	1.846342	-1.796954	2	261	19	579.82
-2.617994	1.909857	-0.381669	283	83	20	579.76
-0.261799	0.591903	2.010408	291	260	69	579.75
-2.094395	2.356369	3.005869	279	37	34	579.71
-0.523599	0.418037	1.360082	269	280	72	579.67
1.832596	2.063651	-2.044600	28	21	25	579.64
-1.308997	1.440580	2.260026	40	65	43	579.64
-1.308997	1.683268	0.374177	15	8	47	579.62
2.356194	1.696674	-1.253233	38	46	46	579.46
0.523599	0.831641	0.616218	3	265	54	579.44
0.000000	0.906588	1.252948	285	70	30	579.37
1.832596	1.135834	-1.431087	29	16	82	579.36
2.879793	0.709924	0.218797	17	54	65	579.35
2.879793	0.906588	1.252948	273	23	49	579.33
-2.879793	1.448123	-2.163292	258	69	71	579.32
-2.617994	0.906588	1.252948	258	47	50	579.31
2.094395	1.732874	-0.951685	46	28	40	579.30
-1.570796	2.251330	-2.330739	226	9	19	579.29
2.356194	2.719179	-1.780644	22	44	292	579.28
2.094395	0.418037	1.360082	17	43	72	579.27
0.000000	2.187132	-0.479875	272	286	7	579.27
-1.570796	1.870545	-2.976234	243	14	34	579.17
-2.879793	1.606104	-0.451151	3	82	39	579.15
-1.832596	1.977582	0.969896	24	0	86	579.15
-0.523599	2.041297	-2.664597	293	73	38	579.14
-2.617994	1.374601	-2.456031	240	55	70	579.11
-0.785398	1.310100	1.488307	23	62	51	579.04
-0.785398	0.615174	-0.666022	247	19	83	579.02
0.523599	1.194549	-0.801900	1	16	23	579.00
0.000000	2.187132	-0.479875	271	278	7	578.98
-0.523599	1.301460	-0.509251	20	34	19	578.97
1.047198	2.247462	0.191623	269	58	82	578.94
1.832596	1.870545	-2.976234	20	24	35	578.87
2.617994	2.104282	-0.813972	12	38	11	578.84
2.617994	0.297065	2.160177	283	61	83	578.75
1.570796	1.569311	-3.003978	238	286	22	578.67
-3.141593	1.948085	-2.363031	4	284	29	578.67
2.617994	1.367556	0.358405	254	9	39	578.64
-3.141593	2.180315	-1.357379	0	48	14	578.54
-0.523599	2.664082	-1.071402	245	289	288	578.54
1.308997	2.404280	-0.174044	259	59	77	578.43
1.832596	2.180315	-1.357379	216	24	43	578.36
2.356194	2.579248	-2.364801	16	58	3	578.32
0.000000	1.194549	-0.801900	7	43	12	578.18
-1.832596	2.881233	-2.582574	40	29	83	578.16
-1.047198	1.440580	2.260026	269	11	50	578.11
0.523599	1.977582	0.969896	271	49	77	578.08
-2.617994	0.615174	-0.666022	3	49	87	578.04
-3.141593	1.836682	-0.676006	276	19	22	577.98
0.785398	1.504028	0.636812	255	75	62	577.97
0.261799	2.089241	-0.114193	281	275	6	577.80
2.617994	2.180315	-1.357379	234	269	43	577.77
-2.617994	1.367556	0.358405	266	49	30	577.76
-3.141593	2.033014	2.977192	9	2	46	577.62
-1.047198	2.396274	-1.959260	26	44	45	577.57
1.047198	1.135834	-1.431087	70	250	32	577.52
0.785398	1.335669	0.897240	23	267	24	577.51
1.832596	1.569311	-3.003978	244	274	19	577.51
-1.832596	2.033014	2.977192	244	20	26	577.44
2.094395	2.174483	2.653697	269	276	64	577.43
-0.785398	2.478122	2.609777	280	59	77	577.42
-0.523599	2.115563	0.685730	18	35	86	577.41
2.879793	1.168678	2.108595	280	55	51	577.37
2.879793	1.836682	-0.676006	290	41	16	577.31
-1.047198	2.041297	-2.664597	280	37	31	577.22
1.570796	0.929350	-2.910676	21	39	79	577.16
0.261799	1.982574	-1.115518	283	4	15	577.14
0.261799	1.904882	-1.478089	280	49	23	577.02
0.000000	1.824694	1.850876	283	5	45	577.01
1.570796	1.869911	2.701025	14	18	40	576.93
0.000000	1.134497	-1.109631	264	267	78	576.89
0.000000	0.571433	-1.188419	265	4	91	576.89
-1.047198	1.836682	-0.676006	8	16	25	576.89
-1.308997	1.721184	-0.153948	16	3	36	576.88
2.617994	1.617114	-1.572037	286	17	18	576.85
2.879793	1.510910	-0.740472	237	268	19	576.85
1.047198	1.617114	-1.572037	34	275	58	576.77
0.261799	0.961715	0.014085	8	79	14	576.70
1.308997	0.914445	2.687814	10	21	62	576.66
-0.523599	1.870545	-2.976234	288	86	33	576.65
-0.785398	1.599406	1.426070	288	13	51	576.65
-2.879793	1.721184	-0.153948	271	272	43	576.57
-0.523599	1.766067	2.153843	284	51	57	576.57
-1.570796	1.721184	-0.153948	12	293	36	576.53
-2.617994	1.050534	3.042579	230	44	64	576.53
2.356194	1.617114	-1.572037	274	10	15	576.49
-1.047198	1.554776	0.100351	49	19	48	576.45
-0.261799	1.025536	1.576859	279	261	45	576.44
-1.047198	1.554776	0.100351	7	11	34	576.41
0.261799	0.080730	-2.622036	2	39	91	576.40
0.523599	1.658653	-2.409879	281	286	32	576.40
1.308997	1.699788	2.452890	236	7	51	576.38
0.000000	2.180315	-1.357379	11	80	42	576.33
1.308997	1.025536	1.576859	264	28	45	576.32
2.094395	1.696674	-1.253233	275	20	18	576.31
-1.308997	2.396274	-1.959260	269	28	16	576.29
-2.356194	0.961715	0.014085	265	72	58	576.27
-2.617994	1.184361	0.625864	0	260	40	576.19
-2.094395	2.588535	-2.976617	3	30	43	576.15
2.094395	2.063651	-2.044600	27	33	26	576.13
0.261799	0.929350	-2.910676	12	286	77	576.01
2.617994	0.914445	2.687814	283	67	67	575.89
-2.356194	1.045978	0.343692	258	38	40	575.86
0.261799	2.063651	-2.044600	269	40	27	575.86
1.570796	1.413430	2.550734	19	26	49	575.84
-2.617994	1.554776	0.100351	268	3	32	575.80
-1.308997	1.050534	3.042579	247	273	67	575.80
1.308997	1.658653	-2.409879	50	19	54	575.79
-0.523599	1.741644	-2.695914	285	65	26	575.74
2.617994	2.033014	2.977192	292	289	46	575.74
-2.879793	2.456751	-1.503343	287	262	54	575.70
0.000000	2.251330	-2.330739	271	66	43	575.66
-0.523599	1.506530	1.988858	291	72	54	575.64
1.832596	1.025536	1.576859	2	34	53	575.64
2.617994	1.433411	-1.035986	265	13	14	575.64
0.000000	0.910508	1.903534	3	277	55	575.58
0.000000	1.909857	-0.381669	271	274	16	575.54
2.879793	1.870545	-2.976234	1	257	34	575.45
1.047198	1.440580	2.260026	215	18	41	575.35
1.570796	2.881233	-2.582574	22	34	284	575.34
-0.523599	1.606104	-0.451151	35	43	31	575.33
0.785398	1.683268	0.374177	13	266	13	575.33
-3.141593	0.910508	1.903534	271	48	56	575.32
2.356194	2.863997	0.549740	276	39	91	575.29
-0.785398	1.809167	1.213774	18	43	74	575.26
-0.261799	0.831641	0.616218	7	15	42	575.24
-0.523599	1.488617	1.159546	6	35	53	575.23
-0.523599	2.664082	-1.071402	245	288	288	575.21
-3.141593	1.545873	-1.877082	288	287	13	575.20
1.832596	1.134497	-1.109631	235	33	281	575.19
-1.570796	0.864993	2.278281	236	291	61	575.19
-2.617994	1.194549	-0.801900	282	70	69	575.18
0.000000	0.591903	2.010408	3	277	68	575.17
-2.356194	1.555207	1.708892	253	29	35	575.16
0.261799	1.045978	0.343692	293	81	26	575.15
1.047198	1.325504	-1.671296	27	282	74	575.09
1.047198	0.850607	-1.335383	3	283	82	575.04
-3.141593	1.606104	-0.451151	264	2	27	575.04
1.308997	0.496451	0.593859	281	33	37	574.95
-3.141593	1.195355	1.200319	277	274	43	574.95
2.617994	2.863997	0.549740	270	36	89	574.90
-0.523599	1.756530	-2.105156	277	33	21	574.89
-0.523599	0.831641	0.616218	5	11	42	574.89
0.523599	1.433411	-1.035986	291	18	20	574.87
-1.308997	1.683268	0.374177	293	5	40	574.86
-1.047198	1.555207	1.708892	28	59	62	574.78
1.308997	1.374601	-2.456031	42	21	68	574.76
2.356194	1.367556	0.358405	251	15	39	574.74
-2.094395	0.290380	-0.796960	285	41	84	574.74
2.356194	1.870545	-2.976234	289	290	37	574.68
1.832596	1.168678	2.108595	235	273	32	574.54
-0.523599	2.295480	1.008277	2	29	92	574.53
-2.356194	1.242974	-2.977882	226	33	62	574.49
1.570796	2.724429	-0.348782	260	50	78	574.47
0.785398	0.619654	-2.216909	39	265	271	574.44
-3.141593	1.732874	-0.951685	10	74	39	574.40
-1.570796	0.929350	-2.910676	250	0	79	574.40
2.617994	1.184361	0.625864	263	19	39	574.32
-2.879793	2.063651	-2.044600	288	39	20	574.29
0.000000	1.413347	-1.339188	290	41	11	574.25
2.879793	2.455966	-0.641220	28	57	292	574.23
-2.094395	1.391910	3.030322	220	20	48	574.19
2.094395	0.418037	1.360082	18	44	72	574.15
1.047198	1.909857	-0.381669	259	62	44	574.09
-0.523599	1.736875	3.023612	270	31	41	574.05
-3.141593	1.050534	3.042579	2	18	40	574.01
0.523599	1.510910	-0.740472	286	58	21	573.99
-1.047198	2.115563	0.685730	22	18	84	573.97
0.000000	2.063651	-2.044600	273	38	27	573.88
-2.356194	2.592629	0.909713	34	274	31	573.88
2.094395	1.506530	1.988858	253	270	54	573.74
-1.047198	1.195355	1.200319	26	36	44	573.69
-2.617994	1.014500	0.906702	253	289	9	573.67
-3.141593	2.455966	-0.641220	17	65	292	573.57
-1.047198	1.488617	1.159546	11	24	53	573.53
0.000000	2.247462	0.191623	264	281	288	573.49
-1.308997	1.599406	1.426070	29	32	62	573.47
2.356194	1.846342	-1.796954	234	271	15	573.46
-1.570796	1.948085	-2.363031	246	26	32	573.42
-0.523599	1.391910	3.030322	257	263	11	573.32
1.308997	0.831641	0.616218	281	37	39	573.31
-1.308997	0.591903	2.010408	261	2	66	573.26
-1.570796	2.760637	2.781135	11	53	84	573.22
0.785398	1.683268	0.374177	15	288	18	573.22
-2.617994	2.637879	2.121598	15	23	87	573.22
-1.832596	1.391910	3.030322	227	8	51	573.21
1.570796	1.846342	-1.796954	54	18	47	573.20
-0.523599	1.195355	1.200319	267	275	38	573.18
0.261799	2.396274	-1.959260	267	63	47	573.14
-2.879793	2.174483	2.653697	288	35	39	573.05
-2.617994	1.875281	0.107086	278	69	10	573.03
1.832596	0.496451	0.593859	30	19	70	573.02
-1.832596	1.134796	2.434290	221	7	46	573.01
2.617994	2.343981	-1.040456	35	59	10	573.00
1.047198	1.374601	-2.456031	41	8	68	572.88
-0.261799	0.379747	-1.713059	280	24	96	572.84
0.000000	1.617114	-1.572037	287	45	15	572.83
-0.785398	1.982574	-1.115518	6	25	22	572.81
1.570796	1.135813	-2.658866	32	39	76	572.75
-0.523599	0.831641	0.616218	5	10	42	572.72
-2.879793	1.948085	-2.363031	16	265	27	572.69
-0.523599	1.184361	0.625864	36	62	40	572.65
-1.570796	0.709924	0.218797	235	36	62	572.62
-2.617994	1.836682	-0.676006	277	84	32	572.61
-2.094395	2.984978	1.954446	280	44	87	572.60
2.094395	1.756530	-2.105156	231	277	9	572.57
-2.356194	1.510910	-0.740472	5	252	19	572.56
0.785398	2.104282	-0.813972	268	68	44	572.54
2.094395	1.869911	2.701025	262	270	52	572.50
1.832596	1.417623	-0.202254	218	37	32	572.50
-0.261799	2.356369	3.005869	265	77	68	572.50
-1.047198	1.555207	1.708892	271	3	46	572.44
2.617994	1.433411	-1.035986	251	292	12	572.38
-2.879793	2.664082	-1.071402	293	42	1	572.38
0.523599	1.045978	0.343692	293	262	47	572.32
-3.141593	2.404280	-0.174044	3	42	293	572.23
-1.832596	0.203748	0.590255	255	37	80	572.20
-2.356194	1.367556	0.358405	258	63	31	572.19
2.617994	0.961715	0.014085	284	41	37	572.19
2.879793	1.417623	-0.202254	235	265	32	572.14
0.785398	1.617114	-1.572037	257	57	10	572.11
1.308997	1.569311	-3.003978	21	11	47	572.10
-0.785398	1.506530	1.988858	274	4	48	572.10
0.523599	2.478122	2.609777	235	26	77	572.07
-2.094395	2.187132	-0.479875	283	293	28	572.07
-2.356194	2.251330	-2.330739	228	51	19	572.05
1.308997	0.864993	2.278281	275	12	49	572.03
1.832596	0.297065	2.160177	6	42	79	572.03
0.785398	2.174483	2.653697	224	23	65	571.96
-1.047198	2.153910	-1.714959	29	40	34	571.94
2.094395	1.301460	-0.509251	43	21	52	571.93
1.832596	1.195355	1.200319	273	29	48	571.91
-1.570796	1.440580	2.260026	266	19	50	571.88
1.832596	0.418037	1.360082	23	36	72	571.75
0.261799	2.979456	-1.009304	9	53	84	571.72
-2.879793	1.836682	-0.676006	273	271	34	571.65
-3.141593	1.846342	-1.796954	282	259	19	571.57
-0.523599	1.812176	0.656819	27	48	74	571.54
2.094395	2.063651	-2.044600	19	23	23	571.53
-1.570796	1.050534	3.042579	237	284	67	571.52
2.094395	1.168678	2.108595	247	262	32	571.49
2.356194	0.674054	1.013609	273	29	47	571.48
0.785398	0.080730	-2.622036	285	44	91	571.45
1.308997	1.696674	-1.253233	44	279	52	571.45
-0.261799	0.674054	1.013609	261	265	60	571.35
-1.047198	0.700570	1.559208	236	278	59	571.24
1.308997	0.831641	0.616218	281	38	39	571.20
-0.523599	1.168678	2.108595	275	272	47	571.18
-1.047198	1.310100	1.488307	270	292	45	571.15
-0.523599	1.195355	1.200319	258	265	34	571.12
-2.879793	1.948085	-2.363031	16	264	27	571.12
2.617994	2.180315	-1.357379	10	34	14	571.12
-1.308997	2.108018	1.311430	15	27	87	571.10
-1.308997	1.506530	1.988858	35	56	54	571.08
-2.094395	1.732874	-0.951685	247	58	35	571.01
2.094395	1.247695	1.809890	243	268	43	570.97
-0.261799	1.545873	-1.877082	287	44	14	570.94
2.094395	2.180315	-1.357379	34	32	18	570.91
0.000000	2.393226	1.857173	259	35	91	570.89
-1.308997	0.458961	-0.107937	245	31	75	570.88
-0.785398	1.025536	1.576859	20	61	35	570.85
-0.785398	2.349581	-2.702517	292	54	46	570.82
-0.261799	1.301460	-0.509251	29	52	17	570.80
-0.523599	2.033014	2.977192	282	83	52	570.76
1.308997	1.574060	2.783565	233	4	36	570.75
-2.879793	2.637879	2.121598	16	16	88	570.70
-0.785398	1.367556	0.358405	2	7	37	570.68
-2.617994	1.741644	-2.695914	231	59	43	570.65
-1.308997	2.073035	2.027405	16	50	78	570.64
-2.879793	1.045978	0.343692	266	6	33	570.62
-2.879793	1.721184	-0.153948	290	70	22	570.62
0.785398	1.194549	-0.801900	275	69	4	570.60
1.047198	1.374601	-2.456031	237	24	291	570.60
-1.308997	1.875281	0.107086	39	0	62	570.56
-3.141593	1.732874	-0.951685	279	18	19	570.54
-0.785398	0.910508	1.903534	259	263	53	570.53
-2.094395	1.242974	-2.977882	225	18	63	570.52
-2.356194	1.683268	0.374177	262	43	19	570.50
-2.617994	1.699788	2.452890	238	50	25	570.49
-2.617994	1.696674	-1.253233	267	69	42	570.44
2.094395	1.658653	-2.409879	29	48	48	570.40
-1.047198	0.290380	-0.796960	267	38	90	570.32
0.261799	1.135813	-2.658866	9	278	72	570.21
0.261799	0.370812	-2.547742	25	273	230	570.19
-2.356194	1.732874	-0.951685	259	66	36	570.15
0.523599	2.719179	-1.780644	263	53	61	570.08
-0.261799	1.440580	2.260026	279	4	50	570.03
1.570796	1.413347	-1.339188	42	2	67	569.89
-1.308997	0.960688	-0.577532	234	33	70	569.85
-0.785398	1.506530	1.988858	279	11	51	569.82
2.617994	0.297065	2.160177	278	41	75	569.82
1.832596	2.349581	-2.702517	19	21	20	569.73
1.308997	1.374601	-2.456031	32	11	62	569.72
-0.785398	2.153910	-1.714959	22	47	34	569.69
2.094395	2.033014	2.977192	15	27	35	569.67
-0.261799	1.699788	2.452890	267	71	51	569.65
2.094395	1.433411	-1.035986	224	17	6	569.63
-2.356194	0.203748	0.590255	273	54	84	569.61
2.879793	2.664082	-1.071402	15	48	290	569.59
-3.141593	2.089241	-0.114193	9	60	5	569.51
2.094395	0.831641	0.616218	250	19	29	569.50
2.356194	2.180315	-1.357379	37	48	21	569.50
0.785398	1.875281	0.107086	272	67	61	569.39
-2.879793	0.929350	-2.910676	244	47	78	569.35
0.261799	1.045978	0.343692	293	82	26	569.31
2.094395	1.450119	-2.739050	24	51	57	569.28
-0.785398	2.356369	3.005869	284	56	60	569.27
1.308997	1.168678	2.108595	236	14	36	569.25
0.000000	1.721184	-0.153948	285	286	18	569.23
0.785398	1.448123	-2.163292	268	17	20	569.22
-0.523599	2.073035	2.027405	277	62	78	569.22
-3.141593	1.756530	-2.105156	290	279	19	569.14
-0.523599	2.033014	2.977192	276	49	46	569.12
-0.785398	2.089241	-0.114193	36	24	62	569.08
2.094395	1.247695	1.809890	242	267	43	569.08
-0.785398	1.195355	1.200319	258	282	38	569.05
1.570796	1.168678	2.108595	226	287	32	569.03
1.570796	0.733948	3.021411	11	33	73	569.02
2.356194	1.875281	0.107086	255	22	46	569.01
-2.879793	2.881233	-2.582574	251	48	277	568.94
1.570796	0.866395	-2.492918	16	36	88	568.93
0.523599	2.724429	-0.348782	9	52	82	568.92
2.617994	0.910508	1.903534	290	56	56	568.91
2.094395	1.218453	2.777284	16	54	55	568.87
-1.047198	1.662363	0.915448	36	34	69	568.85
0.785398	0.992645	-1.723759	45	264	272	568.81
-0.261799	2.033014	2.977192	268	59	51	568.78
-0.785398	1.870545	-2.976234	258	258	32	568.77
1.832596	1.391910	3.030322	268	286	31	568.76
-1.570796	1.998705	2.370472	267	24	44	568.76
2.879793	1.488617	1.159546	273	15	50	568.75
-3.141593	1.134796	2.434290	1	1	42	568.67
-1.047198	1.977582	0.969896	23	29	83	568.61
0.523599	1.812176	0.656819	275	59	64	568.55
2.094395	1.045978	0.343692	272	32	37	568.46
-0.523599	1.014500	0.906702	244	270	41	568.32
1.832596	2.393226	1.857173	61	5	253	568.29
2.094395	1.195355	1.200319	244	3	43	568.26
0.000000	1.756530	-2.105156	277	67	17	568.24
-1.570796	1.569311	-3.003978	230	292	48	568.11
2.094395	1.025536	1.576859	240	276	34	568.11
-3.141593	1.870545	-2.976234	10	292	37	568.11
0.000000	2.379497	0.561089	10	34	94	568.10
2.356194	0.419640	2.974122	276	46	84	568.08
0.523599	0.674054	1.013609	12	273	61	568.05
-3.141593	1.836682	-0.676006	262	276	34	568.02
-0.261799	0.419640	2.974122	1	1	81	567.94
0.261799	0.831641	0.616218	283	263	54	567.87
-0.523599	1.699788	2.452890	282	56	50	567.83
0.000000	0.080730	-2.622036	293	33	85	567.80
1.047198	1.875281	0.107086	20	260	7	567.78
-0.785398	0.674054	1.013609	235	280	61	567.74
-1.570796	2.104282	-0.813972	15	0	32	567.73
0.785398	2.455966	-0.641220	292	268	291	567.72
2.617994	1.699788	2.452890	285	267	51	567.70
-0.261799	1.574060	2.783565	288	256	34	567.69
1.570796	2.881233	-2.582574	23	35	284	567.69
-2.094395	2.760637	2.781135	25	37	84	567.69
0.261799	1.128190	-2.288622	0	277	75	567.68
-1.308997	0.709924	0.218797	231	23	61	567.60
-2.879793	1.617114	-1.572037	287	275	12	567.59
0.000000	0.850607	-1.335383	270	285	92	567.58
1.308997	0.929350	-2.910676	32	33	79	567.56
-2.617994	2.251330	-2.330739	237	65	19	567.54
1.570796	1.869911	2.701025	13	18	40	567.47
0.000000	1.510910	-0.740472	19	69	20	567.37
-2.617994	2.379497	0.561089	32	260	26	567.33
0.000000	2.295480	1.008277	289	35	95	567.30
-1.308997	2.478122	2.609777	10	60	80	567.26
1.308997	0.080730	-2.622036	271	35	87	567.24
0.785398	1.242974	-2.977882	7	293	57	567.24
-1.832596	1.218453	2.777284	228	6	54	567.24
1.308997	2.979456	-1.009304	262	52	84	567.21
-0.523599	1.824694	1.850876	288	60	70	567.19
1.308997	1.574060	2.783565	23	18	46	567.19
-0.261799	1.335669	0.897240	11	58	47	567.18
-1.047198	0.762244	-0.273349	235	29	78	567.15
-3.141593	0.203748	0.590255	290	47	79	567.14
-0.261799	0.929350	-2.910676	286	277	72	567.11
-1.570796	2.760637	2.781135	9	50	81	567.01
-0.523599	1.569311	-3.003978	270	32	35	567.00
-2.094395	0.866395	-2.492918	256	23	87	566.97
0.000000	2.396274	-1.959260	285	84	51	566.94
-2.617994	1.736875	3.023612	233	52	31	566.76
-0.785398	1.574060	2.783565	263	269	39	566.74
-0.261799	0.591903	2.010408	287	275	68	566.74
-1.570796	2.881233	-2.582574	31	38	80	566.68
-2.617994	1.391910	3.030322	226	50	45	566.66
-0.261799	1.870545	-2.976234	273	68	37	566.64
0.785398	0.379747	-1.713059	275	12	89	566.63
-0.523599	1.045978	0.343692	15	26	31	566.54
-1.308997	2.138223	1.678323	12	39	86	566.52
-1.832596	1.256302	0.062705	238	44	37	566.50
-2.094395	2.164094	-2.991358	8	32	42	566.48
0.000000	1.812176	0.656819	6	62	73	566.46
2.879793	0.458961	-0.107937	25	37	83	566.42
-1.308997	1.555207	1.708892	27	40	58	566.34
1.832596	2.579248	-2.364801	31	39	3	566.28
-1.047198	2.174483	2.653697	0	53	62	566.27
2.879793	2.033014	2.977192	4	292	46	566.27
-1.047198	1.658653	-2.409879	261	20	35	566.25
-0.523599	0.615174	-0.666022	247	9	84	566.24
-1.308997	2.115563	0.685730	22	8	84	566.24
-1.570796	1.875281	0.107086	283	0	33	566.19
-1.308997	1.242974	-2.977882	244	282	65	566.13
-0.785398	1.134796	2.434290	265	258	50	566.11
-0.785398	2.349581	-2.702517	14	77	54	566.09
2.879793	1.510910	-0.740472	238	269	19	566.09
2.879793	1.335669	0.897240	268	14	45	565.97
-0.523599	1.948085	-2.363031	260	286	32	565.90
-1.047198	2.174483	2.653697	12	72	68	565.83
-2.356194	1.045978	0.343692	258	74	47	565.82
-2.356194	1.506530	1.988858	267	28	48	565.78
1.570796	2.033014	2.977192	239	284	51	565.77
2.617994	2.863997	0.549740	270	34	84	565.70
1.308997	1.050534	3.042579	10	17	61	565.69
1.832596	1.218453	2.777284	8	22	53	565.66
1.570796	1.736875	3.023612	238	285	37	565.58
-1.047198	2.063651	-2.044600	26	48	31	565.57
-2.094395	1.909857	-0.381669	281	293	27	565.55
0.785398	1.504028	0.636812	17	267	18	565.55
2.356194	1.194549	-0.801900	275	26	19	565.54
-0.261799	1.545873	-1.877082	2	65	5	565.51
-2.879793	1.904882	-1.478089	276	72	34	565.46
-3.141593	1.606104	-0.451151	261	278	31	565.44
2.879793	1.134497	-1.109631	22	55	83	565.44
-1.570796	0.929350	-2.910676	251	0	79	565.42
0.000000	2.174483	2.653697	253	49	58	565.40
0.523599	1.696674	-1.253233	276	74	17	565.37
0.000000	0.419640	2.974122	6	5	82	565.34
1.832596	1.045978	0.343692	275	34	37	565.28
-0.261799	0.290380	-0.796960	260	30	95	565.28
-0.785398	0.906588	1.252948	0	16	49	565.23
1.832596	2.033014	2.977192	252	277	52	565.18
-2.094395	1.721184	-0.153948	252	62	22	565.18
0.000000	2.180315	-1.357379	2	68	39	565.15
1.570796	2.164094	-2.991358	16	13	29	565.11
1.570796	1.135834	-1.431087	27	6	82	565.06
-1.570796	1.699788	2.452890	34	49	51	564.98
0.261799	1.135813	-2.658866	283	285	54	564.97
2.617994	1.194549	-0.801900	255	8	11	564.97
-0.785398	1.574060	2.783565	264	278	43	564.95
1.832596	1.869911	2.701025	251	277	52	564.95
2.879793	1.413430	2.550734	0	3	46	564.94
1.832596	1.440580	2.260026	239	271	44	564.92
1.570796	1.050534	3.042579	10	23	61	564.90
1.570796	0.419640	2.974122	2	44	85	564.88
-2.094395	2.984978	1.954446	279	44	86	564.88
1.570796	1.699788	2.452890	24	31	39	564.80
-0.261799	1.335669	0.897240	4	12	45	564.76
2.094395	2.349581	-2.702517	252	271	53	564.65
-1.308997	1.247695	1.809890	41	53	44	564.63
2.617994	1.982574	-1.115518	229	273	35	564.63
-2.356194	1.569311	-3.003978	221	37	43	564.61
-0.261799	2.251330	-2.330739	288	85	43	564.60
0.523599	1.367556	0.358405	3	20	33	564.56
1.832596	1.569311	-3.003978	247	276	23	564.53
2.356194	1.256302	0.062705	247	14	30	564.51
2.879793	1.696674	-1.253233	258	273	17	564.49
0.785398	0.866395	-2.492918	29	16	90	564.49
-1.832596	0.419640	2.974122	257	291	88	564.46
2.879793	1.606104	-0.451151	260	8	27	564.46
-1.570796	2.637879	2.121598	291	43	88	564.44
2.356194	1.256302	0.062705	251	19	30	564.35
-2.094395	1.134796	2.434290	219	22	45	564.31
-2.356194	0.906588	1.252948	3	23	290	564.30
0.523599	1.574060	2.783565	223	48	31	564.30
-0.523599	1.870545	-2.976234	269	32	36	564.23
2.617994	1.335669	0.897240	260	2	47	564.22
-0.523599	2.247462	0.191623	24	29	75	564.13
-2.356194	1.869911	2.701025	243	38	27	563.98
2.356194	1.510910	-0.740472	1	34	22	563.91
1.832596	2.592629	0.909713	281	24	97	563.91
2.617994	2.396274	-1.959260	255	262	50	563.88
-1.570796	1.699788	2.452890	271	26	48	563.86
-0.785398	1.569311	-3.003978	260	260	48	563.85
2.617994	1.766067	2.153843	285	258	64	563.83
-0.523599	2.251330	-2.330739	279	42	33	563.81
-0.261799	0.591903	2.010408	0	290	66	563.81
1.047198	1.218453	2.777284	233	16	21	563.72
1.308997	0.370812	-2.547742	284	29	90	563.67
-0.523599	0.458961	-0.107937	242	13	85	563.65
2.094395	0.640596	-2.797608	290	34	79	563.63
1.832596	0.914445	2.687814	5	32	62	563.63
1.308997	0.080730	-2.622036	273	39	91	563.63
2.879793	1.658653	-2.409879	280	83	55	563.62
-1.832596	1.113094	-0.272241	241	56	56	563.61
-0.261799	1.045978	0.343692	14	32	31	563.61
1.832596	2.041297	-2.664597	237	280	36	563.58
-1.047198	2.984978	1.954446	258	25	79	563.56
-3.141593	2.863997	0.549740	24	287	7	563.55
-3.141593	2.180315	-1.357379	2	81	23	563.53
-1.570796	0.685216	-1.712745	270	18	95	563.48
-0.785398	1.982574	-1.115518	6	27	23	563.47
-0.523599	0.615174	-0.666022	249	17	90	563.46
1.047198	0.866395	-2.492918	21	19	88	563.44
-0.523599	1.025536	1.576859	8	67	35	563.44
-2.617994	1.413347	-1.339188	270	62	56	563.41
-1.832596	2.760637	2.781135	15	44	80	563.30
0.785398	1.448123	-2.163292	287	287	33	563.30
-1.570796	1.247695	1.809890	257	8	48	563.26
1.308997	1.872854	1.543456	237	19	83	563.24
0.785398	2.295480	1.008277	62	274	250	563.22
0.000000	2.164094	-2.991358	259	55	48	563.21
-0.785398	1.554776	0.100351	283	4	27	563.18
-2.356194	2.881233	-2.582574	269	36	2	563.16
1.308997	2.138223	1.678323	249	11	92	563.16
-1.308997	1.417623	-0.202254	220	36	43	563.13
1.832596	1.301460	-0.509251	220	39	14	563.12
-0.261799	1.554776	0.100351	0	5	28	563.09
-1.308997	0.914445	2.687814	249	278	67	563.09
1.832596	2.164094	-2.991358	243	276	49	563.08
2.094395	0.910508	1.903534	274	11	48	563.08
0.785398	2.247462	0.191623	282	55	76	563.04
-2.094395	1.569311	-3.003978	219	22	44	563.03
0.523599	1.113094	-0.272241	290	81	14	563.00
-2.879793	1.374601	-2.456031	250	64	70	562.99
0.261799	0.960688	-0.577532	265	268	78	562.90
0.000000	1.909857	-0.381669	272	275	16	562.84
-1.047198	1.948085	-2.363031	245	292	34	562.84
0.261799	1.846342	-1.796954	273	70	20	562.82
-1.570796	1.824694	1.850876	269	14	47	562.80
0.523599	0.591903	2.010408	237	47	2	562.80
2.094395	1.574060	2.783565	256	257	34	562.78
2.094395	0.290380	-0.796960	5	291	95	562.74
1.308997	1.391910	3.030322	263	5	36	562.73
-0.785398	0.700570	1.559208	247	266	59	562.71
-0.785398	1.488617	1.159546	293	12	49	562.54
-0.523599	0.674054	1.013609	246	268	61	562.53
-0.785398	1.824694	1.850876	5	58	70	562.51
-0.785398	1.812176	0.656819	237	291	0	562.48
-2.356194	0.458961	-0.107937	279	58	80	562.47
0.523599	1.732874	-0.951685	282	78	25	562.47
-1.832596	1.869911	2.701025	252	23	36	562.47
-2.879793	0.418037	1.360082	266	47	68	562.46
-0.261799	0.709924	0.218797	6	10	38	562.45
-1.570796	2.063651	-2.044600	227	21	31	562.40
-2.094395	0.831641	0.616218	249	31	47	562.39
-1.832596	1.721184	-0.153948	5	289	36	562.37
1.832596	1.569311	-3.003978	2	6	39	562.33
-0.523599	2.108018	1.311430	292	45	89	562.30
-1.832596	0.961715	0.014085	242	44	52	562.30
-3.141593	0.685216	-1.712745	287	31	100	562.29
1.570796	0.733948	3.021411	31	55	78	562.27
-1.047198	2.760637	2.781135	286	60	85	562.24
-0.523599	0.700570	1.559208	268	271	61	562.24
2.356194	0.866395	-2.492918	286	53	87	562.23
2.617994	2.164094	-2.991358	292	287	43	562.21
-0.785398	1.440580	2.260026	270	288	46	562.18
-2.356194	2.379497	0.561089	38	258	24	562.17
-0.523599	2.251330	-2.330739	288	50	37	562.10
-1.308997	1.450119	-2.739050	237	277	59	562.08
0.523599	2.478122	2.609777	236	25	75	561.99
-2.617994	1.982574	-1.115518	292	254	35	561.96
-2.617994	0.733948	3.021411	236	33	77	561.91
0.785398	1.242974	-2.977882	7	292	56	561.89
-0.785398	1.812176	0.656819	232	290	290	561.86
-0.261799	1.433411	-1.035986	0	20	18	561.82
-1.570796	1.875281	0.107086	18	289	51	561.82
1.570796	1.732874	-0.951685	222	47	20	561.79
1.832596	1.325504	-1.671296	35	27	77	561.78
1.570796	0.906588	1.252948	278	31	49	561.76
-2.617994	0.418037	1.360082	259	66	74	561.74
-0.785398	1.721184	-0.153948	283	4	23	561.73
-0.523599	1.301460	-0.509251	20	32	19	561.63
0.261799	1.417623	-0.202254	4	8	26	561.63
-2.617994	1.014500	0.906702	259	52	44	561.59
1.047198	0.709924	0.218797	13	19	47	561.59
-2.617994	1.448123	-2.163292	246	60	71	561.57
-2.094395	2.073035	2.027405	267	26	43	561.57
2.879793	2.349581	-2.702517	8	23	28	561.54
-0.523599	0.418037	1.360082	270	280	72	561.46
0.000000	1.599406	1.426070	275	77	70	561.43
-3.141593	2.164094	-2.991358	252	72	10	561.42
-0.261799	2.247462	0.191623	27	39	84	561.40
-3.141593	2.180315	-1.357379	287	15	19	561.36
-1.047198	0.850607	-1.335383	251	16	85	561.35
-0.261799	2.104282	-0.813972	24	56	43	561.30
0.523599	1.809167	1.213774	259	62	83	561.29
-2.356194	1.448123	-2.163292	237	49	71	561.21
-0.523599	1.194549	-0.801900	16	32	12	561.20
-1.308997	2.063651	-2.044600	227	1	32	561.20
-2.094395	2.393226	1.857173	9	25	84	561.19
-2.094395	0.960688	-0.577532	2	270	0	561.17
1.308997	0.700570	1.559208	274	28	49	561.07
-1.308997	0.910508	1.903534	230	280	50	561.01
-1.832596	0.290380	-0.796960	281	40	85	561.00
-0.523599	0.379747	-1.713059	281	25	95	560.99
0.785398	2.664082	-1.071402	270	70	72	560.94
1.832596	1.506530	1.988858	248	290	52	560.93
2.094395	1.756530	-2.105156	239	280	13	560.90
2.879793	2.456751	-1.503343	9	45	8	560.84
1.047198	1.683268	0.374177	20	293	18	560.84
-2.879793	2.153910	-1.714959	292	253	36	560.84
-1.570796	1.218453	2.777284	229	283	50	560.80
-2.617994	1.569311	-3.003978	227	53	43	560.74
-0.261799	1.554776	0.100351	32	62	48	560.68
-0.523599	1.506530	1.988858	290	71	54	560.63
-2.356194	1.113094	-0.272241	290	261	14	560.60
2.094395	0.910508	1.903534	291	30	56	560.59
-0.785398	0.700570	1.559208	257	275	61	560.56
2.617994	1.599406	1.426070	274	1	57	560.55
0.523599	1.812176	0.656819	275	61	69	560.54
-0.523599	2.247462	0.191623	26	28	77	560.48
0.000000	1.195355	1.200319	1	281	41	560.47
2.617994	0.619654	-2.216909	48	273	229	560.46
-1.308997	2.979456	-1.009304	268	28	286	560.37
-1.832596	1.450119	-2.739050	224	7	59	560.35
-1.570796	0.960688	-0.577532	240	44	70	560.32
-3.141593	0.914445	2.687814	293	13	41	560.29
-0.261799	2.396274	-1.959260	265	288	14	560.27
0.000000	0.709924	0.218797	0	293	47	560.24
2.879793	0.700570	1.559208	279	49	59	560.20
2.356194	1.194549	-0.801900	35	34	64	560.15
-1.832596	0.960688	-0.577532	250	52	70	560.13
-2.356194	1.824694	1.850876	254	30	30	560.10
2.094395	0.866955	-0.931351	239	28	275	560.09
2.356194	1.870545	-2.976234	270	263	36	559.96
2.617994	1.488617	1.159546	255	261	65	559.93
-3.141593	0.496451	0.593859	287	55	66	559.92
-0.785398	1.218453	2.777284	268	283	56	559.90
-1.047198	1.242974	-2.977882	254	272	65	559.76
-0.261799	1.741644	-2.695914	273	64	26	559.74
1.047198	0.619654	-2.216909	43	265	271	559.74
-2.356194	2.356369	3.005869	25	15	58	559.73
1.308997	1.909857	-0.381669	248	52	39	559.71
-2.879793	2.180315	-1.357379	284	257	41	559.69
0.785398	0.496451	0.593859	11	281	70	559.69
2.879793	1.184361	0.625864	285	52	37	559.65
-2.879793	1.909857	-0.381669	271	273	44	559.65
-1.047198	1.998705	2.370472	4	51	63	559.62
1.832596	1.948085	-2.363031	40	36	34	559.58
2.356194	1.504028	0.636812	275	34	41	559.48
2.356194	1.413347	-1.339188	279	18	16	559.47
0.523599	1.909857	-0.381669	41	275	272	559.46
2.356194	1.310100	1.488307	262	289	49	559.44
0.000000	2.001437	0.381215	12	53	72	559.40
-0.523599	1.875281	0.107086	35	41	62	559.40
-0.523599	1.025536	1.576859	280	283	50	559.29
-0.523599	1.948085	-2.363031	274	33	26	559.28
0.000000	1.732874	-0.951685	3	44	22	559.23
1.832596	0.733948	3.021411	10	50	79	559.18
1.832596	0.591903	2.010408	290	28	60	559.18
1.308997	1.909857	-0.381669	239	65	50	559.16
-0.261799	0.080730	-2.622036	9	29	90	559.09
-2.879793	2.579248	-2.364801	251	68	293	559.02
1.832596	2.349581	-2.702517	15	16	23	558.99
-3.141593	2.089241	-0.114193	276	29	19	558.99
-0.785398	1.606104	-0.451151	24	27	29	558.99
-1.047198	2.760637	2.781135	285	59	85	558.95
-1.047198	0.458961	-0.107937	244	36	85	558.90
0.000000	1.194549	-0.801900	18	62	4	558.86
-1.832596	1.242974	-2.977882	228	5	64	558.84
-1.570796	1.134796	2.434290	226	285	45	558.84
-2.617994	2.251330	-2.330739	238	65	19	558.79
2.879793	2.001437	0.381215	6	53	5	558.77
1.047198	1.025536	1.576859	257	35	42	558.75
-2.617994	0.203748	0.590255	276	47	79	558.72
2.356194	1.310100	1.488307	261	289	49	558.62
0.000000	0.640596	-2.797608	0	0	82	558.57
-2.094395	0.370812	-2.547742	44	0	291	558.54
2.094395	2.356369	3.005869	270	275	63	558.53
0.261799	0.571433	-1.188419	269	1	92	558.50
0.261799	2.187132	-0.479875	281	284	7	558.49
1.832596	1.242974	-2.977882	24	40	61	558.37
2.617994	1.506530	1.988858	280	1	52	558.34
2.617994	0.618092	2.539118	278	61	75	558.30
-2.356194	2.478122	2.609777	35	20	80	558.28
-0.523599	2.104282	-0.813972	33	45	44	558.27
-1.570796	1.218453	2.777284	267	24	53	558.27
1.570796	0.914445	2.687814	7	28	62	558.24
2.094395	0.419640	2.974122	289	59	88	558.21
-2.356194	1.741644	-2.695914	223	44	43	558.21
0.785398	0.419640	2.974122	13	25	84	558.20
2.617994	1.617114	-1.572037	245	271	5	558.12
-2.617994	2.138223	1.678323	11	1	80	558.12
-1.308997	1.836682	-0.676006	217	30	32	558.06
0.261799	1.256302	0.062705	1	281	33	558.04
0.523599	1.367556	0.358405	281	56	37	558.04
-0.261799	2.343981	-1.040456	20	57	51	557.93
1.832596	1.247695	1.809890	263	8	47	557.93
-1.832596	0.080730	-2.622036	2	287	94	557.90
-3.141593	2.063651	-2.044600	288	257	31	557.81
2.094395	1.195355	1.200319	227	277	46	557.79
0.000000	0.961715	0.014085	21	70	14	557.78
0.523599	1.809167	1.213774	260	52	71	557.71
-2.617994	1.504028	0.636812	265	48	26	557.71
-0.261799	2.456751	-1.503343	20	70	55	557.70
-0.261799	2.393226	1.857173	265	39	88	557.67
-2.617994	2.164094	-2.991358	237	54	15	557.64
-1.047198	0.496451	0.593859	231	17	74	557.45
2.094395	2.396274	-1.959260	35	45	13	557.39
-2.617994	2.579248	-2.364801	240	57	293	557.37
-0.785398	1.168678	2.108595	261	258	42	557.25
-1.308997	0.618092	2.539118	257	281	76	557.24
2.356194	2.033014	2.977192	285	288	46	557.18
-0.785398	1.741644	-2.695914	2	64	26	557.17
0.000000	1.948085	-2.363031	269	36	29	557.13
2.617994	0.618092	2.539118	278	60	75	557.13
-2.617994	2.881233	-2.582574	275	38	3	557.08
0.000000	1.045978	0.343692	266	263	47	556.89
-0.785398	0.496451	0.593859	234	3	74	556.89
-1.570796	1.335669	0.897240	233	26	28	556.88
-2.617994	1.448123	-2.163292	247	61	71	556.83
1.308997	2.187132	-0.479875	24	276	5	556.72
-0.785398	2.979456	-1.009304	30	16	85	556.71
0.000000	2.719179	-1.780644	290	73	69	556.68
-0.261799	1.870545	-2.976234	271	85	33	556.66
0.523599	0.418037	1.360082	12	284	72	556.63
-1.832596	1.812176	0.656819	30	281	76	556.63
-1.570796	2.637879	2.121598	290	43	87	556.62
-0.261799	1.696674	-1.253233	16	56	18	556.61
2.094395	1.699788	2.452890	260	271	51	556.60
2.356194	1.413347	-1.339188	252	3	7	556.56
-1.047198	1.824694	1.850876	17	57	72	556.51
2.356194	0.961715	0.014085	19	40	47	556.50
-1.308997	2.396274	-1.959260	269	29	16	556.48
0.261799	1.696674	-1.253233	286	19	18	556.47
2.094395	0.419640	2.974122	283	47	84	556.46
-0.261799	2.349581	-2.702517	273	59	49	556.45
1.047198	0.080730	-2.622036	280	42	91	556.43
2.094395	1.909857	-0.381669	219	23	54	556.42
-2.356194	0.418037	1.360082	247	44	72	556.42
-0.785398	2.001437	0.381215	236	3	290	556.42
-2.356194	1.367556	0.358405	258	56	31	556.35
0.785398	1.606104	-0.451151	290	261	278	556.34
-1.047198	1.909857	-0.381669	23	16	39	556.33
-1.570796	1.391910	3.030322	228	283	48	556.31
2.879793	1.909857	-0.381669	7	50	15	556.25
-1.047198	0.379747	-1.713059	281	23	90	556.25
0.261799	0.685216	-1.712745	282	2	93	556.22
0.261799	2.724429	-0.348782	17	45	82	556.18
-2.879793	1.510910	-0.740472	293	74	47	556.15
1.832596	1.325504	-1.671296	282	17	16	556.14
0.523599	0.831641	0.616218	4	265	54	556.14
2.879793	0.571433	-1.188419	11	21	98	556.09
0.000000	1.510910	-0.740472	26	76	19	556.05
-1.047198	1.014500	0.906702	33	35	34	555.97
-1.832596	1.766067	2.153843	270	23	48	555.95
0.000000	1.195355	1.200319	286	261	35	555.93
1.047198	1.242974	-2.977882	245	13	16	555.89
2.617994	1.310100	1.488307	291	53	42	555.87
0.261799	2.001437	0.381215	3	60	76	555.81
0.261799	0.591903	2.010408	57	251	32	555.75
-1.570796	2.349581	-2.702517	2	38	40	555.74
2.356194	1.982574	-1.115518	40	45	29	555.73
2.356194	2.704512	1.488683	48	293	283	555.69
-2.879793	1.683268	0.374177	275	255	66	555.64
0.000000	2.041297	-2.664597	265	28	33	555.64
2.879793	1.417623	-0.202254	241	273	32	555.61
1.308997	0.370812	-2.547742	43	264	277	555.59
-1.047198	1.413430	2.550734	258	283	46	555.58
-1.047198	1.506530	1.988858	20	62	54	555.56
-0.523599	1.721184	-0.153948	227	281	24	555.43
2.617994	0.571433	-1.188419	11	16	98	555.43
0.523599	1.809167	1.213774	262	51	68	555.32
-2.094395	0.929350	-2.910676	245	21	79	555.27
-1.308997	2.704512	1.488683	273	21	85	555.25
0.000000	0.591903	2.010408	3	278	68	555.25
1.570796	1.658653	-2.409879	250	7	19	555.24
1.832596	1.168678	2.108595	236	273	32	555.21
-1.832596	0.370812	-2.547742	280	292	97	555.19
2.356194	2.407836	1.410646	38	268	43	555.16
-3.141593	1.242974	-2.977882	251	69	61	555.12
-0.523599	1.721184	-0.153948	34	42	44	555.08
1.832596	1.325504	-1.671296	282	16	16	555.07
-1.832596	1.440580	2.260026	267	24	50	555.06
0.000000	1.756530	-2.105156	272	34	23	555.02
0.000000	2.089241	-0.114193	19	57	64	555.01
2.617994	1.836682	-0.676006	225	280	40	555.01
-3.141593	1.977582	0.969896	279	272	90	554.99
1.570796	0.914445	2.687814	0	17	57	554.99
0.000000	0.831641	0.616218	287	280	50	554.97
0.785398	1.050534	3.042579	274	4	45	554.90
0.261799	1.662363	0.915448	293	20	44	554.88
0.000000	2.396274	-1.959260	280	66	47	554.85
-2.617994	2.164094	-2.991358	229	51	10	554.81
-0.523599	2.349581	-2.702517	280	58	46	554.79
2.094395	0.640596	-2.797608	287	44	87	554.74
2.617994	1.488617	1.159546	274	22	50	554.71
-3.141593	2.001437	0.381215	291	53	6	554.67
-1.047198	1.025536	1.576859	265	289	50	554.62
-0.523599	0.906588	1.252948	247	255	43	554.60
-1.570796	0.618092	2.539118	281	20	61	554.58
0.523599	2.343981	-1.040456	278	67	51	554.49
0.523599	2.089241	-0.114193	280	255	3	554.39
1.832596	1.506530	1.988858	237	277	54	554.38
1.308997	1.135834	-1.431087	23	290	82	554.37
-1.570796	1.721184	-0.153948	226	45	20	554.36
0.785398	2.724429	-0.348782	293	57	84	554.33
-0.523599	1.335669	0.897240	12	33	47	554.32
2.094395	2.164094	-2.991358	15	23	30	554.27
-2.879793	2.033014	2.977192	246	60	16	554.24
0.000000	0.831641	0.616218	7	20	42	554.20
2.356194	1.214854	-1.966664	17	46	75	554.15
0.523599	2.115563	0.685730	282	49	79	554.13
0.523599	1.417623	-0.202254	7	291	27	554.12
2.094395	1.699788	2.452890	278	0	50	554.10
-2.356194	1.909857	-0.381669	276	0	27	554.03
1.570796	2.724429	-0.348782	261	50	80	554.00
0.000000	1.569311	-3.003978	260	58	27	553.95
-1.047198	2.984978	1.954446	257	26	81	553.94
-1.832596	2.115563	0.685730	15	286	88	553.88
-2.094395	0.866955	-0.931351	268	53	85	553.85
-1.832596	0.899350	-2.069907	257	17	95	553.79
2.094395	1.504028	0.636812	264	31	43	553.79
-0.523599	1.504028	0.636812	6	18	43	553.79
-1.570796	2.089241	-0.114193	289	2	33	553.68
1.047198	1.696674	-1.253233	31	267	49	553.66
1.570796	0.850607	-1.335383	67	269	6	553.65
1.570796	1.741644	-2.695914	49	41	44	553.64
-0.261799	1.870545	-2.976234	266	28	36	553.58
-1.308997	2.108018	1.311430	16	27	87	553.57
-1.832596	2.478122	2.609777	23	41	76	553.56
0.000000	2.001437	0.381215	13	55	75	553.56
-1.047198	1.721184	-0.153948	290	5	28	553.55
-1.308997	1.732874	-0.951685	218	22	41	553.42
-0.261799	0.831641	0.616218	6	14	42	553.42
-3.141593	2.187132	-0.479875	8	58	7	553.39
2.094395	1.194549	-0.801900	277	28	19	553.36
-1.047198	0.700570	1.559208	232	274	56	553.36
-1.832596	1.875281	0.107086	283	0	35	553.35
0.523599	1.194549	-0.801900	288	48	12	553.33
1.047198	0.419640	2.974122	11	31	84	553.32
0.000000	2.455966	-0.641220	270	287	1	553.31
0.261799	0.700570	1.559208	8	264	58	553.29
2.617994	2.343981	-1.040456	36	59	10	553.21
-3.141593	1.413430	2.550734	60	232	289	553.19
-3.141593	1.554776	0.100351	268	15	35	553.19
1.570796	1.218453	2.777284	288	5	48	553.19
0.261799	2.104282	-0.813972	4	72	47	553.12
0.000000	1.247695	1.809890	39	253	8	553.12
-0.261799	2.041297	-2.664597	279	73	38	553.11
0.261799	1.756530	-2.105156	270	43	21	553.09
-2.879793	1.998705	2.370472	266	46	29	553.04
-0.785398	1.683268	0.374177	41	35	61	552.96
0.261799	1.904882	-1.478089	282	21	19	552.96
0.000000	1.875281	0.107086	17	61	61	552.93
2.094395	2.164094	-2.991358	255	267	49	552.87
0.785398	0.864993	2.278281	272	18	49	552.79
0.523599	0.733948	3.021411	290	6	64	552.75
-2.617994	1.982574	-1.115518	292	253	35	552.71
0.000000	1.194549	-0.801900	291	11	23	552.61
2.879793	1.909857	-0.381669	287	40	16	552.57
-1.047198	2.984978	1.954446	258	27	86	552.56
-2.356194	2.393226	1.857173	10	20	84	552.56
-2.879793	2.637879	2.121598	14	17	86	552.54
-3.141593	1.736875	3.023612	9	293	39	552.51
1.832596	2.251330	-2.330739	223	285	44	552.49
0.523599	2.180315	-1.357379	285	287	14	552.47
-2.356194	1.367556	0.358405	260	68	31	552.45
-1.308997	1.683268	0.374177	42	7	61	552.43
-1.570796	0.615174	-0.666022	257	44	83	552.42
1.832596	1.846342	-1.796954	44	30	43	552.42
-1.308997	1.168678	2.108595	247	289	46	552.42
-2.094395	1.836682	-0.676006	246	73	32	552.42
-1.832596	0.864993	2.278281	233	12	61	552.36
2.879793	1.367556	0.358405	263	17	36	552.35
1.047198	0.910508	1.903534	87	267	12	552.25
-1.570796	0.914445	2.687814	235	284	64	552.21
-0.785398	1.606104	-0.451151	24	26	29	552.19
2.094395	2.456751	-1.503343	29	32	7	552.14
2.617994	1.413430	2.550734	289	2	45	552.12
2.356194	0.591903	2.010408	10	67	70	552.02
1.570796	0.618092	2.539118	13	36	71	551.98
0.261799	1.045978	0.343692	3	283	41	551.93
1.832596	1.545873	-1.877082	39	30	60	551.84
-1.832596	1.218453	2.777284	221	1	48	551.84
-0.785398	1.184361	0.625864	44	47	40	551.82
-0.785398	1.450119	-2.739050	276	39	29	551.80
-1.832596	0.762244	-0.273349	256	60	78	551.78
-0.523599	2.588535	-2.976617	279	57	64	551.72
-1.308997	1.824694	1.850876	26	49	72	551.70
2.617994	1.721184	-0.153948	226	283	52	551.61
1.308997	1.909857	-0.381669	29	275	17	551.60
2.879793	1.194549	-0.801900	264	12	14	551.58
1.570796	0.080730	-2.622036	267	37	91	551.57
0.261799	2.138223	1.678323	258	40	83	551.56
-0.261799	1.766067	2.153843	274	51	57	551.56
-2.879793	1.184361	0.625864	280	259	40	551.56
-2.617994	1.184361	0.625864	269	72	37	551.56
2.356194	2.396274	-1.959260	27	58	13	551.54
-3.141593	1.732874	-0.951685	265	275	24	551.46
-1.047198	2.579248	-2.364801	31	57	62	551.42
-2.356194	1.836682	-0.676006	260	81	32	551.39
-1.570796	1.134796	2.434290	227	285	47	551.36
-1.570796	1.741644	-2.695914	245	20	41	551.36
0.000000	1.870545	-2.976234	266	10	36	551.35
-2.094395	1.045978	0.343692	54	243	283	551.35
-1.570796	1.909857	-0.381669	11	293	35	551.29
-3.141593	1.617114	-1.572037	277	276	12	551.27
-0.785398	1.732874	-0.951685	6	22	21	551.26
2.356194	2.164094	-2.991358	9	18	33	551.24
-2.879793	1.766067	2.153843	264	45	34	551.23
-1.308997	0.290380	-0.796960	273	41	90	551.23
0.261799	1.812176	0.656819	287	60	67	551.21
-0.523599	1.450119	-2.739050	272	37	29	551.13
1.047198	1.413347	-1.339188	26	272	66	551.10
1.308997	2.180315	-1.357379	39	288	22	551.07
-0.523599	0.379747	-1.713059	280	25	95	551.06
2.617994	1.025536	1.576859	271	6	46	551.06
-1.047198	1.732874	-0.951685	6	19	21	551.05
-1.047198	1.809167	1.213774	26	40	77	551.03
2.879793	1.617114	-1.572037	267	279	12	550.98
2.356194	0.762244	-0.273349	292	38	39	550.98
2.356194	1.433411	-1.035986	263	16	14	550.97
-0.261799	1.766067	2.153843	275	51	57	550.93
1.570796	1.574060	2.783565	239	286	37	550.89
-1.047198	1.846342	-1.796954	241	7	36	550.87
2.356194	2.456751	-1.503343	22	36	9	550.85
-0.785398	1.998705	2.370472	290	54	63	550.85
-0.261799	0.906588	1.252948	5	69	30	550.83
-2.356194	0.866955	-0.931351	279	55	86	550.82
1.570796	1.325504	-1.671296	37	12	74	550.76
-0.785398	2.592629	0.909713	41	266	252	550.75
-1.570796	0.370812	-2.547742	286	292	97	550.69
-1.570796	1.310100	1.488307	236	11	33	550.69
-1.308997	1.721184	-0.153948	286	3	28	550.68
-1.047198	2.455966	-0.641220	33	11	62	550.65
1.832596	1.617114	-1.572037	41	23	53	550.61
0.261799	0.640596	-2.797608	6	5	84	550.58
0.261799	2.455966	-0.641220	275	278	293	550.57
0.000000	1.433411	-1.035986	289	15	20	550.51
1.832596	1.310100	1.488307	227	289	52	550.49
0.000000	2.115563	0.685730	3	45	79	550.47
1.570796	0.618092	2.539118	293	29	66	550.40
-2.356194	1.875281	0.107086	266	66	10	550.38
-1.047198	0.591903	2.010408	267	291	66	550.38
-1.832596	1.413430	2.550734	231	10	42	550.36
-0.261799	1.113094	-0.272241	5	14	28	550.35
-0.785398	1.574060	2.783565	262	269	39	550.32
1.570796	0.674054	1.013609	272	31	42	550.30
-0.785398	1.168678	2.108595	9	73	35	550.28
-1.047198	2.299159	2.264663	0	56	80	550.26
2.094395	1.050534	3.042579	12	48	64	550.25
1.308997	0.640596	-2.797608	19	40	91	550.25
-0.785398	1.836682	-0.676006	23	26	31	550.20
-1.308997	0.379747	-1.713059	280	24	88	550.19
2.617994	0.700570	1.559208	3	63	62	550.14
0.000000	1.599406	1.426070	284	38	56	550.13
-1.047198	2.187132	-0.479875	39	12	57	550.12
2.094395	1.135813	-2.658866	16	44	71	550.08
-3.141593	1.982574	-1.115518	8	80	32	550.08
-0.261799	2.455966	-0.641220	264	291	1	550.05
1.832596	1.417623	-0.202254	217	37	32	549.97
-1.047198	1.050534	3.042579	259	271	68	549.97
2.094395	2.033014	2.977192	263	270	52	549.94
2.356194	0.290380	-0.796960	11	1	95	549.91
-0.523599	1.574060	2.783565	280	55	39	549.87
-3.141593	1.545873	-1.877082	286	282	11	549.78
-2.094395	2.579248	-2.364801	234	34	1	549.77
-1.570796	2.478122	2.609777	15	46	75	549.77
2.617994	1.025536	1.576859	266	259	35	549.70
-1.308997	0.458961	-0.107937	249	43	85	549.70
-0.261799	2.979456	-1.009304	25	37	85	549.69
0.000000	0.674054	1.013609	273	251	60	549.68
1.570796	0.640596	-2.797608	5	37	87	549.68
-1.308997	1.025536	1.576859	46	47	34	549.62
-2.094395	0.290380	-0.796960	1	40	93	549.62
-2.094395	1.045978	0.343692	244	66	46	549.61
-0.523599	2.396274	-1.959260	23	75	51	549.61
-1.832596	1.045978	0.343692	231	49	42	549.60
2.879793	2.704512	1.488683	0	19	90	549.59
0.523599	1.875281	0.107086	283	253	7	549.56
2.879793	1.766067	2.153843	292	276	60	549.54
2.094395	0.458961	-0.107937	3	32	51	549.49
-0.261799	0.929350	-2.910676	21	25	225	549.43
-0.523599	2.396274	-1.959260	258	282	13	549.25
2.879793	1.194549	-0.801900	260	0	11	549.23
-0.523599	0.674054	1.013609	287	2	53	549.14
-2.879793	1.510910	-0.740472	273	292	20	549.12
-2.879793	2.664082	-1.071402	275	272	68	549.08
2.617994	0.458961	-0.107937	29	27	83	548.99
-2.356194	1.836682	-0.676006	262	79	32	548.96
0.785398	1.696674	-1.253233	261	64	17	548.96
0.261799	2.664082	-1.071402	3	63	68	548.92
-0.261799	1.433411	-1.035986	7	38	14	548.92
1.047198	2.180315	-1.357379	239	70	43	548.91
-0.523599	1.433411	-1.035986	11	33	14	548.90
-1.832596	1.301460	-0.509251	240	62	58	548.90
-3.141593	1.391910	3.030322	9	290	31	548.88
-0.523599	1.846342	-1.796954	254	281	36	548.80
2.617994	0.591903	2.010408	1	74	68	548.80
-1.832596	1.599406	1.426070	261	13	42	548.77
-0.261799	1.488617	1.159546	4	58	56	548.73
-1.570796	1.977582	0.969896	23	9	82	548.54
0.523599	1.836682	-0.676006	286	78	38	548.47
1.047198	0.297065	2.160177	16	23	78	548.37
1.047198	0.831641	0.616218	285	37	39	548.37
2.094395	2.343981	-1.040456	221	18	59	548.37
2.879793	1.134796	2.434290	291	293	43	548.35
-0.261799	1.168678	2.108595	285	260	44	548.27
-1.308997	0.762244	-0.273349	236	35	72	548.24
0.523599	1.721184	-0.153948	4	283	19	548.22
2.094395	1.214854	-1.966664	24	38	75	548.22
0.000000	0.674054	1.013609	282	268	60	548.19
2.094395	1.846342	-1.796954	277	11	20	548.18
2.356194	0.290380	-0.796960	10	1	95	548.18
-2.094395	2.033014	2.977192	243	30	25	548.17
-2.094395	1.256302	0.062705	246	69	41	548.17
0.785398	1.617114	-1.572037	257	56	10	548.09
0.261799	2.104282	-0.813972	292	66	42	548.08
-2.356194	1.194549	-0.801900	290	269	4	548.05
-1.047198	1.683268	0.374177	3	7	40	548.02
-2.617994	1.658653	-2.409879	19	282	11	547.97
-3.141593	2.396274	-1.959260	279	68	9	547.95
0.523599	2.180315	-1.357379	271	70	40	547.87
-2.094395	1.555207	1.708892	262	21	45	547.87
-1.570796	2.396274	-1.959260	227	18	13	547.84
1.832596	1.045978	0.343692	249	33	29	547.82
0.261799	1.113094	-0.272241	10	76	14	547.78
2.356194	1.391910	3.030322	288	292	38	547.72
-0.523599	1.721184	-0.153948	35	42	44	547.71
2.094395	1.433411	-1.035986	222	16	4	547.67
2.879793	2.153910	-1.714959	7	41	18	547.64
1.047198	1.824694	1.850876	230	25	75	547.57
-1.308997	2.579248	-2.364801	254	18	10	547.56
-1.832596	1.135813	-2.658866	235	6	77	547.50
0.000000	0.418037	1.360082	289	278	72	547.47
1.570796	1.218453	2.777284	288	7	48	547.45
-1.308997	2.979456	-1.009304	246	33	275	547.43
1.570796	1.168678	2.108595	239	2	36	547.36
-2.617994	2.379497	0.561089	32	255	45	547.34
2.879793	1.606104	-0.451151	289	44	22	547.34
1.047198	0.866395	-2.492918	22	19	88	547.33
-1.832596	1.699788	2.452890	252	20	40	547.31
-0.261799	2.343981	-1.040456	20	56	51	547.29
-0.785398	1.440580	2.260026	282	30	50	547.24
-2.879793	1.846342	-1.796954	0	255	17	547.23
-3.141593	1.134497	-1.109631	12	62	83	547.21
2.617994	2.396274	-1.959260	16	66	13	547.18
1.832596	2.063651	-2.044600	218	0	29	547.14
2.094395	1.184361	0.625864	261	28	39	547.13
0.000000	2.115563	0.685730	4	44	79	547.12
-0.261799	1.488617	1.159546	7	78	65	547.01
2.879793	1.904882	-1.478089	264	274	24	546.91
1.308997	0.203748	0.590255	7	254	47	546.91
-1.308997	1.488617	1.159546	11	17	52	546.90
-3.141593	1.869911	2.701025	6	12	49	546.88
2.094395	1.301460	-0.509251	218	22	15	546.85
2.356194	1.045978	0.343692	269	28	37	546.85
-2.356194	1.256302	0.062705	267	7	31	546.81
-1.308997	0.591903	2.010408	282	13	60	546.81
1.832596	1.869911	2.701025	250	272	52	546.77
-0.261799	2.174483	2.653697	267	38	54	546.76
2.356194	1.510910	-0.740472	42	39	47	546.72
1.308997	2.115563	0.685730	255	40	87	546.71
0.785398	1.869911	2.701025	218	29	46	546.69
-0.523599	0.961715	0.014085	33	42	17	546.69
1.047198	1.909857	-0.381669	258	63	45	546.67
1.308997	0.640596	-2.797608	21	43	90	546.64
-2.879793	1.554776	0.100351	270	250	51	546.64
0.261799	1.195355	1.200319	283	46	47	546.60
-0.261799	1.045978	0.343692	253	271	47	546.58
1.832596	1.135834	-1.431087	31	15	79	546.55
-1.570796	2.704512	1.488683	274	24	86	546.49
2.094395	1.836682	-0.676006	216	20	40	546.47
-1.832596	0.203748	0.590255	257	48	86	546.45
2.356194	0.591903	2.010408	283	26	59	546.36
2.356194	0.733948	3.021411	287	55	79	546.34
-1.308997	0.929350	-2.910676	256	279	80	546.33
0.785398	1.194549	-0.801900	1	20	23	546.32
-1.832596	0.496451	0.593859	244	54	74	546.22
2.879793	2.187132	-0.479875	31	62	8	546.22
-1.832596	1.391910	3.030322	247	21	52	546.20
-1.308997	1.982574	-1.115518	24	15	30	546.16
0.261799	1.977582	0.969896	280	50	76	546.07
2.094395	1.417623	-0.202254	247	27	29	546.06
-3.141593	0.733948	3.021411	250	54	77	546.06
-1.570796	2.295480	1.008277	8	11	97	546.02
1.832596	1.904882	-1.478089	46	23	38	546.01
0.261799	1.846342	-1.796954	273	40	20	545.99
1.047198	1.218453	2.777284	234	15	22	545.97
-0.523599	2.115563	0.685730	16	35	84	545.95
-1.570796	1.812176	0.656819	286	4	44	545.93
-2.617994	2.349581	-2.702517	241	56	10	545.92
-2.094395	0.203748	0.590255	263	49	84	545.91
-2.094395	1.998705	2.370472	271	31	44	545.88
-0.261799	1.135813	-2.658866	29	30	227	545.85
1.832596	1.846342	-1.796954	45	30	43	545.80
-0.785398	1.374601	-2.456031	276	36	24	545.74
0.523599	1.683268	0.374177	0	262	13	545.74
1.047198	1.448123	-2.163292	39	0	68	545.70
2.879793	1.555207	1.708892	284	284	56	545.67
-2.879793	1.128190	-2.288622	258	54	85	545.67
-0.523599	2.396274	-1.959260	258	283	13	545.66
-0.785398	2.356369	3.005869	291	71	65	545.53
-0.785398	2.247462	0.191623	27	17	74	545.51
-1.570796	2.588535	-2.976617	34	48	71	545.44
-0.261799	1.545873	-1.877082	277	19	22	545.41
-1.308997	0.961715	0.014085	224	31	57	545.37
-2.879793	0.496451	0.593859	277	55	66	545.35
0.000000	1.168678	2.108595	47	232	6	545.32
0.523599	2.979456	-1.009304	24	252	240	545.29
1.832596	2.455966	-0.641220	234	37	64	545.21
0.523599	1.909857	-0.381669	287	74	50	545.06
2.879793	1.440580	2.260026	289	287	46	545.01
-1.832596	0.831641	0.616218	247	20	44	544.99
-0.523599	1.756530	-2.105156	278	33	21	544.96
-0.261799	0.709924	0.218797	7	11	38	544.89
-1.570796	1.977582	0.969896	4	284	241	544.84
-2.094395	1.599406	1.426070	257	18	38	544.81
0.523599	1.741644	-2.695914	0	7	284	544.80
-0.261799	2.001437	0.381215	25	50	80	544.79
2.094395	1.683268	0.374177	223	11	65	544.78
0.000000	0.866395	-2.492918	289	285	79	544.78
0.261799	0.831641	0.616218	284	263	54	544.75
-1.047198	2.343981	-1.040456	38	22	51	544.75
-0.523599	0.910508	1.903534	276	276	55	544.68
-0.261799	0.864993	2.278281	292	256	59	544.68
-2.879793	1.184361	0.625864	279	258	40	544.67
-0.785398	1.448123	-2.163292	279	35	20	544.64
-0.261799	1.168678	2.108595	286	271	47	544.64
-0.785398	0.674054	1.013609	4	14	46	544.63
2.356194	1.433411	-1.035986	262	15	14	544.61
-3.141593	2.153910	-1.714959	284	275	33	544.59
-0.523599	1.374601	-2.456031	273	34	24	544.54
-0.523599	0.496451	0.593859	241	285	74	544.52
2.617994	1.374601	-2.456031	290	74	69	544.52
-1.047198	1.135813	-2.658866	7	291	10	544.50
-2.094395	0.203748	0.590255	267	57	86	544.40
1.308997	0.619654	-2.216909	0	20	91	544.34
-2.094395	1.168678	2.108595	218	28	35	544.28
-0.785398	2.180315	-1.357379	33	44	39	544.28
1.570796	1.574060	2.783565	240	286	37	544.27
-2.617994	1.909857	-0.381669	282	83	20	544.20
1.047198	1.135813	-2.658866	36	16	76	544.18
2.094395	1.242974	-2.977882	16	53	62	544.13
-2.356194	0.080730	-2.622036	280	284	94	544.10
2.094395	1.184361	0.625864	262	30	38	544.08
-3.141593	2.881233	-2.582574	259	56	278	544.07
0.523599	2.089241	-0.114193	290	66	64	544.07
2.094395	1.301460	-0.509251	274	29	23	544.05
-3.141593	0.619654	-2.216909	271	30	99	544.03
-2.356194	1.909857	-0.381669	266	80	20	544.02
0.261799	1.488617	1.159546	36	3	12	544.01
0.261799	2.001437	0.381215	1	58	72	544.01
-1.832596	2.984978	1.954446	275	45	91	544.00
-2.617994	1.367556	0.358405	263	30	34	543.97
-0.261799	0.864993	2.278281	289	266	60	543.95
2.356194	1.696674	-1.253233	38	47	47	543.93
-3.141593	0.961715	0.014085	19	70	61	543.91
2.094395	1.450119	-2.739050	22	42	53	543.90
0.523599	1.836682	-0.676006	285	60	34	543.88
2.879793	0.866955	-0.931351	23	42	89	543.86
2.356194	2.719179	-1.780644	17	34	2	543.85
-2.617994	1.045978	0.343692	268	1	31	543.76
-0.523599	1.413430	2.550734	20	253	11	543.76
-0.261799	1.168678	2.108595	261	48	288	543.67
2.617994	1.699788	2.452890	284	265	51	543.64
-1.832596	1.391910	3.030322	227	9	52	543.63
-1.047198	1.242974	-2.977882	254	273	65	543.61
0.000000	1.696674	-1.253233	286	19	18	543.60
-0.523599	2.180315	-1.357379	9	41	31	543.49
-1.570796	1.736875	3.023612	247	15	41	543.49
1.308997	1.809167	1.213774	238	31	83	543.44
2.094395	1.218453	2.777284	3	15	50	543.42
-0.785398	1.014500	0.906702	26	40	35	543.38
-2.356194	1.766067	2.153843	256	33	36	543.37
-0.785398	2.115563	0.685730	21	27	85	543.36
0.261799	1.870545	-2.976234	269	6	36	543.35
-2.617994	2.104282	-0.813972	277	81	19	543.28
2.617994	1.391910	3.030322	5	5	39	543.27
-1.832596	0.709924	0.218797	246	60	69	543.26
1.047198	1.050534	3.042579	9	10	61	543.25
2.094395	1.809167	1.213774	269	18	61	543.17
2.356194	0.419640	2.974122	277	44	85	543.16
-1.570796	2.001437	0.381215	25	287	74	543.12
0.000000	1.488617	1.159546	285	81	65	543.11
-2.879793	1.367556	0.358405	268	22	36	543.08
-1.832596	0.640596	-2.797608	263	7	89	543.07
-2.094395	1.555207	1.708892	232	29	16	543.06
-0.523599	0.591903	2.010408	265	225	32	543.05
-0.523599	2.881233	-2.582574	286	65	80	543.03
0.785398	2.343981	-1.040456	10	265	9	543.02
2.094395	0.640596	-2.797608	291	33	78	543.00
2.879793	1.696674	-1.253233	261	279	17	543.00
-2.879793	0.203748	0.590255	284	49	79	542.99
0.261799	1.824694	1.850876	280	15	51	542.92
2.094395	1.050534	3.042579	5	34	61	542.92
2.617994	1.555207	1.708892	276	285	56	542.91
-1.047198	1.836682	-0.676006	24	18	31	542.90
-0.785398	1.904882	-1.478089	265	15	19	542.88
-1.570796	2.174483	2.653697	10	41	58	542.82
1.047198	1.736875	3.023612	214	16	31	542.82
-0.523599	2.180315	-1.357379	271	15	14	542.79
1.047198	1.756530	-2.105156	39	286	49	542.71
-3.141593	0.762244	-0.273349	20	57	76	542.70
-0.785398	0.906588	1.252948	249	275	50	542.69
2.879793	0.619654	-2.216909	273	32	99	542.68
0.000000	0.080730	-2.622036	6	34	90	542.66
-0.523599	1.510910	-0.740472	15	31	20	542.66
1.047198	2.164094	-2.991358	216	19	48	542.63
0.261799	2.180315	-1.357379	284	72	40	542.63
2.356194	1.045978	0.343692	248	13	29	542.58
2.356194	1.448123	-2.163292	18	53	60	542.49
-1.308997	1.247695	1.809890	1	26	51	542.46
1.832596	1.214854	-1.966664	28	28	75	542.46
1.570796	1.741644	-2.695914	49	42	44	542.45
0.261799	2.063651	-2.044600	268	41	27	542.36
-0.785398	1.756530	-2.105156	280	34	21	542.30
0.785398	1.909857	-0.381669	271	68	46	542.28
-2.879793	1.194549	-0.801900	272	3	14	542.27
-2.879793	0.203748	0.590255	290	55	84	542.26
0.261799	1.909857	-0.381669	283	279	15	542.24
2.094395	0.899350	-2.069907	5	39	92	542.24
1.570796	0.929350	-2.910676	30	48	80	542.22
1.570796	1.836682	-0.676006	223	51	35	542.20
-0.523599	1.256302	0.062705	227	281	44	542.20
0.000000	1.756530	-2.105156	277	46	21	542.19
-1.832596	0.850607	-1.335383	263	36	93	542.17
0.785398	1.836682	-0.676006	269	75	38	542.16
0.785398	1.982574	-1.115518	271	38	21	542.11
2.617994	0.914445	2.687814	284	69	67	542.10
0.523599	1.872854	1.543456	252	45	73	542.09
1.308997	0.914445	2.687814	279	7	49	542.08
-0.261799	2.115563	0.685730	10	41	82	542.08
-1.570796	0.496451	0.593859	237	29	68	542.02
-1.832596	0.733948	3.021411	243	0	80	542.01
-2.356194	1.113094	-0.272241	270	77	61	542.00
-1.308997	1.413430	2.550734	274	26	50	542.00
0.000000	1.440580	2.260026	268	46	47	541.97
-0.785398	2.704512	1.488683	270	20	99	541.96
-3.141593	2.187132	-0.479875	19	71	7	541.91
1.832596	1.545873	-1.877082	279	14	17	541.91
0.785398	1.050534	3.042579	6	5	61	541.89
-2.094395	2.138223	1.678323	268	23	45	541.88
-1.047198	2.089241	-0.114193	37	10	62	541.87
2.879793	1.504028	0.636812	262	2	48	541.86
-3.141593	0.850607	-1.335383	5	44	95	541.84
-2.094395	1.391910	3.030322	219	19	46	541.82
1.047198	2.379497	0.561089	276	43	92	541.80
2.356194	2.588535	-2.976617	280	275	66	541.78
-2.879793	2.174483	2.653697	269	47	25	541.76
2.356194	2.396274	-1.959260	27	56	13	541.74
-2.356194	2.704512	1.488683	282	27	87	541.72
-0.785398	1.195355	1.200319	21	45	44	541.70
0.523599	1.310100	1.488307	15	284	35	541.70
0.523599	1.014500	0.906702	7	4	43	541.69
-0.261799	0.080730	-2.622036	10	30	91	541.63
-2.356194	2.251330	-2.330739	227	51	19	541.45
-3.141593	0.910508	1.903534	271	50	56	541.42
1.570796	1.846342	-1.796954	53	19	48	541.40
2.094395	0.762244	-0.273349	8	33	44	541.34
2.879793	1.413430	2.550734	1	4	46	541.34
1.047198	1.134497	-1.109631	283	21	11	541.28
1.832596	1.504028	0.636812	267	36	43	541.23
0.523599	0.899350	-2.069907	6	291	90	541.12
-3.141593	1.569311	-3.003978	15	263	18	541.12
-2.617994	2.174483	2.653697	272	39	31	541.10
-1.832596	1.045978	0.343692	244	27	39	541.04
1.570796	0.864993	2.278281	293	21	58	541.03
2.094395	0.591903	2.010408	14	53	70	540.96
1.308997	1.699788	2.452890	237	7	51	540.92
2.617994	1.510910	-0.740472	226	280	18	540.92
-2.879793	1.909857	-0.381669	4	82	20	540.88
2.356194	1.766067	2.153843	270	260	64	540.84
0.261799	1.194549	-0.801900	1	46	12	540.76
-0.523599	0.591903	2.010408	287	289	66	540.73
1.308997	1.325504	-1.671296	257	26	2	540.71
0.000000	1.555207	1.708892	281	22	52	540.67
-0.261799	1.113094	-0.272241	4	14	28	540.58
-0.261799	1.904882	-1.478089	278	18	18	540.54
-2.094395	2.251330	-2.330739	229	42	19	540.54
-1.047198	2.588535	-2.976617	12	64	69	540.45
-0.261799	1.194549	-0.801900	12	38	12	540.42
2.094395	1.506530	1.988858	265	289	51	540.34
-0.785398	0.910508	1.903534	283	11	56	540.30
-0.523599	2.393226	1.857173	271	43	90	540.26
0.523599	2.063651	-2.044600	254	63	32	540.24
-3.141593	1.741644	-2.695914	5	22	31	540.21
1.832596	1.982574	-1.115518	48	18	30	540.20
-1.570796	1.113094	-0.272241	236	34	49	540.19
2.617994	0.700570	1.559208	3	64	62	540.18
0.261799	0.700570	1.559208	9	270	60	540.18
1.570796	1.135834	-1.431087	28	5	81	540.04
-3.141593	0.961715	0.014085	9	64	56	540.02
0.523599	1.413347	-1.339188	288	15	20	540.01
0.523599	0.929350	-2.910676	18	292	76	540.00
2.094395	0.929350	-2.910676	9	50	79	539.99
0.523599	0.685216	-1.712745	285	3	94	539.96
1.832596	0.418037	1.360082	22	35	72	539.95
-0.523599	2.247462	0.191623	25	28	75	539.87
-1.832596	1.050534	3.042579	231	3	67	539.80
-1.047198	2.455966	-0.641220	31	12	60	539.80
-2.094395	0.906588	1.252948	233	47	48	539.78
-0.523599	1.113094	-0.272241	230	287	62	539.71
-2.617994	1.658653	-2.409879	237	61	54	539.67
-2.094395	1.824694	1.850876	268	21	46	539.61
-2.617994	1.050534	3.042579	231	44	64	539.55
0.000000	1.488617	1.159546	293	10	44	539.51
2.094395	2.164094	-2.991358	254	262	50	539.49
2.879793	1.440580	2.260026	292	264	44	539.37
0.523599	2.664082	-1.071402	284	71	72	539.36
-0.261799	0.674054	1.013609	271	273	61	539.31
-2.879793	1.450119	-2.739050	243	65	59	539.25
0.523599	0.370812	-2.547742	28	268	229	539.15
-3.141593	2.063651	-2.044600	289	257	31	539.14
2.617994	1.310100	1.488307	270	284	49	539.13
1.832596	1.413347	-1.339188	42	17	68	539.12
2.879793	0.929350	-2.910676	282	40	61	539.10
-0.785398	0.379747	-1.713059	282	25	95	539.07
1.570796	2.153910	-1.714959	46	15	26	539.06
2.617994	1.606104	-0.451151	288	36	22	539.04
-2.356194	2.138223	1.678323	14	8	80	539.02
-2.356194	1.374601	-2.456031	233	42	70	538.98
-1.308997	1.662363	0.915448	291	8	48	538.91
-3.141593	2.588535	-2.976617	252	58	284	538.86
-1.047198	1.948085	-2.363031	264	25	27	538.85
1.832596	0.929350	-2.910676	14	36	72	538.83
0.785398	2.063651	-2.044600	235	68	29	538.82
-0.261799	2.356369	3.005869	266	51	60	538.77
-2.356194	1.741644	-2.695914	223	43	43	538.75
0.000000	0.831641	0.616218	276	269	55	538.74
2.094395	1.417623	-0.202254	215	19	32	538.74
-2.617994	0.762244	-0.273349	291	67	76	538.72
-0.261799	0.290380	-0.796960	257	15	84	538.71
2.617994	1.998705	2.370472	41	292	8	538.63
0.523599	1.113094	-0.272241	9	293	35	538.60
0.261799	2.881233	-2.582574	254	47	73	538.60
0.523599	0.640596	-2.797608	9	9	83	538.60
-0.261799	1.872854	1.543456	281	62	80	538.58
0.261799	1.721184	-0.153948	5	22	28	538.56
0.261799	1.721184	-0.153948	4	68	44	538.55
1.570796	2.455966	-0.641220	239	51	69	538.53
-2.879793	1.741644	-2.695914	8	10	29	538.48
-2.356194	2.637879	2.121598	13	30	88	538.47
-2.094395	2.295480	1.008277	21	289	238	538.46
2.617994	1.440580	2.260026	280	268	45	538.42
-1.308997	2.478122	2.609777	8	56	77	538.41
-0.523599	1.045978	0.343692	4	7	38	538.30
1.047198	0.866955	-0.931351	61	254	3	538.29
-1.832596	0.640596	-2.797608	60	6	228	538.17
-1.047198	0.571433	-1.188419	264	26	92	538.06
-0.261799	1.875281	0.107086	28	52	62	538.05
1.047198	1.555207	1.708892	224	33	64	537.95
0.523599	1.448123	-2.163292	268	22	20	537.95
0.261799	1.413347	-1.339188	290	68	2	537.90
-2.879793	1.135834	-1.431087	283	54	69	537.84
-1.308997	1.417623	-0.202254	219	30	37	537.80
2.617994	2.356369	3.005869	292	272	63	537.78
-2.094395	0.297065	2.160177	237	16	81	537.77
1.570796	1.134497	-1.109631	283	25	16	537.75
-1.047198	1.025536	1.576859	37	59	34	537.75
-1.570796	1.135813	-2.658866	240	288	77	537.67
-2.356194	1.998705	2.370472	268	34	39	537.66
2.094395	1.982574	-1.115518	216	13	35	537.64
-2.617994	1.433411	-1.035986	274	66	53	537.57
1.832596	1.256302	0.062705	217	33	31	537.57
1.047198	2.587733	0.232235	288	46	89	537.56
1.308997	2.379497	0.561089	271	40	91	537.52
-1.047198	1.168678	2.108595	271	4	53	537.51
-0.523599	2.001437	0.381215	32	40	80	537.46
1.570796	1.699788	2.452890	241	287	51	537.46
1.047198	1.875281	0.107086	254	69	66	537.41
0.000000	1.683268	0.374177	266	264	13	537.41
-0.261799	0.906588	1.252948	263	248	43	537.38
-1.832596	1.184361	0.625864	230	51	35	537.38
-1.308997	1.658653	-2.409879	248	17	43	537.37
-2.617994	2.984978	1.954446	0	42	87	537.36
0.000000	2.089241	-0.114193	263	273	5	537.36
-2.094395	1.732874	-0.951685	240	69	45	537.35
2.879793	0.458961	-0.107937	25	38	83	537.34
-1.047198	2.138223	1.678323	6	44	85	537.29
-0.785398	1.488617	1.159546	22	46	57	537.24
-1.047198	2.108018	1.311430	12	33	87	537.21
0.261799	0.906588	1.252948	5	272	50	537.18
0.261799	1.812176	0.656819	288	64	73	537.14
1.832596	0.762244	-0.273349	230	41	288	537.09
-1.570796	0.080730	-2.622036	9	291	94	536.99
1.047198	2.089241	-0.114193	260	69	67	536.97
2.094395	2.579248	-2.364801	11	17	17	536.96
-0.261799	1.247695	1.809890	31	251	8	536.95
-0.523599	1.413430	2.550734	273	11	50	536.93
0.261799	0.419640	2.974122	9	10	82	536.93
-0.523599	1.256302	0.062705	21	26	32	536.92
0.785398	1.875281	0.107086	271	63	54	536.90
-0.261799	1.699788	2.452890	272	54	50	536.89
-1.832596	1.555207	1.708892	263	16	45	536.88
-0.523599	0.906588	1.252948	16	62	30	536.87
2.617994	2.356369	3.005869	291	271	63	536.83
0.000000	2.251330	-2.330739	271	65	43	536.81
-3.141593	2.356369	3.005869	258	61	2	536.80
-3.141593	2.187132	-0.479875	7	57	7	536.79
-1.308997	0.370812	-2.547742	31	293	274	536.78
-0.785398	0.866395	-2.492918	44	13	220	536.77
-1.047198	1.977582	0.969896	24	28	83	536.75
-0.261799	1.869911	2.701025	277	277	31	536.75
0.785398	0.674054	1.013609	271	47	31	536.72
-0.523599	1.014500	0.906702	241	264	41	536.63
-0.785398	0.762244	-0.273349	235	17	78	536.62
-1.047198	1.256302	0.062705	278	5	31	536.61
-0.523599	2.760637	2.781135	263	46	76	536.58
0.261799	1.977582	0.969896	282	61	90	536.57
-1.570796	1.134796	2.434290	231	287	50	536.56
-3.141593	1.374601	-2.456031	263	71	70	536.52
0.785398	0.370812	-2.547742	289	28	91	536.52
-2.617994	0.418037	1.360082	1	20	34	536.49
-3.141593	0.496451	0.593859	5	66	72	536.44
-2.879793	0.910508	1.903534	263	42	57	536.44
-2.617994	0.906588	1.252948	266	20	49	536.40
-1.570796	2.164094	-2.991358	245	14	23	536.38
0.785398	0.080730	-2.622036	280	39	87	536.34
0.000000	0.866955	-0.931351	261	285	89	536.33
-3.141593	1.574060	2.783565	7	7	45	536.31
-2.094395	2.089241	-0.114193	279	0	33	536.27
-1.308997	2.979456	-1.009304	267	29	286	536.25
-0.785398	2.407836	1.410646	286	25	86	536.25
0.523599	1.184361	0.625864	6	260	36	536.21
-0.785398	2.863997	0.549740	49	264	11	536.19
-0.785398	2.455966	-0.641220	34	23	63	536.19
0.785398	2.343981	-1.040456	289	291	8	536.17
-1.832596	0.615174	-0.666022	264	48	82	536.16
1.832596	1.194549	-0.801900	227	37	291	536.12
-1.047198	1.025536	1.576859	240	275	43	536.05
0.523599	1.488617	1.159546	255	74	65	536.05
-3.141593	0.591903	2.010408	270	37	65	536.04
-2.356194	2.588535	-2.976617	276	37	20	536.00
1.308997	1.545873	-1.877082	38	2	60	536.00
2.617994	0.700570	1.559208	276	21	52	535.99
2.094395	1.448123	-2.163292	26	49	63	535.99
-0.785398	2.588535	-2.976617	293	68	69	535.99
-2.879793	1.869911	2.701025	7	16	49	535.96
0.000000	0.080730	-2.622036	292	32	85	535.92
-2.879793	0.700570	1.559208	271	20	54	535.86
-3.141593	2.664082	-1.071402	4	39	1	535.71
-0.785398	2.760637	2.781135	273	54	80	535.69
-0.261799	1.812176	0.656819	15	53	70	535.68
-1.047198	1.417623	-0.202254	218	20	43	535.66
-0.261799	1.555207	1.708892	283	55	56	535.59
-2.879793	2.396274	-1.959260	9	267	48	535.59
-1.570796	1.440580	2.260026	254	10	46	535.58
2.617994	1.184361	0.625864	240	270	41	535.55
-1.308997	1.812176	0.656819	35	13	72	535.52
-1.570796	1.050534	3.042579	235	280	65	535.51
0.261799	0.418037	1.360082	4	280	72	535.51
-2.879793	2.153910	-1.714959	0	258	36	535.51
-2.617994	1.113094	-0.272241	268	7	23	535.47
2.617994	2.588535	-2.976617	291	274	66	535.43
-2.879793	2.033014	2.977192	248	59	17	535.42
-1.832596	2.881233	-2.582574	35	25	79	535.41
-0.261799	0.850607	-1.335383	263	289	88	535.39
-0.261799	2.396274	-1.959260	1	70	48	535.37
0.000000	2.637879	2.121598	253	25	89	535.35
1.047198	1.488617	1.159546	232	52	65	535.32
2.879793	2.343981	-1.040456	23	68	9	535.22
-3.141593	1.413430	2.550734	258	67	38	535.21
-2.094395	1.574060	2.783565	222	22	34	535.18
-2.617994	2.984978	1.954446	1	42	88	535.13
-2.094395	0.762244	-0.273349	261	61	72	535.09
-1.047198	0.640596	-2.797608	280	280	91	535.08
2.617994	1.417623	-0.202254	249	7	29	535.04
-0.523599	1.310100	1.488307	14	83	52	535.01
2.879793	1.050534	3.042579	2	18	46	534.95
-0.261799	1.599406	1.426070	290	57	60	534.94
-1.570796	1.872854	1.543456	24	27	76	534.86
-0.785398	2.174483	2.653697	292	76	68	534.77
1.570796	1.756530	-2.105156	51	27	51	534.75
-1.570796	2.041297	-2.664597	234	13	27	534.75
-1.047198	1.367556	0.358405	279	4	33	534.74
-3.141593	0.700570	1.559208	274	64	62	534.71
1.047198	1.135834	-1.431087	15	279	74	534.68
-3.141593	0.866395	-2.492918	262	47	90	534.64
-2.617994	1.569311	-3.003978	227	54	44	534.60
0.000000	0.640596	-2.797608	293	292	78	534.60
-3.141593	2.592629	0.909713	31	280	35	534.56
-1.047198	1.014500	0.906702	47	40	34	534.54
2.094395	1.194549	-0.801900	278	28	19	534.50
-1.832596	1.168678	2.108595	218	12	37	534.39
1.832596	0.929350	-2.910676	16	46	79	534.36
-0.785398	0.914445	2.687814	270	259	65	534.34
2.617994	1.606104	-0.451151	12	44	24	534.34
-2.356194	1.440580	2.260026	232	38	33	534.26
1.308997	2.664082	-1.071402	252	42	60	534.26
-3.141593	1.335669	0.897240	270	22	46	534.24
-1.308997	1.741644	-2.695914	222	243	7	534.24
-3.141593	1.448123	-2.163292	272	76	71	534.21
2.879793	2.456751	-1.503343	11	57	7	534.21
0.000000	2.455966	-0.641220	267	282	292	534.19
-3.141593	1.617114	-1.572037	272	259	6	534.19
-2.879793	0.496451	0.593859	287	69	72	534.19
-0.261799	1.977582	0.969896	4	50	83	534.16
-1.570796	1.310100	1.488307	268	9	49	534.14
-1.047198	1.168678	2.108595	273	7	54	534.12
0.523599	0.914445	2.687814	285	8	57	534.10
-0.785398	0.591903	2.010408	284	5	63	534.10
-0.261799	0.850607	-1.335383	262	288	86	534.06
0.785398	0.961715	0.014085	287	45	24	534.06
0.000000	2.979456	-1.009304	17	46	83	534.05
-1.308997	0.929350	-2.910676	255	276	79	534.03
0.785398	1.113094	-0.272241	273	78	14	534.02
0.261799	1.824694	1.850876	279	15	50	533.98
0.261799	0.297065	2.160177	10	3	78	533.94
-2.094395	1.766067	2.153843	272	26	48	533.90
0.523599	1.721184	-0.153948	286	76	47	533.90
-1.308997	1.194549	-0.801900	228	29	64	533.88
-2.094395	0.080730	-2.622036	288	284	94	533.75
-0.261799	2.379497	0.561089	14	28	94	533.74
1.832596	1.440580	2.260026	292	17	52	533.72
-0.785398	1.113094	-0.272241	22	25	19	533.70
-0.523599	1.569311	-3.003978	272	37	36	533.69
0.261799	1.168678	2.108595	11	273	42	533.61
0.785398	2.979456	-1.009304	283	58	85	533.59
1.047198	1.391910	3.030322	17	7	53	533.48
0.000000	1.875281	0.107086	16	61	61	533.46
1.308997	1.413430	2.550734	234	6	36	533.39
-2.879793	2.349581	-2.702517	244	64	7	533.37
0.261799	0.080730	-2.622036	2	38	90	533.37
-2.617994	2.881233	-2.582574	275	37	3	533.35
-0.785398	1.875281	0.107086	41	28	63	533.32
1.047198	2.180315	-1.357379	265	25	20	533.28
2.879793	0.297065	2.160177	269	49	80	533.25
-0.523599	2.588535	-2.976617	281	74	71	533.23
0.261799	2.719179	-1.780644	275	73	70	533.20
-1.047198	2.637879	2.121598	277	43	87	533.19
-2.617994	2.180315	-1.357379	42	240	1	533.18
0.000000	1.977582	0.969896	288	51	78	533.18
-0.261799	1.391910	3.030322	286	260	49	533.17
-1.047198	1.014500	0.906702	30	31	35	533.11
2.879793	1.875281	0.107086	8	53	11	533.10
-2.356194	0.929350	-2.910676	246	32	79	533.06
-2.617994	1.732874	-0.951685	268	275	276	533.04
-2.617994	1.113094	-0.272241	285	77	60	533.03
2.879793	1.218453	2.777284	293	16	43	533.02
0.785398	2.115563	0.685730	273	47	80	532.93
-1.047198	2.404280	-0.174044	34	2	80	532.89
-0.785398	0.866955	-0.931351	244	9	79	532.88
-1.832596	1.135813	-2.658866	236	8	77	532.87
1.570796	1.510910	-0.740472	225	50	13	532.83
-0.261799	0.685216	-1.712745	273	5	93	532.83
-0.785398	1.195355	1.200319	34	61	46	532.80
-1.308997	1.025536	1.576859	240	291	47	532.80
-0.523599	2.089241	-0.114193	230	287	3	532.80
1.047198	1.134497	-1.109631	14	272	78	532.78
-1.308997	1.488617	1.159546	25	26	55	532.76
0.000000	1.699788	2.452890	2	268	27	532.74
-2.617994	1.504028	0.636812	281	285	48	532.69
-0.523599	1.756530	-2.105156	258	278	42	532.69
2.879793	0.618092	2.539118	268	58	75	532.69
-1.047198	2.153910	-1.714959	241	9	21	532.67
-1.308997	0.899350	-2.069907	16	273	26	532.65
-1.047198	1.301460	-0.509251	222	19	59	532.64
0.523599	2.455966	-0.641220	280	267	291	532.56
0.261799	2.180315	-1.357379	279	289	14	532.54
1.832596	1.134796	2.434290	292	17	53	532.53
1.047198	0.591903	2.010408	270	23	48	532.52
1.047198	2.455966	-0.641220	265	58	62	532.45
0.000000	1.948085	-2.363031	269	61	29	532.43
0.261799	0.418037	1.360082	5	280	72	532.37
-2.094395	2.104282	-0.813972	245	70	20	532.35
-0.785398	2.089241	-0.114193	36	23	61	532.30
-1.308997	1.872854	1.543456	21	36	76	532.23
-1.308997	0.419640	2.974122	274	280	88	532.16
-0.523599	0.290380	-0.796960	263	36	95	532.13
-1.570796	2.356369	3.005869	35	53	67	532.10
1.047198	1.050534	3.042579	10	10	61	532.06
1.308997	1.218453	2.777284	16	20	56	532.05
-2.356194	2.881233	-2.582574	272	35	4	532.05
-1.047198	1.998705	2.370472	8	62	65	532.01
2.094395	2.349581	-2.702517	251	271	53	531.98
0.000000	2.356369	3.005869	258	41	56	531.97
-2.094395	1.809167	1.213774	17	292	70	531.96
0.000000	2.104282	-0.813972	271	272	15	531.96
1.308997	1.617114	-1.572037	43	289	59	531.95
2.356194	1.488617	1.159546	242	270	65	531.94
-2.356194	0.866395	-2.492918	258	32	87	531.92
1.047198	1.413347	-1.339188	25	273	67	531.91
2.094395	0.591903	2.010408	7	49	66	531.86
-1.047198	0.906588	1.252948	27	37	34	531.85
0.000000	0.960688	-0.577532	13	43	9	531.85
-0.523599	1.699788	2.452890	279	50	49	531.77
-0.523599	2.587733	0.232235	20	11	91	531.76
0.261799	1.545873	-1.877082	276	68	3	531.74
-0.785398	1.367556	0.358405	1	6	37	531.71
-0.785398	0.850607	-1.335383	254	8	89	531.69
-2.617994	1.450119	-2.739050	232	54	59	531.65
-1.570796	1.683268	0.374177	40	286	63	531.64
2.094395	0.618092	2.539118	1	46	70	531.64
2.094395	1.846342	-1.796954	41	45	44	531.63
-2.617994	1.683268	0.374177	274	70	15	531.61
-0.523599	1.413430	2.550734	282	77	35	531.52
0.523599	2.104282	-0.813972	35	241	271	531.48
0.785398	2.349581	-2.702517	225	47	55	531.47
-0.261799	1.875281	0.107086	27	52	61	531.47
-0.785398	1.721184	-0.153948	1	8	29	531.41
-1.047198	1.488617	1.159546	38	43	62	531.38
1.570796	0.831641	0.616218	73	279	17	531.35
-1.570796	2.356369	3.005869	30	50	64	531.28
-3.141593	1.025536	1.576859	279	1	46	531.25
0.261799	1.599406	1.426070	286	21	50	531.23
0.261799	2.456751	-1.503343	279	64	50	531.22
2.094395	1.448123	-2.163292	266	292	12	531.16
0.261799	1.909857	-0.381669	10	76	52	531.15
0.523599	1.599406	1.426070	10	293	32	531.13
0.523599	0.618092	2.539118	271	19	48	531.08
-2.094395	1.982574	-1.115518	6	287	25	531.05
-1.308997	2.041297	-2.664597	245	8	29	531.05
-0.261799	1.869911	2.701025	283	268	24	531.05
-1.308997	2.115563	0.685730	20	10	85	530.98
-1.308997	1.335669	0.897240	28	20	47	530.96
1.047198	2.587733	0.232235	286	47	90	530.92
-1.047198	2.089241	-0.114193	38	10	64	530.90
0.523599	1.433411	-1.035986	283	72	9	530.90
1.308997	2.187132	-0.479875	244	64	61	530.90
1.570796	0.496451	0.593859	280	32	39	530.80
-2.617994	1.741644	-2.695914	230	59	43	530.77
2.356194	2.349581	-2.702517	264	264	53	530.74
-0.261799	2.001437	0.381215	20	46	72	530.64
-1.308997	2.637879	2.121598	284	44	88	530.62
-2.356194	2.187132	-0.479875	18	9	264	530.60
-2.094395	1.977582	0.969896	68	257	33	530.60
1.570796	0.496451	0.593859	28	9	70	530.60
-1.570796	1.242974	-2.977882	237	291	65	530.57
1.047198	2.089241	-0.114193	264	59	59	530.54
0.523599	0.379747	-1.713059	277	20	96	530.52
1.308997	1.736875	3.023612	24	15	42	530.50
2.356194	1.218453	2.777284	43	7	16	530.46
-0.785398	2.001437	0.381215	32	27	75	530.43
-1.832596	0.379747	-1.713059	32	282	235	530.33
0.785398	1.812176	0.656819	264	57	68	530.32
-0.785398	0.910508	1.903534	253	259	50	530.32
-1.308997	0.961715	0.014085	227	25	51	530.32
-0.523599	1.113094	-0.272241	20	33	19	530.28
-0.523599	1.977582	0.969896	17	51	90	530.26
-2.094395	0.960688	-0.577532	263	64	76	530.25
1.832596	0.370812	-2.547742	23	6	56	530.23
1.832596	2.174483	2.653697	260	280	64	530.21
0.523599	2.456751	-1.503343	12	49	19	530.17
2.879793	1.836682	-0.676006	237	270	39	530.16
-2.879793	1.448123	-2.163292	259	70	71	530.16
1.308997	0.674054	1.013609	278	31	43	530.14
-1.047198	2.478122	2.609777	293	64	80	530.12
-2.094395	0.762244	-0.273349	262	60	72	530.11
0.523599	1.374601	-2.456031	18	274	64	530.10
-1.308997	2.115563	0.685730	22	9	86	530.03
1.832596	0.203748	0.590255	25	5	84	529.99
-2.356194	0.906588	1.252948	242	60	48	529.97
-1.832596	0.203748	0.590255	258	52	86	529.91
0.261799	0.899350	-2.069907	9	291	95	529.90
-2.356194	1.909857	-0.381669	267	80	20	529.75
1.570796	1.606104	-0.451151	224	52	29	529.75
1.570796	2.295480	1.008277	65	271	219	529.69
0.785398	1.836682	-0.676006	268	69	35	529.62
2.356194	1.218453	2.777284	5	30	53	529.58
-3.141593	1.450119	-2.739050	255	73	58	529.58
-0.523599	1.741644	-2.695914	267	257	44	529.55
2.094395	1.824694	1.850876	260	278	72	529.43
-1.047198	1.683268	0.374177	226	12	12	529.43
2.617994	1.440580	2.260026	279	263	44	529.37
0.523599	1.256302	0.062705	11	1	33	529.36
-3.141593	1.214854	-1.966664	278	63	85	529.34
1.308997	1.555207	1.708892	223	17	64	529.31
-2.094395	1.247695	1.809890	235	34	38	529.30
0.785398	0.910508	1.903534	277	23	51	529.30
1.308997	1.836682	-0.676006	32	277	28	529.28
1.047198	1.766067	2.153843	223	19	65	529.25
0.523599	1.184361	0.625864	50	265	0	529.25
1.570796	0.899350	-2.069907	14	19	86	529.20
-1.832596	1.113094	-0.272241	240	57	56	529.14
1.047198	1.683268	0.374177	24	274	14	529.07
2.094395	1.696674	-1.253233	219	9	14	529.05
0.785398	0.619654	-2.216909	3	16	94	529.02
-3.141593	0.700570	1.559208	271	46	59	529.01
1.308997	2.180315	-1.357379	38	288	22	528.99
0.523599	1.195355	1.200319	15	273	36	528.99
-0.261799	0.992645	-1.723759	277	283	94	528.98
1.047198	2.187132	-0.479875	14	269	6	528.95
-1.047198	1.367556	0.358405	50	25	45	528.92
-1.570796	1.812176	0.656819	287	4	45	528.91
-0.785398	0.685216	-1.712745	270	10	95	528.90
-1.832596	2.089241	-0.114193	284	0	33	528.86
-1.047198	2.073035	2.027405	5	52	75	528.84
-2.356194	1.741644	-2.695914	222	44	43	528.83
2.356194	2.579248	-2.364801	16	57	3	528.82
-1.047198	1.824694	1.850876	278	18	52	528.76
-0.261799	1.488617	1.159546	292	20	49	528.75
-0.785398	2.187132	-0.479875	38	25	56	528.72
-3.141593	1.367556	0.358405	4	69	31	528.53
0.523599	2.001437	0.381215	285	62	76	528.53
-0.523599	0.080730	-2.622036	11	23	90	528.51
-3.141593	1.135813	-2.658866	258	63	77	528.50
-2.879793	1.658653	-2.409879	5	10	23	528.49
2.617994	0.910508	1.903534	282	23	54	528.48
-2.356194	1.870545	-2.976234	222	39	28	528.48
-1.832596	1.741644	-2.695914	219	11	43	528.46
-2.879793	0.709924	0.218797	292	68	65	528.46
0.000000	0.370812	-2.547742	24	276	231	528.43
-2.094395	2.033014	2.977192	241	28	24	528.39
2.094395	0.290380	-0.796960	5	290	95	528.37
2.617994	0.709924	0.218797	36	46	69	528.31
-0.785398	2.456751	-1.503343	259	10	9	528.31
1.570796	1.617114	-1.572037	47	11	61	528.30
-1.570796	1.741644	-2.695914	244	19	41	528.30
-2.356194	1.554776	0.100351	260	57	25	528.25
2.879793	0.762244	-0.273349	28	46	76	528.21
-2.879793	0.619654	-2.216909	48	0	10	528.20
2.879793	2.579248	-2.364801	287	66	3	528.08
1.832596	1.413347	-1.339188	279	22	16	528.06
-2.879793	1.741644	-2.695914	242	71	43	528.01
-2.356194	1.732874	-0.951685	281	4	18	528.00
2.094395	1.836682	-0.676006	216	21	40	528.00
0.523599	0.700570	1.559208	268	42	34	527.98
1.832596	1.256302	0.062705	216	32	29	527.97
2.879793	1.168678	2.108595	284	1	46	527.81
-1.570796	1.662363	0.915448	289	9	48	527.80
-1.308997	1.872854	1.543456	25	39	78	527.78
0.785398	0.674054	1.013609	21	279	61	527.76
-0.785398	1.617114	-1.572037	21	43	13	527.74
-1.308997	2.760637	2.781135	2	57	84	527.72
2.094395	1.310100	1.488307	3	39	48	527.71
0.785398	2.456751	-1.503343	0	26	12	527.68
-2.356194	2.299159	2.264663	275	34	41	527.68
2.356194	1.367556	0.358405	248	12	40	527.65
0.261799	1.256302	0.062705	0	54	29	527.63
-0.785398	0.960688	-0.577532	235	13	78	527.62
0.785398	1.367556	0.358405	16	275	31	527.50
-0.523599	2.343981	-1.040456	263	6	8	527.49
-2.356194	2.637879	2.121598	12	30	86	527.47
2.617994	1.168678	2.108595	292	59	50	527.45
1.832596	1.732874	-0.951685	45	12	39	527.43
0.000000	1.741644	-2.695914	265	28	31	527.42
-2.617994	1.732874	-0.951685	273	81	44	527.40
2.879793	1.836682	-0.676006	285	31	18	527.38
-1.047198	2.247462	0.191623	24	9	75	527.37
1.047198	1.134796	2.434290	241	22	32	527.31
-0.785398	2.863997	0.549740	49	269	262	527.26
-2.879793	0.700570	1.559208	264	40	59	527.26
-1.308997	2.724429	-0.348782	68	256	25	527.26
-0.785398	1.998705	2.370472	293	70	67	527.25
-0.523599	1.247695	1.809890	1	68	44	527.18
-0.523599	1.872854	1.543456	292	60	79	527.18
2.356194	1.836682	-0.676006	219	3	40	527.16
-0.261799	1.948085	-2.363031	271	34	27	527.15
0.785398	2.724429	-0.348782	293	56	83	527.13
1.832596	0.290380	-0.796960	292	288	95	527.10
-1.047198	0.960688	-0.577532	232	21	73	527.06
2.356194	1.599406	1.426070	273	14	55	527.03
-0.523599	2.404280	-0.174044	28	26	70	527.01
-2.879793	1.658653	-2.409879	249	73	55	526.99
1.308997	1.696674	-1.253233	43	279	51	526.97
1.570796	1.545873	-1.877082	45	18	63	526.94
-0.785398	1.606104	-0.451151	9	17	26	526.94
0.785398	2.724429	-0.348782	292	57	84	526.94
-1.047198	1.741644	-2.695914	278	39	30	526.85
2.094395	0.762244	-0.273349	2	34	38	526.83
-1.832596	1.824694	1.850876	274	21	50	526.82
-0.523599	1.025536	1.576859	272	275	48	526.78
-1.570796	1.242974	-2.977882	234	285	64	526.77
2.617994	2.356369	3.005869	4	3	49	526.76
1.308997	1.699788	2.452890	25	22	39	526.76
2.617994	1.869911	2.701025	292	289	48	526.71
-1.832596	0.370812	-2.547742	39	2	277	526.70
-0.261799	1.948085	-2.363031	278	66	28	526.66
1.832596	2.251330	-2.330739	30	30	20	526.65
1.047198	2.247462	0.191623	268	59	82	526.65
1.308997	1.417623	-0.202254	234	67	30	526.65
-0.785398	1.301460	-0.509251	22	26	19	526.64
2.356194	1.555207	1.708892	269	289	56	526.64
-2.617994	1.433411	-1.035986	286	254	6	526.64
2.356194	0.762244	-0.273349	5	39	45	526.63
0.000000	1.113094	-0.272241	251	265	62	526.60
2.356194	1.433411	-1.035986	224	1	4	526.58
2.094395	1.998705	2.370472	283	4	55	526.58
-1.047198	1.194549	-0.801900	228	14	64	526.57
1.308997	1.617114	-1.572037	45	289	61	526.55
-0.523599	1.846342	-1.796954	286	39	21	526.49
-0.261799	1.450119	-2.739050	282	261	58	526.46
2.879793	1.875281	0.107086	19	61	10	526.44
-2.879793	1.756530	-2.105156	6	286	21	526.43
-1.570796	0.290380	-0.796960	279	43	91	526.41
1.832596	1.766067	2.153843	245	275	64	526.41
0.523599	0.899350	-2.069907	15	4	95	526.39
-3.141593	0.496451	0.593859	4	63	71	526.36
-0.261799	1.977582	0.969896	3	49	81	526.30
0.000000	1.045978	0.343692	273	267	47	526.24
1.308997	2.247462	0.191623	259	53	81	526.19
2.617994	1.504028	0.636812	258	8	47	526.13
-0.523599	0.961715	0.014085	2	6	34	526.11
-1.832596	1.256302	0.062705	235	58	41	526.01
-0.261799	1.741644	-2.695914	280	255	43	526.01
-2.617994	1.766067	2.153843	259	40	35	526.00
0.000000	1.977582	0.969896	289	51	80	525.95
0.000000	0.571433	-1.188419	265	5	92	525.94
-1.570796	1.809167	1.213774	36	19	81	525.88
1.832596	2.396274	-1.959260	42	36	13	525.87
1.308997	1.417623	-0.202254	234	66	29	525.83
1.047198	1.662363	0.915448	242	54	75	525.81
-0.523599	1.168678	2.108595	271	261	44	525.80
-1.308997	0.914445	2.687814	246	272	64	525.76
0.785398	0.831641	0.616218	16	270	54	525.67
0.261799	2.089241	-0.114193	281	276	6	525.60
-1.570796	1.488617	1.159546	234	15	20	525.60
2.094395	0.418037	1.360082	17	44	72	525.59
-1.308997	1.554776	0.100351	17	5	39	525.48
2.879793	2.979456	-1.009304	249	293	89	525.48
-0.785398	1.113094	-0.272241	226	8	62	525.47
-2.094395	0.458961	-0.107937	271	56	81	525.45
-1.832596	1.998705	2.370472	269	28	44	525.44
-2.094395	2.587733	0.232235	32	266	279	525.43
2.879793	1.135813	-2.658866	270	68	77	525.42
-2.617994	1.045978	0.343692	264	45	40	525.40
-1.047198	1.658653	-2.409879	229	236	16	525.37
0.000000	0.733948	3.021411	6	285	76	525.36
-1.832596	1.135813	-2.658866	240	14	76	525.34
-1.832596	1.741644	-2.695914	219	9	43	525.34
2.356194	2.356369	3.005869	277	256	68	525.32
-2.879793	1.766067	2.153843	281	28	46	525.27
0.261799	0.992645	-1.723759	293	284	93	525.27
-2.617994	2.704512	1.488683	285	26	88	525.26
1.047198	1.391910	3.030322	232	15	21	525.26
-2.617994	1.699788	2.452890	248	46	30	525.23
2.094395	1.256302	0.062705	248	27	30	525.23
-2.094395	2.478122	2.609777	28	32	77	525.23
-0.261799	1.812176	0.656819	17	56	74	525.22
-1.047198	1.658653	-2.409879	280	37	25	525.20
-2.617994	1.045978	0.343692	287	259	27	525.19
-0.785398	1.510910	-0.740472	11	23	19	525.19
0.261799	2.455966	-0.641220	11	66	69	525.18
1.308997	2.115563	0.685730	254	41	87	525.17
0.785398	1.488617	1.159546	242	63	65	525.16
-1.570796	0.591903	2.010408	280	15	60	525.10
0.000000	2.104282	-0.813972	13	64	44	524.99
1.047198	1.696674	-1.253233	33	266	52	524.94
-3.141593	2.456751	-1.503343	273	263	54	524.90
-0.523599	2.138223	1.678323	285	43	80	524.90
0.000000	2.251330	-2.330739	267	57	38	524.86
2.094395	0.674054	1.013609	275	31	47	524.85
-0.785398	1.875281	0.107086	37	28	60	524.85
0.785398	1.846342	-1.796954	4	282	30	524.80
0.261799	1.812176	0.656819	287	62	70	524.76
0.000000	1.875281	0.107086	263	268	10	524.59
2.356194	0.866955	-0.931351	30	22	89	524.52
-2.094395	1.998705	2.370472	266	30	40	524.51
2.879793	2.396274	-1.959260	270	257	50	524.47
2.356194	2.704512	1.488683	52	280	43	524.45
2.879793	2.187132	-0.479875	254	291	51	524.45
-1.832596	2.041297	-2.664597	227	20	29	524.44
-0.785398	2.349581	-2.702517	257	291	19	524.41
2.879793	2.073035	2.027405	47	277	4	524.39
-2.879793	2.579248	-2.364801	277	52	9	524.35
-2.617994	2.174483	2.653697	284	36	40	524.30
-0.261799	2.704512	1.488683	270	257	7	524.24
-0.785398	1.242974	-2.977882	277	40	33	524.22
-2.094395	1.374601	-2.456031	229	28	70	524.13
-2.356194	0.709924	0.218797	261	55	61	524.13
-3.141593	1.134796	2.434290	48	249	287	524.11
-1.308997	2.041297	-2.664597	23	50	37	524.09
2.356194	1.662363	0.915448	273	29	48	524.08
-0.261799	0.370812	-2.547742	4	14	93	524.08
2.617994	2.407836	1.410646	42	293	286	524.07
-2.879793	1.128190	-2.288622	258	55	85	524.05
-0.523599	1.168678	2.108595	275	273	47	524.03
2.094395	1.168678	2.108595	287	19	53	524.02
-2.356194	2.356369	3.005869	24	15	57	523.94
1.570796	0.864993	2.278281	279	14	52	523.93
-0.261799	1.569311	-3.003978	269	33	35	523.87
0.261799	1.662363	0.915448	278	64	65	523.86
0.261799	1.256302	0.062705	268	251	44	523.80
-3.141593	1.184361	0.625864	267	248	41	523.79
2.879793	0.850607	-1.335383	12	41	95	523.78
1.308997	1.450119	-2.739050	47	26	60	523.72
-0.523599	1.569311	-3.003978	281	65	27	523.71
0.785398	1.242974	-2.977882	290	293	50	523.71
-2.356194	2.073035	2.027405	269	30	43	523.67
0.000000	1.450119	-2.739050	1	263	58	523.67
-0.523599	1.134796	2.434290	278	250	47	523.65
1.832596	2.164094	-2.991358	233	240	12	523.62
1.047198	1.218453	2.777284	262	9	39	523.55
1.047198	1.325504	-1.671296	23	281	69	523.43
-0.785398	2.299159	2.264663	281	53	76	523.37
-2.356194	1.218453	2.777284	220	35	48	523.36
2.094395	1.413347	-1.339188	279	19	16	523.32
-1.832596	0.080730	-2.622036	3	288	94	523.31
-1.047198	1.135813	-2.658866	14	254	17	523.24
-1.308997	2.153910	-1.714959	240	21	21	523.19
-2.617994	2.187132	-0.479875	22	11	264	523.17
-0.523599	2.407836	1.410646	284	25	86	523.17
2.094395	1.909857	-0.381669	273	32	28	523.13
-1.047198	2.407836	1.410646	288	25	87	523.09
1.832596	2.979456	-1.009304	249	33	75	523.08
-0.261799	1.756530	-2.105156	273	31	21	523.06
2.356194	1.554776	0.100351	248	14	41	523.06
1.570796	2.187132	-0.479875	233	52	61	523.02
-0.785398	0.906588	1.252948	35	70	27	523.00
-0.523599	0.866955	-0.931351	247	293	79	522.96
1.832596	2.041297	-2.664597	236	279	36	522.93
2.356194	0.831641	0.616218	270	29	41	522.92
1.832596	2.579248	-2.364801	24	30	8	522.91
0.785398	1.440580	2.260026	219	37	43	522.88
-1.832596	1.766067	2.153843	263	23	44	522.84
1.047198	1.413347	-1.339188	25	271	62	522.80
-2.094395	2.579248	-2.364801	234	33	1	522.80
-0.261799	2.299159	2.264663	259	54	80	522.78
1.832596	1.135813	-2.658866	26	49	76	522.76
-1.832596	1.574060	2.783565	223	7	34	522.75
-1.832596	0.866395	-2.492918	252	8	90	522.72
1.832596	1.168678	2.108595	240	276	34	522.72
-0.523599	1.134796	2.434290	23	257	18	522.72
-1.047198	0.618092	2.539118	288	30	52	522.72
0.000000	1.135834	-1.431087	283	12	22	522.70
-3.141593	1.870545	-2.976234	10	293	37	522.67
1.570796	1.696674	-1.253233	50	0	52	522.66
1.570796	1.242974	-2.977882	27	31	61	522.60
-1.047198	2.579248	-2.364801	243	281	1	522.58
1.832596	0.685216	-1.712745	62	274	14	522.50
-1.570796	2.396274	-1.959260	227	17	13	522.46
-2.094395	1.836682	-0.676006	245	73	32	522.44
1.570796	1.374601	-2.456031	40	34	69	522.44
-2.356194	1.310100	1.488307	263	22	47	522.43
0.523599	0.906588	1.252948	16	263	46	522.39
-2.617994	1.658653	-2.409879	28	269	4	522.39
-1.570796	2.343981	-1.040456	16	4	35	522.37
-0.785398	0.762244	-0.273349	235	18	78	522.35
-2.094395	2.984978	1.954446	278	43	83	522.35
1.832596	2.455966	-0.641220	234	44	74	522.25
2.617994	1.391910	3.030322	288	69	52	522.21
2.356194	2.863997	0.549740	34	2	275	522.17
-0.523599	0.910508	1.903534	269	253	50	522.17
-2.879793	1.367556	0.358405	283	69	31	522.15
-1.570796	0.290380	-0.796960	275	40	86	522.14
-3.141593	2.881233	-2.582574	277	40	288	522.14
0.261799	2.174483	2.653697	268	8	42	522.12
-0.261799	1.134497	-1.109631	285	12	22	522.10
0.261799	1.168678	2.108595	264	45	42	522.07
2.094395	0.831641	0.616218	270	31	39	522.04
-2.094395	2.356369	3.005869	279	36	34	522.04
-1.047198	2.407836	1.410646	30	261	245	522.02
-3.141593	2.349581	-2.702517	256	73	6	522.02
1.570796	1.134796	2.434290	4	20	55	522.01
-1.832596	0.419640	2.974122	263	1	87	522.00
-2.094395	2.063651	-2.044600	223	44	35	521.99
-1.308997	2.760637	2.781135	0	55	82	521.97
-2.094395	2.356369	3.005869	24	25	58	521.94
0.000000	2.356369	3.005869	251	70	68	521.89
-0.261799	0.618092	2.539118	44	240	37	521.88
-1.570796	2.356369	3.005869	29	50	64	521.83
-0.261799	0.992645	-1.723759	290	34	1	521.81
2.094395	0.850607	-1.335383	69	284	2	521.77
-1.832596	1.699788	2.452890	264	27	45	521.72
-0.785398	1.569311	-3.003978	262	288	48	521.68
1.570796	1.448123	-2.163292	42	26	68	521.68
0.785398	1.846342	-1.796954	249	57	20	521.64
-0.523599	0.864993	2.278281	276	268	61	521.62
-0.523599	1.736875	3.023612	13	252	3	521.62
-0.523599	1.113094	-0.272241	292	7	29	521.61
0.785398	1.909857	-0.381669	271	66	44	521.56
-1.308997	1.662363	0.915448	39	22	69	521.56
-1.308997	0.496451	0.593859	232	31	74	521.53
1.308997	2.063651	-2.044600	218	37	29	521.48
1.308997	2.587733	0.232235	278	47	90	521.46
-1.308997	2.984978	1.954446	261	30	77	521.45
-2.094395	2.379497	0.561089	15	20	240	521.41
-0.523599	2.108018	1.311430	291	45	87	521.40
2.094395	1.256302	0.062705	273	34	33	521.39
-3.141593	1.982574	-1.115518	268	273	32	521.38
-0.523599	1.736875	3.023612	284	86	34	521.37
1.570796	0.709924	0.218797	267	42	24	521.36
-1.832596	0.960688	-0.577532	249	52	69	521.33
2.356194	1.554776	0.100351	221	293	50	521.33
-1.308997	2.592629	0.909713	285	7	98	521.31
2.617994	1.555207	1.708892	278	288	56	521.30
-2.094395	2.299159	2.264663	25	28	78	521.24
-0.785398	2.588535	-2.976617	288	56	64	521.12
-2.094395	0.961715	0.014085	251	66	58	521.09
1.047198	0.419640	2.974122	10	27	82	521.09
1.570796	1.134796	2.434290	30	38	52	521.08
-2.094395	2.393226	1.857173	9	26	84	521.06
-1.570796	1.506530	1.988858	248	7	39	520.97
-1.308997	1.836682	-0.676006	22	9	31	520.93
-3.141593	0.685216	-1.712745	287	30	100	520.89
-0.523599	0.080730	-2.622036	10	23	89	520.87
1.308997	2.089241	-0.114193	247	62	67	520.86
0.000000	1.168678	2.108595	2	270	46	520.86
-0.785398	2.104282	-0.813972	39	33	45	520.85
2.617994	2.343981	-1.040456	231	280	59	520.83
1.570796	1.128190	-2.288622	28	31	82	520.67
-0.785398	1.809167	1.213774	18	44	74	520.66
0.523599	0.370812	-2.547742	290	24	89	520.64
-0.785398	1.256302	0.062705	221	3	44	520.61
1.047198	1.504028	0.636812	242	66	62	520.59
0.523599	0.961715	0.014085	289	278	290	520.47
2.879793	1.488617	1.159546	274	18	50	520.46
2.356194	1.504028	0.636812	233	287	61	520.46
-1.832596	0.709924	0.218797	244	43	62	520.44
-1.570796	2.760637	2.781135	8	50	81	520.42
2.617994	2.407836	1.410646	42	0	287	520.37
1.047198	1.721184	-0.153948	258	60	38	520.36
-3.141593	2.704512	1.488683	290	24	92	520.36
-3.141593	1.168678	2.108595	289	0	45	520.35
0.523599	0.297065	2.160177	14	8	78	520.32
1.570796	2.063651	-2.044600	55	27	33	520.31
-3.141593	2.704512	1.488683	291	23	91	520.30
-1.832596	1.741644	-2.695914	219	10	43	520.25
-1.570796	0.961715	0.014085	230	46	57	520.24
1.570796	1.256302	0.062705	222	49	30	520.24
-1.570796	1.824694	1.850876	27	36	70	520.20
-1.308997	1.948085	-2.363031	266	31	27	520.19
0.785398	1.256302	0.062705	64	227	282	520.15
-1.832596	0.866395	-2.492918	251	7	90	520.12
-0.523599	1.869911	2.701025	281	61	52	520.10
1.570796	0.992645	-1.723759	19	10	83	520.07
-0.785398	2.104282	-0.813972	261	12	11	520.04
-0.523599	0.370812	-2.547742	287	13	85	520.03
-1.047198	1.184361	0.625864	50	33	40	520.02
-0.785398	0.458961	-0.107937	242	25	85	519.98
0.785398	1.599406	1.426070	237	55	70	519.96
-0.785398	1.450119	-2.739050	277	39	30	519.93
0.261799	2.456751	-1.503343	281	68	52	519.92
0.523599	2.588535	-2.976617	235	47	73	519.88
-1.047198	1.741644	-2.695914	13	59	26	519.87
-1.570796	1.374601	-2.456031	232	293	70	519.85
-0.785398	2.664082	-1.071402	249	10	290	519.83
0.523599	2.299159	2.264663	238	28	81	519.83
-2.617994	1.875281	0.107086	273	58	12	519.81
0.000000	1.741644	-2.695914	269	43	29	519.79
-2.356194	1.184361	0.625864	257	37	38	519.79
-0.785398	1.875281	0.107086	223	0	1	519.78
-0.261799	2.984978	1.954446	253	7	90	519.71
2.879793	1.025536	1.576859	277	21	52	519.70
-0.261799	0.700570	1.559208	292	293	58	519.66
1.047198	0.379747	-1.713059	277	9	89	519.65
1.832596	0.418037	1.360082	221	254	253	519.63
-2.094395	2.295480	1.008277	21	290	238	519.60
-2.094395	1.218453	2.777284	220	19	50	519.56
1.047198	1.134796	2.434290	261	14	42	519.50
1.308997	0.418037	1.360082	19	18	69	519.49
0.261799	1.809167	1.213774	276	48	67	519.45
-3.141593	1.218453	2.777284	6	6	40	519.42
0.785398	1.488617	1.159546	245	54	55	519.41
-0.523599	1.574060	2.783565	275	35	45	519.40
-2.094395	2.592629	0.909713	36	271	28	519.35
-0.523599	1.504028	0.636812	240	275	17	519.33
0.523599	1.977582	0.969896	271	50	82	519.32
1.308997	2.979456	-1.009304	262	50	79	519.32
-1.832596	0.619654	-2.216909	272	8	99	519.31
-1.832596	2.180315	-1.357379	223	45	23	519.26
-0.523599	0.910508	1.903534	269	252	50	519.25
0.523599	1.696674	-1.253233	275	70	17	519.21
-0.523599	0.619654	-2.216909	283	3	92	519.17
2.094395	1.982574	-1.115518	45	31	29	519.14
-2.879793	2.343981	-1.040456	288	80	9	519.12
-2.094395	2.041297	-2.664597	227	34	28	519.10
-1.308997	1.134497	-1.109631	236	24	76	519.08
-2.356194	0.960688	-0.577532	276	68	76	519.06
2.879793	1.766067	2.153843	292	275	60	519.05
2.356194	1.417623	-0.202254	247	17	29	519.04
1.047198	0.992645	-1.723759	14	291	87	519.00
-2.094395	1.599406	1.426070	256	19	38	518.98
0.523599	1.488617	1.159546	255	63	56	518.95
-2.094395	1.335669	0.897240	259	14	39	518.80
2.356194	1.050534	3.042579	4	25	55	518.79
-0.785398	2.881233	-2.582574	5	62	80	518.79
-3.141593	0.203748	0.590255	291	47	79	518.77
-0.785398	2.247462	0.191623	26	18	74	518.76
1.047198	1.214854	-1.966664	27	292	79	518.76
0.261799	1.870545	-2.976234	269	5	36	518.76
-1.308997	1.809167	1.213774	29	30	78	518.75
-2.356194	2.180315	-1.357379	11	277	37	518.71
0.000000	0.674054	1.013609	293	68	18	518.69
-0.261799	0.866955	-0.931351	254	291	89	518.66
-1.570796	1.736875	3.023612	243	10	38	518.64
2.879793	0.910508	1.903534	282	7	47	518.64
0.261799	1.909857	-0.381669	5	68	47	518.62
-1.570796	1.766067	2.153843	263	17	44	518.61
0.000000	2.349581	-2.702517	262	55	50	518.60
2.094395	1.998705	2.370472	283	5	55	518.54
-3.141593	1.374601	-2.456031	263	72	70	518.51
1.570796	1.836682	-0.676006	40	288	27	518.49
1.570796	2.251330	-2.330739	217	8	44	518.47
-1.308997	2.456751	-1.503343	230	17	8	518.47
2.094395	1.904882	-1.478089	49	41	42	518.42
-1.047198	0.685216	-1.712745	268	13	95	518.40
-2.879793	1.014500	0.906702	280	273	34	518.38
-1.308997	2.001437	0.381215	33	3	77	518.38
0.261799	1.824694	1.850876	249	61	76	518.38
-0.261799	2.295480	1.008277	293	32	91	518.36
-1.308997	0.591903	2.010408	236	278	67	518.34
0.000000	1.569311	-3.003978	280	52	8	518.32
-0.523599	0.370812	-2.547742	288	13	86	518.31
2.617994	1.766067	2.153843	287	287	56	518.31
-1.570796	0.733948	3.021411	251	285	80	518.29
2.094395	0.700570	1.559208	292	36	57	518.22
-2.094395	1.135813	-2.658866	241	27	76	518.22
1.570796	1.870545	-2.976234	15	13	36	518.19
-0.261799	1.413347	-1.339188	288	20	17	518.12
2.094395	1.433411	-1.035986	221	16	4	518.11
2.617994	1.909857	-0.381669	229	289	53	518.07
-0.523599	1.504028	0.636812	4	13	42	518.05
-1.832596	2.089241	-0.114193	284	293	33	518.04
-3.141593	2.174483	2.653697	256	60	2	518.04
-1.832596	1.045978	0.343692	238	40	45	518.02
1.570796	1.736875	3.023612	239	285	37	518.01
2.094395	1.904882	-1.478089	43	37	37	517.95
-0.523599	2.295480	1.008277	7	36	100	517.93
2.879793	2.588535	-2.976617	264	65	285	517.86
0.523599	0.914445	2.687814	268	14	46	517.85
1.570796	1.301460	-0.509251	227	54	14	517.82
0.523599	1.683268	0.374177	287	252	9	517.82
-1.047198	1.301460	-0.509251	222	14	50	517.81
-0.785398	0.685216	-1.712745	269	10	94	517.78
-1.570796	2.041297	-2.664597	245	20	29	517.76
-1.570796	0.961715	0.014085	230	39	51	517.68
-1.570796	0.419640	2.974122	52	8	258	517.65
-3.141593	1.374601	-2.456031	262	70	69	517.62
2.356194	1.836682	-0.676006	219	4	40	517.61
-1.832596	1.736875	3.023612	247	25	41	517.61
1.047198	2.587733	0.232235	287	47	90	517.60
0.785398	1.448123	-2.163292	25	281	65	517.60
0.523599	0.640596	-2.797608	9	12	85	517.54
1.308997	1.948085	-2.363031	55	20	37	517.52
-0.523599	1.662363	0.915448	22	57	70	517.48
-0.261799	2.587733	0.232235	21	19	91	517.45
-0.261799	1.310100	1.488307	287	290	46	517.43
2.879793	0.929350	-2.910676	263	63	78	517.42
1.570796	2.089241	-0.114193	239	49	63	517.40
1.570796	1.736875	3.023612	24	24	42	517.38
0.523599	1.662363	0.915448	265	62	65	517.34
-0.523599	1.134796	2.434290	278	274	53	517.33
-0.785398	1.417623	-0.202254	281	4	26	517.33
0.261799	0.619654	-2.216909	1	9	95	517.22
1.308997	1.606104	-0.451151	235	66	29	517.22
-1.832596	2.138223	1.678323	14	24	82	517.19
0.785398	1.982574	-1.115518	273	32	20	517.19
2.356194	1.194549	-0.801900	264	24	14	517.18
1.308997	2.664082	-1.071402	252	43	60	517.17
-2.879793	1.433411	-1.035986	288	71	57	517.17
-1.570796	1.367556	0.358405	222	42	27	517.16
0.261799	1.662363	0.915448	278	65	65	517.16
-1.570796	1.134497	-1.109631	241	36	80	517.13
-0.785398	2.760637	2.781135	274	58	85	517.10
-1.570796	2.863997	0.549740	270	289	94	517.08
0.261799	2.115563	0.685730	291	49	84	517.07
-1.570796	0.080730	-2.622036	8	289	94	517.06
-1.047198	2.664082	-1.071402	260	20	1	517.04
-2.356194	1.998705	2.370472	275	33	44	516.88
1.047198	0.914445	2.687814	9	16	62	516.88
-1.832596	0.929350	-2.910676	247	10	79	516.87
-2.879793	1.050534	3.042579	238	56	64	516.86
-2.617994	1.909857	-0.381669	279	70	18	516.86
0.261799	1.025536	1.576859	287	20	50	516.77
-2.356194	2.251330	-2.330739	228	52	19	516.76
0.523599	2.247462	0.191623	291	54	76	516.75
-3.141593	2.349581	-2.702517	7	29	28	516.71
-3.141593	1.741644	-2.695914	6	281	26	516.69
-1.570796	1.909857	-0.381669	11	292	35	516.67
0.261799	1.599406	1.426070	35	285	13	516.65
-0.785398	0.700570	1.559208	247	267	59	516.65
0.785398	1.218453	2.777284	233	29	21	516.59
-2.356194	1.869911	2.701025	244	38	28	516.57
-2.879793	1.214854	-1.966664	267	60	85	516.57
0.523599	2.404280	-0.174044	275	264	285	516.54
1.832596	0.866395	-2.492918	11	42	88	516.53
0.261799	2.251330	-2.330739	274	289	18	516.53
1.047198	2.396274	-1.959260	227	52	52	516.33
-1.570796	1.998705	2.370472	272	28	46	516.32
0.785398	1.732874	-0.951685	277	31	14	516.32
-0.261799	1.045978	0.343692	10	23	36	516.29
-3.141593	1.766067	2.153843	284	29	48	516.28
-2.617994	1.433411	-1.035986	286	255	6	516.28
-3.141593	2.863997	0.549740	24	286	7	516.26
-1.047198	2.455966	-0.641220	34	10	62	516.22
0.261799	1.335669	0.897240	282	53	44	516.20
-0.785398	1.184361	0.625864	7	16	41	516.09
-1.832596	1.812176	0.656819	25	284	73	516.08
0.000000	2.719179	-1.780644	24	247	254	516.07
-0.785398	1.450119	-2.739050	275	37	30	516.07
-0.261799	0.674054	1.013609	260	260	61	516.05
-0.261799	1.555207	1.708892	287	24	54	516.01
1.832596	1.721184	-0.153948	220	37	51	516.00
-1.047198	2.104282	-0.813972	24	20	38	515.97
1.832596	1.134497	-1.109631	234	33	280	515.96
-2.879793	1.869911	2.701025	7	15	49	515.95
0.523599	1.135834	-1.431087	1	269	83	515.95
1.832596	1.836682	-0.676006	218	38	40	515.89
-0.523599	1.247695	1.809890	280	292	50	515.88
-1.832596	1.683268	0.374177	243	33	14	515.87
2.879793	2.719179	-1.780644	269	272	66	515.85
-1.832596	0.640596	-2.797608	257	292	91	515.83
-1.308997	2.356369	3.005869	8	51	60	515.78
2.356194	0.458961	-0.107937	0	36	51	515.76
-1.570796	1.836682	-0.676006	223	47	32	515.75
-2.094395	2.587733	0.232235	279	278	91	515.73
0.523599	0.929350	-2.910676	18	293	77	515.72
-1.570796	2.704512	1.488683	35	285	30	515.70
-1.308997	2.299159	2.264663	8	53	80	515.62
-1.308997	2.579248	-2.364801	238	290	1	515.58
1.570796	0.961715	0.014085	283	37	32	515.57
0.785398	0.418037	1.360082	278	30	41	515.56
0.785398	2.863997	0.549740	15	25	99	515.48
0.523599	1.242974	-2.977882	293	288	54	515.41
2.879793	0.203748	0.590255	3	45	79	515.38
0.261799	0.961715	0.014085	9	80	14	515.35
0.785398	2.251330	-2.330739	229	60	44	515.34
-1.308997	1.998705	2.370472	27	62	69	515.34
2.617994	2.456751	-1.503343	19	51	7	515.31
-1.047198	1.683268	0.374177	44	21	61	515.31
-2.617994	2.343981	-1.040456	281	45	8	515.29
0.261799	0.297065	2.160177	10	2	78	515.29
0.785398	1.433411	-1.035986	269	69	9	515.29
-0.785398	2.299159	2.264663	281	52	76	515.29
1.570796	1.836682	-0.676006	223	51	34	515.25
-3.141593	1.247695	1.809890	284	5	50	515.23
-1.047198	2.579248	-2.364801	30	57	62	515.13
-1.570796	0.419640	2.974122	265	284	88	515.06
-1.047198	1.367556	0.358405	292	6	37	515.03
-0.785398	1.872854	1.543456	9	50	75	515.00
-0.523599	0.961715	0.014085	230	286	61	514.96
-0.785398	2.881233	-2.582574	5	63	80	514.95
0.000000	1.977582	0.969896	292	61	90	514.93
1.308997	1.569311	-3.003978	233	4	22	514.93
-1.047198	1.184361	0.625864	34	28	39	514.89
-3.141593	1.391910	3.030322	7	3	35	514.88
2.094395	1.450119	-2.739050	23	51	56	514.87
-1.308997	1.194549	-0.801900	228	30	68	514.86
-1.308997	2.063651	-2.044600	265	28	23	514.83
1.570796	1.683268	0.374177	230	47	66	514.81
-0.523599	0.709924	0.218797	31	43	11	514.77
-0.261799	2.404280	-0.174044	242	287	285	514.77
1.047198	0.619654	-2.216909	293	17	91	514.76
-1.570796	1.413430	2.550734	268	25	50	514.75
0.261799	0.929350	-2.910676	284	292	60	514.71
-1.570796	0.640596	-2.797608	264	287	90	514.70
-1.047198	1.998705	2.370472	11	65	67	514.69
-1.308997	0.709924	0.218797	232	23	60	514.68
2.879793	2.379497	0.561089	19	271	32	514.62
2.879793	2.187132	-0.479875	286	34	11	514.62
1.570796	1.569311	-3.003978	13	12	44	514.58
1.832596	1.184361	0.625864	264	36	38	514.52
2.617994	1.374601	-2.456031	6	51	56	514.50
0.000000	1.450119	-2.739050	2	262	58	514.46
-2.617994	1.450119	-2.739050	233	54	59	514.46
-3.141593	0.700570	1.559208	278	80	59	514.43
0.261799	1.335669	0.897240	1	29	46	514.41
1.308997	1.741644	-2.695914	53	26	44	514.36
-1.308997	0.080730	-2.622036	14	1	94	514.34
-2.879793	1.195355	1.200319	266	71	35	514.32
0.261799	1.433411	-1.035986	293	55	13	514.30
0.523599	1.256302	0.062705	46	283	287	514.29
1.308997	2.393226	1.857173	0	274	265	514.26
0.785398	1.374601	-2.456031	266	15	24	514.21
1.570796	1.488617	1.159546	224	21	65	514.17
-2.094395	1.310100	1.488307	231	33	26	514.15
0.261799	0.370812	-2.547742	25	271	228	514.08
1.308997	1.904882	-1.478089	48	286	43	514.06
-3.141593	1.135834	-1.431087	2	60	87	514.04
-3.141593	1.683268	0.374177	260	260	66	514.01
-2.094395	0.370812	-2.547742	274	0	97	513.93
-1.832596	1.662363	0.915448	277	6	46	513.89
1.047198	0.496451	0.593859	7	24	53	513.89
-1.308997	0.419640	2.974122	272	276	88	513.83
2.094395	2.299159	2.264663	61	11	259	513.82
0.261799	1.194549	-0.801900	0	14	23	513.80
-2.094395	1.417623	-0.202254	259	23	26	513.80
-2.617994	1.413347	-1.339188	269	62	56	513.75
-0.523599	2.393226	1.857173	274	37	84	513.74
0.261799	1.766067	2.153843	272	15	47	513.72
-1.832596	0.496451	0.593859	242	41	69	513.72
-2.356194	1.506530	1.988858	267	27	48	513.68
0.785398	1.696674	-1.253233	255	21	275	513.67
1.047198	0.640596	-2.797608	26	35	90	513.66
-3.141593	1.168678	2.108595	271	54	51	513.66
1.308997	0.685216	-1.712745	293	7	90	513.64
-0.523599	2.704512	1.488683	269	16	98	513.60
1.832596	1.904882	-1.478089	216	18	22	513.56
-1.570796	1.045978	0.343692	226	34	43	513.55
-2.094395	1.194549	-0.801900	255	64	70	513.54
-0.785398	2.664082	-1.071402	239	5	288	513.53
-2.617994	2.637879	2.121598	14	23	86	513.53
-2.094395	0.929350	-2.910676	239	17	80	513.48
1.047198	1.574060	2.783565	21	11	46	513.45
2.094395	2.404280	-0.174044	239	35	83	513.41
-1.832596	1.134497	-1.109631	248	47	81	513.38
-0.523599	1.658653	-2.409879	22	234	288	513.35
0.261799	2.343981	-1.040456	2	71	55	513.35
-2.094395	1.909857	-0.381669	253	57	17	513.35
-1.832596	2.719179	-1.780644	232	33	289	513.33
-0.523599	0.866395	-2.492918	274	285	77	513.31
-1.570796	0.379747	-1.713059	290	18	96	513.30
-1.570796	2.041297	-2.664597	245	21	29	513.29
-1.047198	2.153910	-1.714959	266	22	18	513.25
-3.141593	0.864993	2.278281	30	286	17	513.25
0.261799	0.370812	-2.547742	292	21	89	513.25
-2.617994	2.073035	2.027405	274	31	43	513.23
-1.570796	0.733948	3.021411	250	283	80	513.12
1.308997	1.948085	-2.363031	56	20	37	513.09
-2.879793	2.356369	3.005869	273	48	21	513.04
0.785398	0.418037	1.360082	19	292	72	513.02
-0.785398	0.914445	2.687814	272	265	67	512.89
-0.261799	1.135834	-1.431087	281	13	22	512.88
0.261799	1.599406	1.426070	285	19	48	512.81
-2.356194	1.135813	-2.658866	235	33	77	512.76
1.570796	1.569311	-3.003978	10	9	43	512.67
-2.879793	2.138223	1.678323	6	289	80	512.65
0.785398	2.343981	-1.040456	288	289	7	512.65
-1.047198	2.295480	1.008277	8	19	91	512.62
1.308997	0.866955	-0.931351	287	24	14	512.61
-1.308997	1.413430	2.550734	275	26	50	512.60
1.832596	1.134796	2.434290	24	48	53	512.60
1.308997	1.242974	-2.977882	24	17	59	512.57
1.308997	1.812176	0.656819	239	46	75	512.56
-2.617994	2.343981	-1.040456	272	79	9	512.55
-0.261799	1.998705	2.370472	271	46	59	512.53
-1.047198	2.187132	-0.479875	40	12	59	512.53
2.356194	2.349581	-2.702517	8	16	28	512.51
-2.356194	2.637879	2.121598	14	30	89	512.48
0.523599	1.846342	-1.796954	261	66	20	512.44
-0.523599	1.977582	0.969896	10	45	82	512.44
1.047198	1.574060	2.783565	22	11	46	512.43
1.832596	1.699788	2.452890	250	279	51	512.34
1.570796	2.863997	0.549740	47	3	278	512.33
1.570796	2.396274	-1.959260	43	22	13	512.32
-1.570796	2.115563	0.685730	18	293	82	512.31
-1.570796	1.662363	0.915448	281	5	46	512.28
1.047198	2.396274	-1.959260	228	54	52	512.26
1.047198	0.733948	3.021411	23	24	79	512.24
-2.617994	1.870545	-2.976234	229	54	28	512.17
-1.047198	1.741644	-2.695914	266	26	34	512.17
1.047198	1.450119	-2.739050	47	12	60	512.16
1.047198	2.187132	-0.479875	262	60	54	512.14
-1.308997	2.041297	-2.664597	261	25	30	512.10
1.047198	1.413430	2.550734	21	14	49	512.06
0.000000	0.685216	-1.712745	279	3	94	511.99
2.617994	1.050534	3.042579	43	278	8	511.98
-0.261799	0.379747	-1.713059	37	268	248	511.96
0.523599	2.455966	-0.641220	291	64	66	511.96
0.000000	0.290380	-0.796960	259	8	84	511.94
2.617994	1.766067	2.153843	283	276	60	511.88
1.308997	0.733948	3.021411	38	44	78	511.83
-0.261799	2.115563	0.685730	14	44	90	511.79
0.523599	1.448123	-2.163292	280	286	33	511.78
0.000000	1.824694	1.850876	282	6	47	511.77
0.523599	1.135813	-2.658866	17	284	72	511.75
-0.785398	2.343981	-1.040456	263	16	8	511.74
-3.141593	2.587733	0.232235	17	268	28	511.66
-2.356194	2.343981	-1.040456	8	32	264	511.57
-1.308997	0.866955	-0.931351	243	32	81	511.51
1.832596	2.393226	1.857173	61	4	252	511.51
-2.879793	0.615174	-0.666022	10	45	88	511.49
2.094395	1.194549	-0.801900	224	23	292	511.46
0.261799	1.846342	-1.796954	17	32	277	511.39
-2.356194	0.615174	-0.666022	288	53	88	511.35
-0.523599	1.574060	2.783565	274	265	39	511.33
-0.261799	0.961715	0.014085	263	280	52	511.30
1.308997	1.050534	3.042579	2	10	55	511.24
2.879793	0.591903	2.010408	271	38	62	511.23
-2.356194	1.247695	1.809890	240	47	38	511.22
-0.261799	0.700570	1.559208	284	280	60	511.17
-2.617994	1.214854	-1.966664	257	54	85	511.12
0.261799	0.961715	0.014085	5	292	40	511.12
1.570796	1.948085	-2.363031	52	34	37	511.11
1.308997	0.709924	0.218797	270	41	21	511.10
1.832596	0.910508	1.903534	279	21	53	511.09
-0.261799	2.247462	0.191623	22	37	77	511.00
-1.570796	0.370812	-2.547742	285	291	97	511.00
-1.570796	2.174483	2.653697	26	49	65	510.99
1.570796	0.831641	0.616218	31	15	54	510.99
1.047198	1.998705	2.370472	44	20	8	510.96
-1.570796	0.864993	2.278281	275	18	58	510.95
-2.617994	2.863997	0.549740	260	14	81	510.87
-1.570796	2.108018	1.311430	16	20	87	510.82
-1.570796	1.741644	-2.695914	223	288	43	510.78
-2.617994	2.393226	1.857173	9	14	84	510.74
2.617994	2.089241	-0.114193	232	292	72	510.70
1.047198	0.914445	2.687814	276	9	50	510.69
-2.617994	1.135813	-2.658866	240	45	77	510.57
-1.047198	0.906588	1.252948	43	51	29	510.44
-1.308997	1.836682	-0.676006	22	8	31	510.39
-0.523599	1.218453	2.777284	273	10	53	510.37
-0.523599	0.685216	-1.712745	270	7	92	510.34
2.094395	1.242974	-2.977882	18	48	61	510.30
2.879793	1.721184	-0.153948	21	62	22	510.27
1.047198	0.700570	1.559208	270	29	43	510.27
-2.094395	1.113094	-0.272241	251	67	56	510.24
-0.785398	1.872854	1.543456	8	49	76	510.23
-2.094395	2.588535	-2.976617	23	24	60	510.18
0.261799	1.488617	1.159546	269	80	65	510.09
2.356194	2.407836	1.410646	47	8	258	510.09
0.785398	1.413347	-1.339188	266	64	2	510.07
1.832596	1.756530	-2.105156	277	10	21	510.06
1.832596	1.448123	-2.163292	261	3	12	510.06
1.047198	2.104282	-0.813972	269	38	27	510.05
0.523599	2.455966	-0.641220	291	65	66	510.04
1.047198	1.450119	-2.739050	13	0	50	510.02
-1.047198	1.301460	-0.509251	221	15	52	510.01
-1.570796	1.982574	-1.115518	218	36	31	509.91
-1.832596	0.571433	-1.188419	278	37	95	509.90
2.094395	2.637879	2.121598	292	284	95	509.86
-1.832596	1.218453	2.777284	223	3	50	509.86
-0.261799	2.579248	-2.364801	283	66	59	509.80
-2.094395	2.104282	-0.813972	287	1	24	509.80
-0.785398	1.846342	-1.796954	246	290	36	509.78
-0.261799	0.640596	-2.797608	19	9	218	509.77
-2.356194	2.588535	-2.976617	22	14	58	509.76
1.047198	1.450119	-2.739050	31	7	55	509.71
0.261799	1.310100	1.488307	256	81	52	509.71
1.308997	2.579248	-2.364801	224	23	65	509.68
-1.308997	1.413430	2.550734	251	291	47	509.65
2.356194	1.325504	-1.671296	258	0	1	509.65
0.000000	1.045978	0.343692	14	64	27	509.57
1.832596	1.374601	-2.456031	31	33	61	509.55
0.000000	1.998705	2.370472	271	13	48	509.54
2.879793	2.588535	-2.976617	263	65	284	509.54
-2.879793	1.433411	-1.035986	276	1	14	509.47
0.261799	0.899350	-2.069907	31	1	228	509.46
0.523599	0.418037	1.360082	283	29	41	509.40
2.879793	2.719179	-1.780644	270	272	66	509.40
-3.141593	1.184361	0.625864	270	268	39	509.39
2.879793	1.699788	2.452890	2	14	50	509.37
-0.523599	1.510910	-0.740472	6	22	21	509.36
2.879793	1.809167	1.213774	276	24	51	509.35
-1.308997	1.824694	1.850876	22	46	70	509.34
-1.832596	2.104282	-0.813972	9	288	32	509.34
-1.308997	0.910508	1.903534	237	283	53	509.32
-0.785398	2.299159	2.264663	283	57	79	509.31
0.000000	1.506530	1.988858	287	287	42	509.30
2.356194	2.456751	-1.503343	25	43	7	509.30
-0.785398	1.809167	1.213774	19	49	78	509.26
2.356194	2.579248	-2.364801	259	272	61	509.26
2.356194	0.640596	-2.797608	280	45	87	509.26
-0.523599	2.089241	-0.114193	45	42	72	509.20
0.523599	1.683268	0.374177	293	263	14	509.18
-0.523599	2.579248	-2.364801	7	75	63	509.18
-0.785398	1.510910	-0.740472	22	28	21	509.18
-1.832596	1.506530	1.988858	246	15	39	509.12
1.047198	0.866955	-0.931351	289	21	12	509.09
2.617994	1.448123	-2.163292	7	63	62	509.09
2.879793	0.866955	-0.931351	24	43	89	509.04
0.785398	2.664082	-1.071402	271	59	65	509.02
0.000000	1.413347	-1.339188	291	40	11	509.01
1.832596	1.134796	2.434290	287	13	52	508.96
0.000000	2.108018	1.311430	278	45	86	508.95
1.047198	0.992645	-1.723759	14	292	88	508.89
-2.094395	1.554776	0.100351	251	60	26	508.85
-0.785398	1.413430	2.550734	0	59	39	508.83
2.356194	0.831641	0.616218	232	290	20	508.82
2.879793	2.356369	3.005869	13	256	68	508.81
1.308997	0.618092	2.539118	26	37	75	508.81
1.047198	1.506530	1.988858	220	26	55	508.78
2.879793	1.413347	-1.339188	262	281	5	508.75
-0.785398	2.579248	-2.364801	257	288	7	508.73
-1.570796	1.135813	-2.658866	241	291	77	508.70
-2.356194	1.982574	-1.115518	13	258	35	508.69
-1.047198	0.700570	1.559208	280	5	57	508.67
-2.617994	2.393226	1.857173	9	15	84	508.65
-1.308997	2.664082	-1.071402	229	23	284	508.63
-0.523599	1.374601	-2.456031	273	35	24	508.59
-2.094395	2.174483	2.653697	274	35	39	508.58
-1.570796	1.574060	2.783565	255	16	46	508.58
-0.785398	0.379747	-1.713059	281	24	94	508.56
-0.523599	0.906588	1.252948	285	293	51	508.54
-1.308997	1.242974	-2.977882	245	281	65	508.47
-2.879793	0.960688	-0.577532	4	61	69	508.44
0.523599	2.251330	-2.330739	269	8	23	508.44
1.047198	2.104282	-0.813972	256	55	38	508.44
1.832596	1.545873	-1.877082	42	36	66	508.41
1.570796	0.685216	-1.712745	2	10	89	508.40
-1.308997	1.135813	-2.658866	248	279	77	508.35
-1.308997	2.089241	-0.114193	3	6	36	508.32
-2.356194	0.674054	1.013609	265	14	49	508.31
-1.832596	1.699788	2.452890	246	18	38	508.31
1.047198	0.709924	0.218797	254	71	6	508.30
2.094395	0.960688	-0.577532	226	27	289	508.29
-0.785398	1.904882	-1.478089	278	22	18	508.25
-2.356194	2.704512	1.488683	283	26	87	508.20
-1.570796	1.135813	-2.658866	241	292	77	508.18
-0.523599	2.138223	1.678323	282	51	86	508.12
2.617994	1.555207	1.708892	274	265	62	508.12
-2.356194	1.433411	-1.035986	6	257	6	508.11
1.308997	0.899350	-2.069907	16	17	90	508.09
0.785398	0.914445	2.687814	272	10	47	508.03
-0.523599	1.128190	-2.288622	44	13	239	508.00
-2.094395	0.831641	0.616218	242	62	55	507.99
-0.785398	1.683268	0.374177	1	8	38	507.99
2.879793	1.555207	1.708892	284	286	56	507.91
-1.832596	2.396274	-1.959260	229	34	13	507.88
-0.523599	0.866955	-0.931351	246	0	81	507.88
-3.141593	1.909857	-0.381669	249	259	54	507.79
-0.261799	1.809167	1.213774	2	69	83	507.77
-0.785398	2.881233	-2.582574	4	62	80	507.75
1.570796	1.301460	-0.509251	28	2	39	507.74
1.832596	2.349581	-2.702517	15	17	23	507.73
-2.617994	1.617114	-1.572037	262	64	48	507.70
0.523599	0.297065	2.160177	7	8	71	507.70
-1.308997	0.910508	1.903534	237	282	53	507.66
-1.570796	0.700570	1.559208	31	27	25	507.66
1.047198	2.881233	-2.582574	237	24	83	507.56
-2.617994	2.393226	1.857173	10	14	85	507.54
0.261799	0.733948	3.021411	289	4	66	507.53
-1.308997	0.961715	0.014085	225	31	58	507.48
-0.785398	1.391910	3.030322	276	36	39	507.47
-0.785398	1.417623	-0.202254	24	25	29	507.46
-2.617994	1.184361	0.625864	260	57	36	507.45
1.832596	0.685216	-1.712745	35	284	229	507.43
2.356194	2.343981	-1.040456	27	38	8	507.42
-1.047198	2.073035	2.027405	4	52	75	507.40
-1.047198	2.108018	1.311430	11	35	88	507.36
0.000000	1.736875	3.023612	269	11	42	507.28
-3.141593	1.413430	2.550734	5	289	40	507.24
-0.785398	1.732874	-0.951685	22	32	24	507.21
1.832596	0.831641	0.616218	273	35	39	507.21
-1.308997	2.187132	-0.479875	223	34	7	507.19
0.261799	0.591903	2.010408	58	251	32	507.15
-2.879793	2.456751	-1.503343	291	266	52	507.12
0.523599	1.450119	-2.739050	263	20	30	507.08
-1.570796	1.506530	1.988858	253	7	41	507.02
-0.261799	1.824694	1.850876	279	47	63	506.99
-1.570796	0.379747	-1.713059	289	19	96	506.98
0.523599	1.195355	1.200319	14	285	39	506.95
-1.570796	0.762244	-0.273349	243	44	71	506.92
1.308997	2.251330	-2.330739	217	25	44	506.92
1.308997	2.104282	-0.813972	237	66	51	506.91
0.523599	1.310100	1.488307	241	72	52	506.90
2.879793	0.850607	-1.335383	11	39	95	506.88
0.785398	2.881233	-2.582574	242	27	68	506.86
0.523599	1.050534	3.042579	2	0	61	506.79
-0.785398	1.824694	1.850876	279	15	51	506.78
0.523599	2.187132	-0.479875	291	74	62	506.74
2.356194	2.187132	-0.479875	291	291	0	506.71
1.832596	1.242974	-2.977882	23	41	61	506.69
0.261799	0.850607	-1.335383	277	282	92	506.69
-1.570796	2.719179	-1.780644	49	13	73	506.68
-2.094395	1.741644	-2.695914	218	27	43	506.66
2.356194	2.299159	2.264663	52	18	241	506.65
0.261799	1.168678	2.108595	59	238	6	506.59
-3.141593	1.450119	-2.739050	256	73	58	506.55
-3.141593	1.909857	-0.381669	291	48	14	506.54
2.879793	2.881233	-2.582574	269	61	278	506.49
1.047198	2.404280	-0.174044	270	63	77	506.43
-2.879793	2.356369	3.005869	248	53	2	506.43
-0.785398	1.662363	0.915448	32	48	72	506.42
-1.570796	1.683268	0.374177	10	2	47	506.41
2.879793	2.396274	-1.959260	271	260	49	506.38
0.261799	2.089241	-0.114193	265	259	3	506.36
-1.308997	2.174483	2.653697	17	56	65	506.31
2.879793	2.863997	0.549740	26	290	7	506.30
2.356194	0.866955	-0.931351	31	24	89	506.30
1.570796	0.906588	1.252948	262	30	41	506.28
-2.356194	1.869911	2.701025	245	38	29	506.26
2.879793	0.203748	0.590255	3	44	79	506.20
1.832596	1.998705	2.370472	79	24	243	506.17
0.785398	1.824694	1.850876	233	39	75	506.15
1.832596	0.866395	-2.492918	11	35	85	506.08
0.523599	1.662363	0.915448	7	9	34	506.05
2.879793	1.168678	2.108595	287	4	49	506.03
-2.094395	1.367556	0.358405	248	56	31	506.03
-2.094395	1.617114	-1.572037	31	268	293	505.93
0.000000	0.992645	-1.723759	285	282	94	505.92
2.356194	1.050534	3.042579	4	26	55	505.92
2.617994	1.214854	-1.966664	8	49	67	505.91
-2.094395	1.721184	-0.153948	279	293	30	505.88
-2.617994	2.984978	1.954446	292	43	86	505.88
-0.523599	2.343981	-1.040456	264	6	8	505.87
-0.785398	0.850607	-1.335383	253	8	87	505.87
1.832596	1.998705	2.370472	279	6	55	505.84
-1.308997	1.413347	-1.339188	228	15	69	505.82
-1.308997	0.709924	0.218797	230	36	69	505.78
-0.785398	0.960688	-0.577532	233	6	69	505.77
0.000000	2.588535	-2.976617	259	44	61	505.77
-2.356194	1.696674	-1.253233	255	62	41	505.75
-1.047198	0.419640	2.974122	283	277	88	505.74
-2.356194	1.617114	-1.572037	252	56	46	505.69
-1.047198	1.875281	0.107086	37	16	60	505.68
1.570796	1.025536	1.576859	263	23	45	505.68
2.356194	0.709924	0.218797	15	38	55	505.67
-1.047198	2.001437	0.381215	231	15	287	505.65
-1.832596	0.914445	2.687814	230	3	65	505.64
0.261799	0.866955	-0.931351	269	279	89	505.64
0.523599	2.174483	2.653697	227	38	64	505.60
1.832596	1.194549	-0.801900	279	30	19	505.50
0.261799	0.910508	1.903534	11	279	55	505.50
-2.356194	1.766067	2.153843	274	29	48	505.47
-0.261799	1.812176	0.656819	19	59	78	505.47
-2.617994	1.869911	2.701025	249	48	27	505.42
2.356194	1.134497	-1.109631	253	10	1	505.40
-0.261799	1.413430	2.550734	288	257	38	505.39
0.261799	0.762244	-0.273349	3	292	44	505.30
-1.570796	2.396274	-1.959260	7	28	31	505.30
-2.879793	1.756530	-2.105156	9	263	14	505.26
1.308997	1.367556	0.358405	229	58	45	505.26
-1.308997	0.960688	-0.577532	234	32	69	505.24
-2.879793	1.875281	0.107086	5	75	8	505.06
0.785398	2.063651	-2.044600	235	69	29	505.00
-0.523599	2.187132	-0.479875	36	39	59	504.99
1.047198	0.866395	-2.492918	12	11	82	504.99
-0.523599	0.080730	-2.622036	3	26	85	504.95
-0.523599	2.579248	-2.364801	1	64	59	504.95
-2.879793	0.733948	3.021411	241	45	77	504.94
1.308997	1.977582	0.969896	246	33	85	504.91
1.570796	1.014500	0.906702	266	36	40	504.91
1.570796	0.992645	-1.723759	18	16	90	504.91
-1.308997	1.504028	0.636812	48	15	59	504.90
-1.832596	0.571433	-1.188419	271	38	85	504.86
1.570796	0.618092	2.539118	1	27	66	504.85
0.785398	0.709924	0.218797	268	77	6	504.85
-1.308997	2.295480	1.008277	6	16	93	504.83
-1.832596	0.864993	2.278281	225	8	59	504.80
0.785398	2.404280	-0.174044	292	277	289	504.79
-2.094395	0.290380	-0.796960	286	40	85	504.77
-2.617994	2.073035	2.027405	273	32	43	504.67
0.000000	2.356369	3.005869	260	33	50	504.67
2.879793	1.683268	0.374177	259	287	53	504.67
1.047198	2.979456	-1.009304	270	54	79	504.61
1.570796	2.587733	0.232235	270	45	90	504.59
0.000000	0.685216	-1.712745	281	4	98	504.52
-1.570796	1.113094	-0.272241	231	46	58	504.50
-2.879793	0.866955	-0.931351	251	240	243	504.50
-0.785398	1.977582	0.969896	19	37	83	504.48
-1.308997	1.977582	0.969896	24	19	83	504.48
0.785398	2.104282	-0.813972	47	245	271	504.44
1.308997	0.619654	-2.216909	1	19	91	504.42
2.617994	0.910508	1.903534	280	7	48	504.41
1.308997	1.574060	2.783565	234	4	37	504.38
0.785398	2.164094	-2.991358	221	40	51	504.35
1.308997	1.413347	-1.339188	34	284	67	504.35
-1.832596	0.290380	-0.796960	281	41	85	504.33
-2.617994	1.128190	-2.288622	250	47	85	504.32
0.523599	1.846342	-1.796954	260	65	20	504.31
1.047198	1.488617	1.159546	232	51	65	504.17
2.879793	1.335669	0.897240	271	25	46	504.14
-0.523599	1.696674	-1.253233	9	38	18	504.11
0.523599	1.998705	2.370472	230	41	69	504.11
2.879793	1.721184	-0.153948	236	269	52	504.09
1.832596	0.866955	-0.931351	71	279	291	504.07
0.785398	1.134796	2.434290	220	33	20	503.99
-2.094395	2.456751	-1.503343	233	54	6	503.97
-2.617994	0.762244	-0.273349	291	66	76	503.96
-2.356194	0.733948	3.021411	234	21	78	503.93
-1.832596	0.961715	0.014085	244	65	62	503.88
1.047198	0.864993	2.278281	273	16	49	503.82
0.785398	1.256302	0.062705	275	55	29	503.78
0.523599	1.736875	3.023612	223	49	31	503.77
-1.832596	1.417623	-0.202254	235	58	38	503.77
2.617994	1.242974	-2.977882	2	37	53	503.74
-3.141593	1.134497	-1.109631	6	57	71	503.72
0.523599	1.869911	2.701025	223	46	49	503.68
-1.047198	2.073035	2.027405	7	56	78	503.64
0.261799	2.356369	3.005869	239	59	68	503.62
-0.785398	2.001437	0.381215	36	28	80	503.62
0.000000	1.766067	2.153843	252	68	62	503.60
-0.523599	1.696674	-1.253233	10	38	19	503.56
1.832596	1.904882	-1.478089	54	25	43	503.56
-2.617994	2.299159	2.264663	277	35	40	503.55
2.356194	0.929350	-2.910676	289	64	79	503.52
-1.308997	0.496451	0.593859	232	30	74	503.50
2.879793	1.504028	0.636812	269	29	41	503.50
-2.356194	2.174483	2.653697	279	36	40	503.49
-2.094395	1.433411	-1.035986	246	63	64	503.37
-3.141593	2.063651	-2.044600	291	282	30	503.36
-2.356194	0.418037	1.360082	248	58	74	503.34
0.000000	0.619654	-2.216909	292	7	95	503.32
-2.879793	1.433411	-1.035986	271	256	6	503.24
-0.785398	2.115563	0.685730	242	4	275	503.22
-2.356194	0.615174	-0.666022	287	53	87	503.19
0.000000	1.824694	1.850876	268	49	62	503.13
1.570796	0.961715	0.014085	283	38	32	503.11
0.000000	0.914445	2.687814	1	290	65	503.08
-0.785398	1.242974	-2.977882	47	23	258	502.96
-0.261799	0.961715	0.014085	240	274	62	502.95
0.523599	0.899350	-2.069907	11	292	93	502.91
-1.570796	1.256302	0.062705	229	56	43	502.90
-1.047198	0.419640	2.974122	283	276	88	502.85
0.523599	1.872854	1.543456	250	53	83	502.83
-1.047198	2.104282	-0.813972	45	18	47	502.82
-2.617994	1.448123	-2.163292	246	59	71	502.80
2.617994	1.721184	-0.153948	229	287	51	502.79
-0.261799	0.960688	-0.577532	292	8	27	502.79
-2.879793	0.418037	1.360082	268	37	65	502.78
-1.047198	2.180315	-1.357379	227	5	22	502.70
-1.832596	2.704512	1.488683	277	25	86	502.69
0.785398	2.881233	-2.582574	243	27	68	502.64
-3.141593	0.458961	-0.107937	21	46	84	502.60
1.570796	2.180315	-1.357379	220	42	43	502.59
2.094395	2.637879	2.121598	292	285	95	502.57
-0.261799	2.881233	-2.582574	274	64	79	502.56
-2.094395	0.571433	-1.188419	283	36	94	502.54
-2.617994	0.899350	-2.069907	263	37	95	502.51
0.523599	0.864993	2.278281	260	29	35	502.50
-3.141593	2.456751	-1.503343	2	26	13	502.50
0.785398	0.419640	2.974122	13	24	84	502.46
-2.356194	1.374601	-2.456031	235	46	69	502.46
2.356194	2.396274	-1.959260	266	289	41	502.46
1.308997	2.073035	2.027405	239	3	83	502.42
1.570796	0.850607	-1.335383	15	0	82	502.41
-1.047198	2.180315	-1.357379	269	23	14	502.39
2.356194	2.343981	-1.040456	25	35	8	502.39
1.047198	2.138223	1.678323	248	20	92	502.37
2.094395	1.256302	0.062705	247	26	30	502.31
-1.308997	1.256302	0.062705	218	29	39	502.27
-0.785398	0.960688	-0.577532	233	7	73	502.27
-1.570796	1.554776	0.100351	280	3	32	502.26
1.570796	2.174483	2.653697	15	19	33	502.17
-2.094395	1.554776	0.100351	251	59	26	502.17
1.570796	0.929350	-2.910676	31	49	80	502.13
0.523599	1.869911	2.701025	222	46	47	502.12
2.879793	1.310100	1.488307	274	272	49	502.03
2.879793	0.640596	-2.797608	260	45	88	502.01
-0.785398	2.579248	-2.364801	20	70	63	502.01
0.000000	0.960688	-0.577532	254	275	78	501.99
-0.261799	1.413430	2.550734	285	268	42	501.99
-1.570796	0.709924	0.218797	236	49	69	501.98
-1.047198	2.979456	-1.009304	273	29	292	501.98
-1.047198	1.113094	-0.272241	222	16	55	501.97
0.523599	2.187132	-0.479875	289	69	59	501.96
-0.785398	0.458961	-0.107937	242	24	85	501.96
-1.570796	2.063651	-2.044600	8	31	27	501.92
0.000000	2.881233	-2.582574	262	55	75	501.90
-1.832596	1.875281	0.107086	10	282	50	501.88
1.832596	1.256302	0.062705	278	37	33	501.87
-1.832596	1.662363	0.915448	26	289	63	501.85
0.000000	0.864993	2.278281	53	230	21	501.81
-0.261799	1.050534	3.042579	29	274	293	501.80
0.000000	1.450119	-2.739050	0	263	57	501.80
0.523599	2.251330	-2.330739	269	7	23	501.75
-0.261799	0.618092	2.539118	293	1	69	501.75
-0.261799	1.194549	-0.801900	289	10	23	501.75
0.785398	1.977582	0.969896	264	45	77	501.74
-3.141593	1.506530	1.988858	4	275	53	501.69
1.832596	2.863997	0.549740	286	41	91	501.68
1.832596	1.301460	-0.509251	31	14	41	501.67
0.785398	2.979456	-1.009304	32	252	240	501.67
2.617994	1.488617	1.159546	273	21	50	501.61
0.261799	2.343981	-1.040456	2	72	55	501.60
0.785398	2.180315	-1.357379	292	284	14	501.59
0.785398	1.699788	2.452890	219	33	51	501.52
2.356194	2.187132	-0.479875	224	11	66	501.51
-1.570796	2.881233	-2.582574	30	38	78	501.49
0.261799	1.617114	-1.572037	282	16	20	501.42
1.570796	1.134497	-1.109631	239	44	279	501.38
-1.570796	1.168678	2.108595	228	291	42	501.37
-1.308997	2.592629	0.909713	44	270	24	501.36
-0.261799	0.866955	-0.931351	254	292	89	501.36
-0.785398	2.138223	1.678323	290	50	86	501.35
-0.785398	2.343981	-1.040456	35	35	51	501.34
0.000000	2.247462	0.191623	263	281	287	501.32
-0.523599	1.335669	0.897240	282	286	39	501.26
0.785398	1.194549	-0.801900	285	27	13	501.26
-3.141593	1.982574	-1.115518	268	274	32	501.25
-2.356194	0.370812	-2.547742	272	7	96	501.22
1.570796	1.554776	0.100351	22	268	282	501.21
1.308997	2.587733	0.232235	279	43	83	501.20
2.879793	1.310100	1.488307	277	282	49	501.15
0.261799	0.709924	0.218797	9	19	38	501.14
1.570796	1.450119	-2.739050	43	41	60	501.13
1.570796	2.407836	1.410646	61	292	250	501.10
2.094395	0.290380	-0.796960	4	290	95	501.09
-0.261799	0.619654	-2.216909	287	5	93	501.07
-2.617994	2.299159	2.264663	278	34	40	501.07
-2.879793	2.174483	2.653697	260	50	16	501.07
-3.141593	2.455966	-0.641220	250	271	74	501.05
-2.094395	2.187132	-0.479875	283	0	29	500.97
-1.570796	0.709924	0.218797	234	43	66	500.93
-0.523599	0.640596	-2.797608	25	13	218	500.91
2.356194	2.104282	-0.813972	19	35	13	500.90
-0.785398	1.846342	-1.796954	247	290	36	500.89
0.523599	1.824694	1.850876	255	33	53	500.89
-0.523599	1.696674	-1.253233	26	53	17	500.86
-3.141593	1.977582	0.969896	280	274	90	500.80
2.617994	1.448123	-2.163292	8	62	63	500.79
-0.785398	1.756530	-2.105156	250	286	42	500.78
0.261799	1.617114	-1.572037	24	291	273	500.77
-1.832596	1.606104	-0.451151	235	64	40	500.72
1.047198	0.864993	2.278281	277	17	52	500.72
-3.141593	1.574060	2.783565	7	8	45	500.70
1.047198	1.998705	2.370472	226	13	70	500.67
-2.094395	2.138223	1.678323	16	16	82	500.65
1.570796	2.396274	-1.959260	44	23	13	500.64
0.523599	1.050534	3.042579	1	0	60	500.64
2.879793	1.554776	0.100351	255	285	43	500.64
0.000000	2.579248	-2.364801	270	58	57	500.61
0.000000	1.699788	2.452890	265	39	50	500.61
1.308997	1.606104	-0.451151	54	272	17	500.60
1.832596	1.699788	2.452890	249	278	51	500.54
-2.879793	2.299159	2.264663	37	6	276	500.54
-1.308997	1.948085	-2.363031	240	7	34	500.52
2.879793	1.050534	3.042579	2	17	45	500.52
0.000000	2.108018	1.311430	278	44	85	500.52
0.523599	1.247695	1.809890	20	277	35	500.52
0.261799	0.640596	-2.797608	16	288	232	500.51
-1.047198	1.510910	-0.740472	219	11	48	500.49
-1.047198	0.458961	-0.107937	242	27	81	500.45
-1.570796	2.187132	-0.479875	2	4	32	500.39
-0.523599	0.864993	2.278281	276	267	60	500.37
1.308997	0.674054	1.013609	274	33	41	500.37
1.308997	1.413430	2.550734	22	21	49	500.36
-1.832596	1.574060	2.783565	243	18	43	500.35
-2.094395	1.488617	1.159546	14	282	276	500.30
1.308997	0.910508	1.903534	219	10	20	500.29
-1.832596	0.914445	2.687814	245	11	67	500.26
0.523599	1.574060	2.783565	222	49	31	500.26
-0.785398	1.391910	3.030322	278	40	39	500.22
-2.094395	2.393226	1.857173	8	26	84	500.21
-2.094395	2.343981	-1.040456	291	2	24	500.19
0.523599	1.545873	-1.877082	270	23	17	500.19
1.832596	0.960688	-0.577532	280	31	20	500.15
1.308997	2.379497	0.561089	272	39	90	500.15
1.570796	1.870545	-2.976234	16	14	36	500.13
-1.570796	1.488617	1.159546	234	16	21	500.12
1.047198	2.001437	0.381215	263	54	71	500.11
-1.832596	1.909857	-0.381669	265	18	16	500.10
-1.047198	1.982574	-1.115518	8	22	23	500.08
0.785398	2.704512	1.488683	280	2	97	500.04
0.785398	1.413347	-1.339188	289	16	20	500.02
-0.523599	1.335669	0.897240	290	0	42	499.99
0.261799	1.413347	-1.339188	286	14	20	499.94
-2.356194	2.478122	2.609777	283	33	39	499.92
1.047198	0.866955	-0.931351	288	23	13	499.91
2.879793	1.367556	0.358405	262	17	36	499.90
-0.523599	2.356369	3.005869	278	77	67	499.89
-0.261799	1.242974	-2.977882	284	265	58	499.87
0.785398	0.910508	1.903534	277	24	51	499.85
-1.570796	2.724429	-0.348782	260	41	281	499.85
2.617994	2.247462	0.191623	12	41	293	499.81
1.570796	2.180315	-1.357379	44	7	22	499.81
-2.617994	1.247695	1.809890	241	54	33	499.77
0.261799	1.134497	-1.109631	44	262	269	499.73
1.570796	0.370812	-2.547742	281	30	90	499.72
0.785398	1.554776	0.100351	13	275	25	499.69
1.570796	1.875281	0.107086	233	49	68	499.65
1.570796	1.448123	-2.163292	43	27	68	499.62
0.261799	0.960688	-0.577532	16	71	291	499.62
-1.047198	0.762244	-0.273349	235	30	78	499.57
-0.261799	1.506530	1.988858	285	279	41	499.57
-2.356194	2.001437	0.381215	268	53	4	499.57
-1.308997	2.588535	-2.976617	26	59	71	499.51
0.523599	2.356369	3.005869	231	45	68	499.50
0.261799	1.134497	-1.109631	290	13	22	499.49
-1.308997	1.025536	1.576859	231	288	43	499.43
0.261799	2.174483	2.653697	268	9	42	499.39
0.523599	0.685216	-1.712745	41	263	280	499.33
1.308997	2.455966	-0.641220	249	62	70	499.31
-1.570796	1.135834	-1.431087	243	27	84	499.28
0.785398	2.881233	-2.582574	240	37	83	499.25
-3.141593	1.135834	-1.431087	292	53	70	499.24
-1.832596	1.766067	2.153843	262	23	43	499.23
1.308997	1.846342	-1.796954	51	2	48	499.22
2.617994	2.407836	1.410646	41	10	258	499.22
1.308997	2.455966	-0.641220	255	51	62	499.13
0.000000	0.733948	3.021411	5	284	74	499.11
-2.094395	0.866955	-0.931351	269	53	87	499.08
2.356194	2.592629	0.909713	39	2	282	499.04
2.356194	1.696674	-1.253233	226	289	15	499.03
-0.523599	1.683268	0.374177	39	52	66	498.98
-1.308997	0.929350	-2.910676	257	285	79	498.93
1.047198	0.674054	1.013609	265	42	31	498.92
1.308997	2.863997	0.549740	9	37	99	498.89
2.356194	2.073035	2.027405	29	274	23	498.84
-2.879793	0.960688	-0.577532	6	64	75	498.79
2.879793	0.929350	-2.910676	263	62	78	498.75
2.879793	0.618092	2.539118	268	70	75	498.74
1.047198	2.089241	-0.114193	12	270	2	498.70
1.308997	1.242974	-2.977882	29	22	61	498.66
-1.047198	0.960688	-0.577532	231	20	70	498.65
-1.047198	0.961715	0.014085	224	23	62	498.65
-1.570796	2.138223	1.678323	21	34	89	498.62
0.261799	0.297065	2.160177	286	20	59	498.59
1.047198	2.063651	-2.044600	224	54	29	498.57
0.000000	0.866395	-2.492918	289	286	78	498.56
-2.356194	1.433411	-1.035986	260	70	64	498.51
1.308997	2.153910	-1.714959	221	47	37	498.48
-0.523599	1.998705	2.370472	279	68	67	498.45
-2.094395	0.297065	2.160177	236	16	79	498.45
2.356194	1.310100	1.488307	248	263	52	498.44
-1.047198	1.982574	-1.115518	7	21	23	498.38
-2.356194	2.073035	2.027405	266	29	38	498.37
1.570796	1.545873	-1.877082	45	22	66	498.36
-1.570796	0.733948	3.021411	250	284	80	498.27
2.094395	2.592629	0.909713	43	3	284	498.26
2.879793	1.135813	-2.658866	269	67	76	498.26
2.879793	2.089241	-0.114193	240	279	72	498.25
1.570796	1.998705	2.370472	237	279	70	498.24
0.000000	2.719179	-1.780644	41	226	235	498.24
2.094395	0.700570	1.559208	291	36	56	498.21
-0.261799	1.824694	1.850876	283	19	54	498.19
-1.832596	0.733948	3.021411	249	4	80	498.18
2.094395	0.762244	-0.273349	226	27	288	498.18
2.094395	1.242974	-2.977882	17	48	61	498.17
2.879793	2.592629	0.909713	273	17	86	498.17
-2.094395	0.866395	-2.492918	249	16	90	498.14
-3.141593	1.506530	1.988858	3	273	53	498.11
-2.617994	2.089241	-0.114193	280	58	6	498.06
-1.570796	0.640596	-2.797608	264	286	91	498.04
2.879793	1.554776	0.100351	9	57	25	497.97
-1.570796	1.417623	-0.202254	224	46	37	497.97
-1.832596	2.164094	-2.991358	246	25	24	497.93
-2.094395	2.073035	2.027405	286	24	56	497.91
-1.308997	0.297065	2.160177	59	3	262	497.91
0.523599	0.080730	-2.622036	291	41	91	497.89
-0.785398	1.846342	-1.796954	274	23	21	497.89
-0.261799	0.640596	-2.797608	19	7	216	497.85
-1.832596	1.504028	0.636812	242	30	23	497.83
2.094395	2.456751	-1.503343	27	30	8	497.80
0.261799	1.617114	-1.572037	282	15	20	497.79
0.785398	2.579248	-2.364801	252	26	41	497.75
-2.617994	2.108018	1.311430	13	289	95	497.75
-1.308997	1.741644	-2.695914	246	10	41	497.75
-2.356194	2.174483	2.653697	267	36	31	497.73
-0.261799	2.104282	-0.813972	29	59	48	497.71
-2.879793	0.910508	1.903534	262	40	56	497.71
0.261799	0.640596	-2.797608	6	6	85	497.70
-2.617994	0.914445	2.687814	230	45	62	497.69
2.879793	2.174483	2.653697	270	66	6	497.69
-1.832596	0.914445	2.687814	15	36	33	497.67
1.570796	1.721184	-0.153948	226	51	47	497.64
-2.617994	2.579248	-2.364801	241	58	293	497.64
-1.047198	0.961715	0.014085	224	22	62	497.63
1.832596	1.184361	0.625864	265	36	38	497.61
-1.308997	0.762244	-0.273349	237	37	76	497.60
-0.523599	2.187132	-0.479875	256	293	7	497.59
0.785398	2.180315	-1.357379	257	64	40	497.57
-0.261799	0.961715	0.014085	33	62	14	497.56
1.308997	0.619654	-2.216909	47	267	271	497.56
0.261799	2.724429	-0.348782	16	46	83	497.53
-2.617994	1.574060	2.783565	239	52	40	497.48
-1.832596	0.709924	0.218797	243	44	62	497.46
1.308997	0.419640	2.974122	24	48	87	497.41
-0.785398	0.733948	3.021411	281	275	80	497.38
2.356194	2.343981	-1.040456	224	1	59	497.34
2.094395	2.724429	-0.348782	246	36	83	497.33
0.261799	1.413347	-1.339188	286	15	20	497.30
-2.617994	0.458961	-0.107937	289	58	80	497.28
1.570796	0.379747	-1.713059	277	10	90	497.24
1.832596	2.724429	-0.348782	252	45	83	497.12
-1.308997	1.504028	0.636812	16	12	48	497.10
0.000000	2.404280	-0.174044	262	283	288	497.10
2.879793	1.440580	2.260026	290	6	50	497.08
2.617994	1.134796	2.434290	289	9	47	497.00
2.094395	2.863997	0.549740	281	40	89	496.99
0.785398	1.025536	1.576859	62	265	10	496.98
-2.356194	1.875281	0.107086	266	43	13	496.93
-1.570796	1.736875	3.023612	228	288	33	496.91
0.785398	1.812176	0.656819	273	45	55	496.86
-0.523599	0.674054	1.013609	249	272	60	496.83
0.000000	2.299159	2.264663	258	37	69	496.74
-2.094395	2.299159	2.264663	26	29	79	496.73
0.261799	2.719179	-1.780644	275	62	64	496.72
-1.570796	0.831641	0.616218	226	29	51	496.71
-0.261799	1.310100	1.488307	291	5	49	496.67
-3.141593	0.709924	0.218797	1	57	61	496.63
-1.047198	0.419640	2.974122	282	274	88	496.58
-2.356194	1.450119	-2.739050	226	39	59	496.57
-0.261799	1.134796	2.434290	287	262	50	496.51
-1.832596	1.872854	1.543456	271	15	48	496.46
1.047198	1.417623	-0.202254	257	61	24	496.43
1.570796	2.033014	2.977192	228	248	14	496.43
2.617994	1.504028	0.636812	272	32	41	496.40
-0.523599	1.658653	-2.409879	261	287	43	496.34
1.308997	2.001437	0.381215	26	274	287	496.34
-2.879793	1.569311	-3.003978	238	65	43	496.31
-1.308997	2.063651	-2.044600	240	15	28	496.23
-1.832596	1.662363	0.915448	259	9	34	496.20
-2.617994	0.418037	1.360082	255	53	72	496.20
-2.879793	1.195355	1.200319	21	267	9	496.19
1.308997	1.904882	-1.478089	49	285	43	496.18
0.523599	2.456751	-1.503343	269	66	53	496.18
1.047198	0.850607	-1.335383	1	287	91	496.16
-0.261799	2.104282	-0.813972	23	51	43	496.15
1.047198	2.115563	0.685730	261	47	88	496.11
1.308997	1.510910	-0.740472	235	64	14	496.04
2.879793	1.824694	1.850876	274	268	20	496.04
-2.879793	2.704512	1.488683	287	26	89	496.03
1.832596	1.510910	-0.740472	33	14	36	496.03
-0.261799	2.001437	0.381215	19	47	72	495.97
2.356194	1.417623	-0.202254	250	20	28	495.92
1.832596	1.606104	-0.451151	46	7	36	495.92
0.000000	0.960688	-0.577532	1	10	27	495.92
-0.261799	0.618092	2.539118	1	270	73	495.92
-0.523599	0.929350	-2.910676	276	278	72	495.90
-3.141593	2.073035	2.027405	27	23	245	495.88
-2.356194	1.658653	-2.409879	293	282	283	495.87
-3.141593	1.504028	0.636812	271	38	35	495.86
0.261799	2.033014	2.977192	264	12	39	495.81
0.785398	1.606104	-0.451151	270	75	33	495.80
0.523599	0.961715	0.014085	2	48	25	495.77
0.785398	1.555207	1.708892	27	285	20	495.76
1.047198	2.356369	3.005869	223	10	63	495.73
2.356194	1.998705	2.370472	275	255	70	495.72
0.523599	0.709924	0.218797	9	25	38	495.68
-3.141593	0.914445	2.687814	292	15	43	495.68
-1.308997	1.741644	-2.695914	248	14	41	495.61
-0.523599	2.343981	-1.040456	254	291	8	495.59
-2.094395	2.637879	2.121598	8	36	88	495.57
-0.523599	1.135834	-1.431087	11	37	0	495.57
0.261799	1.310100	1.488307	8	278	36	495.57
-2.879793	2.251330	-2.330739	251	76	19	495.56
0.785398	1.128190	-2.288622	19	293	79	495.56
1.047198	2.404280	-0.174044	274	57	74	495.51
0.000000	1.545873	-1.877082	281	44	14	495.48
-2.879793	2.295480	1.008277	286	293	99	495.48
1.832596	1.448123	-2.163292	279	3	20	495.44
-1.832596	1.998705	2.370472	268	28	44	495.43
-1.308997	2.760637	2.781135	293	54	81	495.43
1.308997	0.418037	1.360082	277	31	48	495.43
-0.523599	1.448123	-2.163292	276	33	20	495.42
0.000000	2.637879	2.121598	252	26	90	495.36
-3.141593	1.998705	2.370472	44	6	284	495.35
-0.785398	1.256302	0.062705	220	2	44	495.35
-0.785398	2.719179	-1.780644	247	283	289	495.34
-2.879793	1.050534	3.042579	2	18	34	495.34
0.000000	0.640596	-2.797608	1	1	82	495.32
-2.879793	0.080730	-2.622036	265	290	94	495.30
0.000000	1.113094	-0.272241	4	13	29	495.30
-0.523599	0.960688	-0.577532	238	0	78	495.29
-1.047198	2.001437	0.381215	230	16	287	495.26
-2.094395	1.658653	-2.409879	222	32	55	495.25
-1.570796	2.881233	-2.582574	29	38	78	495.24
-0.523599	0.864993	2.278281	279	254	59	495.24
1.832596	0.685216	-1.712745	62	273	14	495.23
-0.785398	2.089241	-0.114193	37	24	64	495.21
1.832596	0.615174	-0.666022	63	286	287	495.12
0.785398	0.831641	0.616218	12	14	48	495.11
-1.308997	2.719179	-1.780644	238	11	290	495.08
0.261799	1.504028	0.636812	3	15	36	495.07
1.308997	1.045978	0.343692	228	58	24	495.05
-2.094395	0.866395	-2.492918	67	285	228	495.04
0.785398	1.554776	0.100351	14	287	24	495.03
-2.617994	1.135813	-2.658866	239	43	76	495.00
-2.356194	1.413430	2.550734	232	37	42	494.99
-0.523599	2.001437	0.381215	26	37	72	494.94
-1.832596	1.413347	-1.339188	234	43	69	494.91
-2.356194	0.370812	-2.547742	50	2	251	494.89
2.617994	1.135813	-2.658866	282	69	76	494.87
-2.094395	1.218453	2.777284	219	18	48	494.84
2.879793	1.247695	1.809890	282	280	45	494.82
1.308997	0.866955	-0.931351	286	24	13	494.82
1.308997	1.135813	-2.658866	25	18	70	494.80
1.047198	1.391910	3.030322	282	1	44	494.79
-2.356194	1.413347	-1.339188	258	57	56	494.77
-3.141593	2.979456	-1.009304	10	42	281	494.77
0.785398	1.732874	-0.951685	278	31	17	494.74
0.523599	2.073035	2.027405	240	38	82	494.70
-0.523599	1.977582	0.969896	13	45	83	494.69
-0.261799	2.356369	3.005869	265	78	68	494.69
2.356194	2.404280	-0.174044	237	22	83	494.68
-2.094395	1.872854	1.543456	270	18	48	494.66
-2.879793	2.108018	1.311430	29	15	239	494.61
-0.785398	1.417623	-0.202254	281	5	26	494.60
-0.261799	2.456751	-1.503343	261	284	7	494.60
-1.047198	0.733948	3.021411	269	267	79	494.59
-1.308997	1.135813	-2.658866	248	280	77	494.59
2.356194	2.407836	1.410646	38	267	42	494.55
0.523599	2.760637	2.781135	239	18	84	494.54
0.261799	2.724429	-0.348782	18	44	82	494.52
0.523599	0.370812	-2.547742	3	29	94	494.52
-0.523599	2.073035	2.027405	279	55	75	494.48
1.570796	2.153910	-1.714959	36	16	21	494.44
-0.261799	0.418037	1.360082	279	278	72	494.44
-1.832596	1.599406	1.426070	251	13	32	494.43
-1.570796	1.134497	-1.109631	241	37	81	494.42
-0.785398	2.108018	1.311430	5	41	89	494.42
1.308997	1.875281	0.107086	250	51	54	494.39
2.094395	2.984978	1.954446	16	1	91	494.39
-1.308997	1.504028	0.636812	26	15	50	494.39
-2.356194	2.704512	1.488683	285	27	93	494.38
-2.617994	2.356369	3.005869	266	44	21	494.37
0.000000	1.699788	2.452890	265	40	50	494.36
1.047198	2.115563	0.685730	266	43	80	494.35
0.261799	1.247695	1.809890	10	271	37	494.33
1.832596	2.393226	1.857173	60	3	236	494.29
-2.879793	2.456751	-1.503343	287	260	55	494.24
0.785398	1.977582	0.969896	263	45	77	494.24
0.785398	1.325504	-1.671296	275	20	14	494.23
-1.832596	2.343981	-1.040456	231	53	10	494.23
-3.141593	1.335669	0.897240	272	276	47	494.21
0.785398	1.617114	-1.572037	257	58	10	494.20
2.356194	2.456751	-1.503343	37	56	8	494.20
2.356194	0.709924	0.218797	286	38	43	494.19
-1.308997	1.433411	-1.035986	224	23	61	494.18
0.785398	2.138223	1.678323	249	30	92	494.17
-1.570796	1.998705	2.370472	269	24	45	494.16
-2.356194	2.073035	2.027405	267	28	38	494.16
0.000000	1.113094	-0.272241	11	46	19	494.15
-2.879793	0.992645	-1.723759	279	50	93	494.14
1.308997	1.440580	2.260026	24	25	45	494.13
0.785398	1.433411	-1.035986	280	28	14	494.08
1.308997	1.662363	0.915448	231	39	71	494.05
-0.785398	0.619654	-2.216909	279	3	92	494.00
0.785398	0.961715	0.014085	288	283	290	494.00
1.832596	2.104282	-0.813972	221	39	51	493.96
0.261799	1.025536	1.576859	8	272	46	493.94
2.094395	1.214854	-1.966664	23	38	75	493.93
-0.523599	2.724429	-0.348782	241	11	277	493.92
-1.308997	2.089241	-0.114193	31	293	61	493.86
1.570796	0.619654	-2.216909	0	27	95	493.84
-1.047198	0.685216	-1.712745	265	14	87	493.83
-2.094395	1.310100	1.488307	235	37	32	493.81
2.617994	1.135813	-2.658866	281	69	75	493.76
1.832596	1.606104	-0.451151	217	38	34	493.75
-1.308997	2.180315	-1.357379	8	22	25	493.74
-3.141593	1.766067	2.153843	288	256	19	493.69
0.785398	2.579248	-2.364801	236	41	54	493.64
-1.570796	1.413347	-1.339188	229	30	70	493.59
-2.356194	2.104282	-0.813972	282	1	24	493.50
-1.308997	1.367556	0.358405	18	8	40	493.47
-1.047198	1.450119	-2.739050	263	19	44	493.46
2.094395	2.863997	0.549740	283	38	87	493.45
-0.523599	2.108018	1.311430	290	45	86	493.45
-1.570796	0.203748	0.590255	251	45	86	493.43
1.832596	0.370812	-2.547742	276	31	91	493.41
2.356194	2.724429	-0.348782	248	20	69	493.39
0.261799	1.504028	0.636812	284	259	18	493.38
-2.356194	1.875281	0.107086	267	66	10	493.38
0.785398	2.664082	-1.071402	270	59	65	493.35
-1.047198	1.256302	0.062705	218	19	44	493.34
1.308997	1.545873	-1.877082	85	271	29	493.32
-0.261799	1.658653	-2.409879	270	32	25	493.31
0.000000	2.349581	-2.702517	261	51	47	493.31
1.047198	1.374601	-2.456031	41	7	69	493.29
1.570796	1.696674	-1.253233	49	0	51	493.29
0.261799	2.108018	1.311430	271	49	95	493.28
-0.785398	0.961715	0.014085	225	7	62	493.25
0.523599	0.418037	1.360082	13	285	72	493.25
2.617994	2.404280	-0.174044	238	9	83	493.24
0.785398	2.180315	-1.357379	254	81	43	493.23
1.570796	2.164094	-2.991358	16	14	29	493.15
1.308997	0.297065	2.160177	15	31	79	493.14
1.832596	1.242974	-2.977882	24	41	61	493.14
-1.047198	0.496451	0.593859	232	18	74	493.14
-1.832596	1.195355	1.200319	233	29	35	493.13
-3.141593	2.984978	1.954446	12	33	89	493.13
-1.832596	1.134497	-1.109631	247	47	80	493.13
1.832596	1.606104	-0.451151	218	38	34	493.08
-1.047198	2.343981	-1.040456	220	5	8	493.08
2.094395	0.961715	0.014085	23	31	47	493.07
-1.047198	2.478122	2.609777	291	59	77	493.07
0.523599	1.135834	-1.431087	44	264	270	493.04
2.356194	2.704512	1.488683	52	278	42	492.95
2.617994	1.599406	1.426070	287	42	43	492.95
-1.832596	1.247695	1.809890	234	21	38	492.90
0.000000	0.914445	2.687814	1	289	65	492.84
-2.879793	2.404280	-0.174044	9	66	285	492.82
1.047198	1.506530	1.988858	219	26	54	492.82
-2.879793	1.134796	2.434290	265	44	57	492.79
1.047198	0.619654	-2.216909	43	266	271	492.79
1.570796	1.025536	1.576859	221	8	33	492.76
2.617994	0.370812	-2.547742	261	28	93	492.73
0.785398	1.506530	1.988858	223	42	55	492.70
-1.308997	0.418037	1.360082	284	11	57	492.67
1.308997	0.297065	2.160177	15	30	79	492.67
-0.785398	2.247462	0.191623	25	19	74	492.64
-0.785398	2.719179	-1.780644	248	281	289	492.62
-1.308997	1.824694	1.850876	31	52	74	492.61
-2.094395	0.850607	-1.335383	24	9	22	492.58
1.832596	1.699788	2.452890	4	15	49	492.55
1.308997	1.168678	2.108595	237	14	36	492.54
-0.785398	2.979456	-1.009304	34	20	89	492.53
-1.047198	2.637879	2.121598	277	42	87	492.52
-0.261799	1.736875	3.023612	280	267	33	492.51
1.308997	1.741644	-2.695914	52	26	44	492.50
-0.523599	1.448123	-2.163292	288	45	14	492.46
-0.785398	1.256302	0.062705	22	20	32	492.45
-2.617994	1.168678	2.108595	256	39	52	492.43
1.570796	1.301460	-0.509251	227	53	13	492.43
0.523599	2.108018	1.311430	264	45	95	492.43
-0.261799	2.881233	-2.582574	275	64	78	492.42
-2.879793	2.984978	1.954446	39	5	276	492.41
-0.523599	0.700570	1.559208	261	259	59	492.41
0.261799	2.393226	1.857173	255	28	90	492.40
-2.879793	1.448123	-2.163292	257	67	71	492.40
-0.785398	1.732874	-0.951685	6	23	21	492.35
-0.261799	1.310100	1.488307	290	2	49	492.34
-0.523599	1.683268	0.374177	32	46	59	492.34
0.000000	1.134497	-1.109631	288	11	22	492.33
2.617994	2.979456	-1.009304	245	9	89	492.29
2.094395	0.961715	0.014085	272	30	29	492.28
0.785398	0.379747	-1.713059	276	18	96	492.27
-2.094395	1.195355	1.200319	255	24	44	492.27
0.261799	0.618092	2.539118	14	288	73	492.26
0.000000	2.587733	0.232235	19	28	92	492.23
-2.094395	2.041297	-2.664597	219	26	25	492.23
0.785398	1.732874	-0.951685	265	66	24	492.22
0.785398	2.001437	0.381215	274	55	65	492.22
-1.832596	2.478122	2.609777	23	42	77	492.21
1.047198	2.153910	-1.714959	231	64	36	492.20
1.308997	1.391910	3.030322	19	14	52	492.20
-1.832596	0.370812	-2.547742	281	293	97	492.18
-1.570796	1.574060	2.783565	245	8	43	492.17
0.523599	1.998705	2.370472	229	40	66	492.16
0.523599	2.174483	2.653697	228	39	67	492.15
1.308997	2.343981	-1.040456	235	59	56	492.08
-0.261799	1.194549	-0.801900	12	39	12	492.02
0.000000	0.929350	-2.910676	279	291	59	492.02
2.617994	1.135813	-2.658866	1	45	63	491.98
-1.570796	0.640596	-2.797608	265	288	90	491.94
1.832596	1.310100	1.488307	267	19	51	491.93
0.523599	1.869911	2.701025	224	46	50	491.92
-2.879793	2.455966	-0.641220	5	71	291	491.91
-0.523599	0.866395	-2.492918	23	276	291	491.86
-1.570796	1.555207	1.708892	261	8	43	491.81
0.523599	1.014500	0.906702	11	263	43	491.79
2.617994	1.809167	1.213774	264	272	83	491.77
-1.308997	2.108018	1.311430	14	28	88	491.69
-1.308997	1.948085	-2.363031	241	9	34	491.68
-0.523599	1.391910	3.030322	277	251	48	491.50
0.523599	1.662363	0.915448	293	20	41	491.44
-1.308997	2.478122	2.609777	5	53	75	491.42
-1.570796	0.910508	1.903534	223	0	50	491.37
-2.094395	1.606104	-0.451151	263	26	22	491.36
1.832596	0.899350	-2.069907	9	34	91	491.34
1.308997	2.664082	-1.071402	247	50	65	491.33
-0.785398	1.448123	-2.163292	278	34	20	491.32
-0.261799	2.073035	2.027405	265	60	78	491.31
-1.047198	1.904882	-1.478089	4	28	21	491.28
0.785398	1.134497	-1.109631	57	236	29	491.27
1.570796	2.138223	1.678323	253	2	92	491.26
-1.047198	0.297065	2.160177	262	272	83	491.23
-0.261799	1.218453	2.777284	288	263	53	491.22
-3.141593	1.335669	0.897240	270	21	46	491.20
-1.832596	1.606104	-0.451151	240	46	29	491.19
0.000000	1.135813	-2.658866	293	274	73	491.19
2.356194	1.998705	2.370472	287	5	55	491.18
-1.047198	1.875281	0.107086	38	15	60	491.16
-1.832596	1.440580	2.260026	254	19	46	491.14
1.047198	2.001437	0.381215	264	51	64	491.09
1.308997	0.910508	1.903534	277	20	52	491.09
-2.879793	0.899350	-2.069907	269	43	95	491.00
2.879793	2.863997	0.549740	266	30	84	490.98
2.879793	1.599406	1.426070	275	282	60	490.96
-1.570796	1.554776	0.100351	223	45	21	490.92
2.879793	2.407836	1.410646	40	279	18	490.92
1.047198	1.904882	-1.478089	20	284	30	490.89
-2.094395	0.458961	-0.107937	270	57	80	490.86
1.570796	0.709924	0.218797	228	46	2	490.85
0.785398	1.134497	-1.109631	52	268	266	490.83
-0.785398	0.762244	-0.273349	234	17	78	490.75
1.308997	0.203748	0.590255	6	255	46	490.71
-2.094395	1.247695	1.809890	230	29	35	490.70
-1.832596	1.599406	1.426070	235	23	17	490.68
0.000000	2.979456	-1.009304	18	46	85	490.66
-1.570796	0.203748	0.590255	250	30	80	490.63
2.879793	0.850607	-1.335383	11	40	95	490.56
2.879793	1.325504	-1.671296	6	55	62	490.55
-0.261799	2.247462	0.191623	21	37	75	490.54
0.261799	0.914445	2.687814	268	17	46	490.53
-1.832596	1.736875	3.023612	242	21	38	490.53
-2.094395	1.836682	-0.676006	0	284	28	490.51
1.832596	0.899350	-2.069907	10	34	92	490.48
0.785398	1.904882	-1.478089	255	62	25	490.47
-1.832596	1.413430	2.550734	249	20	49	490.44
-2.094395	1.450119	-2.739050	46	3	288	490.43
2.879793	1.699788	2.452890	3	14	50	490.38
1.570796	0.619654	-2.216909	292	24	92	490.37
2.879793	2.356369	3.005869	270	66	2	490.35
-0.261799	1.247695	1.809890	287	8	52	490.35
1.570796	1.998705	2.370472	237	280	70	490.34
2.617994	2.456751	-1.503343	27	66	8	490.33
0.261799	2.299159	2.264663	266	17	56	490.24
1.308997	2.863997	0.549740	7	33	95	490.23
0.261799	2.404280	-0.174044	14	54	77	490.21
0.523599	1.050534	3.042579	283	2	53	490.20
-0.261799	0.960688	-0.577532	29	49	0	490.17
0.785398	1.134497	-1.109631	0	17	22	490.16
-0.261799	0.458961	-0.107937	246	3	85	490.15
2.879793	1.135834	-1.431087	13	57	87	490.07
-0.261799	1.113094	-0.272241	239	275	62	490.03
2.617994	1.134497	-1.109631	30	46	83	490.02
-2.094395	2.637879	2.121598	6	36	86	490.01
0.785398	1.869911	2.701025	219	31	51	489.98
2.356194	2.588535	-2.976617	61	5	254	489.92
1.832596	0.700570	1.559208	34	47	60	489.90
2.879793	1.683268	0.374177	8	61	17	489.84
-1.832596	1.128190	-2.288622	241	14	85	489.80
-0.261799	1.135834	-1.431087	267	281	87	489.78
-0.261799	2.588535	-2.976617	266	62	67	489.78
0.785398	1.904882	-1.478089	255	63	25	489.77
1.570796	1.554776	0.100351	224	48	45	489.74
1.308997	0.850607	-1.335383	7	292	92	489.71
1.308997	1.824694	1.850876	231	10	76	489.64
1.047198	1.982574	-1.115518	30	263	29	489.62
-0.785398	2.664082	-1.071402	256	11	293	489.62
-2.617994	0.458961	-0.107937	289	57	80	489.61
-2.879793	1.875281	0.107086	282	52	13	489.57
-3.141593	1.812176	0.656819	288	60	11	489.56
-3.141593	2.407836	1.410646	286	6	86	489.54
1.047198	0.496451	0.593859	18	286	70	489.54
2.094395	0.961715	0.014085	259	31	25	489.54
-2.879793	0.866955	-0.931351	56	23	37	489.53
-0.261799	2.073035	2.027405	270	48	69	489.52
2.617994	2.579248	-2.364801	5	64	3	489.52
1.308997	1.606104	-0.451151	22	287	25	489.46
1.308997	1.982574	-1.115518	65	264	256	489.45
1.832596	0.290380	-0.796960	58	287	290	489.44
1.832596	1.504028	0.636812	267	37	43	489.42
0.785398	1.184361	0.625864	19	278	37	489.42
-1.570796	1.134497	-1.109631	238	37	77	489.39
0.261799	2.396274	-1.959260	269	67	49	489.37
-1.570796	1.450119	-2.739050	229	289	59	489.34
1.047198	1.574060	2.783565	214	14	30	489.32
0.000000	1.555207	1.708892	286	23	54	489.32
-0.785398	0.640596	-2.797608	275	293	80	489.29
-0.261799	1.736875	3.023612	269	30	42	489.29
-0.261799	2.719179	-1.780644	9	70	70	489.27
1.570796	1.617114	-1.572037	48	9	59	489.27
-3.141593	0.203748	0.590255	290	48	79	489.25
2.356194	1.606104	-0.451151	218	4	35	489.23
1.570796	0.591903	2.010408	287	23	59	489.15
0.523599	2.984978	1.954446	39	262	15	489.15
0.261799	0.960688	-0.577532	11	65	0	489.14
-2.617994	1.998705	2.370472	279	34	44	489.13
-2.617994	1.948085	-2.363031	7	13	27	489.05
0.000000	2.664082	-1.071402	21	68	76	489.01
-1.832596	2.379497	0.561089	52	257	40	489.00
-1.832596	1.606104	-0.451151	235	57	35	488.99
0.523599	1.335669	0.897240	7	10	40	488.96
-1.832596	2.299159	2.264663	19	37	77	488.96
1.570796	2.863997	0.549740	4	41	99	488.96
2.617994	0.709924	0.218797	25	47	65	488.94
-2.094395	0.733948	3.021411	247	16	80	488.94
2.094395	1.721184	-0.153948	218	21	52	488.94
-1.570796	2.979456	-1.009304	250	42	275	488.93
-2.879793	0.615174	-0.666022	15	48	91	488.92
-2.094395	2.704512	1.488683	281	27	91	488.89
0.261799	2.251330	-2.330739	264	38	35	488.88
-0.261799	1.247695	1.809890	286	5	52	488.84
-2.094395	1.184361	0.625864	240	63	35	488.83
-0.523599	1.128190	-2.288622	49	21	225	488.81
-1.832596	0.866395	-2.492918	252	7	90	488.81
1.570796	1.662363	0.915448	230	27	75	488.80
1.047198	1.904882	-1.478089	39	271	42	488.77
1.832596	2.180315	-1.357379	46	22	22	488.64
-1.832596	2.881233	-2.582574	34	26	79	488.59
0.261799	1.025536	1.576859	55	225	2	488.57
-1.832596	1.574060	2.783565	232	14	39	488.57
-3.141593	1.683268	0.374177	3	66	16	488.57
2.094395	2.356369	3.005869	269	274	63	488.51
1.047198	1.982574	-1.115518	269	28	16	488.47
-2.879793	0.458961	-0.107937	6	50	79	488.47
-0.261799	1.569311	-3.003978	270	63	27	488.43
-2.094395	1.014500	0.906702	240	45	44	488.39
1.047198	1.683268	0.374177	25	261	10	488.39
-1.308997	2.138223	1.678323	13	39	86	488.38
1.570796	0.591903	2.010408	287	24	59	488.33
-0.261799	2.863997	0.549740	268	25	274	488.24
0.523599	2.108018	1.311430	264	38	86	488.16
-1.047198	2.407836	1.410646	287	29	94	488.14
-0.523599	1.875281	0.107086	42	44	68	488.10
-1.570796	2.592629	0.909713	41	272	48	488.10
-1.308997	2.295480	1.008277	7	15	92	488.09
-1.308997	2.138223	1.678323	11	40	86	488.07
-2.879793	1.599406	1.426070	22	20	267	488.00
-2.094395	2.187132	-0.479875	9	17	264	487.99
0.000000	2.407836	1.410646	274	27	92	487.94
0.000000	1.134497	-1.109631	288	12	22	487.93
-0.523599	0.496451	0.593859	240	285	74	487.91
-2.879793	0.700570	1.559208	264	41	59	487.86
0.523599	2.724429	-0.348782	50	24	48	487.85
-2.356194	1.982574	-1.115518	275	34	15	487.85
1.570796	1.732874	-0.951685	91	262	273	487.83
-2.617994	0.080730	-2.622036	272	286	94	487.83
1.308997	2.063651	-2.044600	217	37	29	487.81
0.785398	1.510910	-0.740472	283	31	16	487.81
-2.356194	1.301460	-0.509251	291	264	16	487.81
-0.785398	0.290380	-0.796960	263	34	90	487.74
0.785398	1.214854	-1.966664	41	265	270	487.73
-2.356194	1.696674	-1.253233	7	277	19	487.73
-0.261799	1.569311	-3.003978	261	257	7	487.68
1.308997	1.554776	0.100351	18	258	282	487.63
0.261799	0.910508	1.903534	10	277	54	487.62
1.308997	1.510910	-0.740472	235	65	16	487.57
-0.785398	1.194549	-0.801900	232	4	73	487.56
2.617994	1.440580	2.260026	285	278	46	487.55
-2.356194	1.982574	-1.115518	252	75	33	487.51
2.094395	0.960688	-0.577532	7	32	35	487.50
-1.832596	0.496451	0.593859	245	55	74	487.48
1.832596	0.700570	1.559208	271	22	49	487.47
1.570796	1.732874	-0.951685	223	50	25	487.47
0.785398	2.187132	-0.479875	274	64	54	487.47
-1.832596	1.195355	1.200319	233	27	35	487.46
-2.356194	1.184361	0.625864	256	38	38	487.44
-2.879793	2.073035	2.027405	278	33	44	487.42
2.094395	2.579248	-2.364801	25	49	3	487.42
2.356194	2.664082	-1.071402	232	8	76	487.41
-2.356194	2.104282	-0.813972	259	79	20	487.37
0.523599	1.599406	1.426070	248	65	71	487.33
-2.356194	1.555207	1.708892	292	16	257	487.31
-0.523599	1.448123	-2.163292	276	32	20	487.30
1.832596	2.396274	-1.959260	24	21	14	487.29
2.356194	2.587733	0.232235	22	288	7	487.27
-2.356194	1.683268	0.374177	260	53	18	487.27
-1.832596	2.979456	-1.009304	257	49	275	487.27
2.617994	0.866955	-0.931351	29	34	89	487.27
-1.832596	1.310100	1.488307	234	24	32	487.25
0.785398	0.864993	2.278281	81	262	21	487.21
-1.570796	1.506530	1.988858	265	15	48	487.21
0.261799	1.135834	-1.431087	284	268	83	487.20
-0.261799	0.960688	-0.577532	291	8	27	487.11
-2.617994	2.063651	-2.044600	243	72	35	487.11
-1.832596	1.488617	1.159546	249	14	31	487.07
-2.617994	2.153910	-1.714959	14	262	36	487.07
-0.261799	1.599406	1.426070	290	58	61	487.03
1.570796	1.599406	1.426070	228	10	71	487.02
0.785398	0.961715	0.014085	61	229	4	486.97
-2.356194	1.846342	-1.796954	50	267	278	486.96
-0.261799	2.295480	1.008277	292	32	92	486.88
-0.261799	2.881233	-2.582574	273	60	76	486.87
-2.879793	1.870545	-2.976234	239	66	26	486.86
1.570796	2.637879	2.121598	276	286	95	486.80
-1.308997	2.724429	-0.348782	68	257	25	486.79
0.785398	1.045978	0.343692	17	290	42	486.78
2.879793	1.662363	0.915448	278	43	36	486.78
1.832596	1.732874	-0.951685	33	16	31	486.75
-0.261799	0.850607	-1.335383	23	259	15	486.69
0.785398	1.909857	-0.381669	272	73	50	486.69
-1.570796	0.762244	-0.273349	246	51	78	486.68
1.047198	1.809167	1.213774	242	43	83	486.68
1.570796	2.404280	-0.174044	249	51	77	486.68
-1.308997	1.325504	-1.671296	235	6	77	486.60
-2.094395	1.510910	-0.740472	250	58	43	486.60
-2.094395	1.014500	0.906702	246	27	40	486.57
-1.832596	1.025536	1.576859	223	22	42	486.57
0.000000	2.881233	-2.582574	263	54	73	486.56
1.308997	0.910508	1.903534	221	12	21	486.54
1.047198	0.458961	-0.107937	0	272	85	486.51
-0.785398	1.510910	-0.740472	6	18	21	486.50
0.000000	2.979456	-1.009304	17	45	83	486.43
-2.094395	2.478122	2.609777	28	33	78	486.39
-2.617994	0.914445	2.687814	229	46	62	486.38
0.261799	2.299159	2.264663	243	38	78	486.38
0.523599	0.618092	2.539118	270	18	47	486.33
-1.047198	2.299159	2.264663	293	56	80	486.27
1.570796	0.700570	1.559208	277	27	51	486.25
1.570796	1.367556	0.358405	221	43	46	486.20
1.308997	2.592629	0.909713	285	24	97	486.20
-1.308997	1.872854	1.543456	20	36	76	486.18
0.000000	1.506530	1.988858	46	230	281	486.17
2.617994	1.374601	-2.456031	7	50	56	486.14
-3.141593	2.881233	-2.582574	259	55	278	486.14
0.000000	1.658653	-2.409879	288	257	50	486.13
2.094395	1.555207	1.708892	250	278	62	486.09
-2.879793	1.824694	1.850876	276	27	44	486.07
-1.832596	2.164094	-2.991358	247	26	25	486.02
-0.785398	2.138223	1.678323	291	49	86	485.98
0.000000	1.998705	2.370472	249	61	66	485.98
0.523599	0.619654	-2.216909	3	13	95	485.96
-2.879793	0.640596	-2.797608	251	32	90	485.95
-1.047198	1.756530	-2.105156	244	2	42	485.93
-2.094395	1.766067	2.153843	264	28	44	485.91
0.785398	0.496451	0.593859	10	280	70	485.91
-0.785398	1.045978	0.343692	46	41	27	485.88
-1.308997	1.417623	-0.202254	218	31	36	485.88
-1.308997	2.407836	1.410646	291	26	93	485.85
-2.356194	1.977582	0.969896	15	282	90	485.85
0.000000	0.961715	0.014085	14	38	25	485.81
1.832596	0.619654	-2.216909	286	35	96	485.80
1.570796	1.135813	-2.658866	31	41	76	485.80
-0.523599	1.391910	3.030322	258	263	12	485.79
0.523599	1.014500	0.906702	278	45	35	485.79
-2.356194	2.089241	-0.114193	270	52	7	485.79
2.356194	1.909857	-0.381669	221	7	54	485.78
-0.523599	1.450119	-2.739050	272	36	30	485.75
1.570796	1.909857	-0.381669	229	54	54	485.71
-1.308997	0.571433	-1.188419	263	30	86	485.70
-1.308997	1.335669	0.897240	233	13	28	485.63
1.832596	0.618092	2.539118	13	53	75	485.62
-0.785398	1.134497	-1.109631	238	0	76	485.62
-0.785398	1.658653	-2.409879	279	38	26	485.60
0.000000	1.440580	2.260026	293	46	6	485.59
1.832596	0.700570	1.559208	275	26	50	485.57
0.785398	0.864993	2.278281	276	18	52	485.54
1.570796	1.450119	-2.739050	33	27	55	485.51
-2.356194	1.756530	-2.105156	21	285	11	485.50
0.261799	0.992645	-1.723759	290	279	91	485.45
1.308997	1.113094	-0.272241	42	1	23	485.41
-2.617994	0.866955	-0.931351	287	52	79	485.41
-2.094395	2.073035	2.027405	272	28	47	485.40
-1.047198	2.187132	-0.479875	37	13	56	485.40
2.356194	1.450119	-2.739050	14	50	52	485.36
-1.047198	0.297065	2.160177	262	271	82	485.28
0.523599	0.619654	-2.216909	10	19	99	485.25
2.094395	0.992645	-1.723759	18	26	82	485.24
-2.356194	0.906588	1.252948	246	50	51	485.14
-1.047198	0.685216	-1.712745	270	12	96	485.14
1.570796	2.104282	-0.813972	227	54	51	485.14
-1.832596	0.685216	-1.712745	272	20	97	485.11
0.785398	2.760637	2.781135	240	7	83	485.10
2.356194	0.640596	-2.797608	49	253	221	485.10
-2.356194	1.301460	-0.509251	267	77	58	485.09
-2.094395	1.448123	-2.163292	232	36	71	485.09
-3.141593	1.025536	1.576859	279	2	46	485.09
2.617994	2.588535	-2.976617	8	22	29	485.08
-0.523599	0.850607	-1.335383	257	1	87	485.08
2.094395	1.909857	-0.381669	219	24	54	485.08
2.356194	1.606104	-0.451151	270	26	26	485.08
1.308997	1.721184	-0.153948	236	65	47	485.07
2.094395	0.618092	2.539118	2	45	71	485.07
2.356194	1.599406	1.426070	284	30	51	485.04
-0.523599	0.618092	2.539118	290	271	76	485.04
2.879793	2.404280	-0.174044	29	51	285	485.01
1.308997	0.571433	-1.188419	284	292	95	485.00
1.308997	1.413347	-1.339188	36	283	67	485.00
0.523599	0.080730	-2.622036	290	41	91	485.00
-0.523599	1.872854	1.543456	0	54	75	484.97
2.094395	1.766067	2.153843	256	266	64	484.95
-0.523599	1.325504	-1.671296	293	38	9	484.94
1.047198	0.674054	1.013609	265	43	31	484.93
0.523599	1.872854	1.543456	250	54	83	484.92
0.523599	0.914445	2.687814	37	275	292	484.91
2.356194	1.128190	-2.288622	4	58	82	484.90
0.785398	1.413347	-1.339188	278	24	14	484.88
0.785398	1.450119	-2.739050	281	293	38	484.88
-1.570796	0.203748	0.590255	250	29	80	484.88
-2.094395	1.113094	-0.272241	253	66	57	484.87
-3.141593	0.929350	-2.910676	253	56	78	484.85
1.832596	1.195355	1.200319	264	24	47	484.82
2.617994	0.929350	-2.910676	26	29	41	484.76
-1.308997	2.073035	2.027405	21	53	81	484.72
-2.094395	1.301460	-0.509251	252	71	58	484.71
0.000000	1.741644	-2.695914	1	256	44	484.70
-0.785398	1.658653	-2.409879	277	36	25	484.70
0.261799	1.135834	-1.431087	284	268	84	484.66
1.047198	0.297065	2.160177	17	24	79	484.64
-2.879793	0.619654	-2.216909	269	26	99	484.64
1.832596	0.961715	0.014085	263	38	25	484.60
1.832596	1.732874	-0.951685	217	32	24	484.60
-2.879793	1.134497	-1.109631	1	66	83	484.59
2.617994	0.850607	-1.335383	16	35	95	484.58
0.261799	0.379747	-1.713059	277	20	95	484.52
-2.356194	1.824694	1.850876	253	31	30	484.51
2.879793	1.242974	-2.977882	291	39	51	484.50
-1.308997	2.299159	2.264663	16	260	247	484.50
2.879793	0.419640	2.974122	260	41	85	484.39
-1.308997	1.195355	1.200319	50	36	46	484.32
-2.094395	0.864993	2.278281	219	23	53	484.31
-1.832596	2.393226	1.857173	13	33	93	484.30
2.879793	0.709924	0.218797	276	39	45	484.25
-2.617994	1.440580	2.260026	238	51	33	484.19
-2.094395	2.251330	-2.330739	222	35	19	484.18
1.570796	2.295480	1.008277	263	21	95	484.18
-1.047198	2.379497	0.561089	13	7	89	484.17
1.832596	2.863997	0.549740	288	40	94	484.12
-1.570796	2.299159	2.264663	14	44	77	484.00
0.523599	2.187132	-0.479875	290	70	59	483.99
1.570796	2.349581	-2.702517	224	290	56	483.99
-2.094395	2.637879	2.121598	7	36	87	483.95
-1.308997	1.195355	1.200319	48	35	46	483.92
-2.879793	2.478122	2.609777	269	42	16	483.87
2.094395	1.488617	1.159546	234	286	65	483.86
2.879793	0.864993	2.278281	289	5	45	483.85
-2.879793	2.407836	1.410646	31	292	282	483.83
1.832596	2.588535	-2.976617	21	50	292	483.82
-3.141593	0.640596	-2.797608	6	7	51	483.81
-1.308997	0.379747	-1.713059	281	24	89	483.79
-2.356194	2.108018	1.311430	55	268	23	483.79
1.570796	0.700570	1.559208	86	289	21	483.78
2.094395	2.187132	-0.479875	224	27	66	483.75
0.261799	2.349581	-2.702517	245	70	55	483.74
-0.523599	0.914445	2.687814	283	258	65	483.72
0.523599	2.251330	-2.330739	241	73	44	483.70
2.094395	0.685216	-1.712745	63	280	14	483.64
-2.094395	1.741644	-2.695914	218	26	43	483.61
0.000000	2.404280	-0.174044	261	282	288	483.60
-2.617994	1.504028	0.636812	269	16	41	483.60
2.094395	1.128190	-2.288622	14	52	82	483.58
0.261799	0.618092	2.539118	15	289	74	483.56
1.308997	2.407836	1.410646	63	288	249	483.54
0.785398	1.045978	0.343692	293	36	37	483.54
0.261799	2.396274	-1.959260	268	69	49	483.52
-2.356194	1.184361	0.625864	252	50	36	483.48
-1.047198	1.417623	-0.202254	218	19	43	483.45
-3.141593	1.506530	1.988858	269	1	11	483.42
-0.261799	1.325504	-1.671296	289	39	9	483.39
-2.617994	2.455966	-0.641220	272	22	256	483.31
2.094395	1.367556	0.358405	262	32	36	483.30
0.261799	2.664082	-1.071402	2	71	73	483.27
0.261799	1.756530	-2.105156	268	31	23	483.27
-3.141593	1.135834	-1.431087	2	59	87	483.24
-1.570796	2.393226	1.857173	9	39	93	483.24
-1.308997	1.310100	1.488307	265	3	46	483.22
2.879793	2.579248	-2.364801	288	269	59	483.19
1.570796	0.418037	1.360082	282	28	54	483.19
0.523599	0.619654	-2.216909	1	14	95	483.15
0.785398	0.591903	2.010408	271	26	48	483.08
0.785398	1.335669	0.897240	248	62	46	483.06
2.617994	1.554776	0.100351	31	56	26	483.06
-2.094395	0.203748	0.590255	260	45	80	483.04
0.785398	1.662363	0.915448	255	56	64	483.03
2.879793	2.579248	-2.364801	287	65	3	483.02
-1.570796	0.850607	-1.335383	258	30	92	483.00
0.000000	1.766067	2.153843	275	16	51	482.99
0.261799	2.404280	-0.174044	271	277	288	482.97
-1.570796	2.174483	2.653697	25	48	65	482.94
-2.879793	2.153910	-1.714959	292	254	36	482.94
0.785398	1.554776	0.100351	9	6	23	482.94
-2.356194	0.379747	-1.713059	293	14	101	482.93
1.047198	1.696674	-1.253233	10	9	275	482.91
0.785398	2.108018	1.311430	259	39	95	482.87
-0.261799	2.637879	2.121598	255	34	91	482.87
1.570796	1.998705	2.370472	15	22	38	482.86
-2.094395	1.504028	0.636812	249	45	24	482.86
-1.832596	0.379747	-1.713059	291	15	97	482.82
-1.047198	2.343981	-1.040456	228	13	9	482.73
-0.261799	0.914445	2.687814	44	230	27	482.73
0.785398	1.836682	-0.676006	12	41	292	482.64
2.356194	1.335669	0.897240	270	25	46	482.60
1.047198	2.349581	-2.702517	220	30	56	482.58
2.094395	2.174483	2.653697	266	263	68	482.57
0.523599	0.866395	-2.492918	7	0	83	482.53
-1.570796	2.299159	2.264663	26	54	85	482.50
0.261799	1.214854	-1.966664	10	272	85	482.48
-1.570796	2.704512	1.488683	275	23	86	482.48
1.308997	2.724429	-0.348782	271	49	74	482.46
0.261799	2.349581	-2.702517	253	44	45	482.44
1.047198	0.831641	0.616218	284	37	38	482.43
-3.141593	2.174483	2.653697	257	60	4	482.38
-0.261799	1.809167	1.213774	1	49	70	482.37
-2.094395	1.569311	-3.003978	218	22	43	482.35
0.000000	1.869911	2.701025	266	17	44	482.34
2.356194	2.455966	-0.641220	230	15	74	482.33
2.879793	1.367556	0.358405	258	1	39	482.31
-2.094395	0.640596	-2.797608	260	13	89	482.31
0.785398	2.863997	0.549740	64	286	44	482.29
-0.261799	1.736875	3.023612	268	27	41	482.28
-1.047198	1.875281	0.107086	41	15	62	482.26
2.094395	1.214854	-1.966664	21	45	81	482.24
1.570796	2.404280	-0.174044	253	57	83	482.19
1.047198	1.736875	3.023612	22	7	42	482.17
-1.308997	2.455966	-0.641220	24	1	56	482.17
-0.785398	1.683268	0.374177	0	8	38	482.14
-1.308997	0.733948	3.021411	259	275	80	482.12
-1.570796	1.367556	0.358405	13	2	40	482.00
0.000000	1.766067	2.153843	275	17	51	481.98
0.000000	1.168678	2.108595	1	275	47	481.94
-1.570796	2.979456	-1.009304	271	30	285	481.93
-2.356194	1.413347	-1.339188	258	67	74	481.93
-2.617994	1.977582	0.969896	20	290	270	481.91
-1.832596	1.555207	1.708892	262	16	45	481.88
-1.570796	1.301460	-0.509251	230	49	58	481.86
2.094395	1.113094	-0.272241	218	22	12	481.83
2.617994	0.080730	-2.622036	251	15	90	481.79
-3.141593	1.128190	-2.288622	267	59	85	481.78
0.785398	1.606104	-0.451151	18	39	287	481.77
1.570796	0.640596	-2.797608	13	47	91	481.77
2.094395	0.203748	0.590255	288	31	58	481.74
1.308997	1.301460	-0.509251	83	245	289	481.71
-2.094395	1.875281	0.107086	256	60	10	481.71
1.047198	0.700570	1.559208	270	28	43	481.68
-1.832596	1.872854	1.543456	13	281	273	481.64
-2.617994	1.875281	0.107086	274	58	12	481.60
-2.879793	1.135813	-2.658866	248	55	77	481.59
2.879793	2.881233	-2.582574	56	281	260	481.56
2.617994	1.554776	0.100351	269	26	35	481.55
0.000000	0.370812	-2.547742	291	18	87	481.54
2.356194	2.089241	-0.114193	229	13	72	481.51
0.785398	1.809167	1.213774	252	45	72	481.49
-1.832596	0.831641	0.616218	232	42	52	481.46
1.832596	1.301460	-0.509251	32	13	41	481.45
-0.785398	1.977582	0.969896	19	38	84	481.42
1.308997	0.899350	-2.069907	16	16	90	481.41
-0.523599	2.407836	1.410646	285	38	101	481.33
0.261799	1.545873	-1.877082	279	15	22	481.33
-0.523599	1.413347	-1.339188	5	36	11	481.31
2.356194	1.875281	0.107086	271	32	36	481.29
1.308997	0.674054	1.013609	274	34	41	481.29
-2.356194	2.984978	1.954446	287	44	88	481.23
-1.570796	0.960688	-0.577532	240	43	69	481.21
-2.356194	1.440580	2.260026	250	34	45	481.20
2.879793	1.310100	1.488307	275	274	49	481.19
-1.570796	1.554776	0.100351	12	293	39	481.16
-2.879793	0.419640	2.974122	245	31	86	481.09
-1.832596	1.504028	0.636812	241	30	22	481.04
0.000000	2.174483	2.653697	3	18	25	481.03
-1.832596	1.184361	0.625864	228	51	34	481.01
-0.785398	1.909857	-0.381669	43	29	48	480.92
1.047198	1.335669	0.897240	234	60	55	480.92
-0.261799	2.637879	2.121598	257	32	89	480.90
-0.785398	2.108018	1.311430	6	36	83	480.90
-2.879793	2.455966	-0.641220	4	71	292	480.87
2.356194	1.214854	-1.966664	16	46	74	480.87
1.047198	0.910508	1.903534	277	22	52	480.86
-2.356194	1.766067	2.153843	254	34	35	480.79
1.832596	2.343981	-1.040456	223	35	59	480.73
1.832596	0.992645	-1.723759	20	18	82	480.67
1.832596	1.374601	-2.456031	32	34	64	480.66
-3.141593	1.998705	2.370472	287	32	44	480.63
-2.617994	2.588535	-2.976617	270	41	13	480.58
2.094395	0.899350	-2.069907	4	39	90	480.58
-0.785398	2.863997	0.549740	49	268	262	480.53
0.785398	1.721184	-0.153948	7	5	19	480.46
1.570796	1.025536	1.576859	263	22	45	480.46
1.047198	1.909857	-0.381669	258	60	41	480.34
-2.617994	2.760637	2.781135	28	16	82	480.34
-2.094395	1.367556	0.358405	248	59	31	480.34
-2.617994	1.948085	-2.363031	20	278	23	480.30
1.832596	2.251330	-2.330739	17	18	21	480.26
2.617994	2.187132	-0.479875	229	289	66	480.26
1.832596	0.961715	0.014085	275	32	29	480.20
0.523599	1.374601	-2.456031	280	288	40	480.19
-1.047198	2.881233	-2.582574	12	53	75	480.18
2.617994	2.760637	2.781135	263	49	272	480.15
-2.617994	2.356369	3.005869	267	45	22	480.15
0.000000	2.299159	2.264663	250	47	80	480.12
-1.832596	1.824694	1.850876	46	30	76	480.11
1.570796	0.297065	2.160177	7	34	76	480.10
0.261799	1.872854	1.543456	259	59	83	480.09
-1.570796	1.683268	0.374177	21	293	52	480.08
0.000000	2.174483	2.653697	246	60	65	480.06
1.047198	1.606104	-0.451151	257	61	28	480.05
-0.523599	1.194549	-0.801900	16	33	12	480.00
-2.879793	1.824694	1.850876	291	6	58	479.93
-1.047198	2.588535	-2.976617	9	58	67	479.88
0.000000	2.724429	-0.348782	23	37	82	479.83
2.094395	2.108018	1.311430	71	2	223	479.76
1.047198	1.113094	-0.272241	72	236	2	479.74
-1.047198	1.450119	-2.739050	281	41	30	479.66
-0.261799	2.760637	2.781135	256	39	73	479.66
0.261799	1.310100	1.488307	7	278	36	479.64
-0.261799	1.658653	-2.409879	270	33	25	479.62
-2.617994	1.218453	2.777284	71	261	281	479.60
2.617994	1.998705	2.370472	290	256	70	479.59
-1.570796	1.256302	0.062705	225	45	42	479.56
-2.879793	1.569311	-3.003978	8	10	32	479.56
-2.094395	0.418037	1.360082	2	283	27	479.47
-2.094395	1.128190	-2.288622	242	26	84	479.43
-2.617994	0.370812	-2.547742	265	6	96	479.41
-2.617994	2.180315	-1.357379	3	254	42	479.32
-0.261799	2.478122	2.609777	259	45	69	479.31
-0.785398	0.496451	0.593859	5	12	41	479.31
-1.570796	0.992645	-1.723759	252	17	91	479.30
-1.047198	0.080730	-2.622036	13	4	90	479.27
1.832596	0.618092	2.539118	291	31	67	479.24
-3.141593	2.579248	-2.364801	6	271	59	479.23
-0.261799	1.824694	1.850876	282	17	54	479.19
2.617994	2.455966	-0.641220	233	1	74	479.19
1.047198	0.709924	0.218797	274	45	20	479.18
-2.879793	2.760637	2.781135	33	6	88	479.18
-0.261799	0.619654	-2.216909	287	4	93	479.14
1.570796	0.709924	0.218797	32	4	65	479.14
2.879793	0.866395	-2.492918	52	254	216	479.11
-1.047198	1.977582	0.969896	24	29	85	479.06
2.879793	1.325504	-1.671296	7	68	80	479.05
2.356194	1.450119	-2.739050	15	38	51	479.04
-0.261799	0.929350	-2.910676	285	277	71	478.98
2.879793	0.619654	-2.216909	50	276	227	478.94
1.832596	2.979456	-1.009304	248	34	79	478.94
0.785398	1.050534	3.042579	238	21	6	478.93
-2.356194	1.948085	-2.363031	226	51	38	478.92
-0.785398	1.374601	-2.456031	277	38	23	478.92
-1.832596	2.174483	2.653697	36	40	67	478.91
1.047198	1.367556	0.358405	25	261	28	478.90
-1.832596	1.440580	2.260026	267	25	50	478.88
1.047198	0.700570	1.559208	277	30	49	478.88
-0.523599	1.683268	0.374177	42	56	66	478.88
-2.094395	2.704512	1.488683	278	27	87	478.87
-2.617994	2.588535	-2.976617	266	42	10	478.85
1.832596	1.909857	-0.381669	222	40	54	478.85
0.000000	2.863997	0.549740	10	2	93	478.81
-2.356194	1.448123	-2.163292	241	54	69	478.80
-0.523599	0.640596	-2.797608	28	7	237	478.80
0.785398	2.863997	0.549740	15	26	99	478.76
-1.832596	0.864993	2.278281	232	12	61	478.72
-1.832596	1.732874	-0.951685	239	43	30	478.71
-2.094395	2.033014	2.977192	248	31	29	478.68
-1.570796	0.496451	0.593859	237	44	74	478.68
-3.141593	1.766067	2.153843	8	283	60	478.67
-2.356194	0.418037	1.360082	247	57	74	478.67
-2.617994	2.174483	2.653697	262	43	26	478.63
0.785398	0.419640	2.974122	11	22	82	478.60
-1.047198	1.909857	-0.381669	293	7	26	478.59
0.785398	2.153910	-1.714959	264	24	22	478.57
2.617994	0.929350	-2.910676	27	29	41	478.53
1.832596	0.960688	-0.577532	230	41	288	478.52
1.047198	1.134796	2.434290	231	21	26	478.48
-2.094395	1.599406	1.426070	259	18	41	478.44
-1.832596	1.732874	-0.951685	229	56	45	478.43
-1.832596	1.554776	0.100351	241	47	26	478.40
2.356194	1.555207	1.708892	262	270	62	478.39
-2.617994	1.025536	1.576859	289	291	39	478.32
-2.094395	0.370812	-2.547742	46	3	250	478.30
-2.356194	0.866955	-0.931351	277	56	86	478.30
-1.047198	1.113094	-0.272241	225	24	62	478.27
-2.356194	1.545873	-1.877082	48	270	270	478.25
1.832596	0.899350	-2.069907	65	278	12	478.23
2.356194	0.914445	2.687814	290	39	62	478.23
-1.832596	1.367556	0.358405	233	55	29	478.21
-1.308997	2.588535	-2.976617	21	55	68	478.20
-3.141593	2.404280	-0.174044	20	59	285	478.18
1.570796	0.685216	-1.712745	32	290	213	478.17
0.261799	2.343981	-1.040456	3	77	57	478.13
0.785398	2.349581	-2.702517	225	45	56	478.04
1.832596	2.404280	-0.174044	243	40	72	478.04
2.094395	0.370812	-2.547742	56	267	219	478.03
2.094395	0.496451	0.593859	284	34	48	478.01
-2.356194	2.984978	1.954446	288	46	92	478.01
0.785398	0.914445	2.687814	270	11	46	478.01
0.000000	2.404280	-0.174044	27	55	83	477.93
-1.308997	0.733948	3.021411	260	277	80	477.93
0.785398	0.618092	2.539118	293	288	244	477.89
0.261799	0.899350	-2.069907	1	286	90	477.88
0.523599	1.824694	1.850876	239	50	76	477.88
-1.570796	1.846342	-1.796954	230	30	42	477.84
-2.617994	0.640596	-2.797608	249	23	90	477.83
0.000000	2.478122	2.609777	253	37	67	477.80
-0.523599	2.115563	0.685730	23	41	92	477.77
0.261799	0.866395	-2.492918	20	2	232	477.77
-2.356194	0.458961	-0.107937	280	58	81	477.77
1.047198	0.297065	2.160177	293	26	68	477.76
0.261799	1.756530	-2.105156	270	42	21	477.74
0.000000	1.545873	-1.877082	17	275	281	477.74
2.617994	1.128190	-2.288622	0	50	68	477.73
1.308997	2.724429	-0.348782	270	57	84	477.67
-2.879793	2.187132	-0.479875	285	37	9	477.66
-2.356194	1.504028	0.636812	270	11	41	477.62
-1.047198	2.299159	2.264663	2	60	83	477.55
-1.570796	2.295480	1.008277	6	9	90	477.53
-2.094395	1.391910	3.030322	218	18	45	477.52
2.094395	0.674054	1.013609	278	33	49	477.38
1.570796	1.812176	0.656819	237	39	79	477.37
1.308997	2.343981	-1.040456	246	43	42	477.36
0.785398	0.899350	-2.069907	18	10	95	477.35
-3.141593	1.247695	1.809890	279	36	52	477.33
-0.261799	1.683268	0.374177	23	57	59	477.32
-0.785398	2.455966	-0.641220	227	3	289	477.30
-3.141593	1.310100	1.488307	285	274	49	477.26
-2.617994	0.700570	1.559208	250	72	58	477.25
-0.785398	2.104282	-0.813972	37	34	44	477.25
-3.141593	1.683268	0.374177	291	60	17	477.20
-2.094395	1.510910	-0.740472	247	70	52	477.20
0.000000	1.662363	0.915448	0	56	62	477.13
1.308997	1.732874	-0.951685	22	287	28	477.12
0.785398	0.571433	-1.188419	51	8	220	476.97
0.261799	0.866395	-2.492918	2	290	83	476.95
0.000000	2.760637	2.781135	250	33	75	476.91
0.785398	2.478122	2.609777	234	13	78	476.87
0.785398	1.325504	-1.671296	274	21	14	476.86
1.308997	1.836682	-0.676006	234	65	35	476.80
-1.570796	1.450119	-2.739050	229	290	59	476.80
1.308997	0.591903	2.010408	288	23	59	476.76
2.617994	1.450119	-2.739050	292	65	53	476.76
-2.094395	2.174483	2.653697	273	35	39	476.73
-0.261799	1.872854	1.543456	280	61	78	476.73
-2.617994	2.881233	-2.582574	266	36	290	476.64
-2.094395	1.184361	0.625864	0	17	274	476.58
-0.261799	2.295480	1.008277	293	33	95	476.58
0.261799	0.864993	2.278281	248	55	18	476.56
2.356194	2.299159	2.264663	52	20	242	476.54
-2.094395	1.242974	-2.977882	224	18	63	476.50
-2.094395	1.310100	1.488307	235	35	31	476.50
1.047198	1.606104	-0.451151	293	266	278	476.50
-1.308997	2.174483	2.653697	8	50	62	476.49
2.879793	2.407836	1.410646	43	271	37	476.49
2.094395	1.128190	-2.288622	17	44	79	476.47
-2.879793	0.458961	-0.107937	0	52	76	476.46
1.047198	1.617114	-1.572037	2	290	25	476.46
-3.141593	0.899350	-2.069907	275	46	95	476.43
0.261799	2.041297	-2.664597	252	48	35	476.42
-0.261799	2.979456	-1.009304	24	37	83	476.34
0.261799	1.448123	-2.163292	269	27	20	476.32
1.047198	2.984978	1.954446	57	275	261	476.30
-1.308997	1.113094	-0.272241	227	38	62	476.27
-1.047198	0.619654	-2.216909	39	291	234	476.26
-0.261799	1.662363	0.915448	13	68	74	476.26
0.785398	2.404280	-0.174044	288	263	285	476.21
1.832596	1.184361	0.625864	265	35	38	476.17
0.000000	2.295480	1.008277	291	40	100	476.16
0.000000	1.662363	0.915448	291	64	67	476.14
0.000000	1.870545	-2.976234	260	56	38	476.09
-1.047198	2.138223	1.678323	5	45	86	476.08
1.047198	0.674054	1.013609	234	55	13	476.08
-2.617994	2.356369	3.005869	277	40	26	476.07
-1.570796	2.984978	1.954446	266	39	86	476.03
0.261799	2.404280	-0.174044	262	269	285	476.01
-2.617994	1.872854	1.543456	280	12	55	476.01
2.617994	0.864993	2.278281	286	30	58	475.98
2.094395	2.349581	-2.702517	252	272	53	475.95
-1.832596	1.374601	-2.456031	228	13	70	475.95
1.308997	2.455966	-0.641220	250	59	67	475.91
2.879793	0.619654	-2.216909	274	34	99	475.88
1.570796	1.846342	-1.796954	45	15	43	475.86
0.000000	1.374601	-2.456031	290	265	66	475.84
0.000000	2.349581	-2.702517	266	38	42	475.83
-2.094395	1.982574	-1.115518	28	287	274	475.82
2.879793	1.506530	1.988858	281	226	17	475.76
0.000000	1.569311	-3.003978	265	29	36	475.72
0.785398	1.599406	1.426070	238	54	70	475.68
0.261799	0.618092	2.539118	8	291	69	475.68
-1.832596	1.982574	-1.115518	226	52	33	475.65
-0.523599	1.134497	-1.109631	247	286	83	475.65
-0.523599	1.247695	1.809890	284	7	52	475.65
-2.356194	1.014500	0.906702	56	244	291	475.65
1.570796	1.904882	-1.478089	219	38	23	475.64
-1.570796	0.496451	0.593859	236	42	74	475.64
-0.523599	0.591903	2.010408	288	289	66	475.64
0.785398	2.153910	-1.714959	243	74	36	475.63
-2.094395	0.080730	-2.622036	288	285	94	475.62
-1.047198	0.929350	-2.910676	255	246	42	475.60
2.879793	2.881233	-2.582574	56	283	261	475.56
2.617994	0.640596	-2.797608	268	50	89	475.55
-0.523599	1.413347	-1.339188	6	36	11	475.55
-1.832596	2.760637	2.781135	16	44	81	475.54
1.308997	1.812176	0.656819	243	51	79	475.53
-0.785398	1.662363	0.915448	31	47	70	475.53
-1.570796	2.187132	-0.479875	293	3	29	475.52
2.879793	0.419640	2.974122	261	40	85	475.50
-2.356194	0.640596	-2.797608	249	13	90	475.49
-2.879793	1.374601	-2.456031	49	275	277	475.42
0.523599	1.256302	0.062705	285	56	29	475.39
2.356194	0.733948	3.021411	287	54	79	475.38
2.094395	0.674054	1.013609	277	32	48	475.38
-2.879793	0.910508	1.903534	290	290	37	475.35
0.261799	1.448123	-2.163292	269	26	20	475.35
2.617994	1.168678	2.108595	288	25	54	475.29
2.879793	0.591903	2.010408	19	32	32	475.27
-2.617994	1.374601	-2.456031	285	34	32	475.25
-1.047198	0.960688	-0.577532	233	16	63	475.25
-2.879793	2.724429	-0.348782	6	44	283	475.23
-2.879793	1.025536	1.576859	263	49	50	475.17
-2.617994	1.846342	-1.796954	251	75	51	475.16
-0.261799	2.404280	-0.174044	253	288	288	475.12
1.832596	1.554776	0.100351	218	32	49	475.08
1.832596	1.195355	1.200319	284	35	49	475.06
1.308997	1.195355	1.200319	217	32	44	475.04
-1.308997	1.310100	1.488307	240	293	33	475.03
-2.356194	2.138223	1.678323	266	24	40	475.02
2.617994	2.379497	0.561089	258	13	97	475.01
-0.785398	2.724429	-0.348782	272	22	292	474.98
0.523599	1.310100	1.488307	8	1	40	474.93
-1.832596	1.812176	0.656819	11	293	60	474.93
-2.356194	1.134796	2.434290	219	39	41	474.92
0.000000	2.138223	1.678323	272	37	76	474.91
0.000000	0.709924	0.218797	9	16	38	474.88
1.308997	1.310100	1.488307	219	26	52	474.87
0.261799	2.881233	-2.582574	255	58	83	474.85
0.000000	2.724429	-0.348782	25	38	86	474.84
-2.879793	0.899350	-2.069907	269	44	95	474.79
1.570796	2.115563	0.685730	250	32	86	474.79
-2.879793	0.929350	-2.910676	245	48	80	474.75
-0.523599	2.664082	-1.071402	246	287	288	474.74
-0.785398	0.618092	2.539118	275	260	74	474.73
2.356194	2.592629	0.909713	39	3	284	474.72
2.094395	1.504028	0.636812	280	39	41	474.70
-0.523599	1.374601	-2.456031	30	36	261	474.68
1.308997	1.242974	-2.977882	29	23	61	474.67
-1.570796	1.836682	-0.676006	14	0	29	474.67
2.094395	1.766067	2.153843	272	289	56	474.63
-0.523599	2.979456	-1.009304	26	28	83	474.62
1.308997	0.929350	-2.910676	31	34	80	474.60
2.617994	0.960688	-0.577532	232	293	292	474.59
2.879793	2.089241	-0.114193	19	55	5	474.57
2.094395	1.488617	1.159546	249	9	55	474.57
2.094395	1.555207	1.708892	262	1	56	474.56
-0.785398	0.618092	2.539118	273	280	73	474.55
-3.141593	1.569311	-3.003978	9	291	30	474.52
-3.141593	0.899350	-2.069907	274	44	95	474.49
1.308997	1.025536	1.576859	254	27	42	474.45
-2.617994	2.063651	-2.044600	243	73	35	474.45
-0.785398	1.194549	-0.801900	230	0	65	474.37
-0.523599	2.637879	2.121598	265	32	81	474.34
0.000000	2.588535	-2.976617	256	70	73	474.31
-2.094395	1.448123	-2.163292	234	41	69	474.27
-3.141593	1.662363	0.915448	272	38	37	474.21
1.047198	2.724429	-0.348782	281	59	84	474.19
0.523599	0.591903	2.010408	14	292	66	474.19
1.570796	0.674054	1.013609	270	32	40	474.17
-1.047198	2.664082	-1.071402	42	15	73	474.15
-3.141593	0.290380	-0.796960	19	20	95	474.12
-2.094395	1.488617	1.159546	277	13	49	474.11
0.000000	2.164094	-2.991358	8	3	4	474.09
2.617994	2.393226	1.857173	48	264	26	474.08
-0.261799	1.658653	-2.409879	13	291	282	474.07
-2.356194	0.929350	-2.910676	235	24	79	474.07
-2.356194	2.041297	-2.664597	224	44	26	474.01
-1.047198	2.379497	0.561089	65	273	36	473.94
0.785398	0.866395	-2.492918	11	3	81	473.93
2.617994	0.866955	-0.931351	28	32	89	473.93
0.785398	2.979456	-1.009304	281	56	80	473.92
-0.523599	1.869911	2.701025	273	271	30	473.86
2.094395	0.297065	2.160177	7	55	82	473.85
1.832596	1.113094	-0.272241	276	33	26	473.85
-1.832596	1.998705	2.370472	274	31	47	473.84
0.785398	1.904882	-1.478089	11	276	30	473.84
-0.523599	0.685216	-1.712745	272	7	94	473.83
1.308997	1.554776	0.100351	234	63	49	473.82
-2.879793	1.683268	0.374177	287	72	15	473.81
2.617994	1.872854	1.543456	290	44	39	473.80
-1.047198	1.756530	-2.105156	283	275	0	473.79
-3.141593	2.407836	1.410646	287	5	86	473.78
0.785398	1.301460	-0.509251	5	255	60	473.78
2.356194	2.881233	-2.582574	11	30	7	473.74
-2.879793	2.760637	2.781135	33	7	88	473.73
0.523599	2.588535	-2.976617	238	35	63	473.72
-0.261799	0.733948	3.021411	43	252	42	473.66
1.832596	1.982574	-1.115518	216	30	36	473.65
-1.570796	1.413347	-1.339188	230	29	68	473.64
1.047198	1.824694	1.850876	230	24	76	473.64
-2.094395	1.736875	3.023612	250	34	42	473.57
-0.785398	2.592629	0.909713	292	13	103	473.56
-1.570796	1.301460	-0.509251	230	41	48	473.51
1.047198	2.164094	-2.991358	218	23	51	473.49
1.047198	1.662363	0.915448	242	55	75	473.49
1.308997	0.733948	3.021411	9	26	71	473.41
-0.523599	2.979456	-1.009304	27	27	83	473.34
0.523599	0.618092	2.539118	267	20	46	473.33
2.356194	0.370812	-2.547742	264	33	92	473.33
-2.617994	2.001437	0.381215	23	286	266	473.32
0.785398	2.104282	-0.813972	34	277	269	473.32
2.094395	2.592629	0.909713	36	291	41	473.30
0.523599	2.979456	-1.009304	21	266	249	473.26
2.356194	1.488617	1.159546	247	280	62	473.23
-3.141593	0.992645	-1.723759	286	50	94	473.17
-0.523599	1.662363	0.915448	21	57	70	473.16
-2.617994	1.809167	1.213774	2	279	69	473.16
1.832596	0.203748	0.590255	289	30	57	473.13
0.523599	0.496451	0.593859	2	278	70	472.99
-2.617994	2.760637	2.781135	35	18	88	472.97
0.000000	1.736875	3.023612	259	55	40	472.95
-3.141593	1.569311	-3.003978	3	18	33	472.95
-1.308997	2.073035	2.027405	21	54	81	472.88
1.832596	1.872854	1.543456	245	289	83	472.88
2.094395	1.113094	-0.272241	274	30	26	472.88
-0.523599	1.875281	0.107086	37	42	63	472.77
-0.261799	1.242974	-2.977882	35	235	27	472.68
-1.832596	2.356369	3.005869	21	35	59	472.68
1.832596	0.709924	0.218797	8	33	48	472.65
-2.094395	1.696674	-1.253233	245	52	39	472.62
2.879793	0.914445	2.687814	290	16	49	472.59
1.570796	0.674054	1.013609	275	30	44	472.56
-1.308997	0.379747	-1.713059	277	26	86	472.55
0.523599	1.374601	-2.456031	289	281	46	472.54
-2.617994	0.709924	0.218797	272	58	61	472.51
1.308997	2.719179	-1.780644	232	40	73	472.51
-1.832596	0.961715	0.014085	241	45	53	472.51
-0.261799	2.724429	-0.348782	22	27	76	472.48
-2.356194	1.448123	-2.163292	17	291	1	472.46
-1.832596	2.637879	2.121598	5	42	92	472.45
0.523599	2.863997	0.549740	16	19	99	472.42
-1.308997	2.343981	-1.040456	9	16	30	472.42
0.261799	2.108018	1.311430	285	254	281	472.40
1.047198	2.104282	-0.813972	251	77	51	472.40
-1.308997	1.554776	0.100351	16	5	39	472.39
-1.308997	1.809167	1.213774	25	27	75	472.37
1.570796	1.450119	-2.739050	44	42	60	472.36
-1.308997	0.297065	2.160177	252	279	83	472.32
1.308997	1.433411	-1.035986	83	248	292	472.30
-0.523599	1.809167	1.213774	9	57	79	472.29
-1.570796	2.073035	2.027405	18	41	76	472.27
2.879793	2.984978	1.954446	16	25	88	472.25
2.879793	0.914445	2.687814	291	15	50	472.22
-1.308997	2.863997	0.549740	40	261	20	472.21
-0.261799	2.407836	1.410646	277	29	92	472.14
0.523599	2.478122	2.609777	234	26	77	472.11
2.879793	2.455966	-0.641220	240	282	74	472.11
1.308997	1.184361	0.625864	223	51	38	472.11
1.308997	1.982574	-1.115518	229	60	34	472.10
-1.570796	1.367556	0.358405	225	34	25	472.09
0.261799	2.588535	-2.976617	244	59	73	472.08
2.879793	2.704512	1.488683	40	4	281	472.07
1.570796	1.242974	-2.977882	28	31	61	472.03
-3.141593	1.870545	-2.976234	15	268	37	471.96
0.000000	2.587733	0.232235	19	27	92	471.94
2.879793	0.203748	0.590255	13	47	84	471.93
-1.832596	0.619654	-2.216909	272	9	99	471.89
-0.523599	2.356369	3.005869	278	74	67	471.88
0.785398	1.113094	-0.272241	273	74	14	471.85
2.617994	1.450119	-2.739050	291	65	50	471.84
1.570796	1.310100	1.488307	220	9	52	471.78
0.523599	2.979456	-1.009304	41	28	48	471.76
-1.308997	0.419640	2.974122	276	283	87	471.74
0.000000	1.214854	-1.966664	278	231	46	471.74
0.261799	1.872854	1.543456	260	52	73	471.72
-2.094395	2.115563	0.685730	59	252	36	471.71
-2.356194	2.089241	-0.114193	13	9	265	471.70
-0.261799	2.108018	1.311430	285	46	87	471.69
1.570796	1.184361	0.625864	217	35	40	471.64
-2.617994	1.766067	2.153843	276	30	47	471.63
-0.523599	0.685216	-1.712745	271	7	94	471.63
1.832596	1.998705	2.370472	255	277	67	471.61
-2.879793	1.736875	3.023612	10	11	42	471.61
2.094395	1.374601	-2.456031	22	45	60	471.60
0.261799	1.050534	3.042579	265	11	41	471.59
1.308997	1.812176	0.656819	240	45	73	471.55
-1.047198	1.756530	-2.105156	283	35	21	471.53
-0.785398	2.719179	-1.780644	32	51	69	471.48
-1.570796	1.982574	-1.115518	219	36	33	471.46
-1.832596	2.001437	0.381215	281	2	41	471.45
-0.523599	0.203748	0.590255	292	9	56	471.42
1.047198	1.128190	-2.288622	24	6	79	471.41
1.570796	1.809167	1.213774	237	18	83	471.38
-2.356194	2.979456	-1.009304	50	273	258	471.36
-1.832596	2.174483	2.653697	16	34	59	471.35
-2.094395	1.214854	-1.966664	244	36	85	471.33
-1.308997	0.733948	3.021411	259	276	80	471.22
2.094395	1.836682	-0.676006	274	30	23	471.20
-2.094395	2.478122	2.609777	32	33	80	471.20
-0.261799	0.496451	0.593859	250	275	74	471.19
1.570796	1.756530	-2.105156	52	26	52	471.15
-0.785398	2.979456	-1.009304	34	19	89	471.15
2.617994	2.664082	-1.071402	29	51	288	471.14
-1.047198	2.587733	0.232235	57	267	6	471.13
2.879793	1.683268	0.374177	6	57	18	471.08
-2.879793	0.866395	-2.492918	256	41	90	471.03
0.785398	0.297065	2.160177	16	16	79	470.98
-1.570796	0.379747	-1.713059	288	20	97	470.97
0.000000	2.343981	-1.040456	17	71	56	470.96
-1.308997	2.247462	0.191623	248	22	284	470.95
0.785398	1.510910	-0.740472	258	46	276	470.93
1.047198	0.831641	0.616218	272	47	32	470.92
-2.094395	1.696674	-1.253233	27	259	10	470.89
2.617994	1.872854	1.543456	281	6	63	470.89
-2.879793	2.001437	0.381215	4	69	290	470.89
1.308997	1.869911	2.701025	25	19	36	470.85
1.047198	1.554776	0.100351	254	62	40	470.84
-0.261799	2.719179	-1.780644	10	70	70	470.80
0.785398	0.831641	0.616218	253	78	19	470.79
0.261799	1.872854	1.543456	259	53	75	470.73
-1.308997	1.846342	-1.796954	6	35	20	470.73
2.617994	1.909857	-0.381669	226	284	54	470.72
-2.356194	1.135813	-2.658866	238	37	77	470.71
-0.785398	1.301460	-0.509251	225	5	60	470.71
1.832596	2.073035	2.027405	275	6	64	470.63
-0.261799	0.297065	2.160177	287	240	46	470.61
-0.785398	1.050534	3.042579	259	232	31	470.59
-0.261799	1.450119	-2.739050	280	262	57	470.58
0.785398	1.545873	-1.877082	22	272	59	470.56
0.261799	2.299159	2.264663	243	40	84	470.56
-1.570796	1.374601	-2.456031	232	0	70	470.55
1.308997	1.662363	0.915448	234	42	75	470.52
0.000000	0.850607	-1.335383	272	290	95	470.44
0.785398	1.574060	2.783565	215	31	27	470.39
0.261799	1.555207	1.708892	250	64	58	470.34
-0.261799	2.393226	1.857173	264	40	89	470.31
0.000000	2.587733	0.232235	65	293	24	470.30
0.000000	1.870545	-2.976234	259	54	37	470.27
2.617994	2.295480	1.008277	27	270	36	470.25
-1.570796	0.866955	-0.931351	248	38	75	470.24
-2.617994	2.180315	-1.357379	4	255	42	470.23
0.000000	1.413430	2.550734	263	57	40	470.23
-2.879793	1.766067	2.153843	292	11	54	470.23
-2.356194	1.812176	0.656819	12	263	78	470.23
1.047198	1.982574	-1.115518	284	13	11	470.23
-2.356194	1.450119	-2.739050	226	40	59	470.22
1.570796	0.640596	-2.797608	6	37	87	470.21
-2.879793	1.374601	-2.456031	250	65	70	470.20
-0.785398	2.343981	-1.040456	263	17	8	470.09
-2.094395	1.195355	1.200319	288	13	273	470.08
1.570796	2.863997	0.549740	0	35	87	470.07
-3.141593	1.574060	2.783565	6	9	45	470.06
0.261799	2.881233	-2.582574	253	46	72	470.06
-2.094395	1.683268	0.374177	252	45	18	469.98
-1.832596	1.909857	-0.381669	5	286	36	469.98
1.570796	1.982574	-1.115518	221	47	36	469.97
-2.356194	1.391910	3.030322	222	36	48	469.96
0.785398	1.872854	1.543456	243	43	84	469.87
-1.570796	1.256302	0.062705	226	38	35	469.84
0.000000	1.736875	3.023612	259	54	40	469.82
-1.047198	1.606104	-0.451151	24	17	29	469.81
2.879793	2.455966	-0.641220	27	58	292	469.80
-0.523599	0.914445	2.687814	279	269	65	469.77
-3.141593	0.866395	-2.492918	261	46	90	469.76
0.000000	2.033014	2.977192	263	17	39	469.73
1.308997	1.696674	-1.253233	24	289	35	469.73
-1.832596	1.872854	1.543456	292	16	59	469.71
0.523599	2.001437	0.381215	284	59	71	469.70
0.523599	1.218453	2.777284	237	40	21	469.68
1.832596	0.762244	-0.273349	269	41	17	469.67
1.308997	1.870545	-2.976234	14	9	36	469.65
0.261799	2.001437	0.381215	2	59	74	469.62
0.000000	1.374601	-2.456031	288	266	64	469.57
0.261799	1.870545	-2.976234	262	14	33	469.57
0.785398	1.417623	-0.202254	7	251	43	469.54
1.308997	1.184361	0.625864	224	51	39	469.53
0.523599	2.404280	-0.174044	2	57	73	469.50
1.570796	2.664082	-1.071402	239	50	76	469.46
1.570796	2.247462	0.191623	253	51	87	469.43
-2.879793	0.615174	-0.666022	9	46	88	469.38
1.570796	2.478122	2.609777	20	29	16	469.36
2.356194	2.587733	0.232235	257	33	95	469.36
-1.570796	2.115563	0.685730	17	1	85	469.33
0.000000	0.458961	-0.107937	252	287	85	469.33
-0.523599	0.618092	2.539118	287	0	69	469.32
2.617994	2.719179	-1.780644	14	51	292	469.32
1.570796	0.960688	-0.577532	283	31	20	469.19
-2.094395	0.619654	-2.216909	270	13	99	469.15
-0.785398	2.760637	2.781135	273	52	79	469.11
-2.879793	1.488617	1.159546	275	0	49	469.09
-1.832596	1.683268	0.374177	28	276	61	469.09
1.308997	1.014500	0.906702	219	42	31	469.06
-1.047198	0.831641	0.616218	222	11	56	469.04
-0.785398	2.138223	1.678323	292	44	81	469.02
1.832596	2.299159	2.264663	272	292	73	468.99
2.879793	1.134796	2.434290	281	53	56	468.94
2.094395	2.299159	2.264663	273	271	85	468.91
-1.832596	1.658653	-2.409879	221	16	55	468.90
2.094395	0.866955	-0.931351	238	29	276	468.88
-0.523599	2.881233	-2.582574	286	64	79	468.88
-2.094395	1.184361	0.625864	239	53	36	468.87
0.000000	1.413430	2.550734	253	68	35	468.85
1.047198	0.640596	-2.797608	24	270	249	468.81
-1.832596	1.374601	-2.456031	229	14	70	468.77
2.356194	1.555207	1.708892	268	289	56	468.77
0.261799	2.356369	3.005869	287	15	25	468.76
-2.617994	0.458961	-0.107937	290	56	80	468.76
-3.141593	1.247695	1.809890	284	6	51	468.73
-2.617994	1.809167	1.213774	18	21	249	468.72
0.523599	1.413347	-1.339188	287	15	20	468.70
0.000000	1.872854	1.543456	269	58	77	468.68
0.785398	2.187132	-0.479875	276	68	59	468.68
0.523599	2.637879	2.121598	252	9	89	468.66
2.094395	2.407836	1.410646	35	268	43	468.64
-0.785398	0.685216	-1.712745	268	10	92	468.61
2.879793	0.379747	-1.713059	55	0	289	468.54
-2.879793	1.025536	1.576859	261	65	47	468.54
-1.832596	2.724429	-0.348782	50	257	3	468.52
0.523599	1.617114	-1.572037	15	22	271	468.50
-2.617994	2.455966	-0.641220	286	74	292	468.50
-0.523599	1.812176	0.656819	22	46	70	468.49
-1.832596	1.977582	0.969896	23	1	88	468.46
2.094395	2.299159	2.264663	60	14	242	468.44
1.047198	1.554776	0.100351	44	290	285	468.43
1.832596	1.450119	-2.739050	31	41	57	468.43
0.261799	2.664082	-1.071402	4	68	72	468.41
1.308997	2.404280	-0.174044	261	51	69	468.40
-1.570796	1.168678	2.108595	227	290	41	468.34
0.785398	1.218453	2.777284	276	6	48	468.33
1.047198	0.762244	-0.273349	64	238	17	468.32
1.047198	2.579248	-2.364801	227	39	65	468.32
0.261799	1.488617	1.159546	269	81	65	468.31
2.094395	1.113094	-0.272241	251	29	19	468.29
2.094395	2.984978	1.954446	19	6	96	468.28
-2.617994	0.929350	-2.910676	238	36	78	468.23
-1.570796	2.108018	1.311430	20	22	92	468.23
1.308997	1.413430	2.550734	22	20	49	468.22
0.523599	2.881233	-2.582574	246	48	83	468.20
-2.094395	1.374601	-2.456031	229	27	70	468.15
-2.617994	1.766067	2.153843	277	29	47	468.13
0.785398	1.662363	0.915448	255	55	63	468.09
0.523599	1.617114	-1.572037	284	16	20	468.08
0.261799	1.374601	-2.456031	266	25	24	468.07
2.879793	0.992645	-1.723759	0	48	94	468.05
-2.356194	1.310100	1.488307	259	24	45	468.04
2.094395	1.374601	-2.456031	23	44	60	468.04
-3.141593	1.440580	2.260026	292	5	49	468.01
-2.094395	1.683268	0.374177	252	46	18	468.00
-2.356194	1.391910	3.030322	220	35	45	467.98
1.047198	1.168678	2.108595	218	24	32	467.98
2.617994	1.998705	2.370472	281	69	5	467.96
0.785398	1.374601	-2.456031	286	289	40	467.95
-3.141593	0.591903	2.010408	277	18	57	467.94
-2.094395	2.881233	-2.582574	40	15	83	467.89
-2.617994	1.128190	-2.288622	250	46	84	467.88
-0.785398	0.961715	0.014085	13	18	24	467.86
-0.523599	2.587733	0.232235	62	275	3	467.84
-2.356194	1.413347	-1.339188	289	293	8	467.84
-2.879793	1.168678	2.108595	250	61	45	467.81
-1.308997	1.846342	-1.796954	5	33	21	467.80
-2.617994	1.869911	2.701025	6	16	47	467.76
-0.523599	2.379497	0.561089	13	20	83	467.75
0.000000	0.496451	0.593859	263	268	74	467.74
-2.356194	0.618092	2.539118	230	27	73	467.74
-2.094395	2.041297	-2.664597	226	34	28	467.72
0.000000	2.881233	-2.582574	266	66	83	467.71
-1.832596	2.299159	2.264663	20	37	77	467.71
1.308997	1.736875	3.023612	217	293	33	467.66
-1.047198	1.374601	-2.456031	238	239	32	467.61
-0.785398	0.831641	0.616218	227	289	56	467.56
2.094395	1.417623	-0.202254	274	34	29	467.56
1.570796	2.063651	-2.044600	215	17	29	467.56
-0.785398	2.108018	1.311430	8	43	94	467.55
-1.570796	0.370812	-2.547742	286	291	97	467.55
-1.047198	1.909857	-0.381669	23	15	39	467.54
-2.879793	0.992645	-1.723759	278	49	93	467.54
-0.523599	1.617114	-1.572037	19	57	10	467.49
0.261799	2.719179	-1.780644	275	61	64	467.48
-0.785398	2.704512	1.488683	269	19	95	467.47
2.617994	2.664082	-1.071402	237	288	76	467.47
2.879793	0.496451	0.593859	5	50	67	467.47
-2.094395	1.766067	2.153843	263	29	43	467.46
1.832596	1.554776	0.100351	219	33	50	467.45
1.832596	2.174483	2.653697	259	281	64	467.43
-2.617994	0.370812	-2.547742	264	5	96	467.38
-2.094395	1.050534	3.042579	245	26	67	467.35
-0.785398	1.301460	-0.509251	224	3	59	467.29
-2.094395	2.001437	0.381215	289	283	55	467.26
0.000000	0.297065	2.160177	2	244	46	467.24
2.617994	2.664082	-1.071402	30	51	288	467.23
1.047198	2.724429	-0.348782	285	63	89	467.22
0.785398	1.417623	-0.202254	8	252	43	467.21
-0.261799	2.393226	1.857173	265	40	91	467.20
0.000000	1.135834	-1.431087	276	277	87	467.19
-0.261799	2.592629	0.909713	291	13	98	467.16
-1.832596	2.664082	-1.071402	287	16	10	467.16
1.832596	0.961715	0.014085	219	34	11	467.15
-1.832596	2.299159	2.264663	21	37	78	467.14
-1.570796	2.979456	-1.009304	270	30	285	467.12
0.000000	1.134796	2.434290	2	274	52	467.11
-0.785398	1.696674	-1.253233	229	278	54	467.06
-1.832596	1.433411	-1.035986	235	52	64	467.04
0.261799	1.128190	-2.288622	1	276	75	466.99
-0.261799	1.683268	0.374177	25	59	61	466.97
1.570796	1.510910	-0.740472	225	52	18	466.89
-0.523599	1.134497	-1.109631	11	32	7	466.89
1.832596	1.450119	-2.739050	36	55	60	466.88
-0.261799	2.138223	1.678323	277	58	92	466.86
1.308997	2.404280	-0.174044	258	59	76	466.84
0.261799	1.658653	-2.409879	8	21	276	466.83
0.785398	1.301460	-0.509251	273	72	17	466.83
-0.523599	0.709924	0.218797	234	288	69	466.82
-0.785398	2.724429	-0.348782	241	23	278	466.79
0.523599	1.812176	0.656819	276	62	72	466.76
1.832596	1.450119	-2.739050	29	38	55	466.73
-2.879793	1.247695	1.809890	287	0	46	466.72
1.308997	2.396274	-1.959260	221	37	52	466.71
0.261799	2.456751	-1.503343	279	271	5	466.68
0.000000	2.033014	2.977192	9	2	8	466.65
1.570796	2.041297	-2.664597	51	42	27	466.65
0.785398	0.960688	-0.577532	278	5	271	466.64
-2.879793	2.704512	1.488683	289	25	92	466.60
-2.356194	1.809167	1.213774	7	287	67	466.56
-2.094395	1.413347	-1.339188	15	276	292	466.54
-0.785398	2.073035	2.027405	291	60	78	466.52
-1.832596	2.138223	1.678323	24	26	90	466.44
-0.523599	0.619654	-2.216909	276	6	84	466.43
0.000000	2.164094	-2.991358	271	288	26	466.43
1.308997	1.870545	-2.976234	24	11	38	466.43
2.094395	2.393226	1.857173	280	284	96	466.43
1.832596	0.370812	-2.547742	278	35	94	466.41
0.000000	0.733948	3.021411	51	258	42	466.40
-1.832596	2.979456	-1.009304	257	50	275	466.38
-2.617994	2.089241	-0.114193	277	45	8	466.37
-1.308997	1.014500	0.906702	270	5	47	466.37
-2.356194	1.310100	1.488307	251	31	41	466.36
1.570796	1.335669	0.897240	74	281	285	466.36
-1.570796	2.115563	0.685730	19	293	84	466.31
-1.832596	1.367556	0.358405	240	46	32	466.31
1.308997	2.349581	-2.702517	220	13	56	466.28
-0.523599	1.242974	-2.977882	272	287	59	466.27
-2.356194	1.025536	1.576859	242	48	47	466.24
-2.879793	0.709924	0.218797	282	56	60	466.23
1.832596	1.194549	-0.801900	44	6	74	466.23
2.356194	1.721184	-0.153948	221	5	52	466.22
-1.308997	0.619654	-2.216909	43	290	215	466.22
0.000000	0.297065	2.160177	50	253	45	466.21
2.094395	0.203748	0.590255	27	15	84	466.21
-1.570796	1.045978	0.343692	224	42	47	466.21
-2.094395	2.704512	1.488683	282	27	93	466.20
-2.094395	2.104282	-0.813972	243	71	20	466.18
1.832596	2.455966	-0.641220	235	36	62	466.16
-2.356194	2.187132	-0.479875	17	10	264	466.16
-0.785398	2.478122	2.609777	281	65	80	466.15
1.570796	0.700570	1.559208	275	25	50	466.14
-1.832596	1.335669	0.897240	36	290	52	466.11
0.000000	1.050534	3.042579	291	288	64	466.10
-1.570796	1.809167	1.213774	293	279	246	466.09
-2.094395	2.881233	-2.582574	21	18	66	466.08
-0.523599	2.299159	2.264663	269	58	80	466.03
-1.832596	2.719179	-1.780644	233	34	289	466.02
-1.047198	2.863997	0.549740	46	262	269	466.01
-0.523599	2.393226	1.857173	275	36	82	466.00
1.308997	1.736875	3.023612	24	14	42	465.98
-2.356194	0.762244	-0.273349	275	63	73	465.96
-2.094395	1.948085	-2.363031	220	35	38	465.95
-0.261799	0.762244	-0.273349	243	286	78	465.90
0.000000	2.664082	-1.071402	16	62	71	465.88
0.785398	2.295480	1.008277	62	275	251	465.87
1.047198	0.899350	-2.069907	14	10	91	465.79
0.523599	2.724429	-0.348782	9	51	82	465.76
-2.879793	1.128190	-2.288622	257	53	84	465.69
-1.832596	1.417623	-0.202254	240	45	34	465.69
-1.832596	2.001437	0.381215	19	276	75	465.69
1.047198	1.134497	-1.109631	68	242	28	465.67
-2.617994	1.135813	-2.658866	239	44	77	465.62
-2.617994	2.396274	-1.959260	19	267	50	465.61
1.570796	1.194549	-0.801900	233	51	292	465.60
2.879793	1.247695	1.809890	282	21	54	465.56
-1.832596	1.554776	0.100351	5	288	39	465.53
2.617994	0.762244	-0.273349	21	38	64	465.48
1.832596	0.709924	0.218797	222	31	2	465.48
2.879793	0.379747	-1.713059	55	293	288	465.47
-3.141593	0.297065	2.160177	261	45	80	465.47
-0.785398	1.909857	-0.381669	40	29	47	465.47
0.523599	1.756530	-2.105156	27	267	52	465.40
-2.356194	1.014500	0.906702	245	0	8	465.40
1.308997	0.961715	0.014085	84	245	2	465.40
-0.785398	0.618092	2.539118	279	272	76	465.38
-0.523599	2.592629	0.909713	45	267	252	465.38
2.356194	0.960688	-0.577532	1	38	33	465.37
-2.617994	1.545873	-1.877082	7	282	8	465.36
-0.261799	1.998705	2.370472	262	68	67	465.33
2.617994	0.685216	-1.712745	60	291	291	465.29
-2.356194	2.724429	-0.348782	38	260	277	465.27
-0.785398	2.407836	1.410646	284	30	94	465.26
-2.356194	2.984978	1.954446	289	46	92	465.22
1.832596	1.510910	-0.740472	32	14	36	465.20
0.261799	1.247695	1.809890	8	279	41	465.11
-3.141593	2.108018	1.311430	291	280	95	465.11
-1.308997	2.299159	2.264663	12	56	83	465.10
1.832596	1.433411	-1.035986	74	281	272	465.07
0.000000	2.637879	2.121598	253	27	94	465.06
-2.879793	1.440580	2.260026	1	5	47	465.05
1.047198	2.455966	-0.641220	266	58	62	465.02
-2.094395	0.762244	-0.273349	263	60	73	465.02
0.261799	2.760637	2.781135	240	30	84	464.97
1.832596	1.113094	-0.272241	220	38	11	464.97
-3.141593	1.310100	1.488307	285	273	49	464.95
2.879793	2.247462	0.191623	5	44	0	464.94
-1.570796	2.588535	-2.976617	35	48	72	464.93
-0.523599	1.194549	-0.801900	8	24	14	464.87
1.047198	0.899350	-2.069907	15	9	90	464.84
1.832596	2.592629	0.909713	38	289	44	464.78
-0.523599	1.218453	2.777284	275	262	53	464.78
0.785398	0.618092	2.539118	271	17	50	464.76
1.570796	1.113094	-0.272241	228	52	6	464.74
0.785398	1.846342	-1.796954	249	56	20	464.70
1.570796	2.881233	-2.582574	23	36	284	464.70
0.523599	1.247695	1.809890	275	23	48	464.70
-2.617994	0.709924	0.218797	271	60	61	464.68
-1.308997	1.982574	-1.115518	7	19	23	464.67
-1.832596	1.417623	-0.202254	237	47	34	464.66
1.832596	1.696674	-1.253233	44	16	45	464.65
2.094395	1.413347	-1.339188	249	11	7	464.64
-0.523599	2.174483	2.653697	276	75	69	464.62
-1.570796	0.866395	-2.492918	257	293	90	464.62
-1.047198	1.417623	-0.202254	217	18	43	464.61
1.047198	1.025536	1.576859	217	36	29	464.60
0.000000	0.709924	0.218797	264	274	65	464.57
-0.261799	1.574060	2.783565	287	257	36	464.54
-2.879793	1.335669	0.897240	270	18	46	464.53
0.000000	1.214854	-1.966664	279	232	47	464.50
-1.832596	2.174483	2.653697	274	37	41	464.46
0.785398	1.184361	0.625864	11	8	36	464.45
2.094395	2.295480	1.008277	23	277	41	464.44
-1.308997	1.433411	-1.035986	225	24	65	464.43
-2.879793	0.685216	-1.712745	284	30	100	464.41
2.879793	0.496451	0.593859	16	59	72	464.40
0.000000	1.413430	2.550734	287	51	288	464.40
1.308997	2.063651	-2.044600	217	35	29	464.37
0.523599	1.025536	1.576859	25	258	35	464.37
-1.308997	1.045978	0.343692	219	25	46	464.36
-0.785398	1.909857	-0.381669	42	29	48	464.33
0.261799	1.247695	1.809890	283	18	52	464.32
2.879793	1.134497	-1.109631	21	51	83	464.30
-1.832596	1.554776	0.100351	260	17	27	464.29
-1.570796	2.404280	-0.174044	58	262	292	464.28
-2.879793	2.984978	1.954446	7	38	89	464.27
1.047198	1.417623	-0.202254	248	78	31	464.23
1.047198	2.863997	0.549740	13	32	99	464.12
0.785398	2.587733	0.232235	41	16	55	464.11
0.261799	1.506530	1.988858	243	63	47	464.09
-2.094395	1.574060	2.783565	232	28	39	464.08
0.785398	2.760637	2.781135	241	6	81	464.08
-3.141593	2.456751	-1.503343	290	12	22	464.06
-2.094395	1.658653	-2.409879	223	32	55	464.05
2.356194	1.998705	2.370472	278	276	64	464.04
0.523599	0.203748	0.590255	282	270	86	464.00
-2.356194	2.033014	2.977192	246	41	25	464.00
1.308997	0.850607	-1.335383	8	290	89	464.00
-2.094395	2.138223	1.678323	15	16	81	463.96
-0.261799	1.135834	-1.431087	265	277	87	463.86
-2.617994	1.134497	-1.109631	278	60	72	463.83
-2.879793	1.025536	1.576859	284	289	41	463.79
-2.879793	1.683268	0.374177	275	254	66	463.79
-0.261799	2.724429	-0.348782	26	27	82	463.73
0.261799	2.592629	0.909713	51	282	34	463.69
-2.879793	2.393226	1.857173	7	8	84	463.67
-2.094395	1.195355	1.200319	237	41	36	463.65
2.356194	2.115563	0.685730	35	293	282	463.64
-1.308997	2.247462	0.191623	26	290	84	463.63
-2.356194	0.685216	-1.712745	279	29	100	463.62
1.832596	1.367556	0.358405	81	283	287	463.59
-3.141593	1.450119	-2.739050	293	35	39	463.55
1.308997	0.685216	-1.712745	1	5	88	463.55
1.308997	1.721184	-0.153948	21	289	15	463.55
0.523599	1.574060	2.783565	221	48	28	463.55
0.000000	2.073035	2.027405	1	25	43	463.54
2.356194	0.571433	-1.188419	11	15	98	463.53
-0.261799	1.998705	2.370472	270	38	56	463.51
-2.356194	1.555207	1.708892	252	30	35	463.48
0.000000	1.545873	-1.877082	278	16	22	463.46
1.047198	0.591903	2.010408	275	23	51	463.44
1.308997	2.001437	0.381215	249	51	75	463.44
0.261799	2.349581	-2.702517	256	37	41	463.38
-2.094395	1.872854	1.543456	20	8	73	463.38
-2.356194	1.014500	0.906702	248	69	42	463.33
-3.141593	2.579248	-2.364801	286	53	9	463.30
1.832596	0.709924	0.218797	35	16	65	463.27
1.832596	1.766067	2.153843	254	288	60	463.23
1.308997	1.045978	0.343692	52	291	3	463.14
0.785398	1.741644	-2.695914	281	2	34	463.10
-1.832596	2.138223	1.678323	15	24	82	463.08
1.570796	0.685216	-1.712745	36	285	230	463.05
0.261799	1.948085	-2.363031	258	61	29	463.03
-1.570796	2.089241	-0.114193	289	1	34	463.02
2.356194	2.115563	0.685730	251	9	92	463.01
2.094395	1.824694	1.850876	73	19	248	463.01
-2.356194	0.080730	-2.622036	279	284	94	463.01
1.047198	1.599406	1.426070	230	39	71	463.00
-1.308997	1.909857	-0.381669	17	5	36	462.94
-2.356194	1.374601	-2.456031	236	47	69	462.92
0.785398	1.450119	-2.739050	282	292	39	462.89
-2.617994	2.138223	1.678323	268	28	40	462.89
2.879793	1.247695	1.809890	282	22	54	462.87
-3.141593	1.025536	1.576859	273	57	49	462.83
0.000000	2.393226	1.857173	258	35	91	462.82
0.523599	1.617114	-1.572037	283	16	20	462.80
0.261799	1.440580	2.260026	51	253	7	462.75
1.570796	1.721184	-0.153948	227	53	52	462.72
2.879793	1.391910	3.030322	2	19	41	462.72
0.261799	0.203748	0.590255	283	289	79	462.72
-1.570796	1.504028	0.636812	224	36	15	462.68
-2.617994	2.033014	2.977192	234	49	14	462.64
0.000000	1.506530	1.988858	263	60	51	462.64
-2.356194	2.404280	-0.174044	41	245	11	462.61
1.570796	0.850607	-1.335383	67	268	6	462.58
-2.356194	2.478122	2.609777	278	37	36	462.55
1.047198	2.456751	-1.503343	240	66	59	462.55
1.570796	2.664082	-1.071402	238	42	66	462.54
2.617994	1.599406	1.426070	267	271	67	462.54
-2.879793	2.984978	1.954446	6	38	87	462.50
-0.785398	0.866395	-2.492918	266	289	77	462.47
2.879793	1.977582	0.969896	269	275	90	462.45
2.879793	1.050534	3.042579	293	23	47	462.40
-1.047198	0.899350	-2.069907	57	1	220	462.39
2.094395	0.960688	-0.577532	5	31	32	462.33
1.570796	0.458961	-0.107937	271	40	13	462.31
-2.617994	1.335669	0.897240	257	68	27	462.27
-0.261799	2.478122	2.609777	14	286	15	462.16
-1.047198	0.831641	0.616218	222	9	56	462.15
1.308997	1.194549	-0.801900	79	247	7	462.15
2.617994	0.496451	0.593859	228	239	255	462.14
1.047198	2.251330	-2.330739	221	43	44	462.12
1.047198	0.929350	-2.910676	32	269	273	462.12
2.356194	1.128190	-2.288622	47	27	45	462.08
1.308997	2.407836	1.410646	63	287	249	462.07
0.785398	0.700570	1.559208	274	29	43	462.07
-0.261799	2.760637	2.781135	256	40	74	462.01
-2.617994	2.455966	-0.641220	285	73	292	462.00
-0.785398	0.458961	-0.107937	243	10	75	462.00
0.000000	2.138223	1.678323	266	50	92	461.99
-1.308997	2.455966	-0.641220	228	33	291	461.97
-0.261799	2.979456	-1.009304	23	37	82	461.96
-1.308997	2.587733	0.232235	12	291	95	461.94
1.570796	1.766067	2.153843	236	288	64	461.93
1.047198	1.242974	-2.977882	12	4	57	461.92
0.523599	1.195355	1.200319	44	284	10	461.92
-2.094395	1.256302	0.062705	245	55	37	461.89
1.308997	2.187132	-0.479875	25	277	7	461.89
0.785398	0.203748	0.590255	0	273	87	461.88
1.832596	1.448123	-2.163292	257	3	10	461.87
1.047198	1.699788	2.452890	217	13	44	461.82
-2.356194	0.960688	-0.577532	286	271	3	461.81
-3.141593	0.929350	-2.910676	252	56	78	461.80
-2.879793	1.977582	0.969896	290	273	90	461.80
-2.879793	0.571433	-1.188419	7	32	98	461.79
1.047198	1.242974	-2.977882	11	5	57	461.79
2.617994	2.108018	1.311430	30	257	33	461.77
2.879793	0.914445	2.687814	290	15	49	461.74
-1.832596	1.696674	-1.253233	226	48	52	461.70
1.570796	1.812176	0.656819	236	38	79	461.67
0.261799	2.979456	-1.009304	8	53	84	461.60
2.094395	1.555207	1.708892	270	5	56	461.58
0.785398	1.325504	-1.671296	18	273	74	461.58
0.261799	0.203748	0.590255	282	289	79	461.56
0.523599	0.850607	-1.335383	285	287	96	461.56
0.261799	0.615174	-0.666022	51	27	241	461.54
2.879793	2.073035	2.027405	47	277	5	461.53
-2.617994	0.899350	-2.069907	263	39	95	461.53
0.523599	2.664082	-1.071402	283	72	73	461.53
-1.308997	1.256302	0.062705	219	29	39	461.52
-1.570796	0.762244	-0.273349	247	52	77	461.51
-3.141593	0.864993	2.278281	270	40	61	461.48
0.261799	0.496451	0.593859	286	277	69	461.48
-2.356194	1.450119	-2.739050	225	39	59	461.45
0.000000	1.658653	-2.409879	289	257	51	461.42
2.617994	0.203748	0.590255	8	39	79	461.42
1.570796	1.433411	-1.035986	64	278	265	461.40
0.523599	0.960688	-0.577532	283	2	271	461.39
-2.356194	0.762244	-0.273349	280	68	78	461.35
-2.356194	2.760637	2.781135	34	29	88	461.32
-0.261799	1.599406	1.426070	291	78	71	461.31
0.000000	0.297065	2.160177	2	245	46	461.30
-0.785398	2.393226	1.857173	279	43	89	461.30
1.308997	2.704512	1.488683	55	289	243	461.29
0.785398	0.700570	1.559208	273	29	42	461.29
-2.356194	1.301460	-0.509251	12	289	281	461.25
-1.570796	2.089241	-0.114193	31	276	67	461.23
-2.094395	1.809167	1.213774	19	291	73	461.14
0.523599	1.214854	-1.966664	17	276	83	461.13
-1.570796	0.866955	-0.931351	249	41	83	461.11
2.879793	1.506530	1.988858	287	271	53	461.11
-2.094395	1.440580	2.260026	229	25	34	461.10
0.261799	0.864993	2.278281	247	56	18	461.07
-1.047198	1.050534	3.042579	258	260	66	461.02
0.261799	2.164094	-2.991358	240	69	51	461.00
2.356194	1.450119	-2.739050	251	220	258	460.99
2.094395	2.587733	0.232235	258	34	84	460.98
-0.261799	1.050534	3.042579	39	239	31	460.97
-1.832596	2.187132	-0.479875	241	62	8	460.95
2.617994	2.979456	-1.009304	26	266	283	460.93
-1.570796	1.195355	1.200319	233	17	36	460.91
2.879793	2.478122	2.609777	18	272	83	460.90
1.570796	0.297065	2.160177	11	38	80	460.87
-2.879793	2.041297	-2.664597	14	287	36	460.82
1.832596	2.863997	0.549740	43	3	278	460.78
-2.356194	0.370812	-2.547742	50	0	249	460.76
-0.261799	1.683268	0.374177	25	60	62	460.74
1.047198	1.836682	-0.676006	271	39	21	460.70
-2.094395	0.850607	-1.335383	25	10	10	460.70
-2.356194	1.242974	-2.977882	225	33	63	460.70
0.000000	1.050534	3.042579	282	289	58	460.66
-2.617994	2.153910	-1.714959	283	37	16	460.66
0.261799	2.579248	-2.364801	258	50	54	460.65
-0.523599	2.719179	-1.780644	21	61	69	460.63
-1.047198	1.374601	-2.456031	280	39	24	460.63
2.879793	0.685216	-1.712745	290	31	100	460.60
2.879793	1.998705	2.370472	269	66	4	460.53
-1.047198	1.846342	-1.796954	0	33	21	460.52
1.308997	2.180315	-1.357379	39	287	22	460.51
-3.141593	0.850607	-1.335383	6	44	95	460.50
-1.832596	1.488617	1.159546	248	14	30	460.49
-2.094395	1.417623	-0.202254	12	263	29	460.49
0.785398	0.203748	0.590255	43	277	30	460.44
2.879793	0.496451	0.593859	239	229	255	460.41
-2.879793	2.393226	1.857173	7	9	84	460.41
2.356194	1.977582	0.969896	253	292	90	460.37
1.570796	2.393226	1.857173	266	291	96	460.37
-2.356194	2.760637	2.781135	29	26	84	460.35
1.832596	1.510910	-0.740472	34	13	37	460.35
-1.308997	1.696674	-1.253233	219	15	50	460.35
-2.094395	1.367556	0.358405	248	57	31	460.29
-2.356194	1.134497	-1.109631	266	60	79	460.28
2.879793	2.979456	-1.009304	30	263	283	460.27
1.570796	2.349581	-2.702517	28	26	16	460.25
-0.261799	2.138223	1.678323	272	50	85	460.25
-1.832596	1.113094	-0.272241	243	63	61	460.21
-2.879793	0.619654	-2.216909	52	286	248	460.21
-3.141593	2.704512	1.488683	288	25	89	460.17
-2.094395	1.909857	-0.381669	280	292	25	460.16
2.094395	0.992645	-1.723759	10	276	213	460.14
0.000000	0.496451	0.593859	276	279	69	460.12
-1.308997	0.640596	-2.797608	271	282	91	460.11
-1.308997	1.310100	1.488307	25	33	49	460.06
-2.879793	2.115563	0.685730	278	279	92	460.05
0.523599	0.906588	1.252948	14	277	50	460.01
1.308997	1.977582	0.969896	245	33	85	459.97
1.570796	2.704512	1.488683	52	0	243	459.91
-2.094395	2.251330	-2.330739	11	24	33	459.89
-2.879793	1.195355	1.200319	283	280	44	459.88
-1.832596	1.696674	-1.253233	227	48	52	459.87
0.785398	2.379497	0.561089	283	40	82	459.86
0.785398	0.571433	-1.188419	279	286	85	459.85
1.570796	1.310100	1.488307	267	25	51	459.83
-1.047198	2.379497	0.561089	250	22	270	459.80
2.617994	0.290380	-0.796960	15	6	95	459.76
2.094395	0.615174	-0.666022	25	6	90	459.75
-1.047198	1.846342	-1.796954	1	36	21	459.69
0.523599	1.756530	-2.105156	280	286	25	459.67
2.356194	1.374601	-2.456031	53	32	29	459.66
1.570796	2.455966	-0.641220	240	50	67	459.57
-2.617994	1.736875	3.023612	225	52	26	459.53
0.785398	0.700570	1.559208	262	39	34	459.52
2.617994	0.290380	-0.796960	15	4	95	459.52
2.879793	1.599406	1.426070	279	292	58	459.47
-1.570796	2.138223	1.678323	16	32	86	459.45
1.570796	1.721184	-0.153948	229	57	52	459.45
0.523599	2.881233	-2.582574	246	37	70	459.45
-3.141593	2.664082	-1.071402	5	40	1	459.44
-0.785398	1.413347	-1.339188	293	23	16	459.40
0.261799	0.864993	2.278281	10	280	58	459.40
2.094395	2.704512	1.488683	48	5	254	459.38
-2.356194	1.658653	-2.409879	227	48	55	459.35
0.261799	1.448123	-2.163292	268	25	20	459.34
-1.570796	1.113094	-0.272241	229	47	56	459.32
1.047198	1.599406	1.426070	230	41	70	459.31
-1.570796	1.335669	0.897240	222	30	22	459.29
0.000000	0.866395	-2.492918	28	268	291	459.23
2.356194	0.762244	-0.273349	5	40	45	459.18
-1.832596	0.379747	-1.713059	290	16	97	459.16
-1.308997	1.134497	-1.109631	235	25	77	459.08
1.047198	0.961715	0.014085	275	46	23	459.07
0.523599	0.379747	-1.713059	279	24	100	459.05
0.000000	2.724429	-0.348782	26	38	86	459.00
-2.879793	1.812176	0.656819	278	59	11	458.93
-0.261799	1.809167	1.213774	38	278	12	458.91
0.523599	1.450119	-2.739050	282	287	41	458.89
-3.141593	2.579248	-2.364801	265	74	0	458.89
1.570796	2.180315	-1.357379	44	6	22	458.89
1.047198	1.554776	0.100351	25	258	25	458.84
1.570796	1.870545	-2.976234	25	20	38	458.76
-2.094395	0.640596	-2.797608	252	6	91	458.76
-1.047198	0.640596	-2.797608	40	15	221	458.68
0.785398	1.741644	-2.695914	10	285	41	458.68
-2.094395	2.760637	2.781135	23	36	82	458.64
1.308997	2.295480	1.008277	265	26	95	458.56
-1.832596	1.982574	-1.115518	225	52	32	458.55
2.617994	1.662363	0.915448	251	271	75	458.53
-1.832596	2.089241	-0.114193	8	280	50	458.51
0.523599	2.089241	-0.114193	289	271	5	458.51
-3.141593	2.587733	0.232235	17	269	29	458.51
-2.617994	1.977582	0.969896	6	276	90	458.47
0.785398	2.063651	-2.044600	234	67	29	458.45
-0.261799	0.419640	2.974122	5	289	83	458.43
2.094395	2.089241	-0.114193	229	28	72	458.40
-3.141593	2.863997	0.549740	251	276	284	458.32
0.261799	1.569311	-3.003978	263	24	36	458.31
-1.832596	1.836682	-0.676006	233	61	32	458.28
-1.832596	1.367556	0.358405	234	55	30	458.26
-3.141593	2.587733	0.232235	18	42	273	458.25
0.785398	1.391910	3.030322	219	31	12	458.23
0.000000	1.809167	1.213774	283	68	83	458.18
-1.047198	1.904882	-1.478089	265	22	19	458.18
-2.094395	2.180315	-1.357379	232	60	23	458.16
-3.141593	0.419640	2.974122	250	39	86	458.15
0.261799	2.407836	1.410646	273	30	101	458.14
0.785398	0.591903	2.010408	272	26	48	458.13
2.879793	2.073035	2.027405	47	278	6	458.11
-1.570796	1.374601	-2.456031	231	0	70	458.10
-2.879793	1.335669	0.897240	280	275	46	458.06
1.047198	1.310100	1.488307	222	43	52	457.98
-1.308997	2.393226	1.857173	292	41	89	457.98
1.570796	2.343981	-1.040456	229	42	50	457.98
2.617994	2.247462	0.191623	11	41	293	457.96
2.094395	0.203748	0.590255	28	15	85	457.94
-1.832596	1.683268	0.374177	4	291	47	457.87
1.570796	1.909857	-0.381669	231	59	54	457.85
-1.047198	0.370812	-2.547742	0	290	94	457.85
0.261799	1.242974	-2.977882	286	286	54	457.77
-0.523599	0.850607	-1.335383	256	0	85	457.77
-2.094395	1.736875	3.023612	222	24	32	457.74
2.356194	2.984978	1.954446	18	9	91	457.72
1.308997	2.251330	-2.330739	217	26	44	457.71
0.523599	1.128190	-2.288622	34	265	274	457.68
0.785398	2.587733	0.232235	53	15	41	457.66
-2.094395	2.407836	1.410646	4	17	97	457.64
2.356194	0.850607	-1.335383	17	26	96	457.62
2.879793	1.555207	1.708892	283	286	56	457.61
0.785398	1.756530	-2.105156	30	274	49	457.56
-1.570796	1.433411	-1.035986	228	38	64	457.55
2.094395	0.709924	0.218797	291	36	43	457.55
0.261799	0.496451	0.593859	266	228	37	457.53
0.523599	2.760637	2.781135	242	23	88	457.52
2.094395	2.455966	-0.641220	233	23	60	457.49
2.879793	1.488617	1.159546	273	19	50	457.44
0.523599	1.948085	-2.363031	248	58	29	457.43
-2.617994	2.719179	-1.780644	273	45	0	457.42
-1.308997	2.180315	-1.357379	25	20	35	457.38
0.523599	0.906588	1.252948	5	7	48	457.31
0.785398	1.218453	2.777284	277	6	48	457.28
-0.261799	2.579248	-2.364801	284	65	60	457.27
2.617994	1.448123	-2.163292	5	65	63	457.25
-0.261799	1.218453	2.777284	287	263	52	457.16
-0.785398	2.073035	2.027405	289	55	76	457.11
1.047198	1.194549	-0.801900	4	43	258	457.11
1.570796	0.762244	-0.273349	282	33	24	457.09
1.832596	1.809167	1.213774	239	6	83	457.06
1.832596	1.721184	-0.153948	219	35	47	457.03
-2.356194	1.904882	-1.478089	251	59	30	457.00
0.523599	0.591903	2.010408	238	46	3	456.97
1.308997	2.041297	-2.664597	214	10	30	456.97
0.261799	2.295480	1.008277	285	41	100	456.96
-2.879793	0.419640	2.974122	244	31	86	456.96
-2.617994	0.297065	2.160177	247	31	79	456.96
-2.356194	1.617114	-1.572037	248	66	65	456.94
-1.570796	1.872854	1.543456	28	30	79	456.94
-1.832596	1.134796	2.434290	220	7	46	456.92
-1.047198	1.982574	-1.115518	19	24	28	456.90
1.308997	1.194549	-0.801900	284	29	19	456.89
0.785398	0.850607	-1.335383	51	264	273	456.89
2.617994	2.637879	2.121598	29	288	77	456.86
-1.832596	1.374601	-2.456031	229	12	70	456.85
-1.570796	2.637879	2.121598	293	46	92	456.84
0.785398	2.073035	2.027405	234	24	77	456.80
-2.356194	0.910508	1.903534	24	283	18	456.80
2.879793	1.766067	2.153843	272	69	10	456.79
-0.523599	2.724429	-0.348782	241	10	277	456.76
1.832596	2.404280	-0.174044	245	47	83	456.74
-0.261799	0.866395	-2.492918	30	6	235	456.70
0.523599	0.733948	3.021411	4	292	241	456.70
-3.141593	0.615174	-0.666022	15	40	88	456.70
0.261799	1.242974	-2.977882	277	290	47	456.70
-0.785398	0.496451	0.593859	20	26	23	456.70
2.617994	0.458961	-0.107937	28	27	83	456.69
1.570796	2.393226	1.857173	64	287	267	456.69
-0.261799	1.662363	0.915448	10	64	70	456.64
-2.879793	1.134497	-1.109631	289	60	72	456.63
0.785398	2.587733	0.232235	3	51	95	456.57
-2.094395	1.433411	-1.035986	249	52	47	456.54
1.308997	2.251330	-2.330739	217	24	44	456.53
-2.356194	2.760637	2.781135	26	27	82	456.51
-2.356194	2.174483	2.653697	271	37	35	456.50
1.047198	1.214854	-1.966664	33	7	85	456.46
-0.523599	0.615174	-0.666022	250	18	90	456.44
-1.570796	2.407836	1.410646	22	273	235	456.41
-0.785398	2.379497	0.561089	14	14	88	456.39
0.785398	2.033014	2.977192	217	31	47	456.38
-1.308997	1.134497	-1.109631	235	24	75	456.38
-2.094395	2.153910	-1.714959	68	266	266	456.36
0.261799	2.592629	0.909713	292	18	98	456.34
-2.879793	1.168678	2.108595	263	50	51	456.33
1.570796	1.554776	0.100351	225	49	49	456.31
0.000000	2.664082	-1.071402	263	272	288	456.30
2.356194	1.766067	2.153843	289	16	53	456.29
0.261799	0.929350	-2.910676	13	286	78	456.27
0.523599	2.704512	1.488683	58	272	260	456.27
-1.308997	0.762244	-0.273349	236	36	72	456.26
-2.617994	0.619654	-2.216909	268	21	98	456.25
1.570796	1.948085	-2.363031	217	6	24	456.24
-2.356194	0.458961	-0.107937	279	57	80	456.23
2.617994	1.242974	-2.977882	289	62	62	456.23
-0.785398	0.619654	-2.216909	38	289	213	456.21
-2.094395	1.809167	1.213774	67	264	14	456.20
-1.047198	2.592629	0.909713	286	8	96	456.19
-2.094395	2.719179	-1.780644	238	47	289	456.18
0.785398	1.247695	1.809890	223	50	43	456.18
2.356194	2.299159	2.264663	285	269	85	456.17
-1.047198	1.045978	0.343692	291	5	38	456.16
-2.617994	2.760637	2.781135	28	15	81	456.16
-0.261799	0.418037	1.360082	271	260	74	456.07
-2.356194	1.812176	0.656819	18	30	244	456.06
-1.047198	1.448123	-2.163292	282	36	20	456.04
2.356194	1.128190	-2.288622	7	47	69	456.01
-2.617994	2.138223	1.678323	286	14	61	455.99
2.617994	2.719179	-1.780644	258	278	66	455.97
1.832596	2.637879	2.121598	57	3	248	455.92
0.785398	0.899350	-2.069907	11	2	90	455.91
2.617994	0.496451	0.593859	27	53	73	455.89
0.785398	1.391910	3.030322	233	27	21	455.83
-0.523599	2.001437	0.381215	36	45	82	455.81
-2.617994	2.704512	1.488683	287	26	91	455.79
2.879793	1.812176	0.656819	256	272	79	455.79
0.523599	2.863997	0.549740	65	282	47	455.77
-1.832596	2.592629	0.909713	39	270	29	455.74
1.047198	0.618092	2.539118	4	20	67	455.73
1.047198	2.664082	-1.071402	256	61	68	455.72
1.570796	0.591903	2.010408	30	41	70	455.71
0.785398	1.756530	-2.105156	29	275	49	455.68
-1.047198	1.113094	-0.272241	224	22	62	455.66
-0.785398	1.045978	0.343692	45	41	27	455.66
1.570796	0.762244	-0.273349	6	24	35	455.64
1.308997	1.417623	-0.202254	37	265	44	455.62
-2.879793	1.440580	2.260026	51	262	8	455.59
-2.356194	2.455966	-0.641220	271	72	292	455.57
-2.094395	1.982574	-1.115518	236	66	33	455.55
-2.879793	1.168678	2.108595	262	46	52	455.51
-0.523599	2.174483	2.653697	275	69	66	455.50
-2.356194	1.617114	-1.572037	247	66	65	455.49
2.617994	0.290380	-0.796960	14	2	95	455.49
-1.832596	2.979456	-1.009304	265	40	279	455.48
-2.094395	2.587733	0.232235	39	256	19	455.45
1.047198	1.256302	0.062705	253	63	24	455.45
2.617994	2.719179	-1.780644	273	290	51	455.44
1.047198	0.864993	2.278281	273	15	49	455.43
0.785398	0.591903	2.010408	284	19	56	455.42
-0.785398	2.393226	1.857173	279	38	84	455.42
-2.094395	1.617114	-1.572037	65	253	265	455.37
2.356194	2.588535	-2.976617	274	260	73	455.33
-3.141593	0.619654	-2.216909	270	29	99	455.31
2.356194	2.349581	-2.702517	12	65	11	455.24
-3.141593	2.592629	0.909713	31	279	35	455.23
0.261799	2.041297	-2.664597	267	6	29	455.17
1.570796	2.393226	1.857173	265	290	96	455.17
1.832596	0.458961	-0.107937	4	27	46	455.13
-0.261799	0.866955	-0.931351	27	277	281	455.09
-0.523599	1.809167	1.213774	9	56	78	455.07
-1.047198	1.374601	-2.456031	249	271	70	455.02
-1.832596	1.135834	-1.431087	247	36	83	454.99
-0.523599	1.413347	-1.339188	246	271	72	454.97
2.617994	2.592629	0.909713	32	286	37	454.97
-3.141593	1.809167	1.213774	288	267	83	454.96
2.617994	2.984978	1.954446	22	21	96	454.96
1.308997	1.846342	-1.796954	50	3	48	454.95
-3.141593	2.724429	-0.348782	20	48	278	454.95
-1.047198	1.450119	-2.739050	10	57	17	454.94
1.308997	0.961715	0.014085	16	19	41	454.94
0.785398	2.033014	2.977192	218	31	50	454.88
0.000000	1.218453	2.777284	280	2	54	454.88
-2.356194	2.033014	2.977192	235	42	20	454.88
-3.141593	2.247462	0.191623	8	55	288	454.85
1.308997	2.343981	-1.040456	245	43	43	454.82
-2.879793	1.545873	-1.877082	270	63	50	454.79
2.617994	0.992645	-1.723759	62	2	286	454.71
2.356194	1.721184	-0.153948	271	31	31	454.70
1.047198	1.870545	-2.976234	214	20	30	454.70
-2.617994	1.168678	2.108595	256	40	52	454.63
-2.356194	2.115563	0.685730	23	278	271	454.60
-2.094395	0.080730	-2.622036	41	8	252	454.58
1.832596	1.128190	-2.288622	23	35	79	454.57
1.570796	2.588535	-2.976617	27	41	292	454.56
1.570796	1.982574	-1.115518	219	43	31	454.55
0.523599	2.349581	-2.702517	234	62	55	454.52
-0.261799	2.174483	2.653697	267	45	58	454.50
0.523599	2.153910	-1.714959	279	291	14	454.47
-1.047198	0.961715	0.014085	223	21	62	454.46
0.785398	2.089241	-0.114193	54	228	246	454.42
0.523599	1.824694	1.850876	241	52	76	454.39
0.261799	2.164094	-2.991358	262	14	34	454.39
0.785398	0.709924	0.218797	10	275	64	454.39
1.570796	1.510910	-0.740472	28	3	35	454.30
-2.879793	2.719179	-1.780644	51	250	292	454.27
0.000000	1.809167	1.213774	280	61	77	454.26
2.617994	2.579248	-2.364801	5	62	3	454.26
0.000000	1.218453	2.777284	54	235	18	454.21
-2.094395	1.824694	1.850876	30	14	70	454.19
-2.094395	1.256302	0.062705	289	16	292	454.17
2.094395	1.128190	-2.288622	14	53	82	454.14
0.785398	0.992645	-1.723759	11	287	92	454.09
2.356194	2.174483	2.653697	281	261	68	454.06
0.785398	0.733948	3.021411	25	18	80	454.05
0.523599	0.960688	-0.577532	49	243	292	454.04
0.261799	2.760637	2.781135	249	22	71	454.02
-1.047198	2.724429	-0.348782	29	292	88	454.02
-0.261799	2.108018	1.311430	284	46	86	454.01
-2.356194	1.872854	1.543456	285	11	57	453.97
0.261799	2.247462	0.191623	9	53	80	453.94
-1.832596	1.488617	1.159546	261	10	41	453.88
1.047198	0.618092	2.539118	25	21	75	453.88
1.047198	1.168678	2.108595	215	21	29	453.87
-2.356194	2.115563	0.685730	23	277	271	453.85
-2.879793	1.247695	1.809890	44	256	8	453.84
-1.832596	1.982574	-1.115518	224	53	32	453.82
1.832596	0.496451	0.593859	29	18	70	453.81
1.047198	1.488617	1.159546	231	52	65	453.76
0.000000	1.448123	-2.163292	271	30	20	453.72
-2.356194	2.299159	2.264663	28	18	80	453.72
-1.047198	1.134497	-1.109631	234	13	78	453.70
-1.832596	2.704512	1.488683	278	26	91	453.68
0.785398	2.247462	0.191623	278	62	83	453.64
1.832596	2.174483	2.653697	259	279	65	453.64
2.356194	0.080730	-2.622036	256	27	94	453.58
1.832596	1.504028	0.636812	73	289	279	453.53
1.570796	2.041297	-2.664597	51	41	27	453.51
0.785398	0.914445	2.687814	238	24	12	453.51
0.261799	1.998705	2.370472	237	53	67	453.49
-0.785398	2.724429	-0.348782	47	281	252	453.48
0.523599	0.864993	2.278281	273	20	50	453.48
-2.617994	2.115563	0.685730	22	287	266	453.44
1.047198	0.850607	-1.335383	0	288	91	453.39
2.356194	0.615174	-0.666022	27	11	90	453.39
-1.832596	1.824694	1.850876	268	18	47	453.39
-2.094395	1.128190	-2.288622	241	26	85	453.38
-0.523599	2.089241	-0.114193	34	36	63	453.37
1.570796	0.619654	-2.216909	291	24	91	453.35
-2.356194	2.033014	2.977192	245	41	24	453.34
1.308997	2.456751	-1.503343	230	44	50	453.32
1.308997	2.396274	-1.959260	221	40	52	453.28
-1.047198	1.325504	-1.671296	1	265	15	453.27
-2.094395	1.756530	-2.105156	225	41	54	453.24
2.617994	0.685216	-1.712745	60	292	292	453.22
1.047198	2.251330	-2.330739	220	42	44	453.19
-1.570796	1.696674	-1.253233	221	32	50	453.18
-2.356194	2.063651	-2.044600	231	59	35	453.14
0.785398	1.721184	-0.153948	9	5	20	453.06
0.785398	0.992645	-1.723759	7	286	88	453.02
-1.832596	1.909857	-0.381669	30	261	51	452.98
-2.356194	1.872854	1.543456	281	13	55	452.98
1.047198	2.180315	-1.357379	30	276	22	452.95
-0.785398	2.592629	0.909713	41	267	253	452.94
-2.356194	1.504028	0.636812	270	12	41	452.90
0.523599	2.719179	-1.780644	261	61	65	452.86
-0.523599	2.478122	2.609777	267	51	72	452.86
0.785398	2.164094	-2.991358	221	39	51	452.77
1.047198	1.050534	3.042579	287	277	244	452.71
0.523599	2.592629	0.909713	50	287	34	452.70
-2.879793	1.440580	2.260026	0	4	46	452.70
-0.261799	1.242974	-2.977882	35	236	28	452.70
-3.141593	1.599406	1.426070	284	280	60	452.70
-2.879793	2.299159	2.264663	281	36	40	452.69
-2.356194	2.108018	1.311430	16	6	239	452.67
-2.617994	1.247695	1.809890	254	44	45	452.65
0.785398	0.709924	0.218797	12	14	47	452.65
2.356194	0.370812	-2.547742	265	33	95	452.62
-0.523599	2.478122	2.609777	267	52	72	452.59
-2.094395	1.736875	3.023612	218	20	28	452.57
-2.356194	0.992645	-1.723759	264	43	94	452.55
-2.094395	0.914445	2.687814	226	19	65	452.54
0.000000	1.325504	-1.671296	283	263	80	452.53
-2.094395	0.733948	3.021411	239	13	80	452.52
-0.785398	0.866395	-2.492918	44	15	221	452.49
1.308997	1.599406	1.426070	227	26	70	452.45
-2.879793	1.699788	2.452890	3	10	50	452.41
-2.879793	1.812176	0.656819	282	263	79	452.40
1.832596	1.875281	0.107086	229	39	69	452.40
1.047198	0.733948	3.021411	22	24	79	452.39
-0.523599	2.478122	2.609777	271	67	83	452.39
-2.094395	1.135813	-2.658866	234	20	77	452.38
1.047198	1.569311	-3.003978	17	3	48	452.37
2.356194	2.379497	0.561089	258	22	97	452.36
0.785398	2.247462	0.191623	281	55	76	452.33
2.617994	0.733948	3.021411	279	53	80	452.31
2.879793	2.979456	-1.009304	13	35	282	452.19
2.617994	2.187132	-0.479875	229	290	66	452.19
-1.308997	1.606104	-0.451151	219	34	40	452.14
0.785398	0.418037	1.360082	18	293	72	452.07
-1.308997	2.637879	2.121598	285	47	92	452.04
0.000000	0.914445	2.687814	52	243	29	451.97
1.570796	2.396274	-1.959260	43	23	13	451.96
0.523599	0.910508	1.903534	278	24	51	451.95
-2.879793	1.545873	-1.877082	266	74	68	451.95
0.000000	2.343981	-1.040456	14	66	55	451.93
2.094395	1.696674	-1.253233	43	31	46	451.92
0.000000	1.448123	-2.163292	271	31	20	451.91
-2.879793	2.664082	-1.071402	291	71	288	451.91
0.785398	1.869911	2.701025	218	30	50	451.85
1.570796	1.433411	-1.035986	43	288	62	451.83
1.308997	1.504028	0.636812	232	54	62	451.80
-0.785398	2.407836	1.410646	287	25	86	451.72
2.617994	0.571433	-1.188419	12	20	98	451.65
-2.356194	1.846342	-1.796954	238	64	51	451.64
1.047198	2.164094	-2.991358	215	19	46	451.63
0.523599	0.297065	2.160177	291	5	227	451.60
-1.832596	1.195355	1.200319	234	27	36	451.58
-0.523599	1.809167	1.213774	14	64	83	451.56
-0.523599	2.174483	2.653697	20	248	279	451.52
1.308997	1.433411	-1.035986	35	275	62	451.50
-2.094395	2.719179	-1.780644	237	47	289	451.47
1.832596	2.089241	-0.114193	232	37	62	451.45
0.000000	2.592629	0.909713	292	16	99	451.45
1.047198	1.812176	0.656819	254	50	67	451.45
-1.047198	2.587733	0.232235	57	269	6	451.43
1.308997	2.704512	1.488683	55	290	243	451.43
2.879793	0.685216	-1.712745	289	29	100	451.36
1.570796	2.174483	2.653697	248	284	66	451.35
-2.356194	1.824694	1.850876	252	32	30	451.35
-0.785398	0.418037	1.360082	245	273	73	451.35
1.308997	1.809167	1.213774	239	32	83	451.34
0.261799	1.214854	-1.966664	11	274	85	451.33
2.879793	0.685216	-1.712745	291	32	100	451.33
2.879793	2.760637	2.781135	280	41	5	451.29
-1.832596	0.571433	-1.188419	279	36	96	451.26
0.261799	1.948085	-2.363031	275	287	27	451.25
0.785398	1.433411	-1.035986	11	256	62	451.25
1.832596	1.683268	0.374177	269	39	40	451.25
0.785398	1.574060	2.783565	216	32	30	451.19
2.879793	2.719179	-1.780644	41	19	258	451.13
-1.308997	1.554776	0.100351	26	7	41	451.11
-1.047198	2.979456	-1.009304	244	24	275	451.10
-1.832596	2.164094	-2.991358	291	35	37	451.09
2.879793	1.135834	-1.431087	12	56	87	451.09
0.261799	1.374601	-2.456031	22	292	261	451.09
0.785398	1.195355	1.200319	28	269	29	451.08
1.570796	1.242974	-2.977882	29	34	62	451.03
-1.832596	2.063651	-2.044600	11	26	27	450.97
2.356194	2.455966	-0.641220	229	15	74	450.93
0.523599	2.396274	-1.959260	264	35	35	450.92
-0.261799	1.450119	-2.739050	258	259	7	450.91
-2.617994	1.756530	-2.105156	21	262	8	450.84
-2.879793	1.247695	1.809890	258	66	38	450.84
1.308997	1.195355	1.200319	73	273	292	450.79
0.523599	0.419640	2.974122	11	16	82	450.68
-1.308997	1.374601	-2.456031	230	251	32	450.64
-2.617994	0.762244	-0.273349	292	67	77	450.51
-2.879793	0.733948	3.021411	240	45	76	450.44
-1.047198	1.184361	0.625864	32	26	38	450.40
0.000000	1.574060	2.783565	271	13	47	450.39
-2.094395	2.881233	-2.582574	17	21	63	450.37
-2.879793	1.413430	2.550734	26	271	29	450.34
1.047198	2.704512	1.488683	57	288	246	450.33
-2.356194	2.396274	-1.959260	235	60	14	450.32
-1.832596	0.899350	-2.069907	257	18	95	450.31
0.000000	2.138223	1.678323	268	54	92	450.30
1.832596	2.343981	-1.040456	222	35	59	450.28
1.308997	1.504028	0.636812	231	53	62	450.26
0.000000	0.864993	2.278281	51	239	24	450.23
0.523599	1.658653	-2.409879	280	287	33	450.18
-1.832596	2.587733	0.232235	45	256	17	450.17
-0.523599	1.135834	-1.431087	252	280	80	450.09
-1.047198	2.704512	1.488683	272	18	85	450.08
-2.879793	1.599406	1.426070	279	4	53	450.03
2.094395	0.619654	-2.216909	282	35	96	450.02
0.261799	1.741644	-2.695914	4	13	284	450.01
-1.308997	0.640596	-2.797608	271	281	91	450.00
-1.570796	1.732874	-0.951685	221	41	45	449.94
-2.094395	1.135813	-2.658866	233	20	77	449.93
-0.523599	0.496451	0.593859	288	3	52	449.93
-1.570796	2.187132	-0.479875	284	6	21	449.89
1.308997	2.073035	2.027405	239	4	83	449.81
0.000000	1.325504	-1.671296	19	274	282	449.78
-2.617994	1.545873	-1.877082	12	266	0	449.76
-1.570796	1.977582	0.969896	23	8	82	449.75
-2.617994	0.419640	2.974122	243	21	86	449.72
1.047198	0.914445	2.687814	235	16	11	449.68
1.832596	2.187132	-0.479875	228	42	66	449.68
-1.570796	2.664082	-1.071402	232	37	285	449.67
-0.785398	2.984978	1.954446	27	271	290	449.62
-2.094395	2.343981	-1.040456	292	2	26	449.60
1.832596	2.587733	0.232235	28	3	16	449.60
1.047198	1.417623	-0.202254	75	235	277	449.59
-0.261799	1.325504	-1.671296	279	16	21	449.54
2.356194	1.599406	1.426070	6	52	33	449.52
1.570796	0.762244	-0.273349	271	37	15	449.43
0.261799	0.910508	1.903534	254	64	27	449.40
-3.141593	0.914445	2.687814	292	14	43	449.39
0.261799	2.041297	-2.664597	5	2	291	449.38
-1.570796	2.073035	2.027405	28	45	81	449.37
-1.047198	0.831641	0.616218	0	8	42	449.37
1.047198	1.836682	-0.676006	13	280	20	449.35
-2.094395	2.108018	1.311430	57	273	22	449.34
-0.523599	1.218453	2.777284	279	252	51	449.33
2.617994	1.812176	0.656819	246	281	79	449.27
-2.617994	2.396274	-1.959260	247	72	14	449.26
-1.047198	0.709924	0.218797	231	9	60	449.24
-2.094395	0.906588	1.252948	233	48	48	449.23
2.094395	2.588535	-2.976617	12	21	22	449.23
-2.094395	1.050534	3.042579	228	19	67	449.21
-1.570796	2.073035	2.027405	29	45	81	449.21
0.785398	1.301460	-0.509251	6	255	60	449.19
0.523599	1.134497	-1.109631	47	245	0	449.17
1.832596	1.812176	0.656819	234	25	79	449.11
1.047198	1.433411	-1.035986	292	42	263	449.11
-1.832596	0.615174	-0.666022	265	48	84	449.11
-0.261799	2.588535	-2.976617	269	53	65	449.10
-2.356194	0.866395	-2.492918	248	23	90	449.09
0.261799	1.998705	2.370472	276	3	44	449.06
-1.308997	2.664082	-1.071402	45	5	76	449.04
2.094395	1.134497	-1.109631	86	285	13	448.98
0.785398	1.545873	-1.877082	270	21	18	448.96
0.000000	1.214854	-1.966664	38	17	236	448.91
-1.832596	1.025536	1.576859	224	23	43	448.90
1.308997	2.587733	0.232235	281	51	96	448.86
2.094395	2.478122	2.609777	33	275	16	448.81
0.000000	1.218453	2.777284	53	235	18	448.80
1.570796	1.433411	-1.035986	64	279	266	448.75
-1.308997	1.450119	-2.739050	237	274	59	448.73
2.094395	1.766067	2.153843	254	261	64	448.65
-1.570796	2.724429	-0.348782	56	260	3	448.63
-2.617994	1.135834	-1.431087	31	269	262	448.50
-1.308997	0.290380	-0.796960	274	41	92	448.48
-1.308997	2.089241	-0.114193	272	8	16	448.43
2.356194	1.809167	1.213774	270	13	61	448.38
2.356194	1.325504	-1.671296	259	0	2	448.33
1.047198	1.721184	-0.153948	251	75	49	448.29
-0.261799	2.588535	-2.976617	266	70	72	448.28
-2.356194	1.214854	-1.966664	249	46	85	448.27
1.047198	2.863997	0.549740	8	28	92	448.25
2.617994	0.379747	-1.713059	281	9	100	448.24
-2.356194	0.297065	2.160177	13	277	32	448.20
2.879793	0.992645	-1.723759	0	49	94	448.18
1.570796	1.134497	-1.109631	239	45	281	448.15
-0.261799	2.637879	2.121598	254	34	90	448.09
0.523599	0.864993	2.278281	240	46	18	448.08
-2.879793	1.325504	-1.671296	275	66	81	448.08
1.047198	1.256302	0.062705	25	260	44	448.07
1.308997	1.555207	1.708892	224	17	64	448.06
1.308997	1.113094	-0.272241	284	34	26	448.02
1.570796	1.696674	-1.253233	41	1	44	448.01
2.617994	2.579248	-2.364801	272	266	61	447.99
-2.094395	1.413347	-1.339188	13	279	0	447.95
-2.356194	1.809167	1.213774	10	285	70	447.91
1.832596	0.866395	-2.492918	12	33	85	447.90
1.832596	1.374601	-2.456031	33	49	69	447.88
1.570796	2.089241	-0.114193	238	52	72	447.85
0.523599	1.555207	1.708892	240	63	64	447.83
-0.523599	2.592629	0.909713	50	275	40	447.82
2.879793	2.001437	0.381215	15	57	1	447.77
2.879793	1.506530	1.988858	275	3	12	447.74
1.308997	1.904882	-1.478089	226	54	23	447.72
0.000000	0.619654	-2.216909	291	6	94	447.70
1.308997	1.134497	-1.109631	77	251	28	447.66
-3.141593	0.419640	2.974122	241	5	51	447.64
0.523599	1.413430	2.550734	223	49	31	447.62
-3.141593	1.812176	0.656819	269	266	79	447.62
1.570796	2.719179	-1.780644	229	27	73	447.60
-3.141593	2.247462	0.191623	278	37	13	447.58
1.047198	2.115563	0.685730	64	247	230	447.57
1.047198	1.756530	-2.105156	39	285	49	447.56
0.000000	0.864993	2.278281	258	64	18	447.55
-0.785398	2.379497	0.561089	15	15	93	447.50
0.261799	1.658653	-2.409879	266	27	26	447.45
-1.570796	1.184361	0.625864	221	36	34	447.43
-0.523599	2.979456	-1.009304	28	26	83	447.40
-2.356194	1.168678	2.108595	234	39	45	447.38
-2.356194	1.948085	-2.363031	227	55	37	447.35
0.785398	2.579248	-2.364801	233	52	66	447.32
-2.094395	1.128190	-2.288622	244	31	83	447.31
0.523599	0.496451	0.593859	1	277	70	447.31
-0.785398	2.587733	0.232235	67	270	31	447.29
-2.356194	1.413430	2.550734	232	38	42	447.27
0.000000	1.662363	0.915448	291	65	68	447.27
-1.308997	1.367556	0.358405	5	10	36	447.25
0.523599	1.870545	-2.976234	246	286	0	447.19
-1.832596	0.992645	-1.723759	256	29	94	447.19
-2.094395	1.977582	0.969896	19	284	86	447.19
-2.617994	1.440580	2.260026	239	51	34	447.18
-2.879793	1.134497	-1.109631	290	59	71	447.11
-3.141593	2.404280	-0.174044	20	60	285	447.09
-1.570796	2.664082	-1.071402	235	42	289	447.08
2.879793	1.809167	1.213774	277	24	51	447.04
1.832596	0.960688	-0.577532	280	30	20	446.99
1.832596	0.619654	-2.216909	39	271	212	446.99
-2.094395	2.115563	0.685730	21	278	265	446.94
-2.356194	0.379747	-1.713059	293	15	101	446.91
1.047198	1.721184	-0.153948	249	76	48	446.90
0.000000	1.242974	-2.977882	46	239	28	446.87
-0.261799	1.448123	-2.163292	285	47	12	446.83
-0.261799	2.299159	2.264663	260	53	80	446.82
2.356194	2.174483	2.653697	278	256	69	446.81
-1.570796	1.809167	1.213774	30	20	78	446.81
-1.570796	2.984978	1.954446	264	38	81	446.79
-0.785398	1.050534	3.042579	270	290	64	446.79
-2.094395	1.440580	2.260026	231	26	35	446.75
2.356194	1.606104	-0.451151	217	4	34	446.74
-2.094395	1.247695	1.809890	231	29	36	446.73
1.308997	0.571433	-1.188419	290	288	85	446.72
-2.094395	0.571433	-1.188419	32	6	58	446.65
2.617994	2.299159	2.264663	46	18	255	446.57
0.785398	2.396274	-1.959260	258	27	32	446.55
1.047198	1.836682	-0.676006	12	280	19	446.55
1.308997	1.554776	0.100351	18	257	282	446.54
-2.094395	2.108018	1.311430	22	7	95	446.47
0.785398	1.721184	-0.153948	269	68	42	446.46
2.356194	2.379497	0.561089	34	293	281	446.44
2.617994	0.458961	-0.107937	29	26	83	446.42
-3.141593	1.555207	1.708892	290	275	58	446.40
0.785398	2.153910	-1.714959	276	8	16	446.38
1.308997	1.732874	-0.951685	30	279	33	446.38
-0.261799	1.374601	-2.456031	270	32	24	446.34
-1.832596	1.014500	0.906702	227	45	42	446.34
-1.570796	1.948085	-2.363031	247	27	32	446.33
2.879793	2.588535	-2.976617	10	261	73	446.30
0.785398	2.349581	-2.702517	226	48	55	446.28
-2.094395	1.050534	3.042579	228	18	67	446.28
2.356194	1.875281	0.107086	227	6	68	446.27
0.523599	1.194549	-0.801900	2	17	23	446.26
1.047198	1.812176	0.656819	256	49	62	446.24
-3.141593	0.619654	-2.216909	270	28	99	446.23
-1.832596	0.906588	1.252948	225	29	47	446.21
-2.356194	2.455966	-0.641220	269	60	292	446.16
1.832596	0.496451	0.593859	287	32	47	446.14
1.047198	1.194549	-0.801900	248	37	257	446.13
2.617994	0.379747	-1.713059	282	11	101	446.13
-0.261799	1.448123	-2.163292	273	30	20	446.11
-2.356194	2.115563	0.685730	51	249	39	446.05
-1.570796	2.247462	0.191623	19	281	84	446.01
2.879793	0.591903	2.010408	276	40	65	446.00
1.832596	0.619654	-2.216909	289	27	91	446.00
2.617994	1.812176	0.656819	293	51	19	445.99
1.047198	1.732874	-0.951685	14	279	28	445.97
1.832596	2.456751	-1.503343	220	18	59	445.97
-0.261799	1.391910	3.030322	28	268	288	445.96
1.570796	1.812176	0.656819	236	36	80	445.95
0.523599	2.579248	-2.364801	244	66	65	445.94
0.000000	2.295480	1.008277	287	33	83	445.90
1.832596	1.766067	2.153843	254	289	60	445.90
0.785398	0.866395	-2.492918	34	268	270	445.89
-2.356194	2.404280	-0.174044	39	235	27	445.82
0.261799	1.869911	2.701025	233	59	50	445.81
-2.356194	0.674054	1.013609	254	31	54	445.79
-1.308997	2.407836	1.410646	26	273	213	445.75
-2.617994	2.153910	-1.714959	293	20	21	445.72
1.570796	2.664082	-1.071402	238	41	66	445.71
-1.832596	1.948085	-2.363031	250	38	32	445.68
0.523599	0.910508	1.903534	67	249	17	445.67
2.356194	2.393226	1.857173	51	10	262	445.60
0.785398	1.809167	1.213774	249	53	83	445.58
-2.356194	1.574060	2.783565	254	39	46	445.56
-1.308997	2.180315	-1.357379	216	11	21	445.55
-0.523599	2.724429	-0.348782	241	13	277	445.54
-1.047198	0.929350	-2.910676	266	278	80	445.54
1.047198	2.863997	0.549740	11	27	95	445.52
-3.141593	0.709924	0.218797	2	57	62	445.48
-0.785398	2.379497	0.561089	20	20	97	445.43
-2.356194	1.025536	1.576859	235	45	41	445.43
0.000000	1.050534	3.042579	25	283	278	445.36
-3.141593	0.733948	3.021411	249	55	78	445.34
1.570796	2.153910	-1.714959	216	29	37	445.34
1.832596	1.721184	-0.153948	220	38	52	445.31
-1.047198	1.545873	-1.877082	284	31	18	445.30
0.523599	2.881233	-2.582574	247	36	68	445.27
0.785398	1.766067	2.153843	225	35	65	445.24
-3.141593	0.419640	2.974122	249	39	85	445.24
2.356194	2.174483	2.653697	280	259	69	445.20
1.047198	0.899350	-2.069907	14	9	90	445.19
-1.047198	0.418037	1.360082	236	284	73	445.16
1.570796	1.440580	2.260026	241	0	45	445.16
1.308997	1.846342	-1.796954	51	1	48	445.16
-2.879793	2.299159	2.264663	37	8	277	445.14
1.570796	1.367556	0.358405	220	42	41	445.11
-2.617994	1.413430	2.550734	238	50	42	445.11
1.832596	0.571433	-1.188419	64	273	10	445.10
0.785398	2.251330	-2.330739	228	58	44	445.04
2.094395	2.379497	0.561089	260	30	97	445.00
0.785398	1.699788	2.452890	218	31	49	444.99
-2.617994	1.218453	2.777284	70	261	281	444.97
-2.356194	1.872854	1.543456	20	292	75	444.95
-2.094395	1.448123	-2.163292	231	35	71	444.95
0.523599	0.685216	-1.712745	290	10	100	444.94
0.261799	1.134796	2.434290	272	16	49	444.89
1.308997	0.591903	2.010408	273	22	51	444.87
-1.570796	1.128190	-2.288622	244	3	85	444.87
-0.785398	2.404280	-0.174044	231	12	281	444.85
-2.094395	0.914445	2.687814	222	14	59	444.85
-2.879793	0.866395	-2.492918	255	40	90	444.83
1.308997	0.290380	-0.796960	58	286	269	444.82
-2.879793	1.599406	1.426070	292	281	60	444.82
-2.094395	0.899350	-2.069907	257	24	95	444.81
-2.879793	1.555207	1.708892	6	279	58	444.80
1.832596	0.290380	-0.796960	292	287	96	444.79
-1.308997	1.045978	0.343692	220	32	49	444.76
1.047198	2.063651	-2.044600	224	55	29	444.75
2.879793	0.864993	2.278281	278	46	62	444.74
0.000000	1.135834	-1.431087	272	269	82	444.73
-2.617994	1.242974	-2.977882	231	48	62	444.71
-1.570796	2.247462	0.191623	18	281	79	444.61
1.047198	1.699788	2.452890	217	16	51	444.60
2.356194	0.929350	-2.910676	293	47	72	444.59
-2.356194	2.664082	-1.071402	51	254	291	444.58
1.047198	1.184361	0.625864	52	285	3	444.47
-2.356194	1.545873	-1.877082	14	284	5	444.40
0.785398	2.984978	1.954446	55	278	249	444.39
-2.094395	1.374601	-2.456031	228	28	70	444.37
-1.570796	1.417623	-0.202254	223	47	36	444.32
-2.617994	1.391910	3.030322	225	51	46	444.30
-0.261799	0.685216	-1.712745	273	5	94	444.28
2.094395	0.458961	-0.107937	3	33	51	444.27
1.308997	1.875281	0.107086	245	65	69	444.26
-2.356194	2.664082	-1.071402	4	258	76	444.23
-2.094395	1.335669	0.897240	237	49	27	444.21
2.094395	0.615174	-0.666022	26	5	91	444.21
2.094395	1.325504	-1.671296	32	38	75	444.19
-3.141593	0.591903	2.010408	266	35	61	444.18
-2.094395	0.418037	1.360082	71	261	262	444.16
-1.308997	0.899350	-2.069907	16	275	28	444.11
-3.141593	1.555207	1.708892	266	3	9	444.06
-2.879793	1.413430	2.550734	247	60	42	444.03
-1.308997	1.846342	-1.796954	5	35	20	444.00
2.094395	2.247462	0.191623	242	29	87	443.97
-1.047198	0.709924	0.218797	232	9	59	443.94
1.832596	2.704512	1.488683	45	290	226	443.86
-2.094395	0.418037	1.360082	239	46	74	443.84
2.356194	0.866395	-2.492918	35	22	51	443.79
0.523599	2.356369	3.005869	227	41	66	443.79
2.356194	2.637879	2.121598	6	287	95	443.78
0.523599	2.404280	-0.174044	279	269	286	443.78
2.356194	0.203748	0.590255	21	30	83	443.74
-0.261799	2.719179	-1.780644	11	69	70	443.73
-1.570796	0.992645	-1.723759	251	17	88	443.71
2.356194	2.356369	3.005869	276	256	68	443.59
-0.261799	1.662363	0.915448	12	68	74	443.55
0.785398	2.404280	-0.174044	291	276	289	443.54
0.785398	1.310100	1.488307	229	59	52	443.53
-0.261799	1.448123	-2.163292	274	33	20	443.53
-2.879793	2.478122	2.609777	42	9	273	443.49
-2.356194	2.379497	0.561089	39	255	43	443.48
-2.617994	1.025536	1.576859	255	38	49	443.43
-1.047198	0.297065	2.160177	54	8	261	443.42
1.308997	1.982574	-1.115518	23	293	22	443.41
1.308997	0.591903	2.010408	31	30	70	443.39
1.308997	0.733948	3.021411	22	36	80	443.39
-3.141593	0.370812	-2.547742	261	18	97	443.38
-2.617994	2.379497	0.561089	29	267	2	443.38
-1.047198	2.180315	-1.357379	23	29	35	443.38
1.832596	2.404280	-0.174044	247	36	69	443.37
0.000000	1.325504	-1.671296	285	39	9	443.37
-3.141593	0.297065	2.160177	262	56	84	443.35
-0.523599	0.419640	2.974122	290	293	82	443.33
-2.356194	1.809167	1.213774	268	15	46	443.33
-1.570796	1.194549	-0.801900	232	44	68	443.33
-0.261799	1.374601	-2.456031	30	4	262	443.32
0.000000	0.203748	0.590255	275	291	79	443.29
0.000000	2.033014	2.977192	260	32	44	443.28
2.356194	2.108018	1.311430	24	259	38	443.28
-2.617994	1.756530	-2.105156	243	67	54	443.26
2.879793	0.571433	-1.188419	12	24	98	443.25
0.785398	1.014500	0.906702	21	280	45	443.24
-2.617994	1.391910	3.030322	71	262	281	443.17
0.785398	1.998705	2.370472	226	28	70	443.16
-2.356194	1.128190	-2.288622	244	37	85	443.16
0.785398	1.310100	1.488307	230	57	52	443.16
2.356194	1.134497	-1.109631	35	36	83	443.16
-2.617994	1.242974	-2.977882	231	47	62	443.14
2.094395	2.455966	-0.641220	230	30	74	443.11
1.308997	0.866955	-0.931351	65	268	285	443.07
-2.356194	1.247695	1.809890	249	35	45	443.06
2.094395	1.335669	0.897240	263	27	45	443.05
2.617994	1.554776	0.100351	228	279	51	443.03
2.617994	2.592629	0.909713	35	1	279	443.03
-0.523599	2.984978	1.954446	251	15	91	443.02
2.879793	1.977582	0.969896	269	276	90	443.02
-3.141593	2.664082	-1.071402	257	268	76	442.98
-2.356194	1.242974	-2.977882	229	37	65	442.92
0.523599	1.134497	-1.109631	288	270	83	442.91
1.047198	2.664082	-1.071402	256	64	72	442.91
-1.047198	0.866395	-2.492918	51	13	222	442.88
-1.570796	1.836682	-0.676006	19	1	32	442.85
-2.356194	0.850607	-1.335383	32	13	10	442.84
1.047198	2.153910	-1.714959	230	62	36	442.84
-2.094395	2.379497	0.561089	30	270	282	442.77
-0.261799	2.724429	-0.348782	245	0	277	442.77
-1.308997	1.617114	-1.572037	223	6	60	442.77
-0.261799	1.134497	-1.109631	8	36	7	442.73
-0.785398	2.984978	1.954446	241	276	45	442.72
0.523599	0.961715	0.014085	286	78	15	442.72
2.617994	1.872854	1.543456	59	28	231	442.66
-2.617994	1.998705	2.370472	260	42	30	442.54
1.047198	1.194549	-0.801900	274	42	13	442.54
-1.047198	1.510910	-0.740472	221	14	55	442.54
1.047198	1.504028	0.636812	28	275	19	442.50
-0.785398	0.929350	-2.910676	43	28	230	442.46
2.617994	2.760637	2.781135	11	274	88	442.46
2.617994	2.299159	2.264663	3	271	85	442.44
-2.356194	1.736875	3.023612	254	42	42	442.42
1.570796	1.440580	2.260026	263	6	48	442.41
0.000000	0.290380	-0.796960	257	18	95	442.38
0.523599	1.242974	-2.977882	0	288	55	442.38
-1.570796	1.135834	-1.431087	242	27	84	442.35
-1.308997	1.113094	-0.272241	226	38	62	442.33
0.261799	0.619654	-2.216909	0	10	95	442.29
-0.523599	0.762244	-0.273349	238	5	78	442.28
-0.785398	1.045978	0.343692	1	6	38	442.27
-2.879793	0.899350	-2.069907	268	42	95	442.25
-2.356194	0.700570	1.559208	235	48	58	442.20
0.785398	2.379497	0.561089	282	44	92	442.18
-0.523599	2.379497	0.561089	19	26	97	442.16
0.000000	0.418037	1.360082	288	278	72	442.12
-2.094395	1.413347	-1.339188	243	54	70	442.06
1.570796	1.904882	-1.478089	44	6	36	442.06
-0.261799	0.419640	2.974122	11	281	84	442.01
-1.308997	2.187132	-0.479875	16	6	41	441.99
-2.879793	0.370812	-2.547742	262	12	97	441.97
0.261799	2.588535	-2.976617	245	46	64	441.96
-3.141593	1.440580	2.260026	293	8	50	441.95
2.879793	1.134497	-1.109631	23	56	83	441.93
-2.356194	2.180315	-1.357379	54	246	1	441.91
2.094395	2.719179	-1.780644	20	28	2	441.91
2.094395	1.606104	-0.451151	215	20	34	441.90
2.617994	1.128190	-2.288622	62	4	4	441.88
0.523599	2.719179	-1.780644	260	64	66	441.82
-0.523599	2.984978	1.954446	30	267	288	441.82
0.261799	0.762244	-0.273349	58	283	263	441.78
-2.356194	1.325504	-1.671296	253	55	81	441.78
0.785398	0.685216	-1.712745	46	264	280	441.75
-2.094395	1.699788	2.452890	262	30	44	441.74
-1.047198	2.664082	-1.071402	247	20	290	441.74
0.523599	1.242974	-2.977882	27	283	66	441.72
-1.832596	1.184361	0.625864	229	51	34	441.72
0.785398	2.251330	-2.330739	229	59	44	441.71
-1.570796	0.419640	2.974122	269	290	87	441.71
2.879793	1.599406	1.426070	279	19	53	441.68
-2.617994	0.866395	-2.492918	251	32	90	441.64
1.832596	2.592629	0.909713	48	4	274	441.63
-1.832596	2.104282	-0.813972	230	59	19	441.62
2.094395	1.554776	0.100351	248	26	40	441.57
-1.047198	2.393226	1.857173	286	43	89	441.55
-1.832596	2.108018	1.311430	9	286	239	441.55
2.617994	2.187132	-0.479875	6	37	7	441.54
-2.879793	1.977582	0.969896	4	291	45	441.51
1.832596	2.343981	-1.040456	222	33	60	441.48
-2.617994	2.407836	1.410646	7	14	101	441.43
2.879793	2.089241	-0.114193	8	49	7	441.42
-1.570796	1.045978	0.343692	226	35	43	441.40
-2.617994	2.115563	0.685730	23	281	272	441.39
1.308997	1.869911	2.701025	26	19	36	441.39
2.094395	1.325504	-1.671296	31	38	77	441.35
2.094395	0.496451	0.593859	15	30	62	441.34
-3.141593	2.073035	2.027405	281	34	44	441.34
0.785398	1.824694	1.850876	231	34	73	441.32
2.356194	1.134497	-1.109631	248	12	293	441.32
1.047198	0.379747	-1.713059	52	266	269	441.31
-0.785398	0.640596	-2.797608	287	275	87	441.30
-2.094395	0.733948	3.021411	246	16	80	441.28
1.308997	1.134497	-1.109631	23	280	78	441.26
1.308997	1.367556	0.358405	37	272	28	441.26
-2.356194	2.041297	-2.664597	14	23	36	441.26
-1.047198	0.733948	3.021411	271	278	80	441.22
1.308997	2.396274	-1.959260	221	39	52	441.13
-0.785398	0.831641	0.616218	224	284	53	441.13
0.785398	0.929350	-2.910676	22	8	77	441.12
1.047198	0.910508	1.903534	75	272	17	441.09
2.617994	1.325504	-1.671296	18	62	80	441.09
0.261799	0.418037	1.360082	3	281	72	441.06
-1.570796	1.658653	-2.409879	224	0	55	441.03
0.000000	2.073035	2.027405	254	54	76	440.98
2.094395	1.367556	0.358405	273	33	39	440.95
1.832596	0.831641	0.616218	271	33	38	440.95
1.308997	2.863997	0.549740	57	4	40	440.92
2.094395	1.599406	1.426070	247	286	67	440.85
1.570796	2.356369	3.005869	20	21	22	440.85
-2.617994	2.407836	1.410646	290	11	87	440.85
-1.570796	1.417623	-0.202254	225	45	38	440.84
-1.570796	2.863997	0.549740	35	262	21	440.78
-3.141593	0.709924	0.218797	10	64	66	440.76
0.261799	1.128190	-2.288622	30	266	274	440.76
1.832596	1.662363	0.915448	230	13	75	440.75
-2.617994	1.998705	2.370472	269	36	35	440.71
-0.785398	0.419640	2.974122	291	274	88	440.69
2.356194	0.370812	-2.547742	279	265	9	440.61
-1.047198	0.709924	0.218797	228	22	70	440.56
-3.141593	1.555207	1.708892	291	277	58	440.53
-1.308997	1.448123	-2.163292	284	290	10	440.52
1.570796	1.506530	1.988858	242	6	53	440.50
-3.141593	1.998705	2.370472	53	277	293	440.47
2.094395	2.478122	2.609777	283	286	71	440.44
2.617994	1.134497	-1.109631	30	45	83	440.43
0.785398	0.850607	-1.335383	51	265	272	440.34
0.523599	2.664082	-1.071402	30	41	35	440.31
1.570796	2.073035	2.027405	245	287	83	440.27
0.523599	1.658653	-2.409879	249	51	17	440.23
1.047198	1.869911	2.701025	217	13	51	440.21
-0.523599	2.592629	0.909713	45	268	253	440.21
-1.308997	2.455966	-0.641220	28	0	60	440.19
2.094395	2.637879	2.121598	291	282	96	440.19
-3.141593	1.128190	-2.288622	267	58	84	440.16
-2.879793	1.135834	-1.431087	282	54	70	440.12
2.356194	2.592629	0.909713	279	25	103	440.09
1.308997	2.138223	1.678323	77	285	236	440.06
1.570796	2.343981	-1.040456	228	49	60	440.04
1.570796	2.456751	-1.503343	223	37	59	440.03
-2.094395	0.496451	0.593859	252	54	72	440.01
-0.261799	1.134497	-1.109631	284	12	22	440.01
1.047198	2.393226	1.857173	255	4	90	439.99
-1.047198	0.619654	-2.216909	39	292	234	439.95
-1.047198	2.592629	0.909713	45	270	16	439.89
-0.261799	2.299159	2.264663	260	54	80	439.87
2.617994	2.588535	-2.976617	289	259	73	439.86
-1.570796	1.756530	-2.105156	227	16	51	439.85
2.617994	0.685216	-1.712745	293	31	100	439.85
2.094395	2.979456	-1.009304	246	23	72	439.85
-3.141593	1.310100	1.488307	277	293	49	439.85
1.047198	2.138223	1.678323	77	276	235	439.79
0.000000	0.866955	-0.931351	260	278	81	439.79
1.047198	1.168678	2.108595	263	22	47	439.75
1.308997	0.297065	2.160177	17	34	80	439.66
-2.879793	1.545873	-1.877082	1	288	14	439.61
-2.356194	0.618092	2.539118	229	27	71	439.56
0.523599	0.910508	1.903534	278	25	51	439.55
-2.617994	1.824694	1.850876	272	27	47	439.53
2.879793	1.875281	0.107086	242	275	69	439.53
0.261799	0.496451	0.593859	0	65	7	439.53
-0.261799	1.325504	-1.671296	278	16	22	439.51
-0.785398	0.080730	-2.622036	4	22	85	439.48
1.308997	1.599406	1.426070	227	24	71	439.47
-2.356194	1.948085	-2.363031	225	51	38	439.45
-1.308997	2.592629	0.909713	284	7	96	439.45
0.785398	2.719179	-1.780644	254	46	61	439.42
0.261799	0.733948	3.021411	264	15	41	439.37
1.047198	1.045978	0.343692	241	70	25	439.29
0.000000	0.419640	2.974122	5	5	81	439.28
-2.356194	0.674054	1.013609	266	13	49	439.28
-2.094395	2.455966	-0.641220	53	253	289	439.27
-3.141593	2.984978	1.954446	44	5	277	439.17
-0.523599	1.617114	-1.572037	18	54	11	439.16
2.617994	1.450119	-2.739050	7	39	48	439.16
2.617994	1.824694	1.850876	285	0	61	439.06
-1.832596	0.615174	-0.666022	263	47	80	439.06
-1.832596	2.407836	1.410646	21	278	238	438.97
0.261799	0.762244	-0.273349	11	38	17	438.95
-2.879793	1.135813	-2.658866	247	54	76	438.93
2.617994	0.419640	2.974122	267	45	85	438.88
0.261799	1.135834	-1.431087	46	19	233	438.88
-3.141593	0.379747	-1.713059	287	10	100	438.87
0.261799	2.138223	1.678323	258	45	92	438.86
1.308997	0.961715	0.014085	235	64	11	438.85
-1.570796	1.184361	0.625864	223	28	31	438.81
2.094395	2.187132	-0.479875	224	26	66	438.81
2.879793	0.080730	-2.622036	257	12	94	438.80
0.523599	2.073035	2.027405	242	43	82	438.77
2.356194	2.393226	1.857173	288	284	96	438.75
-1.570796	1.025536	1.576859	31	28	37	438.73
1.570796	1.977582	0.969896	246	28	90	438.72
-2.356194	1.504028	0.636812	270	9	42	438.71
1.570796	2.379497	0.561089	264	36	93	438.68
1.047198	1.736875	3.023612	213	16	31	438.68
2.356194	2.587733	0.232235	256	32	95	438.59
-0.261799	0.685216	-1.712745	274	5	94	438.58
-0.785398	2.455966	-0.641220	258	12	2	438.48
-3.141593	2.174483	2.653697	258	61	4	438.43
-2.356194	1.134796	2.434290	221	38	44	438.41
-2.356194	1.977582	0.969896	18	285	269	438.38
0.785398	1.335669	0.897240	246	72	55	438.35
-2.879793	2.393226	1.857173	11	6	88	438.33
-2.617994	1.869911	2.701025	250	47	28	438.29
-1.308997	2.187132	-0.479875	27	1	51	438.28
-0.261799	0.866395	-2.492918	25	272	292	438.25
2.356194	2.187132	-0.479875	225	11	65	438.25
-2.094395	1.554776	0.100351	250	57	26	438.23
0.523599	2.138223	1.678323	253	39	92	438.22
-2.094395	2.719179	-1.780644	38	279	73	438.21
0.261799	2.251330	-2.330739	273	290	19	438.21
-3.141593	0.615174	-0.666022	66	13	28	438.21
0.000000	1.242974	-2.977882	47	239	28	438.19
-2.879793	0.379747	-1.713059	49	2	7	438.13
1.570796	2.343981	-1.040456	228	48	59	438.10
1.832596	0.674054	1.013609	272	28	44	438.05
-2.617994	1.506530	1.988858	262	36	44	438.05
0.785398	2.396274	-1.959260	246	44	44	437.98
1.047198	0.591903	2.010408	288	22	59	437.98
-2.879793	1.214854	-1.966664	267	61	85	437.97
1.047198	2.033014	2.977192	217	14	51	437.96
-0.785398	0.080730	-2.622036	4	21	85	437.96
0.523599	0.496451	0.593859	289	259	74	437.95
-0.523599	0.203748	0.590255	244	292	83	437.91
2.094395	2.187132	-0.479875	225	28	66	437.90
1.308997	1.683268	0.374177	25	291	13	437.88
1.570796	2.164094	-2.991358	25	20	28	437.87
0.785398	1.134796	2.434290	274	12	50	437.87
1.047198	2.041297	-2.664597	215	28	33	437.80
-2.617994	1.736875	3.023612	226	51	26	437.79
-2.094395	1.218453	2.777284	220	20	51	437.77
-2.879793	0.370812	-2.547742	262	11	97	437.75
1.570796	2.579248	-2.364801	37	32	2	437.72
1.047198	1.335669	0.897240	68	259	286	437.71
-0.523599	2.637879	2.121598	264	32	82	437.70
0.785398	2.115563	0.685730	273	46	74	437.64
1.308997	2.393226	1.857173	65	281	268	437.63
2.094395	2.760637	2.781135	28	22	3	437.62
-1.832596	2.115563	0.685730	66	257	35	437.57
0.523599	2.396274	-1.959260	255	49	40	437.57
0.523599	1.214854	-1.966664	271	20	16	437.55
-2.356194	1.128190	-2.288622	244	36	84	437.51
-0.523599	2.704512	1.488683	273	12	86	437.48
0.000000	1.869911	2.701025	266	16	44	437.45
-2.879793	2.089241	-0.114193	285	49	8	437.45
-1.047198	1.433411	-1.035986	226	9	66	437.33
0.523599	0.960688	-0.577532	285	1	272	437.32
-2.094395	1.824694	1.850876	261	23	41	437.30
-1.570796	0.685216	-1.712745	24	288	27	437.30
1.047198	2.379497	0.561089	277	42	91	437.28
-3.141593	0.992645	-1.723759	286	49	94	437.21
-1.047198	0.640596	-2.797608	41	13	223	437.18
-2.617994	0.910508	1.903534	243	50	54	437.17
-1.308997	1.433411	-1.035986	223	23	60	437.17
-2.356194	2.579248	-2.364801	44	280	66	437.05
-1.832596	2.863997	0.549740	265	293	95	437.01
-0.261799	0.418037	1.360082	284	288	68	436.89
-2.094395	1.194549	-0.801900	6	269	2	436.89
-0.785398	2.073035	2.027405	291	59	78	436.87
-2.356194	0.864993	2.278281	224	38	55	436.87
0.523599	2.073035	2.027405	242	41	83	436.83
1.047198	1.135813	-2.658866	44	22	77	436.82
-1.308997	1.756530	-2.105156	232	7	49	436.81
1.308997	2.104282	-0.813972	235	63	48	436.78
2.094395	1.134497	-1.109631	250	19	0	436.76
-1.570796	0.297065	2.160177	244	288	82	436.73
-0.523599	1.050534	3.042579	277	287	64	436.72
-0.785398	1.050534	3.042579	271	290	64	436.64
0.261799	2.588535	-2.976617	245	45	64	436.62
-1.308997	1.214854	-1.966664	242	292	82	436.62
-1.832596	1.732874	-0.951685	228	56	45	436.57
2.879793	2.760637	2.781135	21	282	88	436.57
-0.523599	0.619654	-2.216909	276	5	84	436.56
-1.832596	2.063651	-2.044600	10	25	27	436.56
-1.308997	2.881233	-2.582574	23	47	77	436.53
-2.356194	2.379497	0.561089	39	254	45	436.50
1.570796	2.579248	-2.364801	36	30	3	436.49
1.308997	2.393226	1.857173	260	2	96	436.49
1.308997	2.456751	-1.503343	229	51	59	436.48
0.261799	1.050534	3.042579	279	1	53	436.48
0.261799	1.050534	3.042579	290	290	60	436.48
-3.141593	2.984978	1.954446	11	33	89	436.46
2.356194	1.872854	1.543456	277	8	63	436.42
-3.141593	2.138223	1.678323	30	13	264	436.41
0.523599	1.218453	2.777284	251	24	28	436.37
1.570796	1.247695	1.809890	286	23	54	436.37
1.308997	1.998705	2.370472	230	293	70	436.37
-3.141593	0.685216	-1.712745	286	29	100	436.36
1.308997	2.033014	2.977192	15	12	34	436.33
1.308997	2.588535	-2.976617	229	293	71	436.27
1.570796	1.440580	2.260026	240	292	45	436.25
0.523599	2.001437	0.381215	285	61	75	436.21
2.356194	2.478122	2.609777	46	26	232	436.16
2.356194	2.478122	2.609777	287	263	83	436.15
-2.094395	0.640596	-2.797608	260	14	89	436.14
0.000000	0.458961	-0.107937	252	285	86	436.14
1.047198	0.571433	-1.188419	279	292	95	436.12
-1.832596	1.809167	1.213774	6	10	62	436.10
1.570796	1.875281	0.107086	232	48	65	436.08
2.094395	0.615174	-0.666022	241	35	274	436.07
-0.523599	0.866395	-2.492918	273	285	76	436.06
1.047198	2.033014	2.977192	216	14	50	436.06
0.261799	2.073035	2.027405	269	22	57	436.05
-3.141593	2.108018	1.311430	292	282	95	435.97
1.308997	1.510910	-0.740472	22	287	34	435.96
0.000000	2.592629	0.909713	291	16	99	435.96
2.879793	2.393226	1.857173	46	291	287	435.95
-2.356194	1.247695	1.809890	234	42	34	435.94
1.832596	2.089241	-0.114193	233	43	72	435.93
-1.047198	1.194549	-0.801900	227	15	66	435.91
-3.141593	1.218453	2.777284	6	3	39	435.90
-1.308997	1.658653	-2.409879	221	249	17	435.84
0.523599	0.992645	-1.723759	4	282	91	435.84
-0.261799	2.592629	0.909713	0	17	102	435.83
-1.570796	0.297065	2.160177	63	291	263	435.83
-0.523599	2.587733	0.232235	258	14	279	435.83
2.617994	1.875281	0.107086	268	24	37	435.76
-1.570796	0.910508	1.903534	222	0	49	435.75
-1.832596	2.379497	0.561089	0	286	93	435.73
-1.047198	2.587733	0.232235	17	0	96	435.70
-2.094395	0.910508	1.903534	227	30	53	435.64
-3.141593	0.866395	-2.492918	59	258	216	435.63
-2.094395	1.977582	0.969896	18	285	86	435.62
0.785398	1.545873	-1.877082	269	21	18	435.61
-2.617994	0.618092	2.539118	233	40	69	435.60
-2.617994	0.866395	-2.492918	251	33	90	435.60
2.094395	2.089241	-0.114193	228	27	72	435.58
-1.832596	1.301460	-0.509251	239	53	50	435.54
0.261799	1.555207	1.708892	280	21	51	435.43
-2.094395	2.174483	2.653697	87	289	30	435.43
-1.047198	1.510910	-0.740472	24	22	21	435.40
-1.047198	1.433411	-1.035986	224	7	60	435.40
0.261799	0.419640	2.974122	5	10	79	435.38
1.047198	1.135813	-2.658866	30	13	75	435.36
1.308997	1.869911	2.701025	15	15	39	435.35
1.308997	2.153910	-1.714959	222	48	36	435.33
-2.617994	1.824694	1.850876	285	17	55	435.32
-1.832596	2.001437	0.381215	21	275	79	435.32
1.570796	1.875281	0.107086	235	53	69	435.31
-2.617994	2.251330	-2.330739	238	66	19	435.30
1.832596	2.247462	0.191623	247	42	87	435.27
1.832596	1.696674	-1.253233	52	17	53	435.19
-0.523599	0.899350	-2.069907	271	285	87	435.18
-2.356194	0.929350	-2.910676	239	30	80	435.07
-0.785398	0.297065	2.160177	272	265	80	435.04
-1.047198	1.904882	-1.478089	4	27	21	435.03
-2.356194	1.128190	-2.288622	245	37	84	435.00
1.570796	2.592629	0.909713	283	24	97	434.92
-0.523599	1.050534	3.042579	276	287	64	434.91
-0.523599	1.433411	-1.035986	238	275	66	434.89
2.617994	1.218453	2.777284	289	40	52	434.87
-2.356194	1.574060	2.783565	253	40	46	434.86
-1.832596	1.214854	-1.966664	241	25	85	434.86
1.832596	1.335669	0.897240	265	31	45	434.84
-0.261799	2.379497	0.561089	13	28	94	434.77
-1.047198	0.080730	-2.622036	14	4	92	434.72
-2.879793	2.478122	2.609777	22	4	75	434.66
-0.523599	2.404280	-0.174044	29	26	73	434.65
1.832596	2.104282	-0.813972	220	38	51	434.65
-2.094395	2.455966	-0.641220	9	25	256	434.64
1.308997	1.504028	0.636812	232	53	62	434.61
-1.308997	0.674054	1.013609	224	15	61	434.59
2.617994	1.809167	1.213774	263	272	83	434.58
1.570796	2.089241	-0.114193	241	57	72	434.56
1.832596	2.664082	-1.071402	233	29	66	434.53
2.617994	1.218453	2.777284	287	73	57	434.50
0.785398	0.496451	0.593859	11	282	70	434.50
1.570796	1.417623	-0.202254	225	53	32	434.48
0.785398	2.984978	1.954446	55	270	264	434.42
0.785398	2.174483	2.653697	227	29	69	434.38
-1.047198	2.979456	-1.009304	33	9	89	434.35
1.047198	1.599406	1.426070	230	38	71	434.35
1.047198	1.510910	-0.740472	2	264	282	434.35
-2.617994	2.033014	2.977192	9	20	46	434.34
-1.308997	2.393226	1.857173	2	44	93	434.32
-2.617994	1.683268	0.374177	270	6	40	434.29
1.047198	1.504028	0.636812	26	277	19	434.25
-2.094395	1.756530	-2.105156	74	264	272	434.18
-2.356194	2.343981	-1.040456	9	32	265	434.16
0.785398	0.906588	1.252948	22	285	50	434.15
1.047198	1.569311	-3.003978	18	3	47	434.13
2.094395	1.554776	0.100351	263	35	33	434.08
-2.879793	1.050534	3.042579	238	57	65	434.08
2.094395	2.174483	2.653697	270	276	64	434.05
-1.308997	1.545873	-1.877082	242	19	50	434.05
-0.523599	2.404280	-0.174044	27	27	71	434.05
1.308997	2.247462	0.191623	263	46	71	434.02
-2.356194	2.579248	-2.364801	45	281	66	434.00
0.785398	1.699788	2.452890	217	31	45	433.98
0.000000	0.850607	-1.335383	268	283	86	433.94
-2.356194	0.700570	1.559208	71	251	274	433.93
-2.879793	1.134796	2.434290	4	1	38	433.92
1.308997	0.203748	0.590255	7	255	47	433.90
2.094395	0.899350	-2.069907	5	40	93	433.87
2.094395	1.606104	-0.451151	216	22	35	433.87
0.785398	0.297065	2.160177	17	15	79	433.85
-1.308997	2.379497	0.561089	30	270	251	433.84
0.261799	0.619654	-2.216909	9	15	99	433.80
-2.094395	1.846342	-1.796954	228	50	51	433.78
1.047198	1.256302	0.062705	11	248	1	433.77
-1.308997	2.343981	-1.040456	22	12	41	433.75
-2.094395	1.194549	-0.801900	51	239	260	433.72
2.356194	1.325504	-1.671296	80	10	13	433.70
-1.570796	0.899350	-2.069907	15	279	26	433.67
0.523599	2.063651	-2.044600	274	5	21	433.64
-0.261799	0.733948	3.021411	292	281	76	433.59
-2.879793	2.407836	1.410646	4	9	101	433.59
0.000000	2.592629	0.909713	52	272	253	433.57
0.523599	1.741644	-2.695914	247	288	286	433.56
-2.879793	0.290380	-0.796960	12	24	92	433.56
-1.832596	1.134497	-1.109631	244	48	78	433.50
0.523599	1.699788	2.452890	225	48	50	433.50
-1.570796	1.872854	1.543456	38	34	84	433.48
-2.617994	1.247695	1.809890	248	58	38	433.42
-2.094395	2.153910	-1.714959	6	12	25	433.42
-2.094395	1.335669	0.897240	229	23	280	433.42
-1.832596	0.419640	2.974122	254	287	88	433.38
-0.261799	2.984978	1.954446	254	6	90	433.35
1.047198	2.343981	-1.040456	249	66	54	433.34
2.617994	0.762244	-0.273349	33	35	76	433.33
1.047198	2.063651	-2.044600	223	51	29	433.32
-2.356194	1.391910	3.030322	221	35	47	433.31
1.570796	1.662363	0.915448	231	29	75	433.28
2.879793	2.760637	2.781135	21	281	88	433.26
0.523599	1.128190	-2.288622	9	281	76	433.23
0.000000	2.588535	-2.976617	256	69	73	433.23
-2.094395	0.992645	-1.723759	259	37	94	433.21
2.094395	0.685216	-1.712745	63	279	13	433.20
0.261799	1.218453	2.777284	267	12	44	433.18
-1.308997	2.637879	2.121598	284	43	88	433.18
2.617994	1.875281	0.107086	269	28	36	433.13
-2.617994	1.134497	-1.109631	278	57	68	433.12
0.261799	0.571433	-1.188419	270	8	98	433.08
2.879793	1.448123	-2.163292	286	78	71	433.07
-1.832596	1.504028	0.636812	233	40	19	433.05
-2.356194	2.063651	-2.044600	231	60	35	433.02
-0.261799	0.866395	-2.492918	281	284	78	433.01
2.094395	2.455966	-0.641220	228	24	68	432.99
-0.261799	2.760637	2.781135	257	53	88	432.97
-2.356194	0.571433	-1.188419	289	34	95	432.97
0.523599	1.218453	2.777284	269	9	45	432.93
1.570796	1.247695	1.809890	266	18	50	432.90
-1.832596	1.948085	-2.363031	219	18	38	432.88
2.879793	0.419640	2.974122	257	46	86	432.86
-2.879793	1.488617	1.159546	288	218	28	432.83
-1.308997	0.831641	0.616218	221	26	56	432.78
0.261799	0.591903	2.010408	265	40	28	432.72
-2.356194	2.407836	1.410646	19	287	254	432.72
-2.094395	2.379497	0.561089	46	256	41	432.67
1.308997	1.809167	1.213774	238	30	83	432.65
1.047198	2.343981	-1.040456	288	41	19	432.63
0.261799	0.290380	-0.796960	257	8	90	432.61
-2.617994	0.640596	-2.797608	248	22	90	432.58
0.261799	2.247462	0.191623	8	53	81	432.57
0.785398	1.555207	1.708892	229	49	64	432.50
-2.356194	0.733948	3.021411	233	20	77	432.49
-2.094395	1.683268	0.374177	253	46	18	432.47
-2.617994	2.478122	2.609777	34	7	80	432.43
-2.356194	2.153910	-1.714959	26	270	37	432.43
1.047198	1.756530	-2.105156	46	293	52	432.40
0.785398	1.247695	1.809890	224	49	44	432.39
1.047198	1.555207	1.708892	225	33	64	432.39
0.785398	1.824694	1.850876	234	39	76	432.35
2.356194	0.571433	-1.188419	58	0	282	432.28
1.047198	1.184361	0.625864	65	256	0	432.26
-0.523599	1.134497	-1.109631	244	283	78	432.24
0.785398	2.760637	2.781135	243	12	88	432.24
0.261799	0.571433	-1.188419	268	0	92	432.20
-2.617994	2.396274	-1.959260	246	72	14	432.15
0.523599	1.325504	-1.671296	38	272	257	432.13
-2.879793	0.379747	-1.713059	290	13	100	432.08
-3.141593	0.379747	-1.713059	290	15	99	431.96
2.617994	1.662363	0.915448	293	53	25	431.96
-2.879793	1.569311	-3.003978	11	0	27	431.86
0.785398	0.960688	-0.577532	284	44	12	431.86
-2.617994	0.899350	-2.069907	263	36	95	431.81
1.570796	0.418037	1.360082	26	27	72	431.79
0.261799	1.998705	2.370472	272	10	47	431.79
-2.879793	2.001437	0.381215	272	268	82	431.77
-1.570796	2.456751	-1.503343	14	16	34	431.75
0.523599	1.569311	-3.003978	263	19	36	431.75
0.785398	0.733948	3.021411	24	15	79	431.74
-2.356194	0.619654	-2.216909	267	18	99	431.65
1.047198	2.456751	-1.503343	248	41	41	431.64
2.617994	1.050534	3.042579	285	64	70	431.62
2.094395	1.488617	1.159546	261	16	54	431.57
0.261799	1.658653	-2.409879	278	53	292	431.55
2.094395	2.664082	-1.071402	231	22	76	431.55
2.356194	0.619654	-2.216909	44	272	212	431.53
1.570796	2.455966	-0.641220	75	258	255	431.50
-1.832596	2.455966	-0.641220	279	14	12	431.48
-2.094395	0.674054	1.013609	236	47	58	431.45
-2.356194	2.247462	0.191623	273	38	3	431.44
1.570796	1.683268	0.374177	228	43	65	431.40
1.308997	1.977582	0.969896	78	257	231	431.38
1.570796	1.766067	2.153843	262	8	56	431.37
-1.047198	0.496451	0.593859	231	16	74	431.36
2.094395	2.587733	0.232235	260	38	96	431.33
2.094395	1.812176	0.656819	234	10	79	431.30
2.094395	2.588535	-2.976617	13	21	22	431.26
0.261799	1.506530	1.988858	8	16	14	431.23
1.570796	0.203748	0.590255	13	262	47	431.23
0.523599	0.290380	-0.796960	257	4	92	431.22
1.047198	0.571433	-1.188419	280	291	96	431.21
1.047198	0.203748	0.590255	55	284	6	431.20
0.523599	0.866395	-2.492918	31	270	270	431.20
0.261799	2.407836	1.410646	271	25	96	431.17
2.356194	2.108018	1.311430	41	289	292	431.13
1.832596	1.488617	1.159546	226	3	66	431.08
-0.523599	0.203748	0.590255	291	9	57	431.08
-1.832596	2.592629	0.909713	30	275	242	431.02
-1.832596	1.836682	-0.676006	240	46	24	430.99
-3.141593	1.128190	-2.288622	268	61	85	430.98
1.308997	0.418037	1.360082	281	27	50	430.97
-1.570796	0.910508	1.903534	229	3	53	430.96
-2.617994	1.809167	1.213774	276	6	53	430.95
0.785398	2.456751	-1.503343	253	75	59	430.93
2.094395	2.115563	0.685730	8	278	34	430.93
1.047198	2.664082	-1.071402	259	70	76	430.91
0.000000	1.812176	0.656819	5	61	73	430.89
-3.141593	2.592629	0.909713	28	291	276	430.88
1.308997	1.732874	-0.951685	41	271	44	430.87
2.879793	0.762244	-0.273349	27	48	76	430.85
0.785398	1.374601	-2.456031	25	283	64	430.83
-2.094395	0.419640	2.974122	248	1	87	430.79
-3.141593	0.370812	-2.547742	59	283	229	430.78
-0.785398	1.194549	-0.801900	230	1	69	430.77
0.523599	1.506530	1.988858	231	57	55	430.75
-1.047198	1.732874	-0.951685	218	7	46	430.71
2.879793	0.379747	-1.713059	55	290	10	430.71
0.000000	1.135813	-2.658866	23	293	260	430.66
-3.141593	0.379747	-1.713059	287	9	100	430.62
0.523599	1.134497	-1.109631	286	44	7	430.62
2.879793	0.709924	0.218797	27	58	69	430.61
1.047198	0.685216	-1.712745	289	11	97	430.58
2.356194	1.721184	-0.153948	271	30	31	430.51
2.094395	1.606104	-0.451151	215	21	34	430.50
-1.308997	1.374601	-2.456031	239	282	70	430.50
0.261799	2.138223	1.678323	258	41	84	430.49
0.523599	1.699788	2.452890	223	47	47	430.49
1.047198	1.658653	-2.409879	49	7	54	430.44
-3.141593	2.407836	1.410646	46	271	37	430.41
0.523599	0.733948	3.021411	289	7	64	430.40
1.570796	2.719179	-1.780644	229	28	73	430.39
2.094395	0.866395	-2.492918	0	52	88	430.38
-2.356194	1.413430	2.550734	253	38	49	430.33
1.047198	0.961715	0.014085	22	277	56	430.33
-1.308997	1.982574	-1.115518	7	20	23	430.32
1.832596	0.674054	1.013609	277	35	46	430.31
-2.617994	2.724429	-0.348782	33	262	278	430.30
0.785398	1.214854	-1.966664	15	283	76	430.29
-1.308997	0.906588	1.252948	31	30	33	430.27
-1.308997	1.367556	0.358405	18	9	40	430.25
-3.141593	0.992645	-1.723759	286	51	93	430.23
1.832596	2.379497	0.561089	20	0	39	430.18
1.047198	2.455966	-0.641220	264	58	62	430.18
2.617994	2.379497	0.561089	259	15	97	430.17
1.047198	2.138223	1.678323	247	20	92	430.07
0.261799	0.850607	-1.335383	279	288	95	430.05
0.523599	1.870545	-2.976234	247	286	0	430.03
-0.523599	0.418037	1.360082	257	265	74	429.87
-0.523599	0.419640	2.974122	34	289	293	429.86
-1.047198	2.104282	-0.813972	217	9	18	429.78
-1.832596	2.104282	-0.813972	232	59	20	429.78
0.261799	1.555207	1.708892	293	0	43	429.75
0.523599	1.545873	-1.877082	270	26	17	429.75
-1.832596	2.115563	0.685730	15	286	89	429.73
-1.570796	2.724429	-0.348782	40	282	246	429.70
-1.308997	2.587733	0.232235	53	263	6	429.69
-3.141593	1.050534	3.042579	2	17	39	429.69
0.000000	1.391910	3.030322	52	232	14	429.67
-2.356194	1.756530	-2.105156	232	55	54	429.65
-1.832596	2.356369	3.005869	277	39	35	429.65
0.785398	1.440580	2.260026	216	35	38	429.61
-2.879793	1.977582	0.969896	289	272	90	429.56
-3.141593	1.214854	-1.966664	278	62	85	429.54
-2.356194	2.592629	0.909713	34	273	30	429.50
2.879793	2.299159	2.264663	52	287	288	429.48
0.261799	0.866395	-2.492918	2	289	82	429.46
-2.356194	1.218453	2.777284	219	35	48	429.44
1.047198	0.733948	3.021411	25	28	80	429.38
0.523599	2.063651	-2.044600	279	288	18	429.34
2.617994	0.914445	2.687814	36	278	13	429.29
2.617994	0.929350	-2.910676	276	65	79	429.28
-2.617994	0.929350	-2.910676	239	37	79	429.25
-3.141593	1.242974	-2.977882	251	70	63	429.25
-1.047198	2.592629	0.909713	47	271	24	429.22
2.617994	0.370812	-2.547742	265	33	97	429.17
-3.141593	2.001437	0.381215	5	60	2	429.15
-0.261799	0.203748	0.590255	1	10	57	429.13
0.785398	1.998705	2.370472	224	25	64	429.11
-2.617994	2.478122	2.609777	293	25	49	429.05
-1.308997	0.866395	-2.492918	266	6	85	429.04
2.356194	1.135813	-2.658866	10	44	67	428.97
-3.141593	0.618092	2.539118	256	64	75	428.95
1.047198	2.379497	0.561089	277	43	94	428.94
-1.832596	2.108018	1.311430	15	13	87	428.92
-1.308997	0.850607	-1.335383	253	23	89	428.88
-2.617994	2.404280	-0.174044	3	72	285	428.84
1.047198	1.569311	-3.003978	52	16	47	428.83
1.570796	0.379747	-1.713059	272	15	95	428.83
0.785398	2.396274	-1.959260	239	69	52	428.82
0.785398	1.506530	1.988858	77	256	282	428.81
-3.141593	1.134497	-1.109631	13	62	83	428.80
0.000000	1.391910	3.030322	260	57	27	428.70
2.356194	0.866955	-0.931351	29	21	89	428.65
0.261799	2.073035	2.027405	247	50	83	428.64
1.832596	2.089241	-0.114193	231	40	72	428.63
-0.523599	1.433411	-1.035986	16	37	15	428.58
-3.141593	0.080730	-2.622036	259	1	94	428.55
2.617994	1.050534	3.042579	288	41	61	428.54
-3.141593	0.733948	3.021411	248	55	76	428.53
-0.523599	2.984978	1.954446	257	11	80	428.50
-2.094395	1.413430	2.550734	218	23	34	428.49
2.617994	0.866395	-2.492918	277	53	88	428.48
1.047198	1.433411	-1.035986	77	236	13	428.47
0.523599	1.391910	3.030322	223	47	9	428.47
2.617994	0.850607	-1.335383	15	34	95	428.47
0.785398	1.391910	3.030322	261	10	37	428.43
-1.832596	2.356369	3.005869	285	35	41	428.42
-1.308997	0.640596	-2.797608	271	279	91	428.42
2.617994	2.299159	2.264663	52	240	29	428.39
1.047198	1.506530	1.988858	217	22	50	428.39
0.785398	1.599406	1.426070	21	291	24	428.36
1.308997	1.658653	-2.409879	231	15	12	428.30
2.094395	1.134497	-1.109631	251	19	1	428.29
-1.832596	2.719179	-1.780644	261	32	3	428.24
0.261799	2.164094	-2.991358	260	16	35	428.22
-0.523599	2.863997	0.549740	52	270	261	428.21
2.094395	2.404280	-0.174044	240	36	83	428.09
-0.785398	2.637879	2.121598	270	40	88	428.08
1.570796	1.977582	0.969896	246	27	90	428.08
0.785398	0.850607	-1.335383	289	280	83	428.06
1.570796	2.587733	0.232235	271	44	89	428.01
-1.832596	0.685216	-1.712745	271	21	98	427.98
0.261799	1.214854	-1.966664	12	276	85	427.94
-1.047198	2.247462	0.191623	30	6	83	427.92
-2.879793	1.391910	3.030322	1	21	35	427.89
0.261799	1.391910	3.030322	265	22	40	427.89
-2.356194	0.864993	2.278281	223	39	55	427.84
-0.785398	0.419640	2.974122	284	292	82	427.81
-3.141593	0.866955	-0.931351	244	246	244	427.79
-1.832596	1.977582	0.969896	6	292	241	427.79
0.523599	1.756530	-2.105156	266	23	23	427.73
1.047198	1.824694	1.850876	231	25	76	427.67
2.617994	2.637879	2.121598	60	261	37	427.64
-0.523599	1.662363	0.915448	23	59	73	427.64
-2.617994	2.664082	-1.071402	277	71	288	427.62
-1.047198	1.128190	-2.288622	14	272	7	427.60
-1.832596	2.073035	2.027405	27	32	78	427.56
-0.785398	1.135813	-2.658866	13	9	284	427.56
-1.047198	1.256302	0.062705	218	20	44	427.50
-3.141593	0.615174	-0.666022	21	41	91	427.46
-1.832596	2.343981	-1.040456	230	53	9	427.45
-2.617994	2.033014	2.977192	6	19	41	427.44
1.047198	1.732874	-0.951685	288	45	281	427.43
2.094395	0.866955	-0.931351	238	28	275	427.41
-1.832596	1.545873	-1.877082	229	31	69	427.39
2.094395	2.073035	2.027405	271	280	77	427.38
2.617994	1.824694	1.850876	286	1	61	427.36
2.617994	2.174483	2.653697	2	5	53	427.32
0.523599	1.128190	-2.288622	11	285	79	427.29
0.261799	0.709924	0.218797	282	273	64	427.23
1.832596	0.203748	0.590255	17	267	49	427.22
-2.617994	0.685216	-1.712745	281	30	100	427.18
-1.832596	2.180315	-1.357379	68	267	268	427.16
-2.879793	2.089241	-0.114193	6	72	4	427.10
-2.617994	0.618092	2.539118	234	40	73	427.00
-0.785398	0.709924	0.218797	230	8	70	426.99
0.261799	0.914445	2.687814	267	17	45	426.99
0.785398	1.310100	1.488307	26	282	30	426.99
-2.617994	0.619654	-2.216909	44	2	10	426.97
0.000000	0.992645	-1.723759	286	284	94	426.96
-1.832596	2.704512	1.488683	279	26	93	426.95
0.523599	1.391910	3.030322	288	13	261	426.95
0.785398	0.960688	-0.577532	289	27	14	426.90
-1.308997	1.450119	-2.739050	237	278	59	426.88
1.832596	0.080730	-2.622036	263	25	87	426.84
-0.523599	0.640596	-2.797608	282	291	81	426.82
-1.308997	1.756530	-2.105156	241	14	42	426.82
1.570796	1.909857	-0.381669	83	255	277	426.81
0.523599	1.998705	2.370472	228	40	65	426.80
2.879793	2.704512	1.488683	292	20	91	426.78
1.832596	1.824694	1.850876	240	274	72	426.75
-1.047198	2.404280	-0.174044	38	5	83	426.74
-1.047198	1.045978	0.343692	219	15	49	426.71
2.094395	0.080730	-2.622036	258	22	87	426.70
-2.094395	1.014500	0.906702	236	59	42	426.67
-2.617994	2.247462	0.191623	278	41	3	426.66
-2.617994	0.379747	-1.713059	292	14	100	426.60
1.047198	1.301460	-0.509251	258	70	17	426.60
0.261799	1.741644	-2.695914	263	24	32	426.57
2.617994	2.174483	2.653697	280	68	3	426.56
2.617994	2.174483	2.653697	281	68	5	426.56
-2.356194	2.664082	-1.071402	267	55	289	426.53
-2.356194	2.153910	-1.714959	26	271	37	426.49
2.617994	0.864993	2.278281	285	23	56	426.48
-1.570796	1.617114	-1.572037	222	22	60	426.44
-1.047198	2.393226	1.857173	287	41	88	426.44
-2.617994	0.591903	2.010408	245	40	68	426.43
2.617994	2.587733	0.232235	254	24	95	426.43
2.094395	1.367556	0.358405	263	33	36	426.40
0.261799	1.948085	-2.363031	259	66	29	426.37
0.523599	0.203748	0.590255	55	276	6	426.35
1.047198	0.929350	-2.910676	2	276	231	426.33
2.356194	0.685216	-1.712745	63	285	7	426.32
-1.832596	1.214854	-1.966664	241	24	85	426.31
1.570796	0.615174	-0.666022	64	279	287	426.29
-2.094395	2.343981	-1.040456	240	66	9	426.27
2.356194	1.824694	1.850876	271	272	72	426.27
-2.879793	1.214854	-1.966664	268	61	85	426.26
1.047198	1.732874	-0.951685	274	28	13	426.24
2.879793	2.404280	-0.174044	283	33	9	426.22
1.308997	0.379747	-1.713059	271	19	98	426.18
-3.141593	1.325504	-1.671296	287	67	81	426.17
1.832596	2.299159	2.264663	262	276	85	426.16
-1.832596	0.618092	2.539118	232	293	72	426.13
0.523599	2.587733	0.232235	4	38	81	426.12
-1.570796	1.195355	1.200319	233	18	36	426.12
-0.785398	0.640596	-2.797608	28	292	276	426.11
1.832596	2.664082	-1.071402	233	36	76	426.10
1.570796	0.203748	0.590255	25	292	87	426.03
-1.832596	1.325504	-1.671296	25	288	278	426.03
-3.141593	1.242974	-2.977882	252	70	63	426.03
-2.094395	0.906588	1.252948	232	46	48	426.00
-2.617994	2.456751	-1.503343	6	264	55	426.00
-1.570796	0.992645	-1.723759	11	285	23	425.98
0.261799	2.295480	1.008277	284	33	83	425.96
2.094395	2.104282	-0.813972	34	29	15	425.95
-2.094395	1.506530	1.988858	290	293	269	425.90
0.523599	1.391910	3.030322	224	46	8	425.89
2.094395	2.356369	3.005869	269	273	64	425.87
1.570796	1.809167	1.213774	237	19	83	425.86
2.356194	2.455966	-0.641220	230	16	74	425.85
2.879793	1.128190	-2.288622	278	62	85	425.76
-2.356194	1.658653	-2.409879	228	47	55	425.70
-2.617994	0.864993	2.278281	283	14	39	425.69
1.832596	2.637879	2.121598	60	291	260	425.67
2.617994	0.899350	-2.069907	61	0	9	425.62
1.308997	1.766067	2.153843	225	4	64	425.59
-1.832596	1.448123	-2.163292	269	3	29	425.58
2.356194	0.080730	-2.622036	255	28	94	425.57
-1.047198	0.619654	-2.216909	39	290	234	425.53
-2.094395	2.001437	0.381215	62	240	26	425.53
-2.879793	1.218453	2.777284	8	5	36	425.50
-1.308997	2.664082	-1.071402	39	1	73	425.50
1.047198	0.418037	1.360082	275	29	42	425.49
0.261799	1.741644	-2.695914	15	277	288	425.49
-2.094395	2.295480	1.008277	48	269	26	425.48
1.570796	2.187132	-0.479875	235	51	57	425.46
-2.879793	1.699788	2.452890	246	58	19	425.44
1.047198	2.041297	-2.664597	57	13	25	425.39
1.047198	0.960688	-0.577532	285	64	274	425.36
1.570796	0.203748	0.590255	291	27	55	425.32
-0.785398	1.617114	-1.572037	274	20	21	425.31
2.879793	1.662363	0.915448	273	30	45	425.29
0.000000	0.419640	2.974122	61	258	48	425.28
1.308997	0.960688	-0.577532	271	41	12	425.25
-1.047198	2.724429	-0.348782	243	34	278	425.23
-1.570796	0.899350	-2.069907	259	10	95	425.20
2.094395	0.496451	0.593859	89	290	17	425.15
-0.785398	2.587733	0.232235	257	21	279	425.12
1.047198	2.343981	-1.040456	254	57	51	425.12
1.308997	1.662363	0.915448	234	41	75	425.10
-2.879793	1.699788	2.452890	4	11	51	425.05
0.785398	2.456751	-1.503343	0	27	12	425.04
0.785398	2.719179	-1.780644	251	66	73	425.00
2.094395	2.393226	1.857173	56	10	253	424.99
2.356194	0.619654	-2.216909	46	272	230	424.93
-1.832596	2.108018	1.311430	20	14	92	424.91
-3.141593	2.138223	1.678323	41	280	5	424.88
-1.047198	2.724429	-0.348782	29	293	89	424.88
1.047198	2.251330	-2.330739	220	43	44	424.86
2.879793	1.242974	-2.977882	290	39	52	424.84
-2.094395	1.948085	-2.363031	219	35	38	424.78
0.000000	0.762244	-0.273349	28	64	291	424.78
0.785398	1.741644	-2.695914	282	3	34	424.73
-2.617994	0.700570	1.559208	256	32	55	424.72
0.523599	0.571433	-1.188419	274	287	84	424.72
1.308997	1.683268	0.374177	34	273	9	424.68
-1.832596	2.063651	-2.044600	10	26	27	424.67
-2.356194	2.407836	1.410646	291	14	88	424.66
0.785398	1.025536	1.576859	262	40	43	424.64
-1.308997	2.343981	-1.040456	39	7	52	424.58
2.356194	1.977582	0.969896	270	20	62	424.55
-1.832596	1.194549	-0.801900	244	55	71	424.55
-0.523599	0.733948	3.021411	35	251	42	424.54
-2.879793	2.719179	-1.780644	3	273	64	424.51
1.832596	2.719179	-1.780644	229	12	73	424.37
-2.879793	0.914445	2.687814	239	58	63	424.30
1.570796	0.418037	1.360082	27	28	73	424.25
-2.356194	0.914445	2.687814	224	31	61	424.20
-2.094395	0.674054	1.013609	251	23	52	424.19
0.785398	1.168678	2.108595	217	38	26	424.18
-0.261799	0.496451	0.593859	255	278	73	424.09
1.308997	1.433411	-1.035986	247	44	5	424.06
-0.261799	0.615174	-0.666022	252	9	90	424.01
1.047198	1.869911	2.701025	216	12	47	424.00
0.785398	1.658653	-2.409879	245	289	278	424.00
-2.356194	1.699788	2.452890	249	34	37	424.00
-3.141593	0.866955	-0.931351	16	49	89	423.98
-2.617994	1.506530	1.988858	269	32	48	423.93
0.000000	2.379497	0.561089	60	1	29	423.92
1.047198	1.045978	0.343692	288	38	37	423.87
0.523599	2.588535	-2.976617	230	43	70	423.81
-2.356194	0.615174	-0.666022	287	52	87	423.70
2.879793	0.864993	2.278281	30	286	17	423.70
-2.094395	2.153910	-1.714959	7	14	26	423.69
0.523599	2.349581	-2.702517	236	48	48	423.66
1.832596	0.615174	-0.666022	66	283	292	423.66
-2.879793	2.587733	0.232235	21	263	28	423.63
-2.094395	1.617114	-1.572037	237	55	65	423.62
2.356194	2.247462	0.191623	241	19	87	423.61
-2.094395	1.699788	2.452890	247	26	38	423.55
2.356194	2.138223	1.678323	57	16	231	423.51
-1.570796	0.685216	-1.712745	271	18	98	423.49
0.785398	0.910508	1.903534	26	293	285	423.42
2.617994	2.295480	1.008277	27	269	36	423.41
-0.523599	2.719179	-1.780644	23	62	71	423.40
-2.879793	2.089241	-0.114193	293	65	5	423.36
0.523599	1.948085	-2.363031	270	6	25	423.27
-3.141593	2.393226	1.857173	3	4	84	423.23
2.094395	2.393226	1.857173	280	285	96	423.22
-1.832596	0.906588	1.252948	226	30	48	423.19
2.879793	2.299159	2.264663	52	282	2	423.18
-0.261799	2.863997	0.549740	54	275	260	423.17
-1.047198	2.138223	1.678323	4	46	86	423.17
0.000000	0.899350	-2.069907	292	284	93	423.13
0.261799	1.545873	-1.877082	290	221	30	423.13
0.523599	1.168678	2.108595	69	247	7	423.08
1.047198	0.203748	0.590255	10	277	87	423.08
1.047198	2.349581	-2.702517	217	26	52	423.08
-1.570796	1.504028	0.636812	13	6	48	423.03
2.617994	1.218453	2.777284	40	282	11	423.02
0.261799	2.979456	-1.009304	51	23	48	422.95
2.617994	1.325504	-1.671296	16	53	70	422.91
0.785398	1.128190	-2.288622	24	293	82	422.89
-1.832596	2.664082	-1.071402	28	270	75	422.86
-2.879793	1.812176	0.656819	282	264	79	422.86
-1.308997	0.906588	1.252948	237	4	51	422.86
0.785398	0.899350	-2.069907	16	5	94	422.84
-2.356194	1.699788	2.452890	232	37	25	422.79
-2.356194	2.407836	1.410646	292	13	87	422.78
1.047198	0.615174	-0.666022	291	25	15	422.75
0.261799	2.478122	2.609777	238	38	79	422.70
1.570796	2.456751	-1.503343	222	35	59	422.68
-1.832596	1.555207	1.708892	251	15	37	422.63
0.000000	0.929350	-2.910676	278	292	60	422.61
1.308997	2.153910	-1.714959	93	264	285	422.49
-2.617994	1.374601	-2.456031	50	280	277	422.45
2.356194	0.619654	-2.216909	278	34	96	422.45
1.308997	1.335669	0.897240	225	46	55	422.44
1.832596	2.478122	2.609777	293	9	51	422.42
1.570796	2.187132	-0.479875	243	41	49	422.41
-1.308997	0.619654	-2.216909	271	281	212	422.41
0.523599	1.569311	-3.003978	5	286	48	422.39
-1.308997	1.374601	-2.456031	239	281	70	422.38
0.523599	1.134796	2.434290	272	14	49	422.32
-2.879793	1.736875	3.023612	238	63	27	422.32
-2.617994	1.699788	2.452890	4	12	47	422.31
1.308997	0.960688	-0.577532	274	41	13	422.28
-0.523599	0.297065	2.160177	277	240	46	422.27
1.047198	2.592629	0.909713	286	24	99	422.23
0.261799	0.914445	2.687814	269	16	47	422.20
0.523599	1.948085	-2.363031	275	3	27	422.20
-2.879793	2.073035	2.027405	277	33	43	422.17
2.879793	2.984978	1.954446	21	29	96	422.14
1.047198	1.812176	0.656819	248	56	76	422.12
0.785398	1.135813	-2.658866	32	269	272	422.08
-3.141593	0.929350	-2.910676	252	55	77	422.07
1.832596	1.662363	0.915448	230	12	75	422.03
-2.879793	2.404280	-0.174044	288	41	1	422.00
-3.141593	1.662363	0.915448	31	251	3	421.98
1.047198	1.766067	2.153843	223	20	65	421.97
0.261799	1.440580	2.260026	236	65	42	421.93
-2.356194	0.899350	-2.069907	259	32	95	421.91
0.785398	2.719179	-1.780644	248	61	71	421.91
-3.141593	0.640596	-2.797608	254	39	90	421.89
2.356194	1.135834	-1.431087	79	4	18	421.89
-2.617994	1.599406	1.426070	7	281	60	421.83
0.000000	1.809167	1.213774	283	70	83	421.78
-1.570796	1.195355	1.200319	222	16	29	421.77
-2.094395	0.618092	2.539118	228	12	69	421.75
2.879793	2.247462	0.191623	27	51	284	421.74
0.523599	1.134796	2.434290	273	14	50	421.71
2.879793	1.998705	2.370472	269	67	4	421.66
-1.308997	0.496451	0.593859	231	32	74	421.64
-1.308997	2.704512	1.488683	272	21	85	421.63
0.523599	0.615174	-0.666022	270	282	91	421.61
1.832596	0.866955	-0.931351	243	38	274	421.54
-3.141593	1.218453	2.777284	5	1	38	421.54
-2.356194	0.571433	-1.188419	292	38	99	421.53
0.523599	2.138223	1.678323	251	34	89	421.50
-2.879793	2.587733	0.232235	21	262	27	421.46
1.308997	1.658653	-2.409879	229	16	11	421.45
-3.141593	1.448123	-2.163292	271	73	72	421.38
-2.356194	2.247462	0.191623	285	265	84	421.38
-1.570796	1.135834	-1.431087	243	26	83	421.37
0.000000	2.478122	2.609777	247	46	77	421.34
1.308997	1.488617	1.159546	227	38	65	421.32
1.570796	1.310100	1.488307	288	31	51	421.31
-1.047198	2.704512	1.488683	271	23	99	421.30
-2.356194	1.325504	-1.671296	52	246	248	421.29
-2.356194	2.001437	0.381215	3	265	83	421.29
-0.261799	2.478122	2.609777	255	54	77	421.27
1.047198	0.418037	1.360082	239	38	3	421.25
0.000000	0.496451	0.593859	264	269	74	421.24
-2.879793	1.135834	-1.431087	286	61	87	421.24
1.832596	2.104282	-0.813972	220	36	51	421.18
2.356194	2.637879	2.121598	5	285	96	421.18
0.523599	1.741644	-2.695914	262	12	28	421.17
2.617994	1.135834	-1.431087	20	50	87	421.12
-2.879793	0.419640	2.974122	244	30	84	421.06
-3.141593	1.812176	0.656819	268	266	79	421.04
-2.617994	1.310100	1.488307	257	286	12	420.99
1.047198	2.356369	3.005869	226	15	68	420.99
2.094395	1.721184	-0.153948	274	34	31	420.98
-2.356194	1.050534	3.042579	225	29	64	420.97
-2.094395	2.115563	0.685730	18	2	242	420.94
2.356194	1.812176	0.656819	239	292	79	420.92
-2.879793	2.138223	1.678323	58	261	26	420.89
-0.523599	1.998705	2.370472	277	61	64	420.88
-2.356194	0.992645	-1.723759	264	42	94	420.86
-2.617994	1.214854	-1.966664	257	55	85	420.77
2.094395	0.685216	-1.712745	63	281	1	420.76
-1.308997	1.904882	-1.478089	5	25	21	420.74
0.261799	1.574060	2.783565	251	46	40	420.63
0.523599	0.762244	-0.273349	288	276	68	420.63
-1.832596	0.906588	1.252948	226	31	48	420.55
1.832596	2.637879	2.121598	283	281	96	420.54
0.523599	0.379747	-1.713059	276	20	96	420.54
0.785398	0.929350	-2.910676	24	13	79	420.52
-2.356194	2.180315	-1.357379	244	72	23	420.44
1.047198	1.440580	2.260026	215	19	42	420.43
1.832596	0.458961	-0.107937	77	260	31	420.43
2.879793	1.824694	1.850876	10	27	33	420.41
-2.617994	2.001437	0.381215	285	265	82	420.38
-2.617994	2.664082	-1.071402	282	255	74	420.38
-1.832596	1.948085	-2.363031	226	27	37	420.33
-1.570796	0.297065	2.160177	71	6	242	420.30
1.570796	2.704512	1.488683	289	4	97	420.30
-2.617994	2.664082	-1.071402	287	271	68	420.30
-1.832596	2.180315	-1.357379	16	2	30	420.26
-1.570796	1.504028	0.636812	13	5	48	420.26
0.261799	2.393226	1.857173	254	28	91	420.24
-3.141593	2.393226	1.857173	58	268	34	420.23
1.308997	1.256302	0.062705	18	258	1	420.23
2.094395	2.407836	1.410646	50	4	280	420.23
0.000000	2.704512	1.488683	271	9	96	420.22
2.356194	1.374601	-2.456031	11	56	60	420.19
-2.094395	2.863997	0.549740	31	269	267	420.15
1.047198	1.310100	1.488307	221	44	52	420.13
2.617994	0.571433	-1.188419	21	289	224	420.13
0.523599	1.699788	2.452890	224	49	51	420.11
0.523599	1.450119	-2.739050	283	287	42	420.10
-2.094395	1.869911	2.701025	270	35	42	420.04
0.785398	2.478122	2.609777	237	19	83	420.04
0.261799	2.407836	1.410646	272	24	91	420.03
1.047198	0.203748	0.590255	0	249	47	419.92
2.617994	2.760637	2.781135	12	276	88	419.89
0.785398	0.571433	-1.188419	274	293	95	419.84
2.356194	1.809167	1.213774	270	12	62	419.81
-0.261799	1.214854	-1.966664	28	16	261	419.81
-2.356194	2.343981	-1.040456	270	290	267	419.78
-2.356194	0.419640	2.974122	243	10	86	419.76
-1.570796	1.756530	-2.105156	248	32	37	419.76
2.879793	2.637879	2.121598	46	7	273	419.76
0.523599	1.413347	-1.339188	278	68	2	419.71
1.308997	1.134497	-1.109631	22	281	79	419.68
-1.308997	2.393226	1.857173	0	40	88	419.58
2.356194	2.478122	2.609777	286	260	77	419.56
-2.094395	0.674054	1.013609	237	46	59	419.55
-2.879793	2.588535	-2.976617	255	53	292	419.54
0.785398	1.413430	2.550734	216	32	28	419.54
2.356194	0.496451	0.593859	34	42	73	419.49
-1.308997	1.904882	-1.478089	6	25	21	419.49
1.047198	0.618092	2.539118	26	24	75	419.45
1.047198	0.685216	-1.712745	291	3	90	419.39
-2.879793	1.506530	1.988858	263	43	40	419.34
2.879793	0.080730	-2.622036	68	3	219	419.32
2.094395	1.683268	0.374177	224	13	66	419.28
-2.617994	2.456751	-1.503343	261	79	10	419.27
-2.356194	1.812176	0.656819	18	283	267	419.20
-1.570796	0.850607	-1.335383	259	30	94	419.16
-2.617994	1.195355	1.200319	249	18	2	419.15
-1.832596	2.295480	1.008277	57	272	45	419.13
-1.832596	2.187132	-0.479875	289	0	30	419.13
2.617994	2.587733	0.232235	253	19	83	419.13
1.047198	2.033014	2.977192	216	13	48	419.09
-2.617994	1.440580	2.260026	240	52	35	419.08
-2.094395	1.699788	2.452890	246	26	37	419.00
-0.523599	1.050534	3.042579	274	35	38	418.98
1.047198	2.588535	-2.976617	226	13	67	418.94
-1.570796	1.982574	-1.115518	22	6	30	418.92
1.047198	2.456751	-1.503343	239	64	59	418.91
-0.523599	2.863997	0.549740	2	290	98	418.90
2.617994	1.809167	1.213774	264	273	83	418.90
-2.356194	2.587733	0.232235	270	281	92	418.88
0.785398	0.203748	0.590255	39	14	254	418.87
-2.356194	2.001437	0.381215	3	268	82	418.82
-2.094395	1.135834	-1.431087	15	17	23	418.75
-2.617994	1.545873	-1.877082	257	59	52	418.74
-3.141593	2.478122	2.609777	27	279	83	418.73
-3.141593	2.073035	2.027405	283	275	22	418.70
-0.785398	1.433411	-1.035986	230	288	65	418.67
-3.141593	1.488617	1.159546	278	279	55	418.67
-0.523599	0.850607	-1.335383	262	5	95	418.65
0.785398	0.762244	-0.273349	4	277	68	418.65
-2.879793	1.870545	-2.976234	65	241	291	418.63
-2.356194	1.699788	2.452890	233	39	26	418.61
2.094395	2.115563	0.685730	249	19	92	418.57
-2.879793	0.297065	2.160177	251	41	80	418.57
-0.785398	1.545873	-1.877082	286	34	18	418.54
-2.356194	0.290380	-0.796960	291	38	85	418.54
-2.356194	0.379747	-1.713059	34	286	235	418.53
-2.617994	1.488617	1.159546	16	15	267	418.52
-3.141593	2.478122	2.609777	64	263	12	418.51
-2.879793	2.979456	-1.009304	262	274	87	418.49
2.617994	2.724429	-0.348782	242	14	82	418.47
-2.356194	2.108018	1.311430	275	12	54	418.45
1.570796	0.379747	-1.713059	271	16	97	418.45
-1.047198	1.413347	-1.339188	231	2	72	418.44
1.308997	2.174483	2.653697	231	291	70	418.38
-1.308997	1.658653	-2.409879	229	274	51	418.38
-1.308997	2.881233	-2.582574	25	48	80	418.38
0.261799	2.637879	2.121598	252	19	94	418.38
-1.832596	2.379497	0.561089	49	260	20	418.31
-2.617994	1.555207	1.708892	256	37	35	418.31
-0.261799	0.992645	-1.723759	28	254	25	418.31
-3.141593	0.370812	-2.547742	59	282	229	418.28
0.785398	0.906588	1.252948	279	34	45	418.25
-0.523599	0.709924	0.218797	4	9	38	418.20
2.617994	1.134497	-1.109631	31	47	83	418.18
2.617994	1.875281	0.107086	280	38	24	418.18
-3.141593	1.325504	-1.671296	289	70	80	418.11
1.308997	2.349581	-2.702517	217	8	51	418.09
-1.832596	1.836682	-0.676006	6	1	273	417.94
2.879793	1.824694	1.850876	288	22	54	417.91
2.094395	1.824694	1.850876	253	269	76	417.87
-2.356194	0.640596	-2.797608	249	14	91	417.85
-2.617994	1.025536	1.576859	250	56	47	417.84
0.523599	0.850607	-1.335383	285	288	96	417.84
-1.570796	1.948085	-2.363031	210	262	0	417.83
-2.356194	1.599406	1.426070	257	25	38	417.81
-1.308997	1.606104	-0.451151	218	33	40	417.81
1.570796	1.335669	0.897240	217	25	50	417.79
0.261799	0.733948	3.021411	277	9	57	417.77
1.047198	1.662363	0.915448	53	283	291	417.77
-2.356194	1.736875	3.023612	255	43	42	417.76
1.308997	1.488617	1.159546	225	37	65	417.75
-2.879793	2.724429	-0.348782	28	265	277	417.73
2.617994	0.899350	-2.069907	290	50	95	417.73
-1.832596	1.301460	-0.509251	239	62	58	417.71
2.617994	0.733948	3.021411	278	53	80	417.61
0.000000	1.448123	-2.163292	281	263	62	417.58
1.047198	1.606104	-0.451151	25	257	41	417.58
0.785398	2.356369	3.005869	223	26	66	417.57
0.523599	2.299159	2.264663	238	27	80	417.56
-0.785398	0.992645	-1.723759	258	289	89	417.53
2.879793	0.370812	-2.547742	262	27	97	417.50
2.356194	0.899350	-2.069907	4	36	85	417.46
0.261799	1.869911	2.701025	267	12	44	417.45
-3.141593	1.325504	-1.671296	286	60	65	417.43
-0.785398	0.733948	3.021411	269	243	42	417.43
-3.141593	0.866955	-0.931351	65	18	37	417.40
2.094395	0.379747	-1.713059	60	280	291	417.39
0.000000	2.760637	2.781135	252	31	69	417.38
-1.570796	2.247462	0.191623	69	256	26	417.38
0.261799	2.033014	2.977192	251	36	44	417.35
0.000000	2.579248	-2.364801	269	76	64	417.31
0.523599	2.637879	2.121598	251	9	90	417.30
0.785398	1.756530	-2.105156	245	42	17	417.29
-2.094395	1.812176	0.656819	22	270	76	417.25
-0.261799	1.214854	-1.966664	276	266	81	417.25
-2.094395	0.619654	-2.216909	33	289	22	417.25
1.047198	0.379747	-1.713059	51	274	243	417.23
0.000000	1.391910	3.030322	259	57	27	417.23
0.000000	1.128190	-2.288622	284	275	75	417.21
1.047198	2.719179	-1.780644	240	54	73	417.17
-2.356194	2.592629	0.909713	34	286	235	417.16
0.785398	1.214854	-1.966664	20	282	79	417.15
0.261799	2.760637	2.781135	244	34	88	417.14
0.000000	1.374601	-2.456031	268	30	24	417.11
-1.570796	2.393226	1.857173	9	40	93	417.11
1.832596	1.555207	1.708892	236	286	63	417.10
-0.523599	0.733948	3.021411	34	242	42	417.06
-0.261799	0.458961	-0.107937	288	3	50	417.00
-0.523599	0.458961	-0.107937	243	13	85	416.96
-2.356194	0.419640	2.974122	244	11	87	416.95
-2.356194	0.899350	-2.069907	259	31	95	416.93
2.617994	2.478122	2.609777	7	267	83	416.92
1.832596	2.664082	-1.071402	233	37	76	416.90
-2.617994	0.619654	-2.216909	267	19	99	416.87
-1.832596	1.510910	-0.740472	236	53	47	416.86
-3.141593	2.637879	2.121598	13	9	86	416.85
-0.785398	0.961715	0.014085	224	7	62	416.80
2.879793	2.295480	1.008277	31	265	39	416.79
0.785398	2.393226	1.857173	252	12	91	416.78
1.832596	2.478122	2.609777	264	272	83	416.75
-0.785398	2.404280	-0.174044	36	14	80	416.69
-2.879793	2.407836	1.410646	5	11	101	416.67
1.308997	1.310100	1.488307	220	26	52	416.67
2.094395	1.504028	0.636812	264	32	43	416.67
1.832596	2.379497	0.561089	257	285	10	416.66
-2.094395	1.846342	-1.796954	72	257	276	416.64
-1.570796	2.455966	-0.641220	282	13	12	416.59
0.261799	2.587733	0.232235	54	6	55	416.58
2.879793	1.450119	-2.739050	271	79	59	416.56
2.879793	2.247462	0.191623	248	290	87	416.56
0.261799	0.709924	0.218797	272	266	68	416.52
1.570796	1.683268	0.374177	37	291	9	416.51
1.047198	1.184361	0.625864	27	285	38	416.51
-1.308997	0.080730	-2.622036	31	2	274	416.49
2.356194	0.290380	-0.796960	52	1	285	416.46
-1.308997	2.587733	0.232235	36	274	247	416.45
1.047198	1.335669	0.897240	30	292	269	416.43
0.785398	2.588535	-2.976617	227	28	70	416.42
-1.832596	1.433411	-1.035986	241	42	47	416.39
1.570796	0.615174	-0.666022	264	42	284	416.35
0.261799	1.134796	2.434290	11	275	47	416.33
0.785398	2.164094	-2.991358	219	36	48	416.33
-1.832596	1.168678	2.108595	271	22	55	416.30
0.000000	1.574060	2.783565	247	30	0	416.29
-2.094395	1.662363	0.915448	269	6	42	416.26
-1.832596	1.433411	-1.035986	233	52	61	416.24
-2.356194	0.591903	2.010408	233	45	69	416.21
-2.617994	0.992645	-1.723759	271	47	94	416.09
-1.832596	0.850607	-1.335383	19	6	23	416.08
1.832596	2.456751	-1.503343	221	20	59	416.06
0.261799	0.458961	-0.107937	51	38	244	416.05
0.261799	2.356369	3.005869	288	15	25	416.01
-2.879793	1.135813	-2.658866	247	55	77	416.00
-2.094395	2.456751	-1.503343	235	59	10	415.94
-3.141593	1.599406	1.426070	283	278	60	415.90
2.094395	2.588535	-2.976617	264	268	71	415.89
-2.879793	1.736875	3.023612	245	62	33	415.87
0.523599	1.325504	-1.671296	275	22	14	415.85
-2.356194	1.977582	0.969896	277	2	53	415.85
0.523599	2.349581	-2.702517	234	60	56	415.83
-1.570796	0.571433	-1.188419	267	34	86	415.81
-1.832596	0.992645	-1.723759	256	30	94	415.75
-3.141593	0.571433	-1.188419	10	27	98	415.74
-2.094395	2.407836	1.410646	48	281	26	415.72
-0.523599	1.545873	-1.877082	2	261	8	415.68
1.570796	2.407836	1.410646	61	291	262	415.65
-1.832596	0.591903	2.010408	281	19	59	415.65
-0.523599	0.297065	2.160177	277	239	46	415.64
1.047198	2.295480	1.008277	267	31	96	415.63
1.832596	2.719179	-1.780644	229	13	73	415.58
0.000000	0.762244	-0.273349	15	33	17	415.56
1.047198	1.872854	1.543456	238	30	84	415.55
1.308997	0.762244	-0.273349	272	40	12	415.54
0.261799	0.419640	2.974122	292	14	74	415.53
2.879793	0.571433	-1.188419	11	24	98	415.52
2.617994	0.419640	2.974122	269	55	88	415.47
0.785398	1.662363	0.915448	255	55	62	415.46
-1.832596	1.128190	-2.288622	243	18	84	415.40
1.832596	1.367556	0.358405	216	25	45	415.30
0.523599	1.168678	2.108595	228	55	31	415.30
-0.261799	2.863997	0.549740	8	1	99	415.27
1.570796	2.104282	-0.813972	227	53	52	415.26
1.832596	0.992645	-1.723759	16	24	88	415.21
2.094395	1.325504	-1.671296	265	9	8	415.16
-0.523599	2.637879	2.121598	265	33	81	415.08
-0.261799	2.587733	0.232235	20	19	91	415.05
0.261799	2.587733	0.232235	17	41	95	415.03
1.047198	1.045978	0.343692	289	38	37	415.03
-2.879793	1.325504	-1.671296	275	59	64	415.02
-2.094395	1.301460	-0.509251	251	71	58	415.00
2.356194	2.073035	2.027405	55	28	229	415.00
-2.094395	2.180315	-1.357379	59	267	264	415.00
-2.879793	0.379747	-1.713059	49	1	7	414.98
0.785398	0.866955	-0.931351	288	22	13	414.92
2.879793	2.379497	0.561089	19	269	31	414.86
0.785398	2.393226	1.857173	253	12	90	414.85
0.523599	2.247462	0.191623	290	54	76	414.85
-2.617994	0.914445	2.687814	229	45	61	414.75
1.832596	2.760637	2.781135	61	282	262	414.75
-1.832596	1.168678	2.108595	235	17	47	414.70
-0.261799	2.592629	0.909713	290	14	99	414.69
1.832596	0.615174	-0.666022	60	291	280	414.69
-3.141593	1.599406	1.426070	15	262	49	414.69
1.570796	2.588535	-2.976617	235	279	70	414.65
0.785398	0.618092	2.539118	284	16	59	414.64
1.308997	2.115563	0.685730	259	37	79	414.64
2.879793	1.374601	-2.456031	276	75	70	414.63
1.832596	1.824694	1.850876	247	284	74	414.61
-2.356194	1.135834	-1.431087	38	263	258	414.60
-2.617994	2.108018	1.311430	13	290	95	414.58
-1.570796	0.850607	-1.335383	256	31	91	414.57
-0.523599	0.297065	2.160177	41	12	257	414.57
-2.879793	1.555207	1.708892	6	278	58	414.54
-0.261799	2.984978	1.954446	45	1	237	414.53
-0.523599	1.998705	2.370472	279	67	67	414.51
-2.879793	0.297065	2.160177	252	51	84	414.51
-1.308997	0.619654	-2.216909	277	293	97	414.44
0.523599	0.419640	2.974122	66	278	49	414.43
-1.832596	1.809167	1.213774	7	9	63	414.30
-2.879793	1.488617	1.159546	288	219	28	414.24
-2.356194	0.619654	-2.216909	268	18	99	414.24
-1.570796	2.393226	1.857173	8	39	93	414.21
0.000000	1.134796	2.434290	14	252	41	414.20
-0.523599	2.299159	2.264663	270	58	80	414.18
-2.094395	2.089241	-0.114193	3	24	262	414.14
2.879793	2.295480	1.008277	30	268	35	414.13
0.261799	0.850607	-1.335383	278	288	96	414.12
-1.570796	1.450119	-2.739050	221	258	23	414.11
-2.617994	1.574060	2.783565	239	53	40	414.09
2.617994	2.115563	0.685730	254	292	92	414.09
-3.141593	2.760637	2.781135	28	290	88	414.07
0.785398	0.866955	-0.931351	284	273	85	414.06
0.000000	0.418037	1.360082	277	232	37	414.02
1.832596	0.080730	-2.622036	263	41	94	414.01
1.832596	2.247462	0.191623	246	41	87	413.99
-1.308997	0.674054	1.013609	22	20	31	413.99
-1.570796	1.301460	-0.509251	231	49	58	413.98
-0.261799	1.135813	-2.658866	274	281	60	413.95
-2.617994	1.335669	0.897240	2	217	17	413.93
-2.617994	0.591903	2.010408	241	57	69	413.93
-2.617994	0.571433	-1.188419	3	36	99	413.88
-0.261799	1.872854	1.543456	284	49	70	413.87
0.523599	1.545873	-1.877082	270	24	17	413.87
2.094395	0.370812	-2.547742	272	29	90	413.86
1.047198	1.413430	2.550734	214	15	30	413.86
1.570796	2.704512	1.488683	290	4	97	413.78
1.832596	1.836682	-0.676006	219	39	40	413.73
-2.879793	2.588535	-2.976617	34	275	74	413.70
0.785398	1.413430	2.550734	215	32	27	413.68
-2.879793	2.719179	-1.780644	272	58	289	413.68
-1.047198	1.135834	-1.431087	241	5	80	413.68
2.617994	2.984978	1.954446	17	17	88	413.66
2.617994	0.864993	2.278281	285	47	62	413.62
-1.832596	2.587733	0.232235	45	250	38	413.54
-0.785398	0.370812	-2.547742	291	7	91	413.54
0.261799	1.569311	-3.003978	251	48	28	413.51
2.094395	2.073035	2.027405	262	265	78	413.47
-2.356194	2.719179	-1.780644	25	264	71	413.45
-1.308997	0.992645	-1.723759	10	279	25	413.39
-2.617994	2.724429	-0.348782	262	273	84	413.38
2.879793	2.138223	1.678323	47	253	32	413.38
-1.570796	2.456751	-1.503343	9	17	29	413.37
-0.523599	0.899350	-2.069907	276	283	92	413.36
-0.523599	1.545873	-1.877082	13	62	5	413.36
1.047198	1.440580	2.260026	24	17	45	413.34
2.879793	2.393226	1.857173	30	11	212	413.34
0.523599	0.992645	-1.723759	7	289	94	413.33
1.832596	2.456751	-1.503343	221	21	59	413.32
1.570796	2.456751	-1.503343	223	36	59	413.28
0.523599	2.396274	-1.959260	252	77	52	413.17
-0.523599	2.719179	-1.780644	21	60	69	413.15
-2.617994	0.080730	-2.622036	272	285	94	413.12
0.261799	0.992645	-1.723759	286	278	86	413.11
-0.785398	0.929350	-2.910676	262	243	41	413.07
-1.308997	0.370812	-2.547742	292	293	97	413.04
-2.094395	0.899350	-2.069907	258	24	95	413.00
0.785398	0.929350	-2.910676	29	271	273	412.98
-2.356194	1.025536	1.576859	236	45	44	412.96
2.617994	0.733948	3.021411	278	54	80	412.96
-0.523599	2.073035	2.027405	279	53	75	412.92
2.356194	0.992645	-1.723759	13	33	76	412.86
1.308997	1.836682	-0.676006	32	276	28	412.83
-3.141593	1.448123	-2.163292	272	68	62	412.82
-1.308997	2.404280	-0.174044	34	290	83	412.76
0.261799	1.413430	2.550734	271	10	46	412.75
-0.261799	0.297065	2.160177	47	281	10	412.74
0.261799	2.073035	2.027405	246	45	75	412.67
0.000000	2.407836	1.410646	276	33	101	412.66
1.047198	2.396274	-1.959260	228	56	52	412.66
-2.617994	0.685216	-1.712745	281	31	100	412.55
-2.617994	2.979456	-1.009304	39	1	257	412.48
-2.617994	2.404280	-0.174044	289	60	288	412.48
-3.141593	2.478122	2.609777	28	282	83	412.46
2.879793	2.108018	1.311430	284	283	95	412.42
-0.785398	0.297065	2.160177	266	241	45	412.41
0.261799	1.450119	-2.739050	283	282	47	412.38
0.523599	1.555207	1.708892	238	59	64	412.36
-3.141593	2.247462	0.191623	19	58	284	412.36
0.000000	1.134796	2.434290	1	270	48	412.34
0.261799	1.569311	-3.003978	251	49	28	412.26
-2.094395	0.615174	-0.666022	273	50	82	412.22
0.523599	0.615174	-0.666022	8	33	11	412.20
2.356194	0.379747	-1.713059	276	8	95	412.19
2.094395	2.881233	-2.582574	12	48	285	412.16
-2.617994	1.812176	0.656819	273	11	45	412.13
-1.047198	0.080730	-2.622036	280	28	59	412.11
0.261799	1.134497	-1.109631	277	271	83	412.09
0.523599	2.174483	2.653697	231	44	69	412.08
0.000000	2.704512	1.488683	261	263	45	412.08
-1.308997	2.247462	0.191623	239	32	280	412.08
1.570796	1.113094	-0.272241	227	53	10	412.07
0.523599	0.866395	-2.492918	32	267	277	412.06
-2.356194	1.195355	1.200319	3	26	275	412.05
0.523599	0.762244	-0.273349	285	3	274	412.05
-2.879793	2.001437	0.381215	4	70	290	412.05
-2.617994	0.419640	2.974122	243	20	85	411.97
0.785398	1.135834	-1.431087	6	272	74	411.97
-1.832596	0.297065	2.160177	239	4	82	411.96
-2.356194	0.685216	-1.712745	262	288	27	411.95
0.785398	0.685216	-1.712745	46	268	266	411.92
0.261799	2.592629	0.909713	53	273	246	411.88
1.832596	2.356369	3.005869	15	20	28	411.86
1.570796	1.506530	1.988858	11	27	48	411.85
-2.094395	2.089241	-0.114193	260	46	6	411.84
0.000000	0.929350	-2.910676	3	281	76	411.80
1.047198	2.637879	2.121598	293	13	52	411.80
0.523599	1.413430	2.550734	224	49	31	411.78
-2.356194	1.736875	3.023612	254	44	41	411.75
2.617994	0.419640	2.974122	268	44	85	411.73
0.523599	2.041297	-2.664597	231	57	33	411.69
1.832596	2.001437	0.381215	238	35	82	411.67
-3.141593	0.640596	-2.797608	5	7	51	411.60
-2.094395	2.180315	-1.357379	233	60	24	411.55
-1.570796	2.180315	-1.357379	8	17	26	411.49
2.356194	1.824694	1.850876	14	252	31	411.45
2.094395	0.619654	-2.216909	286	28	89	411.43
-2.617994	1.506530	1.988858	8	19	270	411.40
-3.141593	2.299159	2.264663	59	255	47	411.35
-2.879793	0.080730	-2.622036	56	6	232	411.33
-3.141593	1.824694	1.850876	283	259	24	411.32
-2.879793	0.733948	3.021411	242	45	78	411.30
-2.356194	1.335669	0.897240	19	226	18	411.23
2.879793	0.866955	-0.931351	23	41	89	411.20
0.785398	1.736875	3.023612	216	33	31	411.18
2.617994	0.992645	-1.723759	9	49	93	411.17
1.047198	1.510910	-0.740472	253	21	278	411.14
-1.308997	0.831641	0.616218	222	28	56	411.13
1.570796	1.982574	-1.115518	222	50	35	411.11
-1.047198	0.866395	-2.492918	51	11	221	411.09
-2.094395	1.440580	2.260026	229	24	34	411.08
-1.832596	1.128190	-2.288622	241	15	85	411.05
-3.141593	0.899350	-2.069907	276	47	95	411.03
2.879793	2.404280	-0.174044	18	46	289	410.95
2.356194	2.089241	-0.114193	229	14	72	410.90
0.523599	2.108018	1.311430	265	46	95	410.88
-1.047198	0.370812	-2.547742	283	12	86	410.87
-2.094395	1.696674	-1.253233	61	248	274	410.87
1.308997	1.555207	1.708892	223	18	64	410.83
0.523599	0.290380	-0.796960	258	3	92	410.81
-2.879793	1.134796	2.434290	248	57	53	410.77
0.261799	2.174483	2.653697	238	54	70	410.71
2.356194	1.214854	-1.966664	16	47	75	410.71
-1.832596	0.866955	-0.931351	254	47	76	410.70
0.000000	0.866955	-0.931351	3	16	20	410.69
0.785398	0.615174	-0.666022	275	275	87	410.68
-2.617994	2.456751	-1.503343	9	252	59	410.65
1.832596	1.488617	1.159546	261	23	54	410.64
0.785398	1.014500	0.906702	243	74	34	410.60
-2.356194	2.719179	-1.780644	245	58	289	410.59
1.832596	2.588535	-2.976617	20	50	292	410.57
2.094395	0.370812	-2.547742	270	35	94	410.53
1.308997	1.998705	2.370472	26	23	29	410.48
-0.261799	2.379497	0.561089	16	32	97	410.48
-2.356194	2.396274	-1.959260	65	257	10	410.42
-2.879793	2.115563	0.685730	32	251	24	410.40
-2.094395	1.658653	-2.409879	222	33	55	410.39
2.879793	0.866395	-2.492918	269	51	89	410.34
1.570796	2.587733	0.232235	273	49	96	410.28
1.047198	1.433411	-1.035986	256	56	9	410.28
1.047198	1.555207	1.708892	224	34	64	410.25
2.356194	1.909857	-0.381669	256	23	35	410.21
-2.879793	1.325504	-1.671296	33	276	269	410.20
0.785398	1.128190	-2.288622	10	3	229	410.13
2.879793	2.001437	0.381215	287	47	12	410.11
-0.261799	2.407836	1.410646	277	31	97	410.09
2.617994	1.721184	-0.153948	256	14	37	410.07
1.832596	1.696674	-1.253233	43	15	44	410.06
1.047198	0.418037	1.360082	271	31	39	410.03
-2.356194	2.456751	-1.503343	243	66	6	410.02
-2.356194	1.134497	-1.109631	265	61	80	409.99
2.879793	1.214854	-1.966664	291	67	84	409.96
2.094395	1.721184	-0.153948	218	22	52	409.94
-2.094395	2.979456	-1.009304	277	36	286	409.92
-1.047198	1.325504	-1.671296	240	288	79	409.92
2.879793	1.662363	0.915448	264	264	75	409.90
2.617994	2.984978	1.954446	69	282	36	409.86
0.523599	2.299159	2.264663	239	27	78	409.84
2.617994	2.455966	-0.641220	5	31	3	409.81
-1.047198	1.135834	-1.431087	240	6	82	409.80
-0.261799	2.174483	2.653697	28	287	292	409.80
-1.832596	0.866955	-0.931351	261	48	88	409.70
0.523599	0.762244	-0.273349	51	246	3	409.70
1.308997	2.592629	0.909713	56	293	278	409.63
-1.832596	2.295480	1.008277	20	284	238	409.60
2.094395	1.599406	1.426070	292	38	46	409.59
-2.356194	0.297065	2.160177	241	32	84	409.57
-2.094395	2.063651	-2.044600	26	258	289	409.55
2.356194	0.571433	-1.188419	9	11	98	409.54
1.308997	1.683268	0.374177	235	56	62	409.49
0.523599	0.290380	-0.796960	67	3	222	409.48
1.832596	1.335669	0.897240	283	37	46	409.47
-1.832596	2.393226	1.857173	13	34	92	409.47
0.523599	2.760637	2.781135	240	17	81	409.39
-1.047198	1.045978	0.343692	219	14	49	409.37
-2.879793	1.574060	2.783565	25	273	31	409.33
-2.356194	0.297065	2.160177	14	277	32	409.33
0.785398	1.168678	2.108595	63	268	13	409.27
2.356194	2.138223	1.678323	57	15	231	409.27
0.523599	2.295480	1.008277	280	41	100	409.21
-2.879793	2.588535	-2.976617	254	52	292	409.15
0.261799	2.033014	2.977192	237	15	15	409.12
-1.308997	0.850607	-1.335383	253	24	91	408.96
-2.879793	0.458961	-0.107937	2	49	77	408.95
2.094395	2.073035	2.027405	65	22	229	408.91
1.570796	2.104282	-0.813972	225	50	48	408.82
0.523599	1.325504	-1.671296	263	2	265	408.79
-1.832596	2.343981	-1.040456	3	5	27	408.78
2.356194	1.135813	-2.658866	44	29	37	408.77
-0.523599	0.960688	-0.577532	9	20	15	408.75
-1.047198	0.929350	-2.910676	255	247	42	408.73
0.523599	1.025536	1.576859	68	233	2	408.71
2.617994	1.662363	0.915448	272	25	48	408.71
-2.617994	2.295480	1.008277	291	0	100	408.67
-2.094395	0.850607	-1.335383	268	40	93	408.65
-2.356194	0.866395	-2.492918	257	32	87	408.64
1.308997	0.419640	2.974122	7	38	85	408.60
-1.570796	1.617114	-1.572037	222	22	61	408.60
-3.141593	2.108018	1.311430	34	288	287	408.59
0.000000	0.203748	0.590255	261	277	87	408.58
1.570796	1.504028	0.636812	225	39	62	408.56
-1.308997	1.448123	-2.163292	233	283	68	408.50
-2.617994	1.335669	0.897240	263	60	31	408.42
0.000000	1.574060	2.783565	271	10	47	408.42
-1.308997	0.899350	-2.069907	260	293	93	408.39
1.570796	2.379497	0.561089	267	34	84	408.38
-2.879793	0.866395	-2.492918	256	42	91	408.38
-1.570796	2.863997	0.549740	269	289	93	408.32
1.832596	2.356369	3.005869	14	20	28	408.29
-2.356194	2.063651	-2.044600	54	270	286	408.22
2.094395	0.619654	-2.216909	283	35	97	408.20
1.308997	0.700570	1.559208	273	29	49	408.20
-1.832596	0.685216	-1.712745	271	266	237	408.14
-1.832596	1.247695	1.809890	246	16	45	408.04
2.356194	0.640596	-2.797608	281	44	88	407.95
0.785398	2.379497	0.561089	282	45	94	407.93
2.617994	1.977582	0.969896	275	30	49	407.93
1.308997	1.335669	0.897240	224	46	55	407.93
-1.832596	2.247462	0.191623	62	247	29	407.92
-1.570796	2.456751	-1.503343	40	259	21	407.89
-2.094395	2.001437	0.381215	287	284	53	407.84
-0.261799	1.374601	-2.456031	272	34	23	407.84
-2.879793	1.310100	1.488307	281	292	47	407.81
-3.141593	1.050534	3.042579	1	18	40	407.74
-1.832596	2.073035	2.027405	290	28	59	407.73
1.308997	2.579248	-2.364801	224	22	65	407.68
-1.308997	1.301460	-0.509251	221	32	53	407.62
-3.141593	2.724429	-0.348782	11	40	283	407.58
-0.785398	1.135813	-2.658866	22	249	16	407.54
-2.617994	1.574060	2.783565	240	53	40	407.53
0.523599	2.592629	0.909713	282	271	13	407.51
2.879793	1.214854	-1.966664	288	61	84	407.51
-0.261799	1.214854	-1.966664	267	232	47	407.50
1.832596	2.379497	0.561089	262	34	98	407.45
-2.617994	0.866395	-2.492918	252	34	91	407.44
1.047198	0.961715	0.014085	15	12	41	407.43
2.094395	2.295480	1.008277	23	276	41	407.39
0.785398	1.014500	0.906702	274	48	40	407.38
2.617994	1.683268	0.374177	1	51	20	407.35
-1.570796	0.571433	-1.188419	268	34	85	407.32
-1.832596	2.295480	1.008277	57	271	44	407.27
0.523599	1.214854	-1.966664	21	282	85	407.21
-1.308997	2.863997	0.549740	279	291	99	407.10
-1.570796	0.591903	2.010408	228	291	66	407.09
-2.356194	2.719179	-1.780644	246	59	289	407.08
-1.308997	2.404280	-0.174044	30	279	245	407.03
0.523599	2.247462	0.191623	39	30	47	407.03
2.617994	2.138223	1.678323	44	4	284	407.00
2.094395	0.866395	-2.492918	1	51	89	406.95
2.094395	2.247462	0.191623	242	28	87	406.92
-1.570796	1.025536	1.576859	225	7	43	406.91
-2.094395	1.948085	-2.363031	221	36	38	406.90
1.308997	1.025536	1.576859	284	30	52	406.89
-2.617994	2.247462	0.191623	36	11	243	406.88
-2.094395	2.108018	1.311430	58	273	24	406.86
1.832596	0.866955	-0.931351	242	39	274	406.83
2.356194	2.760637	2.781135	39	20	225	406.80
1.308997	1.310100	1.488307	217	21	50	406.79
2.617994	0.080730	-2.622036	252	15	92	406.78
-1.832596	1.809167	1.213774	291	8	57	406.70
2.094395	2.108018	1.311430	278	21	65	406.68
2.356194	0.458961	-0.107937	29	15	83	406.64
-2.356194	1.134497	-1.109631	34	260	262	406.62
-0.785398	1.325504	-1.671296	7	255	15	406.59
1.308997	1.870545	-2.976234	23	10	38	406.58
1.570796	0.290380	-0.796960	285	289	95	406.58
-2.356194	2.724429	-0.348782	272	269	84	406.54
0.523599	2.379497	0.561089	289	44	95	406.53
0.000000	1.869911	2.701025	264	27	48	406.51
2.356194	2.724429	-0.348782	245	31	89	406.48
1.047198	2.637879	2.121598	59	270	273	406.46
-1.570796	2.180315	-1.357379	8	16	26	406.46
-2.879793	2.247462	0.191623	283	43	3	406.46
0.523599	0.458961	-0.107937	41	277	12	406.44
2.617994	1.683268	0.374177	252	1	53	406.40
1.570796	0.960688	-0.577532	283	32	22	406.33
-3.141593	1.662363	0.915448	29	263	0	406.29
-0.523599	1.242974	-2.977882	23	236	28	406.27
0.523599	2.587733	0.232235	7	39	88	406.26
-0.785398	1.128190	-2.288622	19	252	18	406.24
2.879793	2.984978	1.954446	15	26	89	406.23
-1.832596	2.396274	-1.959260	230	35	13	406.22
0.785398	1.135813	-2.658866	23	292	73	406.22
-3.141593	1.824694	1.850876	28	267	56	406.18
-1.832596	2.664082	-1.071402	64	262	288	406.14
-2.094395	2.664082	-1.071402	268	41	293	406.08
0.523599	2.704512	1.488683	276	3	95	406.08
2.356194	0.496451	0.593859	220	251	255	406.06
-3.141593	2.760637	2.781135	28	291	88	406.05
0.000000	2.704512	1.488683	270	9	96	406.04
1.047198	0.571433	-1.188419	283	287	86	406.04
-1.832596	0.700570	1.559208	224	30	59	406.03
-2.094395	1.904882	-1.478089	15	290	24	406.03
-0.785398	1.413347	-1.339188	237	282	72	406.02
0.785398	1.256302	0.062705	266	76	31	405.99
-2.356194	1.662363	0.915448	4	278	59	405.98
2.879793	1.450119	-2.739050	7	4	30	405.94
0.523599	2.041297	-2.664597	279	27	0	405.93
0.000000	1.135813	-2.658866	18	27	226	405.92
-2.617994	1.977582	0.969896	6	277	90	405.89
0.261799	1.766067	2.153843	240	61	64	405.87
-0.785398	0.992645	-1.723759	15	268	5	405.86
1.570796	2.407836	1.410646	61	0	250	405.85
-2.617994	1.846342	-1.796954	14	257	16	405.78
1.308997	0.906588	1.252948	249	31	35	405.77
1.832596	2.187132	-0.479875	225	38	60	405.77
-1.308997	0.906588	1.252948	21	26	39	405.75
-3.141593	1.135813	-2.658866	257	62	76	405.75
-0.785398	0.619654	-2.216909	277	4	88	405.70
-2.617994	2.115563	0.685730	288	278	92	405.66
0.785398	2.407836	1.410646	64	274	247	405.65
-2.879793	0.640596	-2.797608	250	31	89	405.64
-1.832596	1.135834	-1.431087	246	37	85	405.57
0.785398	1.413430	2.550734	217	33	31	405.49
-2.094395	0.910508	1.903534	223	284	18	405.48
0.785398	1.872854	1.543456	242	43	84	405.45
1.570796	0.458961	-0.107937	272	39	14	405.37
-3.141593	2.760637	2.781135	31	12	243	405.26
-1.832596	2.073035	2.027405	22	31	75	405.24
-2.094395	1.504028	0.636812	273	7	41	405.21
1.570796	1.195355	1.200319	266	30	47	405.20
-0.785398	0.899350	-2.069907	23	262	25	405.18
0.785398	1.134796	2.434290	276	11	51	405.10
-2.879793	1.574060	2.783565	248	62	40	404.99
1.832596	1.909857	-0.381669	221	39	54	404.97
-1.832596	2.396274	-1.959260	0	27	25	404.81
-2.356194	0.080730	-2.622036	280	285	94	404.81
-3.141593	2.719179	-1.780644	282	72	288	404.79
-2.356194	1.545873	-1.877082	13	284	3	404.79
-0.785398	2.404280	-0.174044	232	15	285	404.72
0.523599	2.164094	-2.991358	229	56	51	404.68
1.047198	1.195355	1.200319	71	261	292	404.66
1.570796	1.606104	-0.451151	225	54	34	404.63
2.617994	2.379497	0.561089	31	293	276	404.58
0.523599	1.135834	-1.431087	44	263	268	404.54
-0.523599	0.992645	-1.723759	263	284	87	404.51
-1.832596	2.863997	0.549740	264	293	93	404.51
-3.141593	0.960688	-0.577532	17	57	75	404.49
0.000000	0.762244	-0.273349	248	272	74	404.42
-2.356194	1.846342	-1.796954	32	0	277	404.41
-2.879793	1.391910	3.030322	64	253	282	404.41
2.094395	0.379747	-1.713059	55	273	18	404.40
1.570796	2.760637	2.781135	293	7	48	404.36
0.785398	1.569311	-3.003978	12	289	48	404.34
1.047198	1.301460	-0.509251	21	261	60	404.33
0.523599	1.247695	1.809890	67	244	293	404.27
0.523599	2.164094	-2.991358	228	54	51	404.24
-1.308997	0.674054	1.013609	223	16	61	404.24
1.570796	1.555207	1.708892	230	6	63	404.20
1.832596	2.407836	1.410646	32	269	47	404.19
-2.356194	2.979456	-1.009304	284	269	89	404.17
-1.570796	1.184361	0.625864	222	36	35	404.16
-2.617994	1.218453	2.777284	225	51	48	404.16
2.879793	0.370812	-2.547742	263	27	97	404.14
-1.047198	1.433411	-1.035986	225	8	65	404.14
-2.356194	1.134796	2.434290	222	38	45	404.13
-2.879793	0.850607	-1.335383	293	46	95	404.08
2.879793	0.899350	-2.069907	281	46	95	404.06
-0.523599	1.135834	-1.431087	259	288	87	404.05
-0.785398	2.587733	0.232235	20	6	95	403.99
0.261799	2.579248	-2.364801	258	77	65	403.99
2.617994	0.615174	-0.666022	54	8	288	403.99
2.094395	0.080730	-2.622036	62	272	243	403.98
1.570796	0.615174	-0.666022	262	43	282	403.94
-2.879793	0.297065	2.160177	252	40	80	403.94
2.094395	1.977582	0.969896	286	38	44	403.93
2.617994	0.619654	-2.216909	46	273	210	403.89
-2.617994	1.488617	1.159546	9	224	28	403.88
-2.879793	2.863997	0.549740	263	28	99	403.82
0.523599	0.709924	0.218797	7	291	52	403.80
-0.523599	1.545873	-1.877082	15	240	3	403.74
0.785398	2.115563	0.685730	272	47	80	403.65
0.523599	2.295480	1.008277	60	269	251	403.61
2.879793	2.115563	0.685730	261	285	92	403.60
-2.617994	0.866955	-0.931351	289	54	86	403.57
-2.617994	2.478122	2.609777	282	38	36	403.57
-2.094395	0.700570	1.559208	228	46	59	403.55
-1.047198	0.418037	1.360082	239	288	75	403.54
0.000000	1.812176	0.656819	10	71	79	403.51
-1.047198	1.448123	-2.163292	50	21	263	403.47
1.570796	1.977582	0.969896	243	23	86	403.43
2.879793	1.214854	-1.966664	289	63	85	403.34
-2.356194	2.404280	-0.174044	278	39	1	403.34
-2.879793	0.685216	-1.712745	284	32	100	403.34
0.261799	1.242974	-2.977882	289	283	56	403.30
0.523599	2.041297	-2.664597	254	25	32	403.26
-2.094395	1.812176	0.656819	279	7	45	403.22
2.617994	2.404280	-0.174044	242	14	80	403.17
-1.570796	0.571433	-1.188419	271	35	95	403.17
-2.617994	1.135834	-1.431087	30	269	262	403.17
1.832596	1.335669	0.897240	266	31	46	403.14
2.094395	0.866395	-2.492918	1	50	88	403.13
-2.617994	1.128190	-2.288622	251	48	85	403.10
0.000000	0.899350	-2.069907	35	2	228	403.10
2.617994	1.214854	-1.966664	4	56	79	403.08
-2.094395	2.456751	-1.503343	63	270	274	403.07
-3.141593	2.719179	-1.780644	282	270	66	403.05
-1.832596	2.456751	-1.503343	71	269	278	402.91
1.308997	0.762244	-0.273349	272	42	13	402.85
-1.308997	0.370812	-2.547742	291	292	97	402.81
0.785398	1.506530	1.988858	223	41	55	402.78
2.094395	1.812176	0.656819	234	11	79	402.77
-2.617994	2.719179	-1.780644	13	258	73	402.72
-1.308997	1.732874	-0.951685	218	24	45	402.68
0.261799	0.290380	-0.796960	256	8	89	402.60
1.308997	1.756530	-2.105156	53	12	53	402.51
2.879793	0.960688	-0.577532	77	23	18	402.51
0.261799	1.869911	2.701025	257	29	47	402.50
-2.617994	1.195355	1.200319	246	18	1	402.49
0.523599	0.615174	-0.666022	267	277	88	402.46
-1.570796	2.592629	0.909713	41	273	48	402.45
1.308997	2.356369	3.005869	227	288	63	402.43
-1.832596	0.418037	1.360082	235	23	69	402.38
-2.356194	2.455966	-0.641220	270	72	292	402.34
2.617994	1.135834	-1.431087	21	50	87	402.31
0.785398	2.984978	1.954446	277	282	96	402.29
1.832596	2.115563	0.685730	249	26	93	402.17
0.000000	2.393226	1.857173	260	36	95	402.16
-3.141593	2.979456	-1.009304	255	282	89	402.12
-2.356194	2.456751	-1.503343	247	71	10	402.10
-2.356194	1.904882	-1.478089	30	291	275	402.09
0.000000	2.299159	2.264663	250	50	84	402.04
-0.785398	0.080730	-2.622036	8	18	88	402.03
0.785398	1.168678	2.108595	62	269	15	401.95
1.832596	1.836682	-0.676006	218	39	40	401.93
-0.261799	0.297065	2.160177	285	237	46	401.93
-2.617994	2.073035	2.027405	14	7	72	401.90
-1.570796	0.906588	1.252948	235	20	50	401.88
2.617994	2.979456	-1.009304	26	267	285	401.87
2.356194	0.992645	-1.723759	70	1	30	401.83
-2.356194	1.904882	-1.478089	9	234	282	401.82
2.356194	1.824694	1.850876	266	263	76	401.78
0.785398	2.041297	-2.664597	222	49	36	401.77
1.308997	2.881233	-2.582574	234	7	78	401.75
-1.308997	0.700570	1.559208	28	37	25	401.74
-1.570796	1.606104	-0.451151	225	50	40	401.74
-3.141593	0.080730	-2.622036	261	5	94	401.71
0.000000	0.992645	-1.723759	31	258	280	401.68
0.785398	1.809167	1.213774	253	44	70	401.67
-1.832596	1.510910	-0.740472	19	237	277	401.67
-2.356194	0.618092	2.539118	229	26	69	401.64
1.832596	2.881233	-2.582574	246	279	81	401.63
1.570796	2.379497	0.561089	266	39	98	401.60
0.785398	0.866955	-0.931351	285	272	85	401.59
-2.094395	0.615174	-0.666022	278	52	88	401.45
2.879793	1.977582	0.969896	270	278	90	401.44
2.356194	0.992645	-1.723759	68	291	3	401.42
-2.879793	2.404280	-0.174044	23	248	13	401.41
-1.047198	1.617114	-1.572037	274	25	20	401.41
-1.308997	0.203748	0.590255	247	20	80	401.41
1.570796	1.195355	1.200319	216	15	46	401.39
-2.617994	1.168678	2.108595	256	42	52	401.37
1.047198	1.301460	-0.509251	0	48	272	401.37
1.047198	1.510910	-0.740472	256	57	14	401.36
1.570796	2.478122	2.609777	26	46	288	401.32
1.832596	2.247462	0.191623	246	40	87	401.32
2.356194	2.984978	1.954446	59	273	55	401.27
2.617994	0.762244	-0.273349	20	39	65	401.26
2.617994	1.977582	0.969896	260	284	90	401.25
-2.617994	1.413430	2.550734	257	41	49	401.21
0.261799	1.450119	-2.739050	263	24	30	401.15
-1.308997	1.606104	-0.451151	218	34	40	401.12
-0.785398	0.899350	-2.069907	18	7	270	401.09
-2.094395	1.904882	-1.478089	16	286	23	401.07
0.523599	2.379497	0.561089	290	39	84	401.07
1.570796	0.866955	-0.931351	287	26	17	401.06
-2.094395	2.724429	-0.348782	266	13	245	400.99
2.617994	1.977582	0.969896	260	282	90	400.99
1.308997	1.506530	1.988858	220	9	54	400.99
-1.047198	0.370812	-2.547742	25	2	215	400.99
-1.308997	2.379497	0.561089	62	267	37	400.98
1.570796	2.174483	2.653697	284	8	51	400.97
1.308997	1.872854	1.543456	236	19	84	400.95
1.832596	1.824694	1.850876	243	278	76	400.92
-0.523599	1.325504	-1.671296	254	269	75	400.91
-1.832596	1.658653	-2.409879	77	284	271	400.90
-2.356194	1.050534	3.042579	229	34	67	400.89
0.523599	1.025536	1.576859	69	233	2	400.88
1.832596	0.458961	-0.107937	3	28	47	400.86
-1.047198	1.545873	-1.877082	235	277	66	400.83
0.523599	2.587733	0.232235	8	39	87	400.80
-2.094395	1.025536	1.576859	236	35	47	400.79
-2.879793	1.555207	1.708892	273	272	17	400.74
-1.047198	1.617114	-1.572037	228	285	62	400.70
0.785398	1.440580	2.260026	219	38	43	400.68
-2.617994	2.719179	-1.780644	256	67	289	400.62
-2.094395	1.242974	-2.977882	232	26	65	400.52
-2.879793	2.115563	0.685730	32	252	24	400.51
-0.785398	0.733948	3.021411	273	282	75	400.50
-1.832596	2.456751	-1.503343	38	288	56	400.50
0.261799	1.391910	3.030322	266	272	7	400.49
-1.308997	2.404280	-0.174044	28	284	79	400.47
-2.617994	2.404280	-0.174044	283	41	1	400.45
-2.094395	1.756530	-2.105156	75	264	272	400.38
0.785398	2.073035	2.027405	237	29	83	400.35
1.047198	2.704512	1.488683	57	286	243	400.34
-2.094395	1.168678	2.108595	219	28	38	400.29
2.617994	2.478122	2.609777	6	266	83	400.25
-2.094395	1.504028	0.636812	22	232	25	400.25
-1.832596	2.393226	1.857173	8	32	88	400.23
-2.094395	2.407836	1.410646	292	16	88	400.20
-1.047198	0.418037	1.360082	285	8	59	400.17
2.094395	2.984978	1.954446	15	1	91	400.15
0.000000	2.407836	1.410646	273	29	98	400.11
-2.094395	1.904882	-1.478089	29	291	275	400.11
2.617994	0.496451	0.593859	9	45	66	400.08
-0.785398	0.899350	-2.069907	269	285	92	400.02
-2.879793	1.391910	3.030322	252	61	55	399.94
-1.832596	2.587733	0.232235	45	251	38	399.91
0.261799	0.203748	0.590255	271	273	87	399.88
1.832596	1.875281	0.107086	286	1	17	399.84
-1.832596	2.407836	1.410646	24	281	223	399.82
-2.356194	2.295480	1.008277	21	284	267	399.81
1.570796	1.766067	2.153843	230	282	65	399.75
0.261799	1.766067	2.153843	279	6	48	399.73
1.832596	1.433411	-1.035986	74	282	273	399.71
1.047198	0.458961	-0.107937	61	274	0	399.71
1.308997	2.164094	-2.991358	220	6	51	399.71
0.785398	0.458961	-0.107937	292	284	76	399.63
-2.617994	2.979456	-1.009304	49	7	231	399.62
1.832596	0.080730	-2.622036	262	27	87	399.62
-3.141593	0.864993	2.278281	292	3	44	399.61
-1.047198	2.247462	0.191623	23	9	74	399.61
-1.308997	1.128190	-2.288622	6	4	6	399.59
-2.879793	0.618092	2.539118	242	51	73	399.55
-2.356194	2.247462	0.191623	42	239	32	399.52
2.879793	1.998705	2.370472	1	5	56	399.51
1.308997	1.872854	1.543456	237	18	83	399.50
-1.832596	0.866955	-0.931351	256	49	85	399.49
-1.308997	1.510910	-0.740472	219	28	50	399.47
0.785398	1.135813	-2.658866	31	270	270	399.46
2.094395	0.571433	-1.188419	63	285	291	399.46
-2.356194	0.700570	1.559208	238	47	60	399.43
0.785398	0.290380	-0.796960	58	291	235	399.38
-2.617994	1.413430	2.550734	69	259	0	399.35
-2.356194	2.153910	-1.714959	26	269	37	399.34
1.832596	0.850607	-1.335383	66	280	286	399.34
-2.879793	0.685216	-1.712745	283	30	100	399.18
-2.094395	1.301460	-0.509251	292	35	16	399.16
1.570796	1.872854	1.543456	239	6	84	399.16
-1.570796	1.606104	-0.451151	225	44	35	399.06
-0.785398	0.992645	-1.723759	262	290	94	399.04
0.523599	1.569311	-3.003978	263	20	36	399.01
0.785398	0.685216	-1.712745	288	4	94	399.01
1.047198	1.014500	0.906702	284	35	45	399.00
-0.785398	0.297065	2.160177	48	11	259	398.97
-1.570796	1.545873	-1.877082	236	29	59	398.96
0.523599	2.407836	1.410646	268	22	97	398.95
0.261799	2.478122	2.609777	240	36	76	398.91
-2.094395	1.506530	1.988858	289	293	268	398.89
-2.094395	1.135834	-1.431087	15	16	22	398.89
-0.785398	1.135813	-2.658866	25	237	21	398.88
1.308997	2.033014	2.977192	47	28	21	398.88
2.879793	2.379497	0.561089	261	7	97	398.87
-2.094395	0.899350	-2.069907	257	25	95	398.87
2.094395	1.683268	0.374177	255	28	47	398.86
-0.523599	1.450119	-2.739050	23	219	20	398.86
1.308997	2.719179	-1.780644	233	34	64	398.79
-0.785398	0.929350	-2.910676	18	242	42	398.78
1.047198	1.310100	1.488307	223	43	52	398.71
2.617994	1.128190	-2.288622	62	2	4	398.70
-2.879793	1.450119	-2.739050	245	67	60	398.69
2.356194	1.662363	0.915448	241	281	75	398.66
-2.879793	0.370812	-2.547742	56	288	252	398.63
-0.523599	1.242974	-2.977882	271	267	60	398.59
1.832596	1.909857	-0.381669	222	39	54	398.54
-1.308997	2.863997	0.549740	279	290	99	398.52
0.523599	0.419640	2.974122	7	14	79	398.48
2.617994	2.138223	1.678323	44	3	283	398.46
-0.261799	0.615174	-0.666022	250	0	84	398.44
-2.094395	0.619654	-2.216909	269	11	99	398.43
0.523599	2.592629	0.909713	58	277	256	398.41
-2.879793	1.218453	2.777284	35	2	15	398.36
-0.523599	0.992645	-1.723759	21	259	25	398.24
-2.617994	0.618092	2.539118	234	39	71	398.18
0.785398	1.948085	-2.363031	9	285	33	398.11
1.570796	2.108018	1.311430	250	10	91	397.99
2.094395	2.592629	0.909713	44	5	274	397.96
-1.308997	0.700570	1.559208	223	288	55	397.93
2.094395	1.812176	0.656819	282	40	40	397.83
-3.141593	1.809167	1.213774	23	267	25	397.83
1.832596	2.073035	2.027405	261	285	78	397.81
-2.879793	1.574060	2.783565	266	50	46	397.77
1.047198	1.413430	2.550734	261	16	45	397.76
-2.617994	1.242974	-2.977882	1	23	29	397.74
-2.617994	0.929350	-2.910676	237	35	78	397.74
-2.879793	2.592629	0.909713	29	282	10	397.69
-2.617994	2.724429	-0.348782	263	272	83	397.68
2.617994	0.960688	-0.577532	236	2	0	397.67
-2.617994	1.846342	-1.796954	9	272	19	397.65
-1.832596	2.153910	-1.714959	79	267	293	397.63
0.000000	0.615174	-0.666022	48	8	257	397.57
2.356194	2.984978	1.954446	21	13	96	397.57
2.094395	2.664082	-1.071402	230	22	76	397.57
1.047198	2.760637	2.781135	244	290	83	397.54
-2.094395	2.063651	-2.044600	10	20	27	397.54
1.570796	2.592629	0.909713	41	289	45	397.53
2.617994	2.881233	-2.582574	288	280	72	397.53
1.832596	2.299159	2.264663	262	275	85	397.52
-2.879793	2.979456	-1.009304	264	277	89	397.50
-3.141593	2.719179	-1.780644	43	248	292	397.30
2.879793	1.242974	-2.977882	291	38	51	397.30
-2.617994	1.134497	-1.109631	27	265	264	397.28
-1.570796	2.295480	1.008277	59	277	44	397.24
-1.308997	0.700570	1.559208	82	26	267	397.23
-2.094395	0.910508	1.903534	227	31	53	397.23
-2.617994	2.592629	0.909713	33	276	34	397.21
-2.356194	0.290380	-0.796960	7	36	93	397.16
0.785398	0.458961	-0.107937	285	274	84	397.16
1.047198	1.977582	0.969896	250	42	86	397.12
-0.261799	2.704512	1.488683	275	9	85	397.12
1.832596	1.977582	0.969896	18	8	16	397.11
1.570796	1.599406	1.426070	227	10	71	397.08
0.523599	0.992645	-1.723759	41	263	275	396.95
-1.308997	2.724429	-0.348782	266	29	287	396.92
-2.094395	1.545873	-1.877082	68	260	261	396.92
-1.570796	1.214854	-1.966664	238	9	82	396.92
-1.047198	1.134497	-1.109631	238	14	83	396.89
2.094395	1.599406	1.426070	240	277	71	396.88
2.617994	2.247462	0.191623	11	3	0	396.86
1.047198	0.458961	-0.107937	1	273	85	396.81
1.308997	0.571433	-1.188419	283	292	94	396.74
1.570796	1.194549	-0.801900	66	281	271	396.73
1.047198	1.658653	-2.409879	13	287	40	396.73
1.047198	2.356369	3.005869	226	14	69	396.71
-2.879793	2.295480	1.008277	286	292	100	396.70
1.570796	0.866955	-0.931351	70	271	291	396.68
2.094395	1.554776	0.100351	274	35	35	396.68
-2.617994	0.866955	-0.931351	288	54	86	396.60
1.570796	2.247462	0.191623	252	49	87	396.57
-1.308997	0.850607	-1.335383	252	24	90	396.56
-3.141593	2.637879	2.121598	47	1	282	396.52
0.785398	0.906588	1.252948	267	44	39	396.51
1.308997	0.960688	-0.577532	272	41	12	396.49
-1.832596	0.618092	2.539118	246	7	76	396.49
-2.879793	2.295480	1.008277	286	0	100	396.45
-2.356194	1.195355	1.200319	256	32	44	396.35
-2.617994	1.872854	1.543456	9	287	72	396.29
-0.523599	1.128190	-2.288622	27	248	18	396.28
-2.356194	0.619654	-2.216909	268	17	99	396.26
1.308997	1.247695	1.809890	215	11	41	396.21
-2.617994	2.063651	-2.044600	64	229	286	396.20
-2.617994	1.214854	-1.966664	258	55	85	396.18
1.047198	2.153910	-1.714959	231	63	37	396.16
0.785398	1.135834	-1.431087	12	280	88	396.12
2.879793	1.135834	-1.431087	12	55	88	396.10
-2.617994	1.662363	0.915448	275	292	48	396.10
1.308997	1.335669	0.897240	72	270	286	396.09
0.785398	2.704512	1.488683	29	10	4	396.07
-1.570796	1.335669	0.897240	224	25	23	395.98
1.308997	1.756530	-2.105156	44	4	49	395.97
2.617994	2.089241	-0.114193	232	291	72	395.94
-2.879793	0.929350	-2.910676	243	46	77	395.88
-2.094395	1.869911	2.701025	276	36	44	395.87
-1.832596	1.904882	-1.478089	225	46	46	395.82
2.879793	0.733948	3.021411	260	61	78	395.80
-0.523599	0.419640	2.974122	288	0	81	395.79
-1.570796	2.587733	0.232235	40	265	274	395.79
2.356194	2.295480	1.008277	39	293	285	395.77
0.261799	1.450119	-2.739050	10	19	251	395.72
0.785398	2.592629	0.909713	54	280	241	395.71
2.617994	0.080730	-2.622036	255	19	94	395.69
0.000000	2.863997	0.549740	55	279	259	395.66
0.000000	0.615174	-0.666022	293	259	51	395.64
2.617994	2.108018	1.311430	283	32	51	395.63
1.570796	0.866955	-0.931351	71	268	0	395.58
1.832596	1.128190	-2.288622	21	45	82	395.57
0.523599	1.766067	2.153843	20	278	18	395.57
2.617994	1.242974	-2.977882	293	51	59	395.55
2.617994	0.640596	-2.797608	54	258	240	395.51
0.000000	2.863997	0.549740	10	3	94	395.50
-2.879793	1.506530	1.988858	48	256	15	395.44
1.832596	1.433411	-1.035986	278	27	18	395.38
-2.879793	1.809167	1.213774	274	7	55	395.38
0.785398	1.766067	2.153843	224	34	64	395.37
0.523599	2.863997	0.549740	49	287	248	395.36
2.879793	1.448123	-2.163292	285	69	63	395.35
-2.356194	0.419640	2.974122	244	11	88	395.33
2.879793	2.299159	2.264663	52	280	0	395.33
-0.785398	2.984978	1.954446	256	29	96	395.18
2.879793	0.733948	3.021411	262	60	79	395.15
2.094395	2.478122	2.609777	275	265	83	395.13
-1.832596	1.658653	-2.409879	220	16	55	395.12
-0.261799	0.496451	0.593859	250	274	74	395.09
0.785398	2.174483	2.653697	225	22	62	395.09
-1.832596	1.510910	-0.740472	235	59	53	395.06
-1.308997	1.510910	-0.740472	221	30	53	395.04
0.000000	2.760637	2.781135	249	33	75	395.04
-2.879793	1.506530	1.988858	289	9	52	394.96
1.308997	2.456751	-1.503343	228	49	58	394.95
-2.094395	1.413430	2.550734	234	29	43	394.91
-1.832596	0.619654	-2.216909	271	9	99	394.83
1.308997	2.579248	-2.364801	221	18	61	394.83
1.047198	1.977582	0.969896	251	41	85	394.82
1.832596	2.001437	0.381215	239	36	82	394.82
1.047198	1.658653	-2.409879	13	288	41	394.79
-2.617994	2.295480	1.008277	22	289	267	394.75
2.356194	2.379497	0.561089	257	21	98	394.74
2.356194	1.662363	0.915448	261	14	56	394.73
-2.094395	0.615174	-0.666022	280	54	90	394.69
1.308997	0.458961	-0.107937	18	28	229	394.57
1.047198	0.960688	-0.577532	278	43	12	394.51
-2.617994	0.733948	3.021411	236	34	78	394.39
0.523599	0.709924	0.218797	272	224	32	394.35
1.832596	1.599406	1.426070	232	289	71	394.33
0.261799	2.637879	2.121598	251	18	91	394.33
-1.308997	1.128190	-2.288622	247	283	81	394.31
-2.356194	1.135834	-1.431087	25	288	276	394.29
1.570796	2.001437	0.381215	241	43	81	394.26
2.356194	0.960688	-0.577532	248	15	7	394.26
-2.356194	0.992645	-1.723759	252	2	22	394.24
-3.141593	2.637879	2.121598	21	9	96	394.24
-2.094395	2.396274	-1.959260	227	45	14	394.19
-2.356194	1.574060	2.783565	254	40	46	394.17
-1.047198	1.135813	-2.658866	14	251	15	394.16
2.356194	2.073035	2.027405	276	267	83	394.10
1.570796	1.194549	-0.801900	282	30	20	394.05
2.094395	2.108018	1.311430	292	36	46	394.04
-3.141593	1.824694	1.850876	283	260	24	394.03
1.308997	2.041297	-2.664597	216	15	36	394.03
-3.141593	1.214854	-1.966664	278	65	85	394.01
-2.356194	1.335669	0.897240	246	59	27	394.00
2.356194	0.458961	-0.107937	0	37	52	393.98
0.785398	0.640596	-2.797608	9	17	86	393.95
-2.617994	1.134796	2.434290	54	269	3	393.95
-2.356194	2.587733	0.232235	2	57	271	393.92
-2.617994	0.571433	-1.188419	31	272	237	393.90
2.094395	2.760637	2.781135	59	291	255	393.86
0.785398	2.704512	1.488683	60	277	260	393.83
1.047198	2.881233	-2.582574	233	20	78	393.80
0.785398	1.195355	1.200319	64	252	293	393.75
-3.141593	0.618092	2.539118	259	47	75	393.72
0.785398	1.135834	-1.431087	7	276	85	393.71
-2.617994	1.488617	1.159546	248	18	283	393.69
1.570796	1.256302	0.062705	27	13	36	393.69
-0.785398	1.433411	-1.035986	231	289	67	393.57
1.047198	2.704512	1.488683	57	284	243	393.56
2.356194	1.135813	-2.658866	0	68	76	393.55
0.261799	1.391910	3.030322	250	46	28	393.54
-1.570796	0.619654	-2.216909	271	2	96	393.52
-2.356194	0.290380	-0.796960	6	36	93	393.50
1.832596	2.979456	-1.009304	56	268	242	393.49
-1.832596	1.846342	-1.796954	223	35	51	393.45
2.094395	1.872854	1.543456	289	258	43	393.45
2.879793	1.128190	-2.288622	281	67	84	393.44
0.785398	0.762244	-0.273349	289	280	289	393.41
-1.308997	0.992645	-1.723759	10	275	38	393.40
-1.570796	1.214854	-1.966664	242	14	85	393.35
1.308997	2.247462	0.191623	260	55	87	393.32
-0.523599	0.929350	-2.910676	32	29	227	393.27
0.523599	2.407836	1.410646	269	22	96	393.24
1.832596	1.875281	0.107086	227	35	69	393.16
2.879793	1.448123	-2.163292	292	59	54	393.13
-0.785398	0.203748	0.590255	244	12	87	393.13
1.047198	2.108018	1.311430	255	32	95	393.09
2.617994	2.704512	1.488683	52	282	41	393.06
-1.570796	2.455966	-0.641220	30	275	71	392.99
0.523599	1.168678	2.108595	228	56	31	392.98
-1.047198	1.194549	-0.801900	226	16	69	392.97
-2.356194	2.979456	-1.009304	46	254	7	392.94
1.047198	1.872854	1.543456	239	31	84	392.93
1.832596	0.674054	1.013609	274	32	46	392.92
-1.570796	1.014500	0.906702	218	35	40	392.89
1.308997	2.174483	2.653697	240	2	66	392.86
-2.879793	0.591903	2.010408	250	56	69	392.75
-2.879793	1.662363	0.915448	292	259	75	392.74
0.000000	1.242974	-2.977882	7	268	66	392.74
-3.141593	2.379497	0.561089	14	47	273	392.71
2.617994	2.704512	1.488683	47	288	18	392.70
0.785398	2.138223	1.678323	249	31	92	392.69
1.832596	2.704512	1.488683	52	2	254	392.66
1.308997	0.419640	2.974122	8	39	86	392.63
-2.617994	2.863997	0.549740	22	277	28	392.61
1.832596	2.187132	-0.479875	228	41	66	392.48
2.094395	0.709924	0.218797	34	27	65	392.46
2.094395	2.001437	0.381215	236	21	82	392.39
2.356194	0.733948	3.021411	285	50	75	392.38
1.047198	0.929350	-2.910676	23	17	78	392.33
-2.356194	0.914445	2.687814	223	31	61	392.33
-1.308997	1.510910	-0.740472	218	28	48	392.26
-1.832596	1.696674	-1.253233	231	51	57	392.25
0.785398	0.458961	-0.107937	39	37	225	392.16
-2.879793	1.413430	2.550734	5	5	43	392.14
2.094395	2.343981	-1.040456	221	16	60	392.14
-1.832596	1.904882	-1.478089	222	41	43	392.09
1.832596	1.683268	0.374177	78	281	271	392.08
1.308997	0.458961	-0.107937	59	288	286	392.07
-2.356194	0.640596	-2.797608	259	21	89	392.02
0.261799	1.218453	2.777284	268	11	45	392.00
2.617994	2.073035	2.027405	37	4	10	391.88
1.832596	2.295480	1.008277	292	276	240	391.87
-0.523599	2.299159	2.264663	272	49	74	391.85
0.261799	0.290380	-0.796960	262	0	82	391.84
-0.261799	0.458961	-0.107937	246	1	86	391.79
1.047198	1.025536	1.576859	257	33	43	391.78
1.832596	2.138223	1.678323	246	249	55	391.68
1.832596	2.295480	1.008277	22	280	45	391.62
-1.832596	1.194549	-0.801900	241	56	70	391.62
2.356194	1.374601	-2.456031	10	62	64	391.62
2.617994	2.073035	2.027405	44	248	18	391.62
-0.261799	1.135813	-2.658866	280	271	65	391.58
-2.094395	1.413430	2.550734	233	26	43	391.55
0.523599	1.555207	1.708892	238	62	64	391.55
2.617994	0.203748	0.590255	18	39	84	391.54
2.617994	2.089241	-0.114193	233	293	72	391.51
1.832596	1.555207	1.708892	233	281	64	391.42
0.523599	2.138223	1.678323	253	38	92	391.35
-0.261799	0.762244	-0.273349	281	252	38	391.34
-1.570796	2.664082	-1.071402	37	281	75	391.34
-2.879793	0.640596	-2.797608	251	31	90	391.33
2.094395	1.872854	1.543456	78	14	233	391.32
-1.570796	1.194549	-0.801900	233	43	68	391.30
2.879793	0.615174	-0.666022	26	33	91	391.30
1.047198	0.960688	-0.577532	277	43	12	391.27
0.000000	0.899350	-2.069907	36	260	16	391.23
-2.617994	1.195355	1.200319	254	291	9	391.17
0.785398	2.356369	3.005869	226	30	68	391.15
2.094395	2.138223	1.678323	64	10	231	391.10
-2.094395	0.914445	2.687814	226	20	65	391.03
1.570796	1.335669	0.897240	218	26	52	391.01
-2.879793	0.080730	-2.622036	56	293	255	391.00
2.094395	1.977582	0.969896	270	25	62	390.97
2.879793	2.115563	0.685730	261	288	92	390.95
2.879793	2.138223	1.678323	43	287	291	390.93
-3.141593	2.299159	2.264663	51	286	2	390.91
-3.141593	2.295480	1.008277	280	293	100	390.90
2.356194	2.724429	-0.348782	242	26	84	390.89
2.617994	2.393226	1.857173	36	14	213	390.87
-1.570796	0.619654	-2.216909	272	1	95	390.85
0.523599	1.134796	2.434290	225	48	19	390.79
-0.523599	2.863997	0.549740	52	272	261	390.79
2.879793	0.290380	-0.796960	38	9	277	390.75
0.261799	1.134796	2.434290	255	53	32	390.67
-1.047198	0.674054	1.013609	227	0	61	390.64
-1.832596	2.407836	1.410646	3	19	95	390.63
-2.879793	0.992645	-1.723759	278	47	94	390.56
1.570796	2.251330	-2.330739	53	38	19	390.56
-2.356194	1.488617	1.159546	257	22	36	390.55
-2.094395	2.664082	-1.071402	252	64	289	390.52
0.523599	0.866955	-0.931351	274	273	85	390.39
2.094395	0.709924	0.218797	290	36	43	390.37
-0.785398	0.370812	-2.547742	26	287	273	390.34
-2.356194	2.089241	-0.114193	268	52	7	390.32
1.570796	1.555207	1.708892	226	2	64	390.30
2.356194	1.809167	1.213774	271	14	61	390.26
-2.356194	2.456751	-1.503343	24	258	59	390.26
0.261799	1.574060	2.783565	287	23	2	390.24
2.617994	1.135834	-1.431087	20	49	87	390.24
-1.308997	0.866395	-2.492918	261	280	86	390.22
-2.094395	2.404280	-0.174044	274	36	1	390.18
2.356194	0.899350	-2.069907	293	43	93	390.15
0.785398	1.948085	-2.363031	227	14	285	390.13
-3.141593	1.977582	0.969896	28	4	271	390.12
0.785398	2.478122	2.609777	234	14	81	390.02
2.879793	2.478122	2.609777	18	271	83	390.02
0.523599	2.579248	-2.364801	242	62	65	390.01
-1.308997	0.831641	0.616218	221	28	56	389.97
2.617994	2.001437	0.381215	16	272	2	389.95
-0.523599	1.325504	-1.671296	9	44	4	389.93
1.570796	2.115563	0.685730	240	286	33	389.93
1.832596	2.587733	0.232235	266	44	96	389.86
0.785398	1.948085	-2.363031	9	284	33	389.86
1.047198	0.762244	-0.273349	273	53	9	389.85
2.094395	2.407836	1.410646	53	6	261	389.85
0.523599	2.393226	1.857173	253	20	90	389.80
2.356194	2.001437	0.381215	6	45	11	389.78
2.094395	1.135834	-1.431087	28	26	82	389.75
0.785398	1.247695	1.809890	222	51	43	389.73
-2.094395	2.979456	-1.009304	48	286	246	389.72
-1.308997	1.732874	-0.951685	217	23	42	389.71
-2.617994	0.379747	-1.713059	291	11	101	389.69
-1.570796	0.418037	1.360082	232	21	75	389.66
-3.141593	0.618092	2.539118	258	52	76	389.66
-1.570796	2.587733	0.232235	52	258	17	389.60
-1.570796	2.180315	-1.357379	23	10	35	389.52
-2.879793	2.863997	0.549740	256	269	262	389.51
0.523599	0.458961	-0.107937	7	58	291	389.51
2.617994	0.370812	-2.547742	260	28	91	389.48
-3.141593	0.290380	-0.796960	13	17	93	389.45
-1.570796	1.433411	-1.035986	228	39	65	389.42
-3.141593	2.001437	0.381215	260	273	82	389.36
1.308997	0.906588	1.252948	86	266	9	389.35
2.879793	0.370812	-2.547742	261	23	97	389.35
-3.141593	1.809167	1.213774	33	270	1	389.30
-1.832596	0.674054	1.013609	233	28	55	389.23
-1.570796	1.194549	-0.801900	233	44	69	389.21
0.000000	0.458961	-0.107937	33	271	12	389.19
-1.308997	1.301460	-0.509251	223	34	59	389.14
-0.261799	0.899350	-2.069907	274	247	57	389.13
1.308997	2.588535	-2.976617	228	293	70	389.10
-2.879793	0.290380	-0.796960	14	23	93	389.08
1.308997	0.379747	-1.713059	275	11	91	389.04
2.356194	2.664082	-1.071402	36	41	288	388.99
0.000000	0.619654	-2.216909	290	7	94	388.94
-1.308997	2.704512	1.488683	20	290	61	388.78
-2.094395	1.869911	2.701025	268	36	41	388.78
2.879793	1.135813	-2.658866	287	44	58	388.75
0.000000	2.984978	1.954446	257	293	90	388.74
1.308997	1.756530	-2.105156	50	14	52	388.73
1.308997	2.073035	2.027405	84	289	243	388.71
-3.141593	2.138223	1.678323	40	289	288	388.71
-2.356194	2.863997	0.549740	261	8	89	388.70
-2.617994	1.812176	0.656819	1	261	80	388.69
1.047198	1.014500	0.906702	231	62	34	388.66
0.261799	2.863997	0.549740	14	11	99	388.64
1.832596	2.881233	-2.582574	18	42	285	388.62
0.261799	2.295480	1.008277	48	259	226	388.59
0.523599	0.203748	0.590255	282	271	87	388.58
1.047198	1.977582	0.969896	257	38	77	388.55
0.785398	2.637879	2.121598	59	269	266	388.55
-1.832596	2.592629	0.909713	27	270	267	388.51
1.047198	2.174483	2.653697	225	7	62	388.49
0.785398	1.658653	-2.409879	0	2	278	388.48
1.832596	1.128190	-2.288622	22	45	84	388.45
-1.832596	2.724429	-0.348782	3	271	89	388.42
1.047198	2.719179	-1.780644	239	52	72	388.35
-2.617994	2.295480	1.008277	291	1	100	388.28
2.617994	2.637879	2.121598	12	290	96	388.28
2.356194	2.393226	1.857173	49	12	236	388.24
1.832596	2.984978	1.954446	56	289	261	388.24
0.785398	1.658653	-2.409879	264	16	27	388.16
1.570796	2.115563	0.685730	249	32	88	388.11
-1.047198	1.448123	-2.163292	280	259	29	388.08
-2.356194	2.396274	-1.959260	235	59	14	388.06
1.308997	2.164094	-2.991358	14	9	29	388.05
2.094395	2.404280	-0.174044	242	25	63	388.04
0.261799	0.866955	-0.931351	36	284	278	388.00
-1.832596	1.335669	0.897240	251	18	36	387.91
-1.047198	1.696674	-1.253233	222	293	54	387.86
2.879793	1.812176	0.656819	276	41	31	387.83
-2.094395	1.168678	2.108595	216	282	6	387.82
-2.356194	0.571433	-1.188419	286	37	95	387.80
1.570796	0.290380	-0.796960	284	288	95	387.80
1.308997	2.719179	-1.780644	233	42	73	387.79
-2.617994	2.108018	1.311430	61	257	42	387.79
1.047198	1.699788	2.452890	216	14	49	387.78
1.308997	1.247695	1.809890	237	22	44	387.69
-2.879793	2.979456	-1.009304	264	278	89	387.64
2.356194	0.960688	-0.577532	246	15	6	387.59
2.879793	2.407836	1.410646	43	269	37	387.58
-1.308997	1.617114	-1.572037	54	7	282	387.58
-2.356194	2.724429	-0.348782	38	262	278	387.54
1.047198	2.588535	-2.976617	229	18	74	387.54
0.785398	1.569311	-3.003978	229	33	21	387.50
-2.879793	2.138223	1.678323	37	289	287	387.50
-2.879793	1.310100	1.488307	28	270	13	387.47
-2.094395	0.297065	2.160177	240	20	84	387.46
-1.832596	1.617114	-1.572037	230	41	65	387.38
1.570796	2.760637	2.781135	15	28	9	387.37
1.832596	0.379747	-1.713059	273	13	96	387.34
2.094395	1.809167	1.213774	255	6	74	387.30
0.785398	2.588535	-2.976617	226	29	70	387.28
-1.570796	1.128190	-2.288622	243	4	85	387.18
2.617994	1.683268	0.374177	235	279	66	387.14
-2.617994	2.001437	0.381215	273	46	9	387.07
-1.832596	2.456751	-1.503343	26	2	48	387.04
2.094395	0.080730	-2.622036	258	33	94	387.03
0.523599	1.766067	2.153843	229	46	61	387.02
0.523599	0.458961	-0.107937	45	290	292	386.99
-1.308997	2.379497	0.561089	262	14	287	386.99
-2.094395	2.247462	0.191623	49	251	12	386.96
-2.094395	1.325504	-1.671296	245	46	81	386.93
2.094395	2.379497	0.561089	259	28	98	386.91
1.047198	2.349581	-2.702517	220	31	56	386.88
-2.356194	1.488617	1.159546	258	21	36	386.84
2.879793	1.450119	-2.739050	44	4	4	386.84
2.356194	0.899350	-2.069907	292	42	90	386.84
-2.094395	1.506530	1.988858	266	24	49	386.81
0.785398	2.073035	2.027405	237	27	83	386.81
-1.308997	0.080730	-2.622036	49	273	55	386.70
1.047198	1.870545	-2.976234	93	288	282	386.69
-2.617994	2.863997	0.549740	247	277	61	386.61
1.832596	2.984978	1.954446	12	288	91	386.55
-0.261799	0.619654	-2.216909	288	5	95	386.54
-2.617994	0.080730	-2.622036	271	284	94	386.53
2.356194	1.872854	1.543456	2	43	39	386.51
0.523599	1.413430	2.550734	221	49	28	386.51
1.570796	1.606104	-0.451151	226	55	35	386.43
0.785398	2.393226	1.857173	237	268	49	386.41
1.832596	2.587733	0.232235	266	45	96	386.40
1.308997	1.195355	1.200319	270	36	47	386.35
-2.356194	1.662363	0.915448	18	267	72	386.30
0.000000	0.615174	-0.666022	255	0	91	386.20
0.523599	2.295480	1.008277	60	271	254	386.18
-2.617994	0.910508	1.903534	72	245	280	386.06
-2.094395	2.724429	-0.348782	266	12	245	386.06
-1.047198	0.203748	0.590255	242	16	82	386.04
-2.879793	0.618092	2.539118	244	50	75	386.02
1.570796	1.824694	1.850876	234	291	76	385.96
2.617994	0.850607	-1.335383	15	33	96	385.96
-2.356194	1.599406	1.426070	23	283	65	385.96
1.570796	1.662363	0.915448	230	29	75	385.93
2.879793	2.637879	2.121598	57	273	19	385.86
-1.570796	1.696674	-1.253233	82	261	272	385.83
2.617994	1.325504	-1.671296	15	54	71	385.82
1.308997	2.588535	-2.976617	31	31	292	385.76
2.094395	0.379747	-1.713059	274	10	96	385.68
1.570796	1.417623	-0.202254	224	51	26	385.64
2.094395	2.247462	0.191623	242	30	87	385.62
0.523599	2.393226	1.857173	254	23	96	385.57
-2.617994	1.555207	1.708892	15	244	25	385.51
-0.523599	0.899350	-2.069907	275	283	92	385.50
1.308997	2.033014	2.977192	14	11	34	385.50
2.879793	2.138223	1.678323	40	4	282	385.47
0.785398	2.588535	-2.976617	226	28	69	385.41
-1.047198	1.135834	-1.431087	244	6	86	385.40
0.785398	1.766067	2.153843	223	31	60	385.38
0.785398	2.637879	2.121598	255	1	89	385.38
-1.570796	0.418037	1.360082	232	20	75	385.34
2.617994	0.866395	-2.492918	55	292	18	385.22
-1.832596	1.904882	-1.478089	76	262	281	385.18
2.879793	2.724429	-0.348782	245	9	89	385.18
-2.879793	2.073035	2.027405	16	286	75	385.15
1.570796	2.637879	2.121598	62	286	261	385.12
1.570796	2.984978	1.954446	6	283	91	385.06
-2.356194	1.195355	1.200319	262	19	46	384.98
2.879793	2.637879	2.121598	51	292	284	384.90
0.785398	0.615174	-0.666022	292	23	15	384.86
1.308997	1.766067	2.153843	225	5	64	384.84
1.570796	2.719179	-1.780644	228	25	73	384.82
2.617994	0.203748	0.590255	234	249	241	384.80
1.832596	1.599406	1.426070	241	4	67	384.75
0.261799	0.458961	-0.107937	257	274	81	384.67
-1.832596	1.014500	0.906702	226	46	42	384.64
1.832596	1.683268	0.374177	225	29	66	384.63
-2.617994	1.812176	0.656819	49	233	24	384.60
-0.785398	0.370812	-2.547742	1	4	95	384.57
-0.523599	0.733948	3.021411	280	282	74	384.49
-1.308997	1.128190	-2.288622	248	282	81	384.49
0.785398	0.762244	-0.273349	9	285	60	384.49
-3.141593	0.571433	-1.188419	10	29	98	384.48
2.356194	1.812176	0.656819	247	9	69	384.47
-1.832596	1.135834	-1.431087	244	38	82	384.42
-2.356194	1.756530	-2.105156	68	253	272	384.37
-1.047198	0.674054	1.013609	21	28	31	384.36
-1.047198	0.899350	-2.069907	19	267	26	384.35
0.261799	2.478122	2.609777	261	16	52	384.34
1.570796	0.458961	-0.107937	275	43	17	384.34
2.617994	2.108018	1.311430	43	12	266	384.34
-3.141593	0.960688	-0.577532	16	56	71	384.34
-0.785398	1.134497	-1.109631	241	3	83	384.32
-2.879793	0.591903	2.010408	249	57	68	384.32
-1.570796	2.455966	-0.641220	281	13	12	384.24
2.094395	2.664082	-1.071402	230	23	76	384.23
-1.570796	2.153910	-1.714959	8	24	26	384.19
-2.094395	2.247462	0.191623	53	241	31	384.18
-1.308997	0.866395	-2.492918	260	281	87	384.13
-1.832596	2.588535	-2.976617	225	254	246	384.13
0.785398	2.138223	1.678323	250	32	92	384.09
1.308997	1.256302	0.062705	24	246	5	384.09
-3.141593	1.488617	1.159546	273	24	49	384.07
1.832596	2.073035	2.027405	257	281	81	384.07
-2.094395	0.419640	2.974122	61	293	260	383.97
-1.832596	0.899350	-2.069907	256	18	95	383.85
-2.094395	1.846342	-1.796954	228	51	51	383.80
0.785398	1.555207	1.708892	26	286	21	383.77
1.570796	0.290380	-0.796960	284	287	96	383.73
-0.785398	1.214854	-1.966664	13	255	18	383.71
1.308997	2.164094	-2.991358	219	6	51	383.66
-2.879793	0.618092	2.539118	241	51	72	383.64
2.094395	0.992645	-1.723759	14	31	88	383.62
1.570796	0.960688	-0.577532	284	31	22	383.56
1.308997	0.762244	-0.273349	66	277	285	383.55
-2.094395	1.662363	0.915448	255	16	29	383.44
-2.094395	2.724429	-0.348782	41	279	248	383.40
2.094395	2.704512	1.488683	48	6	255	383.35
-2.094395	0.379747	-1.713059	289	14	98	383.34
-1.832596	1.335669	0.897240	12	4	48	383.27
1.047198	2.592629	0.909713	287	24	100	383.26
1.308997	1.247695	1.809890	288	26	53	383.26
2.356194	2.664082	-1.071402	35	41	288	383.22
-1.308997	1.135834	-1.431087	241	16	84	383.19
-1.570796	1.658653	-2.409879	223	0	55	383.09
0.785398	2.041297	-2.664597	222	48	36	383.08
1.308997	1.367556	0.358405	228	58	45	383.06
2.094395	0.458961	-0.107937	283	35	36	383.03
2.356194	2.115563	0.685730	250	7	92	383.02
2.094395	2.979456	-1.009304	245	31	89	383.02
0.261799	1.699788	2.452890	273	7	46	382.99
1.047198	1.014500	0.906702	29	280	42	382.97
-2.094395	1.134796	2.434290	220	23	48	382.86
-3.141593	1.135813	-2.658866	257	63	77	382.85
-2.356194	0.850607	-1.335383	278	47	96	382.85
1.308997	1.998705	2.370472	229	292	70	382.82
2.356194	0.496451	0.593859	4	43	59	382.71
0.785398	2.295480	1.008277	270	35	97	382.67
1.570796	1.184361	0.625864	217	34	39	382.66
-1.570796	2.379497	0.561089	58	261	39	382.65
-2.879793	0.591903	2.010408	253	53	70	382.65
1.308997	2.407836	1.410646	63	285	262	382.62
-0.785398	1.433411	-1.035986	33	38	9	382.61
-1.047198	1.413347	-1.339188	230	1	69	382.48
-1.832596	0.591903	2.010408	224	12	66	382.47
1.047198	2.984978	1.954446	285	281	96	382.47
2.617994	1.214854	-1.966664	65	7	293	382.45
1.570796	2.247462	0.191623	252	44	78	382.36
-1.570796	1.413347	-1.339188	228	30	67	382.26
-2.094395	2.664082	-1.071402	59	255	290	382.23
-0.785398	1.214854	-1.966664	9	290	285	382.20
-2.356194	1.488617	1.159546	9	9	267	382.18
0.785398	1.574060	2.783565	216	33	31	382.11
2.617994	0.992645	-1.723759	64	3	0	382.10
-2.094395	0.419640	2.974122	247	0	87	382.09
1.832596	1.488617	1.159546	226	2	66	382.05
-1.570796	0.619654	-2.216909	16	278	59	382.03
-2.094395	2.455966	-0.641220	269	284	265	382.03
1.570796	2.251330	-2.330739	26	15	21	381.92
2.617994	0.960688	-0.577532	20	42	61	381.92
-1.832596	1.025536	1.576859	234	20	47	381.83
2.879793	0.733948	3.021411	22	16	39	381.83
-1.570796	1.325504	-1.671296	233	19	78	381.78
-1.308997	1.045978	0.343692	289	7	37	381.70
2.879793	0.899350	-2.069907	283	50	95	381.70
0.261799	1.218453	2.777284	284	32	252	381.68
-0.261799	1.128190	-2.288622	25	263	291	381.63
2.879793	1.128190	-2.288622	278	63	85	381.60
0.523599	1.506530	1.988858	21	277	25	381.57
2.879793	0.080730	-2.622036	256	12	94	381.53
-2.356194	2.587733	0.232235	29	269	281	381.37
2.879793	1.809167	1.213774	17	268	25	381.30
-1.570796	0.418037	1.360082	4	15	45	381.27
-2.879793	1.662363	0.915448	278	292	56	381.19
-2.094395	2.404280	-0.174044	260	6	256	381.12
-3.141593	2.393226	1.857173	277	38	37	381.00
1.308997	1.599406	1.426070	228	26	71	380.97
-1.832596	2.455966	-0.641220	280	12	10	380.85
2.617994	2.073035	2.027405	45	29	236	380.83
1.047198	2.295480	1.008277	63	279	249	380.82
-2.617994	1.872854	1.543456	6	291	70	380.81
1.047198	0.762244	-0.273349	48	256	29	380.81
-0.785398	1.617114	-1.572037	284	25	18	380.81
1.047198	2.073035	2.027405	234	11	77	380.78
1.832596	2.588535	-2.976617	58	16	259	380.78
0.261799	1.325504	-1.671296	22	18	263	380.73
2.879793	0.960688	-0.577532	23	48	70	380.68
1.570796	1.506530	1.988858	10	27	48	380.61
2.094395	1.872854	1.543456	258	288	78	380.55
1.832596	2.108018	1.311430	289	288	265	380.52
0.000000	2.379497	0.561089	12	39	98	380.44
2.617994	0.619654	-2.216909	278	38	99	380.39
1.570796	1.256302	0.062705	221	49	29	380.38
-2.879793	2.247462	0.191623	265	276	87	380.36
2.356194	2.979456	-1.009304	229	270	37	380.35
1.047198	2.108018	1.311430	255	31	95	380.29
2.879793	0.992645	-1.723759	1	51	94	380.27
-1.308997	1.014500	0.906702	20	16	40	380.10
0.523599	0.866955	-0.931351	278	276	90	380.09
1.308997	2.881233	-2.582574	26	28	284	380.08
1.570796	2.356369	3.005869	246	286	64	380.04
-1.570796	2.587733	0.232235	38	269	261	379.86
-2.879793	2.108018	1.311430	31	288	284	379.81
-2.879793	2.247462	0.191623	265	275	87	379.79
-2.356194	1.599406	1.426070	238	45	9	379.77
1.047198	2.041297	-2.664597	217	33	36	379.76
0.261799	1.574060	2.783565	287	24	2	379.74
-2.356194	0.910508	1.903534	227	3	18	379.73
1.832596	1.367556	0.358405	217	26	47	379.63
-2.617994	1.325504	-1.671296	263	63	81	379.56
-0.261799	1.128190	-2.288622	274	274	68	379.53
0.785398	0.290380	-0.796960	261	292	92	379.50
1.832596	2.115563	0.685730	249	28	92	379.49
-2.617994	0.379747	-1.713059	45	4	7	379.42
1.047198	2.073035	2.027405	85	278	243	379.40
2.617994	2.115563	0.685730	255	0	92	379.39
-2.094395	2.979456	-1.009304	265	55	275	379.39
0.523599	0.866955	-0.931351	38	267	2	379.33
2.879793	2.587733	0.232235	15	276	30	379.31
2.356194	0.080730	-2.622036	250	24	91	379.16
2.879793	1.374601	-2.456031	277	76	70	379.15
-0.785398	1.413347	-1.339188	237	283	72	379.07
-2.356194	0.685216	-1.712745	278	29	101	379.06
1.308997	0.379747	-1.713059	52	276	241	379.03
-2.356194	1.050534	3.042579	248	38	67	378.98
-2.879793	2.108018	1.311430	267	27	38	378.98
1.047198	0.290380	-0.796960	270	292	96	378.93
1.832596	2.704512	1.488683	293	5	96	378.87
0.785398	1.195355	1.200319	27	271	31	378.87
-2.617994	0.733948	3.021411	235	33	77	378.83
-3.141593	2.295480	1.008277	34	266	34	378.81
1.308997	2.104282	-0.813972	238	68	51	378.76
-2.617994	2.407836	1.410646	0	9	93	378.71
1.047198	2.393226	1.857173	254	4	91	378.65
-1.832596	0.618092	2.539118	233	293	73	378.59
1.570796	0.571433	-1.188419	62	267	10	378.47
-1.832596	0.297065	2.160177	238	4	80	378.39
-2.617994	0.297065	2.160177	242	37	80	378.29
-1.047198	2.404280	-0.174044	33	2	80	378.20
-3.141593	1.488617	1.159546	275	14	51	378.09
-2.094395	0.618092	2.539118	283	25	60	378.09
2.617994	2.115563	0.685730	14	263	28	378.07
2.617994	2.404280	-0.174044	89	5	231	377.96
2.879793	2.393226	1.857173	46	287	6	377.92
1.047198	2.881233	-2.582574	232	21	80	377.88
2.094395	2.760637	2.781135	29	20	2	377.85
1.047198	2.592629	0.909713	285	25	99	377.64
2.879793	0.290380	-0.796960	53	285	55	377.50
0.261799	2.587733	0.232235	11	37	93	377.49
1.570796	2.588535	-2.976617	62	7	259	377.48
1.570796	2.356369	3.005869	23	24	21	377.47
-2.879793	2.724429	-0.348782	28	263	276	377.33
1.047198	1.113094	-0.272241	18	261	62	377.31
0.785398	1.025536	1.576859	91	238	275	377.20
-0.261799	2.587733	0.232235	69	284	28	377.17
-1.308997	0.297065	2.160177	27	282	27	377.14
1.047198	1.870545	-2.976234	212	21	29	377.12
1.570796	1.824694	1.850876	235	291	76	377.10
-2.094395	1.662363	0.915448	24	282	70	377.08
0.261799	1.325504	-1.671296	282	13	22	377.08
2.879793	1.812176	0.656819	257	273	79	376.98
-2.094395	0.685216	-1.712745	32	291	38	376.93
2.356194	2.760637	2.781135	52	9	248	376.92
-0.785398	1.135834	-1.431087	251	293	88	376.82
1.832596	0.850607	-1.335383	70	275	5	376.79
2.356194	1.683268	0.374177	289	45	28	376.72
2.094395	2.343981	-1.040456	31	29	8	376.65
-2.879793	0.864993	2.278281	3	1	37	376.65
2.617994	1.824694	1.850876	282	271	72	376.63
1.308997	1.824694	1.850876	230	9	76	376.43
0.785398	2.033014	2.977192	221	35	53	376.42
-2.617994	0.297065	2.160177	246	32	80	376.34
1.308997	2.108018	1.311430	249	19	91	376.34
-2.356194	1.135834	-1.431087	24	289	277	376.33
-1.047198	1.413347	-1.339188	288	266	12	376.32
-2.617994	2.979456	-1.009304	276	12	243	376.27
-0.785398	0.418037	1.360082	243	272	69	376.26
1.832596	2.984978	1.954446	10	289	91	376.23
-2.356194	2.295480	1.008277	292	291	94	376.23
0.261799	1.325504	-1.671296	3	268	81	376.20
1.570796	2.138223	1.678323	75	1	235	376.16
2.094395	2.979456	-1.009304	245	32	89	376.14
-1.308997	1.325504	-1.671296	234	6	74	376.08
-0.523599	1.214854	-1.966664	18	259	292	376.06
-1.308997	1.756530	-2.105156	216	257	14	375.98
0.785398	1.870545	-2.976234	55	3	27	375.98
2.617994	2.455966	-0.641220	22	42	293	375.95
1.047198	1.998705	2.370472	44	21	8	375.94
2.356194	2.637879	2.121598	5	286	95	375.83
-1.308997	1.545873	-1.877082	227	291	65	375.82
-2.617994	1.662363	0.915448	282	286	55	375.80
1.047198	2.073035	2.027405	236	16	83	375.69
2.356194	2.138223	1.678323	26	45	261	375.66
1.570796	2.760637	2.781135	15	27	10	375.62
1.570796	2.073035	2.027405	80	6	243	375.62
-1.047198	1.214854	-1.966664	8	261	21	375.62
1.308997	0.290380	-0.796960	51	3	244	375.55
0.000000	2.478122	2.609777	253	38	68	375.54
-0.261799	0.762244	-0.273349	244	278	70	375.52
-1.832596	2.455966	-0.641220	71	240	14	375.52
1.308997	2.295480	1.008277	63	285	249	375.48
1.570796	1.195355	1.200319	265	31	47	375.45
-2.879793	2.863997	0.549740	261	23	98	375.44
-1.832596	1.194549	-0.801900	244	56	73	375.42
-2.879793	1.809167	1.213774	51	243	21	375.34
-2.356194	1.335669	0.897240	18	226	18	375.34
0.261799	0.615174	-0.666022	20	55	277	375.31
-1.308997	0.685216	-1.712745	23	284	27	375.28
2.617994	0.379747	-1.713059	285	276	6	375.24
1.832596	2.108018	1.311430	256	7	95	375.23
1.308997	2.356369	3.005869	239	4	64	375.14
0.523599	2.164094	-2.991358	229	55	51	375.12
-1.832596	0.700570	1.559208	21	18	32	375.11
-2.617994	0.419640	2.974122	242	20	85	375.08
1.047198	0.290380	-0.796960	281	276	76	374.91
1.047198	2.579248	-2.364801	49	13	293	374.84
2.094395	2.001437	0.381215	236	22	82	374.81
-0.523599	0.929350	-2.910676	35	253	17	374.79
2.617994	2.724429	-0.348782	241	14	83	374.71
1.047198	2.588535	-2.976617	226	14	71	374.64
-1.570796	0.700570	1.559208	223	14	59	374.62
-2.617994	0.640596	-2.797608	248	21	90	374.51
1.832596	1.555207	1.708892	291	28	52	374.50
-1.047198	2.863997	0.549740	46	263	269	374.42
-1.308997	0.203748	0.590255	246	21	80	374.36
0.523599	1.736875	3.023612	222	50	32	374.36
-2.094395	2.396274	-1.959260	36	290	50	374.29
1.832596	2.881233	-2.582574	71	7	229	374.29
-2.094395	0.864993	2.278281	218	24	55	374.25
2.356194	1.135834	-1.431087	26	39	88	374.14
1.308997	2.881233	-2.582574	237	12	83	374.13
-1.832596	0.674054	1.013609	231	33	59	374.11
-3.141593	2.979456	-1.009304	256	285	89	374.10
1.308997	2.349581	-2.702517	219	13	56	374.06
0.785398	1.998705	2.370472	228	32	70	374.00
-3.141593	2.295480	1.008277	34	264	33	373.99
-1.047198	1.696674	-1.253233	221	293	53	373.98
1.570796	1.014500	0.906702	265	37	40	373.90
1.570796	2.108018	1.311430	250	10	92	373.88
1.570796	2.138223	1.678323	240	257	55	373.87
0.523599	0.571433	-1.188419	273	288	85	373.84
1.570796	1.599406	1.426070	228	11	71	373.84
2.879793	2.587733	0.232235	15	277	30	373.82
-2.617994	1.135834	-1.431087	273	52	70	373.58
2.356194	2.760637	2.781135	277	46	279	373.49
-0.523599	1.214854	-1.966664	21	248	17	373.44
1.308997	2.295480	1.008277	264	26	95	373.23
-1.832596	0.418037	1.360082	42	284	292	373.10
1.308997	2.704512	1.488683	46	273	30	373.10
0.261799	1.413430	2.550734	254	52	40	373.03
1.308997	1.184361	0.625864	227	55	42	373.02
1.308997	0.906588	1.252948	273	30	46	372.89
-2.879793	0.866955	-0.931351	56	22	37	372.86
0.523599	1.870545	-2.976234	229	10	0	372.81
2.879793	0.640596	-2.797608	259	45	88	372.79
-2.094395	2.396274	-1.959260	2	25	25	372.74
1.308997	2.592629	0.909713	284	25	99	372.69
2.617994	0.615174	-0.666022	14	280	53	372.68
-0.785398	0.709924	0.218797	229	0	63	372.65
1.047198	2.299159	2.264663	57	286	274	372.59
0.000000	2.984978	1.954446	59	1	217	372.50
-2.617994	2.247462	0.191623	31	238	35	372.41
-1.570796	1.433411	-1.035986	226	39	61	372.36
-1.308997	1.904882	-1.478089	7	27	21	372.32
-1.832596	0.297065	2.160177	237	4	77	372.32
-1.832596	0.910508	1.903534	222	271	18	372.32
1.570796	1.824694	1.850876	4	24	49	372.30
2.879793	0.899350	-2.069907	280	46	95	372.21
2.356194	1.812176	0.656819	238	290	79	372.19
-1.570796	1.510910	-0.740472	79	254	276	372.16
-2.356194	0.733948	3.021411	223	279	42	372.15
-1.832596	2.153910	-1.714959	236	47	24	372.14
-2.094395	0.685216	-1.712745	276	27	101	372.13
1.308997	2.984978	1.954446	26	16	0	372.09
1.570796	2.299159	2.264663	253	283	85	372.06
1.047198	2.760637	2.781135	267	252	288	372.04
-2.356194	1.218453	2.777284	222	35	50	372.02
2.617994	2.478122	2.609777	5	262	77	372.02
2.879793	2.478122	2.609777	56	279	291	371.99
-0.785398	1.134497	-1.109631	292	18	16	371.98
0.785398	1.977582	0.969896	257	50	87	371.96
0.000000	0.203748	0.590255	292	7	64	371.92
2.094395	1.875281	0.107086	225	20	68	371.89
-0.523599	0.992645	-1.723759	264	284	91	371.88
2.094395	2.379497	0.561089	17	288	39	371.86
1.570796	0.571433	-1.188419	287	255	26	371.85
2.356194	2.881233	-2.582574	30	240	24	371.79
-0.261799	2.704512	1.488683	259	265	45	371.76
2.356194	2.001437	0.381215	237	7	82	371.72
-1.570796	0.831641	0.616218	225	43	56	371.70
0.785398	2.356369	3.005869	227	31	68	371.69
2.094395	1.662363	0.915448	234	0	75	371.65
0.523599	2.379497	0.561089	288	40	84	371.61
-2.617994	1.325504	-1.671296	265	56	63	371.57
-2.879793	1.662363	0.915448	292	257	75	371.53
1.047198	2.108018	1.311430	252	26	90	371.48
-2.879793	1.872854	1.543456	55	254	17	371.46
-1.570796	2.407836	1.410646	292	23	92	371.45
1.047198	2.719179	-1.780644	238	51	71	371.41
-1.570796	0.674054	1.013609	224	32	61	371.41
-3.141593	2.115563	0.685730	269	282	92	371.32
0.523599	0.850607	-1.335383	44	253	12	371.29
2.617994	0.899350	-2.069907	61	293	8	371.24
-3.141593	0.960688	-0.577532	13	56	70	371.20
2.094395	2.719179	-1.780644	30	39	292	371.15
-1.570796	1.448123	-2.163292	231	6	72	371.03
2.356194	1.135834	-1.431087	26	40	88	370.97
2.094395	2.115563	0.685730	285	42	38	370.93
-2.094395	1.135834	-1.431087	15	14	21	370.84
2.879793	0.640596	-2.797608	261	45	90	370.79
-2.094395	0.685216	-1.712745	277	10	229	370.77
2.879793	2.724429	-0.348782	251	265	278	370.73
-2.879793	0.914445	2.687814	240	58	64	370.72
2.356194	2.881233	-2.582574	57	9	236	370.71
-1.570796	2.153910	-1.714959	219	21	30	370.69
2.356194	2.247462	0.191623	241	20	87	370.68
1.570796	2.001437	0.381215	240	41	78	370.66
1.308997	1.194549	-0.801900	285	29	20	370.65
-2.617994	0.850607	-1.335383	39	265	239	370.50
-1.832596	2.588535	-2.976617	40	36	71	370.46
2.356194	2.089241	-0.114193	228	12	72	370.45
-1.570796	2.404280	-0.174044	55	263	282	370.42
1.832596	1.812176	0.656819	68	289	267	370.33
1.308997	0.458961	-0.107937	10	274	85	370.18
1.308997	1.766067	2.153843	214	261	28	370.14
0.785398	1.870545	-2.976234	56	3	27	370.13
1.832596	1.812176	0.656819	233	23	79	370.12
-1.308997	1.135834	-1.431087	242	17	85	370.08
1.570796	2.073035	2.027405	249	291	81	370.07
2.094395	1.977582	0.969896	269	25	62	370.02
-0.785398	1.214854	-1.966664	279	31	17	369.96
2.879793	2.724429	-0.348782	247	261	0	369.94
2.879793	2.115563	0.685730	260	284	92	369.90
-2.879793	2.760637	2.781135	12	13	66	369.76
1.308997	2.984978	1.954446	54	286	249	369.74
-1.570796	1.658653	-2.409879	215	265	17	369.72
1.308997	1.014500	0.906702	222	47	34	369.72
0.261799	0.615174	-0.666022	262	287	91	369.58
-1.047198	1.545873	-1.877082	286	33	18	369.56
-0.261799	2.407836	1.410646	280	36	101	369.56
-1.832596	1.413347	-1.339188	68	253	256	369.27
1.308997	2.478122	2.609777	56	291	271	369.23
2.879793	1.374601	-2.456031	278	78	70	369.19
-2.356194	1.325504	-1.671296	53	246	248	369.15
-1.570796	2.379497	0.561089	53	265	18	369.14
-1.308997	1.413347	-1.339188	222	270	7	368.99
-1.570796	1.014500	0.906702	219	32	41	368.95
-2.879793	1.310100	1.488307	9	36	290	368.94
2.094395	2.587733	0.232235	259	31	79	368.89
-3.141593	0.571433	-1.188419	10	28	98	368.88
-2.094395	0.864993	2.278281	224	23	59	368.81
0.785398	1.569311	-3.003978	230	32	21	368.79
-2.356194	0.899350	-2.069907	260	33	95	368.73
1.570796	2.478122	2.609777	263	290	74	368.69
-1.570796	1.606104	-0.451151	226	51	41	368.68
2.617994	0.615174	-0.666022	77	285	39	368.65
-0.785398	1.545873	-1.877082	10	261	283	368.60
1.047198	2.407836	1.410646	64	280	262	368.59
1.832596	2.356369	3.005869	247	268	68	368.59
1.047198	2.174483	2.653697	224	8	65	368.50
-2.879793	0.850607	-1.335383	35	266	238	368.44
-2.094395	2.404280	-0.174044	270	71	285	368.42
2.879793	0.615174	-0.666022	12	289	53	368.39
2.094395	2.704512	1.488683	291	10	87	368.35
0.523599	2.033014	2.977192	223	47	50	368.35
-1.832596	2.404280	-0.174044	257	49	288	368.27
2.617994	2.587733	0.232235	255	25	95	368.26
1.047198	2.579248	-2.364801	226	37	66	368.25
1.047198	0.906588	1.252948	71	264	13	368.24
-2.356194	0.910508	1.903534	231	44	53	368.23
1.570796	2.984978	1.954446	264	37	267	368.15
-2.617994	1.662363	0.915448	18	6	267	368.08
-2.879793	2.587733	0.232235	245	253	38	367.97
1.832596	2.478122	2.609777	271	285	74	367.94
-2.617994	0.992645	-1.723759	271	48	94	367.82
-2.879793	2.379497	0.561089	26	272	4	367.78
1.047198	2.637879	2.121598	260	289	90	367.77
1.570796	2.637879	2.121598	275	283	96	367.63
1.308997	1.113094	-0.272241	31	267	63	367.57
-2.356194	0.864993	2.278281	221	40	53	367.50
-2.879793	0.864993	2.278281	249	60	62	367.42
-2.356194	2.863997	0.549740	248	271	61	367.40
-2.094395	1.325504	-1.671296	17	284	284	367.35
1.570796	1.488617	1.159546	224	18	66	367.34
0.261799	2.863997	0.549740	13	9	94	367.24
2.356194	2.001437	0.381215	8	22	291	367.23
-3.141593	0.290380	-0.796960	19	19	96	367.20
-1.047198	0.899350	-2.069907	21	9	270	367.08
-1.570796	2.404280	-0.174044	25	277	84	367.05
-1.047198	0.674054	1.013609	226	1	61	366.99
0.785398	0.615174	-0.666022	59	270	282	366.89
0.523599	2.984978	1.954446	39	261	15	366.70
2.617994	2.138223	1.678323	44	4	283	366.70
0.261799	2.579248	-2.364801	258	49	54	366.62
-1.570796	2.407836	1.410646	53	290	45	366.55
-1.047198	1.732874	-0.951685	219	7	47	366.52
-2.617994	0.591903	2.010408	245	39	67	366.52
2.879793	1.872854	1.543456	48	32	231	366.40
-2.094395	0.866955	-0.931351	267	54	86	366.37
2.094395	2.719179	-1.780644	19	28	3	366.36
-1.832596	1.413347	-1.339188	232	44	67	366.35
2.094395	1.374601	-2.456031	22	63	69	366.33
0.523599	1.766067	2.153843	231	49	65	366.26
0.261799	2.393226	1.857173	256	30	96	366.25
2.356194	0.866395	-2.492918	285	53	87	366.14
2.356194	1.977582	0.969896	277	33	49	366.10
0.261799	2.704512	1.488683	56	269	261	366.07
1.832596	2.108018	1.311430	74	287	223	366.07
2.094395	1.662363	0.915448	241	9	68	365.96
0.261799	0.458961	-0.107937	3	5	51	365.92
2.617994	2.881233	-2.582574	28	254	34	365.75
1.308997	2.108018	1.311430	250	19	91	365.70
-2.617994	2.587733	0.232235	22	255	43	365.66
-1.308997	1.696674	-1.253233	5	22	18	365.66
0.523599	2.579248	-2.364801	243	64	66	365.63
-1.308997	1.545873	-1.877082	240	26	5	365.34
-2.617994	0.850607	-1.335383	285	47	96	365.32
-2.356194	2.863997	0.549740	249	272	62	365.30
2.356194	0.850607	-1.335383	68	291	2	365.29
1.832596	0.850607	-1.335383	69	278	4	365.26
1.570796	1.504028	0.636812	226	39	62	365.23
-2.879793	0.864993	2.278281	250	61	62	365.23
-2.356194	1.214854	-1.966664	249	47	85	365.12
-2.617994	1.310100	1.488307	27	288	287	365.04
-1.570796	1.510910	-0.740472	226	45	54	365.02
-1.308997	1.184361	0.625864	30	16	39	364.97
2.094395	2.001437	0.381215	22	16	289	364.90
2.356194	0.203748	0.590255	24	32	85	364.83
0.785398	2.592629	0.909713	54	283	243	364.72
-1.832596	0.591903	2.010408	280	19	59	364.71
2.879793	1.325504	-1.671296	6	67	81	364.69
2.879793	0.615174	-0.666022	12	290	53	364.60
1.832596	0.571433	-1.188419	64	275	11	364.59
-1.570796	1.325504	-1.671296	234	18	76	364.53
1.047198	2.174483	2.653697	224	7	64	364.45
2.356194	1.872854	1.543456	250	234	47	364.42
-0.523599	1.214854	-1.966664	264	270	82	364.39
2.356194	2.404280	-0.174044	237	21	83	364.32
-0.261799	1.128190	-2.288622	280	269	76	364.27
-1.570796	1.545873	-1.877082	224	12	66	364.21
1.308997	1.014500	0.906702	218	42	28	364.05
-2.094395	0.379747	-1.713059	0	17	101	364.01
1.570796	1.504028	0.636812	71	280	280	363.94
-2.356194	1.662363	0.915448	267	10	42	363.94
-2.094395	0.379747	-1.713059	293	18	101	363.83
1.308997	2.478122	2.609777	245	289	83	363.72
-2.617994	1.134796	2.434290	68	257	285	363.66
-1.832596	2.404280	-0.174044	262	38	292	363.65
-2.094395	1.545873	-1.877082	233	45	69	363.64
-1.308997	0.992645	-1.723759	252	9	91	363.64
1.047198	1.195355	1.200319	70	262	293	363.62
2.094395	0.850607	-1.335383	66	286	286	363.61
0.261799	2.863997	0.549740	13	8	93	363.60
2.094395	2.138223	1.678323	266	282	92	363.52
1.308997	1.440580	2.260026	218	3	43	363.44
2.094395	1.809167	1.213774	18	25	11	363.36
1.308997	1.440580	2.260026	217	4	43	363.34
1.570796	2.108018	1.311430	251	10	89	363.26
1.308997	1.506530	1.988858	219	7	54	363.24
2.356194	2.108018	1.311430	44	2	284	363.17
-2.879793	1.809167	1.213774	7	267	84	363.14
0.785398	1.872854	1.543456	241	39	83	363.11
0.261799	1.699788	2.452890	226	29	15	363.11
-1.832596	2.153910	-1.714959	28	262	293	363.11
-1.832596	2.588535	-2.976617	23	33	64	363.08
1.308997	2.108018	1.311430	253	23	95	363.01
-1.308997	0.203748	0.590255	245	32	87	362.97
1.047198	0.906588	1.252948	64	272	13	362.84
-2.617994	1.310100	1.488307	257	285	12	362.81
2.879793	0.866395	-2.492918	268	50	88	362.72
-1.832596	2.863997	0.549740	255	260	62	362.61
1.308997	2.984978	1.954446	293	282	96	362.58
-2.617994	1.325504	-1.671296	263	62	81	362.55
1.047198	2.984978	1.954446	49	263	19	362.43
-1.570796	0.831641	0.616218	224	37	55	362.34
-1.308997	1.413347	-1.339188	228	16	72	362.29
2.617994	2.393226	1.857173	49	289	288	362.20
-1.047198	0.992645	-1.723759	253	2	89	362.20
-1.308997	0.685216	-1.712745	21	286	12	362.19
0.785398	2.592629	0.909713	291	27	103	362.14
1.570796	1.872854	1.543456	239	7	84	362.11
1.832596	1.599406	1.426070	229	285	67	362.08
-2.617994	0.910508	1.903534	244	49	55	362.04
2.094395	1.662363	0.915448	283	38	45	362.02
0.261799	0.866955	-0.931351	268	279	90	361.94
-2.094395	1.545873	-1.877082	234	45	69	361.92
1.047198	1.113094	-0.272241	268	56	19	361.92
0.523599	2.393226	1.857173	252	20	91	361.75
-2.356194	2.295480	1.008277	50	265	45	361.73
1.308997	2.041297	-2.664597	31	14	29	361.58
-1.832596	1.617114	-1.572037	75	257	262	361.55
1.832596	2.295480	1.008277	251	272	40	361.36
-3.141593	2.379497	0.561089	263	290	92	361.30
-2.094395	2.247462	0.191623	50	248	13	361.05
0.261799	1.736875	3.023612	238	20	2	360.99
1.047198	0.906588	1.252948	277	31	46	360.97
1.308997	1.301460	-0.509251	33	268	61	360.97
1.047198	1.741644	-2.695914	53	12	44	360.74
-1.570796	0.700570	1.559208	52	37	12	360.58
-1.832596	2.724429	-0.348782	280	36	214	360.58
1.308997	0.615174	-0.666022	64	264	6	360.55
-1.047198	0.992645	-1.723759	12	272	26	360.48
2.356194	0.203748	0.590255	18	32	82	360.48
2.879793	2.295480	1.008277	275	1	100	360.39
-1.308997	0.418037	1.360082	230	2	71	360.14
-1.832596	0.418037	1.360082	233	34	75	360.04
-2.879793	1.872854	1.543456	30	291	283	360.02
-1.832596	2.404280	-0.174044	55	254	4	360.00
0.523599	2.704512	1.488683	58	274	250	359.96
2.094395	0.850607	-1.335383	70	283	3	359.89
2.356194	0.379747	-1.713059	279	11	101	359.85
-1.570796	1.014500	0.906702	19	11	39	359.82
0.523599	1.736875	3.023612	221	50	28	359.81
-3.141593	2.299159	2.264663	59	269	12	359.77
1.047198	1.869911	2.701025	218	14	52	359.76
-2.356194	0.850607	-1.335383	275	42	92	359.63
0.785398	0.640596	-2.797608	9	11	82	359.58
1.570796	2.984978	1.954446	54	288	252	359.54
-2.617994	0.992645	-1.723759	271	46	94	359.50
1.832596	0.379747	-1.713059	284	263	5	359.38
1.570796	1.872854	1.543456	236	2	80	359.30
-1.570796	0.906588	1.252948	21	17	39	359.29
-2.094395	1.325504	-1.671296	14	288	286	359.20
-0.785398	0.709924	0.218797	224	5	67	359.14
-0.523599	0.458961	-0.107937	243	14	85	358.88
-2.356194	0.914445	2.687814	227	32	65	358.82
1.570796	1.184361	0.625864	220	39	42	358.75
0.785398	0.290380	-0.796960	10	262	55	358.29
1.047198	1.809167	1.213774	242	41	84	358.18
1.832596	1.872854	1.543456	252	3	78	358.13
-1.832596	2.247462	0.191623	259	62	282	357.99
-2.879793	1.872854	1.543456	23	10	269	357.89
-1.570796	2.379497	0.561089	28	272	252	357.67
-2.094395	2.863997	0.549740	264	2	88	357.62
2.356194	2.404280	-0.174044	238	23	83	357.58
-3.141593	1.872854	1.543456	33	293	283	357.51
1.308997	1.301460	-0.509251	31	265	57	357.50
1.570796	2.299159	2.264663	252	281	85	357.45
1.832596	2.407836	1.410646	58	4	252	357.36
2.879793	1.872854	1.543456	40	283	293	357.33
-0.785398	1.545873	-1.877082	285	34	18	357.32
1.832596	2.407836	1.410646	273	3	96	357.25
-0.785398	1.325504	-1.671296	48	14	259	357.25
2.879793	2.108018	1.311430	35	2	281	357.24
1.832596	1.872854	1.543456	244	289	84	357.17
-2.617994	2.587733	0.232235	27	257	25	357.05
1.570796	1.488617	1.159546	223	20	66	357.03
-1.308997	1.135834	-1.431087	67	275	245	357.02
-1.832596	0.992645	-1.723759	252	25	91	356.81
-1.308997	0.418037	1.360082	230	3	73	356.79
2.356194	2.247462	0.191623	242	19	87	356.78
-2.879793	2.592629	0.909713	32	278	35	356.65
0.261799	2.704512	1.488683	274	6	96	356.46
-1.308997	1.696674	-1.253233	218	16	54	356.44
0.261799	1.736875	3.023612	285	28	1	356.36
1.047198	1.247695	1.809890	219	32	44	356.15
-0.785398	1.135834	-1.431087	249	291	87	355.84
1.570796	2.001437	0.381215	243	45	83	355.73
0.523599	2.033014	2.977192	227	51	53	355.45
1.570796	2.295480	1.008277	266	27	100	355.43
0.785398	2.108018	1.311430	276	271	2	355.42
1.832596	2.138223	1.678323	256	283	89	355.41
-1.047198	2.637879	2.121598	267	42	44	355.26
2.617994	1.812176	0.656819	269	25	45	355.23
-0.785398	1.135834	-1.431087	252	1	88	355.19
1.832596	2.001437	0.381215	238	33	83	355.19
1.308997	1.506530	1.988858	220	10	54	355.11
1.570796	1.367556	0.358405	221	42	45	354.96
1.308997	2.174483	2.653697	17	16	31	354.90
0.523599	1.440580	2.260026	258	30	48	354.85
-1.570796	1.448123	-2.163292	251	32	49	354.83
2.356194	2.979456	-1.009304	23	271	285	354.77
2.356194	0.850607	-1.335383	11	27	79	354.63
0.261799	2.379497	0.561089	1	37	84	354.60
-1.570796	1.128190	-2.288622	51	13	253	354.60
1.570796	2.299159	2.264663	257	286	83	354.58
2.879793	1.872854	1.543456	284	7	63	354.53
-0.785398	1.128190	-2.288622	19	251	17	354.41
-3.141593	1.872854	1.543456	276	261	27	354.13
-1.570796	1.325504	-1.671296	287	283	28	354.03
-0.261799	0.899350	-2.069907	284	282	93	354.00
2.094395	0.571433	-1.188419	65	281	6	353.99
1.047198	1.948085	-2.363031	219	43	24	353.88
-2.617994	0.850607	-1.335383	285	48	96	353.77
2.094395	0.571433	-1.188419	63	286	289	353.76
-1.308997	1.184361	0.625864	19	12	40	353.73
-0.261799	0.203748	0.590255	1	12	56	353.68
0.523599	0.571433	-1.188419	51	274	260	353.63
-1.832596	0.674054	1.013609	228	41	61	353.58
2.356194	0.685216	-1.712745	293	25	101	353.41
1.570796	2.592629	0.909713	53	293	254	353.34
-1.832596	1.617114	-1.572037	73	263	266	353.27
1.308997	1.824694	1.850876	231	9	76	353.27
-2.094395	2.592629	0.909713	29	276	243	353.22
-0.523599	1.135813	-2.658866	12	9	282	353.19
-0.523599	1.135813	-2.658866	11	9	282	353.14
-1.832596	2.247462	0.191623	62	248	29	353.01
0.785398	2.108018	1.311430	262	32	78	352.98
-1.570796	1.448123	-2.163292	281	266	19	352.74
2.617994	2.295480	1.008277	272	7	100	352.47
1.047198	2.393226	1.857173	244	265	59	352.43
1.047198	1.195355	1.200319	42	272	22	352.38
-1.570796	1.732874	-0.951685	220	40	43	352.29
-2.094395	2.592629	0.909713	33	284	236	351.92
-2.617994	2.592629	0.909713	254	273	261	351.72
-1.308997	1.448123	-2.163292	273	271	29	351.64
0.785398	2.299159	2.264663	237	18	85	351.23
1.832596	2.138223	1.678323	271	13	74	351.21
-2.094395	0.992645	-1.723759	282	259	240	351.14
1.047198	1.948085	-2.363031	235	33	30	351.06
-1.570796	1.617114	-1.572037	221	23	62	351.02
2.094395	1.875281	0.107086	226	24	69	350.94
0.261799	2.984978	1.954446	21	38	249	350.92
-0.523599	1.135813	-2.658866	15	13	280	350.90
1.308997	0.615174	-0.666022	62	249	26	350.84
-2.617994	0.685216	-1.712745	42	10	4	350.67
-1.832596	0.700570	1.559208	223	30	59	350.66
-1.570796	1.545873	-1.877082	228	16	69	350.65
-3.141593	2.724429	-0.348782	293	30	291	350.63
-3.141593	1.872854	1.543456	37	288	290	350.61
2.356194	1.683268	0.374177	239	10	58	350.59
2.356194	2.979456	-1.009304	243	21	89	350.57
-1.047198	0.866395	-2.492918	47	6	239	350.47
1.047198	2.295480	1.008277	266	31	96	350.22
-1.047198	0.203748	0.590255	243	22	87	350.15
-1.047198	0.203748	0.590255	245	13	81	349.94
2.356194	1.683268	0.374177	228	0	67	349.87
-3.141593	0.080730	-2.622036	256	293	89	349.74
-2.094395	2.863997	0.549740	264	9	99	349.58
2.879793	0.960688	-0.577532	22	48	69	349.47
0.785398	1.870545	-2.976234	79	256	291	349.41
-1.047198	1.128190	-2.288622	13	257	20	349.34
-3.141593	2.379497	0.561089	265	1	98	349.31
2.879793	0.290380	-0.796960	17	12	95	349.21
1.047198	0.290380	-0.796960	15	257	55	349.16
-1.570796	0.674054	1.013609	214	11	52	348.99
-0.785398	0.418037	1.360082	244	272	71	348.91
-1.308997	1.184361	0.625864	20	13	40	348.83
-2.617994	1.134796	2.434290	241	48	54	348.77
2.617994	2.724429	-0.348782	228	270	36	348.66
-1.308997	0.685216	-1.712745	46	279	237	348.62
2.356194	0.615174	-0.666022	57	5	286	348.20
2.617994	0.866395	-2.492918	291	35	69	348.08
1.308997	0.290380	-0.796960	277	289	96	348.04
2.356194	0.615174	-0.666022	28	12	91	347.79
-0.785398	0.203748	0.590255	241	8	84	347.76
-1.047198	1.128190	-2.288622	245	256	42	347.76
0.261799	2.379497	0.561089	2	36	84	347.70
2.879793	2.587733	0.232235	240	272	58	347.62
1.832596	2.760637	2.781135	19	261	38	347.51
0.261799	1.413430	2.550734	253	48	40	347.25
-1.832596	1.214854	-1.966664	11	261	232	347.25
0.261799	1.699788	2.452890	231	63	48	347.20
-2.617994	0.864993	2.278281	239	49	62	347.13
1.308997	2.637879	2.121598	252	245	45	347.09
-2.617994	2.592629	0.909713	266	272	66	347.02
1.308997	0.615174	-0.666022	293	276	87	346.95
2.094395	2.881233	-2.582574	13	26	7	346.88
1.047198	1.766067	2.153843	82	271	273	346.77
-2.617994	2.587733	0.232235	36	22	239	346.72
1.308997	2.637879	2.121598	63	278	263	346.71
-1.832596	1.014500	0.906702	226	44	42	346.54
-1.832596	1.448123	-2.163292	254	41	49	346.33
-0.785398	0.203748	0.590255	244	11	87	346.21
0.000000	2.984978	1.954446	59	3	214	346.21
0.261799	2.379497	0.561089	3	37	89	346.01
-1.570796	0.906588	1.252948	218	21	46	345.97
0.523599	2.407836	1.410646	270	26	101	345.87
0.261799	1.736875	3.023612	262	15	39	345.86
-1.047198	1.617114	-1.572037	253	19	33	345.71
-3.141593	2.115563	0.685730	288	52	1	345.70
1.047198	1.247695	1.809890	215	29	41	345.64
-2.356194	0.591903	2.010408	233	44	69	345.38
-1.570796	1.732874	-0.951685	220	41	45	345.26
-1.570796	0.674054	1.013609	224	31	61	344.85
-1.047198	1.214854	-1.966664	252	284	86	344.78
-1.570796	1.696674	-1.253233	87	258	271	344.77
-2.879793	0.914445	2.687814	0	14	38	344.58
-2.094395	0.591903	2.010408	27	277	20	344.54
-1.570796	2.153910	-1.714959	95	272	292	343.97
2.356194	2.295480	1.008277	254	266	63	343.94
-2.094395	0.992645	-1.723759	23	9	12	343.89
1.570796	0.571433	-1.188419	289	293	95	343.80
-2.094395	1.214854	-1.966664	231	292	48	343.80
0.523599	2.033014	2.977192	226	51	53	343.75
2.094395	1.135834	-1.431087	30	30	88	343.71
-1.047198	1.325504	-1.671296	239	288	78	343.50
-0.261799	0.899350	-2.069907	275	248	58	343.49
0.523599	2.984978	1.954446	269	284	95	343.33
-2.094395	1.025536	1.576859	78	264	292	343.16
2.094395	2.881233	-2.582574	63	5	237	343.15
1.047198	2.299159	2.264663	238	3	80	343.13
2.094395	1.875281	0.107086	226	23	69	342.90
0.785398	2.041297	-2.664597	223	49	36	342.90
1.047198	2.478122	2.609777	239	7	83	342.54
1.047198	1.247695	1.809890	215	28	39	342.47
0.785398	2.407836	1.410646	269	22	101	341.91
0.523599	1.440580	2.260026	223	52	40	341.68
-0.523599	0.762244	-0.273349	226	248	25	341.66
-0.785398	1.128190	-2.288622	15	9	276	341.62
-0.261799	0.203748	0.590255	254	287	87	341.60
-1.047198	2.863997	0.549740	35	8	213	341.55
-1.832596	0.910508	1.903534	219	16	49	341.50
1.047198	1.809167	1.213774	238	39	80	341.26
-2.879793	1.218453	2.777284	293	19	38	341.08
1.047198	1.741644	-2.695914	17	292	42	340.96
-2.356194	1.214854	-1.966664	253	51	82	340.94
2.094395	2.138223	1.678323	4	31	47	340.75
2.356194	0.685216	-1.712745	62	289	285	340.43
-0.785398	1.325504	-1.671296	247	277	79	340.33
2.879793	2.108018	1.311430	37	254	32	340.11
1.832596	2.115563	0.685730	290	42	38	340.09
-2.617994	1.599406	1.426070	18	273	68	340.09
-2.617994	1.599406	1.426070	8	282	61	339.80
-1.832596	1.325504	-1.671296	236	31	78	339.78
1.047198	2.478122	2.609777	237	0	76	339.63
0.000000	1.128190	-2.288622	28	260	282	339.55
-1.570796	1.510910	-0.740472	228	39	41	339.42
1.308997	2.637879	2.121598	27	16	260	339.37
-1.832596	1.448123	-2.163292	230	21	72	339.35
-2.879793	2.592629	0.909713	28	282	3	339.30
-1.308997	1.214854	-1.966664	276	10	12	338.85
-2.879793	0.850607	-1.335383	266	10	257	338.63
-1.308997	1.214854	-1.966664	246	1	86	338.56
-2.617994	1.555207	1.708892	262	31	42	338.52
2.094395	2.295480	1.008277	67	283	219	338.37
-1.047198	1.214854	-1.966664	252	285	86	338.27
1.832596	0.379747	-1.713059	50	283	230	338.27
-2.879793	0.571433	-1.188419	29	276	234	338.12
2.617994	2.001437	0.381215	243	292	82	337.99
1.570796	1.809167	1.213774	23	266	241	337.85
-1.832596	1.545873	-1.877082	55	279	270	337.74
0.785398	2.407836	1.410646	63	275	264	337.67
-2.879793	2.379497	0.561089	27	269	5	337.64
0.785398	1.736875	3.023612	215	33	28	337.44
1.047198	2.760637	2.781135	247	1	88	337.37
-2.094395	0.591903	2.010408	229	28	70	336.93
1.047198	0.615174	-0.666022	35	32	223	336.13
1.308997	2.356369	3.005869	15	12	26	336.13
1.047198	2.299159	2.264663	81	286	228	336.09
1.047198	1.741644	-2.695914	258	26	19	335.99
1.308997	2.299159	2.264663	279	283	46	335.93
-2.094395	0.700570	1.559208	227	46	59	335.69
1.308997	2.138223	1.678323	284	281	53	335.68
-1.570796	0.591903	2.010408	227	291	65	335.31
1.308997	2.478122	2.609777	22	22	16	335.20
-2.094395	1.214854	-1.966664	256	47	74	334.95
2.356194	0.379747	-1.713059	280	14	101	334.89
-2.617994	0.571433	-1.188419	43	12	15	334.51
-2.356194	1.168678	2.108595	251	34	52	334.44
-2.879793	0.571433	-1.188419	280	286	39	334.39
-3.141593	2.115563	0.685730	269	283	92	334.11
1.832596	2.719179	-1.780644	228	11	73	333.88
-1.570796	1.756530	-2.105156	218	4	51	333.45
-1.570796	1.214854	-1.966664	292	273	31	333.44
1.047198	2.407836	1.410646	62	280	223	332.87
1.047198	2.407836	1.410646	64	282	251	332.66
0.785398	2.299159	2.264663	236	16	81	332.48
1.832596	1.977582	0.969896	289	287	266	332.15
1.047198	1.948085	-2.363031	219	41	25	331.69
-1.047198	0.992645	-1.723759	13	275	5	331.42
1.047198	0.615174	-0.666022	284	274	87	331.04
1.308997	2.299159	2.264663	58	292	275	331.00
1.308997	2.760637	2.781135	251	281	86	330.80
0.523599	2.637879	2.121598	252	11	95	330.48
1.832596	1.662363	0.915448	31	19	2	330.38
0.000000	1.128190	-2.288622	30	12	236	330.33
1.308997	2.299159	2.264663	245	291	86	330.09
-1.308997	1.617114	-1.572037	222	7	63	329.59
1.308997	1.948085	-2.363031	55	18	38	329.40
1.047198	2.478122	2.609777	55	284	271	329.31
-2.094395	0.700570	1.559208	228	35	57	328.78
0.785398	2.637879	2.121598	58	268	270	328.76
1.308997	2.760637	2.781135	66	284	242	328.59
0.785398	2.299159	2.264663	240	23	85	328.17
-1.832596	1.756530	-2.105156	76	277	273	327.42
0.261799	2.704512	1.488683	273	6	97	326.94
-1.570796	1.904882	-1.478089	216	25	42	325.32
-1.832596	1.325504	-1.671296	239	36	81	324.63
0.261799	2.984978	1.954446	262	287	90	324.06
2.094395	1.135834	-1.431087	73	288	289	323.70
1.832596	0.571433	-1.188419	23	11	210	322.87
1.832596	1.809167	1.213774	239	4	84	322.86
0.523599	1.440580	2.260026	227	52	43	322.12
-2.356194	1.168678	2.108595	235	39	46	322.11
2.617994	2.001437	0.381215	230	253	46	321.90
1.832596	1.977582	0.969896	235	269	31	321.11
1.832596	2.760637	2.781135	3	8	49	320.86
2.356194	2.295480	1.008277	40	0	284	320.64
-1.832596	1.545873	-1.877082	75	270	261	320.48
1.832596	1.809167	1.213774	239	3	84	319.78
-1.832596	1.756530	-2.105156	205	275	9	319.70
-2.094395	1.025536	1.576859	224	37	41	319.11
-1.832596	0.910508	1.903534	239	19	56	317.74
2.094395	2.089241	-0.114193	229	27	73	317.59
0.785398	1.736875	3.023612	214	35	32	317.42
1.570796	1.555207	1.708892	226	293	64	317.28
0.261799	2.984978	1.954446	262	288	95	316.06
-1.570796	1.904882	-1.478089	92	264	279	315.25
-1.570796	1.904882	-1.478089	221	30	46	313.99
1.308997	2.760637	2.781135	236	242	41	312.87
-1.832596	1.756530	-2.105156	80	275	272	311.48
-1.308997	1.325504	-1.671296	239	11	81	311.41
1.570796	1.014500	0.906702	217	30	34	311.18
-2.617994	0.864993	2.278281	240	49	62	310.59
-1.832596	1.846342	-1.796954	78	269	277	308.93
-2.094395	0.591903	2.010408	225	26	66	308.15
-2.356194	0.591903	2.010408	222	9	32	306.13
-2.094395	1.134796	2.434290	225	27	51	304.42
-1.832596	1.846342	-1.796954	220	30	49	301.63
1.832596	1.554776	0.100351	219	34	51	301.11
-1.570796	1.846342	-1.796954	221	18	51	300.11
-1.570796	1.846342	-1.796954	215	15	48	297.32
